scheme,scheme_id,note,run,n_names,mean_ret,median_ret,mean_sharpe,mean_mdd,mean_vs_qqq,pct_positive,pct_beat_qqq,mean_trades,mean_exposure,basket_eq_ret
S01_baseline,1,baseline,0,30,0.08205453022361331,0.024948580985765356,0.5196792701141026,-0.09440645174953227,-0.061998649840075984,0.5333333333333333,0.3333333333333333,2.8333333333333335,0.20387815880523802,0.08205453022361331
S01_baseline,1,baseline,1,30,0.049243059617411045,0.034268235798231905,0.4165599031166728,-0.10305352625259215,-0.09481012044627828,0.5666666666666667,0.2,2.533333333333333,0.19819121447028423,0.049243059617411045
S01_baseline,1,baseline,2,30,0.10919918231073542,0.033363163800715134,0.5793057275417227,-0.10133233316701286,-0.03485399775295388,0.6666666666666666,0.36666666666666664,2.533333333333333,0.22428940568475453,0.10919918231073542
S01_baseline,1,baseline,3,30,0.20069469126215278,0.07107600703607919,0.9899921322040321,-0.09776694762699738,0.05664151119846351,0.7,0.3333333333333333,2.566666666666667,0.20645994832041342,0.20069469126215278
S01_baseline,1,baseline,4,30,0.08295337480690419,0.0350354335294738,0.5204694058104931,-0.10155414585307242,-0.06109980525678507,0.6333333333333333,0.26666666666666666,2.6333333333333333,0.20206718346253233,0.08295337480690419
S01_baseline,1,baseline,5,30,0.04626834122462031,0.008071273934331269,0.2573317346623719,-0.11307926745281488,-0.09778483883906897,0.5666666666666667,0.23333333333333334,2.8,0.22428940568475456,0.04626834122462031
S01_baseline,1,baseline,6,30,0.03729605388025027,0.014318190568533007,0.19943399023822547,-0.11764090256861919,-0.10675712618343901,0.6,0.2,2.4,0.24703061358559977,0.03729605388025027
S01_baseline,1,baseline,7,30,0.08209198637912957,0.058212003550297875,0.7301380516968236,-0.11335461990264645,-0.061961193684559705,0.7666666666666667,0.3,2.7666666666666666,0.24005386939955328,0.08209198637912957
S01_baseline,1,baseline,8,30,0.049312370114634484,0.008071273934331269,0.41585245183391356,-0.11088451221179023,-0.09474080994905479,0.5666666666666667,0.2,2.566666666666667,0.20155038759689922,0.049312370114634484
S01_baseline,1,baseline,9,30,0.08050882276825409,0.00852022786452522,0.39564764450382744,-0.11158430768656864,-0.06354435729543519,0.5,0.23333333333333334,2.566666666666667,0.22713178294573647,0.08050882276825409
S01_baseline,1,baseline,10,30,0.09664927355509062,0.0381252441944544,0.38307366585938685,-0.10852191239515388,-0.04740390650859865,0.5333333333333333,0.3333333333333333,3.0,0.22790697674418603,0.09664927355509062
S01_baseline,1,baseline,11,30,0.12167813211641208,0.0,0.15834361455196194,-0.1113145426639735,-0.0223750479472772,0.43333333333333335,0.2,2.8,0.1878552971576227,0.12167813211641208
S01_baseline,1,baseline,12,30,0.10547333991426373,0.039064593831714234,0.5426698209205181,-0.10376744178290881,-0.038579840149425546,0.6333333333333333,0.26666666666666666,2.533333333333333,0.2178294573643411,0.10547333991426373
S01_baseline,1,baseline,13,30,0.06882646393984843,0.03159226650280833,0.3454314264871659,-0.1270177663012828,-0.07522671612384085,0.6333333333333333,0.23333333333333334,2.933333333333333,0.27209302325581397,0.06882646393984843
S01_baseline,1,baseline,14,30,0.07145432336185804,0.025038894812295487,0.4484767564432147,-0.11669484884636946,-0.07259885670183126,0.6,0.26666666666666666,2.966666666666667,0.19198966408268736,0.07145432336185804
S01_baseline,1,baseline,15,30,0.12146667675793796,0.012867208191172264,0.7066228239448807,-0.094485775966915,-0.02258650330575133,0.5666666666666667,0.3333333333333333,2.1333333333333333,0.21886304909560725,0.12146667675793796
S01_baseline,1,baseline,16,30,0.06299443155174042,0.02550608237788088,0.312899453472604,-0.12303097278302591,-0.08105874851194886,0.6,0.2,2.8333333333333335,0.20775193798449612,0.06299443155174042
S01_baseline,1,baseline,17,30,0.06756619434550813,0.024948580985765356,0.42214452957436666,-0.12201616360651202,-0.07648698571818115,0.5666666666666667,0.26666666666666666,2.966666666666667,0.22429159549774452,0.06756619434550813
S01_baseline,1,baseline,18,30,0.08810541058859776,0.0119374135924184,0.5723947975871106,-0.08476089367785809,-0.055947769475091516,0.5666666666666667,0.26666666666666666,2.3333333333333335,0.17855516138921737,0.08810541058859776
S01_baseline,1,baseline,19,30,0.11016195703505435,0.052026375415986315,0.6555014864439854,-0.09415397962203026,-0.033891223028634926,0.7,0.3,2.8333333333333335,0.19405903735820962,0.11016195703505435
S01_baseline,1,baseline,20,30,0.11410089246622203,0.0477110825414262,0.7886979638074915,-0.103789207385207,-0.029952287597467264,0.7,0.36666666666666664,2.566666666666667,0.24522182805588405,0.11410089246622203
S01_baseline,1,baseline,21,30,0.2375159748857793,0.1149527576426993,1.180930595723995,-0.08806355469410145,0.09346279482209,0.6666666666666666,0.4666666666666667,2.3666666666666667,0.19534883720930235,0.2375159748857793
S01_baseline,1,baseline,22,30,0.11999432857143918,0.08239558826706939,0.7550713496706809,-0.10262680644055665,-0.024058851492250108,0.6666666666666666,0.3,2.7333333333333334,0.20775193798449615,0.11999432857143918
S01_baseline,1,baseline,23,30,0.11283094772607562,0.019913975549956664,0.34126251817455344,-0.11629352652483999,-0.031222232337613672,0.5,0.26666666666666666,3.033333333333333,0.20904392764857885,0.11283094772607562
S01_baseline,1,baseline,24,30,0.20831890419473392,0.09679689080442289,0.9047152696521064,-0.1103423844687299,0.0642657241310446,0.6666666666666666,0.3333333333333333,2.7,0.20026058774580652,0.20831890419473392
S01_baseline,1,baseline,25,30,0.1313352121557874,0.0884627031830878,0.703958279895352,-0.09203047234928961,-0.012717967907901898,0.6666666666666666,0.3333333333333333,2.8333333333333335,0.2271339727587264,0.1313352121557874
S01_baseline,1,baseline,26,30,0.10829118503588901,0.006139450888410614,0.372763247136624,-0.11410745964629233,-0.03576199502780026,0.5,0.26666666666666666,2.6666666666666665,0.2062015503875969,0.10829118503588901
S01_baseline,1,baseline,27,30,0.14246263964995462,0.06735481520728204,0.9392085164454057,-0.10178024125802976,-0.0015905404137346534,0.7333333333333333,0.4,2.6666666666666665,0.2062015503875969,0.14246263964995462
S01_baseline,1,baseline,28,30,0.13555838579132287,0.019204862428545466,0.5387617098130539,-0.0982253298840842,-0.008494794272366412,0.5666666666666667,0.23333333333333334,2.6,0.21628125958043184,0.13555838579132287
S01_baseline,1,baseline,29,30,0.11621983336310614,0.006117062883835955,0.4872450122052397,-0.11820701724533732,-0.02783334670058316,0.5333333333333333,0.2,2.533333333333333,0.2149870801033592,0.11621983336310614
S01_baseline,1,baseline,30,30,0.12709939946053506,0.04996722332331682,0.7949791760537679,-0.081335922111802,-0.016953780603154237,0.7,0.3,2.2,0.19819340428327423,0.12709939946053506
S01_baseline,1,baseline,31,30,0.10032612476848331,0.021836456693625883,0.5756040350795693,-0.10065297621784382,-0.04372705529520597,0.5666666666666667,0.3,2.3666666666666667,0.1974160206718346,0.10032612476848331
S01_baseline,1,baseline,32,30,0.07452462858737616,0.03159226650280833,0.4598767795522829,-0.09951760639325921,-0.06952855147631312,0.5666666666666667,0.3,2.466666666666667,0.24108527131782945,0.07452462858737616
S01_baseline,1,baseline,33,30,0.12071447371297633,0.046562140636563054,0.7265677136609714,-0.09439033932939059,-0.02333870635071297,0.6333333333333333,0.36666666666666664,2.466666666666667,0.19819340428327423,0.12071447371297633
S01_baseline,1,baseline,34,30,0.07669717106011227,0.020493711136685855,0.4874210962380154,-0.09849567589311739,-0.067356009003577,0.5666666666666667,0.26666666666666666,2.8,0.22144702842377265,0.07669717106011227
S01_baseline,1,baseline,35,30,0.02888066874083681,0.0119374135924184,0.2724135335692413,-0.11024182154871644,-0.11517251132285249,0.5666666666666667,0.16666666666666666,2.2,0.23152673761660758,0.02888066874083681
S01_baseline,1,baseline,36,30,0.08010471099586475,0.04996722332331682,0.5376544281071747,-0.11865132175435493,-0.06394846906782453,0.7,0.26666666666666666,2.533333333333333,0.24160206718346253,0.08010471099586475
S01_baseline,1,baseline,37,30,0.18362252780479474,0.04509865754062292,0.8741138162469828,-0.08505779211105856,0.03956934774110543,0.6333333333333333,0.3333333333333333,2.2,0.22299741602067188,0.18362252780479474
S01_baseline,1,baseline,38,30,0.15847053536842856,0.04358435796424809,0.6587073075592993,-0.11483038259431598,0.01441735530473928,0.6666666666666666,0.36666666666666664,2.7,0.24005167958656332,0.15847053536842856
S01_baseline,1,baseline,39,30,0.17968405310087315,0.0423341038538847,0.6144644673633098,-0.1162074031844825,0.035630873037183895,0.5666666666666667,0.3,2.8,0.22790697674418608,0.17968405310087315
S01_baseline,1,baseline,40,30,0.06243166726243838,0.019672049994130858,0.3671090175817786,-0.09683452215525641,-0.08162151280125092,0.6,0.23333333333333334,2.7666666666666666,0.21912363684141375,0.06243166726243838
S01_baseline,1,baseline,41,30,0.13468093943945206,0.08239558826706939,0.7896078475397399,-0.11216421051721553,-0.00937224062423722,0.7333333333333333,0.4,2.7333333333333334,0.2149870801033592,0.13468093943945206
S01_baseline,1,baseline,42,30,0.11319341776133943,0.0,0.3047465572838595,-0.11115687695556468,-0.030859762302349866,0.4666666666666667,0.2,2.9,0.22015503875968986,0.11319341776133943
S01_baseline,1,baseline,43,30,0.055310562633354765,0.042860572677130726,0.4422633477062321,-0.10779975869596736,-0.08874261743033451,0.6,0.2,2.566666666666667,0.23927867560110366,0.055310562633354765
S01_baseline,1,baseline,44,30,0.08400288359078928,0.042860572677130726,0.5446884563967829,-0.09132805243367673,-0.06005029647290001,0.5666666666666667,0.3,2.2,0.18372093023255814,0.08400288359078928
S01_baseline,1,baseline,45,30,0.16546717052299753,0.019204862428545466,0.6730525914222214,-0.07121393680174179,0.021413990459308217,0.6333333333333333,0.23333333333333334,2.066666666666667,0.18036394691893312,0.16546717052299753
S01_baseline,1,baseline,46,30,0.08097053308955635,0.04711226891918541,0.5260145063421462,-0.12092237806107477,-0.06308264697413295,0.6666666666666666,0.3333333333333333,3.0,0.2170542635658915,0.08097053308955635
S01_baseline,1,baseline,47,30,0.10260749700683393,0.003724293607684226,0.2579744991942376,-0.11178554331950744,-0.041445683056855386,0.5,0.16666666666666666,2.9,0.20672053606622,0.10260749700683393
S01_baseline,1,baseline,48,30,0.10322351474639371,0.04685386798641855,0.571254157066414,-0.12781162820262126,-0.04082966531729557,0.6,0.3,3.4,0.23669250645994833,0.10322351474639371
S01_baseline,1,baseline,49,30,0.08821363878156298,0.026053426438367278,0.5538534467561682,-0.1305171462117666,-0.05583954128212633,0.6,0.3,2.6666666666666665,0.22661498708010336,0.08821363878156298
S01_baseline,1,baseline,50,30,0.1884133195735086,0.07616914325776236,0.816220646377426,-0.10200252453761124,0.04436013950981932,0.7333333333333333,0.43333333333333335,2.7666666666666666,0.21007970919283497,0.1884133195735086
S01_baseline,1,baseline,51,30,0.06483250874402616,0.025038894812295487,0.4829149151035827,-0.09732835770229518,-0.07922067131966314,0.5333333333333333,0.23333333333333334,2.3,0.15219638242894057,0.06483250874402616
S01_baseline,1,baseline,52,30,0.08927428219800557,0.03377826386780736,0.4195361476477073,-0.11588731105202577,-0.054778897865683684,0.5,0.3333333333333333,2.6666666666666665,0.22093023255813957,0.08927428219800557
S01_baseline,1,baseline,53,30,0.07673159545951223,0.048559880485686824,0.5942706946100332,-0.08667226277354617,-0.06732158460417703,0.6666666666666666,0.23333333333333334,2.4,0.2025861691411554,0.07673159545951223
S01_baseline,1,baseline,54,30,0.07217908647517685,0.019672049994130858,0.33761130815181734,-0.10328383684824108,-0.07187409358851245,0.5666666666666667,0.2,2.933333333333333,0.2036175710594315,0.07217908647517685
S01_baseline,1,baseline,55,30,0.11966621681417473,0.048317351082358684,0.7118613963646484,-0.07362022108522927,-0.02438696324951455,0.6,0.4,2.0,0.17131782945736437,0.11966621681417473
S01_baseline,1,baseline,56,30,0.048391785166294526,0.028434203414481884,0.40711563196617157,-0.10340126078288735,-0.09566139489739475,0.6,0.2,2.7666666666666666,0.2041365567380546,0.048391785166294526
S01_baseline,1,baseline,57,30,0.17073868161604724,0.04911000876830918,0.7123455997905698,-0.08193829830756684,0.02668550155235798,0.6333333333333333,0.43333333333333335,2.566666666666667,0.20155038759689925,0.17073868161604724
S01_baseline,1,baseline,58,30,0.04034414707605795,0.034268235798231905,0.19234205099698182,-0.1075989565334472,-0.10370903298763134,0.5666666666666667,0.2,2.966666666666667,0.18217054263565893,0.04034414707605795
S01_baseline,1,baseline,59,30,0.11875596879390334,0.09651011980987112,0.8143552869257086,-0.11089797163591712,-0.025297211269785933,0.7666666666666667,0.4,2.7,0.21007751937984492,0.11875596879390334
S01_baseline,1,baseline,60,30,0.1919920894147973,0.04459024463577532,0.7782393777054059,-0.08837499186992807,0.04793890935110803,0.6,0.36666666666666664,2.966666666666667,0.19638461875355842,0.1919920894147973
S01_baseline,1,baseline,61,30,0.10045406297630403,0.08817593218853603,0.6966247925768335,-0.10963410575685942,-0.043599117087385245,0.6666666666666666,0.26666666666666666,2.2666666666666666,0.2108527131782946,0.10045406297630403
S01_baseline,1,baseline,62,30,0.03406820303043825,0.007568045261196699,0.23881584692579677,-0.11586312085274326,-0.10998497703325104,0.5333333333333333,0.2,2.6,0.2085293215959357,0.03406820303043825
S01_baseline,1,baseline,63,30,0.058078501906191765,0.02550608237788088,0.3852061883278459,-0.0817066603320212,-0.08597467815749751,0.5666666666666667,0.16666666666666666,2.3333333333333335,0.17777777777777776,0.058078501906191765
S01_baseline,1,baseline,64,30,0.19703773368132307,0.04509865754062292,0.8517626245097778,-0.07061778688442856,0.05298455361763378,0.6666666666666666,0.36666666666666664,2.033333333333333,0.17390180878552977,0.19703773368132307
S01_baseline,1,baseline,65,30,0.05009629970832059,0.019204862428545466,0.3403216053148667,-0.09761778243958623,-0.0939568803553687,0.6333333333333333,0.23333333333333334,2.5,0.22015503875968992,0.05009629970832059
S01_baseline,1,baseline,66,30,0.07419763316574664,0.03059861011397691,0.432065594598195,-0.1162596486223571,-0.06985554689794264,0.5666666666666667,0.3,2.7666666666666666,0.22222222222222224,0.07419763316574664
S01_baseline,1,baseline,67,30,0.10437421423597322,0.04379758694982483,0.5530667720976578,-0.09711583096601982,-0.03967896582771609,0.6,0.3,2.466666666666667,0.21860465116279068,0.10437421423597322
S01_baseline,1,baseline,68,30,0.05681520469293939,0.030302440411363207,0.41454462778248263,-0.0931329684305661,-0.08723797537074988,0.6333333333333333,0.2,2.2666666666666666,0.19767441860465118,0.05681520469293939
S01_baseline,1,baseline,69,30,0.12594236829490296,0.019204862428545466,0.5465582037253074,-0.12738210437878364,-0.018110811768786327,0.6333333333333333,0.2,2.966666666666667,0.2374698900713879,0.12594236829490296
S01_baseline,1,baseline,70,30,0.07336604450845034,0.046562140636563054,0.6111192653018912,-0.11115878640240616,-0.07068713555523895,0.6333333333333333,0.3,2.566666666666667,0.2080103359173127,0.07336604450845034
S01_baseline,1,baseline,71,30,0.11661248942900053,0.04487418405569321,0.7225363722464769,-0.1030003267262811,-0.02744069063468876,0.7,0.3,2.8,0.22713397275872646,0.11661248942900053
S01_baseline,1,baseline,72,30,0.14804639548758558,0.010684634564020246,0.5854831181838307,-0.07573956785539894,0.003993215423896246,0.5,0.26666666666666666,2.3333333333333335,0.18552971576227387,0.14804639548758558
S01_baseline,1,baseline,73,30,0.1013667295772897,0.03112507893722294,0.5503922767779135,-0.1151473480462745,-0.04268645048639957,0.6333333333333333,0.3333333333333333,3.1,0.24573643410852714,0.1013667295772897
S01_baseline,1,baseline,74,30,0.129226152276991,0.003724293607684226,0.3788119270942277,-0.11306929711994114,-0.0148270277866983,0.5,0.23333333333333334,2.8,0.2198966408268734,0.129226152276991
S01_baseline,1,baseline,75,30,0.08699663251493037,0.051783846012658175,0.6494940550406706,-0.10255181261983756,-0.05705654754875889,0.6666666666666666,0.3,2.533333333333333,0.20594315245478037,0.08699663251493037
S01_baseline,1,baseline,76,30,0.0568211628875623,0.0,0.20883530548718046,-0.10295645680498534,-0.08723201717612697,0.43333333333333335,0.16666666666666666,2.966666666666667,0.18552971576227392,0.0568211628875623
S01_baseline,1,baseline,77,30,0.0974188209375292,0.04972469391998868,0.5849667921391954,-0.09986934430765419,-0.0466343591261601,0.6333333333333333,0.36666666666666664,3.0,0.23436692506459947,0.0974188209375292
S01_baseline,1,baseline,78,30,0.16923517916615663,0.03959106265496026,0.8016146832601242,-0.09009950750296931,0.025181999102467316,0.6666666666666666,0.36666666666666664,2.7666666666666666,0.20620374020058688,0.16923517916615663
S01_baseline,1,baseline,79,30,0.13233798624992066,0.018701240574922284,0.5643373151043113,-0.08814177708225188,-0.011715193813768657,0.5666666666666667,0.2,2.066666666666667,0.1749354005167959,0.13233798624992066
S01_baseline,1,baseline,80,30,0.12671162121566845,0.07313515912874868,0.8124744713299364,-0.10925246350711734,-0.017341558848020803,0.6666666666666666,0.36666666666666664,3.2,0.20439276485788113,0.12671162121566845
S01_baseline,1,baseline,81,30,0.1161417279868675,0.0423341038538847,0.6815990231259929,-0.09619062231171567,-0.02791145207682178,0.6,0.3333333333333333,2.6,0.20000218981298995,0.1161417279868675
S01_baseline,1,baseline,82,30,0.16203264874659287,0.07046132188439969,0.6641298691092844,-0.08860402070436373,0.017979468682903618,0.6666666666666666,0.3,2.533333333333333,0.224031007751938,0.16203264874659287
S01_baseline,1,baseline,83,30,0.10134995650847621,0.06875035302982768,0.5477045658969638,-0.09819608351418888,-0.042703223555213075,0.6,0.36666666666666664,2.8666666666666667,0.1757105943152455,0.10134995650847621
S01_baseline,1,baseline,84,30,0.03352545786422548,0.0017700825571889123,0.223140691372764,-0.12883686569485742,-0.11052772219946379,0.5,0.2,2.466666666666667,0.1770025839793282,0.03352545786422548
S01_baseline,1,baseline,85,30,0.15225388033777004,0.01729127301801625,0.6169741484538036,-0.1067425706461405,0.008200700274080763,0.5666666666666667,0.3,2.1,0.1919896640826873,0.15225388033777004
S01_baseline,1,baseline,86,30,0.11098106382997948,0.03159226650280833,0.5548795395584117,-0.1071637184822516,-0.03307211623370978,0.6666666666666666,0.3333333333333333,2.3333333333333335,0.24961459291376514,0.11098106382997948
S01_baseline,1,baseline,87,30,0.027622166379886695,0.010486431215057657,0.2495470365123688,-0.09348218803256839,-0.11643101368380257,0.5666666666666667,0.1,2.3333333333333335,0.17881136950904394,0.027622166379886695
S01_baseline,1,baseline,88,30,0.12158478595143833,0.08239558826706939,0.8076802519178679,-0.11239929588391143,-0.022468394112250923,0.6666666666666666,0.36666666666666664,2.3666666666666667,0.19638242894056848,0.12158478595143833
S01_baseline,1,baseline,89,30,0.09523238159974087,0.03959106265496026,0.7420475037367742,-0.09588783487530078,-0.04882079846394839,0.6666666666666666,0.23333333333333334,2.466666666666667,0.20439276485788113,0.09523238159974087
S01_baseline,1,baseline,90,30,0.05306988932784067,0.01682408545243086,0.536697592612981,-0.09580636227755769,-0.09098329073584863,0.6333333333333333,0.2,2.466666666666667,0.22196601410239566,0.05306988932784067
S01_baseline,1,baseline,91,30,0.049541016728321764,0.006139450888410614,0.3462286281897184,-0.08024238151222937,-0.09451216333536751,0.5,0.16666666666666666,2.1,0.18139534883720934,0.049541016728321764
S01_baseline,1,baseline,92,30,0.14587406692015528,0.014659678752935834,0.647776675716137,-0.08286044912379371,0.0018208868564660086,0.6,0.3,2.066666666666667,0.2511649805106644,0.14587406692015528
S01_baseline,1,baseline,93,30,0.09857061760096636,0.014876115737289863,0.4517014387168352,-0.10895022487116762,-0.04548256246272291,0.5333333333333333,0.26666666666666666,2.566666666666667,0.22067183462532297,0.09857061760096636
S01_baseline,1,baseline,94,30,0.22691014001181684,0.12994537312933085,0.9720030111497742,-0.10423348714220393,0.08285695994812753,0.6666666666666666,0.5,2.466666666666667,0.22739018087855303,0.22691014001181684
S01_baseline,1,baseline,95,30,0.08151773222675682,0.04509865754062292,0.4636669347374799,-0.1181218796807863,-0.06253544783693248,0.6,0.23333333333333334,2.3666666666666667,0.21653746770025842,0.08151773222675682
S01_baseline,1,baseline,96,30,0.10493099200232718,0.009522256311692012,0.43624431233575794,-0.08096924794653755,-0.03912218806136211,0.5333333333333333,0.3,3.033333333333333,0.17416239653133625,0.10493099200232718
S01_baseline,1,baseline,97,30,0.10746804164682623,0.07378297274492174,0.7878225992941942,-0.10460338092195112,-0.03658513841686304,0.7,0.3333333333333333,2.8333333333333335,0.24883720930232556,0.10746804164682623
S01_baseline,1,baseline,98,30,0.07782889584083037,0.0,0.3944342392025231,-0.09517529449616921,-0.0662242842228589,0.43333333333333335,0.23333333333333334,2.8666666666666667,0.15994832041343673,0.07782889584083037
S01_baseline,1,baseline,99,30,0.1833159898317388,0.0477110825414262,0.9119056764568839,-0.0723057342880317,0.03926280976804954,0.7333333333333333,0.3,1.7666666666666666,0.20155038759689922,0.1833159898317388
S02_faster_ma,2,faster_ma,0,30,0.07384347834146268,-0.0021049488234755054,-0.03798189050105385,-0.12197339532508732,-0.0702097017222266,0.4666666666666667,0.16666666666666666,4.633333333333334,0.23835895414531602,0.07384347834146268
S02_faster_ma,2,faster_ma,1,30,-0.040949061873748666,-0.055689167326800126,-0.4525663597106969,-0.15210428283268188,-0.18500224193743794,0.3,0.06666666666666667,4.733333333333333,0.20413436692506465,-0.040949061873748666
S02_faster_ma,2,faster_ma,2,30,0.016071112664721908,-0.005227765837637011,-0.05251156681122491,-0.11745346489436749,-0.12798206739896736,0.4,0.13333333333333333,4.433333333333334,0.18552971576227392,0.016071112664721908
S02_faster_ma,2,faster_ma,3,30,0.018524597937377922,-0.0021049488234755054,-0.06365984491951128,-0.11656987266588863,-0.12552858212631135,0.43333333333333335,0.16666666666666666,4.666666666666667,0.19443130556650465,0.018524597937377922
S02_faster_ma,2,faster_ma,4,30,-0.024582146135363286,-0.06184290415081034,-0.4337897707100139,-0.13662974996957686,-0.16863532619905258,0.3333333333333333,0.1,4.666666666666667,0.1868217054263566,-0.024582146135363286
S02_faster_ma,2,faster_ma,5,30,0.036468305246762256,-0.002261053292557935,0.08174504661679924,-0.11292036766743543,-0.10758487481692702,0.4666666666666667,0.16666666666666666,4.933333333333334,0.21071037533394646,0.036468305246762256
S02_faster_ma,2,faster_ma,6,30,0.0456142775618954,-0.059372043692010656,-0.3068372079065835,-0.1510928433584186,-0.09843890250179387,0.3333333333333333,0.16666666666666666,4.9,0.1984496124031008,0.0456142775618954
S02_faster_ma,2,faster_ma,7,30,-0.012158392313703758,-0.018468718007912777,-0.16223322136928983,-0.13639127404028073,-0.15621157237739305,0.36666666666666664,0.13333333333333333,4.2,0.18926334691017394,-0.012158392313703758
S02_faster_ma,2,faster_ma,8,30,0.05026349797798871,0.00715463007817041,0.2936419692153776,-0.11926521928322761,-0.09378968208570057,0.5333333333333333,0.2,4.866666666666666,0.19572329523058732,0.05026349797798871
S02_faster_ma,2,faster_ma,9,30,-0.035667861480169205,-0.025572867851306358,-0.39950103248141955,-0.13945501157618928,-0.17972104154385846,0.36666666666666664,0.06666666666666667,4.5,0.19250645994832044,-0.035667861480169205
S02_faster_ma,2,faster_ma,10,30,-0.013298190837102175,-0.055689167326800126,-0.2543867553424973,-0.12357776150270244,-0.15735137090079146,0.3333333333333333,0.13333333333333333,4.3,0.17970262339596194,-0.013298190837102175
S02_faster_ma,2,faster_ma,11,30,0.08636876282235142,-0.006915702475174201,0.021910680306087626,-0.11645660242838164,-0.057684417241337875,0.43333333333333335,0.13333333333333333,4.2,0.19844961240310077,0.08636876282235142
S02_faster_ma,2,faster_ma,12,30,0.0013494359369231675,-0.004366002116033441,-0.16667226375541638,-0.1302051240315415,-0.14270374412676612,0.4666666666666667,0.06666666666666667,5.1,0.2276485788113695,0.0013494359369231675
S02_faster_ma,2,faster_ma,13,30,0.013002888553683272,-0.03620700591032511,-0.13434326812039257,-0.12251206611044914,-0.131050291510006,0.4,0.16666666666666666,4.4,0.17416020671834626,0.013002888553683272
S02_faster_ma,2,faster_ma,14,30,0.021583639075072412,0.0020130911680477093,0.10938471879902968,-0.1011273385630546,-0.12246954098861688,0.5,0.13333333333333333,3.8666666666666667,0.1900385407086235,0.021583639075072412
S02_faster_ma,2,faster_ma,15,30,0.0954281448415125,-0.002261053292557935,0.1280843688416196,-0.1308415384478521,-0.04862503522217673,0.43333333333333335,0.16666666666666666,4.733333333333333,0.21162790697674422,0.0954281448415125
S02_faster_ma,2,faster_ma,16,30,0.012879528207971417,-0.006733868888717798,-0.27117839310042763,-0.11798829046865097,-0.1311736518557179,0.43333333333333335,0.13333333333333333,4.566666666666666,0.19405684754521965,0.012879528207971417
S02_faster_ma,2,faster_ma,17,30,0.06277268252553952,-0.055689167326800126,-0.2781817024145383,-0.14071390440788142,-0.08128049753814974,0.4,0.16666666666666666,5.2,0.2201550387596899,0.06277268252553952
S02_faster_ma,2,faster_ma,18,30,0.10880782224726833,-0.002261053292557935,0.10592925420605075,-0.10558421922409102,-0.03524535781642094,0.4666666666666667,0.26666666666666666,4.3,0.2056847545219639,0.10880782224726833
S02_faster_ma,2,faster_ma,19,30,0.0017468334539876877,-0.03767637514010702,-0.42510848636484083,-0.11522249610177952,-0.14230634660970157,0.4,0.13333333333333333,4.133333333333334,0.16537467700258401,0.0017468334539876877
S02_faster_ma,2,faster_ma,20,30,0.04566518744372466,0.010795034054504327,-0.032315481544235185,-0.12375592191372221,-0.09838799261996461,0.5,0.23333333333333334,4.833333333333333,0.20697674418604653,0.04566518744372466
S02_faster_ma,2,faster_ma,21,30,0.03571797967419301,0.00715463007817041,-0.004890675151637924,-0.10431807959333214,-0.10833520038949626,0.5333333333333333,0.16666666666666666,4.233333333333333,0.15943152454780363,0.03571797967419301
S02_faster_ma,2,faster_ma,22,30,0.13545146991258203,0.0129733281271871,0.4205060139729084,-0.10813198865441068,-0.008601710151107242,0.5666666666666667,0.26666666666666666,4.0,0.18914728682170548,0.13545146991258203
S02_faster_ma,2,faster_ma,23,30,0.012783307087435736,-0.025572867851306358,-0.3600031075078862,-0.11131283544320433,-0.13126987297625353,0.4,0.2,4.366666666666666,0.17881136950904394,0.012783307087435736
S02_faster_ma,2,faster_ma,24,30,0.06954166211331657,-0.007346739308682182,0.07485683802247381,-0.11050605512918578,-0.07451151795037272,0.43333333333333335,0.1,3.533333333333333,0.17881136950904394,0.06954166211331657
S02_faster_ma,2,faster_ma,25,30,0.06807199365038166,0.019484179647396904,0.193253520447668,-0.1136314152816172,-0.0759811864133076,0.5333333333333333,0.26666666666666666,4.5,0.18501291989664087,0.06807199365038166
S02_faster_ma,2,faster_ma,26,30,0.03401879727113861,-0.00207457638488201,0.11324805459492898,-0.12387798335259624,-0.11003438279255065,0.5,0.23333333333333334,4.933333333333334,0.20864319187141417,0.03401879727113861
S02_faster_ma,2,faster_ma,27,30,0.03317134993930481,-0.003948989930095126,-0.16255866399652108,-0.12173354677812485,-0.11088183012438443,0.43333333333333335,0.2,4.666666666666667,0.19779047869311964,0.03317134993930481
S02_faster_ma,2,faster_ma,28,30,0.08428831026509814,-0.013254662989727772,-0.1053572486223245,-0.12078878899608875,-0.05976486979859115,0.4,0.23333333333333334,4.433333333333334,0.18708010335917316,0.08428831026509814
S02_faster_ma,2,faster_ma,29,30,0.06859210989946972,3.0372438593495588e-05,0.11529795624251667,-0.129334067542959,-0.07546107016421957,0.5,0.3333333333333333,4.633333333333334,0.19133053037270617,0.06859210989946972
S02_faster_ma,2,faster_ma,30,30,-0.009504772940215385,-0.03764604615249284,-0.2644990497148694,-0.1382819509972821,-0.1535579530039047,0.4,0.13333333333333333,5.166666666666667,0.2238886699075899,-0.009504772940215385
S02_faster_ma,2,faster_ma,31,30,0.009616222622608842,-0.0029667125450790754,-0.041770349726445985,-0.12617639706796677,-0.13443695744108045,0.43333333333333335,0.13333333333333333,4.366666666666666,0.18708010335917313,0.009616222622608842
S02_faster_ma,2,faster_ma,32,30,0.001878897788431803,-0.006210043222653061,-0.2319746384111912,-0.11559479711282802,-0.14217428227525752,0.43333333333333335,0.1,4.4,0.1917312661498708,0.001878897788431803
S02_faster_ma,2,faster_ma,33,30,-0.026676332113234467,-0.03764604615249284,-0.4018610803208771,-0.1523794776542574,-0.17072951217692375,0.3,0.1,4.8,0.22776463889983797,-0.026676332113234467
S02_faster_ma,2,faster_ma,34,30,0.09939912100321631,-0.003397749378587056,0.10855911979224961,-0.09432964630858008,-0.04465405906047297,0.4666666666666667,0.16666666666666666,3.8666666666666667,0.19095607235142123,0.09939912100321631
S02_faster_ma,2,faster_ma,35,30,0.12100140452032386,0.0023346928186249727,0.4139552360111881,-0.11355049294385706,-0.023051775543365422,0.5333333333333333,0.2,4.433333333333334,0.2032168352822669,0.12100140452032386
S02_faster_ma,2,faster_ma,36,30,-0.01133221285331922,-0.03123114943526678,-0.3353284356485629,-0.11569209366454293,-0.1553853929170085,0.4,0.1,4.466666666666667,0.18176980685849425,-0.01133221285331922
S02_faster_ma,2,faster_ma,37,30,0.022085089547645497,0.0,-0.057153802335297425,-0.09727370905270213,-0.1219680905160438,0.4666666666666667,0.13333333333333333,3.933333333333333,0.1795865633074935,0.022085089547645497
S02_faster_ma,2,faster_ma,38,30,0.04842848070289238,0.02071014436350105,0.22109318412785875,-0.13146656692839492,-0.09562469936079689,0.5333333333333333,0.16666666666666666,4.6,0.2116279069767442,0.04842848070289238
S02_faster_ma,2,faster_ma,39,30,0.048824810602925366,-0.007346739308682182,0.07911412321913436,-0.11697347187781151,-0.0952283694607639,0.43333333333333335,0.23333333333333334,4.966666666666667,0.19250645994832052,0.048824810602925366
S02_faster_ma,2,faster_ma,40,30,0.03278457519228786,-0.002261053292557935,0.08839602220974996,-0.13037359165788467,-0.11126860487140143,0.43333333333333335,0.2,4.633333333333334,0.1767441860465116,0.03278457519228786
S02_faster_ma,2,faster_ma,41,30,0.11415463951898784,-0.003397749378587056,0.058090937812747094,-0.11070642618962447,-0.029898540544701438,0.4666666666666667,0.26666666666666666,4.4,0.2116279069767442,0.11415463951898784
S02_faster_ma,2,faster_ma,42,30,0.057501374547998564,-0.002261053292557935,0.20431949319216877,-0.10956527256887745,-0.0865518055156907,0.4666666666666667,0.23333333333333334,4.6,0.21937984496124027,0.057501374547998564
S02_faster_ma,2,faster_ma,43,30,0.014808072391581576,-0.007346739308682182,-0.10743634590980426,-0.10220539090882585,-0.1292451076721077,0.43333333333333335,0.13333333333333333,4.233333333333333,0.18708010335917316,0.014808072391581576
S02_faster_ma,2,faster_ma,44,30,0.005549583456614034,0.0020130911680477093,0.053789559277616236,-0.1398712809253568,-0.13850359660707526,0.5,0.16666666666666666,4.5,0.19081373450707315,0.005549583456614034
S02_faster_ma,2,faster_ma,45,30,0.09529628459701792,-0.008577909995337418,0.09531131214194222,-0.12417418767738185,-0.04875689546667137,0.43333333333333335,0.2,4.633333333333334,0.21343669250645994,0.09529628459701792
S02_faster_ma,2,faster_ma,46,30,0.03135005118095183,-0.0021049488234755054,0.033850960675351274,-0.12236588024137983,-0.11270312888273745,0.43333333333333335,0.16666666666666666,4.733333333333333,0.22879823063110413,0.03135005118095183
S02_faster_ma,2,faster_ma,47,30,0.04528325447697608,3.0372438593495588e-05,0.16462808880362942,-0.1327614709645259,-0.09876992558671317,0.5,0.23333333333333334,4.433333333333334,0.21550387596899231,0.04528325447697608
S02_faster_ma,2,faster_ma,48,30,0.09584518009867717,-0.01919577454950433,-0.00028112616032749393,-0.12338338907149532,-0.048207999965012086,0.43333333333333335,0.2,5.033333333333333,0.23422458722025138,0.09584518009867717
S02_faster_ma,2,faster_ma,49,30,0.024399313597683606,-0.04331115575371869,-0.17452431525633688,-0.12056268763406404,-0.11965386646600568,0.4,0.16666666666666666,4.766666666666667,0.20129198966408268,0.024399313597683606
S02_faster_ma,2,faster_ma,50,30,-0.00041911700807478747,-0.007346739308682182,-0.26206750424166486,-0.1111231608362915,-0.14447229707176404,0.3333333333333333,0.1,4.2,0.17312661498708012,-0.00041911700807478747
S02_faster_ma,2,faster_ma,51,30,0.035992732476835064,-0.017978542390562513,0.04270615800178154,-0.11499616461995044,-0.10806044758685421,0.43333333333333335,0.2,4.766666666666667,0.20476722287916616,0.035992732476835064
S02_faster_ma,2,faster_ma,52,30,0.06437087978906857,0.02579629130863581,0.2779229436764055,-0.11290693597710581,-0.07968230027462071,0.5666666666666667,0.23333333333333334,4.666666666666667,0.21277755879647875,0.06437087978906857
S02_faster_ma,2,faster_ma,53,30,0.00022878513743994632,-0.011592455469564555,-0.10484081999152985,-0.12500022589400236,-0.14382439492624932,0.43333333333333335,0.1,5.033333333333333,0.2232558139534884,0.00022878513743994632
S02_faster_ma,2,faster_ma,54,30,0.06367834548840064,0.0027453608746634273,0.20974072288910367,-0.13812943810978864,-0.08037483457528864,0.5,0.26666666666666666,4.866666666666666,0.21989664082687346,0.06367834548840064
S02_faster_ma,2,faster_ma,55,30,0.09940539336971993,0.02071014436350105,0.5164694883153825,-0.11064887159709347,-0.04464778669396938,0.6333333333333333,0.3,4.433333333333334,0.20025839793281655,0.09940539336971993
S02_faster_ma,2,faster_ma,56,30,0.06236330048378893,0.01072399140368041,0.08921648688651893,-0.11223018187812227,-0.08168987957990034,0.5333333333333333,0.26666666666666666,4.266666666666667,0.19948320413436696,0.06236330048378893
S02_faster_ma,2,faster_ma,57,30,0.044475550102016995,0.002043463606641205,0.2808342652687161,-0.09572709361253394,-0.09957762996167228,0.5333333333333333,0.16666666666666666,4.066666666666666,0.21949590504970876,0.044475550102016995
S02_faster_ma,2,faster_ma,58,30,0.036593179981552246,-0.012574732854580606,0.04490580704039736,-0.12562248024802375,-0.10746000008213702,0.4666666666666667,0.2,5.033333333333333,0.2272478430342049,0.036593179981552246
S02_faster_ma,2,faster_ma,59,30,0.032651471543473747,-0.0021049488234755054,0.025178950384872504,-0.12523969605417917,-0.11140170852021553,0.4666666666666667,0.16666666666666666,4.6,0.1832041343669251,0.032651471543473747
S02_faster_ma,2,faster_ma,60,30,0.017079846245162286,-0.0029667125450790754,-0.16705444005575806,-0.12334186299098039,-0.126973333818527,0.43333333333333335,0.16666666666666666,4.633333333333334,0.18397932816537468,0.017079846245162286
S02_faster_ma,2,faster_ma,61,30,0.04689862774564508,0.004850309698138933,0.18722469152778626,-0.1216591943190515,-0.09715455231804422,0.5,0.23333333333333334,4.6,0.21214470284237733,0.04689862774564508
S02_faster_ma,2,faster_ma,62,30,0.0979662136874596,0.0020130911680477093,0.1845513321788297,-0.11019631048275687,-0.04608696637622967,0.5,0.16666666666666666,3.966666666666667,0.20631761047606537,0.0979662136874596
S02_faster_ma,2,faster_ma,63,30,0.11501694620379303,0.01072399140368041,0.18287090936423453,-0.1378320948619016,-0.02903623385989627,0.5333333333333333,0.23333333333333334,4.933333333333334,0.22299741602067186,0.11501694620379303
S02_faster_ma,2,faster_ma,64,30,0.1173825088004765,0.0129733281271871,0.2668551139553929,-0.10527910256919179,-0.02667067126321276,0.5666666666666667,0.2,3.6,0.1834625322997416,0.1173825088004765
S02_faster_ma,2,faster_ma,65,30,-0.027767997290451193,-0.0572361134390047,-0.17854599096196566,-0.13743581581479639,-0.17182117735414051,0.4,0.06666666666666667,5.1,0.23293259755616874,-0.027767997290451193
S02_faster_ma,2,faster_ma,66,30,0.12662127340115611,0.030994023336728294,0.24595078586070246,-0.11585180055876011,-0.01743190666253317,0.5333333333333333,0.26666666666666666,4.833333333333333,0.196640826873385,0.12662127340115611
S02_faster_ma,2,faster_ma,67,30,0.017364378532926536,-0.003397749378587056,-0.05124361918094948,-0.12704224324669441,-0.12668880153076276,0.4666666666666667,0.13333333333333333,4.533333333333333,0.19856567249156926,0.017364378532926536
S02_faster_ma,2,faster_ma,68,30,0.07667522840912727,-0.02753411387587751,0.01050108488366681,-0.13548374667088156,-0.06737795165456201,0.4,0.16666666666666666,4.866666666666666,0.23499978101870103,0.07667522840912727
S02_faster_ma,2,faster_ma,69,30,0.007591143599938122,-0.024563756046691698,-0.1608238348088481,-0.12884027918321025,-0.13646203646375113,0.43333333333333335,0.13333333333333333,4.8,0.19649848902903694,0.007591143599938122
S02_faster_ma,2,faster_ma,70,30,-0.005274143988184277,-0.03153025291593475,-0.22795523105601542,-0.15207824952980148,-0.14932732405187357,0.4,0.13333333333333333,4.766666666666667,0.22739018087855298,-0.005274143988184277
S02_faster_ma,2,faster_ma,71,30,0.08413302980033267,-0.005227765837637011,0.15408072088229652,-0.10698397797335722,-0.0599201502633566,0.4,0.13333333333333333,4.266666666666667,0.19959926422283536,0.08413302980033267
S02_faster_ma,2,faster_ma,72,30,0.07845483441796057,-0.0021049488234755054,0.02449270494165819,-0.1267357798828212,-0.06559834564572872,0.43333333333333335,0.2,4.833333333333333,0.23462532299741598,0.07845483441796057
S02_faster_ma,2,faster_ma,73,30,0.005413530349831771,-0.02115702057407548,-0.12084557956224568,-0.11528986923650203,-0.1386396497138575,0.36666666666666664,0.13333333333333333,4.5,0.200374458021285,0.005413530349831771
S02_faster_ma,2,faster_ma,74,30,-0.005772855067518142,-0.0063644619236661315,-0.11030324206189066,-0.1389661954808762,-0.1498260351312074,0.4,0.13333333333333333,4.4,0.19804887662593618,-0.005772855067518142
S02_faster_ma,2,faster_ma,75,30,0.08464480831354163,-0.005071661368554581,-0.09986170499689892,-0.12579738110111569,-0.059408371750147675,0.43333333333333335,0.16666666666666666,4.333333333333333,0.19896640826873388,0.08464480831354163
S02_faster_ma,2,faster_ma,76,30,0.022162870118798673,-0.009812602644833801,-0.27264537341376166,-0.12461853526033369,-0.12189030994489063,0.5,0.23333333333333334,4.7,0.20000000000000004,0.022162870118798673
S02_faster_ma,2,faster_ma,77,30,0.007554916301606199,-0.006210043222653061,-0.1798874639132825,-0.10389388856864641,-0.1364982637620831,0.36666666666666664,0.1,4.233333333333333,0.18475452196382433,0.007554916301606199
S02_faster_ma,2,faster_ma,78,30,0.007489878340868324,-0.017978542390562513,-0.15579938805236554,-0.13004778900172798,-0.13656330172282097,0.4,0.16666666666666666,5.1,0.21447028423772613,0.007489878340868324
S02_faster_ma,2,faster_ma,79,30,0.036237357661783674,-0.005227765837637011,0.051504785281986175,-0.12129995970447169,-0.10781582240190561,0.4666666666666667,0.2,4.7,0.20930232558139536,0.036237357661783674
S02_faster_ma,2,faster_ma,80,30,0.004524653759894529,-0.014770933653077523,-0.006404881091796978,-0.12303747050284783,-0.13952852630379475,0.4,0.1,4.633333333333334,0.20180878552971576,0.004524653759894529
S02_faster_ma,2,faster_ma,81,30,0.020417577009635954,-0.006210043222653061,-0.051440419506635436,-0.12430158748633913,-0.12363560305405334,0.4,0.2,4.6,0.20594315245478034,0.020417577009635954
S02_faster_ma,2,faster_ma,82,30,0.03572183507426949,0.010795034054504327,0.19378057661510661,-0.12223376038638367,-0.10833134498941979,0.5,0.2,4.966666666666667,0.18254500065694396,0.03572183507426949
S02_faster_ma,2,faster_ma,83,30,0.07556065445927965,3.0372438593495588e-05,0.16009633574431537,-0.12027076886290144,-0.0684925256044096,0.5,0.3,5.3,0.20516795865633075,0.07556065445927965
S02_faster_ma,2,faster_ma,84,30,0.02140051195844294,-0.03267002358458698,-0.1368694627478043,-0.14551568875057735,-0.12265266810524635,0.4666666666666667,0.2,4.833333333333333,0.21369509043927654,0.02140051195844294
S02_faster_ma,2,faster_ma,85,30,0.10082293895154448,-0.0021049488234755054,0.2066006626732824,-0.12293395029845174,-0.043230241112144775,0.43333333333333335,0.2,4.633333333333334,0.20723514211886307,0.10082293895154448
S02_faster_ma,2,faster_ma,86,30,-0.006691509677412426,-0.04977192065473418,-0.16578085165263717,-0.12997373023725423,-0.1507446897411017,0.4,0.1,4.5,0.19483204134366924,-0.006691509677412426
S02_faster_ma,2,faster_ma,87,30,0.03427629737394258,0.008178002085572955,0.025219791275419824,-0.1038623658191183,-0.10977688268974671,0.6,0.2,4.466666666666667,0.19133053037270623,0.03427629737394258
S02_faster_ma,2,faster_ma,88,30,0.006642315668580519,-0.002261053292557935,-0.06566903009125574,-0.11997694590549542,-0.13741086439510877,0.4666666666666667,0.1,4.8,0.19509043927648584,0.006642315668580519
S02_faster_ma,2,faster_ma,89,30,0.03296658370528229,-0.012104028375985232,-0.11443817692291101,-0.11377032759293924,-0.11108659635840695,0.43333333333333335,0.2,4.533333333333333,0.1950904392764858,0.03296658370528229
S02_faster_ma,2,faster_ma,90,30,0.06604480931399781,-0.05541466304251935,-0.13115509242695916,-0.11692787533405008,-0.07800837074969148,0.3,0.16666666666666666,4.3,0.19081373450707317,0.06604480931399781
S02_faster_ma,2,faster_ma,91,30,0.042627925795918745,0.002304320380031477,0.15561965873798597,-0.12622500742456086,-0.10142525426777055,0.5,0.23333333333333334,4.6,0.22698944510138835,0.042627925795918745
S02_faster_ma,2,faster_ma,92,30,-0.01799296084584378,-0.01643314117324074,-0.3488526076261357,-0.11112936295383294,-0.16204614090953307,0.3333333333333333,0.06666666666666667,4.666666666666667,0.19675688696185348,-0.01799296084584378
S02_faster_ma,2,faster_ma,93,30,0.05011980696352011,0.002304320380031477,0.12700403995118964,-0.11750084070215341,-0.09393337310016919,0.5,0.23333333333333334,4.466666666666667,0.1780361757105944,0.05011980696352011
S02_faster_ma,2,faster_ma,94,30,-0.027525579614374945,-0.034406731130118995,-0.3070473766197426,-0.13395566948646995,-0.1715787596780642,0.23333333333333334,0.1,4.333333333333333,0.18449612403100776,-0.027525579614374945
S02_faster_ma,2,faster_ma,95,30,0.059555763523088535,-0.04029364881457076,-0.2314601077795136,-0.1494993924921931,-0.08449741654060076,0.36666666666666664,0.16666666666666666,5.033333333333333,0.21136950904392768,0.059555763523088535
S02_faster_ma,2,faster_ma,96,30,0.1022487942317938,-0.010730691747960985,0.10699402967066515,-0.11544842386204675,-0.041804385831895476,0.4,0.23333333333333334,4.233333333333333,0.18372093023255817,0.1022487942317938
S02_faster_ma,2,faster_ma,97,30,0.030944191168415434,-0.0021049488234755054,0.06931762766604346,-0.14673038457349427,-0.11310898889527383,0.4666666666666667,0.16666666666666666,5.1,0.2209302325581395,0.030944191168415434
S02_faster_ma,2,faster_ma,98,30,0.05183476575042307,-0.0063644619236661315,0.07532343234796449,-0.12081419084160798,-0.09221841431326623,0.4666666666666667,0.23333333333333334,4.966666666666667,0.19974160206718347,0.05183476575042307
S02_faster_ma,2,faster_ma,99,30,0.040535361224107475,0.0094039668016771,0.11724315903604855,-0.11538973554817158,-0.1035178188395818,0.5666666666666667,0.16666666666666666,4.366666666666666,0.20155038759689922,0.040535361224107475
S03_slower_ma,3,slower_ma,0,30,0.024474707616882644,0.0036476915893406403,0.26209713445615057,-0.08920763419184817,-0.11957847244680661,0.5,0.13333333333333333,1.8,0.19198966408268736,0.024474707616882644
S03_slower_ma,3,slower_ma,1,30,0.07774510694810796,0.042860572677130726,0.5445879759274818,-0.08387108988279783,-0.06630807311558132,0.6333333333333333,0.26666666666666666,2.033333333333333,0.19638242894056848,0.07774510694810796
S03_slower_ma,3,slower_ma,2,30,0.12449177047418608,0.03888187557542411,0.887000722182229,-0.09045167595045628,-0.019561409589503198,0.7,0.23333333333333334,2.0,0.2130709937371348,0.12449177047418608
S03_slower_ma,3,slower_ma,3,30,0.11701898671006629,0.03391322983430267,0.39764785374112843,-0.0936878651199173,-0.027034193353623007,0.6,0.2,1.9666666666666666,0.1958656330749354,0.11701898671006629
S03_slower_ma,3,slower_ma,4,30,0.09467612470821024,0.042860572677130726,0.7425017370400643,-0.09375391078156144,-0.04937705535547903,0.6,0.23333333333333334,2.3333333333333335,0.182687338501292,0.09467612470821024
S03_slower_ma,3,slower_ma,5,30,0.1426707638505511,0.041120632852606254,0.6910299068712596,-0.09877988007313693,-0.0013824162131381749,0.6,0.26666666666666666,2.2333333333333334,0.20697674418604653,0.1426707638505511
S03_slower_ma,3,slower_ma,6,30,0.04972504816581909,0.013601983863483658,0.4047494311308565,-0.10081638707323089,-0.09432813189787019,0.5333333333333333,0.16666666666666666,2.1333333333333333,0.20351027022292295,0.04972504816581909
S03_slower_ma,3,slower_ma,7,30,0.10295113026144768,0.04104739467040841,0.7128459632737999,-0.09964594972438183,-0.0411020498022416,0.6333333333333333,0.23333333333333334,2.1666666666666665,0.18372093023255814,0.10295113026144768
S03_slower_ma,3,slower_ma,8,30,0.07742054951949649,0.015833042149908105,0.610745605062639,-0.08854826002798584,-0.06663263054419279,0.5666666666666667,0.26666666666666666,1.8666666666666667,0.1658914728682171,0.07742054951949649
S03_slower_ma,3,slower_ma,9,30,0.04094767551960007,0.036622815373199336,0.4307093702972322,-0.08599382342297579,-0.1031055045440892,0.5666666666666667,0.2,2.1333333333333333,0.16139140717382736,0.04094767551960007
S03_slower_ma,3,slower_ma,10,30,0.14406779939712458,0.05885571759183117,0.7940798527654075,-0.09973909404364092,1.4619333435280287e-05,0.6666666666666666,0.3333333333333333,2.6,0.18671440458984806,0.14406779939712458
S03_slower_ma,3,slower_ma,11,30,0.07215043589940945,0.05885571759183117,0.4456226985971922,-0.10451860209903975,-0.07190274416427982,0.6,0.3,2.6333333333333333,0.19121447028423771,0.07215043589940945
S03_slower_ma,3,slower_ma,12,30,0.06401704619443598,0.029842091316405694,0.4493843131411809,-0.11509549381340672,-0.08003613386925329,0.5666666666666667,0.1,2.3,0.19018087855297158,0.06401704619443598
S03_slower_ma,3,slower_ma,13,30,0.04296108387856428,0.004591126849536664,0.2572945246178079,-0.0773228941054796,-0.10109209618512498,0.5333333333333333,0.13333333333333333,1.5666666666666667,0.16925064599483203,0.04296108387856428
S03_slower_ma,3,slower_ma,14,30,0.08633769304230648,0.021349285002278284,0.6849382277668001,-0.11436027590615928,-0.05771548702138278,0.6,0.2,1.7333333333333334,0.172760916217755,0.08633769304230648
S03_slower_ma,3,slower_ma,15,30,0.09884287679527737,0.047293496713574634,0.7599055421015118,-0.08885910267426121,-0.0452103032684119,0.6,0.3333333333333333,1.7666666666666666,0.20490956072351418,0.09884287679527737
S03_slower_ma,3,slower_ma,16,30,0.12474371565705986,0.07868070683443529,0.8632421749448002,-0.12155542946895653,-0.019309464406629447,0.8,0.3333333333333333,2.4,0.21214470284237727,0.12474371565705986
S03_slower_ma,3,slower_ma,17,30,0.058633135753948476,0.02609914337786312,0.4145731476207299,-0.12124851374643561,-0.0854200443097408,0.6,0.2,2.1666666666666665,0.21591337099811678,0.058633135753948476
S03_slower_ma,3,slower_ma,18,30,0.09024261237668618,0.029605651002242994,0.44162122874050236,-0.10234149882968734,-0.05381056768700309,0.5666666666666667,0.16666666666666666,2.1333333333333333,0.1868217054263566,0.09024261237668618
S03_slower_ma,3,slower_ma,19,30,0.041080856560768944,0.0,0.13148611699382853,-0.11959473173893147,-0.10297232350292033,0.43333333333333335,0.13333333333333333,1.8666666666666667,0.19369114877589458,0.041080856560768944
S03_slower_ma,3,slower_ma,20,30,0.08841574564965532,0.069383329638812,0.7360779755114407,-0.09072681931213562,-0.055637434414033966,0.6666666666666666,0.26666666666666666,2.1,0.17235142118863053,0.08841574564965532
S03_slower_ma,3,slower_ma,21,30,0.10445391348354774,0.07955940841274078,0.7694175708152934,-0.07522745825778543,-0.039599266580141554,0.6666666666666666,0.3333333333333333,1.7333333333333334,0.13049095607235142,0.10445391348354774
S03_slower_ma,3,slower_ma,22,30,0.06362024263352047,0.006822185135961112,0.408444464800446,-0.0904255157026057,-0.08043293743016881,0.5333333333333333,0.16666666666666666,1.8,0.14625322997416024,0.06362024263352047
S03_slower_ma,3,slower_ma,23,30,0.09301581588120264,0.03264411827149272,0.632335901367774,-0.08188809558192021,-0.05103736418248665,0.6333333333333333,0.23333333333333334,2.066666666666667,0.19173126614987085,0.09301581588120264
S03_slower_ma,3,slower_ma,24,30,0.06976166914886756,0.0009434352601960239,0.4636819556883356,-0.07876248193465966,-0.07429151091482172,0.5,0.2,1.9666666666666666,0.12325581395348838,0.06976166914886756
S03_slower_ma,3,slower_ma,25,30,0.09101388133782523,0.04069395389109631,0.5154700978066765,-0.10053193230847189,-0.05303929872586402,0.6333333333333333,0.3,2.1666666666666665,0.19405684754521965,0.09101388133782523
S03_slower_ma,3,slower_ma,26,30,0.08142280568026532,0.05968879810869676,0.750199531657126,-0.10192754017289125,-0.06263037438342396,0.7,0.16666666666666666,2.4,0.19911750536504189,0.08142280568026532
S03_slower_ma,3,slower_ma,27,30,0.10599101798502239,0.02609914337786312,0.4719281573271668,-0.09371042191713014,-0.0380621620786669,0.5666666666666667,0.3333333333333333,2.033333333333333,0.22170542635658919,0.10599101798502239
S03_slower_ma,3,slower_ma,28,30,0.1232166241730899,0.04080765056420754,0.8695566649759974,-0.08222714355472523,-0.020836555890599375,0.6666666666666666,0.3,1.9,0.17663688521000306,0.1232166241730899
S03_slower_ma,3,slower_ma,29,30,0.04760614382665489,0.015833042149908105,0.48636649757508876,-0.08672059324647015,-0.0964470362370344,0.5666666666666667,0.23333333333333334,1.7,0.1526058774580651,0.04760614382665489
S03_slower_ma,3,slower_ma,30,30,0.060896094142845976,0.04104739467040841,0.5190566870973847,-0.09935676221079984,-0.08315708592084331,0.6666666666666666,0.23333333333333334,1.8,0.18113695090439272,0.060896094142845976
S03_slower_ma,3,slower_ma,31,30,0.07832301680871427,0.03888187557542411,0.6314818772054046,-0.0940365029527701,-0.06573016325497504,0.6333333333333333,0.23333333333333334,2.3,0.1780361757105943,0.07832301680871427
S03_slower_ma,3,slower_ma,32,30,0.06704217962070512,0.021563951537063586,0.5533400988565922,-0.0912312108238614,-0.07701100044298417,0.6,0.2,1.6333333333333333,0.13477642009372398,0.06704217962070512
S03_slower_ma,3,slower_ma,33,30,0.1257220768100113,0.03433990879581261,0.7434787076767896,-0.07923794247760542,-0.018331103253677976,0.6333333333333333,0.26666666666666666,1.6666666666666667,0.16382428940568475,0.1257220768100113
S03_slower_ma,3,slower_ma,34,30,0.030447934458164464,0.0,-0.005452294700657223,-0.0905116046452167,-0.1136052456055248,0.36666666666666664,0.1,1.7666666666666666,0.1655257740988919,0.030447934458164464
S03_slower_ma,3,slower_ma,35,30,0.10297017054462101,0.03187625608533895,0.6919098304866567,-0.07124556699836049,-0.04108300951906827,0.6333333333333333,0.26666666666666666,1.9333333333333333,0.14728682170542637,0.10297017054462101
S03_slower_ma,3,slower_ma,36,30,0.10503942318980976,0.052466713792994946,0.8989667409344657,-0.09787311691190761,-0.03901375687387953,0.7333333333333333,0.3,2.433333333333333,0.20232558139534884,0.10503942318980976
S03_slower_ma,3,slower_ma,37,30,0.08464361498662587,0.042860572677130726,0.6920299102035287,-0.08287488670788366,-0.059409565077063395,0.5666666666666667,0.3333333333333333,1.9666666666666666,0.1844961240310078,0.08464361498662587
S03_slower_ma,3,slower_ma,38,30,0.12659572305660532,0.03187625608533895,0.787441927925949,-0.0861321023803369,-0.01745745700708397,0.7,0.26666666666666666,2.2,0.18320413436692512,0.12659572305660532
S03_slower_ma,3,slower_ma,39,30,0.08901379264472477,0.02154396741130138,0.5218993996214256,-0.11796607512006262,-0.055039387418964525,0.5666666666666667,0.2,2.4,0.20092629089475764,0.08901379264472477
S03_slower_ma,3,slower_ma,40,30,0.1039063528742176,0.0477559829607187,0.6663836077441305,-0.08661002064241784,-0.04014682718947167,0.6666666666666666,0.26666666666666666,2.0,0.1695090439276486,0.1039063528742176
S03_slower_ma,3,slower_ma,41,30,0.04599500436988138,0.02154396741130138,0.5048905778831717,-0.09263213395832043,-0.0980581756938079,0.6,0.13333333333333333,2.066666666666667,0.1383939911531555,0.04599500436988138
S03_slower_ma,3,slower_ma,42,30,0.12505064195597265,0.04848999868836856,0.7392516812390221,-0.10242169910197876,-0.01900253810771666,0.6333333333333333,0.3333333333333333,2.2666666666666666,0.18113695090439277,0.12505064195597265
S03_slower_ma,3,slower_ma,43,30,0.07703001834021907,0.03888187557542411,0.6094322549292023,-0.08481219011693586,-0.06702316172347024,0.6,0.23333333333333334,2.1,0.16046511627906976,0.07703001834021907
S03_slower_ma,3,slower_ma,44,30,0.10578287250859039,0.07494902845569484,0.7456342708911757,-0.08901554102828187,-0.03827030755509888,0.7333333333333333,0.3333333333333333,1.9666666666666666,0.15736434108527134,0.10578287250859039
S03_slower_ma,3,slower_ma,45,30,0.14121034020369264,0.047293496713574634,0.7553825562267105,-0.11952695289437537,-0.0028428398599966115,0.6333333333333333,0.3,2.466666666666667,0.19896640826873388,0.14121034020369264
S03_slower_ma,3,slower_ma,46,30,0.05185682921357085,0.020618942712401056,0.4282799564429943,-0.09512614169182618,-0.09219635085011843,0.5666666666666667,0.16666666666666666,2.1666666666666665,0.17844567073971884,0.05185682921357085
S03_slower_ma,3,slower_ma,47,30,0.03062901413472337,0.024302596975289692,0.3031297457648918,-0.08504231885104417,-0.11342416592896593,0.5666666666666667,0.1,2.0,0.1614987080103359,0.03062901413472337
S03_slower_ma,3,slower_ma,48,30,0.11274357554630801,0.010684634564020246,0.5270043442126842,-0.09722999192390319,-0.031309604517381275,0.5,0.3333333333333333,2.0,0.2,0.11274357554630801
S03_slower_ma,3,slower_ma,49,30,0.048080451026485845,0.029074229130251927,0.40529710069403874,-0.09142838734133528,-0.09597272903720344,0.5666666666666667,0.16666666666666666,2.0,0.1863049095607235,0.048080451026485845
S03_slower_ma,3,slower_ma,50,30,0.084221077129315,0.04062071570889847,0.6922347879806506,-0.10063019735204817,-0.05983210293437428,0.7,0.2,2.2,0.2252156965795121,0.084221077129315
S03_slower_ma,3,slower_ma,51,30,0.059865992762897405,0.03113282649093696,0.32742725652177934,-0.09149548393945232,-0.08418718730079186,0.5666666666666667,0.2,2.033333333333333,0.1803617571059432,0.059865992762897405
S03_slower_ma,3,slower_ma,52,30,0.048496676499328345,0.021563951537063586,0.48754457237372356,-0.07457180882452615,-0.09555650356436092,0.5666666666666667,0.2,1.9333333333333333,0.14987080103359174,0.048496676499328345
S03_slower_ma,3,slower_ma,53,30,0.10042886293155143,0.0368625594794002,0.66518141116829,-0.08578896640594341,-0.043624317132137845,0.6,0.26666666666666666,2.1,0.18346253229974163,0.10042886293155143
S03_slower_ma,3,slower_ma,54,30,0.08018566456517157,0.015833042149908105,0.45706130728558547,-0.0844295433207146,-0.06386751549851771,0.6,0.13333333333333333,1.7333333333333334,0.1578811369509044,0.08018566456517157
S03_slower_ma,3,slower_ma,55,30,0.11325315036812912,0.03264411827149272,0.6821217562295515,-0.09424310670144709,-0.030800029695560165,0.6,0.26666666666666666,2.433333333333333,0.18449612403100774,0.11325315036812912
S03_slower_ma,3,slower_ma,56,30,0.06348105721923321,0.0,0.1475131819714665,-0.11857767033755277,-0.08057212284445607,0.4,0.23333333333333334,1.9666666666666666,0.18320413436692506,0.06348105721923321
S03_slower_ma,3,slower_ma,57,30,0.10624015111388697,0.027341064244539415,0.569582698828701,-0.07539197202741228,-0.03781302894980232,0.5333333333333333,0.26666666666666666,1.9666666666666666,0.17312661498708015,0.10624015111388697
S03_slower_ma,3,slower_ma,58,30,0.07510885886112667,0.0,0.2885440771024882,-0.09087889032993263,-0.0689443212025626,0.4,0.16666666666666666,1.8666666666666667,0.15116279069767444,0.07510885886112667
S03_slower_ma,3,slower_ma,59,30,0.08334281955442507,0.013601983863483658,0.4551508446488992,-0.11230062084079259,-0.0607103605092642,0.5333333333333333,0.2,2.2,0.20852713178294574,0.08334281955442507
S03_slower_ma,3,slower_ma,60,30,0.10957109007313086,0.03159687981383952,0.562164155328786,-0.10280687371036329,-0.03448208999055843,0.6,0.26666666666666666,2.3333333333333335,0.20904392764857888,0.10957109007313086
S03_slower_ma,3,slower_ma,61,30,0.06829694344448344,0.0,0.45583632505310057,-0.06963131230546238,-0.07575623661920584,0.4666666666666667,0.23333333333333334,2.1,0.14418604651162792,0.06829694344448344
S03_slower_ma,3,slower_ma,62,30,0.07042512216939406,0.0,0.4018846621854552,-0.08477868183619743,-0.07362805789429522,0.4666666666666667,0.2,2.0,0.16356589147286826,0.07042512216939406
S03_slower_ma,3,slower_ma,63,30,0.1393055924051008,0.04311897360989758,1.0119544089156105,-0.0833680936023147,-0.0047475876585885,0.7,0.26666666666666666,2.2666666666666666,0.1931743529102615,0.1393055924051008
S03_slower_ma,3,slower_ma,64,30,0.09720921021538767,0.033863724375449045,0.7845369603493886,-0.10725944863348512,-0.04684396984830162,0.6333333333333333,0.23333333333333334,1.9666666666666666,0.1896640826873385,0.09720921021538767
S03_slower_ma,3,slower_ma,65,30,0.07080452399788652,0.026132259393658708,0.5047070277232611,-0.10009634374437715,-0.07324865606580279,0.5666666666666667,0.23333333333333334,2.2333333333333334,0.19095607235142117,0.07080452399788652
S03_slower_ma,3,slower_ma,66,30,0.08695527563801882,0.069383329638812,0.6247142453323875,-0.08376519453975824,-0.05709790442567047,0.6,0.26666666666666666,2.066666666666667,0.1511627906976744,0.08695527563801882
S03_slower_ma,3,slower_ma,67,30,0.1337473329519904,0.030121467587905126,0.735066552351437,-0.08454044887387793,-0.010305847111698845,0.6,0.3333333333333333,1.9,0.15829063198002893,0.1337473329519904
S03_slower_ma,3,slower_ma,68,30,0.11359405250999131,0.01162806982421627,0.47271820667104786,-0.08481128116913819,-0.030459127553697958,0.5333333333333333,0.3,1.6333333333333333,0.15917312661498706,0.11359405250999131
S03_slower_ma,3,slower_ma,69,30,0.056110624334707905,0.04049196253786669,0.46653789190886397,-0.09252553103995294,-0.0879425557289814,0.6,0.23333333333333334,2.1666666666666665,0.17932816537467705,0.056110624334707905
S03_slower_ma,3,slower_ma,70,30,0.02019966836992208,0.016543400314023127,0.2870612811303175,-0.09769119155939855,-0.1238535116937672,0.5333333333333333,0.16666666666666666,2.1,0.1996343012306749,0.02019966836992208
S03_slower_ma,3,slower_ma,71,30,0.06765779363576856,0.0,0.3444072095165867,-0.10499647387364978,-0.07639538642792074,0.4666666666666667,0.23333333333333334,2.3333333333333335,0.1599483204134367,0.06765779363576856
S03_slower_ma,3,slower_ma,72,30,0.08204027521856376,0.035781715004847725,0.5812354670122503,-0.08940770589237798,-0.06201290484512552,0.6,0.3,1.6666666666666667,0.18025445626943462,0.08204027521856376
S03_slower_ma,3,slower_ma,73,30,0.08072503616234389,0.047293496713574634,0.51016611914927,-0.11055159581710891,-0.06332814390134542,0.6333333333333333,0.3333333333333333,2.3,0.19896640826873388,0.08072503616234389
S03_slower_ma,3,slower_ma,74,30,0.09641238100855339,0.043100316783331594,0.8730464437257714,-0.08542253252561956,-0.047640799055135886,0.7666666666666667,0.23333333333333334,1.9333333333333333,0.19394954670871112,0.09641238100855339
S03_slower_ma,3,slower_ma,75,30,0.06269101822884696,0.0009434352601960239,0.19777948007864576,-0.10094031529152776,-0.08136216183484231,0.5,0.2,2.3,0.1821705426356589,0.06269101822884696
S03_slower_ma,3,slower_ma,76,30,0.047664472816635765,0.016563384439785334,0.500575319294613,-0.09320085575802586,-0.0963887072470535,0.5666666666666667,0.23333333333333334,2.2,0.16020671834625325,0.047664472816635765
S03_slower_ma,3,slower_ma,77,30,0.06332150748366076,0.005878749875765088,0.5019541491149316,-0.08745449781313606,-0.0807316725800285,0.5,0.16666666666666666,1.6333333333333333,0.148062015503876,0.06332150748366076
S03_slower_ma,3,slower_ma,78,30,0.13371273396908515,0.04311897360989758,0.9872762506683758,-0.07668668970134558,-0.010340446094604121,0.7666666666666667,0.3,1.7333333333333334,0.18568081285858187,0.13371273396908515
S03_slower_ma,3,slower_ma,79,30,0.048129475406089035,0.005878749875765088,0.3247687424378831,-0.112758965130628,-0.09592370465760025,0.5,0.16666666666666666,2.2333333333333334,0.16707616169579118,0.048129475406089035
S03_slower_ma,3,slower_ma,80,30,0.07420646168308725,0.041120632852606254,0.42437166764417084,-0.09052068650499466,-0.06984671838060204,0.6333333333333333,0.2,1.9,0.1881136950904393,0.07420646168308725
S03_slower_ma,3,slower_ma,81,30,0.07364010285387892,0.016563384439785334,0.5240773955895779,-0.09590117967532809,-0.07041307720981035,0.5333333333333333,0.23333333333333334,2.3333333333333335,0.1609819121447029,0.07364010285387892
S03_slower_ma,3,slower_ma,82,30,0.06742123489782313,0.029074229130251927,0.6171322586825787,-0.08462767058223854,-0.07663194516586615,0.6,0.26666666666666666,2.0,0.17922086453816843,0.06742123489782313
S03_slower_ma,3,slower_ma,83,30,0.11917174276522619,0.04267363782182165,0.6331920060858265,-0.11440156329176425,-0.02488143729846309,0.6333333333333333,0.3333333333333333,2.3333333333333335,0.20051679586563306,0.11917174276522619
S03_slower_ma,3,slower_ma,84,30,0.12122651950868132,0.029885027273742426,0.8557807935355928,-0.08781791020212464,-0.022826660555007944,0.5666666666666667,0.36666666666666664,2.2,0.14418604651162792,0.12122651950868132
S03_slower_ma,3,slower_ma,85,30,0.11922513834434302,0.04080765056420754,0.7240131750114336,-0.07641974358527166,-0.02482804171934625,0.6333333333333333,0.26666666666666666,1.4,0.165374677002584,0.11922513834434302
S03_slower_ma,3,slower_ma,86,30,0.07928214098918526,0.04509865754062292,0.586182456778515,-0.08230443210734512,-0.06477103907450402,0.6333333333333333,0.26666666666666666,2.0,0.18966408268733848,0.07928214098918526
S03_slower_ma,3,slower_ma,87,30,0.10835924423212011,0.04069395389109631,0.8660437546914761,-0.05774606687526121,-0.03569393583156918,0.7,0.23333333333333334,1.6,0.1821705426356589,0.10835924423212011
S03_slower_ma,3,slower_ma,88,30,0.09579535170768318,0.013659720316409052,0.38507643144312176,-0.09986130603098728,-0.04825782835600611,0.5,0.2,2.2333333333333334,0.19715762273901807,0.09579535170768318
S03_slower_ma,3,slower_ma,89,30,0.06936228528130811,0.04544465991502866,0.5626437263893294,-0.09235747856681249,-0.07469089478238118,0.6333333333333333,0.2,2.3,0.17301931415057162,0.06936228528130811
S03_slower_ma,3,slower_ma,90,30,0.09957005929329729,0.042860572677130726,0.6397846400220144,-0.10043492658440173,-0.04448312077039202,0.6333333333333333,0.3,1.9,0.203359173126615,0.09957005929329729
S03_slower_ma,3,slower_ma,91,30,0.054301015570303986,0.026079159252100914,0.41428503167699315,-0.11101042667291207,-0.08975216449338529,0.6,0.2,2.2,0.1657841720317085,0.054301015570303986
S03_slower_ma,3,slower_ma,92,30,0.06328251546894942,0.020833609247186358,0.5019733510466925,-0.11543249106259988,-0.08077066459473987,0.5333333333333333,0.2,2.533333333333333,0.1997416020671835,0.06328251546894942
S03_slower_ma,3,slower_ma,93,30,0.09187618181071032,0.01675806684880843,0.4167801566803969,-0.08220162855078403,-0.05217699825297896,0.5666666666666667,0.16666666666666666,1.7666666666666666,0.17726098191214473,0.09187618181071032
S03_slower_ma,3,slower_ma,94,30,0.09566185146730283,0.055754019111220576,0.6962245208059855,-0.11467845848972279,-0.048391328596386465,0.7333333333333333,0.26666666666666666,2.3666666666666667,0.20826873385012917,0.09566185146730283
S03_slower_ma,3,slower_ma,95,30,0.09147191355346074,0.043100316783331594,0.752758687912124,-0.07679917152991116,-0.05258126651022854,0.6333333333333333,0.26666666666666666,2.033333333333333,0.16991853895677309,0.09147191355346074
S03_slower_ma,3,slower_ma,96,30,0.0336412114269317,0.010684634564020246,0.3623737069090621,-0.10101061255124252,-0.11041196863675756,0.5,0.16666666666666666,2.4,0.17674418604651163,0.0336412114269317
S03_slower_ma,3,slower_ma,97,30,0.15468564945176394,0.0313448389176616,0.6765631349866226,-0.11031528830375685,0.010632469388074639,0.6,0.26666666666666666,2.1,0.21772215652783253,0.15468564945176394
S03_slower_ma,3,slower_ma,98,30,0.12156668316386823,0.04544465991502866,0.7628628692043716,-0.0905623268107445,-0.022486496899821053,0.6666666666666666,0.2,2.1333333333333333,0.19069767441860466,0.12156668316386823
S03_slower_ma,3,slower_ma,99,30,0.047639460034424416,0.0174051825316921,0.40510179135126784,-0.08958436393333066,-0.09641372002926486,0.5333333333333333,0.1,2.1,0.1550387596899225,0.047639460034424416
S04_ma_10_30,4,ma_10_30,0,30,0.06847183642099904,0.04421593372335575,0.5735824620526226,-0.10301475242568005,-0.07558134364269026,0.5666666666666667,0.2,3.033333333333333,0.2441641483817282,0.06847183642099904
S04_ma_10_30,4,ma_10_30,1,30,0.14500972753144026,0.02916323161714629,0.6405209932041129,-0.12116503337023697,0.0009565474677509678,0.5333333333333333,0.3,2.7333333333333334,0.2237726098191214,0.14500972753144026
S04_ma_10_30,4,ma_10_30,2,30,0.07982312111114055,0.05117327487887113,0.6283255652280706,-0.10398966361743822,-0.06423005895254874,0.6333333333333333,0.26666666666666666,2.966666666666667,0.23822099592694784,0.07982312111114055
S04_ma_10_30,4,ma_10_30,3,30,0.007802721748991433,-0.016207605473031517,0.011202039699811539,-0.1453672092510079,-0.13625045831469784,0.3333333333333333,0.13333333333333333,3.9,0.22196382428940575,0.007802721748991433
S04_ma_10_30,4,ma_10_30,4,30,0.038311824962860834,0.0,0.22435686929876483,-0.14647415910981418,-0.10574135510082844,0.4666666666666667,0.23333333333333334,3.9,0.24470284237726095,0.038311824962860834
S04_ma_10_30,4,ma_10_30,5,30,0.05870823324435148,0.015779591884482858,0.506562068298635,-0.11906626666525912,-0.08534494681933777,0.5333333333333333,0.23333333333333334,3.466666666666667,0.2400297814566636,0.05870823324435148
S04_ma_10_30,4,ma_10_30,6,30,0.04607735318279691,0.015779591884482858,0.4626033070979697,-0.10803744700827025,-0.09797582688089236,0.5666666666666667,0.23333333333333334,2.7333333333333334,0.210077519379845,0.04607735318279691
S04_ma_10_30,4,ma_10_30,7,30,0.1508592743804345,0.039097718384222824,0.5608372305899204,-0.12049715674564829,0.006806094316745218,0.5,0.36666666666666664,3.1333333333333333,0.2253229974160207,0.1508592743804345
S04_ma_10_30,4,ma_10_30,8,30,0.03622954769199148,0.0,0.29854622064065667,-0.134985520312832,-0.10782363237169781,0.4666666666666667,0.26666666666666666,3.066666666666667,0.20180878552971576,0.03622954769199148
S04_ma_10_30,4,ma_10_30,9,30,0.09075756026547062,-0.005828155367347265,0.14231703119284525,-0.11378457590179834,-0.05329561979821866,0.36666666666666664,0.2,3.3333333333333335,0.2255813953488372,0.09075756026547062
S04_ma_10_30,4,ma_10_30,10,30,0.0023504329263478565,0.0,0.05952075763526318,-0.11625416023107576,-0.1417027471373414,0.3333333333333333,0.13333333333333333,2.8333333333333335,0.20049489773573334,0.0023504329263478565
S04_ma_10_30,4,ma_10_30,11,30,0.10075057041542497,-0.011995822025218983,0.33149823731819233,-0.13313714648076727,-0.04330260964826433,0.4,0.2,3.7333333333333334,0.2434108527131783,0.10075057041542497
S04_ma_10_30,4,ma_10_30,12,30,0.05840052186092194,0.008432282303172278,0.27882133934116077,-0.10609936438114267,-0.08565265820276734,0.5333333333333333,0.16666666666666666,3.2666666666666666,0.186046511627907,0.05840052186092194
S04_ma_10_30,4,ma_10_30,13,30,0.027632792834634736,0.0,0.16932643089307037,-0.12090238208774934,-0.11642038722905453,0.43333333333333335,0.26666666666666666,3.1333333333333333,0.2268733850129199,0.027632792834634736
S04_ma_10_30,4,ma_10_30,14,30,0.05975511987912488,0.0,0.24984854554672906,-0.12366887243795244,-0.0842980601845644,0.4666666666666667,0.2,3.6,0.23901808785529713,0.05975511987912488
S04_ma_10_30,4,ma_10_30,15,30,0.08296117143443545,0.025131618808796663,0.6763844380062694,-0.09885316860165007,-0.061092008629253826,0.6333333333333333,0.26666666666666666,3.2666666666666666,0.23176104760653438,0.08296117143443545
S04_ma_10_30,4,ma_10_30,16,30,0.0945363430062389,0.0322737543983892,0.6317928463323309,-0.098458688909618,-0.049516837057450386,0.5666666666666667,0.3333333333333333,2.8,0.2035956729295318,0.0945363430062389
S04_ma_10_30,4,ma_10_30,17,30,0.03769588788662667,0.0035625687932642203,0.36737258931832995,-0.12343494412374742,-0.10635729217706259,0.5,0.23333333333333334,3.5,0.2508824946349582,0.03769588788662667
S04_ma_10_30,4,ma_10_30,18,30,0.07032138226692124,0.030417728339684147,0.5846072308618416,-0.11031417637270684,-0.07373179779676804,0.5333333333333333,0.3333333333333333,3.533333333333333,0.21524547803617572,0.07032138226692124
S04_ma_10_30,4,ma_10_30,19,30,0.01203697351148428,-0.011093484337260318,0.04349200900837659,-0.13406244402746031,-0.132016206552205,0.36666666666666664,0.16666666666666666,3.6333333333333333,0.24338895458327864,0.01203697351148428
S04_ma_10_30,4,ma_10_30,20,30,0.09913472005025059,0.0,0.3311987968164242,-0.13400727922524538,-0.04491846001343866,0.4666666666666667,0.23333333333333334,3.1,0.18912538869180576,0.09913472005025059
S04_ma_10_30,4,ma_10_30,21,30,0.03897870214052968,0.0,0.3462316585330454,-0.11111614899719428,-0.10507447792315962,0.4666666666666667,0.2,3.066666666666667,0.18423772609819125,0.03897870214052968
S04_ma_10_30,4,ma_10_30,22,30,0.0666429288776344,0.008432282303172278,0.49332474461497977,-0.08575258526329733,-0.0774102511860549,0.5333333333333333,0.23333333333333334,3.0,0.1754302982525293,0.0666429288776344
S04_ma_10_30,4,ma_10_30,23,30,0.09584100998345685,0.036339391216192674,0.6788050251053825,-0.10106756082426331,-0.04821217008023241,0.5666666666666667,0.3,3.2,0.217312661498708,0.09584100998345685
S04_ma_10_30,4,ma_10_30,24,30,0.040964689986583626,0.0,0.30505119780073975,-0.12827594845614815,-0.10308849007710566,0.43333333333333335,0.26666666666666666,3.6,0.21317829457364343,0.040964689986583626
S04_ma_10_30,4,ma_10_30,25,30,0.018860753301143778,0.0031128373498600093,0.3341721250019646,-0.10645808220066999,-0.12519242676254547,0.5,0.2,2.7666666666666666,0.23718740419568168,0.018860753301143778
S04_ma_10_30,4,ma_10_30,26,30,0.109248162481439,0.0031128373498600093,0.3215196387582075,-0.11758587627161622,-0.03480501758225027,0.5,0.26666666666666666,3.5,0.24728682170542635,0.109248162481439
S04_ma_10_30,4,ma_10_30,27,30,0.11523990883048242,0.0,0.21048382407852792,-0.12755863912654902,-0.02881327123320686,0.43333333333333335,0.23333333333333334,3.5,0.23617571059431525,0.11523990883048242
S04_ma_10_30,4,ma_10_30,28,30,0.08723477074624857,0.037073798133763214,0.7110771603862008,-0.10748549120073732,-0.056818409317440734,0.6333333333333333,0.26666666666666666,2.933333333333333,0.21031401918276182,0.08723477074624857
S04_ma_10_30,4,ma_10_30,29,30,0.06734027577230345,0.0035625687932642203,0.28236533197787256,-0.12336722776919927,-0.07671290429138583,0.5,0.26666666666666666,3.566666666666667,0.24984890290369205,0.06734027577230345
S04_ma_10_30,4,ma_10_30,30,30,0.1173115115707052,0.08630493191591404,0.7650421512651222,-0.08349604552990256,-0.026741668492984094,0.6333333333333333,0.4,2.8333333333333335,0.22764857881136955,0.1173115115707052
S04_ma_10_30,4,ma_10_30,31,30,0.05815515290995959,0.0031128373498600093,0.5076848057368218,-0.10614200047812293,-0.08589802715372971,0.5,0.23333333333333334,2.7666666666666666,0.20490956072351424,0.05815515290995959
S04_ma_10_30,4,ma_10_30,32,30,0.06701848614124879,0.0,0.3960857340487173,-0.12859642222062642,-0.07703469392244049,0.4666666666666667,0.23333333333333334,3.7666666666666666,0.2348837209302326,0.06701848614124879
S04_ma_10_30,4,ma_10_30,33,30,0.07084115990101321,0.019714713850380594,0.4379024149117189,-0.10647537663828353,-0.07321202016267607,0.5333333333333333,0.3,3.2,0.19534883720930238,0.07084115990101321
S04_ma_10_30,4,ma_10_30,34,30,0.15525601738803332,0.017957837690332545,0.5635727562805085,-0.13322406707978066,0.011202837324344054,0.5333333333333333,0.36666666666666664,3.6666666666666665,0.21447028423772613,0.15525601738803332
S04_ma_10_30,4,ma_10_30,35,30,0.041758860119717404,0.0031128373498600093,0.29653047458773707,-0.11830057051772182,-0.1022943199439719,0.5,0.16666666666666666,3.2,0.2333114352034337,0.041758860119717404
S04_ma_10_30,4,ma_10_30,36,30,0.034965713562354644,-0.0016163719195347315,0.16811771908691242,-0.1192689344692661,-0.10908746650133463,0.4,0.16666666666666666,3.5,0.23488372093023255,0.034965713562354644
S04_ma_10_30,4,ma_10_30,37,30,0.060275774273429096,0.023571663417280675,0.47970603071136814,-0.09267890389748502,-0.08377740579026019,0.5666666666666667,0.16666666666666666,3.0,0.17751937984496122,0.060275774273429096
S04_ma_10_30,4,ma_10_30,38,30,0.028378113323289586,0.0,0.23475625199190997,-0.1066279346501716,-0.11567506674039969,0.4666666666666667,0.13333333333333333,3.3666666666666667,0.18966408268733853,0.028378113323289586
S04_ma_10_30,4,ma_10_30,39,30,0.03151575280175106,0.0,0.15320908687203094,-0.11958046656615422,-0.1125374272619382,0.36666666666666664,0.13333333333333333,3.2,0.19069767441860466,0.03151575280175106
S04_ma_10_30,4,ma_10_30,40,30,0.005845787134240329,0.0,0.009399317212842921,-0.10687768068309525,-0.13820739292944895,0.4,0.1,3.3333333333333335,0.20077519379844957,0.005845787134240329
S04_ma_10_30,4,ma_10_30,41,30,0.06314041015677326,0.04027451318209041,0.6335525431165293,-0.1130880662499247,-0.08091276990691601,0.6333333333333333,0.23333333333333334,2.966666666666667,0.20282047913108223,0.06314041015677326
S04_ma_10_30,4,ma_10_30,42,30,0.08807742491562491,0.05273440383144201,0.48335963269215887,-0.11738578537910332,-0.055975755148064375,0.6666666666666666,0.26666666666666666,3.7,0.22273901808785532,0.08807742491562491
S04_ma_10_30,4,ma_10_30,43,30,0.13878655705564186,0.024855415828238914,0.6101823321611846,-0.09887385551240999,-0.005266623008047399,0.5333333333333333,0.26666666666666666,2.966666666666667,0.22739018087855298,0.13878655705564186
S04_ma_10_30,4,ma_10_30,44,30,0.025420484252339535,0.012289231870072359,0.11958988221124317,-0.12957378561040797,-0.11863269581134975,0.5333333333333333,0.16666666666666666,3.7333333333333334,0.21627906976744182,0.025420484252339535
S04_ma_10_30,4,ma_10_30,45,30,0.050988900885178476,0.0,0.34007332771647125,-0.09386023082015595,-0.09306427917851082,0.4,0.23333333333333334,2.8333333333333335,0.2116279069767442,0.050988900885178476
S04_ma_10_30,4,ma_10_30,46,30,0.0468024587743802,0.0,0.36383012327661046,-0.09641781344577896,-0.09725072128930909,0.43333333333333335,0.16666666666666666,2.7333333333333334,0.17622739018087855,0.0468024587743802
S04_ma_10_30,4,ma_10_30,47,30,0.1150053280006782,0.01963654145138294,0.3797533520350903,-0.13533954589945557,-0.029047852063011102,0.5666666666666667,0.26666666666666666,3.7333333333333334,0.24728682170542635,0.1150053280006782
S04_ma_10_30,4,ma_10_30,48,30,0.04507664303463758,0.0035625687932642203,0.23698559605938202,-0.11103638504175023,-0.0989765370290517,0.5,0.2,3.466666666666667,0.21369509043927648,0.04507664303463758
S04_ma_10_30,4,ma_10_30,49,30,0.050026981088309656,0.0,0.15544443305202477,-0.1141614791843784,-0.09402619897537963,0.4666666666666667,0.2,3.466666666666667,0.19974160206718347,0.050026981088309656
S04_ma_10_30,4,ma_10_30,50,30,0.031469582968349105,-0.0004318982058065246,0.15630027001136457,-0.1529355317274096,-0.11258359709534016,0.4666666666666667,0.23333333333333334,3.6666666666666665,0.2759689922480621,0.031469582968349105
S04_ma_10_30,4,ma_10_30,51,30,0.04799985498073836,-0.005697227175719577,0.21646433053597905,-0.14260180673132758,-0.09605332508295092,0.4,0.2,3.6333333333333333,0.23540051679586566,0.04799985498073836
S04_ma_10_30,4,ma_10_30,52,30,0.08338023288590171,0.048557773521716974,0.5462908903950684,-0.1289010027183379,-0.06067294717778756,0.6,0.3333333333333333,3.6,0.22299741602067186,0.08338023288590171
S04_ma_10_30,4,ma_10_30,53,30,0.05163951845355514,0.0066754061431242295,0.18894673940062615,-0.14447139581748106,-0.0924136616101341,0.5333333333333333,0.26666666666666666,3.6,0.23669250645994827,0.05163951845355514
S04_ma_10_30,4,ma_10_30,54,30,0.06675791468695391,0.03313867616786548,0.3793103133735072,-0.11584136780401764,-0.07729526537673535,0.5666666666666667,0.26666666666666666,2.966666666666667,0.186046511627907,0.06675791468695391
S04_ma_10_30,4,ma_10_30,55,30,0.027119210078412375,0.0031128373498600093,0.24306214005220136,-0.1168686159130415,-0.11693396998527691,0.5,0.16666666666666666,2.966666666666667,0.23462532299741604,0.027119210078412375
S04_ma_10_30,4,ma_10_30,56,30,0.12829612646054636,0.03071379900687321,0.5799267659316004,-0.11109785893657038,-0.015757053603142907,0.5333333333333333,0.23333333333333334,2.966666666666667,0.2431524547803617,0.12829612646054636
S04_ma_10_30,4,ma_10_30,57,30,0.06635534111802578,0.012289231870072359,0.36210520374780936,-0.09210752253484059,-0.07769783894566351,0.5333333333333333,0.16666666666666666,3.2666666666666666,0.20514606052643108,0.06635534111802578
S04_ma_10_30,4,ma_10_30,58,30,0.07495899772539039,0.0,0.4276893523419917,-0.12086764081694672,-0.06909418233829889,0.4666666666666667,0.23333333333333334,3.1666666666666665,0.22041343669250643,0.07495899772539039
S04_ma_10_30,4,ma_10_30,59,30,0.15571025791356563,0.017957837690332545,0.6364658987999336,-0.10980897489791593,0.011657077849876333,0.5333333333333333,0.3333333333333333,2.8333333333333335,0.21757105943152455,0.15571025791356563
S04_ma_10_30,4,ma_10_30,60,30,0.015649546616377928,0.0031128373498600093,0.24775956821013453,-0.1213390110787791,-0.12840363344731134,0.5,0.13333333333333333,3.3,0.24959050497087557,0.015649546616377928
S04_ma_10_30,4,ma_10_30,61,30,0.05791001477041737,0.01963654145138294,0.49738670396544116,-0.10504935942341605,-0.0861431652932719,0.6,0.13333333333333333,3.1666666666666665,0.22532299741602071,0.05791001477041737
S04_ma_10_30,4,ma_10_30,62,30,0.010715111540179489,0.0,0.07185337766541132,-0.1431406685699629,-0.1333380685235098,0.4,0.13333333333333333,3.566666666666667,0.21214470284237727,0.010715111540179489
S04_ma_10_30,4,ma_10_30,63,30,0.013342164871152588,0.0,0.06829157542915044,-0.13139858942833318,-0.1307110151925367,0.4666666666666667,0.16666666666666666,3.433333333333333,0.2265930889502036,0.013342164871152588
S04_ma_10_30,4,ma_10_30,64,30,0.06493134984739737,0.0,0.4035206479634477,-0.12544388667953674,-0.0791218302162919,0.4666666666666667,0.3,3.7333333333333334,0.23382823106906672,0.06493134984739737
S04_ma_10_30,4,ma_10_30,65,30,0.10099074873445452,0.015779591884482858,0.49408577931917236,-0.12763137665339358,-0.04306243132923477,0.5333333333333333,0.16666666666666666,3.433333333333333,0.24082687338501294,0.10099074873445452
S04_ma_10_30,4,ma_10_30,66,30,0.06688335394332663,0.014298918704992558,0.443343966608728,-0.13819531398739696,-0.07716982612036265,0.5333333333333333,0.26666666666666666,3.566666666666667,0.2800814610432269,0.06688335394332663
S04_ma_10_30,4,ma_10_30,67,30,0.07125937307308579,0.010736349911728338,0.5896061763651476,-0.11711472003894434,-0.07279380699060348,0.5,0.3,3.1666666666666665,0.21057241711557834,0.07125937307308579
S04_ma_10_30,4,ma_10_30,68,30,0.08222144617371097,0.013572984281030598,0.552927007984674,-0.09808038515217889,-0.06183173388997833,0.5333333333333333,0.26666666666666666,3.1333333333333333,0.23331143520343361,0.08222144617371097
S04_ma_10_30,4,ma_10_30,69,30,0.03915186659578871,0.0,0.120642207950974,-0.11193297718536738,-0.10490131346790056,0.4666666666666667,0.16666666666666666,3.3333333333333335,0.23591731266149868,0.03915186659578871
S04_ma_10_30,4,ma_10_30,70,30,0.0464850432231199,-0.0016163719195347315,0.21024215451666872,-0.1283007047470687,-0.09756813684056936,0.4666666666666667,0.13333333333333333,3.6,0.2129198966408269,0.0464850432231199
S04_ma_10_30,4,ma_10_30,71,30,0.062207043756698735,0.02153740448666086,0.42714648772926295,-0.10222089742124855,-0.08184613630699052,0.5,0.23333333333333334,3.2,0.21162790697674422,0.062207043756698735
S04_ma_10_30,4,ma_10_30,72,30,0.08870125062325461,0.03185492375690724,0.5459814076178269,-0.1152135777771315,-0.05535192944043465,0.6,0.3,3.2,0.21085271317829454,0.08870125062325461
S04_ma_10_30,4,ma_10_30,73,30,0.05285033668964853,0.0031128373498600093,0.364595558714174,-0.09208333937969768,-0.09120284337404076,0.5,0.23333333333333334,2.5,0.18527131782945735,0.05285033668964853
S04_ma_10_30,4,ma_10_30,74,30,0.05064855923105053,0.012289231870072359,0.26473844552517145,-0.1337793529852746,-0.09340462083263874,0.5333333333333333,0.23333333333333334,3.933333333333333,0.22170542635658913,0.05064855923105053
S04_ma_10_30,4,ma_10_30,75,30,0.04056434589148739,0.0031128373498600093,0.3769292875077595,-0.09413110428005858,-0.10348883417220187,0.5,0.2,2.6333333333333333,0.2188411509657075,0.04056434589148739
S04_ma_10_30,4,ma_10_30,76,30,0.12145007081249481,0.09990787752981911,0.7102217893963007,-0.10868817048462806,-0.022603109251194464,0.6,0.43333333333333335,3.1666666666666665,0.2449612403100775,0.12145007081249481
S04_ma_10_30,4,ma_10_30,77,30,0.1325892529216712,0.03136983922059855,0.7016090420454337,-0.11884455062393208,-0.011463927142018056,0.5333333333333333,0.3,3.2333333333333334,0.24005167958656332,0.1325892529216712
S04_ma_10_30,4,ma_10_30,78,30,0.04629610601408039,0.024855415828238914,0.48603033218803215,-0.13786848104013857,-0.0977570740496089,0.5333333333333333,0.16666666666666666,3.8333333333333335,0.2496124031007752,0.04629610601408039
S04_ma_10_30,4,ma_10_30,79,30,0.0656504801005522,0.040445663164354606,0.2727208523417352,-0.15665861206913276,-0.07840269996313708,0.5666666666666667,0.26666666666666666,4.0,0.2633074935400517,0.0656504801005522
S04_ma_10_30,4,ma_10_30,80,30,0.05699510018074672,0.0035625687932642203,0.3543407986238328,-0.08949433605784668,-0.08705807988294255,0.5,0.26666666666666666,2.933333333333333,0.1493540051679587,0.05699510018074672
S04_ma_10_30,4,ma_10_30,81,30,0.07614927771683556,0.0035625687932642203,0.3818617478281818,-0.12080225528307104,-0.06790390234685373,0.5,0.26666666666666666,3.3666666666666667,0.24521963824289406,0.07614927771683556
S04_ma_10_30,4,ma_10_30,82,30,0.11188034777084446,0.005319444953312269,0.43894640150569003,-0.14096551740845722,-0.03217283229284484,0.5,0.23333333333333334,3.4,0.21524547803617572,0.11188034777084446
S04_ma_10_30,4,ma_10_30,83,30,0.02988382578500638,0.0031128373498600093,0.22647196709304146,-0.14611474060545587,-0.11416935427868288,0.5,0.2,3.7333333333333334,0.2475233215083432,0.02988382578500638
S04_ma_10_30,4,ma_10_30,84,30,0.04660862733311556,0.0,0.3084186827300535,-0.11482585086042399,-0.09744455273057369,0.43333333333333335,0.13333333333333333,2.6,0.18268733850129198,0.04660862733311556
S04_ma_10_30,4,ma_10_30,85,30,0.03835904020486026,0.0,0.3590133230993701,-0.12266403951900971,-0.10569413985882901,0.4666666666666667,0.26666666666666666,2.7666666666666666,0.20930232558139536,0.03835904020486026
S04_ma_10_30,4,ma_10_30,86,30,0.021707321401084775,0.0031128373498600093,0.24608944534191954,-0.11326136351545499,-0.12234585866260451,0.5,0.2,3.3,0.2059212543248807,0.021707321401084775
S04_ma_10_30,4,ma_10_30,87,30,0.08332790785182059,0.014495839473524619,0.46807404116508783,-0.10782849864553204,-0.0607252722118687,0.5666666666666667,0.26666666666666666,3.1666666666666665,0.22790697674418606,0.08332790785182059
S04_ma_10_30,4,ma_10_30,88,30,0.09228284797662868,0.04421593372335575,0.5844089691380231,-0.09931954801189512,-0.05177033208706061,0.5666666666666667,0.3333333333333333,3.033333333333333,0.21447028423772616,0.09228284797662868
S04_ma_10_30,4,ma_10_30,89,30,0.03376411564309302,0.0,0.3186865420475789,-0.12541362920603089,-0.11028906442059624,0.43333333333333335,0.16666666666666666,3.1,0.23150264967371784,0.03376411564309302
S04_ma_10_30,4,ma_10_30,90,30,0.05189037971359544,0.02605039426728628,0.3623597471079795,-0.11672001115621734,-0.09216280035009386,0.5,0.26666666666666666,3.566666666666667,0.23462532299741606,0.05189037971359544
S04_ma_10_30,4,ma_10_30,91,30,0.012651021452348876,0.0,0.12429565123286772,-0.11355433271501966,-0.1314021586113404,0.43333333333333335,0.1,3.6,0.22558139534883723,0.012651021452348876
S04_ma_10_30,4,ma_10_30,92,30,0.07156905794669396,0.0,0.30216743323963263,-0.11983438180446519,-0.0724841221169953,0.4,0.23333333333333334,3.3333333333333335,0.1870801033591731,0.07156905794669396
S04_ma_10_30,4,ma_10_30,93,30,0.09743060644610649,0.013849187261588347,0.40516130709643206,-0.11822057086394892,-0.046622573617582784,0.5333333333333333,0.2,3.0,0.20075329566854988,0.09743060644610649
S04_ma_10_30,4,ma_10_30,94,30,0.050720024294792644,0.047416648771682945,0.5025342810911856,-0.11259516793232555,-0.09333315576889661,0.6,0.23333333333333334,2.966666666666667,0.23512022073314942,0.050720024294792644
S04_ma_10_30,4,ma_10_30,95,30,0.09526865654703741,0.0,0.12656172773445257,-0.12318064629975954,-0.04878452351665188,0.4,0.2,3.2,0.19121447028423774,0.09526865654703741
S04_ma_10_30,4,ma_10_30,96,30,0.137415009799456,0.01963654145138294,0.5577245764915175,-0.09624883740463601,-0.0066381702642332825,0.5333333333333333,0.23333333333333334,2.966666666666667,0.18628301143082382,0.137415009799456
S04_ma_10_30,4,ma_10_30,97,30,0.027737474904593752,0.0,0.19554947327717595,-0.114319957522292,-0.11631570515909552,0.4,0.2,3.1333333333333333,0.18682170542635662,0.027737474904593752
S04_ma_10_30,4,ma_10_30,98,30,0.0773975358250888,0.021196496842898926,0.6354796789870227,-0.12380566151350528,-0.06665564423860047,0.6333333333333333,0.36666666666666664,3.5,0.2573424429553716,0.0773975358250888
S04_ma_10_30,4,ma_10_30,99,30,0.04595913545428628,0.0031128373498600093,0.5028003577819801,-0.097176486585326,-0.09809404460940302,0.5,0.23333333333333334,3.1,0.1867998072964569,0.04595913545428628
S05_easier_highvol,5,easier_highvol,0,30,0.04559527267960663,0.044441572519255734,0.4033252653543826,-0.07224900631018392,-0.09845790738408264,0.6,0.06666666666666667,2.7333333333333334,0.11059431524547805,0.04559527267960663
S05_easier_highvol,5,easier_highvol,1,30,0.15774882091384507,0.08771241798984586,0.8592674179089255,-0.07626532211084958,0.013695640850155781,0.6666666666666666,0.23333333333333334,2.9,0.14521963824289408,0.15774882091384507
S05_easier_highvol,5,easier_highvol,2,30,0.05891342279851833,0.0415707465856856,0.5122523893599402,-0.07003338076750582,-0.08513975726517095,0.6666666666666666,0.2,3.066666666666667,0.13540051679586565,0.05891342279851833
S05_easier_highvol,5,easier_highvol,3,30,0.05393730970093361,0.05004193903524523,0.4187816789694535,-0.08495237080113777,-0.09011587036275566,0.6666666666666666,0.13333333333333333,3.1333333333333333,0.15813953488372096,0.05393730970093361
S05_easier_highvol,5,easier_highvol,4,30,0.03692543128487064,0.009602219675729051,0.22074907966297588,-0.09390074900662056,-0.10712774877881863,0.5666666666666667,0.13333333333333333,2.533333333333333,0.1619936057460693,0.03692543128487064
S05_easier_highvol,5,easier_highvol,5,30,0.14250577156859265,0.09508095686172191,0.8393906114108213,-0.08445925229421367,-0.0015474084950966212,0.6666666666666666,0.26666666666666666,2.933333333333333,0.13333333333333333,0.14250577156859265
S05_easier_highvol,5,easier_highvol,6,30,0.08214383608487469,0.020493711136685855,0.37210694780012177,-0.08770268397314805,-0.06190934397881458,0.6,0.13333333333333333,2.966666666666667,0.14961240310077523,0.08214383608487469
S05_easier_highvol,5,easier_highvol,7,30,0.1617592632608368,0.08668913038243098,1.0170744817626236,-0.06812138943428166,0.01770608319714753,0.6333333333333333,0.23333333333333334,2.5,0.13617571059431524,0.1617592632608368
S05_easier_highvol,5,easier_highvol,8,30,0.04836709221472761,0.028425366874772706,0.3933994587427304,-0.07248013889899167,-0.09568608784896167,0.6333333333333333,0.13333333333333333,2.8333333333333335,0.14054657732229672,0.04836709221472761
S05_easier_highvol,5,easier_highvol,9,30,0.12121312490452642,0.09714950536595324,0.7572208007980217,-0.08875367553537854,-0.02284005515916285,0.7,0.13333333333333333,3.3333333333333335,0.16304909560723516,0.12121312490452642
S05_easier_highvol,5,easier_highvol,10,30,0.0673330051106009,0.08178259189007742,0.5360588456970824,-0.0755903479119479,-0.07672017495308836,0.6,0.2,3.066666666666667,0.1289405684754522,0.0673330051106009
S05_easier_highvol,5,easier_highvol,11,30,0.07357138912179136,0.0064306473817620224,0.37142855461252017,-0.09878171525365712,-0.07048179094189792,0.5333333333333333,0.1,3.466666666666667,0.17284631892436392,0.07357138912179136
S05_easier_highvol,5,easier_highvol,12,30,0.08345154780582333,0.0981954442736821,0.6929183713763275,-0.07591093682350898,-0.060601632257865946,0.7666666666666667,0.2,3.033333333333333,0.14082687338501293,0.08345154780582333
S05_easier_highvol,5,easier_highvol,13,30,0.08017332226871829,0.04238650353221052,0.3933777888514154,-0.10207602381603434,-0.06387985779497098,0.6,0.06666666666666667,3.7333333333333334,0.15684754521963828,0.08017332226871829
S05_easier_highvol,5,easier_highvol,14,30,0.07137583371591082,0.02834653410493393,0.4648778427470955,-0.08917539136378534,-0.07267734634777846,0.6333333333333333,0.23333333333333334,3.466666666666667,0.1607016160819866,0.07137583371591082
S05_easier_highvol,5,easier_highvol,15,30,0.07970750464911855,0.061101739282609646,0.5538203977944123,-0.07932477653885223,-0.06434567541457073,0.6666666666666666,0.23333333333333334,3.3,0.1671834625322998,0.07970750464911855
S05_easier_highvol,5,easier_highvol,16,30,0.040496696415828946,0.023774969622874065,0.3568961221563386,-0.07432420093481934,-0.10355648364786035,0.6,0.13333333333333333,2.6333333333333333,0.11627906976744186,0.040496696415828946
S05_easier_highvol,5,easier_highvol,17,30,0.03020236577087986,0.0064306473817620224,0.1277053808189401,-0.0861041958008631,-0.11385081429280944,0.5333333333333333,0.06666666666666667,3.066666666666667,0.13692900626286517,0.03020236577087986
S05_easier_highvol,5,easier_highvol,18,30,0.10754220259254957,0.09407587586121902,0.8485571242111675,-0.09053303556509443,-0.03651097747113973,0.7333333333333333,0.23333333333333334,3.2666666666666666,0.1400516795865633,0.10754220259254957
S05_easier_highvol,5,easier_highvol,19,30,0.08796910385524706,0.03313114367439851,0.40414778342187646,-0.07836427262469334,-0.0560840762084422,0.5666666666666667,0.13333333333333333,2.8666666666666667,0.1317829457364341,0.08796910385524706
S05_easier_highvol,5,easier_highvol,20,30,0.041970573716819524,0.019405601291652363,0.3234779952289636,-0.0910879601959555,-0.10208260634686975,0.5666666666666667,0.13333333333333333,2.7333333333333334,0.13772609819121448,0.041970573716819524
S05_easier_highvol,5,easier_highvol,21,30,0.11359913304990438,0.0743306917548544,1.0081836515790636,-0.07129102979571553,-0.030454047013784895,0.8,0.23333333333333334,3.3,0.1568256470897386,0.11359913304990438
S05_easier_highvol,5,easier_highvol,22,30,0.10767999289261969,0.07479054379798689,0.5815620365365983,-0.08257507669807472,-0.03637318717106958,0.6,0.16666666666666666,3.066666666666667,0.15320807603030703,0.10767999289261969
S05_easier_highvol,5,easier_highvol,23,30,0.09540165853734844,0.09421219609049691,0.7247424531827265,-0.09035353278929986,-0.048651521526340814,0.7333333333333333,0.2,3.033333333333333,0.16897034993211582,0.09540165853734844
S05_easier_highvol,5,easier_highvol,24,30,0.028177853825881942,0.0022337667957054164,0.25797010165055984,-0.06734665293522593,-0.11587532623780736,0.5333333333333333,0.06666666666666667,2.6666666666666665,0.11935794683134061,0.028177853825881942
S05_easier_highvol,5,easier_highvol,25,30,0.06465360922139791,0.04963057087643197,0.6168151705903059,-0.07194244780397825,-0.0793995708422914,0.6666666666666666,0.13333333333333333,2.7333333333333334,0.13899618972539746,0.06465360922139791
S05_easier_highvol,5,easier_highvol,26,30,0.13517183674971278,0.08668913038243098,0.7294569193644763,-0.08779505456485426,-0.008881343313976494,0.7333333333333333,0.16666666666666666,3.066666666666667,0.14987080103359174,0.13517183674971278
S05_easier_highvol,5,easier_highvol,27,30,0.09993381339030397,0.03936206086399563,0.4889934201979941,-0.08378575733006569,-0.04411936667338532,0.5666666666666667,0.16666666666666666,3.0,0.13746770025839797,0.09993381339030397
S05_easier_highvol,5,easier_highvol,28,30,0.059185780931996765,0.013678893964914063,0.504848950010943,-0.07656116234465611,-0.08486739913169249,0.5333333333333333,0.16666666666666666,2.7,0.13772609819121448,0.059185780931996765
S05_easier_highvol,5,easier_highvol,29,30,0.038567450960859104,0.004737961151632497,0.25553710086708153,-0.1039670053689603,-0.10548572910283018,0.5333333333333333,0.06666666666666667,2.7666666666666666,0.14366925064599484,0.038567450960859104
S05_easier_highvol,5,easier_highvol,30,30,0.10995889812968347,0.02588289709124647,0.44144701596045927,-0.08616569988363582,-0.03409428193400584,0.5333333333333333,0.2,2.5,0.1594096264179039,0.10995889812968347
S05_easier_highvol,5,easier_highvol,31,30,0.10562230598302393,0.0987046984394534,0.9330687559583374,-0.07231804068551262,-0.03843087408066535,0.6666666666666666,0.26666666666666666,3.2666666666666666,0.14496124031007754,0.10562230598302393
S05_easier_highvol,5,easier_highvol,32,30,0.08221950445607436,0.0,0.018303626232013048,-0.08023702167334966,-0.061833675607614894,0.4666666666666667,0.1,2.8,0.14261376078482899,0.08221950445607436
S05_easier_highvol,5,easier_highvol,33,30,0.05802933438659034,0.055230937392421464,0.48859962175675536,-0.08854426188443214,-0.08602384567709893,0.6333333333333333,0.16666666666666666,3.033333333333333,0.1364122103972321,0.05802933438659034
S05_easier_highvol,5,easier_highvol,34,30,0.09626466871270506,0.051102770857493485,0.5780936459744903,-0.09333470200590742,-0.04778851135098421,0.6,0.3,2.7666666666666666,0.15682564708973853,0.09626466871270506
S05_easier_highvol,5,easier_highvol,35,30,0.06449792965227524,0.0364912349304255,0.46099877545986956,-0.07282244427222008,-0.07955525041141402,0.6,0.2,2.6333333333333333,0.11987474269697368,0.06449792965227524
S05_easier_highvol,5,easier_highvol,36,30,0.10144620736895414,0.06916156357335601,0.840872780238726,-0.08736074695976113,-0.04260697269473514,0.7333333333333333,0.2,2.566666666666667,0.16408268733850132,0.10144620736895414
S05_easier_highvol,5,easier_highvol,37,30,0.07942704371848226,0.08668913038243098,0.4642044366203934,-0.08639028296198707,-0.06462613634520702,0.6,0.23333333333333334,3.2333333333333334,0.16459948320413442,0.07942704371848226
S05_easier_highvol,5,easier_highvol,38,30,0.13725856226569133,0.09200205112702997,0.8353507031252418,-0.06755704346885949,-0.006794617797997963,0.7666666666666667,0.13333333333333333,2.7,0.13617571059431524,0.13725856226569133
S05_easier_highvol,5,easier_highvol,39,30,0.0723608704022173,0.08253235013886162,0.6639567316485724,-0.09019449046068255,-0.07169230966147198,0.6333333333333333,0.2,3.3,0.13746770025839797,0.0723608704022173
S05_easier_highvol,5,easier_highvol,40,30,0.05280888371538996,0.028425366874772706,0.33667639105507097,-0.07901583931397838,-0.09124429634829932,0.5666666666666667,0.13333333333333333,2.8,0.12868217054263567,0.05280888371538996
S05_easier_highvol,5,easier_highvol,41,30,0.12547422541157202,0.013678893964914063,0.49823359159147207,-0.08257658151163601,-0.018578954652117285,0.5666666666666667,0.2,2.8333333333333335,0.13643410852713178,0.12547422541157202
S05_easier_highvol,5,easier_highvol,42,30,0.08061275676209631,0.0899225629533128,0.7460402008190671,-0.08707853252186114,-0.06344042330159293,0.6333333333333333,0.16666666666666666,2.3666666666666667,0.13798449612403102,0.08061275676209631
S05_easier_highvol,5,easier_highvol,43,30,0.031502565925020556,0.0,0.21099816093812537,-0.07206475504880654,-0.11255061413866871,0.4,0.13333333333333333,2.6,0.12170542635658917,0.031502565925020556
S05_easier_highvol,5,easier_highvol,44,30,0.10497280892618327,0.09285987222876912,0.8721887306072394,-0.07001976276944448,-0.039080371137506016,0.7,0.26666666666666666,2.6,0.14754521963824294,0.10497280892618327
S05_easier_highvol,5,easier_highvol,45,30,0.14646069296767367,0.05577090683217256,0.940354027412097,-0.06621599931661916,0.0024075129039843692,0.7,0.2,2.6666666666666665,0.15682564708973853,0.14646069296767367
S05_easier_highvol,5,easier_highvol,46,30,0.07249264256868797,0.06136432897175448,0.55017539516476,-0.07382424104495053,-0.0715605374950013,0.6333333333333333,0.2,2.8,0.1235142118863049,0.07249264256868797
S05_easier_highvol,5,easier_highvol,47,30,0.06281478344837668,0.003926453025834942,0.4759004960167117,-0.0568119848783961,-0.0812383966153126,0.5333333333333333,0.2,2.6,0.11367319230937678,0.06281478344837668
S05_easier_highvol,5,easier_highvol,48,30,0.07153299606536126,0.03089043568615768,0.5398910732612647,-0.09037153455574157,-0.07252018399832802,0.6,0.16666666666666666,2.6666666666666665,0.14907370910524245,0.07153299606536126
S05_easier_highvol,5,easier_highvol,49,30,0.12077539169715432,0.06628180713359388,0.7326842158519511,-0.0857671879114955,-0.023277788366534973,0.6333333333333333,0.2,2.7333333333333334,0.14444444444444446,0.12077539169715432
S05_easier_highvol,5,easier_highvol,50,30,0.055446117449898406,0.009602219675729051,0.3751618559264743,-0.08767436898809175,-0.08860706261379085,0.5333333333333333,0.16666666666666666,2.433333333333333,0.14881531117242586,0.055446117449898406
S05_easier_highvol,5,easier_highvol,51,30,0.07516930817055274,0.06397256521617978,0.5330294813860483,-0.07528685917026395,-0.06888387189313651,0.6333333333333333,0.23333333333333334,3.2,0.16690316646958353,0.07516930817055274
S05_easier_highvol,5,easier_highvol,52,30,0.04864958500715677,0.03198977898273869,0.4236981070383284,-0.06906512428331026,-0.0954035950565325,0.6,0.1,2.533333333333333,0.14209696491919593,0.04864958500715677
S05_easier_highvol,5,easier_highvol,53,30,0.03013695158070839,0.035462000168217545,0.37090958708315674,-0.094537850973798,-0.1139162284829809,0.5666666666666667,0.1,2.933333333333333,0.15788113695090442,0.03013695158070839
S05_easier_highvol,5,easier_highvol,54,30,0.05530212826623173,0.040055647038391484,0.45798823805529715,-0.06442655846851858,-0.08875105179745754,0.5666666666666667,0.2,2.3666666666666667,0.12299741602067185,0.05530212826623173
S05_easier_highvol,5,easier_highvol,55,30,0.0795502067212838,0.03910524504602231,0.6546660282002398,-0.09285157223303497,-0.06450297334240548,0.6,0.16666666666666666,2.9,0.16408268733850132,0.0795502067212838
S05_easier_highvol,5,easier_highvol,56,30,0.0950992685771801,0.01685046625888109,0.3543902826667139,-0.10190820812406387,-0.048953911486509176,0.6,0.2,2.6666666666666665,0.1529715762273902,0.0950992685771801
S05_easier_highvol,5,easier_highvol,57,30,0.09150281135620345,0.016124342805464154,0.37291785291512064,-0.08143266268327791,-0.05255036870748585,0.5666666666666667,0.13333333333333333,2.566666666666667,0.15400516795865637,0.09150281135620345
S05_easier_highvol,5,easier_highvol,58,30,0.09537640443022352,0.0477110825414262,0.8031962516549868,-0.08070719594204245,-0.048676775633465744,0.6666666666666666,0.2,3.2,0.14728682170542637,0.09537640443022352
S05_easier_highvol,5,easier_highvol,59,30,0.06479019605146717,0.0,0.24693310475814528,-0.07596849018606525,-0.0792629840122221,0.43333333333333335,0.2,2.466666666666667,0.10465116279069768,0.06479019605146717
S05_easier_highvol,5,easier_highvol,60,30,0.13149764859344718,0.05783222926043918,0.6830827253018712,-0.07720520675709583,-0.012555531470242106,0.6333333333333333,0.26666666666666666,2.566666666666667,0.17336311478999694,0.13149764859344718
S05_easier_highvol,5,easier_highvol,61,30,0.05449649556864582,0.02021055751490808,0.29815395743159206,-0.0724326473081873,-0.08955668449504346,0.5666666666666667,0.13333333333333333,2.966666666666667,0.12041343669250647,0.05449649556864582
S05_easier_highvol,5,easier_highvol,62,30,0.06121637488881123,0.01781702903559368,0.35637632509306755,-0.07626595785722129,-0.08283680517487806,0.5333333333333333,0.16666666666666666,2.8333333333333335,0.13822099592694786,0.06121637488881123
S05_easier_highvol,5,easier_highvol,63,30,0.05360226490125501,0.014534790865013969,0.39788914499847905,-0.07045214375608413,-0.09045091516243424,0.5333333333333333,0.1,2.7,0.141343669250646,0.05360226490125501
S05_easier_highvol,5,easier_highvol,64,30,0.11988987838531387,0.06198900950400854,0.6778870834565368,-0.07659987140361212,-0.024163301678375423,0.6333333333333333,0.2,2.7333333333333334,0.13126614987080104,0.11988987838531387
S05_easier_highvol,5,easier_highvol,65,30,0.0904433832541103,0.09679554734433649,0.7698490218161478,-0.07770759112226341,-0.053609796809578975,0.7,0.16666666666666666,3.1,0.1400516795865633,0.0904433832541103
S05_easier_highvol,5,easier_highvol,66,30,0.10638545475575148,0.002967878594443585,0.39655883521819263,-0.08671423844314272,-0.0376677253079378,0.5,0.2,2.6666666666666665,0.12377260981912144,0.10638545475575148
S05_easier_highvol,5,easier_highvol,67,30,0.05572828255214257,0.018099202972979955,0.44754203211987265,-0.0854389273914309,-0.0883248975115467,0.5333333333333333,0.16666666666666666,2.566666666666667,0.13281653746770028,0.05572828255214257
S05_easier_highvol,5,easier_highvol,68,30,0.07746463629019382,0.07862032489203852,0.5197032410080606,-0.08256198235522953,-0.06658854377349546,0.5333333333333333,0.16666666666666666,2.6,0.11808785529715762,0.07746463629019382
S05_easier_highvol,5,easier_highvol,69,30,0.05752101599238792,0.05004193903524523,0.43045868704732737,-0.07996343044113867,-0.08653216407130135,0.5666666666666667,0.1,2.3,0.12428940568475454,0.05752101599238792
S05_easier_highvol,5,easier_highvol,70,30,0.06537425655221595,0.0,0.24032287548912987,-0.09045807962663645,-0.07867892351147333,0.4666666666666667,0.1,3.0,0.15710594315245482,0.06537425655221595
S05_easier_highvol,5,easier_highvol,71,30,0.06623044547499606,0.024782121996967943,0.2683867157321573,-0.08264847126746312,-0.07782273458869322,0.5666666666666667,0.03333333333333333,2.7333333333333334,0.12558139534883722,0.06623044547499606
S05_easier_highvol,5,easier_highvol,72,30,0.06694456582460408,0.024782121996967943,0.6473212173408804,-0.06642320599903195,-0.0771086142390852,0.6333333333333333,0.13333333333333333,3.033333333333333,0.11472868217054263,0.06694456582460408
S05_easier_highvol,5,easier_highvol,73,30,0.1116825254294025,0.08892842162229575,0.8024626759888858,-0.08630220856456597,-0.032370654634286795,0.7333333333333333,0.26666666666666666,3.7333333333333334,0.18240704243857575,0.1116825254294025
S05_easier_highvol,5,easier_highvol,74,30,0.05214372873948001,0.051102770857493485,0.5704941368552447,-0.08928725224136841,-0.0919094513242093,0.6,0.16666666666666666,2.6,0.12532299741602068,0.05214372873948001
S05_easier_highvol,5,easier_highvol,75,30,0.050998474087275356,0.028425366874772706,0.4402954133368404,-0.07733152862656881,-0.09305470597641392,0.6,0.06666666666666667,2.5,0.12144702842377261,0.050998474087275356
S05_easier_highvol,5,easier_highvol,76,30,0.07871337951914335,0.05275271760517908,0.48477080657575244,-0.08947893362845619,-0.06533980054454591,0.6666666666666666,0.26666666666666666,2.966666666666667,0.15630885122410548,0.07871337951914335
S05_easier_highvol,5,easier_highvol,77,30,0.05853551596893238,0.009107329482854198,0.4047042049004243,-0.0847249653823325,-0.08551766409475688,0.5666666666666667,0.13333333333333333,2.6333333333333333,0.1351421188630491,0.05853551596893238
S05_easier_highvol,5,easier_highvol,78,30,0.07661000893635729,0.04939262634915209,0.5243171487549019,-0.0791103605987899,-0.06744317112733199,0.6,0.23333333333333334,3.2666666666666666,0.15269128016467395,0.07661000893635729
S05_easier_highvol,5,easier_highvol,79,30,0.0920617364514595,0.0,0.3750839994556307,-0.07968295216408645,-0.05199144361222978,0.4666666666666667,0.16666666666666666,2.7333333333333334,0.14315245478036173,0.0920617364514595
S05_easier_highvol,5,easier_highvol,80,30,0.03508285259425659,0.0,0.19926505034851266,-0.07723995263057311,-0.10897032746943269,0.4666666666666667,0.1,2.9,0.12064993649542329,0.03508285259425659
S05_easier_highvol,5,easier_highvol,81,30,0.015729677720715676,0.0,0.17116554081454152,-0.09140951274486693,-0.1283235023429736,0.4666666666666667,0.06666666666666667,3.2666666666666666,0.15426356589147291,0.015729677720715676
S05_easier_highvol,5,easier_highvol,82,30,0.04845875222336899,0.028425366874772706,0.3711385691515127,-0.0842711549220679,-0.09559442784032028,0.5666666666666667,0.1,3.2666666666666666,0.11937984496124034,0.04845875222336899
S05_easier_highvol,5,easier_highvol,83,30,0.036539535954141854,0.0017700825571889123,0.2465366701033688,-0.07333793220173072,-0.10751364410954745,0.5,0.1,2.8333333333333335,0.10361757105943153,0.036539535954141854
S05_easier_highvol,5,easier_highvol,84,30,0.07743275319211249,0.0,0.18474866243593902,-0.07676631498649779,-0.06662042687157681,0.4666666666666667,0.06666666666666667,2.7333333333333334,0.1268733850129199,0.07743275319211249
S05_easier_highvol,5,easier_highvol,85,30,0.1544334881499467,0.09217600565165762,0.7652009673126218,-0.06570678635144525,0.010380308086257414,0.5666666666666667,0.3333333333333333,2.3666666666666667,0.11085271317829457,0.1544334881499467
S05_easier_highvol,5,easier_highvol,86,30,0.16819124753765113,0.0981954442736821,1.0705710257833538,-0.078320193862461,0.02413806747396184,0.7,0.3,2.6333333333333333,0.15503875968992245,0.16819124753765113
S05_easier_highvol,5,easier_highvol,87,30,0.0665055355841522,0.03350487853003281,0.5097443723854267,-0.07095008863352452,-0.07754764447953709,0.6,0.16666666666666666,2.466666666666667,0.13927648578811372,0.0665055355841522
S05_easier_highvol,5,easier_highvol,88,30,0.04389850391782132,0.028425366874772706,0.33155834399307693,-0.07747430654965969,-0.10015467614586797,0.5333333333333333,0.13333333333333333,2.9,0.13746770025839794,0.04389850391782132
S05_easier_highvol,5,easier_highvol,89,30,0.1261937373888801,0.014354260248275241,0.5514783091047538,-0.08705354570031877,-0.017859442674809173,0.5,0.23333333333333334,2.6,0.14418604651162792,0.1261937373888801
S05_easier_highvol,5,easier_highvol,90,30,0.04350875457406766,0.003926453025834942,0.4047980152044856,-0.06261208523077505,-0.10054442548962163,0.5333333333333333,0.13333333333333333,2.533333333333333,0.11574037577190907,0.04350875457406766
S05_easier_highvol,5,easier_highvol,91,30,0.08411366210613783,0.07762581164650806,0.7137025609962026,-0.08774354990490263,-0.05993951795755146,0.6666666666666666,0.23333333333333334,3.033333333333333,0.15322997416020673,0.08411366210613783
S05_easier_highvol,5,easier_highvol,92,30,0.0769680928433337,0.002967878594443585,0.2519971724048028,-0.07928494012939087,-0.06708508722035557,0.5,0.16666666666666666,3.2666666666666666,0.1454780361757106,0.0769680928433337
S05_easier_highvol,5,easier_highvol,93,30,0.05405804079835308,0.05577090683217256,0.5371980547623066,-0.06664210113553194,-0.0899951392653362,0.6666666666666666,0.1,2.533333333333333,0.10850523365304604,0.05405804079835308
S05_easier_highvol,5,easier_highvol,94,30,0.03841113166703065,0.0064306473817620224,0.31580976212179035,-0.0679368145339438,-0.10564204839665865,0.5666666666666667,0.1,2.7,0.12710988481583677,0.03841113166703065
S05_easier_highvol,5,easier_highvol,95,30,0.06108792644838626,0.051102770857493485,0.5662026374243362,-0.08397426161868891,-0.08296525361530303,0.6333333333333333,0.16666666666666666,3.1333333333333333,0.15398326982875662,0.06108792644838626
S05_easier_highvol,5,easier_highvol,96,30,0.08611228176425208,0.06627086746410804,0.7414682805593132,-0.05105649097243634,-0.05794089829943719,0.6333333333333333,0.16666666666666666,2.533333333333333,0.11369509043927647,0.08611228176425208
S05_easier_highvol,5,easier_highvol,97,30,0.07536808433702363,0.04811547132913785,0.6358519345705941,-0.08146961571936753,-0.06868509572666567,0.6333333333333333,0.2,2.6333333333333333,0.11033591731266151,0.07536808433702363
S05_easier_highvol,5,easier_highvol,98,30,0.053090191435737386,0.03350487853003281,0.3469155642453182,-0.08470847221717834,-0.09096298862795188,0.5666666666666667,0.2,2.933333333333333,0.1372093023255814,0.053090191435737386
S05_easier_highvol,5,easier_highvol,99,30,0.09147512380140095,0.014071106626497465,0.2673380048397533,-0.079255422712662,-0.05257805626228831,0.5,0.16666666666666666,2.7666666666666666,0.12454780361757106,0.09147512380140095
S06_stricter_highvol,6,stricter_highvol,0,30,0.14420543803273864,0.03959106265496026,0.7301321958252595,-0.12561672546632704,0.00015225796904937047,0.7333333333333333,0.3333333333333333,2.7,0.24237945079490208,0.14420543803273864
S06_stricter_highvol,6,stricter_highvol,1,30,0.058526082343240395,-0.03363745838280319,0.1304937902310204,-0.15968041109249892,-0.08552709772044889,0.43333333333333335,0.23333333333333334,2.8666666666666667,0.2739018087855297,0.058526082343240395
S06_stricter_highvol,6,stricter_highvol,2,30,0.07484868863447515,0.0,0.14185160273812852,-0.1239332365059085,-0.06920449142921413,0.4666666666666667,0.23333333333333334,2.5,0.2372093023255814,0.07484868863447515
S06_stricter_highvol,6,stricter_highvol,3,30,0.1386778520537971,0.034794704621477934,0.5467398946137976,-0.11525651667905304,-0.005375328009892155,0.7,0.3,2.8333333333333335,0.2798471510533001,0.1386778520537971
S06_stricter_highvol,6,stricter_highvol,4,30,0.13459406429289297,0.03918783401908876,0.5848503307351518,-0.11512659327661827,-0.00945911577079633,0.6666666666666666,0.23333333333333334,2.3666666666666667,0.24160206718346258,0.13459406429289297
S06_stricter_highvol,6,stricter_highvol,5,30,0.10097792831589127,0.03632114902541517,0.5036105556847422,-0.1269918413662629,-0.043075251747798,0.5666666666666667,0.3,2.6666666666666665,0.2679586563307494,0.10097792831589127
S06_stricter_highvol,6,stricter_highvol,6,30,0.11734100543447766,0.034794704621477934,0.5333407350667521,-0.1160562281277218,-0.026712174629211615,0.6,0.3333333333333333,2.7666666666666666,0.23178294573643413,0.11734100543447766
S06_stricter_highvol,6,stricter_highvol,7,30,0.10971663456998353,0.03876399831872268,0.60117046017721,-0.11353707875387181,-0.034336545493705746,0.6333333333333333,0.3333333333333333,2.8666666666666667,0.22196382428940567,0.10971663456998353
S06_stricter_highvol,6,stricter_highvol,8,30,0.0786521003765316,0.011151822129605637,0.29174639579973227,-0.11443252927717,-0.06540107968715766,0.5,0.2,2.6333333333333333,0.21963824289405684,0.0786521003765316
S06_stricter_highvol,6,stricter_highvol,9,30,0.0785763385718514,0.04419648502997198,0.45430063581833874,-0.11268419986668667,-0.06547684149183788,0.6666666666666666,0.3333333333333333,2.8666666666666667,0.26150089782332586,0.0785763385718514
S06_stricter_highvol,6,stricter_highvol,10,30,0.23388936357743653,0.060803597419701205,1.0586495088848331,-0.1286269396792358,0.08983618351374718,0.7666666666666667,0.3,2.566666666666667,0.27571278412823547,0.23388936357743653
S06_stricter_highvol,6,stricter_highvol,11,30,0.1842021762579532,0.03350487853003281,0.6070983154959207,-0.10848333323475,0.04014899619426396,0.6,0.26666666666666666,2.533333333333333,0.22790697674418608,0.1842021762579532
S06_stricter_highvol,6,stricter_highvol,12,30,0.0889650953185981,0.005900688521573438,0.28783620826511597,-0.1127407882837366,-0.055088084745091165,0.5,0.23333333333333334,2.7666666666666666,0.23720930232558143,0.0889650953185981
S06_stricter_highvol,6,stricter_highvol,13,30,0.15689048185306317,0.053443110671983485,0.653074382708737,-0.12606068372528278,0.012837301789373857,0.6333333333333333,0.3,2.8,0.2640826873385013,0.15689048185306317
S06_stricter_highvol,6,stricter_highvol,14,30,0.09603051683315277,0.0210547493150971,0.3529846616774416,-0.1279139972081776,-0.0480226632305365,0.6,0.26666666666666666,2.8333333333333335,0.2366925064599483,0.09603051683315277
S06_stricter_highvol,6,stricter_highvol,15,30,0.16522280911231352,0.036774388552203274,0.6879448850315334,-0.123219911798284,0.021169629048624218,0.6333333333333333,0.3,2.8,0.29018087855297153,0.16522280911231352
S06_stricter_highvol,6,stricter_highvol,16,30,0.12854426247281803,0.055953087555405734,0.5754180984725158,-0.12564042383346685,-0.015508917590871252,0.6,0.36666666666666664,3.066666666666667,0.22532299741602066,0.12854426247281803
S06_stricter_highvol,6,stricter_highvol,17,30,0.13548502282139854,0.030302440411363207,0.5051680124813217,-0.1287098615615961,-0.008568157242290748,0.5666666666666667,0.23333333333333334,3.1666666666666665,0.26175710594315243,0.13548502282139854
S06_stricter_highvol,6,stricter_highvol,18,30,0.13537571924571454,0.019672049994130858,0.35631005706281127,-0.12568170966050835,-0.008677460817974703,0.6,0.26666666666666666,2.7333333333333334,0.2764857881136951,0.13537571924571454
S06_stricter_highvol,6,stricter_highvol,19,30,0.09816530844509168,0.01014494303065483,0.4247985615017256,-0.13732294385970267,-0.04588787161859763,0.5666666666666667,0.23333333333333334,2.8666666666666667,0.26098410195769284,0.09816530844509168
S06_stricter_highvol,6,stricter_highvol,20,30,0.062443950359286515,0.027859591118055693,0.4412462360261818,-0.12523753425300757,-0.08160922970440272,0.5666666666666667,0.2,2.6,0.26072351421188633,0.062443950359286515
S06_stricter_highvol,6,stricter_highvol,21,30,0.14693583296886517,0.030302440411363207,0.580589024204656,-0.13091675892567223,0.0028826529051759714,0.6,0.3,2.9,0.2496124031007752,0.14693583296886517
S06_stricter_highvol,6,stricter_highvol,22,30,0.10344415387958097,0.03876399831872268,0.41162127164329276,-0.10369438932145443,-0.04060902618410832,0.6,0.26666666666666666,2.2,0.19664082687338505,0.10344415387958097
S06_stricter_highvol,6,stricter_highvol,23,30,0.16005275066989091,0.036774388552203274,0.49815738286758776,-0.141152147787899,0.01599957060620161,0.5666666666666667,0.26666666666666666,2.6666666666666665,0.2633074935400517,0.16005275066989091
S06_stricter_highvol,6,stricter_highvol,24,30,0.14268513082856238,0.061164764679006334,0.7144655678610348,-0.1206593839659068,-0.0013680492351268705,0.6666666666666666,0.3333333333333333,2.6,0.25839793281653745,0.14268513082856238
S06_stricter_highvol,6,stricter_highvol,25,30,0.1443057245412396,0.07138645362371121,0.8444227907345633,-0.14378549458797568,0.0002525444775503353,0.7333333333333333,0.3333333333333333,3.066666666666667,0.2917312661498708,0.1443057245412396
S06_stricter_highvol,6,stricter_highvol,26,30,0.11473070318463181,0.023326352729361455,0.45080474911889623,-0.12789740223144572,-0.029322476879057473,0.6333333333333333,0.3,2.8,0.2689922480620155,0.11473070318463181
S06_stricter_highvol,6,stricter_highvol,27,30,0.16213896642557007,0.040477660110533886,0.6943281968175162,-0.10944634921313957,0.018085786361880827,0.6333333333333333,0.26666666666666666,2.2333333333333334,0.2441860465116279,0.16213896642557007
S06_stricter_highvol,6,stricter_highvol,28,30,0.15378495523094884,0.022505731692457842,0.4954717130229843,-0.1343141837349565,0.009731775167259586,0.5666666666666667,0.36666666666666664,2.433333333333333,0.30310296500678846,0.15378495523094884
S06_stricter_highvol,6,stricter_highvol,29,30,0.08054892792761205,0.006117062883835955,0.30500473868297373,-0.10962374215240664,-0.06350425213607722,0.5333333333333333,0.23333333333333334,2.3333333333333335,0.2271339727587264,0.08054892792761205
S06_stricter_highvol,6,stricter_highvol,30,30,0.13180546102451846,0.03876399831872268,0.6801652365643616,-0.11945433388034234,-0.012247719039170813,0.7,0.3,2.7,0.24392764857881138,0.13180546102451846
S06_stricter_highvol,6,stricter_highvol,31,30,0.10494742504610782,0.03364836156690487,0.5555934614980028,-0.12052200099516774,-0.03910575501758148,0.6,0.26666666666666666,3.1,0.2568497350326282,0.10494742504610782
S06_stricter_highvol,6,stricter_highvol,32,30,0.05133479658467046,0.0346382364782305,0.30457819791214286,-0.13317501911116608,-0.09271838347901881,0.6333333333333333,0.2,2.533333333333333,0.2537467700258398,0.05133479658467046
S06_stricter_highvol,6,stricter_highvol,33,30,0.19220362561323048,0.040477660110533886,0.834917158798255,-0.11285918617777685,0.048150445549541156,0.7333333333333333,0.3,2.533333333333333,0.26098191214470284,0.19220362561323048
S06_stricter_highvol,6,stricter_highvol,34,30,0.15708548530775118,0.04432405577307086,0.7853505174780767,-0.13601851563061024,0.013032305244061878,0.6666666666666666,0.3333333333333333,2.8666666666666667,0.2702842377260982,0.15708548530775118
S06_stricter_highvol,6,stricter_highvol,35,30,0.21461379676782502,0.049259374078825524,0.8652582664818094,-0.1213634826483833,0.07056061670413577,0.8,0.3,2.6666666666666665,0.31343669250646006,0.21461379676782502
S06_stricter_highvol,6,stricter_highvol,36,30,0.12073297980751363,0.0346382364782305,0.6164496288530148,-0.09296493452849199,-0.023320200256175653,0.6666666666666666,0.3,2.8333333333333335,0.2385034818026541,0.12073297980751363
S06_stricter_highvol,6,stricter_highvol,37,30,0.19586892212315365,0.04573139861070086,0.6515986521038069,-0.14774636288839607,0.05181574205946439,0.6333333333333333,0.3,2.8666666666666667,0.26692506459948323,0.19586892212315365
S06_stricter_highvol,6,stricter_highvol,38,30,0.08688573736145837,0.030302440411363207,0.49493767316705306,-0.11406094921936788,-0.05716744270223091,0.6333333333333333,0.3,2.9,0.25762273901808785,0.08688573736145837
S06_stricter_highvol,6,stricter_highvol,39,30,0.23062672287524252,0.048559880485686824,0.9659939424413149,-0.11341653864465534,0.08657354281155324,0.7666666666666667,0.36666666666666664,2.533333333333333,0.2524547803617571,0.23062672287524252
S06_stricter_highvol,6,stricter_highvol,40,30,0.20483937055046295,0.031062029236725297,0.45629704574675833,-0.14518077877800276,0.06078619048677366,0.6,0.3333333333333333,3.433333333333333,0.27777777777777785,0.20483937055046295
S06_stricter_highvol,6,stricter_highvol,41,30,0.15264474843415907,0.03796768322711164,0.7100995283462266,-0.1317382262133673,0.008591568370469808,0.7,0.36666666666666664,2.7,0.29250864976131036,0.15264474843415907
S06_stricter_highvol,6,stricter_highvol,42,30,0.15421343054761688,0.0816588632400892,0.9064189001187138,-0.1085345021909907,0.010160250483927599,0.8,0.3333333333333333,2.3,0.27984715105330005,0.15421343054761688
S06_stricter_highvol,6,stricter_highvol,43,30,0.15051375512129317,0.04349699143683328,0.6395259071820525,-0.12087488396108206,0.006460575057603923,0.6333333333333333,0.26666666666666666,2.433333333333333,0.24728682170542635,0.15051375512129317
S06_stricter_highvol,6,stricter_highvol,44,30,0.1274559496435514,0.04532816997482936,0.7311338659988753,-0.09075617546450522,-0.01659723042013789,0.6666666666666666,0.4,2.6666666666666665,0.22790697674418603,0.1274559496435514
S06_stricter_highvol,6,stricter_highvol,45,30,0.11411142459936707,0.0463037397037962,0.597392972710609,-0.10945468790794682,-0.029941755464322206,0.6333333333333333,0.26666666666666666,2.3,0.2516795865633075,0.11411142459936707
S06_stricter_highvol,6,stricter_highvol,46,30,0.28189544057353805,0.04996722332331682,0.9759956098191748,-0.12660325848604567,0.13784226050984869,0.7666666666666667,0.36666666666666664,2.7,0.3062037402005869,0.28189544057353805
S06_stricter_highvol,6,stricter_highvol,47,30,0.07133254987156139,0.037081085771538014,0.4708119092642252,-0.11032760078300585,-0.07272063019212789,0.6666666666666666,0.2,2.533333333333333,0.24031007751937986,0.07133254987156139
S06_stricter_highvol,6,stricter_highvol,48,30,0.14015114743955154,0.040053824410167804,0.5810970808463719,-0.15507492561083067,-0.003902032624137745,0.6333333333333333,0.3333333333333333,3.066666666666667,0.28501510970963084,0.14015114743955154
S06_stricter_highvol,6,stricter_highvol,49,30,0.07683415235379186,0.01549880245625268,0.41046643114364856,-0.13131361281047457,-0.06721902770989742,0.5666666666666667,0.2,2.4,0.23669250645994833,0.07683415235379186
S06_stricter_highvol,6,stricter_highvol,50,30,0.1444118210878599,0.026902559970866657,0.4240194536390724,-0.11433048334349924,0.00035864102417059915,0.6,0.26666666666666666,2.4,0.21059431524547803,0.1444118210878599
S06_stricter_highvol,6,stricter_highvol,51,30,0.09035161972725296,0.006117062883835955,0.39428345212145355,-0.11049404708335306,-0.05370156033643632,0.5666666666666667,0.23333333333333334,2.433333333333333,0.2372093023255814,0.09035161972725296
S06_stricter_highvol,6,stricter_highvol,52,30,0.17067807367908558,0.07138645362371121,0.7358842662999494,-0.13809081472699986,0.026624893615396304,0.6,0.36666666666666664,2.6,0.2847545219638243,0.17067807367908558
S06_stricter_highvol,6,stricter_highvol,53,30,0.1220593355653896,0.006139450888410614,0.37428564983856444,-0.12379704431526255,-0.021993844498299712,0.5,0.26666666666666666,2.566666666666667,0.27260981912144705,0.1220593355653896
S06_stricter_highvol,6,stricter_highvol,54,30,0.08597707164097,0.007568045261196699,0.44323620508458283,-0.14325289655532536,-0.058076108422719305,0.5333333333333333,0.3333333333333333,2.6,0.23411071694477298,0.08597707164097
S06_stricter_highvol,6,stricter_highvol,55,30,0.09322976885179436,0.028585472518051325,0.4888831263102443,-0.11490013404172164,-0.05082341121189493,0.5666666666666667,0.23333333333333334,2.3333333333333335,0.23436911487758952,0.09322976885179436
S06_stricter_highvol,6,stricter_highvol,56,30,0.11506510335518937,0.014659678752935834,0.3677465396708826,-0.132631425787035,-0.028988076708499923,0.6,0.26666666666666666,2.5,0.275452196382429,0.11506510335518937
S06_stricter_highvol,6,stricter_highvol,57,30,0.09147923162601533,0.032284727738055685,0.48426428724097403,-0.12554777829718752,-0.05257394843767396,0.6,0.26666666666666666,3.3,0.2648578811369509,0.09147923162601533
S06_stricter_highvol,6,stricter_highvol,58,30,0.12285765300290362,0.0013627571368637348,0.41071145300004713,-0.10772250853738408,-0.021195527060785653,0.5,0.2,2.1,0.20723733193185306,0.12285765300290362
S06_stricter_highvol,6,stricter_highvol,59,30,0.13704444939844856,0.019672049994130858,0.4524275436796914,-0.13261403728078827,-0.007008730665240733,0.6,0.3,3.3333333333333335,0.2775215696579513,0.13704444939844856
S06_stricter_highvol,6,stricter_highvol,60,30,0.1733759144439321,0.0013627571368637348,0.6239574291152633,-0.10788725767783254,0.029322734380242837,0.5,0.3,2.2,0.26434108527131783,0.1733759144439321
S06_stricter_highvol,6,stricter_highvol,61,30,0.12281299981249175,0.010290310421714133,0.46493539064191247,-0.13603534379498025,-0.02124018025119753,0.5666666666666667,0.3,2.533333333333333,0.2635658914728682,0.12281299981249175
S06_stricter_highvol,6,stricter_highvol,62,30,0.20224649421261323,0.06768183362745317,0.7466628637250244,-0.11579092213596738,0.058193314148924015,0.6666666666666666,0.36666666666666664,2.4,0.2762273901808785,0.20224649421261323
S06_stricter_highvol,6,stricter_highvol,63,30,0.0388569958913304,0.0119374135924184,0.4160364267185688,-0.10855432392874474,-0.10519618417235886,0.6,0.26666666666666666,2.2,0.23695309420575483,0.0388569958913304
S06_stricter_highvol,6,stricter_highvol,64,30,0.18746722488101794,0.0463037397037962,0.8529248552436184,-0.13073775758230466,0.04341404481732861,0.7666666666666667,0.3333333333333333,2.8,0.2695090439276486,0.18746722488101794
S06_stricter_highvol,6,stricter_highvol,65,30,0.08459093991119569,0.022505731692457842,0.3350812597225597,-0.10660700328201565,-0.05946224015249359,0.5666666666666667,0.26666666666666666,2.7333333333333334,0.24186265492926912,0.08459093991119569
S06_stricter_highvol,6,stricter_highvol,66,30,0.10848646692305779,0.039650595774296304,0.5474599136765061,-0.12123772056243362,-0.035566713140631506,0.6666666666666666,0.3,2.7333333333333334,0.2888910787018789,0.10848646692305779
S06_stricter_highvol,6,stricter_highvol,67,30,0.13329189815848894,0.014420916386098659,0.4755647482870529,-0.11052641775541681,-0.010761281905200348,0.5333333333333333,0.3333333333333333,2.7666666666666666,0.24728682170542637,0.13329189815848894
S06_stricter_highvol,6,stricter_highvol,68,30,0.11318804794423046,0.006117062883835955,0.3665607898601761,-0.14252031407208407,-0.030865132119458828,0.5666666666666667,0.26666666666666666,3.033333333333333,0.265374677002584,0.11318804794423046
S06_stricter_highvol,6,stricter_highvol,69,30,0.12139770548181744,0.022874488112800462,0.6146630910312362,-0.10351934942215246,-0.022655474581871827,0.5666666666666667,0.3,2.3666666666666667,0.2369509043927649,0.12139770548181744
S06_stricter_highvol,6,stricter_highvol,70,30,0.16009272841050837,0.028585472518051325,0.5747170105582645,-0.12318474463673677,0.0160395483468191,0.6,0.36666666666666664,3.1,0.2524547803617571,0.16009272841050837
S06_stricter_highvol,6,stricter_highvol,71,30,0.10583542630946255,0.020152222952283028,0.542098522491597,-0.12350772235214569,-0.03821775375422673,0.6,0.4,2.6,0.23617790040730527,0.10583542630946255
S06_stricter_highvol,6,stricter_highvol,72,30,0.13745142772961302,0.012040139409984052,0.589029135724499,-0.1323877636602531,-0.006601752334076235,0.5666666666666667,0.3,2.566666666666667,0.2757105943152455,0.13745142772961302
S06_stricter_highvol,6,stricter_highvol,73,30,0.05293207631860822,0.026902559970866657,0.2056344871863001,-0.11099026770426229,-0.09112110374508105,0.5666666666666667,0.23333333333333334,2.8333333333333335,0.25167958656330747,0.05293207631860822
S06_stricter_highvol,6,stricter_highvol,74,30,0.07764466771685573,0.0415707465856856,0.43141382060923356,-0.11197473484548644,-0.06640851234683352,0.6,0.3,2.533333333333333,0.22248062015503878,0.07764466771685573
S06_stricter_highvol,6,stricter_highvol,75,30,0.1032525663326492,0.012514579266469372,0.44004042316869474,-0.13065639447613323,-0.04080061373104006,0.5333333333333333,0.3,2.7666666666666666,0.25581395348837216,0.1032525663326492
S06_stricter_highvol,6,stricter_highvol,76,30,0.01575397135312228,0.007909533445599526,0.23021820943623436,-0.1277435047683563,-0.12829920871056702,0.5333333333333333,0.13333333333333333,2.566666666666667,0.23023255813953494,0.01575397135312228
S06_stricter_highvol,6,stricter_highvol,77,30,0.03658353278881218,0.0,0.20059253478007552,-0.10465822433070078,-0.10746964727487711,0.43333333333333335,0.16666666666666666,2.4,0.20723514211886307,0.03658353278881218
S06_stricter_highvol,6,stricter_highvol,78,30,0.0899797082346278,0.048559880485686824,0.6326418237196509,-0.11474295293528043,-0.05407347182906148,0.6666666666666666,0.3,2.6,0.25478255157009594,0.0899797082346278
S06_stricter_highvol,6,stricter_highvol,79,30,0.11282670779654831,0.04432405577307086,0.6151703922059333,-0.11882532564629147,-0.031226472267140967,0.7666666666666667,0.3,2.6333333333333333,0.2757127841282355,0.11282670779654831
S06_stricter_highvol,6,stricter_highvol,80,30,0.13630396770761272,0.0,0.22673799917852452,-0.11468980633298759,-0.007749212356076581,0.43333333333333335,0.26666666666666666,2.7,0.2260981912144703,0.13630396770761272
S06_stricter_highvol,6,stricter_highvol,81,30,0.10739512354351556,0.005900688521573438,0.41924064650413584,-0.11977680894970198,-0.03665805652017373,0.5,0.3333333333333333,2.966666666666667,0.23436692506459952,0.10739512354351556
S06_stricter_highvol,6,stricter_highvol,82,30,0.10779937116241885,0.026902559970866657,0.5077145826521705,-0.11820915116245395,-0.03625380890127044,0.5333333333333333,0.23333333333333334,2.6333333333333333,0.23643410852713181,0.10779937116241885
S06_stricter_highvol,6,stricter_highvol,83,30,0.14420553597876687,0.02551406855853855,0.5816798334062033,-0.11390048424576911,0.0001523559150775881,0.6,0.26666666666666666,2.5,0.2493561949809487,0.14420553597876687
S06_stricter_highvol,6,stricter_highvol,84,30,0.06172538779628378,0.011698651225581225,0.32325411770223095,-0.0866213057479144,-0.0823277922674055,0.5666666666666667,0.2,2.3666666666666667,0.21912363684141375,0.06172538779628378
S06_stricter_highvol,6,stricter_highvol,85,30,0.20463815887906647,0.04917456563736633,0.6671345083371083,-0.15513107046277036,0.0605849788153772,0.7,0.26666666666666666,3.0,0.27958656330749354,0.20463815887906647
S06_stricter_highvol,6,stricter_highvol,86,30,0.08407636214638271,0.0346382364782305,0.6396185347876764,-0.09535338292287122,-0.05997681791730657,0.7,0.26666666666666666,2.066666666666667,0.26486007094994085,0.08407636214638271
S06_stricter_highvol,6,stricter_highvol,87,30,0.14863626219310966,0.03714821336165275,0.6563194968588544,-0.15240276429963537,0.004583082129420368,0.6333333333333333,0.3333333333333333,2.533333333333333,0.27080103359173135,0.14863626219310966
S06_stricter_highvol,6,stricter_highvol,88,30,0.1176146315134354,0.0013627571368637348,0.39318548808554243,-0.12808294642124257,-0.02643854855025387,0.5,0.26666666666666666,2.3333333333333335,0.2392764857881137,0.1176146315134354
S06_stricter_highvol,6,stricter_highvol,89,30,0.10382475637720236,0.0119374135924184,0.3265739551584847,-0.1479525842422547,-0.04022842368648693,0.5666666666666667,0.16666666666666666,2.9,0.2803639469189332,0.10382475637720236
S06_stricter_highvol,6,stricter_highvol,90,30,0.1036019536616931,0.012040139409984052,0.28519393357717376,-0.09998874983902238,-0.04045122640199616,0.5666666666666667,0.16666666666666666,2.8333333333333335,0.24909560723514212,0.1036019536616931
S06_stricter_highvol,6,stricter_highvol,91,30,0.1372948590712753,0.049259374078825524,0.8076120730635409,-0.10535175427377984,-0.006758320992413969,0.7,0.26666666666666666,2.2333333333333334,0.21447028423772613,0.1372948590712753
S06_stricter_highvol,6,stricter_highvol,92,30,0.09719885610522437,0.022874488112800462,0.4080315864353436,-0.10575354667737862,-0.04685432395846492,0.5666666666666667,0.23333333333333334,2.433333333333333,0.20930232558139542,0.09719885610522437
S06_stricter_highvol,6,stricter_highvol,93,30,0.14099156344697214,0.032284727738055685,0.7101440010406391,-0.126985354228178,-0.0030616166167171705,0.6333333333333333,0.36666666666666664,2.7666666666666666,0.2746791923969693,0.14099156344697214
S06_stricter_highvol,6,stricter_highvol,94,30,0.1585453150015254,0.04846671639287503,0.7955136451016244,-0.11347484350943651,0.014492134937836125,0.7,0.3,2.533333333333333,0.2604651162790697,0.1585453150015254
S06_stricter_highvol,6,stricter_highvol,95,30,0.09316605476713676,0.01014494303065483,0.3431142679420544,-0.1377544706530381,-0.05088712529655251,0.6,0.3,2.7333333333333334,0.25710813296544477,0.09316605476713676
S06_stricter_highvol,6,stricter_highvol,96,30,0.10783144877705203,0.022874488112800462,0.45841727091895235,-0.13797618541364035,-0.03622173128663724,0.5333333333333333,0.36666666666666664,2.6,0.2922480620155039,0.10783144877705203
S06_stricter_highvol,6,stricter_highvol,97,30,0.07189621428346207,0.020493711136685855,0.35147802944202233,-0.1173459338273702,-0.07215696578022719,0.6,0.2,2.3666666666666667,0.2762295799938686,0.07189621428346207
S06_stricter_highvol,6,stricter_highvol,98,30,0.12702453108845135,0.010247668848220481,0.3749292346387486,-0.12532508689823624,-0.017028648975237932,0.5333333333333333,0.23333333333333334,3.1,0.27958656330749354,0.12702453108845135
S06_stricter_highvol,6,stricter_highvol,99,30,0.14267278293123598,0.031392220785014247,0.6730081275803087,-0.10568682410082969,-0.0013803971324533185,0.6,0.3,2.8,0.2397954714667367,0.14267278293123598
S07_short_vol_window,7,short_vol_window,0,30,0.06767493843442797,0.01373433617590658,0.24563032777130117,-0.09795317980480964,-0.07637824162926131,0.5666666666666667,0.16666666666666666,4.266666666666667,0.15658914728682172,0.06767493843442797
S07_short_vol_window,7,short_vol_window,1,30,0.06810619865291079,0.020152222952283028,0.4242042862202297,-0.10632753873834747,-0.07594698141077848,0.5333333333333333,0.2,3.9,0.17312880480007012,0.06810619865291079
S07_short_vol_window,7,short_vol_window,2,30,0.03151993322934613,0.0,0.10842658635912301,-0.10357408273752715,-0.11253324683434315,0.4666666666666667,0.16666666666666666,4.3,0.1651162790697675,0.03151993322934613
S07_short_vol_window,7,short_vol_window,3,30,0.10351942018562672,0.026492889804293873,0.5373665193088212,-0.08137478285330396,-0.04053375987806256,0.6333333333333333,0.23333333333333334,3.7,0.17648797792668514,0.10351942018562672
S07_short_vol_window,7,short_vol_window,4,30,0.16677905926955586,0.04917456563736633,0.8146416140000026,-0.09396363977556162,0.022725879205866537,0.7333333333333333,0.3333333333333333,4.0,0.17131782945736432,0.16677905926955586
S07_short_vol_window,7,short_vol_window,5,30,0.12892691280976626,0.040759028949360565,0.6771628230348341,-0.09927280150109653,-0.015126267253923017,0.6333333333333333,0.3,4.4,0.15813953488372096,0.12892691280976626
S07_short_vol_window,7,short_vol_window,6,30,0.14443203451188089,0.029390622427807878,0.6542118540716783,-0.07702008000593029,0.00037885444819159747,0.6,0.3,3.6666666666666665,0.1591731266149871,0.14443203451188089
S07_short_vol_window,7,short_vol_window,7,30,0.0644726258058918,0.0,0.17984922355450295,-0.08724759384307072,-0.07958055425779748,0.43333333333333335,0.2,3.933333333333333,0.13953488372093023,0.0644726258058918
S07_short_vol_window,7,short_vol_window,8,30,0.0721491486298656,0.00848165950520019,0.23886421924323792,-0.11486400791674245,-0.07190403143382369,0.5666666666666667,0.23333333333333334,4.233333333333333,0.20981912144702844,0.0721491486298656
S07_short_vol_window,7,short_vol_window,9,30,0.058295324358075114,0.03034036765465853,0.3154692466347563,-0.10008984647783808,-0.08575785570561419,0.6333333333333333,0.16666666666666666,3.9,0.1718346253229974,0.058295324358075114
S07_short_vol_window,7,short_vol_window,10,30,0.09073779105410504,0.04004595290034685,0.5606542911043229,-0.09630384610346807,-0.05331538900958423,0.6333333333333333,0.23333333333333334,4.666666666666667,0.1971576227390181,0.09073779105410504
S07_short_vol_window,7,short_vol_window,11,30,0.1445197655986142,0.06295759303117165,0.8706836276083169,-0.12253629875726894,0.0004665855349249311,0.7,0.3,4.233333333333333,0.19173126614987082,0.1445197655986142
S07_short_vol_window,7,short_vol_window,12,30,0.07863663613428527,0.055014359230722176,0.6391580191853409,-0.09029251981712308,-0.065416543929404,0.7333333333333333,0.23333333333333334,4.3,0.1674418604651163,0.07863663613428527
S07_short_vol_window,7,short_vol_window,13,30,0.08294114234636799,0.03481456738746991,0.4093498963335248,-0.10032612822424201,-0.06111203771732132,0.6333333333333333,0.2,4.366666666666666,0.18578811369509046,0.08294114234636799
S07_short_vol_window,7,short_vol_window,14,30,0.10878500042545619,0.009020502238577865,0.35948518274773306,-0.08890922146931525,-0.035268179638233095,0.5666666666666667,0.23333333333333334,3.466666666666667,0.17209302325581396,0.10878500042545619
S07_short_vol_window,7,short_vol_window,15,30,0.11452348786154916,0.0431527985744008,0.7102936892426687,-0.10599364222852489,-0.029529692202140145,0.6666666666666666,0.23333333333333334,4.333333333333333,0.18191433451583236,0.11452348786154916
S07_short_vol_window,7,short_vol_window,16,30,0.05338748389610525,0.0,0.004792732090650479,-0.0953942560060717,-0.09066569616758405,0.4666666666666667,0.13333333333333333,3.7666666666666666,0.14444444444444446,0.05338748389610525
S07_short_vol_window,7,short_vol_window,17,30,0.09081182579000892,0.029993865226829786,0.5709062552484079,-0.08948214772976039,-0.05324135427368037,0.6,0.16666666666666666,3.8333333333333335,0.17751937984496122,0.09081182579000892
S07_short_vol_window,7,short_vol_window,18,30,0.07648677358883901,0.0300039031074969,0.46375348092415314,-0.12695993787621904,-0.06756640647485027,0.7,0.26666666666666666,3.8,0.18372093023255817,0.07648677358883901
S07_short_vol_window,7,short_vol_window,19,30,0.09327060582436086,0.03602577803998819,0.5530183656905898,-0.09769475601436599,-0.050782574239328394,0.7,0.16666666666666666,3.8333333333333335,0.1772609819121447,0.09327060582436086
S07_short_vol_window,7,short_vol_window,20,30,0.046892684800830156,0.007909533445599526,0.19583356122873216,-0.09588492024710445,-0.09716049526285912,0.5666666666666667,0.13333333333333333,3.533333333333333,0.16563307493540053,0.046892684800830156
S07_short_vol_window,7,short_vol_window,21,30,0.040575602426695674,0.010853284825739329,0.1920951241738021,-0.09944123748938984,-0.10347757763699361,0.5,0.16666666666666666,3.466666666666667,0.14392764857881138,0.040575602426695674
S07_short_vol_window,7,short_vol_window,22,30,0.09801655234978265,0.01649498093907631,0.4857202960562938,-0.09207123690123212,-0.04603662771390662,0.5333333333333333,0.2,4.333333333333333,0.19689922480620156,0.09801655234978265
S07_short_vol_window,7,short_vol_window,23,30,0.1002754139041691,0.040759028949360565,0.577118163506386,-0.10105778316956011,-0.04377776615952019,0.6666666666666666,0.26666666666666666,3.7,0.1739018087855297,0.1002754139041691
S07_short_vol_window,7,short_vol_window,24,30,0.09041940708464637,0.02746633572627588,0.444560061964429,-0.10620870482030403,-0.05363377297904295,0.5666666666666667,0.16666666666666666,4.033333333333333,0.19431524547803616,0.09041940708464637
S07_short_vol_window,7,short_vol_window,25,30,0.06265444572319272,0.0017700825571889123,0.24816353670904695,-0.09214390524979856,-0.08139873434049658,0.5,0.2,3.6666666666666665,0.17105943152454783,0.06265444572319272
S07_short_vol_window,7,short_vol_window,26,30,0.0005879506125801311,0.0008553759605217648,-0.12473820276191569,-0.11589458930936258,-0.14346522945110915,0.5,0.06666666666666667,3.7,0.16563307493540053,0.0005879506125801311
S07_short_vol_window,7,short_vol_window,27,30,0.05936529520620647,0.0,0.14875279887780463,-0.09066483899560555,-0.08468788485748281,0.4666666666666667,0.16666666666666666,3.9,0.15684754521963826,0.05936529520620647
S07_short_vol_window,7,short_vol_window,28,30,0.07358760253026268,0.0037364273106890167,0.17303131019820647,-0.09107025368395817,-0.0704655775334266,0.5333333333333333,0.2,3.566666666666667,0.1558161433013621,0.07358760253026268
S07_short_vol_window,7,short_vol_window,29,30,0.12628524411711156,0.034790223260312114,0.5519663419829651,-0.08586513811944595,-0.017767935946577714,0.6,0.23333333333333334,4.133333333333334,0.16692506459948322,0.12628524411711156
S07_short_vol_window,7,short_vol_window,30,30,0.043291754818189,0.03855134694410978,0.3549343273229376,-0.09973957332032014,-0.10076142524550029,0.6333333333333333,0.13333333333333333,3.933333333333333,0.17157622739018089,0.043291754818189
S07_short_vol_window,7,short_vol_window,31,30,0.046910461668215886,0.01890502393858251,0.4130737649776491,-0.09660610662903774,-0.09714271839547338,0.5666666666666667,0.23333333333333334,3.9,0.1888888888888889,0.046910461668215886
S07_short_vol_window,7,short_vol_window,32,30,0.08280656400284668,0.011708660786261094,0.29622397674888,-0.12306343862222316,-0.061246616060842606,0.5333333333333333,0.23333333333333334,4.466666666666667,0.19043927648578815,0.08280656400284668
S07_short_vol_window,7,short_vol_window,33,30,0.042708014543834015,0.03926442299312349,0.3188464764584977,-0.11841426920786792,-0.10134516551985527,0.5666666666666667,0.2,4.366666666666666,0.1875990890377962,0.042708014543834015
S07_short_vol_window,7,short_vol_window,34,30,0.1031358925382308,0.04431686184510231,0.6108546818244022,-0.10802496687235515,-0.04091728752545852,0.7666666666666667,0.2,4.466666666666667,0.1666666666666667,0.1031358925382308
S07_short_vol_window,7,short_vol_window,35,30,0.011600034728168484,0.0,-0.01873177484875721,-0.09877484253453687,-0.1324531453355208,0.4666666666666667,0.16666666666666666,3.3,0.15607235142118867,0.011600034728168484
S07_short_vol_window,7,short_vol_window,36,30,0.07429196524619065,0.01890502393858251,0.45579470896645624,-0.07802363677158561,-0.06976121481749861,0.6,0.2,3.2666666666666666,0.18165593658301582,0.07429196524619065
S07_short_vol_window,7,short_vol_window,37,30,0.11343234940458728,0.009003921968354534,0.37364537106932155,-0.11550026262748382,-0.030620830659101997,0.5666666666666667,0.3,4.0,0.1573643410852713,0.11343234940458728
S07_short_vol_window,7,short_vol_window,38,30,0.10108866270039917,0.02746633572627588,0.5316597533464635,-0.08642636816025141,-0.04296451736329011,0.6666666666666666,0.26666666666666666,4.333333333333333,0.18087855297157626,0.10108866270039917
S07_short_vol_window,7,short_vol_window,39,30,0.05612609750545715,0.03481456738746991,0.19514893945906314,-0.0986656895004122,-0.08792708255823216,0.5666666666666667,0.2,4.333333333333333,0.16459948320413437,0.05612609750545715
S07_short_vol_window,7,short_vol_window,40,30,0.08227915867599414,0.007892953175376194,0.39047562240894584,-0.11476066205221183,-0.06177402138769515,0.5333333333333333,0.26666666666666666,3.7333333333333334,0.16640826873385012,0.08227915867599414
S07_short_vol_window,7,short_vol_window,41,30,0.10675599268086633,0.06199524944339352,0.7395359044737702,-0.09390967974718627,-0.03729718738282296,0.6666666666666666,0.23333333333333334,4.366666666666666,0.1622739018087856,0.10675599268086633
S07_short_vol_window,7,short_vol_window,42,30,0.08650746893092025,0.02333662632564726,0.47110190148972636,-0.0793217465709474,-0.057545711132769045,0.5666666666666667,0.16666666666666666,3.3333333333333335,0.15013138877939827,0.08650746893092025
S07_short_vol_window,7,short_vol_window,43,30,0.04995665866172468,0.03979584251975221,0.2452806036440289,-0.09214779736354678,-0.09409652140196462,0.5666666666666667,0.16666666666666666,3.8333333333333335,0.15503875968992248,0.04995665866172468
S07_short_vol_window,7,short_vol_window,44,30,0.09004462736997892,0.031325812053739965,0.5790857189830615,-0.09241199912332593,-0.05400855269371035,0.6333333333333333,0.2,3.8,0.1798449612403101,0.09004462736997892
S07_short_vol_window,7,short_vol_window,45,30,0.0873520115243454,0.04431686184510231,0.6197871796039257,-0.08657350999731324,-0.05670116853934386,0.6333333333333333,0.26666666666666666,3.8666666666666667,0.175968992248062,0.0873520115243454
S07_short_vol_window,7,short_vol_window,46,30,0.055773546346529854,0.03614423906323749,0.386924150049252,-0.1077759215969675,-0.08827963371715944,0.6,0.26666666666666666,4.166666666666667,0.16950904392764865,0.055773546346529854
S07_short_vol_window,7,short_vol_window,47,30,0.056049832408382586,0.031325812053739965,0.2872661202120516,-0.11345937140542385,-0.0880033476553067,0.6666666666666666,0.16666666666666666,4.3,0.18294573643410855,0.056049832408382586
S07_short_vol_window,7,short_vol_window,48,30,0.13182950391515952,0.04791398579976769,0.6483073480495818,-0.08646800407349939,-0.01222367614852976,0.6666666666666666,0.26666666666666666,4.666666666666667,0.1751937984496124,0.13182950391515952
S07_short_vol_window,7,short_vol_window,49,30,0.08437753159826385,0.0,0.22414885709249982,-0.10439771757855816,-0.05967564846542543,0.4666666666666667,0.2,3.7,0.20232558139534884,0.08437753159826385
S07_short_vol_window,7,short_vol_window,50,30,0.06602704987372189,0.029055022924379226,0.37315901419598835,-0.09762587075504187,-0.07802613018996742,0.5666666666666667,0.13333333333333333,3.966666666666667,0.17105943152454783,0.06602704987372189
S07_short_vol_window,7,short_vol_window,51,30,0.08723316910575543,0.04917456563736633,0.5551458097386885,-0.10291096903041873,-0.056820010957933854,0.7,0.26666666666666666,4.8,0.19457364341085276,0.08723316910575543
S07_short_vol_window,7,short_vol_window,52,30,0.08936982842987125,0.007568045261196699,0.3939441917668482,-0.10046542474014511,-0.05468335163381802,0.5333333333333333,0.23333333333333334,3.5,0.16666885647965665,0.08936982842987125
S07_short_vol_window,7,short_vol_window,53,30,0.12480176071961722,0.04917456563736633,0.7288633860370013,-0.08849868621440597,-0.01925141934407207,0.7,0.3,3.9,0.17881136950904394,0.12480176071961722
S07_short_vol_window,7,short_vol_window,54,30,0.0769438508875105,0.012851027836421891,0.33824410629813856,-0.13145936625313465,-0.06710932917617878,0.5666666666666667,0.3,4.166666666666667,0.17235361100162053,0.0769438508875105
S07_short_vol_window,7,short_vol_window,55,30,0.12157466105847668,0.044441572519255734,0.6979904536206921,-0.10131908563755458,-0.0224785190052126,0.6666666666666666,0.3,4.333333333333333,0.20258397932816535,0.12157466105847668
S07_short_vol_window,7,short_vol_window,56,30,0.09994351699679856,0.010853284825739329,0.4166930562187699,-0.08902453169785005,-0.04410966306689073,0.5,0.23333333333333334,3.6,0.16744186046511628,0.09994351699679856
S07_short_vol_window,7,short_vol_window,57,30,0.07713391080541214,0.008679014054175038,0.25940765416907824,-0.08412085722865946,-0.06691926925827714,0.5333333333333333,0.16666666666666666,3.8333333333333335,0.1602089081592432,0.07713391080541214
S07_short_vol_window,7,short_vol_window,58,30,0.09609218983464501,0.012834447566198559,0.442013573363669,-0.11625556717298367,-0.04796099022904429,0.6,0.23333333333333334,3.9,0.1842399159111812,0.09609218983464501
S07_short_vol_window,7,short_vol_window,59,30,0.04074701973034096,0.012834447566198559,0.2555649853351987,-0.09629323294097417,-0.10330616033334833,0.5666666666666667,0.2,4.233333333333333,0.16951123374063862,0.04074701973034096
S07_short_vol_window,7,short_vol_window,60,30,0.0799766483902594,0.011920833322195068,0.32262664400849705,-0.09551621428747481,-0.06407653167342986,0.5333333333333333,0.2,3.9,0.1635680812858582,0.0799766483902594
S07_short_vol_window,7,short_vol_window,61,30,0.09336515788209968,0.03341079728816654,0.45233667931092897,-0.10074226439768562,-0.050688022181589625,0.6,0.3333333333333333,3.8333333333333335,0.1695090439276486,0.09336515788209968
S07_short_vol_window,7,short_vol_window,62,30,0.07389779311239696,0.0037364273106890167,0.3439545027826542,-0.07926042363231292,-0.0701553869512923,0.5333333333333333,0.13333333333333333,3.8666666666666667,0.13617571059431524,0.07389779311239696
S07_short_vol_window,7,short_vol_window,63,30,0.07406052434578585,0.0017700825571889123,0.3690366248095839,-0.10342604755869225,-0.06999265571790343,0.5,0.2,3.2333333333333334,0.154780361757106,0.07406052434578585
S07_short_vol_window,7,short_vol_window,64,30,0.060583140476726464,0.0,0.14784854473113493,-0.09731744964980775,-0.08347003958696284,0.4666666666666667,0.2,3.6666666666666665,0.14780580738404941,0.060583140476726464
S07_short_vol_window,7,short_vol_window,65,30,0.0570380277052861,0.04671063147014254,0.5435780455150094,-0.09015443884747158,-0.08701515235840321,0.6666666666666666,0.23333333333333334,3.566666666666667,0.18630709937371348,0.0570380277052861
S07_short_vol_window,7,short_vol_window,66,30,0.08371391764204464,0.05948602259248992,0.5342102598409906,-0.08801661800264506,-0.06033926242164465,0.6666666666666666,0.16666666666666666,3.433333333333333,0.15271536810756364,0.08371391764204464
S07_short_vol_window,7,short_vol_window,67,30,0.10992565291286066,0.03577566765939355,0.4944510468478122,-0.09331966225348307,-0.03412752715082864,0.6333333333333333,0.23333333333333334,3.3,0.16460167301712433,0.10992565291286066
S07_short_vol_window,7,short_vol_window,68,30,0.11035690905553898,0.012509539652019064,0.43623863223506826,-0.09606437087735026,-0.03369627100815029,0.5333333333333333,0.2,3.8,0.1581417246967109,0.11035690905553898
S07_short_vol_window,7,short_vol_window,69,30,0.08197141491667202,0.02840517802872644,0.3516063490006138,-0.09364254425282335,-0.06208176514701725,0.6,0.26666666666666666,3.6,0.17622739018087857,0.08197141491667202
S07_short_vol_window,7,short_vol_window,70,30,0.08438031417916973,0.029993865226829786,0.35674059297781374,-0.08571291402469929,-0.05967286588451954,0.6,0.16666666666666666,3.3,0.14961240310077523,0.08438031417916973
S07_short_vol_window,7,short_vol_window,71,30,0.06654990051737775,0.027119833298447138,0.3784133055097564,-0.09113324747534088,-0.07750327954631153,0.6666666666666666,0.16666666666666666,4.466666666666667,0.165376866815574,0.06654990051737775
S07_short_vol_window,7,short_vol_window,72,30,0.16978531979296976,0.07207342885740309,0.8715345545362927,-0.1080655951457238,0.02573213972928046,0.7,0.3333333333333333,4.4,0.19483204134366924,0.16978531979296976
S07_short_vol_window,7,short_vol_window,73,30,0.021884366644805857,0.0,0.05263434437583473,-0.09902541653700882,-0.12216881341888344,0.4666666666666667,0.13333333333333333,3.6333333333333333,0.14392983839180135,0.021884366644805857
S07_short_vol_window,7,short_vol_window,74,30,0.07982857131205123,0.026492889804293873,0.3697051162614507,-0.11713402733035098,-0.06422460875163805,0.6333333333333333,0.23333333333333334,4.533333333333333,0.17519379844961241,0.07982857131205123
S07_short_vol_window,7,short_vol_window,75,30,0.10520907506941987,0.0,0.1913754583705303,-0.08826207340412771,-0.03884410499426941,0.4666666666666667,0.26666666666666666,3.966666666666667,0.15917312661498706,0.10520907506941987
S07_short_vol_window,7,short_vol_window,76,30,0.10506390812437219,0.020823633294291266,0.5953502294420547,-0.09594044911232631,-0.038989271939317095,0.5333333333333333,0.23333333333333334,4.0,0.18604651162790703,0.10506390812437219
S07_short_vol_window,7,short_vol_window,77,30,0.12116826637020589,0.04399741611123409,0.6372789312813804,-0.11176146322103495,-0.022884913693483385,0.6666666666666666,0.26666666666666666,4.166666666666667,0.18914728682170542,0.12116826637020589
S07_short_vol_window,7,short_vol_window,78,30,0.11276185610631743,0.03951453337371813,0.49237176355435114,-0.10614702021997027,-0.03129132395737186,0.6333333333333333,0.2,4.2,0.16279069767441862,0.11276185610631743
S07_short_vol_window,7,short_vol_window,79,30,0.08365033941432068,0.0008553759605217648,0.34479679442047334,-0.10340562083704412,-0.060402840649368586,0.5,0.13333333333333333,3.6666666666666665,0.17028642753908815,0.08365033941432068
S07_short_vol_window,7,short_vol_window,80,30,0.08087374754857087,0.03602577803998819,0.45997305939030747,-0.08286565618814315,-0.06317943251511841,0.6,0.2,3.3333333333333335,0.14470503219025097,0.08087374754857087
S07_short_vol_window,7,short_vol_window,81,30,0.04164030526939084,0.002625458517710677,0.1683082606151667,-0.10452304914997158,-0.10241287479429843,0.5333333333333333,0.16666666666666666,3.533333333333333,0.1431524547803618,0.04164030526939084
S07_short_vol_window,7,short_vol_window,82,30,0.055736225502291306,0.01555613863662575,0.2374229946896742,-0.09144041028419994,-0.08831695456139799,0.5333333333333333,0.13333333333333333,3.8666666666666667,0.19198966408268736,0.055736225502291306
S07_short_vol_window,7,short_vol_window,83,30,0.10574677235984686,0.05571045660018581,0.5128320897467281,-0.10566541771941644,-0.03830640770384242,0.6333333333333333,0.3,4.4,0.19095607235142117,0.10574677235984686
S07_short_vol_window,7,short_vol_window,84,30,0.11114735044161643,0.0017700825571889123,0.37231818942161987,-0.11114959662385658,-0.03290582962207287,0.5,0.3,3.533333333333333,0.15684754521963826,0.11114735044161643
S07_short_vol_window,7,short_vol_window,85,30,0.06497026510669378,0.0,0.1476042510173209,-0.09288190705651357,-0.07908291495699551,0.43333333333333335,0.16666666666666666,4.1,0.14392983839180135,0.06497026510669378
S07_short_vol_window,7,short_vol_window,86,30,0.09109965455651085,0.040296686984743646,0.5786101641969024,-0.0968609859526813,-0.052953525507178426,0.6666666666666666,0.2,3.966666666666667,0.1992248062015504,0.09109965455651085
S07_short_vol_window,7,short_vol_window,87,30,0.07724208654420259,0.006653338664529551,0.3110272576769281,-0.10041466984164384,-0.06681109351948668,0.5333333333333333,0.2,3.8333333333333335,0.1953510270222923,0.07724208654420259
S07_short_vol_window,7,short_vol_window,88,30,0.0748538813093693,0.02333662632564726,0.4962118541568132,-0.0796229786388866,-0.06919929875432,0.6,0.2,3.3333333333333335,0.15452196382428943,0.0748538813093693
S07_short_vol_window,7,short_vol_window,89,30,0.0727197049047168,0.00959262829817853,0.26691787724805227,-0.11383528608954917,-0.0713334751589725,0.5666666666666667,0.2,3.8,0.15555555555555559,0.0727197049047168
S07_short_vol_window,7,short_vol_window,90,30,0.058726334633989366,0.027119833298447138,0.43923293738231056,-0.0971828565892276,-0.0853268454296999,0.6,0.1,3.7666666666666666,0.17674637585950162,0.058726334633989366
S07_short_vol_window,7,short_vol_window,91,30,0.05246187378564078,0.02747833420337531,0.36247079702921137,-0.08820792794534184,-0.09159130627804851,0.6,0.2,3.933333333333333,0.17054263565891475,0.05246187378564078
S07_short_vol_window,7,short_vol_window,92,30,0.0896338880333948,0.012851027836421891,0.4790488074241963,-0.10794460575850692,-0.054419292030294476,0.6,0.2,3.933333333333333,0.19095826216441117,0.0896338880333948
S07_short_vol_window,7,short_vol_window,93,30,0.04297082591617544,0.0037364273106890167,0.02260705033270162,-0.12013568602134897,-0.10108235414751382,0.5333333333333333,0.16666666666666666,4.533333333333333,0.17028423772609827,0.04297082591617544
S07_short_vol_window,7,short_vol_window,94,30,0.11459154938448358,0.031325812053739965,0.5198823903409618,-0.07192568686824158,-0.029461630679205694,0.6,0.2,2.966666666666667,0.15426356589147291,0.11459154938448358
S07_short_vol_window,7,short_vol_window,95,30,0.08809354414148847,0.020840213564514598,0.3929885691089861,-0.10112820810975857,-0.055959635922200816,0.6,0.26666666666666666,3.6333333333333333,0.16718346253229974,0.08809354414148847
S07_short_vol_window,7,short_vol_window,96,30,0.059834425078112895,0.03855134694410978,0.41323430303210706,-0.08635780625853297,-0.08421875498557639,0.7,0.13333333333333333,4.033333333333333,0.13746770025839794,0.059834425078112895
S07_short_vol_window,7,short_vol_window,97,30,0.10672330016632324,0.06295759303117165,0.7943839208413904,-0.09155091312923558,-0.03732987989736604,0.7,0.3,4.266666666666667,0.17803617571059432,0.10672330016632324
S07_short_vol_window,7,short_vol_window,98,30,0.16109719097216188,0.06538657335870424,0.78358175379939,-0.09398524133352396,0.01704401090847259,0.6666666666666666,0.26666666666666666,4.4,0.1834625322997416,0.16109719097216188
S07_short_vol_window,7,short_vol_window,99,30,0.10873306528855654,0.029993865226829786,0.5920499310707013,-0.09976921736409453,-0.03532011477513275,0.6333333333333333,0.23333333333333334,4.433333333333334,0.16098191214470287,0.10873306528855654
S08_rs3,8,rs3,0,30,0.09908786304138124,0.0390305293340939,0.5307239036461513,-0.1135293240878418,-0.04496531702230803,0.6333333333333333,0.26666666666666666,2.6333333333333333,0.2219638242894057,0.09908786304138124
S08_rs3,8,rs3,1,30,0.1468578807008589,0.05123371773003582,0.6463154986180873,-0.11980470323221369,0.0028047006371696398,0.6333333333333333,0.3,3.066666666666667,0.20542635658914726,0.1468578807008589
S08_rs3,8,rs3,2,30,0.17929533482896312,0.06309994044996392,0.7727738825873173,-0.10626997312136123,0.03524215476527386,0.6333333333333333,0.26666666666666666,2.5,0.21344545175841986,0.17929533482896312
S08_rs3,8,rs3,3,30,0.09114345065561454,0.048559880485686824,0.5744852292960549,-0.1004056920029583,-0.05290972940807473,0.7,0.23333333333333334,2.8666666666666667,0.23333333333333334,0.09114345065561454
S08_rs3,8,rs3,4,30,0.04928614168537198,0.01877846581767062,0.3118060246478717,-0.1132074820626659,-0.09476703837831728,0.5666666666666667,0.16666666666666666,2.6,0.22480620155038764,0.04928614168537198
S08_rs3,8,rs3,5,30,0.10851280681076156,0.034310528340361524,0.5811050893279093,-0.11155335254199748,-0.03554037325292771,0.6,0.3,2.533333333333333,0.210077519379845,0.10851280681076156
S08_rs3,8,rs3,6,30,0.04555164269978821,0.021890237056812034,0.31671793062229875,-0.12843420044368697,-0.09850153736390105,0.6,0.16666666666666666,2.8,0.24728682170542637,0.04555164269978821
S08_rs3,8,rs3,7,30,0.06329217673302404,0.03222388084803418,0.4750399620058005,-0.09926570989310596,-0.08076100333066523,0.6,0.2,3.1333333333333333,0.2240397670038979,0.06329217673302404
S08_rs3,8,rs3,8,30,0.12523081319574933,0.10219463909498305,0.6828004889780535,-0.10443871399092848,-0.018822366867939935,0.7666666666666667,0.4,3.6333333333333333,0.2359173126614987,0.12523081319574933
S08_rs3,8,rs3,9,30,0.06804044731129227,0.012244521472209446,0.3413621820021694,-0.12010406493113562,-0.076012732752397,0.5333333333333333,0.26666666666666666,2.7666666666666666,0.20413436692506465,0.06804044731129227
S08_rs3,8,rs3,10,30,0.037018135811193814,0.0,0.17830511072376426,-0.12394564788249936,-0.10703504425249548,0.43333333333333335,0.16666666666666666,3.3333333333333335,0.20362633031139146,0.037018135811193814
S08_rs3,8,rs3,11,30,0.11945311279203284,0.05125822934617752,0.6707493560005908,-0.10459249321917324,-0.02460006727165643,0.6333333333333333,0.3,3.0,0.2198966408268734,0.11945311279203284
S08_rs3,8,rs3,12,30,0.07986356688827748,0.052026375415986315,0.6017214698916008,-0.11061796779130746,-0.06418961317541183,0.6666666666666666,0.26666666666666666,2.7666666666666666,0.2142118863049096,0.07986356688827748
S08_rs3,8,rs3,13,30,0.12952302832412727,0.0479419880745352,0.4112154558491764,-0.13406188121483456,-0.014530151739562024,0.5666666666666667,0.3333333333333333,3.3666666666666667,0.24987080103359174,0.12952302832412727
S08_rs3,8,rs3,14,30,0.09049872050716092,0.06154894546186496,0.6660763439277015,-0.11149145771615979,-0.053554459556528364,0.6333333333333333,0.3333333333333333,2.5,0.19302325581395346,0.09049872050716092
S08_rs3,8,rs3,15,30,0.21440606829179332,0.09521923792308429,0.837022429784291,-0.10744994674632372,0.07035288822810402,0.6333333333333333,0.36666666666666664,2.7,0.23875968992248067,0.21440606829179332
S08_rs3,8,rs3,16,30,0.05144126710733727,0.00852022786452522,0.3327426465715437,-0.09084350337735361,-0.09261191295635202,0.5,0.23333333333333334,2.3333333333333335,0.22015503875968992,0.05144126710733727
S08_rs3,8,rs3,17,30,0.14200989320836166,0.0315459746536233,0.5237097191549532,-0.11112857177545604,-0.0020432868553276417,0.6,0.3,3.0,0.23799325537599092,0.14200989320836166
S08_rs3,8,rs3,18,30,0.10345687419040314,0.03190265811689441,0.4876044104542313,-0.11359235344960707,-0.04059630587328615,0.6333333333333333,0.2,3.1666666666666665,0.22351421188630488,0.10345687419040314
S08_rs3,8,rs3,19,30,0.12490854482971397,0.06309994044996392,0.7930001344824944,-0.09944024665851502,-0.0191446352339753,0.7333333333333333,0.3,2.966666666666667,0.20671834625323,0.12490854482971397
S08_rs3,8,rs3,20,30,0.10937657745621901,0.076451400400391,0.7226162793548945,-0.10714444553618828,-0.03467660260747026,0.6333333333333333,0.3333333333333333,2.9,0.24082687338501294,0.10937657745621901
S08_rs3,8,rs3,21,30,0.07960137402139093,0.0479419880745352,0.6791225116923236,-0.10472769411923898,-0.06445180604229836,0.7,0.3333333333333333,2.8333333333333335,0.2284237726098191,0.07960137402139093
S08_rs3,8,rs3,22,30,0.06772849396010887,0.05555886694587364,0.4902340788561325,-0.11966999624145294,-0.07632468610358041,0.6,0.26666666666666666,2.9,0.24806201550387597,0.06772849396010887
S08_rs3,8,rs3,23,30,0.009359006609984259,0.0,0.01982691572438905,-0.11671368167219756,-0.13469417345370502,0.4666666666666667,0.1,3.033333333333333,0.23954364297289008,0.009359006609984259
S08_rs3,8,rs3,24,30,0.1380187256010341,0.020942872517165645,0.559863641460226,-0.11702208801380573,-0.006034454462655181,0.6333333333333333,0.23333333333333334,2.3,0.21576227390180877,0.1380187256010341
S08_rs3,8,rs3,25,30,0.09725736652377129,0.020152226968191855,0.46873876193438874,-0.1219238755831185,-0.046795813539917984,0.5666666666666667,0.3,3.1,0.2627906976744186,0.09725736652377129
S08_rs3,8,rs3,26,30,0.1030491278989572,0.03494614199264279,0.45882754028368683,-0.1306580628032402,-0.04100405216473208,0.6,0.26666666666666666,3.6333333333333333,0.2857881136950905,0.1030491278989572
S08_rs3,8,rs3,27,30,0.07156083748943658,0.011631999103666635,0.28068390443687574,-0.1086791025002201,-0.07249234257425269,0.5,0.26666666666666666,3.1666666666666665,0.24082687338501296,0.07156083748943658
S08_rs3,8,rs3,28,30,0.05383882457472486,0.022213071904562454,0.31111053117801235,-0.09468306311697608,-0.09021435548896442,0.5333333333333333,0.2,2.6,0.1865720667455,0.05383882457472486
S08_rs3,8,rs3,29,30,0.07714040505444592,0.00028812217825868736,0.29150935244688797,-0.10232097236939948,-0.06691277500924338,0.5,0.2,2.6333333333333333,0.22533175666798058,0.07714040505444592
S08_rs3,8,rs3,30,30,0.05688375931849,0.0229427754761935,0.5351924364608355,-0.11182356863832199,-0.0871694207451993,0.6,0.23333333333333334,2.7666666666666666,0.22222222222222224,0.05688375931849
S08_rs3,8,rs3,31,30,0.10194687638827396,0.022213071904562454,0.6325977834519919,-0.10969127922498946,-0.04210630367541531,0.6333333333333333,0.3333333333333333,3.8,0.2633162527920116,0.10194687638827396
S08_rs3,8,rs3,32,30,0.07773738452222873,0.022213071904562454,0.44523726028631505,-0.13668791682783954,-0.06631579554146054,0.6,0.26666666666666666,3.8333333333333335,0.26434984452327775,0.07773738452222873
S08_rs3,8,rs3,33,30,0.07851849242358977,0.02199541093654711,0.584346557829546,-0.0910487874277315,-0.06553468764009954,0.6333333333333333,0.26666666666666666,2.566666666666667,0.1930232558139535,0.07851849242358977
S08_rs3,8,rs3,34,30,0.11808869782895849,0.02231663366768688,0.42595784607497966,-0.10134620587738516,-0.02596448223473081,0.6,0.16666666666666666,2.7666666666666666,0.20103359173126614,0.11808869782895849
S08_rs3,8,rs3,35,30,0.06614931633321382,0.003724293607684226,0.45217894675043285,-0.08803041325433911,-0.07790386373047546,0.5,0.23333333333333334,2.533333333333333,0.2612490693294793,0.06614931633321382
S08_rs3,8,rs3,36,30,0.10033195571696092,0.05823270419022264,0.4910544397084698,-0.13252040556378458,-0.04372122434672834,0.6666666666666666,0.36666666666666664,3.6666666666666665,0.23798449612403103,0.10033195571696092
S08_rs3,8,rs3,37,30,0.22170523245108834,0.14007182565947007,1.0616943088601414,-0.12019206171395148,0.07765205238739904,0.7,0.5,2.9,0.2563307493540051,0.22170523245108834
S08_rs3,8,rs3,38,30,0.08311822237343464,0.06309994044996392,0.7204234029970078,-0.10061374528969773,-0.06093495769025465,0.6,0.23333333333333334,2.933333333333333,0.21627906976744188,0.08311822237343464
S08_rs3,8,rs3,39,30,0.09774073107663811,0.02199541093654711,0.5111425143410836,-0.11871325508329804,-0.04631244898705116,0.5666666666666667,0.26666666666666666,2.7666666666666666,0.24677002583979332,0.09774073107663811
S08_rs3,8,rs3,40,30,0.06977145093706108,0.010902295532035589,0.39699128293456754,-0.09275084957729644,-0.07428172912662821,0.5,0.23333333333333334,2.3333333333333335,0.2258485525336136,0.06977145093706108
S08_rs3,8,rs3,41,30,0.04900400863210439,0.00028812217825868736,0.31118699911969483,-0.12055700880019035,-0.0950491714315849,0.5,0.23333333333333334,3.2,0.24522839749485395,0.04900400863210439
S08_rs3,8,rs3,42,30,0.11127745314820296,0.04735479832251355,0.6077992798033176,-0.11209189237040092,-0.03277572691548634,0.6666666666666666,0.26666666666666666,2.8333333333333335,0.2511715499496343,0.11127745314820296
S08_rs3,8,rs3,43,30,0.05634715941390569,0.0,0.41522852737130234,-0.10478352478120513,-0.08770602064978358,0.4666666666666667,0.26666666666666666,3.033333333333333,0.21344545175841984,0.05634715941390569
S08_rs3,8,rs3,44,30,0.18685350821141786,0.05123371773003582,0.916590384940558,-0.09937319649624624,0.04280032814772859,0.7,0.3,3.1333333333333333,0.21860465116279074,0.18685350821141786
S08_rs3,8,rs3,45,30,0.006316203493996179,0.0,0.09032410589375711,-0.11912684988826623,-0.13773697656969308,0.4666666666666667,0.16666666666666666,3.3333333333333335,0.2302325581395349,0.006316203493996179
S08_rs3,8,rs3,46,30,0.05916072925093115,0.021160533485180988,0.5252488211411,-0.10179374406537166,-0.08489245081275815,0.5333333333333333,0.26666666666666666,2.6,0.19716638199097797,0.05916072925093115
S08_rs3,8,rs3,47,30,0.13649111183793658,0.03494614199264279,0.6754170520675566,-0.11906263472660661,-0.007562068225752698,0.6666666666666666,0.3333333333333333,3.066666666666667,0.2612490693294792,0.13649111183793658
S08_rs3,8,rs3,48,30,0.14973780338728276,0.05963344551966443,0.5599414808359869,-0.09824093748622995,0.005684623323593456,0.6,0.23333333333333334,2.6666666666666665,0.21912144702842382,0.14973780338728276
S08_rs3,8,rs3,49,30,0.2065308188893059,0.08974179174850216,0.8483013936070336,-0.12695276980439607,0.062477638825616647,0.7,0.43333333333333335,3.3333333333333335,0.2599483204134367,0.2065308188893059
S08_rs3,8,rs3,50,30,0.07268051121531828,0.0390305293340939,0.4800755651584085,-0.11902929060427625,-0.07137266884837098,0.6333333333333333,0.26666666666666666,3.0,0.2454867954276705,0.07268051121531828
S08_rs3,8,rs3,51,30,0.22337995004834885,0.1149527576426993,0.8332497932930114,-0.11581994343898787,0.07932676998465957,0.7,0.43333333333333335,3.2333333333333334,0.26175710594315243,0.22337995004834885
S08_rs3,8,rs3,52,30,0.18147433517690958,0.07327115188439781,0.6772896021692817,-0.10977304764393159,0.03742115511322032,0.6333333333333333,0.3,2.6,0.24935400516795866,0.18147433517690958
S08_rs3,8,rs3,53,30,0.13552329251804743,0.034268235798231905,0.4658443776039983,-0.11505390144324083,-0.008529887545641886,0.6,0.26666666666666666,3.1,0.23798449612403103,0.13552329251804743
S08_rs3,8,rs3,54,30,0.03089984394779673,0.00463510250490573,0.2323227502509111,-0.11587484127791702,-0.11315333611589257,0.5333333333333333,0.2,2.8333333333333335,0.23617571059431525,0.03089984394779673
S08_rs3,8,rs3,55,30,0.053792287468077744,0.02525655578031083,0.4830819134813067,-0.1021989499690465,-0.09026089259561156,0.5666666666666667,0.23333333333333334,2.7666666666666666,0.2116366662287041,0.053792287468077744
S08_rs3,8,rs3,56,30,0.06903011554397155,0.004012415785942913,0.2557787059791892,-0.10189952594361427,-0.07502306451971771,0.5333333333333333,0.2,2.933333333333333,0.1886304909560724,0.06903011554397155
S08_rs3,8,rs3,57,30,0.18494006894655882,0.07666765065863601,0.6377456866651036,-0.10855637339138992,0.040886888882869524,0.6,0.36666666666666664,3.3666666666666667,0.2165374677002584,0.18494006894655882
S08_rs3,8,rs3,58,30,0.07719572897283077,0.015031614890667289,0.4507690949836406,-0.1064029256209737,-0.06685745109085851,0.5666666666666667,0.26666666666666666,2.7333333333333334,0.23333333333333328,0.07719572897283077
S08_rs3,8,rs3,59,30,0.07425748422880411,0.022213071904562454,0.42751404751841976,-0.12122221275527739,-0.06979569583488517,0.6333333333333333,0.2,3.1333333333333333,0.2354092760478255,0.07425748422880411
S08_rs3,8,rs3,60,30,0.09185305320367654,0.0,0.16292231798938825,-0.11245072975717811,-0.05220012686001275,0.4666666666666667,0.2,3.1,0.23695090439276484,0.09185305320367654
S08_rs3,8,rs3,61,30,0.1158633749974046,0.04735479832251355,0.6205727060636169,-0.11962295514546625,-0.028189805066284702,0.7,0.3333333333333333,2.966666666666667,0.24366925064599484,0.1158633749974046
S08_rs3,8,rs3,62,30,0.061879896767350694,0.045020607850085215,0.5031520790781226,-0.0910247191313597,-0.08217328329633858,0.6,0.26666666666666666,2.7666666666666666,0.19070643367056458,0.061879896767350694
S08_rs3,8,rs3,63,30,0.06274885511271139,0.00852022786452522,0.2893206396858302,-0.11843630859444351,-0.08130432495097789,0.5,0.2,3.2333333333333334,0.2534883720930233,0.06274885511271139
S08_rs3,8,rs3,64,30,0.0880950636307142,0.0315459746536233,0.4402213075431872,-0.09135350403441568,-0.05595811643297509,0.5666666666666667,0.26666666666666666,2.7,0.20671834625323,0.0880950636307142
S08_rs3,8,rs3,65,30,0.09555286039831105,0.022874488112800462,0.44530211508961265,-0.12898117805340253,-0.04850031966537824,0.6,0.3333333333333333,3.2333333333333334,0.24005167958656332,0.09555286039831105
S08_rs3,8,rs3,66,30,0.05603582343185246,0.00028812217825868736,0.46207672319837184,-0.11654623983219743,-0.0880173566318368,0.5,0.23333333333333334,2.7666666666666666,0.21937984496124036,0.05603582343185246
S08_rs3,8,rs3,67,30,0.16185289940638725,0.06481100769388304,0.7498206848002077,-0.1110993255984916,0.017799719342697955,0.6,0.4,2.8333333333333335,0.22351421188630496,0.16185289940638725
S08_rs3,8,rs3,68,30,0.06555336446919806,0.015035069980211091,0.4381117333973813,-0.10727348800157266,-0.07849981559449122,0.5333333333333333,0.26666666666666666,2.8,0.19121447028423774,0.06555336446919806
S08_rs3,8,rs3,69,30,0.06612232876364607,0.022534294635702223,0.4829579570361449,-0.09750504477761959,-0.0779308513000432,0.5666666666666667,0.2,2.533333333333333,0.22972452152586167,0.06612232876364607
S08_rs3,8,rs3,70,30,0.11593194461680717,0.0463037397037962,0.6738493036575035,-0.1209341459834008,-0.028121235446882106,0.7,0.26666666666666666,2.933333333333333,0.2322997416020672,0.11593194461680717
S08_rs3,8,rs3,71,30,0.20544843252222458,0.10376282402056136,0.9820108682896543,-0.1050817676605733,0.06139525245853527,0.7333333333333333,0.4,2.966666666666667,0.26176586519511236,0.20544843252222458
S08_rs3,8,rs3,72,30,0.07758805273574917,0.03494614199264279,0.6524325893448003,-0.11234436202142985,-0.0664651273279401,0.6333333333333333,0.36666666666666664,2.966666666666667,0.23669250645994833,0.07758805273574917
S08_rs3,8,rs3,73,30,0.06706768004222825,0.014354260248275241,0.2841816871091236,-0.11575145562795833,-0.07698550002146103,0.5,0.23333333333333334,2.966666666666667,0.2131782945736434,0.06706768004222825
S08_rs3,8,rs3,74,30,0.03887880610323854,0.0229427754761935,0.24507141273599198,-0.12114281103415075,-0.10517437396045075,0.5666666666666667,0.2,3.1666666666666665,0.23100775193798456,0.03887880610323854
S08_rs3,8,rs3,75,30,0.10708192356507261,0.05555886694587364,0.5836490057942042,-0.11535970868772069,-0.03697125649861666,0.6,0.3333333333333333,2.8333333333333335,0.2560723514211886,0.10708192356507261
S08_rs3,8,rs3,76,30,0.04123346124196471,0.008071273934331269,0.2172142902257683,-0.12200546311798872,-0.10281971882172458,0.5333333333333333,0.26666666666666666,3.066666666666667,0.2581482941356808,0.04123346124196471
S08_rs3,8,rs3,77,30,0.0801138759727021,0.0423341038538847,0.5588838635787545,-0.09328130932568482,-0.06393930409098716,0.6,0.3333333333333333,2.6333333333333333,0.21317829457364343,0.0801138759727021
S08_rs3,8,rs3,78,30,0.0809493128445699,0.010546360131404087,0.4021942958363083,-0.11126924420880006,-0.06310386721911941,0.5333333333333333,0.3,3.2,0.2186046511627907,0.0809493128445699
S08_rs3,8,rs3,79,30,0.10322914898640677,0.05801645393197763,0.6122702774702452,-0.10506841743923487,-0.0408240310772825,0.7,0.2,3.1,0.22971576227390184,0.10322914898640677
S08_rs3,8,rs3,80,30,0.03672647370935452,0.012867208191172264,0.4854764752985031,-0.09543551027900272,-0.10732670635433476,0.5333333333333333,0.16666666666666666,2.1333333333333333,0.21706302281785142,0.03672647370935452
S08_rs3,8,rs3,81,30,0.07739040859557224,0.04447549314423571,0.5441376198090606,-0.10122656010881056,-0.06666277146811705,0.6,0.3,2.6666666666666665,0.2335917312661499,0.07739040859557224
S08_rs3,8,rs3,82,30,0.07457999850400701,0.02461249820142064,0.37453192575954486,-0.10030734844329414,-0.06947318155968227,0.5666666666666667,0.26666666666666666,2.8333333333333335,0.19354005167958657,0.07457999850400701
S08_rs3,8,rs3,83,30,0.06417830375697722,0.012867208191172264,0.39978407189580073,-0.11956394730788887,-0.07987487630671204,0.5333333333333333,0.16666666666666666,2.966666666666667,0.24573643410852722,0.06417830375697722
S08_rs3,8,rs3,84,30,0.11383225590968017,0.03405212740759467,0.526239118059139,-0.10541041198730029,-0.030220924154009118,0.5666666666666667,0.3,3.3666666666666667,0.22144702842377262,0.11383225590968017
S08_rs3,8,rs3,85,30,0.13619968457635293,0.00852022786452522,0.46249039975715756,-0.10217372676474777,-0.007853495487336352,0.5,0.26666666666666666,2.7,0.2111111111111111,0.13619968457635293
S08_rs3,8,rs3,86,30,0.047421938786412175,0.0,0.35188429342695193,-0.11570316798530664,-0.09663124127727711,0.4666666666666667,0.23333333333333334,2.7,0.21989664082687338,0.047421938786412175
S08_rs3,8,rs3,87,30,0.05300735755811737,0.021586930096055834,0.45340669729668226,-0.08999090919676782,-0.0910458225055719,0.6333333333333333,0.16666666666666666,2.6333333333333333,0.20130074891604258,0.05300735755811737
S08_rs3,8,rs3,88,30,0.10607956771429054,0.06706482311016149,0.5920849980523812,-0.10725952223778405,-0.037973612349398736,0.6333333333333333,0.36666666666666664,3.6,0.23385888845092628,0.10607956771429054
S08_rs3,8,rs3,89,30,0.059967474201269064,0.021569014325672264,0.40213967832962877,-0.10051315628048195,-0.08408570586242022,0.5666666666666667,0.16666666666666666,2.8,0.21679586563307496,0.059967474201269064
S08_rs3,8,rs3,90,30,0.11005363382327611,0.04447549314423571,0.5231679899157577,-0.12179393496995931,-0.03399954624041315,0.5666666666666667,0.26666666666666666,3.1333333333333333,0.22816537467700262,0.11005363382327611
S08_rs3,8,rs3,91,30,0.0801076152451092,0.04735479832251355,0.5837189702980027,-0.13077105296169997,-0.06394556481858006,0.6666666666666666,0.3,2.8666666666666667,0.25220514168090047,0.0801076152451092
S08_rs3,8,rs3,92,30,0.15218272649233178,0.05454995900167814,0.6071463267702971,-0.10623888785565079,0.008129546428642446,0.6,0.23333333333333334,2.9,0.2095607235142119,0.15218272649233178
S08_rs3,8,rs3,93,30,0.17575871397926968,0.09651011980987112,0.9679551665087978,-0.11337601037579963,0.03170553391558038,0.7333333333333333,0.43333333333333335,3.2,0.24290281609950515,0.17575871397926968
S08_rs3,8,rs3,94,30,0.1102950751068172,0.04735479832251355,0.512106027123879,-0.12574841624054273,-0.03375810495687207,0.5666666666666667,0.3333333333333333,3.2333333333333334,0.20930232558139536,0.1102950751068172
S08_rs3,8,rs3,95,30,0.17732532093335832,0.06309994044996392,0.7761664393159721,-0.10846728982834315,0.03327214086966903,0.6666666666666666,0.3333333333333333,2.8666666666666667,0.2467700258397933,0.17732532093335832
S08_rs3,8,rs3,96,30,0.09089894871073186,0.052026375415986315,0.6093738414500147,-0.11726528293229747,-0.05315423135295741,0.6333333333333333,0.2,2.8333333333333335,0.23385012919896642,0.09089894871073186
S08_rs3,8,rs3,97,30,0.11699500940771126,0.030940356168453254,0.386875893823391,-0.12202658089199844,-0.02705817065597802,0.5666666666666667,0.26666666666666666,2.5,0.21111111111111114,0.11699500940771126
S08_rs3,8,rs3,98,30,0.07952817787011159,0.01942252339656081,0.5487953471614619,-0.09170028795471528,-0.06452500219357768,0.6333333333333333,0.26666666666666666,2.533333333333333,0.2263653483992467,0.07952817787011159
S08_rs3,8,rs3,99,30,0.04455869638521726,0.00028812217825868736,0.2227176518801105,-0.10425321981452629,-0.099494483678472,0.5,0.26666666666666666,3.2333333333333334,0.2108527131782946,0.04455869638521726
S09_rs8,9,rs8,0,30,0.15246135307004235,0.04382688736757623,0.7667441058070856,-0.0935464975084726,0.008408173006353123,0.6333333333333333,0.3,2.533333333333333,0.1971576227390181,0.15246135307004235
S09_rs8,9,rs8,1,30,0.10708621420880962,0.01445920207297735,0.254436392468033,-0.09878759378129866,-0.03696696585487965,0.5,0.26666666666666666,2.2,0.17737047256164326,0.10708621420880962
S09_rs8,9,rs8,2,30,0.09916570768710503,0.07720754270743813,0.6286435509687325,-0.11764538024068338,-0.04488747237658427,0.7,0.26666666666666666,2.433333333333333,0.2043927648578812,0.09916570768710503
S09_rs8,9,rs8,3,30,0.12431750215054098,0.04432405577307086,0.8243490740123041,-0.08657001617798897,-0.019735677913148283,0.6333333333333333,0.3333333333333333,2.5,0.18139534883720929,0.12431750215054098
S09_rs8,9,rs8,4,30,0.058227108279682124,0.025038894812295487,0.3884625406789549,-0.09894879513350434,-0.08582607178400717,0.6,0.23333333333333334,2.1333333333333333,0.15038759689922482,0.058227108279682124
S09_rs8,9,rs8,5,30,0.06172882136438933,0.04069395389109631,0.47950736187323295,-0.08901041579463759,-0.08232435869929994,0.6666666666666666,0.16666666666666666,2.466666666666667,0.19675031752288358,0.06172882136438933
S09_rs8,9,rs8,6,30,0.045156084756244434,0.03460776976616886,0.3232194357066689,-0.0806423079144127,-0.09889709530744485,0.5666666666666667,0.16666666666666666,2.2,0.16780974904743134,0.045156084756244434
S09_rs8,9,rs8,7,30,0.044731036977921676,0.03653493348470682,0.3093896457309447,-0.08912402872395274,-0.0993221430857676,0.5666666666666667,0.2,1.9666666666666666,0.154780361757106,0.044731036977921676
S09_rs8,9,rs8,8,30,0.14890130356939166,0.12046336079679953,1.0116550043292711,-0.1077404877742333,0.004848123505702366,0.7666666666666667,0.5,2.2,0.20361757105943154,0.14890130356939166
S09_rs8,9,rs8,9,30,0.04965248122686687,0.017114573187860027,0.2994448385133947,-0.0885742729792888,-0.09440069883682241,0.5333333333333333,0.2,2.0,0.13746770025839794,0.04965248122686687
S09_rs8,9,rs8,10,30,0.08467062971360254,0.07219485542939419,0.7006239719415246,-0.08356736453998731,-0.05938255035008672,0.7666666666666667,0.26666666666666666,2.1333333333333333,0.19261595059781897,0.08467062971360254
S09_rs8,9,rs8,11,30,0.06600026866122304,0.036276986158744084,0.5036998381959374,-0.0810560989025317,-0.07805291140246624,0.6333333333333333,0.16666666666666666,2.2666666666666666,0.13824289405684756,0.06600026866122304
S09_rs8,9,rs8,12,30,0.05810819249195577,0.025038894812295487,0.37787825095961924,-0.09992178092334776,-0.08594498757173351,0.6,0.16666666666666666,2.466666666666667,0.17493540051679587,0.05810819249195577
S09_rs8,9,rs8,13,30,0.1755307452123343,0.09209023173750097,0.8397191016460287,-0.10703957735974147,0.031477565148645,0.6333333333333333,0.4,2.566666666666667,0.21317829457364346,0.1755307452123343
S09_rs8,9,rs8,14,30,0.2018364715311519,0.03843874202051689,0.7935401350604411,-0.08434916740297381,0.05778329146746262,0.6,0.3333333333333333,2.0,0.172093023255814,0.2018364715311519
S09_rs8,9,rs8,15,30,0.08924820655296244,0.03661652012668104,0.5237091601801003,-0.093380974624232,-0.054804973510726857,0.6333333333333333,0.23333333333333334,2.2,0.1847545219638243,0.08924820655296244
S09_rs8,9,rs8,16,30,0.04720109209734961,0.028813462321252592,0.3803701906360745,-0.09651674633822058,-0.09685208796633968,0.6,0.23333333333333334,2.3666666666666667,0.15721543380195332,0.04720109209734961
S09_rs8,9,rs8,17,30,0.13812522911227798,0.0411884337757672,0.6420538091580784,-0.07290801086862848,-0.0059279509514112904,0.6333333333333333,0.4,2.2666666666666666,0.16382428940568478,0.13812522911227798
S09_rs8,9,rs8,18,30,0.09716498314443812,0.03350487853003281,0.42066995558132086,-0.08317287394478977,-0.04688819691925114,0.6333333333333333,0.26666666666666666,2.1666666666666665,0.16780974904743137,0.09716498314443812
S09_rs8,9,rs8,19,30,0.0942666595602068,0.062172584951663556,0.7376955491120867,-0.09280107878220943,-0.04978652050348247,0.6333333333333333,0.3333333333333333,2.1333333333333333,0.18656330749354003,0.0942666595602068
S09_rs8,9,rs8,20,30,0.1750669144505001,0.062172584951663556,0.7577200574615023,-0.11139496193079625,0.03101373438681087,0.6,0.3333333333333333,2.033333333333333,0.19043927648578812,0.1750669144505001
S09_rs8,9,rs8,21,30,0.07870892875868749,0.042516175784932164,0.5890691480469095,-0.08500110127102455,-0.06534425130500181,0.6,0.3,2.066666666666667,0.1418604651162791,0.07870892875868749
S09_rs8,9,rs8,22,30,0.08204966931093981,0.0671852722297075,0.6088503165451274,-0.1079414404842846,-0.062003510752749465,0.7333333333333333,0.3,2.3333333333333335,0.16227390180878556,0.08204966931093981
S09_rs8,9,rs8,23,30,0.09564931080165597,0.00694076992322501,0.19233913053149632,-0.08618393855859102,-0.04840386926203331,0.5,0.13333333333333333,1.9666666666666666,0.1757105943152455,0.09564931080165597
S09_rs8,9,rs8,24,30,0.09117922823862035,0.048559880485686824,0.6139077867106135,-0.10263546774944571,-0.052873951825068925,0.6666666666666666,0.3,2.6666666666666665,0.20671834625323,0.09117922823862035
S09_rs8,9,rs8,25,30,0.16145677294778465,0.02819042162980001,0.6064625768157914,-0.12029728133271789,0.01740359288409538,0.5666666666666667,0.36666666666666664,2.7333333333333334,0.19948320413436696,0.16145677294778465
S09_rs8,9,rs8,26,30,0.02607364769713953,0.0,0.09544198809005268,-0.09013826133723953,-0.11797953236654975,0.43333333333333335,0.16666666666666666,2.2,0.11225419349187579,0.02607364769713953
S09_rs8,9,rs8,27,30,0.04521412260624515,0.0,0.27129809615335565,-0.10458004133759596,-0.09883905745744412,0.4666666666666667,0.2,2.5,0.18656330749354005,0.04521412260624515
S09_rs8,9,rs8,28,30,0.09990555172721403,0.05565511387016309,0.6775105701925186,-0.12399359660940462,-0.04414762833647526,0.7333333333333333,0.4,2.4,0.19198966408268736,0.09990555172721403
S09_rs8,9,rs8,29,30,0.09785302441707766,0.04528889277616066,0.552804123503549,-0.08063243078922695,-0.04620015564661162,0.6666666666666666,0.3333333333333333,2.033333333333333,0.18434721674768975,0.09785302441707766
S09_rs8,9,rs8,30,30,0.0772457174430086,0.04675200049754813,0.7252686189738505,-0.07266843136029986,-0.06680746262068069,0.7333333333333333,0.2,1.7666666666666666,0.16098191214470287,0.0772457174430086
S09_rs8,9,rs8,31,30,0.10457592056516307,0.042516175784932164,0.7001545183040292,-0.07398641185804673,-0.03947725949852621,0.6666666666666666,0.3,2.3,0.15271317829457368,0.10457592056516307
S09_rs8,9,rs8,32,30,0.07600363806250397,0.025143836636997596,0.46328624213442254,-0.09779642260695046,-0.06804954200118528,0.5333333333333333,0.3333333333333333,2.2666666666666666,0.1591731266149871,0.07600363806250397
S09_rs8,9,rs8,33,30,0.09699229925799407,0.04035441992315936,0.6089451062538056,-0.08023625518396864,-0.04706088080569524,0.6,0.23333333333333334,1.9666666666666666,0.15193798449612406,0.09699229925799407
S09_rs8,9,rs8,34,30,0.06403363978841914,0.0,0.2571694051987713,-0.08953785379977616,-0.08001954027527013,0.4666666666666667,0.26666666666666666,2.2666666666666666,0.14352034336267686,0.06403363978841914
S09_rs8,9,rs8,35,30,0.0816962081724229,0.043976041448737346,0.49466604427344596,-0.09976024630220362,-0.06235697189126637,0.6,0.3,2.466666666666667,0.15943152454780363,0.0816962081724229
S09_rs8,9,rs8,36,30,0.0696237447380082,0.04675200049754813,0.5395654607826823,-0.09818469787542412,-0.07442943532568108,0.7,0.3,2.3333333333333335,0.1702842377260982,0.0696237447380082
S09_rs8,9,rs8,37,30,0.0711823724261952,0.03940412779965119,0.4929623393852588,-0.10224061642980574,-0.07287080763749411,0.6,0.26666666666666666,2.3,0.18397932816537468,0.0711823724261952
S09_rs8,9,rs8,38,30,0.09675450483866824,0.04870903456684794,0.6698492392954364,-0.08628681974414112,-0.047298675225021035,0.7333333333333333,0.26666666666666666,1.9666666666666666,0.1796960539569921,0.09675450483866824
S09_rs8,9,rs8,39,30,0.14537517114100915,0.03298677966328234,0.5026576025392624,-0.10539138141000921,0.0013219910773198654,0.5666666666666667,0.26666666666666666,2.566666666666667,0.19483204134366924,0.14537517114100915
S09_rs8,9,rs8,40,30,0.04873286362858694,0.007671447815970733,0.20688977736992792,-0.07496899874159468,-0.09532031643510235,0.5,0.2,2.066666666666667,0.14300354749704378,0.04873286362858694
S09_rs8,9,rs8,41,30,0.0352061421467832,0.025038894812295487,0.27766256660677285,-0.11250555915076707,-0.10884703791690606,0.5666666666666667,0.16666666666666666,2.5,0.16434108527131785,0.0352061421467832
S09_rs8,9,rs8,42,30,0.1449500488568894,0.04232924092962309,0.614459506997616,-0.0998881130223335,0.0008968687932001414,0.6666666666666666,0.26666666666666666,2.7333333333333334,0.16821705426356595,0.1449500488568894
S09_rs8,9,rs8,43,30,0.13038451416442196,0.01835608237999098,0.5955285814940946,-0.08362096451912865,-0.013668665899267326,0.5333333333333333,0.23333333333333334,1.8,0.13953488372093023,0.13038451416442196
S09_rs8,9,rs8,44,30,0.08906570979390228,0.048559880485686824,0.683738283586258,-0.09160651460428637,-0.054987470269787,0.6666666666666666,0.3333333333333333,1.9666666666666666,0.18785529715762275,0.08906570979390228
S09_rs8,9,rs8,45,30,0.15117297081751244,0.03940412779965119,0.5273116679351715,-0.09093456721447786,0.00711979075382313,0.6333333333333333,0.23333333333333334,2.3,0.1610914027942014,0.15117297081751244
S09_rs8,9,rs8,46,30,0.08448696711588789,0.04069395389109631,0.5179975639271824,-0.08744163566039219,-0.05956621294780141,0.6333333333333333,0.26666666666666666,1.9333333333333333,0.17943765602417555,0.08448696711588789
S09_rs8,9,rs8,47,30,0.07871581845317689,0.07373377363843525,0.6937496899252645,-0.09384297811993696,-0.06533736161051239,0.6333333333333333,0.3333333333333333,2.5,0.15142118863049098,0.07871581845317689
S09_rs8,9,rs8,48,30,0.08675370801985521,0.03360982035473492,0.5116320568434312,-0.09645338517096398,-0.05729947204383407,0.6,0.26666666666666666,2.1333333333333333,0.1736434108527132,0.08675370801985521
S09_rs8,9,rs8,49,30,0.019578545279663757,0.0,0.11847847377183776,-0.0827741295941876,-0.12447463478402553,0.43333333333333335,0.1,1.9,0.16574256558489908,0.019578545279663757
S09_rs8,9,rs8,50,30,0.10342395994437951,0.041989706961686135,0.5889877400478307,-0.08880699376011741,-0.0406292201193098,0.6666666666666666,0.26666666666666666,2.2333333333333334,0.17711207462882672,0.10342395994437951
S09_rs8,9,rs8,51,30,0.09188114787958514,0.062172584951663556,0.6331641498372308,-0.08443531937866935,-0.05217203218410415,0.6,0.36666666666666664,2.1,0.1669250645994832,0.09188114787958514
S09_rs8,9,rs8,52,30,0.0603158285162376,0.010684634564020246,0.5909164623732174,-0.08247971611155704,-0.08373735154745164,0.5,0.2,2.0,0.15607235142118867,0.0603158285162376
S09_rs8,9,rs8,53,30,0.09635971829351202,0.023902327444866645,0.6106131123708042,-0.10328497494677923,-0.047693461770177276,0.5666666666666667,0.23333333333333334,2.2,0.20941181623089386,0.09635971829351202
S09_rs8,9,rs8,54,30,0.1267547061387808,0.03843874202051689,0.4357329769526013,-0.10240785002154812,-0.01729847392490849,0.6,0.23333333333333334,2.3333333333333335,0.1682170542635659,0.1267547061387808
S09_rs8,9,rs8,55,30,0.0660689304463434,0.03408967089941839,0.37825033769030797,-0.1193280042758483,-0.07798424961734589,0.5333333333333333,0.23333333333333334,2.466666666666667,0.19586563307493543,0.0660689304463434
S09_rs8,9,rs8,56,30,0.08734527658459955,0.040167485067850284,0.6866174260142391,-0.08051288629137172,-0.05670790347908974,0.7,0.23333333333333334,2.466666666666667,0.18372093023255817,0.08734527658459955
S09_rs8,9,rs8,57,30,0.07163861019762745,0.036803454981990114,0.45105247311804,-0.09842671402300227,-0.07241456986606183,0.5666666666666667,0.23333333333333334,2.0,0.1811369509043928,0.07163861019762745
S09_rs8,9,rs8,58,30,0.13158864135893136,0.02819042162980001,0.3846705151028591,-0.10855838534189026,-0.012464538704757904,0.5333333333333333,0.26666666666666666,2.533333333333333,0.20243507204484743,0.13158864135893136
S09_rs8,9,rs8,59,30,0.05206028045601453,0.02819042162980001,0.353568989975679,-0.10502079917685864,-0.09199289960767475,0.6,0.23333333333333334,2.2666666666666666,0.17700258397932817,0.05206028045601453
S09_rs8,9,rs8,60,30,0.15514792646401135,0.01445920207297735,0.5149398547149305,-0.09562464622359836,0.011094746400322068,0.5,0.23333333333333334,2.2666666666666666,0.2018087855297158,0.15514792646401135
S09_rs8,9,rs8,61,30,0.08349176301343712,0.028813462321252592,0.41025975664384035,-0.10058140347646458,-0.060561417050252156,0.5333333333333333,0.3,2.4,0.14237726098191217,0.08349176301343712
S09_rs8,9,rs8,62,30,0.1833437148743379,0.08591876135793464,0.685090749719844,-0.11367838022458683,0.03929053481064868,0.6666666666666666,0.36666666666666664,2.533333333333333,0.1847545219638243,0.1833437148743379
S09_rs8,9,rs8,63,30,0.0884876251167594,0.05522650564834841,0.5629487216958773,-0.1028571544922287,-0.05556555494692988,0.6,0.3,2.066666666666667,0.16563307493540053,0.0884876251167594
S09_rs8,9,rs8,64,30,0.10433311037741694,0.014354260248275241,0.5254312324632909,-0.09398428976763025,-0.039720069686272355,0.5,0.3333333333333333,2.1666666666666665,0.158656330749354,0.10433311037741694
S09_rs8,9,rs8,65,30,0.05114198203921956,0.014612217739195743,0.27989050351629685,-0.09058489393828256,-0.09291119802446972,0.5333333333333333,0.2,2.1666666666666665,0.1693601366443306,0.05114198203921956
S09_rs8,9,rs8,66,30,0.1415792348050382,0.0586930005786479,0.6275762564136238,-0.10893433772589552,-0.0024739452586511074,0.6333333333333333,0.26666666666666666,2.3333333333333335,0.18036175710594318,0.1415792348050382
S09_rs8,9,rs8,67,30,0.18835682372594126,0.05616831741546002,0.8545616139677484,-0.08317213341515546,0.044303643662251965,0.6333333333333333,0.36666666666666664,2.2333333333333334,0.17906976744186048,0.18835682372594126
S09_rs8,9,rs8,68,30,0.14250216141653027,0.01835608237999098,0.5259247875087124,-0.10667447869302783,-0.0015510186471590119,0.5333333333333333,0.3,2.6666666666666665,0.2170542635658915,0.14250216141653027
S09_rs8,9,rs8,69,30,0.0811957677593271,0.023279286753414064,0.549129106709259,-0.09123376115698244,-0.06285741230436218,0.6,0.16666666666666666,2.2333333333333334,0.17493540051679587,0.0811957677593271
S09_rs8,9,rs8,70,30,0.12367217672386598,0.049501692252798435,0.7438604560734873,-0.08845833725760702,-0.020381003339823293,0.6666666666666666,0.4,2.1666666666666665,0.17390180878552972,0.12367217672386598
S09_rs8,9,rs8,71,30,0.0709316805037409,0.04035441992315936,0.5434350536192983,-0.10394403287779383,-0.07312149955994839,0.6,0.26666666666666666,2.6,0.19649191959006704,0.0709316805037409
S09_rs8,9,rs8,72,30,0.16598172533217143,0.03350487853003281,0.7220928737806077,-0.08525807727323226,0.021928545268482164,0.6,0.3333333333333333,2.066666666666667,0.1875968992248062,0.16598172533217143
S09_rs8,9,rs8,73,30,0.06957928872643306,0.027047645172807666,0.45945276085504483,-0.08215013862825571,-0.07447389133725622,0.5333333333333333,0.23333333333333334,2.1333333333333333,0.16925064599483208,0.06957928872643306
S09_rs8,9,rs8,74,30,0.14088981748357174,0.03940412779965119,0.5243280664554687,-0.08359173443283556,-0.0031633625801175238,0.6,0.23333333333333334,2.033333333333333,0.17726098191214473,0.14088981748357174
S09_rs8,9,rs8,75,30,0.08367032099933785,0.03661652012668104,0.4282731920142302,-0.10700520588071918,-0.06038285906435142,0.5666666666666667,0.26666666666666666,2.2333333333333334,0.18062015503875975,0.08367032099933785
S09_rs8,9,rs8,76,30,0.11688226535411404,0.08729332235658294,0.7041241709845536,-0.1188890420041903,-0.027170914709575243,0.6666666666666666,0.36666666666666664,2.533333333333333,0.2008846844479482,0.11688226535411404
S09_rs8,9,rs8,77,30,0.1331867908779253,0.07853112885129032,0.9168195363715685,-0.09060668779937409,-0.010866389185763988,0.7666666666666667,0.43333333333333335,2.1666666666666665,0.1922480620155039,0.1331867908779253
S09_rs8,9,rs8,78,30,0.05485448881062607,0.03059861011397691,0.3820471662837871,-0.09698333225656794,-0.08919869125306322,0.5666666666666667,0.2,2.2,0.1956072351421189,0.05485448881062607
S09_rs8,9,rs8,79,30,0.06794116596724482,0.00694076992322501,0.3805692508652584,-0.0812494305407613,-0.07611201409644446,0.5,0.26666666666666666,1.8333333333333333,0.1424867516314107,0.06794116596724482
S09_rs8,9,rs8,80,30,0.04190907283700973,0.024034458424758154,0.2580261194867752,-0.10852081844692979,-0.10214410722667955,0.5333333333333333,0.2,2.6333333333333333,0.182687338501292,0.04190907283700973
S09_rs8,9,rs8,81,30,0.16753854372820676,0.04232924092962309,0.7972038585163058,-0.12103506586054322,0.023485363664517436,0.6333333333333333,0.3333333333333333,2.2,0.19354005167958657,0.16753854372820676
S09_rs8,9,rs8,82,30,0.0749459030836228,0.017114573187860027,0.3819552474915236,-0.08260753725599781,-0.06910727698006647,0.5333333333333333,0.2,2.066666666666667,0.15193798449612403,0.0749459030836228
S09_rs8,9,rs8,83,30,0.07137303518043754,0.04069395389109631,0.3772518294389823,-0.09810202065774488,-0.07268014488325175,0.6,0.16666666666666666,1.9333333333333333,0.1698769325099637,0.07137303518043754
S09_rs8,9,rs8,84,30,0.06873222901306217,0.05123371773003582,0.4884471933067291,-0.10250749309073962,-0.07532095105062711,0.6666666666666666,0.23333333333333334,2.3,0.1798449612403101,0.06873222901306217
S09_rs8,9,rs8,85,30,0.028661396007495687,0.007671447815970733,0.14778100450010972,-0.11529736822118992,-0.11539178405619357,0.5,0.2,2.5,0.17168571803967939,0.028661396007495687
S09_rs8,9,rs8,86,30,0.10924032518919767,0.06066780114820702,0.7145167062461695,-0.10436673038905248,-0.0348128548744916,0.7,0.3,2.1666666666666665,0.1937984496124031,0.10924032518919767
S09_rs8,9,rs8,87,30,0.10715299020073678,0.03551362889054499,0.6683688649893076,-0.08609129907975972,-0.03690018986295251,0.6333333333333333,0.3,2.3,0.1604651162790698,0.10715299020073678
S09_rs8,9,rs8,88,30,0.050020979560687066,0.02829536345450212,0.45657805808676505,-0.11254198919718349,-0.09403220050300222,0.5666666666666667,0.26666666666666666,1.9666666666666666,0.20335917312661503,0.050020979560687066
S09_rs8,9,rs8,89,30,0.15202316530062585,0.02077693130474978,0.5871252087776572,-0.09712774634530222,0.007969985236936546,0.5333333333333333,0.26666666666666666,2.2666666666666666,0.19080716506810322,0.15202316530062585
S09_rs8,9,rs8,90,30,0.07418848629857878,0.062353353213478346,0.5845479105956717,-0.09884168234211485,-0.0698646937651105,0.6333333333333333,0.16666666666666666,2.1666666666666665,0.19519992992598437,0.07418848629857878
S09_rs8,9,rs8,91,30,0.07805239914136752,0.01636301060878742,0.47112478568864175,-0.10992562188301308,-0.06600078092232174,0.5,0.3333333333333333,2.2,0.19198966408268736,0.07805239914136752
S09_rs8,9,rs8,92,30,0.038259524031375995,0.0,0.12133710628424589,-0.09368194675385924,-0.10579365603231325,0.4,0.16666666666666666,2.066666666666667,0.14806201550387596,0.038259524031375995
S09_rs8,9,rs8,93,30,0.1233413524853929,0.034373177622934015,0.5798101096195704,-0.08122624994689474,-0.020711827578296392,0.6,0.16666666666666666,2.2666666666666666,0.15012919896640828,0.1233413524853929
S09_rs8,9,rs8,94,30,0.04607925693105631,0.029696634889782914,0.3484282080731846,-0.1261947801607138,-0.09797392313263294,0.5333333333333333,0.2,2.533333333333333,0.2020671834625323,0.04607925693105631
S09_rs8,9,rs8,95,30,0.11784114552467934,0.009443125371889294,0.44514243085401367,-0.09521885830503747,-0.02621203453900994,0.5,0.23333333333333334,2.466666666666667,0.17260981912144704,0.11784114552467934
S09_rs8,9,rs8,96,30,0.08433074952097712,0.04382688736757623,0.42161035750129244,-0.12222603829280065,-0.05972243054271214,0.6,0.36666666666666664,2.433333333333333,0.21369509043927656,0.08433074952097712
S09_rs8,9,rs8,97,30,0.11260707070706592,0.009443125371889294,0.3482159079782185,-0.08373018804831797,-0.03144610935662334,0.5,0.26666666666666666,2.3,0.15839793281653744,0.11260707070706592
S09_rs8,9,rs8,98,30,0.08980450627110027,0.04035441992315936,0.4449332947310675,-0.0881815205290488,-0.05424867379258899,0.6,0.23333333333333334,2.2,0.17622739018087857,0.08980450627110027
S09_rs8,9,rs8,99,30,0.10261106829847523,0.09425294897926972,0.7554864416359877,-0.11103659120138355,-0.04144211176521406,0.7,0.4,2.8666666666666667,0.19896640826873388,0.10261106829847523
S10_rs_win10,10,rs_win10,0,30,0.08589015600609276,0.046562140636563054,0.6254616038190157,-0.09615796239780426,-0.058163024057596525,0.6333333333333333,0.26666666666666666,2.433333333333333,0.19044803573774807,0.08589015600609276
S10_rs_win10,10,rs_win10,1,30,0.13617047749794195,0.04246701236236028,0.5742280547468794,-0.08986435436709037,-0.007882702565747324,0.6333333333333333,0.26666666666666666,2.3333333333333335,0.19302325581395344,0.13617047749794195
S10_rs_win10,10,rs_win10,2,30,0.12607055572935805,0.0463037397037962,0.7386345107402563,-0.10967216749376804,-0.01798262433433122,0.7,0.36666666666666664,2.4,0.23928524504007356,0.12607055572935805
S10_rs_win10,10,rs_win10,3,30,0.12663399379086326,0.09687155895449118,0.8111735895872891,-0.10161166826891274,-0.017419186272826005,0.7,0.4666666666666667,2.3,0.24316121403232166,0.12663399379086326
S10_rs_win10,10,rs_win10,4,30,0.19685224931499418,0.06315381077517368,0.8541667431437364,-0.0819386182272748,0.052799069251304925,0.7333333333333333,0.36666666666666664,2.3,0.19999999999999998,0.19685224931499418
S10_rs_win10,10,rs_win10,5,30,0.025049024938100697,0.008869601091264556,0.2809941285617136,-0.10706647061456824,-0.11900415512558857,0.5333333333333333,0.23333333333333334,2.3333333333333335,0.16925064599483206,0.025049024938100697
S10_rs_win10,10,rs_win10,6,30,0.14683705114305842,0.0875193865445888,0.6701927669101816,-0.12654225880716743,0.002783871079369138,0.6666666666666666,0.4,2.566666666666667,0.2196382428940568,0.14683705114305842
S10_rs_win10,10,rs_win10,7,30,0.08439389205668028,0.044621592620020856,0.49225847531927397,-0.11791220616176926,-0.05965928800700897,0.6333333333333333,0.26666666666666666,2.6333333333333333,0.20103359173126614,0.08439389205668028
S10_rs_win10,10,rs_win10,8,30,0.07941009670963436,0.008838089706834307,0.18637579772171003,-0.10640550015846478,-0.06464308335405491,0.5333333333333333,0.2,2.6666666666666665,0.1979328165374677,0.07941009670963436
S10_rs_win10,10,rs_win10,9,30,0.10779405575688697,0.021586930096055834,0.5063258761155428,-0.10064125761647405,-0.03625912430680231,0.6333333333333333,0.2,2.3666666666666667,0.22197258354136554,0.10779405575688697
S10_rs_win10,10,rs_win10,10,30,0.12170253160371551,0.028680845632157337,0.349636006150957,-0.09276113807349594,-0.02235064845997377,0.5333333333333333,0.3,2.5,0.18993123987211488,0.12170253160371551
S10_rs_win10,10,rs_win10,11,30,0.05511524702046144,0.014749347333332663,0.44066236327604547,-0.09583465946997789,-0.08893793304322782,0.5666666666666667,0.26666666666666666,2.3,0.1731266149870801,0.05511524702046144
S10_rs_win10,10,rs_win10,12,30,0.0950327152637664,0.01877846581767062,0.503235154115382,-0.0889568724803644,-0.04902046479992288,0.5333333333333333,0.23333333333333334,2.033333333333333,0.19483204134366927,0.0950327152637664
S10_rs_win10,10,rs_win10,13,30,0.18001860678572962,0.0852269452465938,0.8963483113645065,-0.09337306397185824,0.03596542672204032,0.7666666666666667,0.4,2.933333333333333,0.19664082687338505,0.18001860678572962
S10_rs_win10,10,rs_win10,14,30,0.13012587266836914,0.09748516427209997,0.5481584217274457,-0.1185329406307642,-0.013927307395320125,0.6,0.43333333333333335,2.7333333333333334,0.18217054263565896,0.13012587266836914
S10_rs_win10,10,rs_win10,15,30,0.0631426204853672,0.03005291381379316,0.534375713120099,-0.08111494211052722,-0.08091055957832208,0.6666666666666666,0.26666666666666666,2.1666666666666665,0.18398808741733455,0.0631426204853672
S10_rs_win10,10,rs_win10,16,30,0.10696554876874484,0.038604735082210406,0.49803112943771577,-0.11383029038865117,-0.037087631294944426,0.7,0.26666666666666666,2.7333333333333334,0.19793281653746772,0.10696554876874484
S10_rs_win10,10,rs_win10,17,30,0.17916754391738648,0.08846037781747562,0.8279645603115914,-0.11390081860480047,0.035114363853697234,0.8,0.4,2.6666666666666665,0.23565891472868217,0.17916754391738648
S10_rs_win10,10,rs_win10,18,30,0.009964652293944479,0.01366553534810555,0.08674171438998138,-0.11955159173259235,-0.1340885277697448,0.6,0.16666666666666666,2.8,0.20000000000000004,0.009964652293944479
S10_rs_win10,10,rs_win10,19,30,0.1035689249364534,0.046562140636563054,0.6344176865979811,-0.1029793061001627,-0.040484255127235864,0.7333333333333333,0.3333333333333333,2.6666666666666665,0.23462532299741598,0.1035689249364534
S10_rs_win10,10,rs_win10,20,30,0.1341628625456508,0.038604735082210406,0.7493603763011237,-0.08212441374800751,-0.00989031751803846,0.6333333333333333,0.3333333333333333,2.533333333333333,0.15891472868217052,0.1341628625456508
S10_rs_win10,10,rs_win10,21,30,0.17248306823373172,0.0790310762169314,0.9000904073140568,-0.07213855193405098,0.02842988817004245,0.6333333333333333,0.36666666666666664,2.5,0.18501291989664087,0.17248306823373172
S10_rs_win10,10,rs_win10,22,30,0.15594029960145356,0.07095600518650746,0.8153390306219962,-0.10548514499230212,0.01188711953776426,0.7666666666666667,0.36666666666666664,2.8,0.21007751937984492,0.15594029960145356
S10_rs_win10,10,rs_win10,23,30,0.17602077925630943,0.02475665742645472,0.637983805026699,-0.09024632808304284,0.03196759919262012,0.5666666666666667,0.3333333333333333,2.3666666666666667,0.1956072351421189,0.17602077925630943
S10_rs_win10,10,rs_win10,24,30,0.11130815478955608,0.09479050673040379,0.5789766970716543,-0.11693033190929743,-0.03274502527413321,0.6666666666666666,0.4,2.933333333333333,0.2315245478036176,0.11130815478955608
S10_rs_win10,10,rs_win10,25,30,0.12667543786998636,0.04246701236236028,0.6773673346967807,-0.07852274722251422,-0.017377742193702916,0.6666666666666666,0.2,1.9333333333333333,0.18553847501423382,0.12667543786998636
S10_rs_win10,10,rs_win10,26,30,0.13871811694097855,0.028463184664141994,0.5567981175462006,-0.09615819151682996,-0.005335063122710741,0.5666666666666667,0.26666666666666666,2.3333333333333335,0.18475452196382433,0.13871811694097855
S10_rs_win10,10,rs_win10,27,30,0.14260383593943288,0.04666561120235535,0.6160076117655489,-0.103505001733897,-0.00144934412425638,0.6,0.36666666666666664,2.033333333333333,0.21111111111111114,0.14260383593943288
S10_rs_win10,10,rs_win10,28,30,0.133146455432618,0.0463037397037962,0.5676406523401026,-0.10642524513613004,-0.010906724631071318,0.6333333333333333,0.3333333333333333,2.6,0.2036175710594315,0.133146455432618
S10_rs_win10,10,rs_win10,29,30,0.11401228772715509,0.021698030019349335,0.4159952109231905,-0.11767667487040141,-0.030040892336534182,0.5666666666666667,0.2,2.7666666666666666,0.2095607235142119,0.11401228772715509
S10_rs_win10,10,rs_win10,30,30,0.06150195307278038,0.038604735082210406,0.41165046501089225,-0.11338519581720427,-0.0825512269909089,0.6666666666666666,0.23333333333333334,2.3333333333333335,0.1950904392764858,0.06150195307278038
S10_rs_win10,10,rs_win10,31,30,0.09463325532319408,0.028036788053267148,0.47732909832232134,-0.09233278004524652,-0.04941992474049519,0.6,0.23333333333333334,2.1666666666666665,0.1984496124031008,0.09463325532319408
S10_rs_win10,10,rs_win10,32,30,0.06655143959630308,0.04187424510438087,0.5147137930198438,-0.07840965949248019,-0.07750174046738618,0.5666666666666667,0.3,2.066666666666667,0.1578811369509044,0.06655143959630308
S10_rs_win10,10,rs_win10,33,30,0.018193623617754152,0.0,-0.06439699593409927,-0.11057670727188176,-0.12585955644593513,0.4,0.13333333333333333,2.6333333333333333,0.19328165374677003,0.018193623617754152
S10_rs_win10,10,rs_win10,34,30,0.11335923001443933,0.03245970226923822,0.3456506789222868,-0.10455437055603396,-0.030693950049249945,0.6,0.23333333333333334,2.533333333333333,0.19405684754521962,0.11335923001443933
S10_rs_win10,10,rs_win10,35,30,0.09475041867142892,0.04666561120235535,0.5423691039913033,-0.12527653696695115,-0.04930276139226039,0.7333333333333333,0.26666666666666666,3.0,0.23049095607235145,0.09475041867142892
S10_rs_win10,10,rs_win10,36,30,0.13818402359697457,0.08116677883044487,0.6181759369986068,-0.10233155416051629,-0.005869156466714661,0.5666666666666667,0.3333333333333333,2.7333333333333334,0.2201550387596899,0.13818402359697457
S10_rs_win10,10,rs_win10,37,30,0.08972367012073845,0.02212553042676879,0.36918000850832783,-0.10364651814051558,-0.05432950994295083,0.5333333333333333,0.3,2.6,0.18527131782945735,0.08972367012073845
S10_rs_win10,10,rs_win10,38,30,0.16613060731140752,0.05339205383491963,0.6687818841774562,-0.09670786604889768,0.022077427247718242,0.7,0.3333333333333333,2.3333333333333335,0.24109403056978934,0.16613060731140752
S10_rs_win10,10,rs_win10,39,30,0.13975289699633972,0.038604735082210406,0.4558445111737929,-0.09912286862768757,-0.004300283067349564,0.6,0.3,2.3666666666666667,0.19277361713309688,0.13975289699633972
S10_rs_win10,10,rs_win10,40,30,0.13772836131828037,0.030893908866656772,0.5284756346659351,-0.09301355032075215,-0.006324818745408911,0.6333333333333333,0.3,2.966666666666667,0.18605527087986687,0.13772836131828037
S10_rs_win10,10,rs_win10,41,30,0.10730945489956976,0.08309124263308032,0.674443030195084,-0.09825288265348983,-0.036743725164119515,0.7333333333333333,0.3333333333333333,2.3,0.2015503875968992,0.10730945489956976
S10_rs_win10,10,rs_win10,42,30,0.12123377062510829,0.09647637214600913,0.928416443295881,-0.09847723669962699,-0.02281940943858101,0.7333333333333333,0.36666666666666664,3.066666666666667,0.20388472824420797,0.12123377062510829
S10_rs_win10,10,rs_win10,43,30,0.08999650231732095,0.06517055382683001,0.6269412030032456,-0.09929943192576994,-0.054056677746368305,0.7,0.36666666666666664,2.6666666666666665,0.21706302281785142,0.08999650231732095
S10_rs_win10,10,rs_win10,44,30,0.0512727094606717,0.01942252339656081,0.2758169505551686,-0.08496531923383836,-0.09278047060301757,0.5666666666666667,0.16666666666666666,2.5,0.18889764814084883,0.0512727094606717
S10_rs_win10,10,rs_win10,45,30,0.1364055267569734,0.05339205383491963,0.7054859329538299,-0.12224313233143315,-0.007647653306715899,0.6333333333333333,0.4,2.466666666666667,0.23178294573643413,0.1364055267569734
S10_rs_win10,10,rs_win10,46,30,0.13843451265492715,0.06221199900806207,0.7528683835384654,-0.08043926394114531,-0.005618667408762134,0.6333333333333333,0.3333333333333333,2.8,0.16795865633074936,0.13843451265492715
S10_rs_win10,10,rs_win10,47,30,0.10919121854053551,0.022342087598239524,0.31327648486960435,-0.09770272963951018,-0.034861961523153774,0.5666666666666667,0.3333333333333333,2.3666666666666667,0.1821793018876188,0.10919121854053551
S10_rs_win10,10,rs_win10,48,30,0.04964871396308948,0.030138751364473082,0.307844297668692,-0.11227690390955297,-0.09440446610059978,0.5666666666666667,0.16666666666666666,2.9,0.18372093023255817,0.04964871396308948
S10_rs_win10,10,rs_win10,49,30,0.06530027564587447,0.05339205383491963,0.699206413013679,-0.119194716490126,-0.07875290441781481,0.7333333333333333,0.26666666666666666,2.8666666666666667,0.2534971313449831,0.06530027564587447
S10_rs_win10,10,rs_win10,50,30,0.11404111842878283,0.028680845632157337,0.45064201249944574,-0.10507522775589179,-0.03001206163490647,0.6,0.23333333333333334,3.0,0.1930320150659134,0.11404111842878283
S10_rs_win10,10,rs_win10,51,30,0.1000106435049311,0.04487999355278771,0.7558389742946048,-0.08760943193173895,-0.04404253655875819,0.7333333333333333,0.3,2.6,0.21163666622870406,0.1000106435049311
S10_rs_win10,10,rs_win10,52,30,0.04182520790472356,0.022342087598239524,0.33287190137791267,-0.10901789224442092,-0.10222797215896572,0.6333333333333333,0.3,2.6,0.22739894013051284,0.04182520790472356
S10_rs_win10,10,rs_win10,53,30,0.08918583147954097,0.038604735082210406,0.5537967818811868,-0.1090992175731915,-0.054867348584148316,0.6666666666666666,0.3,2.7333333333333334,0.23359173126614988,0.08918583147954097
S10_rs_win10,10,rs_win10,54,30,0.10162860598242394,0.04666561120235535,0.672458305246115,-0.10106516517951432,-0.042424574081265334,0.6666666666666666,0.36666666666666664,2.3,0.22791573599614595,0.10162860598242394
S10_rs_win10,10,rs_win10,55,30,0.08104040675872244,0.044621592620020856,0.40660524793167807,-0.09902507774359035,-0.06301277330496684,0.6,0.3,2.3333333333333335,0.1868217054263566,0.08104040675872244
S10_rs_win10,10,rs_win10,56,30,0.06590591950717542,0.021698030019349335,0.4523803601832482,-0.08990971705028153,-0.07814726055651386,0.6,0.2,2.3,0.17932816537467702,0.06590591950717542
S10_rs_win10,10,rs_win10,57,30,0.11651717785069672,0.08891021501538376,0.9431646607142669,-0.07946441522816447,-0.027536002212992572,0.7333333333333333,0.3333333333333333,1.9333333333333333,0.18837209302325586,0.11651717785069672
S10_rs_win10,10,rs_win10,58,30,0.12424875379448677,0.039416166328025026,0.4568697998629604,-0.12823964335641908,-0.019804426269202504,0.5666666666666667,0.23333333333333334,2.5,0.19250645994832047,0.12424875379448677
S10_rs_win10,10,rs_win10,59,30,0.10267079054954188,0.028463184664141994,0.5628156949545539,-0.11279797213491176,-0.0413823895141474,0.6333333333333333,0.3,2.7,0.19534883720930235,0.10267079054954188
S10_rs_win10,10,rs_win10,60,30,0.15964576693341626,0.04520212810641522,0.7792466211430303,-0.10275157565469033,0.015592586869726983,0.6,0.3,2.033333333333333,0.18914728682170542,0.15964576693341626
S10_rs_win10,10,rs_win10,61,30,0.14142535350371405,0.03170534011247139,0.6160321423927825,-0.09519840592928115,-0.002627826559975244,0.6666666666666666,0.26666666666666666,2.7666666666666666,0.20750229930363948,0.14142535350371405
S10_rs_win10,10,rs_win10,62,30,0.10773664031392079,0.06312281691266552,0.7012872179543267,-0.0922872353903902,-0.036316539749768485,0.7333333333333333,0.3333333333333333,2.7333333333333334,0.21576227390180885,0.10773664031392079
S10_rs_win10,10,rs_win10,63,30,0.11696415592431639,0.10995651182526445,0.6946584090100283,-0.11094486604343053,-0.027089024139372916,0.7666666666666667,0.43333333333333335,3.1,0.19198966408268733,0.11696415592431639
S10_rs_win10,10,rs_win10,64,30,0.07463696574415221,0.043976041448737346,0.5342383306909719,-0.09245544302039548,-0.06941621431953703,0.5666666666666667,0.3,2.033333333333333,0.17080103359173127,0.07463696574415221
S10_rs_win10,10,rs_win10,65,30,0.14506721601160805,0.06221199900806207,0.7968148210320936,-0.09525648488281033,0.001014035947918753,0.7666666666666667,0.26666666666666666,2.1666666666666665,0.19121447028423771,0.14506721601160805
S10_rs_win10,10,rs_win10,66,30,0.0811592325742056,0.03170534011247139,0.47427316704818023,-0.0940272617375975,-0.06289394748948367,0.6,0.3,2.4,0.18372093023255814,0.0811592325742056
S10_rs_win10,10,rs_win10,67,30,0.14296806200045553,0.04520212810641522,0.5066977279512198,-0.1169947521736437,-0.0010851180632337697,0.6333333333333333,0.3333333333333333,2.7,0.26305785485919503,0.14296806200045553
S10_rs_win10,10,rs_win10,68,30,0.033169294284925085,0.004346980326647043,0.08709250154217633,-0.09446833819183875,-0.11088388577876422,0.5,0.2,2.6,0.19458240266281257,0.033169294284925085
S10_rs_win10,10,rs_win10,69,30,0.10335091011107729,0.03971966484672029,0.7680160938505621,-0.09246587851805545,-0.04070226995261201,0.7333333333333333,0.26666666666666666,2.5,0.2121534620943372,0.10335091011107729
S10_rs_win10,10,rs_win10,70,30,0.06962023452573171,0.038604735082210406,0.488950302321969,-0.10313014222284825,-0.07443294553795757,0.6,0.16666666666666666,2.6333333333333333,0.2191214470284238,0.06962023452573171
S10_rs_win10,10,rs_win10,71,30,0.0712410524913648,0.030356412332488425,0.39135625947722824,-0.08532300267424288,-0.07281212757232448,0.6,0.23333333333333334,2.6666666666666665,0.19509919852844568,0.0712410524913648
S10_rs_win10,10,rs_win10,72,30,0.11493490438573001,0.038604735082210406,0.4223677956359891,-0.10249636642099517,-0.029118275677959236,0.6333333333333333,0.26666666666666666,2.7,0.1888976481408488,0.11493490438573001
S10_rs_win10,10,rs_win10,73,30,0.12603612684516824,0.06552811177571727,0.7660749061084647,-0.08074680557514075,-0.018017053218521036,0.7333333333333333,0.4,2.5,0.19534883720930232,0.12603612684516824
S10_rs_win10,10,rs_win10,74,30,0.12225845682189976,0.015393404912222852,0.4746801092034478,-0.10756914013986758,-0.021794723241789535,0.5666666666666667,0.23333333333333334,2.2666666666666666,0.2255901546007971,0.12225845682189976
S10_rs_win10,10,rs_win10,75,30,0.05730895081728695,0.019204862428545466,0.3590622972978566,-0.11176942550581999,-0.08674422924640232,0.5333333333333333,0.3,2.4,0.18631366881268338,0.05730895081728695
S10_rs_win10,10,rs_win10,76,30,0.18556071781670633,0.04509865754062292,0.8839452401211256,-0.092073057868836,0.041507537753017076,0.7333333333333333,0.3,2.6,0.23229974160206718,0.18556071781670633
S10_rs_win10,10,rs_win10,77,30,0.11363777548420281,0.08071694163253673,0.6322395186711341,-0.09604931741968506,-0.03041540457948647,0.6666666666666666,0.3,2.433333333333333,0.21241186002715368,0.11363777548420281
S10_rs_win10,10,rs_win10,78,30,0.1323595460359474,0.010902295532035589,0.6191042529466755,-0.07544072492769642,-0.011693634027741843,0.5,0.13333333333333333,2.3666666666666667,0.1922568212674638,0.1323595460359474
S10_rs_win10,10,rs_win10,79,30,0.10826312567326354,0.08383611677579883,0.8231633304683529,-0.08484175389724988,-0.03579005439042572,0.7333333333333333,0.3333333333333333,2.033333333333333,0.18217054263565893,0.10826312567326354
S10_rs_win10,10,rs_win10,80,30,0.08323972195754209,0.046562140636563054,0.5921601941566226,-0.08215929233932091,-0.060813458106147175,0.6666666666666666,0.23333333333333334,2.1333333333333333,0.19715762273901807,0.08323972195754209
S10_rs_win10,10,rs_win10,81,30,0.10009774036792249,0.022342087598239524,0.4501414267907888,-0.10250128584122123,-0.04395543969576678,0.6333333333333333,0.23333333333333334,2.466666666666667,0.22636534839924669,0.10009774036792249
S10_rs_win10,10,rs_win10,82,30,0.12354531433187324,0.0415707465856856,0.5991302046368253,-0.09217407189157763,-0.02050786573181601,0.6333333333333333,0.26666666666666666,2.1333333333333333,0.19174002540183072,0.12354531433187324
S10_rs_win10,10,rs_win10,83,30,0.15045868147933963,0.10550115860063347,0.9917925865575584,-0.07952228223521457,0.006405501415650357,0.7666666666666667,0.4,2.3333333333333335,0.19870801033591728,0.15045868147933963
S10_rs_win10,10,rs_win10,84,30,0.1283294938481296,0.021160533485180988,0.5219761541098175,-0.10339935831299021,-0.015723686215559637,0.6,0.3,2.533333333333333,0.21706302281785134,0.1283294938481296
S10_rs_win10,10,rs_win10,85,30,0.0867313535165474,0.022781999802487185,0.3660806279683808,-0.10106069451490375,-0.057321826547141866,0.5,0.36666666666666664,2.3,0.20129198966408268,0.0867313535165474
S10_rs_win10,10,rs_win10,86,30,0.045956520449334064,0.02292385758370208,0.313352009143866,-0.11661080600835531,-0.09809665961435522,0.5666666666666667,0.2,2.466666666666667,0.1852713178294574,0.045956520449334064
S10_rs_win10,10,rs_win10,87,30,0.15546007418263283,0.044621592620020856,0.6717005458902577,-0.09823478082844274,0.011406894118943562,0.6666666666666666,0.3333333333333333,2.066666666666667,0.1945736434108527,0.15546007418263283
S10_rs_win10,10,rs_win10,88,30,0.07928083168210234,0.04870903456684794,0.6121084292715516,-0.10243437442641887,-0.06477234838158694,0.7333333333333333,0.3333333333333333,2.3666666666666667,0.1932904129987299,0.07928083168210234
S10_rs_win10,10,rs_win10,89,30,0.15349635934377154,0.04223611660294002,0.5504025325712063,-0.0967653015320681,0.00944317928008227,0.6,0.26666666666666666,2.2333333333333334,0.20645994832041342,0.15349635934377154
S10_rs_win10,10,rs_win10,90,30,0.14165525041538338,0.009492287810227373,0.649309109299889,-0.0754146248336414,-0.002397929648305845,0.5666666666666667,0.3,2.3,0.1571059431524548,0.14165525041538338
S10_rs_win10,10,rs_win10,91,30,0.025182054438029088,0.004491109380187264,0.20492375758772222,-0.10596965557821193,-0.11887112562566021,0.5,0.13333333333333333,2.466666666666667,0.16408268733850132,0.025182054438029088
S10_rs_win10,10,rs_win10,92,30,0.05948827689570854,0.009636416863767594,0.3685658043681129,-0.0935416784384264,-0.08456490316798074,0.6,0.23333333333333334,2.433333333333333,0.17674418604651165,0.05948827689570854
S10_rs_win10,10,rs_win10,93,30,0.11873524297392389,0.04608507571596099,0.604182805815984,-0.11064915333819487,-0.025317937089765374,0.7,0.4,2.8333333333333335,0.220671834625323,0.11873524297392389
S10_rs_win10,10,rs_win10,94,30,0.08846420442973137,0.021160533485180988,0.5787598770203689,-0.1016163077286178,-0.05558897563395792,0.6,0.3,2.8333333333333335,0.21861341041475058,0.08846420442973137
S10_rs_win10,10,rs_win10,95,30,0.0898209128674278,0.02212442663022418,0.45979421701343637,-0.13377438940515501,-0.05423226719626147,0.6,0.3,2.966666666666667,0.19767441860465115,0.0898209128674278
S10_rs_win10,10,rs_win10,96,30,0.13035447108905218,0.06100691684488879,0.6481391715247482,-0.10911882572678329,-0.01369870897463712,0.5666666666666667,0.3333333333333333,2.5,0.17493540051679587,0.13035447108905218
S10_rs_win10,10,rs_win10,97,30,0.24147741100984552,0.15646300039470185,1.2050191789079898,-0.08040573213371367,0.09742423094615621,0.7666666666666667,0.5333333333333333,2.0,0.2129286558927868,0.24147741100984552
S10_rs_win10,10,rs_win10,98,30,0.08878644901044602,0.045460529039182074,0.6114141367290975,-0.10364750021963197,-0.05526673105324326,0.6666666666666666,0.3,2.5,0.22042219594446635,0.08878644901044602
S10_rs_win10,10,rs_win10,99,30,0.09182333930686128,0.0790310762169314,0.5740807217487559,-0.09403959984207491,-0.052229840756828,0.6333333333333333,0.26666666666666666,2.033333333333333,0.18217054263565893,0.09182333930686128
