scheme,scheme_id,note,run,universe,months,eval_days,win_start,win_end,n_names,bench_ret,mean_ret,median_ret,mean_sharpe,mean_mdd,mean_vs_bench,pct_positive,pct_beat_bench,mean_trades,mean_exposure
D01_baseline,1,baseline_dip10_w25,0,SOXX,4,84,2025-01-15,2025-05-15,29,-0.04268271797372991,-0.05137020620192955,-0.03998092236297923,-0.838404748849149,-0.12808772684311934,-0.00868748822819964,0.13793103448275862,0.5517241379310345,4.0344827586206895,0.18780788177339905
D01_baseline,1,baseline_dip10_w25,1,SOXX,4,84,2025-11-26,2026-03-30,29,0.0653592129111733,0.15058990942209266,0.08498997312186996,0.7967477691448144,-0.11384467018205034,0.08523069651091936,0.7241379310344828,0.5517241379310345,4.620689655172414,0.43678160919540227
D01_baseline,1,baseline_dip10_w25,2,SOXX,12,252,2024-06-12,2025-06-13,30,-0.11229341109132818,-0.10759732730174004,-0.1754087946735705,-0.49136668687715707,-0.2644492734022833,0.004696083789588135,0.23333333333333334,0.3333333333333333,13.066666666666666,0.304265873015873
D01_baseline,1,baseline_dip10_w25,3,QQQ,1,21,2026-01-13,2026-02-11,30,-0.02096638715391519,0.0002416398380511775,0.0,-0.6005768199894794,-0.06031968938725034,0.021208026991966368,0.36666666666666664,0.6333333333333333,1.9,0.4408730158730158
D01_baseline,1,baseline_dip10_w25,4,QQQ,8,168,2025-02-28,2025-10-28,30,0.2501946769916814,0.06901457655919004,-0.00020478335530171865,0.13949717343563126,-0.14366115062336213,-0.1811801004324914,0.5,0.23333333333333334,6.466666666666667,0.36602182539682543
D01_baseline,1,baseline_dip10_w25,5,SOXX,3,63,2025-03-10,2025-06-06,29,0.11931802402050695,0.010175123105547556,0.0,-0.025569641638422638,-0.05224875749274399,-0.1091429009149594,0.41379310344827586,0.06896551724137931,2.2413793103448274,0.1490147783251231
D01_baseline,1,baseline_dip10_w25,6,SOXX,12,252,2024-10-18,2025-10-21,30,0.2792904450054976,0.10003255547516737,0.07055740504987928,0.26295951112945726,-0.19805254006082648,-0.17925788953033023,0.5666666666666667,0.2,11.1,0.37023809523809526
D01_baseline,1,baseline_dip10_w25,7,SOXX,5,105,2024-08-02,2024-12-31,30,0.0461545872289324,-0.009409089667516775,-0.03565139144348356,-0.500889342785271,-0.11484868712839374,-0.05556367689644917,0.3333333333333333,0.2,5.033333333333333,0.24595238095238098
D01_baseline,1,baseline_dip10_w25,8,SOXX,11,231,2024-01-29,2024-12-26,30,0.11728604186347558,-0.0023799778625589758,-0.03667494566768981,-0.06644209904891114,-0.239065516741813,-0.11966601972603455,0.4,0.16666666666666666,11.566666666666666,0.3611111111111111
D01_baseline,1,baseline_dip10_w25,9,QQQ,7,147,2025-12-22,2026-07-24,30,0.10761391047221691,0.07338428702786332,0.04227867061905455,0.1779210428301369,-0.13559029575384765,-0.034229623444353596,0.5666666666666667,0.36666666666666664,7.166666666666667,0.3568027210884354
D01_baseline,1,baseline_dip10_w25,10,SOXX,11,231,2025-04-30,2026-03-31,30,0.7991727370086741,0.33795716584524527,0.2897727731890526,1.0258353187291853,-0.18408158881390468,-0.4612155711634288,0.9,0.06666666666666667,9.933333333333334,0.43322510822510824
D01_baseline,1,baseline_dip10_w25,11,SOXX,7,147,2023-12-07,2024-07-10,30,0.5448433677075268,0.20424802460635416,0.14597175963646725,1.1000467302349457,-0.13781956958616848,-0.3405953431011727,0.8333333333333334,0.06666666666666667,6.366666666666666,0.459750566893424
D01_baseline,1,baseline_dip10_w25,12,QQQ,11,231,2024-03-27,2025-02-27,30,0.12982124242441295,0.09098630894296346,0.01803900840826217,0.37058507133783564,-0.15341501077465247,-0.03883493348144949,0.5,0.3333333333333333,9.933333333333334,0.43326118326118335
D01_baseline,1,baseline_dip10_w25,13,QQQ,10,210,2024-09-30,2025-08-01,30,0.1396408202388819,0.05047435787445614,0.027072075805563145,0.16427402832542184,-0.1568218327032555,-0.08916646236442577,0.5666666666666667,0.2,8.766666666666667,0.37976190476190474
D01_baseline,1,baseline_dip10_w25,14,QQQ,9,189,2025-02-11,2025-11-10,30,0.1848421423831519,0.02266979156256664,-0.011095038745317864,-0.007663370985145091,-0.1698014622969131,-0.16217235082058523,0.4666666666666667,0.2,7.966666666666667,0.4026014109347443
D01_baseline,1,baseline_dip10_w25,15,SOXX,2,42,2023-11-10,2024-01-11,29,0.13378672181991424,0.08501767663477768,0.06189993405186045,1.914386628459662,-0.06144121990857518,-0.04876904518513657,0.8620689655172413,0.27586206896551724,1.3793103448275863,0.5428981937602627
D01_baseline,1,baseline_dip10_w25,16,QQQ,8,168,2025-04-17,2025-12-16,30,0.3806506610687259,0.07135260746064084,-0.015994045682490132,0.05834775443923456,-0.11192335217890699,-0.30929805360808504,0.4,0.13333333333333333,5.4,0.3201884920634921
D01_baseline,1,baseline_dip10_w25,17,QQQ,3,63,2023-10-12,2024-01-11,29,0.10935424408522043,0.051469464368642255,0.03645252405570365,1.0191244406916284,-0.06821470031855845,-0.057884779716578176,0.7241379310344828,0.27586206896551724,2.5172413793103448,0.47523262178434594
D01_baseline,1,baseline_dip10_w25,18,SOXX,7,147,2025-06-02,2025-12-30,29,0.4742072430583639,0.1495385300306812,0.08321173795604375,0.7978209735633267,-0.1743093199814157,-0.32466871302768274,0.6551724137931034,0.13793103448275862,7.482758620689655,0.5069200093830635
D01_baseline,1,baseline_dip10_w25,19,QQQ,2,42,2026-01-20,2026-03-19,30,-0.024734412068352585,0.006667885784192018,0.0,0.07498044050387373,-0.056597035535372,0.0314022978525446,0.43333333333333335,0.8,2.566666666666667,0.33591269841269844
D01_baseline,1,baseline_dip10_w25,20,QQQ,2,42,2025-12-30,2026-03-02,30,-0.01830706738570409,0.011193544359713151,0.0,0.18619826364925476,-0.06582411898460355,0.02950061174541724,0.4666666666666667,0.6,2.5,0.446031746031746
D01_baseline,1,baseline_dip10_w25,21,QQQ,8,168,2024-02-14,2024-10-14,30,0.15334174114524046,0.025464761328394415,0.03544207471335803,0.2633257463341164,-0.13924339905890687,-0.12787697981684604,0.6,0.2,6.666666666666667,0.41622023809523806
D01_baseline,1,baseline_dip10_w25,22,QQQ,4,84,2025-10-15,2026-02-13,30,0.0007896560047677692,0.03246405378644682,0.025613733201215405,0.1387438744658064,-0.08305610936431997,0.03167439778167905,0.5666666666666667,0.5666666666666667,4.466666666666667,0.40317460317460313
D01_baseline,1,baseline_dip10_w25,23,QQQ,3,63,2026-01-08,2026-04-09,30,-0.0153279984002892,-0.006063425750304963,0.0,-0.6213732639456776,-0.08291164392388932,0.009264572649984237,0.4666666666666667,0.6,3.8666666666666667,0.28955026455026456
D01_baseline,1,baseline_dip10_w25,24,SOXX,5,105,2026-02-10,2026-07-13,30,0.5770255442312711,0.18272141878266765,0.06661825561931078,1.0437776997527148,-0.1025562345295663,-0.3943041254486034,0.7333333333333333,0.13333333333333333,4.566666666666666,0.283015873015873
D01_baseline,1,baseline_dip10_w25,25,QQQ,5,105,2026-01-14,2026-06-15,30,0.20238584863226716,0.09419790485813799,0.055934101270679104,0.5887385460569444,-0.0934960423521404,-0.10818794377412917,0.6333333333333333,0.16666666666666666,5.366666666666666,0.29
D01_baseline,1,baseline_dip10_w25,26,QQQ,12,252,2025-01-16,2026-01-16,30,0.2169851270630765,0.09821879724634953,-0.017798151550249497,0.08853481170904248,-0.16589572104077446,-0.11876632981672695,0.43333333333333335,0.16666666666666666,10.633333333333333,0.3826719576719577
D01_baseline,1,baseline_dip10_w25,27,SOXX,4,84,2026-03-20,2026-07-21,30,0.6629647609934404,0.16770138984545677,0.11826033645691514,1.7461208500430563,-0.09681345075572055,-0.4952633711479836,0.8666666666666667,0.03333333333333333,3.7,0.28065476190476185
D01_baseline,1,baseline_dip10_w25,28,SOXX,10,210,2023-09-12,2024-07-12,30,0.6054235196262121,0.22600774592712816,0.12515506626320372,0.9347035726940905,-0.14374343278828552,-0.37941577369908397,0.8,0.1,8.9,0.4473809523809524
D01_baseline,1,baseline_dip10_w25,29,QQQ,10,210,2023-11-02,2024-09-04,29,0.27426335783759614,0.08352103452714173,0.0795491064740903,0.5851834876308265,-0.15298577724830703,-0.19074232331045443,0.6206896551724138,0.1724137931034483,8.137931034482758,0.45837438423645327
D01_baseline,1,baseline_dip10_w25,30,SOXX,11,231,2025-02-26,2026-01-27,30,0.6222676159829015,0.23185307070528569,0.14537390370983982,0.7831561715744119,-0.19335155372832508,-0.39041454527761577,0.7333333333333333,0.13333333333333333,10.066666666666666,0.4020923520923522
D01_baseline,1,baseline_dip10_w25,31,SOXX,4,84,2024-11-26,2025-03-31,30,-0.12412361759187396,-0.03853812477547503,-0.03323702243668247,-0.7084165270205035,-0.11929583199055019,0.08558549281639893,0.3,0.8,4.166666666666667,0.29434523809523816
D01_baseline,1,baseline_dip10_w25,32,SOXX,3,63,2024-07-29,2024-10-24,29,-0.004528634488460304,-0.02612929409606218,-0.03611458592214967,-1.1661397453129163,-0.0710998252998113,-0.021600659607601876,0.1724137931034483,0.2413793103448276,3.1724137931034484,0.1870552818828681
D01_baseline,1,baseline_dip10_w25,33,SOXX,7,147,2025-09-16,2026-04-16,29,0.5731892331920965,0.33566985701884067,0.2539518685389388,1.4466151704477181,-0.16282360284375333,-0.2375193761732558,0.9310344827586207,0.1724137931034483,7.931034482758621,0.44927281257330526
D01_baseline,1,baseline_dip10_w25,34,QQQ,4,84,2024-05-31,2024-09-30,30,0.08613665447903895,0.006859336938841735,0.0038049397592045953,0.2942524230328141,-0.1144545801538104,-0.07927731754019722,0.5,0.23333333333333334,4.0,0.43611111111111106
D01_baseline,1,baseline_dip10_w25,35,QQQ,9,189,2025-02-11,2025-11-10,30,0.1848421423831519,0.06492116082607938,0.01833081508275869,0.09557339080118747,-0.13696603949113123,-0.11992098155707251,0.5666666666666667,0.2,7.866666666666666,0.39704585537918874
D01_baseline,1,baseline_dip10_w25,36,QQQ,3,63,2025-01-14,2025-04-14,30,-0.0928917402537448,-0.030462044384688296,-0.03364812591778599,-0.6351677326467391,-0.11625257757345993,0.06242969586905651,0.23333333333333334,0.8,4.333333333333333,0.3428571428571428
D01_baseline,1,baseline_dip10_w25,37,SOXX,10,210,2024-08-26,2025-06-27,30,0.057670134077346225,0.019811963228638232,-0.045390279895182684,-0.125883377846482,-0.16617851269919778,-0.03785817084870799,0.4,0.26666666666666666,8.6,0.2696428571428572
D01_baseline,1,baseline_dip10_w25,38,SOXX,12,252,2024-07-02,2025-07-03,30,-0.01969168950723721,-0.06522870362916007,-0.10086789534221541,-0.3155237542966126,-0.25625238256673266,-0.04553701412192286,0.26666666666666666,0.3,11.5,0.28541666666666665
D01_baseline,1,baseline_dip10_w25,39,QQQ,5,105,2024-09-23,2025-02-24,30,0.07798180695234325,0.07999838723640572,0.022455957245533176,0.7421982834190632,-0.1029679172691358,0.002016580284062472,0.6666666666666666,0.3333333333333333,4.733333333333333,0.4681746031746031
D01_baseline,1,baseline_dip10_w25,40,QQQ,12,252,2025-05-13,2026-05-13,30,0.3929082039357876,0.16825404031473687,0.015874979754872842,0.2500928152303818,-0.15697176786065856,-0.22465416362105076,0.5333333333333333,0.13333333333333333,9.266666666666667,0.3551256613756613
D01_baseline,1,baseline_dip10_w25,41,SOXX,5,105,2024-12-18,2025-05-21,29,-0.03550519039857425,-0.06383961837568018,-0.059195374063229056,-0.7668854034465223,-0.15585826254701535,-0.028334427977105933,0.1724137931034483,0.41379310344827586,5.551724137931035,0.2566502463054187
D01_baseline,1,baseline_dip10_w25,42,QQQ,1,21,2026-06-01,2026-06-30,30,-0.007446386853765863,-0.010470443578573303,-0.005607177728949919,-1.385031457815076,-0.03548033349149211,-0.0030240567248074404,0.26666666666666666,0.5,1.5333333333333334,0.2650793650793651
D01_baseline,1,baseline_dip10_w25,43,SOXX,5,105,2025-04-30,2025-09-29,30,0.4691356693755999,0.1573016999172986,0.12490918795254613,1.2018340646426113,-0.1160534211065091,-0.31183396945830133,0.7333333333333333,0.03333333333333333,3.8,0.4632539682539683
D01_baseline,1,baseline_dip10_w25,44,SOXX,5,105,2024-07-24,2024-12-19,29,-0.07336128139760856,0.00703756732094223,-0.04171872862090187,-0.5209026827279296,-0.11868836333357438,0.08039884871855078,0.3448275862068966,0.6551724137931034,6.206896551724138,0.2897372742200328
D01_baseline,1,baseline_dip10_w25,45,SOXX,12,252,2024-03-06,2025-03-07,30,-0.10757477953627947,-0.08788116068038652,-0.09911664304648565,-0.294229458188802,-0.24407161227361746,0.01969361885589295,0.23333333333333334,0.5333333333333333,13.266666666666667,0.3521494708994709
D01_baseline,1,baseline_dip10_w25,46,SOXX,11,231,2024-02-13,2025-01-14,30,0.07418664137386521,0.04746763584601814,-0.004397386591130148,0.09800318022272218,-0.22005774969408656,-0.026719005527847076,0.5,0.3333333333333333,11.333333333333334,0.3586580086580086
D01_baseline,1,baseline_dip10_w25,47,QQQ,12,252,2025-06-12,2026-06-12,30,0.3582273667812763,0.14127585195536446,0.03947695359205816,0.2811420821958936,-0.18857319678875914,-0.21695151482591185,0.6333333333333333,0.16666666666666666,11.2,0.3926587301587301
D01_baseline,1,baseline_dip10_w25,48,QQQ,1,21,2025-07-02,2025-07-31,30,0.025798870778167116,0.008008413953815059,-0.0003788044321328954,-0.0877071474337157,-0.04113449769746655,-0.017790456824352055,0.4,0.26666666666666666,1.4,0.47896825396825393
D01_baseline,1,baseline_dip10_w25,49,QQQ,6,126,2024-03-22,2024-09-20,30,0.08250113027758665,0.008179947425085298,0.0006255807695195736,0.03137417277159393,-0.12290460563149,-0.07432118285250136,0.5,0.23333333333333334,6.166666666666667,0.4333333333333334
D01_baseline,1,baseline_dip10_w25,50,QQQ,11,231,2025-04-16,2026-03-18,30,0.3441101199491847,0.15244850817648328,0.072629528660198,0.47506152038034893,-0.12619556843379956,-0.19166161177270144,0.6,0.13333333333333333,8.1,0.36374458874458876
D01_baseline,1,baseline_dip10_w25,51,SOXX,12,252,2025-05-09,2026-05-11,30,1.7645869991549006,0.5737975141012382,0.4343229726334715,1.3442216694793374,-0.19348425455925214,-1.1907894850536622,0.8666666666666667,0.1,10.866666666666667,0.4477843915343915
D01_baseline,1,baseline_dip10_w25,52,QQQ,6,126,2024-07-26,2025-01-27,30,0.11403086919643934,0.015924432859377266,0.037181200692203875,0.24952311317954726,-0.11825582876015954,-0.09810643633706208,0.6666666666666666,0.13333333333333333,5.833333333333333,0.42235449735449737
D01_baseline,1,baseline_dip10_w25,53,SOXX,9,189,2025-02-25,2025-11-21,30,0.27137754060742036,0.06127230958116378,0.023050832109022812,0.2390469835188983,-0.17573375113605888,-0.21010523102625658,0.5666666666666667,0.2,8.433333333333334,0.36746031746031743
D01_baseline,1,baseline_dip10_w25,54,QQQ,10,210,2025-06-10,2026-04-10,30,0.14941279936704488,0.008211530997310664,0.013866435964975499,-0.04242307138679073,-0.16914694574896616,-0.1412012683697342,0.5333333333333333,0.13333333333333333,8.466666666666667,0.41043650793650793
D01_baseline,1,baseline_dip10_w25,55,QQQ,9,189,2024-03-12,2024-12-09,30,0.18252323377671842,0.06618944240472949,-0.0018653126435739797,0.32283914438945704,-0.145145305851827,-0.11633379137198893,0.4666666666666667,0.2,7.7,0.4336860670194004
D01_baseline,1,baseline_dip10_w25,56,SOXX,1,21,2026-03-06,2026-04-06,30,0.06430085839175526,0.012199010795244155,0.007663800841424817,0.590996699856634,-0.04028570428582904,-0.0521018475965111,0.6,0.06666666666666667,1.9,0.25833333333333336
D01_baseline,1,baseline_dip10_w25,57,QQQ,11,231,2024-12-30,2025-12-01,30,0.20149282165868643,0.03198705915585235,-0.022307192780853136,-0.06509228279648957,-0.16145029568988203,-0.16950576250283408,0.4666666666666667,0.16666666666666666,9.7,0.36002886002886003
D01_baseline,1,baseline_dip10_w25,58,QQQ,4,84,2025-05-06,2025-09-04,30,0.19622773691571815,0.04046048058368746,0.0,0.18372786431281665,-0.07772207900908781,-0.1557672563320307,0.43333333333333335,0.13333333333333333,2.7666666666666666,0.36994047619047615
D01_baseline,1,baseline_dip10_w25,59,SOXX,4,84,2026-02-25,2026-06-25,30,0.7007670678766698,0.1992839311577898,0.1331508901519698,1.870444833195607,-0.09656870328671666,-0.5014831367188799,0.8666666666666667,0.1,4.233333333333333,0.3005952380952381
D01_baseline,1,baseline_dip10_w25,60,SOXX,1,21,2024-12-26,2025-01-28,29,-0.04487084375145378,-0.03281712830847208,-0.01845243021325904,-1.387620150832493,-0.07986632417369553,0.0120537154429817,0.1724137931034483,0.7241379310344828,1.793103448275862,0.3866995073891626
D01_baseline,1,baseline_dip10_w25,61,SOXX,3,63,2024-01-26,2024-04-25,29,0.06710127075469541,0.022669671783433085,-0.02654650057341279,-0.3955091510907916,-0.0808122051796702,-0.04443159897126232,0.3448275862068966,0.2413793103448276,3.2758620689655173,0.3654898741105637
D01_baseline,1,baseline_dip10_w25,62,SOXX,3,63,2025-06-20,2025-09-18,29,0.19111858758403377,0.11683318728424825,0.09226481153460542,1.4984810841762946,-0.11590890099701474,-0.07428540029978552,0.7586206896551724,0.3103448275862069,3.206896551724138,0.5689655172413793
D01_baseline,1,baseline_dip10_w25,63,QQQ,3,63,2025-10-01,2025-12-30,30,0.0281443024583361,-0.01506564554489203,-0.015814792054697102,-0.16723719161612877,-0.07796551001106677,-0.04320994800322813,0.3333333333333333,0.23333333333333334,2.9,0.36825396825396833
D01_baseline,1,baseline_dip10_w25,64,QQQ,2,42,2024-06-12,2024-08-12,30,-0.0465096827642848,-0.023911693176794015,-0.0329724816734715,-0.9023858443973353,-0.07684760290300806,0.022597989587490784,0.26666666666666666,0.6666666666666666,2.8666666666666667,0.3763888888888889
D01_baseline,1,baseline_dip10_w25,65,SOXX,7,147,2024-03-27,2024-10-24,29,0.010917641305967063,-0.015991154739635086,-0.022529463220274937,-0.16366133975680244,-0.17534239346551397,-0.02690879604560215,0.3793103448275862,0.27586206896551724,7.206896551724138,0.3634177809054656
D01_baseline,1,baseline_dip10_w25,66,QQQ,7,147,2024-06-18,2025-01-17,30,0.08024880165552029,0.02511419471148647,0.00828547454597528,0.26591554674061396,-0.11158874371916708,-0.05513460694403381,0.6,0.26666666666666666,5.366666666666666,0.42159863945578224
D01_baseline,1,baseline_dip10_w25,67,SOXX,6,126,2025-02-27,2025-08-27,30,0.2288069130259598,0.09603040527398302,0.05327141654032286,0.663617048103124,-0.12858207820745862,-0.13277650775197677,0.6333333333333333,0.23333333333333334,5.133333333333334,0.37962962962962954
D01_baseline,1,baseline_dip10_w25,68,SOXX,2,42,2026-01-27,2026-03-26,30,-0.06274182234420844,-0.002855446525567092,-0.01597222974170509,-0.7081154104275242,-0.0823813568298346,0.05988637581864135,0.43333333333333335,0.8666666666666667,2.8666666666666667,0.33412698412698416
D01_baseline,1,baseline_dip10_w25,69,SOXX,8,168,2025-08-27,2026-04-28,30,0.752796897064234,0.27733152963551727,0.24412675083057989,1.1129593257200796,-0.17856729190982368,-0.47546536742871676,0.8,0.06666666666666667,8.866666666666667,0.4384424603174603
D01_baseline,1,baseline_dip10_w25,70,SOXX,5,105,2024-09-20,2025-02-21,29,0.005406814450626518,0.004653757315943752,-0.0242596227498334,-0.21940450610320963,-0.11213111878726263,-0.0007530571346827664,0.3793103448275862,0.3448275862068966,5.0344827586206895,0.29261083743842364
D01_baseline,1,baseline_dip10_w25,71,SOXX,4,84,2025-09-17,2026-01-15,29,0.30628589985012833,0.1388515648235108,0.12081040554048794,1.1444876302842393,-0.1432885448453052,-0.16743433502661753,0.7586206896551724,0.1724137931034483,5.103448275862069,0.48009031198686364
D01_baseline,1,baseline_dip10_w25,72,QQQ,4,84,2025-06-23,2025-10-20,30,0.15160143793785608,0.059661435130500026,-0.01708710492689247,0.2939476618662801,-0.08452249155496917,-0.09194000280735605,0.43333333333333335,0.23333333333333334,3.1,0.4043650793650794
D01_baseline,1,baseline_dip10_w25,73,SOXX,10,210,2023-11-28,2024-09-27,30,0.3732977081618618,0.08651624729427733,0.04290554859473317,0.3436988868870749,-0.19428569093533368,-0.2867814608675845,0.6666666666666666,0.06666666666666667,9.4,0.4098809523809523
D01_baseline,1,baseline_dip10_w25,74,QQQ,9,189,2025-04-09,2026-01-08,30,0.33624069066151074,0.10230526563794833,0.04551123114703526,0.4212363835151455,-0.13877851512010014,-0.2339354250235624,0.5666666666666667,0.13333333333333333,5.833333333333333,0.38337742504409167
D01_baseline,1,baseline_dip10_w25,75,QQQ,12,252,2024-12-19,2025-12-22,30,0.21234986652906018,0.04202661602358545,-0.06924237941172551,-0.10815941390534982,-0.18615676878288417,-0.17032325050547473,0.36666666666666664,0.16666666666666666,11.133333333333333,0.3668981481481481
D01_baseline,1,baseline_dip10_w25,76,SOXX,5,105,2024-05-10,2024-10-09,29,0.07166285164062502,0.007732025023819717,-0.03259064453952221,-0.05330392655568783,-0.15010173234213361,-0.06393082661680531,0.4482758620689655,0.3103448275862069,4.793103448275862,0.3479474548440065
D01_baseline,1,baseline_dip10_w25,77,SOXX,8,168,2025-08-01,2026-04-01,30,0.43297225183525034,0.2150362797676643,0.2461836437033399,0.7342013862086094,-0.18205390235910815,-0.21793597206758605,0.6666666666666666,0.23333333333333334,9.233333333333333,0.4579861111111112
D01_baseline,1,baseline_dip10_w25,78,QQQ,7,147,2025-11-12,2026-06-15,30,0.20096913413608264,0.04295172940559717,-0.0024402457535003252,0.1576590527638049,-0.12764101501793915,-0.15801740473048548,0.5,0.16666666666666666,6.933333333333334,0.35770975056689347
D01_baseline,1,baseline_dip10_w25,79,SOXX,9,189,2023-12-14,2024-09-16,30,0.167905259845331,0.0068221732105008485,-0.02431627545603804,-0.06188134079230279,-0.19457580319707146,-0.16108308663483015,0.4,0.1,9.433333333333334,0.4367283950617284
D01_baseline,1,baseline_dip10_w25,80,QQQ,6,126,2024-01-19,2024-07-19,30,0.1316414541629214,0.06962070120462112,0.036112126588250804,0.37338303639781206,-0.1031399287009081,-0.06202075295830027,0.5666666666666667,0.23333333333333334,5.3,0.41984126984126985
D01_baseline,1,baseline_dip10_w25,81,QQQ,1,21,2024-11-13,2024-12-12,30,0.02781855470047412,0.028846553652503656,0.0,0.39462146617992566,-0.028943728600315976,0.0010279989520295373,0.43333333333333335,0.23333333333333334,1.1666666666666667,0.41190476190476194
D01_baseline,1,baseline_dip10_w25,82,SOXX,10,210,2024-06-21,2025-04-23,30,-0.3034388425007686,-0.14571406494041472,-0.1478398165219844,-0.8106714111088014,-0.2546655064250915,0.15772477756035386,0.2,0.8333333333333334,11.233333333333333,0.2782142857142857
D01_baseline,1,baseline_dip10_w25,83,QQQ,11,231,2024-05-24,2025-04-28,30,0.03788093693594541,0.029044146801510008,-0.03007009470669536,-0.07721227903713251,-0.18366214931656294,-0.008836790134435401,0.4666666666666667,0.4,10.633333333333333,0.3975108225108224
D01_baseline,1,baseline_dip10_w25,84,SOXX,4,84,2025-03-26,2025-07-25,29,0.2196761364203743,0.07576334118822275,0.02667107770932775,0.3665594015632481,-0.09450371479852604,-0.14391279523215156,0.6206896551724138,0.1724137931034483,2.8275862068965516,0.35519293924466333
D01_baseline,1,baseline_dip10_w25,85,SOXX,3,63,2024-01-12,2024-04-12,29,0.17490173722683933,0.07685965732216728,0.02385978463436933,0.6797787396124949,-0.08626768976234234,-0.09804207990467205,0.7241379310344828,0.2413793103448276,3.103448275862069,0.4534756431308155
D01_baseline,1,baseline_dip10_w25,86,QQQ,4,84,2025-08-13,2025-12-10,30,0.08270584442079376,0.03246202476011963,-0.01902071428037555,-0.37184200924419714,-0.07539987763763721,-0.05024381966067413,0.36666666666666664,0.16666666666666666,3.533333333333333,0.3451388888888889
D01_baseline,1,baseline_dip10_w25,87,QQQ,9,189,2025-08-12,2026-05-12,30,0.2238015104269533,0.09255227976077407,-0.005948335333880506,0.00899111856227343,-0.13407448332221145,-0.13124923066617922,0.4666666666666667,0.2,8.166666666666666,0.32967372134038797
D01_baseline,1,baseline_dip10_w25,88,QQQ,3,63,2023-09-06,2023-12-04,30,0.0323937441740032,-0.003577991682676533,-0.013837237214456344,-0.03593503295543603,-0.08346433822875957,-0.03597173585667974,0.36666666666666664,0.16666666666666666,3.2666666666666666,0.45449735449735446
D01_baseline,1,baseline_dip10_w25,89,QQQ,6,126,2024-03-08,2024-09-06,30,0.02500440115388769,-0.025933460806495248,-0.009318149670738851,-0.1336261493558337,-0.1352045281140714,-0.05093786196038294,0.43333333333333335,0.3,5.866666666666666,0.38465608465608475
D01_baseline,1,baseline_dip10_w25,90,SOXX,4,84,2024-02-09,2024-06-10,29,0.16166402534839164,0.0466086264198144,0.031452656713987004,0.5902819408469536,-0.09866678727683931,-0.11505539892857725,0.6551724137931034,0.10344827586206896,4.241379310344827,0.42518472906403937
D01_baseline,1,baseline_dip10_w25,91,QQQ,6,126,2024-12-26,2025-06-30,30,0.04434132972322158,0.042366965039996075,-0.021180923143569896,0.02704707776795928,-0.14583642672808933,-0.0019743646832255032,0.4666666666666667,0.4,6.566666666666666,0.3510582010582012
D01_baseline,1,baseline_dip10_w25,92,QQQ,2,42,2024-07-11,2024-09-09,30,-0.0761694342464847,-0.04912260920197099,-0.03199572894644759,-1.3512607500590836,-0.08009188704748509,0.02704682504451371,0.1,0.8,2.8333333333333335,0.32420634920634916
D01_baseline,1,baseline_dip10_w25,93,QQQ,8,168,2025-09-04,2026-05-05,30,0.18933459993954838,0.09977508578953875,0.003707240103411502,0.3105876694947355,-0.14016249943595058,-0.08955951415000962,0.5,0.2,7.6,0.38616071428571436
D01_baseline,1,baseline_dip10_w25,94,QQQ,11,231,2023-08-28,2024-07-29,29,0.27358869545907205,0.02439113728359278,0.039909610599453416,0.24543148294565695,-0.13703278512401212,-0.24919755817547928,0.5517241379310345,0.0,8.241379310344827,0.43816241230034336
D01_baseline,1,baseline_dip10_w25,95,SOXX,2,42,2024-10-18,2024-12-17,29,-0.02239739013513642,-0.0017892161811731756,-0.019449504014268926,-0.6944377128506452,-0.07577400638696317,0.020608173953963242,0.3793103448275862,0.5172413793103449,2.9655172413793105,0.28427750410509034
D01_baseline,1,baseline_dip10_w25,96,QQQ,9,189,2024-06-04,2025-03-06,30,0.07941245707007138,-0.03936085391185432,-0.02976312272124665,-0.09125684371742794,-0.1759576274200689,-0.1187733109819257,0.3333333333333333,0.13333333333333333,8.6,0.3770282186948854
D01_baseline,1,baseline_dip10_w25,97,SOXX,5,105,2025-12-31,2026-06-02,30,1.0102699251297969,0.34957286345147787,0.3580075592858304,2.082460191183507,-0.11482693057297867,-0.660697061678319,0.8666666666666667,0.03333333333333333,5.266666666666667,0.379047619047619
D01_baseline,1,baseline_dip10_w25,98,QQQ,4,84,2025-02-28,2025-06-30,30,0.08838217445442198,0.028350578605104405,0.007660733910523576,0.05626300763733759,-0.08202130230388524,-0.060031595849317575,0.5666666666666667,0.16666666666666666,3.533333333333333,0.2871031746031746
D01_baseline,1,baseline_dip10_w25,99,SOXX,2,42,2026-05-13,2026-07-14,30,0.07552608567751218,0.0030169464325186155,-0.008523389117726432,-0.08153024842628871,-0.07490748152950719,-0.07250913924499357,0.43333333333333335,0.06666666666666667,1.9333333333333333,0.2617063492063492
D02_shallow06,2,shallow_dip06,0,SOXX,4,84,2025-01-15,2025-05-15,29,-0.04268271797372991,-0.05632131946292331,-0.053937631543785725,-0.7959854682950639,-0.1273068417363333,-0.013638601489193401,0.13793103448275862,0.4827586206896552,4.0,0.17467159277504105
D02_shallow06,2,shallow_dip06,1,SOXX,4,84,2025-11-26,2026-03-30,29,0.0653592129111733,0.14568811794446293,0.08498997312186996,0.8295759002729914,-0.11489168052273696,0.08032890503328963,0.6896551724137931,0.5862068965517241,4.689655172413793,0.43842364532019706
D02_shallow06,2,shallow_dip06,2,SOXX,12,252,2024-06-12,2025-06-13,30,-0.11229341109132818,-0.11877227157188532,-0.18142741270599583,-0.5405302347372748,-0.26572441413766884,-0.006478860480557139,0.26666666666666666,0.3333333333333333,12.833333333333334,0.29953703703703705
D02_shallow06,2,shallow_dip06,3,QQQ,1,21,2026-01-13,2026-02-11,30,-0.02096638715391519,-0.0001962622726556303,0.0,-0.5060239237618654,-0.059802378354263816,0.02077012488125956,0.36666666666666664,0.6666666666666666,1.9,0.43849206349206343
D02_shallow06,2,shallow_dip06,4,QQQ,8,168,2025-02-28,2025-10-28,30,0.2501946769916814,0.06910993627919242,-0.0009994829909687475,0.1159398338692792,-0.14407961163964847,-0.18108474071248898,0.5,0.2,7.066666666666666,0.39156746031746026
D02_shallow06,2,shallow_dip06,5,SOXX,3,63,2025-03-10,2025-06-06,29,0.11931802402050695,0.008540241170812401,0.0,-0.11611747849618813,-0.04978356107583876,-0.11077778284969456,0.3793103448275862,0.06896551724137931,2.2758620689655173,0.1488779419813902
D02_shallow06,2,shallow_dip06,6,SOXX,12,252,2024-10-18,2025-10-21,30,0.2792904450054976,0.07736129322825902,0.04336679954102096,0.19834343277842906,-0.20341759652351007,-0.20192915177723858,0.5333333333333333,0.16666666666666666,11.266666666666667,0.3721230158730159
D02_shallow06,2,shallow_dip06,7,SOXX,5,105,2024-08-02,2024-12-31,30,0.0461545872289324,-0.013079312008225263,-0.03408514483939812,-0.5149936098562241,-0.11426982701502304,-0.05923389923715766,0.3,0.2,4.9,0.2465873015873016
D02_shallow06,2,shallow_dip06,8,SOXX,11,231,2024-01-29,2024-12-26,30,0.11728604186347558,-0.004222218135522823,-0.029937526075134724,-0.0747812341545389,-0.23808184335514992,-0.1215082599989984,0.4,0.16666666666666666,11.866666666666667,0.3621933621933621
D02_shallow06,2,shallow_dip06,9,QQQ,7,147,2025-12-22,2026-07-24,30,0.10761391047221691,0.07230661103349452,0.04182694083186811,0.16901786682734415,-0.13275260265341318,-0.03530729943872239,0.5666666666666667,0.4,7.433333333333334,0.3750000000000001
D02_shallow06,2,shallow_dip06,10,SOXX,11,231,2025-04-30,2026-03-31,30,0.7991727370086741,0.30034500506983164,0.2960773573465848,0.9285140918074141,-0.1877975884540383,-0.49882773193884244,0.8,0.1,10.633333333333333,0.4314213564213565
D02_shallow06,2,shallow_dip06,11,SOXX,7,147,2023-12-07,2024-07-10,30,0.5448433677075268,0.20513915990802714,0.14922629319599046,1.08480809752339,-0.13873807716010586,-0.3397042077994997,0.8,0.06666666666666667,6.7,0.46354875283446706
D02_shallow06,2,shallow_dip06,12,QQQ,11,231,2024-03-27,2025-02-27,30,0.12982124242441295,0.09274042683334015,0.0019169135318579666,0.3542041922792448,-0.15608350618731356,-0.037080815591072805,0.5,0.3333333333333333,10.533333333333333,0.45638528138528145
D02_shallow06,2,shallow_dip06,13,QQQ,10,210,2024-09-30,2025-08-01,30,0.1396408202388819,0.050184003529558756,0.037495423914997716,0.08931870718498305,-0.1621043466391853,-0.08945681670932315,0.5666666666666667,0.23333333333333334,9.266666666666667,0.3937698412698412
D02_shallow06,2,shallow_dip06,14,QQQ,9,189,2025-02-11,2025-11-10,30,0.1848421423831519,0.030557044246038546,-0.01563951005508457,0.03363031455873264,-0.16819443588726032,-0.15428509813711333,0.4666666666666667,0.2,8.633333333333333,0.4184303350970017
D02_shallow06,2,shallow_dip06,15,SOXX,2,42,2023-11-10,2024-01-11,29,0.13378672181991424,0.08218678723515266,0.05531542538334211,1.6893987728764372,-0.061551317447559865,-0.051599934584761586,0.8620689655172413,0.3103448275862069,1.3793103448275863,0.5357142857142857
D02_shallow06,2,shallow_dip06,16,QQQ,8,168,2025-04-17,2025-12-16,30,0.3806506610687259,0.07530002669924205,-0.016333023638431032,0.1302638595212563,-0.11268544280797844,-0.30535063436948384,0.4,0.13333333333333333,5.933333333333334,0.3548611111111111
D02_shallow06,2,shallow_dip06,17,QQQ,3,63,2023-10-12,2024-01-11,29,0.10935424408522043,0.04949548953742127,0.025253391147924686,0.9617855081489203,-0.07053209426336923,-0.05985875454779916,0.7241379310344828,0.27586206896551724,2.6206896551724137,0.4880952380952381
D02_shallow06,2,shallow_dip06,18,SOXX,7,147,2025-06-02,2025-12-30,29,0.4742072430583639,0.1260700978992419,0.0509006438916666,0.6326662375798189,-0.18016129895726765,-0.34813714515912203,0.6206896551724138,0.13793103448275862,7.862068965517241,0.5121393384940183
D02_shallow06,2,shallow_dip06,19,QQQ,2,42,2026-01-20,2026-03-19,30,-0.024734412068352585,0.004791584738044611,0.0,-0.02443651702153368,-0.05905337505731314,0.029525996806397198,0.43333333333333335,0.7666666666666667,2.8333333333333335,0.3630952380952381
D02_shallow06,2,shallow_dip06,20,QQQ,2,42,2025-12-30,2026-03-02,30,-0.01830706738570409,0.013437192497816408,-0.0018529089488794614,0.279474783907922,-0.06616205353809962,0.0317442598835205,0.4666666666666667,0.6333333333333333,2.7666666666666666,0.47063492063492074
D02_shallow06,2,shallow_dip06,21,QQQ,8,168,2024-02-14,2024-10-14,30,0.15334174114524046,0.033653457314000164,0.04144711923304478,0.30209715736062165,-0.13982756268609417,-0.1196882838312403,0.6333333333333333,0.2,7.2,0.4402777777777778
D02_shallow06,2,shallow_dip06,22,QQQ,4,84,2025-10-15,2026-02-13,30,0.0007896560047677692,0.03612220758751477,0.03592583983785769,0.2509916544202661,-0.0805589102495201,0.035332551582747,0.6,0.6,4.733333333333333,0.41398809523809527
D02_shallow06,2,shallow_dip06,23,QQQ,3,63,2026-01-08,2026-04-09,30,-0.0153279984002892,-0.007993137742181378,-0.0037651127004952323,-0.47999959970741274,-0.08473271815239261,0.007334860658107822,0.36666666666666664,0.6,4.2,0.31058201058201057
D02_shallow06,2,shallow_dip06,24,SOXX,5,105,2026-02-10,2026-07-13,30,0.5770255442312711,0.18981052823082234,0.05199703346642004,1.1435347700715854,-0.10281118139725923,-0.3872150160004487,0.8,0.13333333333333333,4.7,0.2878571428571429
D02_shallow06,2,shallow_dip06,25,QQQ,5,105,2026-01-14,2026-06-15,30,0.20238584863226716,0.08556537545408502,0.04140693961193842,0.46065588425606435,-0.09560747351415783,-0.11682047317818214,0.6666666666666666,0.13333333333333333,5.766666666666667,0.3073015873015874
D02_shallow06,2,shallow_dip06,26,QQQ,12,252,2025-01-16,2026-01-16,30,0.2169851270630765,0.11367200874002069,-0.0055493519487917475,0.22330857764451723,-0.16350124061480037,-0.1033131183230558,0.4666666666666667,0.16666666666666666,11.466666666666667,0.40816798941798943
D02_shallow06,2,shallow_dip06,27,SOXX,4,84,2026-03-20,2026-07-21,30,0.6629647609934404,0.16805655011186815,0.09654889000686717,1.7356965299153644,-0.09658883658829441,-0.4949082108815722,0.9,0.03333333333333333,3.7333333333333334,0.28253968253968254
D02_shallow06,2,shallow_dip06,28,SOXX,10,210,2023-09-12,2024-07-12,30,0.6054235196262121,0.22944126137028134,0.12158810600211334,0.9394058064009627,-0.14197438179227492,-0.3759822582559308,0.8333333333333334,0.1,9.633333333333333,0.45063492063492055
D02_shallow06,2,shallow_dip06,29,QQQ,10,210,2023-11-02,2024-09-04,29,0.27426335783759614,0.09290438794018854,0.06480806428921548,0.6115031429554134,-0.15457449687631503,-0.1813589698974076,0.6551724137931034,0.20689655172413793,8.758620689655173,0.49121510673234803
D02_shallow06,2,shallow_dip06,30,SOXX,11,231,2025-02-26,2026-01-27,30,0.6222676159829015,0.2141243741587765,0.1062401998259509,0.7385035396793053,-0.19471650291217418,-0.408143241824125,0.7333333333333333,0.13333333333333333,10.266666666666667,0.40144300144300143
D02_shallow06,2,shallow_dip06,31,SOXX,4,84,2024-11-26,2025-03-31,30,-0.12412361759187396,-0.042954278585615284,-0.023914993664147954,-0.6694119551512525,-0.12197958210220622,0.08116933900625867,0.26666666666666666,0.8,4.133333333333334,0.2831349206349206
D02_shallow06,2,shallow_dip06,32,SOXX,3,63,2024-07-29,2024-10-24,29,-0.004528634488460304,-0.02543109416300626,-0.028447237681547777,-1.2023558090651207,-0.06976233831394155,-0.020902459674545956,0.1724137931034483,0.20689655172413793,3.0344827586206895,0.18486590038314174
D02_shallow06,2,shallow_dip06,33,SOXX,7,147,2025-09-16,2026-04-16,29,0.5731892331920965,0.31398034544806375,0.21057110341565854,1.3813906234228737,-0.16732242360168723,-0.2592088877440327,0.9310344827586207,0.13793103448275862,8.275862068965518,0.44493314567206194
D02_shallow06,2,shallow_dip06,34,QQQ,4,84,2024-05-31,2024-09-30,30,0.08613665447903895,0.008997701029580796,0.009141084817735123,0.3361467138819381,-0.11495748656310753,-0.07713895344945816,0.5333333333333333,0.23333333333333334,4.2,0.4619047619047618
D02_shallow06,2,shallow_dip06,35,QQQ,9,189,2025-02-11,2025-11-10,30,0.1848421423831519,0.06119055404727506,0.004757339346116551,0.0351008097275309,-0.14041232118513297,-0.12365158833587683,0.5333333333333333,0.2,8.566666666666666,0.4126984126984127
D02_shallow06,2,shallow_dip06,36,QQQ,3,63,2025-01-14,2025-04-14,30,-0.0928917402537448,-0.02682328572676492,-0.031320282473516314,-0.6130693418725269,-0.11807244605290321,0.06606845452697988,0.3,0.8,4.733333333333333,0.35515873015873023
D02_shallow06,2,shallow_dip06,37,SOXX,10,210,2024-08-26,2025-06-27,30,0.057670134077346225,0.007128816846811389,-0.04698736223648298,-0.166032015268888,-0.16875379254589618,-0.05054131723053484,0.36666666666666664,0.26666666666666666,8.466666666666667,0.26123015873015876
D02_shallow06,2,shallow_dip06,38,SOXX,12,252,2024-07-02,2025-07-03,30,-0.01969168950723721,-0.07056662171570172,-0.1183531578591101,-0.3322577221182032,-0.257240291091601,-0.05087493220846451,0.26666666666666666,0.3,11.266666666666667,0.28267195767195763
D02_shallow06,2,shallow_dip06,39,QQQ,5,105,2024-09-23,2025-02-24,30,0.07798180695234325,0.08238587406869295,0.022363591058709553,0.786468213096397,-0.10325976233283427,0.004404067116349705,0.6333333333333333,0.3333333333333333,5.033333333333333,0.49611111111111117
D02_shallow06,2,shallow_dip06,40,QQQ,12,252,2025-05-13,2026-05-13,30,0.3929082039357876,0.16814046516419606,0.0199830880661811,0.34625833033009484,-0.15613607010940275,-0.22476773877159156,0.5666666666666667,0.16666666666666666,9.766666666666667,0.3759920634920635
D02_shallow06,2,shallow_dip06,41,SOXX,5,105,2024-12-18,2025-05-21,29,-0.03550519039857425,-0.07087794804003783,-0.05919537406322917,-0.8398014738010166,-0.1572487268154326,-0.03537275764146358,0.13793103448275862,0.3793103448275862,5.517241379310345,0.24720853858784894
D02_shallow06,2,shallow_dip06,42,QQQ,1,21,2026-06-01,2026-06-30,30,-0.007446386853765863,-0.011536766852328168,-0.005607177728949753,-1.3726072158924372,-0.036917104387703056,-0.004090379998562306,0.26666666666666666,0.5,1.5333333333333334,0.2607142857142858
D02_shallow06,2,shallow_dip06,43,SOXX,5,105,2025-04-30,2025-09-29,30,0.4691356693755999,0.14826040321046743,0.1039408967185772,1.1700145080683548,-0.1170416348667978,-0.3208752661651325,0.7333333333333333,0.06666666666666667,3.9,0.4714285714285714
D02_shallow06,2,shallow_dip06,44,SOXX,5,105,2024-07-24,2024-12-19,29,-0.07336128139760856,0.006049389161885098,-0.044645587767158545,-0.5385648107262465,-0.11774311025067644,0.07941067055949366,0.3448275862068966,0.6896551724137931,6.103448275862069,0.2910509031198686
D02_shallow06,2,shallow_dip06,45,SOXX,12,252,2024-03-06,2025-03-07,30,-0.10757477953627947,-0.09169869534635304,-0.10397104127160567,-0.31660011159919926,-0.24691044259663317,0.015876084189926434,0.23333333333333334,0.5333333333333333,13.233333333333333,0.3530753968253969
D02_shallow06,2,shallow_dip06,46,SOXX,11,231,2024-02-13,2025-01-14,30,0.07418664137386521,0.050610757676634074,0.020733642558271037,0.1162859297617724,-0.21784510267314197,-0.02357588369723114,0.5333333333333333,0.3,11.4,0.36284271284271286
D02_shallow06,2,shallow_dip06,47,QQQ,12,252,2025-06-12,2026-06-12,30,0.3582273667812763,0.14510764704564175,0.038117985118729214,0.3213767071401248,-0.18895964902501208,-0.21311971973563457,0.6333333333333333,0.2,11.833333333333334,0.4162037037037037
D02_shallow06,2,shallow_dip06,48,QQQ,1,21,2025-07-02,2025-07-31,30,0.025798870778167116,0.006092778869036408,-0.008880408484354618,-0.5341413084427586,-0.04483190710124909,-0.019706091909130707,0.36666666666666664,0.26666666666666666,1.5666666666666667,0.5293650793650794
D02_shallow06,2,shallow_dip06,49,QQQ,6,126,2024-03-22,2024-09-20,30,0.08250113027758665,0.007478311069950342,0.01111494598782925,0.019438438644558107,-0.12545901318557096,-0.07502281920763632,0.5666666666666667,0.26666666666666666,6.6,0.44298941798941793
D02_shallow06,2,shallow_dip06,50,QQQ,11,231,2025-04-16,2026-03-18,30,0.3441101199491847,0.13838838821176763,0.0368276078080203,0.38595263440015537,-0.12935217807213698,-0.2057217317374171,0.5666666666666667,0.13333333333333333,9.2,0.37546897546897545
D02_shallow06,2,shallow_dip06,51,SOXX,12,252,2025-05-09,2026-05-11,30,1.7645869991549006,0.5713280731482892,0.45832461549240777,1.3575138817638497,-0.19425598631232438,-1.1932589260066115,0.9,0.06666666666666667,11.4,0.45515873015873015
D02_shallow06,2,shallow_dip06,52,QQQ,6,126,2024-07-26,2025-01-27,30,0.11403086919643934,0.015146945600096258,0.036048929105307326,0.22066824415906133,-0.11961513769642672,-0.09888392359634308,0.6666666666666666,0.13333333333333333,6.166666666666667,0.4454365079365079
D02_shallow06,2,shallow_dip06,53,SOXX,9,189,2025-02-25,2025-11-21,30,0.27137754060742036,0.05036828552549868,-0.02013723142411633,0.1550218372076835,-0.17712751963924533,-0.22100925508192168,0.4666666666666667,0.2,8.7,0.36706349206349204
D02_shallow06,2,shallow_dip06,54,QQQ,10,210,2025-06-10,2026-04-10,30,0.14941279936704488,-0.0011884848537833262,-0.01593716875134088,-0.11549662604278836,-0.1739691366612038,-0.15060128422082822,0.4666666666666667,0.1,8.833333333333334,0.42603174603174604
D02_shallow06,2,shallow_dip06,55,QQQ,9,189,2024-03-12,2024-12-09,30,0.18252323377671842,0.0747864229846414,0.011932181434895994,0.3660625839692085,-0.14565424389739942,-0.10773681079207702,0.5,0.23333333333333334,8.333333333333334,0.4548500881834216
D02_shallow06,2,shallow_dip06,56,SOXX,1,21,2026-03-06,2026-04-06,30,0.06430085839175526,0.007682592701253543,0.0025879195870797123,0.24280300863915655,-0.03803498899864722,-0.05661826569050171,0.5333333333333333,0.06666666666666667,2.033333333333333,0.23253968253968257
D02_shallow06,2,shallow_dip06,57,QQQ,11,231,2024-12-30,2025-12-01,30,0.20149282165868643,0.046955057783850083,0.009240082179794717,0.035271818392236004,-0.1613304877002543,-0.15453776387483634,0.5,0.13333333333333333,10.7,0.3912698412698413
D02_shallow06,2,shallow_dip06,58,QQQ,4,84,2025-05-06,2025-09-04,30,0.19622773691571815,0.04002560341208062,-0.0075988951767426705,0.1799020184924201,-0.0814277731509703,-0.15620213350363754,0.43333333333333335,0.13333333333333333,3.3333333333333335,0.4152777777777778
D02_shallow06,2,shallow_dip06,59,SOXX,4,84,2026-02-25,2026-06-25,30,0.7007670678766698,0.19737868136565886,0.11566046373235206,1.8311340397242748,-0.09868784758409323,-0.5033883865110109,0.8666666666666667,0.1,4.6,0.30466269841269844
D02_shallow06,2,shallow_dip06,60,SOXX,1,21,2024-12-26,2025-01-28,29,-0.04487084375145378,-0.0342794226228761,-0.016798166768072442,-1.3245050580344837,-0.07979160343091327,0.01059142112857768,0.1724137931034483,0.7241379310344828,1.8275862068965518,0.3920361247947455
D02_shallow06,2,shallow_dip06,61,SOXX,3,63,2024-01-26,2024-04-25,29,0.06710127075469541,0.02013670147787769,-0.020739211244954925,-0.43585700661664833,-0.0827274790568475,-0.04696456927681772,0.3793103448275862,0.2413793103448276,3.5517241379310347,0.365079365079365
D02_shallow06,2,shallow_dip06,62,SOXX,3,63,2025-06-20,2025-09-18,29,0.19111858758403377,0.10629272287943131,0.06877259690515891,1.275792466766549,-0.12044874931808194,-0.08482586470460246,0.7241379310344828,0.3103448275862069,3.310344827586207,0.5738916256157636
D02_shallow06,2,shallow_dip06,63,QQQ,3,63,2025-10-01,2025-12-30,30,0.0281443024583361,-0.015330252171649694,-0.008539025260827449,-0.09958220276576128,-0.07957162651268704,-0.0434745546299858,0.4,0.26666666666666666,3.2333333333333334,0.3996031746031746
D02_shallow06,2,shallow_dip06,64,QQQ,2,42,2024-06-12,2024-08-12,30,-0.0465096827642848,-0.020453134119531324,-0.02432817314968183,-0.7563555012312172,-0.07721813356917329,0.026056548644753475,0.26666666666666666,0.6333333333333333,3.2666666666666666,0.4027777777777778
D02_shallow06,2,shallow_dip06,65,SOXX,7,147,2024-03-27,2024-10-24,29,0.010917641305967063,-0.011824865936904676,-0.02252946322027416,-0.15819161688320166,-0.17489302928790854,-0.02274250724287174,0.4482758620689655,0.27586206896551724,7.310344827586207,0.3697513488153883
D02_shallow06,2,shallow_dip06,66,QQQ,7,147,2024-06-18,2025-01-17,30,0.08024880165552029,0.030674472817776348,0.02030246712690531,0.29800565887157454,-0.11384039023404854,-0.04957432883774394,0.6,0.23333333333333334,5.866666666666666,0.446655328798186
D02_shallow06,2,shallow_dip06,67,SOXX,6,126,2025-02-27,2025-08-27,30,0.2288069130259598,0.09252377135394006,0.06805137522561178,0.6322054881050053,-0.12938048227361984,-0.13628314167201971,0.6666666666666666,0.23333333333333334,5.1,0.37903439153439156
D02_shallow06,2,shallow_dip06,68,SOXX,2,42,2026-01-27,2026-03-26,30,-0.06274182234420844,-0.0016281165608242369,-0.01285017954080342,-0.42911399826060104,-0.08273740460251447,0.0611137057833842,0.43333333333333335,0.8333333333333334,2.933333333333333,0.33174603174603173
D02_shallow06,2,shallow_dip06,69,SOXX,8,168,2025-08-27,2026-04-28,30,0.752796897064234,0.2598973165954538,0.22422421702876427,1.0097084681794333,-0.18072724021436817,-0.49289958046878024,0.8,0.06666666666666667,9.433333333333334,0.4394841269841269
D02_shallow06,2,shallow_dip06,70,SOXX,5,105,2024-09-20,2025-02-21,29,0.005406814450626518,-0.0026164925433811857,-0.02567804357907888,-0.29579102461730666,-0.11340661668231708,-0.008023306994007703,0.3448275862068966,0.3448275862068966,5.0,0.29178981937602627
D02_shallow06,2,shallow_dip06,71,SOXX,4,84,2025-09-17,2026-01-15,29,0.30628589985012833,0.1303445063820491,0.10006818665561679,1.0851933282255792,-0.14481738839398464,-0.17594139346807922,0.7241379310344828,0.1724137931034483,5.413793103448276,0.488095238095238
D02_shallow06,2,shallow_dip06,72,QQQ,4,84,2025-06-23,2025-10-20,30,0.15160143793785608,0.05623442395221733,-0.013792663599583088,0.34376525822978543,-0.08702009642985509,-0.09536701398563874,0.4666666666666667,0.16666666666666666,3.5,0.4354166666666667
D02_shallow06,2,shallow_dip06,73,SOXX,10,210,2023-11-28,2024-09-27,30,0.3732977081618618,0.09125324549075854,0.045774028823119206,0.3476159843556293,-0.19371970989426146,-0.2820444626711033,0.6666666666666666,0.06666666666666667,9.8,0.414563492063492
D02_shallow06,2,shallow_dip06,74,QQQ,9,189,2025-04-09,2026-01-08,30,0.33624069066151074,0.10969349255072786,0.0455112311470357,0.4931404454370318,-0.1397070412751381,-0.2265471981107829,0.5666666666666667,0.13333333333333333,6.3,0.4062610229276896
D02_shallow06,2,shallow_dip06,75,QQQ,12,252,2024-12-19,2025-12-22,30,0.21234986652906018,0.044172008557047865,-0.05133187789180582,-0.0437682495752201,-0.18468579576716052,-0.16817785797201232,0.4,0.13333333333333333,11.733333333333333,0.3863095238095239
D02_shallow06,2,shallow_dip06,76,SOXX,5,105,2024-05-10,2024-10-09,29,0.07166285164062502,0.007637161264207101,-0.024644637527405422,-0.03530457873045872,-0.14917214376860627,-0.06402569037641792,0.4827586206896552,0.27586206896551724,4.724137931034483,0.34720853858784895
D02_shallow06,2,shallow_dip06,77,SOXX,8,168,2025-08-01,2026-04-01,30,0.43297225183525034,0.19572971247949325,0.19939179514305538,0.6887076706422733,-0.18565049540192596,-0.2372425393557571,0.7,0.2,9.7,0.4560515873015874
D02_shallow06,2,shallow_dip06,78,QQQ,7,147,2025-11-12,2026-06-15,30,0.20096913413608264,0.041316104078863644,-0.0005441442070174274,0.14576707981514428,-0.12468534565260762,-0.15965303005721898,0.5,0.2,7.2,0.3760204081632654
D02_shallow06,2,shallow_dip06,79,SOXX,9,189,2023-12-14,2024-09-16,30,0.167905259845331,0.017749086286679032,-0.0008092594913538531,-0.003977438853833641,-0.19168514941659348,-0.15015617355865196,0.5,0.13333333333333333,9.866666666666667,0.441710758377425
D02_shallow06,2,shallow_dip06,80,QQQ,6,126,2024-01-19,2024-07-19,30,0.1316414541629214,0.07094798305641879,0.03590566179427257,0.39660610253617035,-0.10442379276425547,-0.0606934711065026,0.5666666666666667,0.26666666666666666,5.766666666666667,0.45006613756613756
D02_shallow06,2,shallow_dip06,81,QQQ,1,21,2024-11-13,2024-12-12,30,0.02781855470047412,0.029929449378238705,0.00042475054679469437,0.7999608690913793,-0.02946658585616387,0.002110894677764586,0.5,0.26666666666666666,1.3666666666666667,0.446031746031746
D02_shallow06,2,shallow_dip06,82,SOXX,10,210,2024-06-21,2025-04-23,30,-0.3034388425007686,-0.15152011924214473,-0.1539630630637534,-0.8471357536863382,-0.2557282535760977,0.15191872325862385,0.13333333333333333,0.8333333333333334,11.066666666666666,0.2733730158730159
D02_shallow06,2,shallow_dip06,83,QQQ,11,231,2024-05-24,2025-04-28,30,0.03788093693594541,0.037425023318230215,0.005987581323226299,-0.0034997542037277867,-0.1820385860219499,-0.00045591361771519373,0.5333333333333333,0.4,11.266666666666667,0.4223665223665224
D02_shallow06,2,shallow_dip06,84,SOXX,4,84,2025-03-26,2025-07-25,29,0.2196761364203743,0.075022005236426,0.04107250704991072,0.513589368348055,-0.0942423238108617,-0.14465413118394832,0.6896551724137931,0.1724137931034483,2.8620689655172415,0.36545566502463056
D02_shallow06,2,shallow_dip06,85,SOXX,3,63,2024-01-12,2024-04-12,29,0.17490173722683933,0.07825712478291875,0.022590304241517645,0.6400062091284593,-0.08538838461091941,-0.09664461244392057,0.6896551724137931,0.27586206896551724,3.413793103448276,0.4560755336617406
D02_shallow06,2,shallow_dip06,86,QQQ,4,84,2025-08-13,2025-12-10,30,0.08270584442079376,0.024864924218212923,-0.025800598254452245,-0.478744003801724,-0.07946157138980357,-0.05784092020258084,0.3,0.16666666666666666,3.9,0.3593253968253968
D02_shallow06,2,shallow_dip06,87,QQQ,9,189,2025-08-12,2026-05-12,30,0.2238015104269533,0.08792298812863372,0.01948030532139744,0.05869275590922732,-0.13527305293044528,-0.13587852229831957,0.5666666666666667,0.16666666666666666,8.633333333333333,0.34285714285714286
D02_shallow06,2,shallow_dip06,88,QQQ,3,63,2023-09-06,2023-12-04,30,0.0323937441740032,-0.004442091438611606,-0.01910075465967287,-0.13515025653279136,-0.08582485630387827,-0.03683583561261481,0.36666666666666664,0.13333333333333333,3.4,0.48664021164021165
D02_shallow06,2,shallow_dip06,89,QQQ,6,126,2024-03-08,2024-09-06,30,0.02500440115388769,-0.025187857164983934,-0.015126205240107105,-0.18825458220718294,-0.13888560727993013,-0.05019225831887163,0.43333333333333335,0.26666666666666666,6.4,0.4091931216931217
D02_shallow06,2,shallow_dip06,90,SOXX,4,84,2024-02-09,2024-06-10,29,0.16166402534839164,0.052043665954466536,0.04583336551327877,0.6337697928506675,-0.09732169202484424,-0.1096203593939251,0.6551724137931034,0.10344827586206896,4.517241379310345,0.4412972085385879
D02_shallow06,2,shallow_dip06,91,QQQ,6,126,2024-12-26,2025-06-30,30,0.04434132972322158,0.041159281284216906,-0.018970852460756082,0.06261718750564352,-0.14724881263143183,-0.0031820484390046727,0.4666666666666667,0.3333333333333333,6.866666666666666,0.35780423280423285
D02_shallow06,2,shallow_dip06,92,QQQ,2,42,2024-07-11,2024-09-09,30,-0.0761694342464847,-0.05255887904625192,-0.03688419278215449,-1.7496296245617258,-0.08277788244577848,0.02361055520023278,0.13333333333333333,0.8,2.966666666666667,0.34722222222222227
D02_shallow06,2,shallow_dip06,93,QQQ,8,168,2025-09-04,2026-05-05,30,0.18933459993954838,0.10222935944910037,0.005100950639562396,0.3609298982379526,-0.14184913915139744,-0.087105240490448,0.5333333333333333,0.2,8.1,0.40401785714285715
D02_shallow06,2,shallow_dip06,94,QQQ,11,231,2023-08-28,2024-07-29,29,0.27358869545907205,0.026658653500708812,0.03317471300036945,0.25799054123649107,-0.13645779296838736,-0.24693004195836324,0.5517241379310345,0.0,9.0,0.45898641588296746
D02_shallow06,2,shallow_dip06,95,SOXX,2,42,2024-10-18,2024-12-17,29,-0.02239739013513642,-0.003575274574823677,-0.019449504014269703,-0.6292000809612933,-0.07334537291307239,0.01882211556031274,0.3793103448275862,0.5862068965517241,2.7241379310344827,0.27422003284072255
D02_shallow06,2,shallow_dip06,96,QQQ,9,189,2024-06-04,2025-03-06,30,0.07941245707007138,-0.04094648557968326,-0.0326106902986979,-0.1139684726517918,-0.17865003611046545,-0.12035894264975464,0.36666666666666664,0.13333333333333333,9.266666666666667,0.39814814814814814
D02_shallow06,2,shallow_dip06,97,SOXX,5,105,2025-12-31,2026-06-02,30,1.0102699251297969,0.34376078258861065,0.3580743368988817,2.1152653372888772,-0.1147373147725479,-0.6665091425411862,0.8666666666666667,0.03333333333333333,5.666666666666667,0.376031746031746
D02_shallow06,2,shallow_dip06,98,QQQ,4,84,2025-02-28,2025-06-30,30,0.08838217445442198,0.02998883519534675,0.01429570146707515,0.08009797990725447,-0.08183124758399331,-0.05839333925907523,0.6,0.16666666666666666,3.8,0.3064484126984127
D02_shallow06,2,shallow_dip06,99,SOXX,2,42,2026-05-13,2026-07-14,30,0.07552608567751218,0.0011284779440552284,-0.014050526405022634,-0.15641069002203672,-0.07374124626567533,-0.07439760773345695,0.4,0.06666666666666667,1.9,0.27083333333333326
D03_dip08,3,dip08,0,SOXX,4,84,2025-01-15,2025-05-15,29,-0.04268271797372991,-0.056566489472551724,-0.042632985829334724,-0.8198896053773539,-0.12789536138888283,-0.013883771498821813,0.13793103448275862,0.5172413793103449,4.068965517241379,0.18144499178981938
D03_dip08,3,dip08,1,SOXX,4,84,2025-11-26,2026-03-30,29,0.0653592129111733,0.1516034097397791,0.08498997312186951,0.8139012316655154,-0.11303014424038925,0.08624419682860579,0.7241379310344828,0.5862068965517241,4.758620689655173,0.4324712643678161
D03_dip08,3,dip08,2,SOXX,12,252,2024-06-12,2025-06-13,30,-0.11229341109132818,-0.11824208720875501,-0.18509805437252347,-0.5350086375683183,-0.26573827593704646,-0.005948676117426832,0.23333333333333334,0.3333333333333333,12.933333333333334,0.3021825396825397
D03_dip08,3,dip08,3,QQQ,1,21,2026-01-13,2026-02-11,30,-0.02096638715391519,0.0015687362535996342,0.0,-0.2275043385349741,-0.059221588651283553,0.022535123407514825,0.4,0.6666666666666666,1.8666666666666667,0.43730158730158736
D03_dip08,3,dip08,4,QQQ,8,168,2025-02-28,2025-10-28,30,0.2501946769916814,0.0694886347819942,0.006428560557735108,0.1861881180915703,-0.14392362871767972,-0.18070604220968722,0.5333333333333333,0.2,6.566666666666666,0.38878968253968255
D03_dip08,3,dip08,5,SOXX,3,63,2025-03-10,2025-06-06,29,0.11931802402050695,0.00910535887915646,0.0,0.07506646172201122,-0.05167160119602355,-0.11021266514135049,0.41379310344827586,0.06896551724137931,2.310344827586207,0.15038314176245207
D03_dip08,3,dip08,6,SOXX,12,252,2024-10-18,2025-10-21,30,0.2792904450054976,0.0801915275578913,0.04621226523596422,0.21949175589161,-0.20276837318850005,-0.1990989174476063,0.5333333333333333,0.2,11.333333333333334,0.3724867724867725
D03_dip08,3,dip08,7,SOXX,5,105,2024-08-02,2024-12-31,30,0.0461545872289324,-0.010066832970624362,-0.03408514483939834,-0.48608244861683675,-0.11393401863747964,-0.05622142019955676,0.3,0.2,4.933333333333334,0.24777777777777782
D03_dip08,3,dip08,8,SOXX,11,231,2024-01-29,2024-12-26,30,0.11728604186347558,-0.0015222916698135766,-0.028938866863164492,-0.06711877379778654,-0.2381044618389375,-0.11880833353328915,0.4,0.16666666666666666,11.7,0.36316738816738814
D03_dip08,3,dip08,9,QQQ,7,147,2025-12-22,2026-07-24,30,0.10761391047221691,0.07268270692323947,0.03613016952050829,0.18228118411965427,-0.13472327866224448,-0.03493120354897744,0.5666666666666667,0.4,7.333333333333333,0.36672335600907036
D03_dip08,3,dip08,10,SOXX,11,231,2025-04-30,2026-03-31,30,0.7991727370086741,0.314854635567668,0.3021048915265311,0.9806744395243174,-0.18548765702604042,-0.48431810144100607,0.8666666666666667,0.06666666666666667,10.333333333333334,0.42857142857142866
D03_dip08,3,dip08,11,SOXX,7,147,2023-12-07,2024-07-10,30,0.5448433677075268,0.20528544148754574,0.14119222437464463,1.0914738967347068,-0.13761610562166332,-0.3395579262199811,0.8333333333333334,0.06666666666666667,6.6,0.46241496598639453
D03_dip08,3,dip08,12,QQQ,11,231,2024-03-27,2025-02-27,30,0.12982124242441295,0.09725985019694844,0.008305119883428858,0.3812984005163246,-0.15474015746662864,-0.032561392227464514,0.5,0.3333333333333333,10.3,0.4472222222222222
D03_dip08,3,dip08,13,QQQ,10,210,2024-09-30,2025-08-01,30,0.1396408202388819,0.054480424816539766,0.03081659076577259,0.16148694710627154,-0.1606183556422651,-0.08516039542234215,0.5333333333333333,0.26666666666666666,9.1,0.3942857142857142
D03_dip08,3,dip08,14,QQQ,9,189,2025-02-11,2025-11-10,30,0.1848421423831519,0.02644522626679523,-0.013317572959621216,0.024241067457432028,-0.17067112857796476,-0.15839691611635665,0.4666666666666667,0.2,8.266666666666667,0.40987654320987654
D03_dip08,3,dip08,15,SOXX,2,42,2023-11-10,2024-01-11,29,0.13378672181991424,0.08491247579548525,0.06189993405186045,1.9079678689738364,-0.06078887724028849,-0.048874246024429,0.8620689655172413,0.3103448275862069,1.3793103448275863,0.5375615763546798
D03_dip08,3,dip08,16,QQQ,8,168,2025-04-17,2025-12-16,30,0.3806506610687259,0.07198831271031976,-0.006702724920280623,0.0893754777444637,-0.11480999838697206,-0.30866234835840617,0.4666666666666667,0.13333333333333333,5.866666666666666,0.3443452380952381
D03_dip08,3,dip08,17,QQQ,3,63,2023-10-12,2024-01-11,29,0.10935424408522043,0.05173016570139676,0.031062563391407005,1.0273025933496382,-0.06873898129715257,-0.05762407838382367,0.7241379310344828,0.27586206896551724,2.6206896551724137,0.48056923918992883
D03_dip08,3,dip08,18,SOXX,7,147,2025-06-02,2025-12-30,29,0.4742072430583639,0.13265659767565194,0.05090064389166615,0.7152295694051747,-0.17820359614541362,-0.34155064538271196,0.6206896551724138,0.10344827586206896,7.689655172413793,0.5106145906638516
D03_dip08,3,dip08,19,QQQ,2,42,2026-01-20,2026-03-19,30,-0.024734412068352585,0.006830020393952059,0.0,0.07082596621713924,-0.057796129568064014,0.03156443246230464,0.4666666666666667,0.8,2.7333333333333334,0.35575396825396827
D03_dip08,3,dip08,20,QQQ,2,42,2025-12-30,2026-03-02,30,-0.01830706738570409,0.014426745263155382,-4.010264333936808e-05,0.3056888212407946,-0.06485449457073923,0.032733812648859474,0.4666666666666667,0.6666666666666666,2.6666666666666665,0.4628968253968254
D03_dip08,3,dip08,21,QQQ,8,168,2024-02-14,2024-10-14,30,0.15334174114524046,0.02621458851498822,0.024803523328618238,0.24976065175246784,-0.14087103436775833,-0.12712715263025223,0.6333333333333333,0.16666666666666666,6.933333333333334,0.424156746031746
D03_dip08,3,dip08,22,QQQ,4,84,2025-10-15,2026-02-13,30,0.0007896560047677692,0.034042578383970255,0.025613733201216182,0.21977629979060218,-0.08257740417106597,0.033252922379202486,0.6333333333333333,0.6333333333333333,4.766666666666667,0.40763888888888883
D03_dip08,3,dip08,23,QQQ,3,63,2026-01-08,2026-04-09,30,-0.0153279984002892,-0.0034745537605526235,-0.0006587557501551711,-0.2399118319733918,-0.08277281043195876,0.011853444639736577,0.43333333333333335,0.6333333333333333,4.066666666666666,0.3087301587301587
D03_dip08,3,dip08,24,SOXX,5,105,2026-02-10,2026-07-13,30,0.5770255442312711,0.18664952042428032,0.05382534348064871,1.055492520794117,-0.10319057897544107,-0.39037602380699077,0.7333333333333333,0.13333333333333333,4.633333333333334,0.28039682539682537
D03_dip08,3,dip08,25,QQQ,5,105,2026-01-14,2026-06-15,30,0.20238584863226716,0.09110882842457137,0.058079532122987776,0.5548960312114779,-0.0947800078592735,-0.1112770202076958,0.7,0.13333333333333333,5.6,0.3005555555555555
D03_dip08,3,dip08,26,QQQ,12,252,2025-01-16,2026-01-16,30,0.2169851270630765,0.10810445828695328,-0.02678509808851054,0.17594867012001414,-0.16429782871995163,-0.10888066877612321,0.4666666666666667,0.2,11.166666666666666,0.3961309523809524
D03_dip08,3,dip08,27,SOXX,4,84,2026-03-20,2026-07-21,30,0.6629647609934404,0.1737267545131759,0.1182603364569147,1.837362041613718,-0.0967543098504121,-0.4892380064802645,0.9,0.03333333333333333,3.533333333333333,0.28611111111111115
D03_dip08,3,dip08,28,SOXX,10,210,2023-09-12,2024-07-12,30,0.6054235196262121,0.22841416414077417,0.11872079192405671,0.939775735412021,-0.1441627228965025,-0.3770093554854379,0.8333333333333334,0.1,9.366666666666667,0.44595238095238093
D03_dip08,3,dip08,29,QQQ,10,210,2023-11-02,2024-09-04,29,0.27426335783759614,0.09024640066876434,0.07654139284777606,0.5945102880647335,-0.15365379842486432,-0.18401695716883182,0.7586206896551724,0.1724137931034483,8.551724137931034,0.47491789819376024
D03_dip08,3,dip08,30,SOXX,11,231,2025-02-26,2026-01-27,30,0.6222676159829015,0.2211125643416375,0.10713708938692068,0.7656064721313418,-0.1929484199589996,-0.40115505164126397,0.7333333333333333,0.13333333333333333,10.066666666666666,0.400974025974026
D03_dip08,3,dip08,31,SOXX,4,84,2024-11-26,2025-03-31,30,-0.12412361759187396,-0.040432747665888155,-0.025296519089810787,-0.6452691375310609,-0.12084901127259641,0.0836908699259858,0.23333333333333334,0.8,4.1,0.28968253968253965
D03_dip08,3,dip08,32,SOXX,3,63,2024-07-29,2024-10-24,29,-0.004528634488460304,-0.026137605279547324,-0.036114585922149445,-1.1919666272896612,-0.07088143512971629,-0.02160897079108702,0.1724137931034483,0.2413793103448276,3.1379310344827585,0.18541324575807336
D03_dip08,3,dip08,33,SOXX,7,147,2025-09-16,2026-04-16,29,0.5731892331920965,0.3243081153260581,0.21600127317602302,1.4178773576551142,-0.16684969649565293,-0.2488811178660384,0.9310344827586207,0.13793103448275862,8.10344827586207,0.4436429744311518
D03_dip08,3,dip08,34,QQQ,4,84,2024-05-31,2024-09-30,30,0.08613665447903895,0.009115453287289865,0.0038049397592045398,0.3105022079019799,-0.11401743405626719,-0.07702120119174909,0.5,0.23333333333333334,4.233333333333333,0.44652777777777775
D03_dip08,3,dip08,35,QQQ,9,189,2025-02-11,2025-11-10,30,0.1848421423831519,0.06537101781228653,0.015105581141119928,0.10821232858697453,-0.13895334371898208,-0.11947112457086535,0.5666666666666667,0.2,8.066666666666666,0.40881834215167545
D03_dip08,3,dip08,36,QQQ,3,63,2025-01-14,2025-04-14,30,-0.0928917402537448,-0.028339691664847864,-0.03214652616345298,-0.6414611243545311,-0.11770515704403119,0.06455204858889693,0.26666666666666666,0.8,4.566666666666666,0.34510582010582014
D03_dip08,3,dip08,37,SOXX,10,210,2024-08-26,2025-06-27,30,0.057670134077346225,0.013938162197358136,-0.029303645628512454,-0.05907725693338788,-0.1649553278932616,-0.04373197187998809,0.4,0.26666666666666666,8.566666666666666,0.2673015873015873
D03_dip08,3,dip08,38,SOXX,12,252,2024-07-02,2025-07-03,30,-0.01969168950723721,-0.06750511115327093,-0.11252398754488957,-0.3101812864540584,-0.2559281636889274,-0.04781342164603372,0.3,0.3333333333333333,11.233333333333333,0.28528439153439156
D03_dip08,3,dip08,39,QQQ,5,105,2024-09-23,2025-02-24,30,0.07798180695234325,0.07963763541778063,0.020194533741053622,0.7367203526268428,-0.10271450807336464,0.0016558284654373812,0.6,0.3333333333333333,4.833333333333333,0.47761904761904767
D03_dip08,3,dip08,40,QQQ,12,252,2025-05-13,2026-05-13,30,0.3929082039357876,0.1667409134156763,0.008939656030843568,0.30886312424990126,-0.1593999699574945,-0.22616729052011134,0.5666666666666667,0.13333333333333333,9.6,0.37351190476190477
D03_dip08,3,dip08,41,SOXX,5,105,2024-12-18,2025-05-21,29,-0.03550519039857425,-0.06965024303504162,-0.05919537406322872,-0.8259861278509064,-0.1565768782268915,-0.034145052636467374,0.13793103448275862,0.41379310344827586,5.551724137931035,0.2513957307060755
D03_dip08,3,dip08,42,QQQ,1,21,2026-06-01,2026-06-30,30,-0.007446386853765863,-0.01013218705678266,-0.003598843857817946,-1.1023663890393502,-0.03609642990109438,-0.0026858002030167964,0.26666666666666666,0.5333333333333333,1.4666666666666666,0.25912698412698415
D03_dip08,3,dip08,43,SOXX,5,105,2025-04-30,2025-09-29,30,0.4691356693755999,0.1482188499366614,0.09649820959897049,1.1693601910886537,-0.11703073678935239,-0.3209168194389385,0.7333333333333333,0.03333333333333333,3.9,0.462936507936508
D03_dip08,3,dip08,44,SOXX,5,105,2024-07-24,2024-12-19,29,-0.07336128139760856,0.007334859385449682,-0.04265309741125656,-0.5353460041979033,-0.11954916305936397,0.08069614078305824,0.3448275862068966,0.6551724137931034,6.137931034482759,0.29014778325123153
D03_dip08,3,dip08,45,SOXX,12,252,2024-03-06,2025-03-07,30,-0.10757477953627947,-0.09035063165143084,-0.10195665049362646,-0.3058962064179107,-0.24716329834074588,0.017224147884848634,0.26666666666666666,0.5333333333333333,13.433333333333334,0.35251322751322756
D03_dip08,3,dip08,46,SOXX,11,231,2024-02-13,2025-01-14,30,0.07418664137386521,0.049154672443768456,0.005506924445250694,0.10887142243591245,-0.2189588426157095,-0.025031968930096758,0.5,0.3333333333333333,11.433333333333334,0.36186868686868684
D03_dip08,3,dip08,47,QQQ,12,252,2025-06-12,2026-06-12,30,0.3582273667812763,0.1493016954585469,0.053332994123993394,0.35047650248546297,-0.1894430901248901,-0.2089256713227294,0.6666666666666666,0.16666666666666666,11.733333333333333,0.40952380952380957
D03_dip08,3,dip08,48,QQQ,1,21,2025-07-02,2025-07-31,30,0.025798870778167116,0.006033712053777873,-0.007409789676362855,-0.5687395180287939,-0.0440171523404295,-0.01976515872438924,0.3333333333333333,0.26666666666666666,1.4666666666666666,0.5115079365079365
D03_dip08,3,dip08,49,QQQ,6,126,2024-03-22,2024-09-20,30,0.08250113027758665,0.00907234067625912,0.011114945987828917,0.03549773588852149,-0.12330457928674542,-0.07342878960132754,0.5666666666666667,0.3,6.4,0.4363756613756614
D03_dip08,3,dip08,50,QQQ,11,231,2025-04-16,2026-03-18,30,0.3441101199491847,0.14880892467970497,0.06534555820319832,0.4346157589608422,-0.12923711329848017,-0.19530119526947975,0.5666666666666667,0.13333333333333333,8.6,0.37626262626262624
D03_dip08,3,dip08,51,SOXX,12,252,2025-05-09,2026-05-11,30,1.7645869991549006,0.5746852310448874,0.4636983626127481,1.3660942542918628,-0.19322188847327215,-1.1899017681100132,0.9333333333333333,0.1,11.1,0.45267857142857143
D03_dip08,3,dip08,52,QQQ,6,126,2024-07-26,2025-01-27,30,0.11403086919643934,0.015436009646312022,0.034830516744859596,0.22692652062263585,-0.11930032486749828,-0.09859485955012733,0.6666666666666666,0.13333333333333333,6.0,0.4335317460317461
D03_dip08,3,dip08,53,SOXX,9,189,2025-02-25,2025-11-21,30,0.27137754060742036,0.04859825344053834,-0.008925803174866298,0.1657334926315119,-0.17854048176328902,-0.22277928716688203,0.4666666666666667,0.16666666666666666,8.666666666666666,0.3644179894179894
D03_dip08,3,dip08,54,QQQ,10,210,2025-06-10,2026-04-10,30,0.14941279936704488,0.004608857031952781,-0.007108411490789945,-0.07091239246788436,-0.17087632652797685,-0.1448039423350921,0.5,0.1,8.7,0.42353174603174615
D03_dip08,3,dip08,55,QQQ,9,189,2024-03-12,2024-12-09,30,0.18252323377671842,0.07075162474976976,0.005033191276134719,0.3372134251526802,-0.14692568419921465,-0.11177160902694866,0.5,0.23333333333333334,8.0,0.4454144620811287
D03_dip08,3,dip08,56,SOXX,1,21,2026-03-06,2026-04-06,30,0.06430085839175526,0.01182914945297533,0.006362472637198691,0.5983424020262773,-0.03809594029337723,-0.05247170893877993,0.6,0.06666666666666667,1.8666666666666667,0.2384920634920635
D03_dip08,3,dip08,57,QQQ,11,231,2024-12-30,2025-12-01,30,0.20149282165868643,0.039828635982426724,-0.006322165472763375,-0.01627727266826867,-0.16229352246288808,-0.1616641856762597,0.5,0.13333333333333333,10.2,0.37979797979797975
D03_dip08,3,dip08,58,QQQ,4,84,2025-05-06,2025-09-04,30,0.19622773691571815,0.04439961424244744,-0.006891273329288183,0.2593760551544643,-0.08109436100412197,-0.15182812267327073,0.4666666666666667,0.13333333333333333,3.1333333333333333,0.4101190476190475
D03_dip08,3,dip08,59,SOXX,4,84,2026-02-25,2026-06-25,30,0.7007670678766698,0.19513731690004463,0.12182865198993353,1.7130447323226166,-0.09775032063468067,-0.5056297509766251,0.8333333333333334,0.1,4.433333333333334,0.2927579365079365
D03_dip08,3,dip08,60,SOXX,1,21,2024-12-26,2025-01-28,29,-0.04487084375145378,-0.033286796926828253,-0.016398710014420614,-1.3002677503556963,-0.07896194280731807,0.011584046824625528,0.1724137931034483,0.7241379310344828,1.7586206896551724,0.3879310344827586
D03_dip08,3,dip08,61,SOXX,3,63,2024-01-26,2024-04-25,29,0.06710127075469541,0.02204380194820007,-0.02770635482398398,-0.36289723904401894,-0.08138545266507168,-0.04505746880649534,0.3793103448275862,0.2413793103448276,3.413793103448276,0.3745210727969349
D03_dip08,3,dip08,62,SOXX,3,63,2025-06-20,2025-09-18,29,0.19111858758403377,0.10448119722129154,0.07124568461217762,1.2596030056724408,-0.12001343682011519,-0.08663739036274223,0.7241379310344828,0.27586206896551724,3.2413793103448274,0.5644499178981937
D03_dip08,3,dip08,63,QQQ,3,63,2025-10-01,2025-12-30,30,0.0281443024583361,-0.015417159659347495,-0.015785259125072504,-0.10856781786702317,-0.0791362366943816,-0.043561462117683594,0.4,0.23333333333333334,3.033333333333333,0.3962962962962963
D03_dip08,3,dip08,64,QQQ,2,42,2024-06-12,2024-08-12,30,-0.0465096827642848,-0.02264412395869341,-0.03263687550366634,-0.9229090323093961,-0.0772646278195526,0.023865558805591387,0.23333333333333334,0.6666666666666666,3.1,0.381547619047619
D03_dip08,3,dip08,65,SOXX,7,147,2024-03-27,2024-10-24,29,0.010917641305967063,-0.015235648508390511,-0.022529463220275825,-0.1649900927434224,-0.17515544668869626,-0.026153289814357574,0.4482758620689655,0.2413793103448276,7.344827586206897,0.3662913441238565
D03_dip08,3,dip08,66,QQQ,7,147,2024-06-18,2025-01-17,30,0.08024880165552029,0.02460775220794921,0.011125289429252394,0.24899989418980484,-0.11232872017856892,-0.055641049447571075,0.5666666666666667,0.23333333333333334,5.566666666666666,0.42823129251700676
D03_dip08,3,dip08,67,SOXX,6,126,2025-02-27,2025-08-27,30,0.2288069130259598,0.09281633952846402,0.05658470352136735,0.6317638647679498,-0.12978133467962205,-0.13599057349749577,0.6,0.23333333333333334,5.266666666666667,0.38313492063492066
D03_dip08,3,dip08,68,SOXX,2,42,2026-01-27,2026-03-26,30,-0.06274182234420844,7.660381925689667e-05,-0.01424917816348753,-0.6327057143598623,-0.08087363271965176,0.06281842616346534,0.43333333333333335,0.8333333333333334,2.933333333333333,0.3152777777777777
D03_dip08,3,dip08,69,SOXX,8,168,2025-08-27,2026-04-28,30,0.752796897064234,0.27218849218605745,0.22889458028336673,1.0684914726330668,-0.17765403643014657,-0.4806084048781766,0.8,0.06666666666666667,8.966666666666667,0.43769841269841264
D03_dip08,3,dip08,70,SOXX,5,105,2024-09-20,2025-02-21,29,0.005406814450626518,0.0034334491626491436,-0.019341184895682928,-0.17242052142224323,-0.11014496383199605,-0.0019733652879773745,0.3448275862068966,0.3448275862068966,4.9655172413793105,0.29581280788177344
D03_dip08,3,dip08,71,SOXX,4,84,2025-09-17,2026-01-15,29,0.30628589985012833,0.13223646221115273,0.10006818665561723,1.0808702066126532,-0.14314091491685213,-0.1740494376389756,0.6896551724137931,0.1724137931034483,5.137931034482759,0.4808087027914614
D03_dip08,3,dip08,72,QQQ,4,84,2025-06-23,2025-10-20,30,0.15160143793785608,0.05560968596689078,-0.014726718414276196,0.2531436621957056,-0.08782680226480617,-0.0959917519709653,0.4666666666666667,0.16666666666666666,3.3666666666666667,0.42351190476190487
D03_dip08,3,dip08,73,SOXX,10,210,2023-11-28,2024-09-27,30,0.3732977081618618,0.08956587381956495,0.05888722026948534,0.35741615686807393,-0.1930024582473434,-0.2837318343422969,0.6666666666666666,0.06666666666666667,9.666666666666666,0.41158730158730156
D03_dip08,3,dip08,74,QQQ,9,189,2025-04-09,2026-01-08,30,0.33624069066151074,0.10625791242184501,0.04451590954912876,0.46690248793034733,-0.14068702326978935,-0.22998277823966573,0.5666666666666667,0.13333333333333333,6.1,0.4032186948853615
D03_dip08,3,dip08,75,QQQ,12,252,2024-12-19,2025-12-22,30,0.21234986652906018,0.04599185654354173,-0.0635416087329762,-0.050386272741454234,-0.1853443671599541,-0.16635800998551845,0.4,0.13333333333333333,11.533333333333333,0.3845568783068783
D03_dip08,3,dip08,76,SOXX,5,105,2024-05-10,2024-10-09,29,0.07166285164062502,0.007047252147270196,-0.03259064453952365,-0.073611087003865,-0.1499007289654349,-0.06461559949335483,0.4482758620689655,0.27586206896551724,4.793103448275862,0.34614121510673235
D03_dip08,3,dip08,77,SOXX,8,168,2025-08-01,2026-04-01,30,0.43297225183525034,0.20426076365131104,0.2067085441742671,0.7212165977812963,-0.18550966302440317,-0.2287114881839393,0.7,0.2,9.533333333333333,0.4533234126984127
D03_dip08,3,dip08,78,QQQ,7,147,2025-11-12,2026-06-15,30,0.20096913413608264,0.04433149719276601,0.004114367856355439,0.19925963676399988,-0.12594035247984184,-0.15663763694331662,0.5333333333333333,0.16666666666666666,7.166666666666667,0.37556689342403626
D03_dip08,3,dip08,79,SOXX,9,189,2023-12-14,2024-09-16,30,0.167905259845331,0.011523181905769049,-0.02316593227270408,-0.031645283401983096,-0.19220989454880677,-0.15638207793956196,0.43333333333333335,0.13333333333333333,9.7,0.43650793650793646
D03_dip08,3,dip08,80,QQQ,6,126,2024-01-19,2024-07-19,30,0.1316414541629214,0.07059149049225204,0.03979271890881797,0.42922627662649115,-0.10404304475412987,-0.06104996367066935,0.6,0.26666666666666666,5.533333333333333,0.43558201058201046
D03_dip08,3,dip08,81,QQQ,1,21,2024-11-13,2024-12-12,30,0.02781855470047412,0.028649474633157385,-0.00019999999999992246,0.3495438411064517,-0.029228518139941918,0.0008309199326832668,0.43333333333333335,0.23333333333333334,1.2666666666666666,0.42380952380952386
D03_dip08,3,dip08,82,SOXX,10,210,2024-06-21,2025-04-23,30,-0.3034388425007686,-0.1495806916904807,-0.14847775107482492,-0.8300803390999271,-0.2549719940962484,0.1538581508102879,0.13333333333333333,0.8333333333333334,11.2,0.276984126984127
D03_dip08,3,dip08,83,QQQ,11,231,2024-05-24,2025-04-28,30,0.03788093693594541,0.03796962501784608,0.0034892867759383495,0.020198226782195145,-0.1803179818999834,8.868808190067023e-05,0.5,0.43333333333333335,11.233333333333333,0.41504329004329
D03_dip08,3,dip08,84,SOXX,4,84,2025-03-26,2025-07-25,29,0.2196761364203743,0.07696289042739234,0.049447659064277616,0.4864749527878679,-0.09267992557395605,-0.14271324599298196,0.6551724137931034,0.1724137931034483,2.9310344827586206,0.36114532019704426
D03_dip08,3,dip08,85,SOXX,3,63,2024-01-12,2024-04-12,29,0.17490173722683933,0.07570023864069184,0.02230236842361899,0.6707795233838623,-0.08623771211377788,-0.09920149858614749,0.6896551724137931,0.2413793103448276,3.1379310344827585,0.45443349753694584
D03_dip08,3,dip08,86,QQQ,4,84,2025-08-13,2025-12-10,30,0.08270584442079376,0.027062110963856818,-0.021507381781270152,-0.5475259624368235,-0.07913166045396366,-0.05564373345693695,0.3,0.16666666666666666,3.7666666666666666,0.3483134920634921
D03_dip08,3,dip08,87,QQQ,9,189,2025-08-12,2026-05-12,30,0.2238015104269533,0.08867958532443468,0.01655910254509907,0.04176364504229258,-0.13501670175835068,-0.1351219251025186,0.5333333333333333,0.2,8.533333333333333,0.33985890652557316
D03_dip08,3,dip08,88,QQQ,3,63,2023-09-06,2023-12-04,30,0.0323937441740032,-0.003088302592087274,-0.015982774768201535,-0.06915044115808697,-0.08436635785831423,-0.03548204676609048,0.4,0.13333333333333333,3.3666666666666667,0.47460317460317464
D03_dip08,3,dip08,89,QQQ,6,126,2024-03-08,2024-09-06,30,0.02500440115388769,-0.026292871982462936,-0.012548974261684886,-0.19950809090625718,-0.13692231068675495,-0.05129727313635063,0.43333333333333335,0.26666666666666666,6.133333333333334,0.39272486772486775
D03_dip08,3,dip08,90,SOXX,4,84,2024-02-09,2024-06-10,29,0.16166402534839164,0.04808578573000026,0.031452656713987004,0.5917394331815873,-0.09974693383485041,-0.11357823961839138,0.6551724137931034,0.10344827586206896,4.413793103448276,0.43370279146141216
D03_dip08,3,dip08,91,QQQ,6,126,2024-12-26,2025-06-30,30,0.04434132972322158,0.044015120861565234,-0.004477301402486034,0.10085688783228047,-0.148116099932818,-0.00032620886165634494,0.5,0.4,6.733333333333333,0.3615079365079365
D03_dip08,3,dip08,92,QQQ,2,42,2024-07-11,2024-09-09,30,-0.0761694342464847,-0.05000961112442251,-0.03199572894644742,-1.5865616231936308,-0.08090091981516175,0.026159823122062192,0.13333333333333333,0.8,2.9,0.3339285714285714
D03_dip08,3,dip08,93,QQQ,8,168,2025-09-04,2026-05-05,30,0.18933459993954838,0.09806090277625999,-0.005787964367111154,0.2796184232444529,-0.14249767749048275,-0.09127369716328838,0.4666666666666667,0.2,7.933333333333334,0.3942460317460318
D03_dip08,3,dip08,94,QQQ,11,231,2023-08-28,2024-07-29,29,0.27358869545907205,0.026869674832517416,0.039909610599454526,0.26908098513220186,-0.13627066328303783,-0.24671902062655462,0.5517241379310345,0.0,8.758620689655173,0.4479773100462755
D03_dip08,3,dip08,95,SOXX,2,42,2024-10-18,2024-12-17,29,-0.02239739013513642,-0.0029693595509773583,-0.019449504014268926,-0.6697794849620343,-0.07489042206911666,0.01942803058415906,0.3448275862068966,0.5517241379310345,2.793103448275862,0.28448275862068967
D03_dip08,3,dip08,96,QQQ,9,189,2024-06-04,2025-03-06,30,0.07941245707007138,-0.04059088802380085,-0.028749130260572686,-0.12098611748806547,-0.1770639400768023,-0.12000334509387223,0.3333333333333333,0.1,9.0,0.3879629629629629
D03_dip08,3,dip08,97,SOXX,5,105,2025-12-31,2026-06-02,30,1.0102699251297969,0.3443146644598854,0.3580743368988818,2.1087151841306686,-0.11446092378321868,-0.6659552606699115,0.8333333333333334,0.03333333333333333,5.466666666666667,0.3727777777777777
D03_dip08,3,dip08,98,QQQ,4,84,2025-02-28,2025-06-30,30,0.08838217445442198,0.03032151354042552,0.008174324471669436,0.11037906285683448,-0.08275280671845037,-0.05806066091399646,0.6,0.16666666666666666,3.7,0.3076388888888889
D03_dip08,3,dip08,99,SOXX,2,42,2026-05-13,2026-07-14,30,0.07552608567751218,0.0021064373278539086,-0.013344332059585962,-0.12786250675844055,-0.07380453272813843,-0.07341964834965826,0.4,0.1,1.8666666666666667,0.26726190476190476
D04_dip12,4,dip12,0,SOXX,4,84,2025-01-15,2025-05-15,29,-0.04268271797372991,-0.05217686533348533,-0.043002812642211063,-0.8721692524529403,-0.1286310296749644,-0.009494147359755421,0.13793103448275862,0.4827586206896552,4.068965517241379,0.18903940886699505
D04_dip12,4,dip12,1,SOXX,4,84,2025-11-26,2026-03-30,29,0.0653592129111733,0.15574579758364465,0.08498997312186929,0.8679055785877595,-0.1114782354174453,0.09038658467247135,0.7241379310344828,0.5172413793103449,4.413793103448276,0.43483169129720856
D04_dip12,4,dip12,2,SOXX,12,252,2024-06-12,2025-06-13,30,-0.11229341109132818,-0.10625128800032724,-0.17402568538316726,-0.47914144543544096,-0.2644728194130145,0.006042123091000939,0.23333333333333334,0.3333333333333333,12.9,0.30929232804232804
D04_dip12,4,dip12,3,QQQ,1,21,2026-01-13,2026-02-11,30,-0.02096638715391519,-0.00092407460658905,0.0,-0.6708884684814296,-0.06175877148009848,0.02004231254732614,0.4,0.6,1.8666666666666667,0.45119047619047614
D04_dip12,4,dip12,4,QQQ,8,168,2025-02-28,2025-10-28,30,0.2501946769916814,0.060754740894628366,0.006010348592862869,0.10459181840284452,-0.14391635330358793,-0.18943993609705304,0.5,0.2,6.366666666666666,0.3590277777777778
D04_dip12,4,dip12,5,SOXX,3,63,2025-03-10,2025-06-06,29,0.11931802402050695,0.006695524479934872,-0.007785372901514598,-0.2186698423750408,-0.056397873815015,-0.11262249954057207,0.3793103448275862,0.06896551724137931,2.4827586206896552,0.15859332238642582
D04_dip12,4,dip12,6,SOXX,12,252,2024-10-18,2025-10-21,30,0.2792904450054976,0.08883506331343133,0.025538005687097298,0.19305984663179526,-0.20265725164922557,-0.19045538169206627,0.5666666666666667,0.2,10.766666666666667,0.36726190476190484
D04_dip12,4,dip12,7,SOXX,5,105,2024-08-02,2024-12-31,30,0.0461545872289324,-0.010851079064313929,-0.035430684876600504,-0.4405417538659542,-0.11925936974594355,-0.057005666293246327,0.3333333333333333,0.2,4.866666666666666,0.2561904761904762
D04_dip12,4,dip12,8,SOXX,11,231,2024-01-29,2024-12-26,30,0.11728604186347558,0.00036080250543091643,-0.039745494525471436,-0.05930024557825668,-0.2396415351726626,-0.11692523935804466,0.4666666666666667,0.13333333333333333,11.4,0.35768398268398266
D04_dip12,4,dip12,9,QQQ,7,147,2025-12-22,2026-07-24,30,0.10761391047221691,0.07401789481042362,0.028307280032551785,0.17212142332467578,-0.13542201231135367,-0.033596015661793294,0.5666666666666667,0.36666666666666664,7.066666666666666,0.3511337868480726
D04_dip12,4,dip12,10,SOXX,11,231,2025-04-30,2026-03-31,30,0.7991727370086741,0.3249100900573318,0.2806848008671661,0.9840414115611427,-0.18358985112195214,-0.4742626469513423,0.9333333333333333,0.06666666666666667,9.566666666666666,0.420995670995671
D04_dip12,4,dip12,11,SOXX,7,147,2023-12-07,2024-07-10,30,0.5448433677075268,0.1976363097368972,0.12450059359734955,1.0707156069315467,-0.13568125094716985,-0.3472070579706297,0.8,0.06666666666666667,6.033333333333333,0.4439909297052154
D04_dip12,4,dip12,12,QQQ,11,231,2024-03-27,2025-02-27,30,0.12982124242441295,0.08124635883028068,-0.0031290596980393937,0.308542772095845,-0.16067394488237743,-0.04857488359413227,0.5,0.36666666666666664,9.3,0.41183261183261183
D04_dip12,4,dip12,13,QQQ,10,210,2024-09-30,2025-08-01,30,0.1396408202388819,0.047750652723011884,0.027548429140945463,0.15473439833325955,-0.15611545242363484,-0.09189016751587004,0.5333333333333333,0.16666666666666666,8.533333333333333,0.37734126984126987
D04_dip12,4,dip12,14,QQQ,9,189,2025-02-11,2025-11-10,30,0.1848421423831519,0.025566580367075254,-0.007829922032033754,0.031246805641844077,-0.16863353884770377,-0.15927556201607662,0.4666666666666667,0.2,7.933333333333334,0.4025132275132275
D04_dip12,4,dip12,15,SOXX,2,42,2023-11-10,2024-01-11,29,0.13378672181991424,0.08453734510385212,0.06653518486945642,1.8843781089285463,-0.06119378743413851,-0.049249376716062124,0.8275862068965517,0.27586206896551724,1.3448275862068966,0.5433087027914614
D04_dip12,4,dip12,16,QQQ,8,168,2025-04-17,2025-12-16,30,0.3806506610687259,0.07683416508331006,-0.014047495012653677,0.12727615345133902,-0.11144622688950889,-0.3038164959854158,0.4,0.13333333333333333,5.4,0.32033730158730156
D04_dip12,4,dip12,17,QQQ,3,63,2023-10-12,2024-01-11,29,0.10935424408522043,0.051221562842129205,0.03773000407731453,1.0276234127442045,-0.06794856900970353,-0.058132681243091226,0.7241379310344828,0.27586206896551724,2.3448275862068964,0.4559386973180077
D04_dip12,4,dip12,18,SOXX,7,147,2025-06-02,2025-12-30,29,0.4742072430583639,0.14371979381623123,0.0526486967741322,0.7244196358683537,-0.17439032314761604,-0.3304874492421327,0.6206896551724138,0.13793103448275862,7.137931034482759,0.49689186019235276
D04_dip12,4,dip12,19,QQQ,2,42,2026-01-20,2026-03-19,30,-0.024734412068352585,0.005731610828794035,0.0,-0.042477801759818544,-0.05764158479364052,0.03046602289714662,0.4,0.7333333333333333,2.533333333333333,0.33531746031746035
D04_dip12,4,dip12,20,QQQ,2,42,2025-12-30,2026-03-02,30,-0.01830706738570409,0.010793434556523547,0.0,0.1745879651960977,-0.0659124204347258,0.029100501942227637,0.4666666666666667,0.6,2.433333333333333,0.44503968253968257
D04_dip12,4,dip12,21,QQQ,8,168,2024-02-14,2024-10-14,30,0.15334174114524046,0.023706617679957822,0.03261670452392562,0.20945811666313477,-0.13722700771153945,-0.12963512346528264,0.5333333333333333,0.2,6.333333333333333,0.4011904761904762
D04_dip12,4,dip12,22,QQQ,4,84,2025-10-15,2026-02-13,30,0.0007896560047677692,0.03024252485873438,0.025613733201216404,0.14444383167373648,-0.08432859868816008,0.02945286885396661,0.5666666666666667,0.5666666666666667,4.433333333333334,0.39375
D04_dip12,4,dip12,23,QQQ,3,63,2026-01-08,2026-04-09,30,-0.0153279984002892,-0.004844086552724669,0.0005221817763736425,-0.4940260350300017,-0.083327361432541,0.010483911847564531,0.5,0.6,3.8,0.28888888888888886
D04_dip12,4,dip12,24,SOXX,5,105,2026-02-10,2026-07-13,30,0.5770255442312711,0.18591649758457474,0.10030650540390273,1.1704272822318231,-0.09980044562101655,-0.3911090466466963,0.7333333333333333,0.1,4.4,0.27976190476190477
D04_dip12,4,dip12,25,QQQ,5,105,2026-01-14,2026-06-15,30,0.20238584863226716,0.09703979243693418,0.05254850994538196,0.6979928153434397,-0.09262452322877704,-0.10534605619533298,0.6666666666666666,0.16666666666666666,5.3,0.2788888888888889
D04_dip12,4,dip12,26,QQQ,12,252,2025-01-16,2026-01-16,30,0.2169851270630765,0.09007427517964675,-0.023741274163872672,0.09136555669169182,-0.1680114582040085,-0.12691085188342974,0.43333333333333335,0.16666666666666666,10.4,0.37374338624338627
D04_dip12,4,dip12,27,SOXX,4,84,2026-03-20,2026-07-21,30,0.6629647609934404,0.164737411913593,0.10562294124968485,1.7809052467794817,-0.09418864882054603,-0.49822734907984734,0.8666666666666667,0.03333333333333333,3.466666666666667,0.2773809523809524
D04_dip12,4,dip12,28,SOXX,10,210,2023-09-12,2024-07-12,30,0.6054235196262121,0.22256713444276832,0.13412319862203848,0.9305316012680865,-0.14051510880049511,-0.3828563851834438,0.7666666666666667,0.1,8.566666666666666,0.4391666666666667
D04_dip12,4,dip12,29,QQQ,10,210,2023-11-02,2024-09-04,29,0.27426335783759614,0.08227157488344358,0.06928804097261287,0.5184978749090736,-0.15206571283698106,-0.19199178295415256,0.6206896551724138,0.1724137931034483,7.827586206896552,0.4493021346469623
D04_dip12,4,dip12,30,SOXX,11,231,2025-02-26,2026-01-27,30,0.6222676159829015,0.21021412536032916,0.06436219423808709,0.6748917256508065,-0.1952373222351898,-0.41205349062257235,0.6666666666666666,0.1,9.833333333333334,0.391017316017316
D04_dip12,4,dip12,31,SOXX,4,84,2024-11-26,2025-03-31,30,-0.12412361759187396,-0.03960167279349407,-0.044677119497464446,-0.7194473776395909,-0.12054886154396409,0.08452194479837989,0.3333333333333333,0.8333333333333334,4.333333333333333,0.303968253968254
D04_dip12,4,dip12,32,SOXX,3,63,2024-07-29,2024-10-24,29,-0.004528634488460304,-0.025736148690194187,-0.03835422778467268,-1.199794710453522,-0.07305697002488949,-0.021207514201733883,0.1724137931034483,0.2413793103448276,3.1724137931034484,0.20019157088122608
D04_dip12,4,dip12,33,SOXX,7,147,2025-09-16,2026-04-16,29,0.5731892331920965,0.32778905334651687,0.25018026529486725,1.4180096603161974,-0.16300518868285438,-0.2454001798455796,0.9310344827586207,0.1724137931034483,7.758620689655173,0.4380131362889984
D04_dip12,4,dip12,34,QQQ,4,84,2024-05-31,2024-09-30,30,0.08613665447903895,0.005910673738821378,0.00047555888329192664,0.2988919388780233,-0.11425167924929452,-0.08022598074021757,0.5,0.23333333333333334,3.8666666666666667,0.4168650793650794
D04_dip12,4,dip12,35,QQQ,9,189,2025-02-11,2025-11-10,30,0.1848421423831519,0.058190054391518406,0.016954137988906215,0.04573024659631985,-0.13857756372796554,-0.12665208799163347,0.5333333333333333,0.16666666666666666,7.7,0.38470017636684317
D04_dip12,4,dip12,36,QQQ,3,63,2025-01-14,2025-04-14,30,-0.0928917402537448,-0.030375438904984658,-0.030599153789755085,-0.6251997619360415,-0.11683845884837145,0.06251630134876014,0.23333333333333334,0.8,4.333333333333333,0.3437830687830688
D04_dip12,4,dip12,37,SOXX,10,210,2024-08-26,2025-06-27,30,0.057670134077346225,0.02046920960986516,-0.044337791522233994,-0.10297817724806585,-0.16569275775693532,-0.037200924467481064,0.4,0.26666666666666666,8.566666666666666,0.2747222222222222
D04_dip12,4,dip12,38,SOXX,12,252,2024-07-02,2025-07-03,30,-0.01969168950723721,-0.07653252280558119,-0.09839386278004458,-0.380262736523972,-0.25995894847290957,-0.05684083329834398,0.2,0.23333333333333334,11.233333333333333,0.28240740740740744
D04_dip12,4,dip12,39,QQQ,5,105,2024-09-23,2025-02-24,30,0.07798180695234325,0.08027901440352954,0.021480883223953473,0.7400698274244447,-0.10294150549973861,0.002297207451186292,0.6666666666666666,0.3333333333333333,4.5,0.45634920634920634
D04_dip12,4,dip12,40,QQQ,12,252,2025-05-13,2026-05-13,30,0.3929082039357876,0.1694561490144259,0.023107049116210088,0.2639407041225732,-0.15858798801848872,-0.22345205492136172,0.5333333333333333,0.13333333333333333,9.166666666666666,0.3436507936507936
D04_dip12,4,dip12,41,SOXX,5,105,2024-12-18,2025-05-21,29,-0.03550519039857425,-0.06460222809732583,-0.06672479371255824,-0.8450408752060391,-0.15640164645996552,-0.029097037698751577,0.1724137931034483,0.3793103448275862,5.689655172413793,0.25385878489326763
D04_dip12,4,dip12,42,QQQ,1,21,2026-06-01,2026-06-30,30,-0.007446386853765863,-0.010185115858381241,-0.007999126861246875,-1.3046540242338631,-0.0351474249723543,-0.002738729004615378,0.3,0.4666666666666667,1.6333333333333333,0.26626984126984127
D04_dip12,4,dip12,43,SOXX,5,105,2025-04-30,2025-09-29,30,0.4691356693755999,0.15054648353824612,0.12864417953885,1.1155720737433499,-0.11588806453036889,-0.3185891858373538,0.7,0.03333333333333333,3.6333333333333333,0.45563492063492056
D04_dip12,4,dip12,44,SOXX,5,105,2024-07-24,2024-12-19,29,-0.07336128139760856,0.011015410166067288,-0.0372149107166021,-0.45519196389365746,-0.11719957481286189,0.08437669156367585,0.3793103448275862,0.6551724137931034,5.896551724137931,0.28891625615763544
D04_dip12,4,dip12,45,SOXX,12,252,2024-03-06,2025-03-07,30,-0.10757477953627947,-0.08688988222308922,-0.09475546041627742,-0.2847877427052833,-0.24231265409494265,0.02068489731319026,0.26666666666666666,0.5333333333333333,12.566666666666666,0.3484788359788359
D04_dip12,4,dip12,46,SOXX,11,231,2024-02-13,2025-01-14,30,0.07418664137386521,0.04953678778749294,0.009241133757983855,0.1108658832406238,-0.22049819778554564,-0.024649853586372276,0.5333333333333333,0.3,10.9,0.3566378066378066
D04_dip12,4,dip12,47,QQQ,12,252,2025-06-12,2026-06-12,30,0.3582273667812763,0.12559550354350835,0.010332096037551142,0.24025338828821277,-0.1901035082945586,-0.23263186323776797,0.5666666666666667,0.13333333333333333,10.833333333333334,0.3824074074074074
D04_dip12,4,dip12,48,QQQ,1,21,2025-07-02,2025-07-31,30,0.025798870778167116,0.007816401292152327,0.0,-0.014073857255897722,-0.040201171426928535,-0.01798246948601479,0.4,0.26666666666666666,1.2666666666666666,0.45436507936507936
D04_dip12,4,dip12,49,QQQ,6,126,2024-03-22,2024-09-20,30,0.08250113027758665,0.006287022152852613,0.0026714971317962632,0.0050869455477932386,-0.12163731265084501,-0.07621410812473405,0.5,0.26666666666666666,6.066666666666666,0.4237433862433862
D04_dip12,4,dip12,50,QQQ,11,231,2025-04-16,2026-03-18,30,0.3441101199491847,0.1573977402058988,0.06771896216175788,0.4953048083713794,-0.12672894237695947,-0.18671237974328592,0.6333333333333333,0.16666666666666666,8.066666666666666,0.3625541125541126
D04_dip12,4,dip12,51,SOXX,12,252,2025-05-09,2026-05-11,30,1.7645869991549006,0.549546673741138,0.4098914689498627,1.2915981753129564,-0.19046561379312127,-1.2150403254137627,0.8666666666666667,0.1,10.466666666666667,0.4363095238095239
D04_dip12,4,dip12,52,QQQ,6,126,2024-07-26,2025-01-27,30,0.11403086919643934,0.014824892598487885,0.031117569337712925,0.2526286156201117,-0.11798115747083922,-0.09920597659795145,0.6666666666666666,0.13333333333333333,5.7,0.40846560846560837
D04_dip12,4,dip12,53,SOXX,9,189,2025-02-25,2025-11-21,30,0.27137754060742036,0.04838661476497695,0.042430771713707904,0.14854987988069163,-0.17609057746203785,-0.2229909258424434,0.5666666666666667,0.13333333333333333,8.633333333333333,0.35780423280423285
D04_dip12,4,dip12,54,QQQ,10,210,2025-06-10,2026-04-10,30,0.14941279936704488,0.0022950251783442305,-0.0031620869445851962,-0.10170446747413632,-0.17216537880023805,-0.14711777418870065,0.4666666666666667,0.13333333333333333,8.233333333333333,0.403015873015873
D04_dip12,4,dip12,55,QQQ,9,189,2024-03-12,2024-12-09,30,0.18252323377671842,0.06878945451412634,0.003095780575355922,0.3446521785598391,-0.14463456016076412,-0.11373377926259208,0.5,0.2,7.366666666666666,0.4226631393298061
D04_dip12,4,dip12,56,SOXX,1,21,2026-03-06,2026-04-06,30,0.06430085839175526,0.017338214531167597,0.00766380084142515,0.9298813170013278,-0.0370252057222384,-0.046962643860587655,0.6333333333333333,0.06666666666666667,1.8333333333333333,0.25992063492063494
D04_dip12,4,dip12,57,QQQ,11,231,2024-12-30,2025-12-01,30,0.20149282165868643,0.030685782190918425,-0.023171746286068218,-0.05966589045396531,-0.16200191482404236,-0.170807039467768,0.43333333333333335,0.16666666666666666,9.466666666666667,0.3521284271284271
D04_dip12,4,dip12,58,QQQ,4,84,2025-05-06,2025-09-04,30,0.19622773691571815,0.041998774959640044,0.003456257004372132,0.2883641958511168,-0.07757363459982387,-0.1542289619560781,0.5666666666666667,0.13333333333333333,2.6333333333333333,0.3702380952380952
D04_dip12,4,dip12,59,SOXX,4,84,2026-02-25,2026-06-25,30,0.7007670678766698,0.1918733585850075,0.13315089015196957,1.8870231598203302,-0.09466789003946416,-0.5088937092916622,0.8333333333333334,0.06666666666666667,4.266666666666667,0.2939484126984127
D04_dip12,4,dip12,60,SOXX,1,21,2024-12-26,2025-01-28,29,-0.04487084375145378,-0.033681144223374086,-0.02574284429216822,-1.2680878157866382,-0.07847611152644884,0.011189699528079695,0.20689655172413793,0.6896551724137931,1.6896551724137931,0.366584564860427
D04_dip12,4,dip12,61,SOXX,3,63,2024-01-26,2024-04-25,29,0.06710127075469541,0.021650645655939212,-0.02846229632561037,-0.3310316637624558,-0.08167023695924377,-0.04545062509875619,0.41379310344827586,0.2413793103448276,3.1379310344827585,0.3591954022988505
D04_dip12,4,dip12,62,SOXX,3,63,2025-06-20,2025-09-18,29,0.19111858758403377,0.11463194873242344,0.09226481153460497,1.3702237143853184,-0.11503386169112684,-0.07648663885161033,0.7241379310344828,0.3103448275862069,3.1379310344827585,0.5573344280240833
D04_dip12,4,dip12,63,QQQ,3,63,2025-10-01,2025-12-30,30,0.0281443024583361,-0.015567395138840097,-0.020419878307207706,-0.20699917270997362,-0.07829678007579047,-0.0437116975971762,0.3333333333333333,0.23333333333333334,2.8333333333333335,0.3698412698412699
D04_dip12,4,dip12,64,QQQ,2,42,2024-06-12,2024-08-12,30,-0.0465096827642848,-0.02376164096658301,-0.0311633987311159,-0.8871114181137031,-0.07598873062541685,0.02274804179770179,0.2,0.7,2.6666666666666665,0.36765873015873013
D04_dip12,4,dip12,65,SOXX,7,147,2024-03-27,2024-10-24,29,0.010917641305967063,-0.019494917486399636,-0.021004312267061787,-0.16861737707015043,-0.1760559507594651,-0.0304125587923667,0.3793103448275862,0.27586206896551724,6.931034482758621,0.35813980764719683
D04_dip12,4,dip12,66,QQQ,7,147,2024-06-18,2025-01-17,30,0.08024880165552029,0.029271540598669505,0.015600678692096914,0.33727780855679834,-0.11091402447526942,-0.050977261056850784,0.6,0.26666666666666666,5.266666666666667,0.41887755102040813
D04_dip12,4,dip12,67,SOXX,6,126,2025-02-27,2025-08-27,30,0.2288069130259598,0.09672261376379758,0.06931268648427147,0.658260900930791,-0.12858718499979827,-0.1320842992621622,0.7,0.23333333333333334,5.166666666666667,0.38485449735449734
D04_dip12,4,dip12,68,SOXX,2,42,2026-01-27,2026-03-26,30,-0.06274182234420844,0.0044215893409837006,-0.01597222974170559,-0.44889417462780234,-0.07943599387606595,0.06716341168519215,0.43333333333333335,0.8666666666666667,2.8,0.33273809523809533
D04_dip12,4,dip12,69,SOXX,8,168,2025-08-27,2026-04-28,30,0.752796897064234,0.27183156006128417,0.24412675083057933,1.0982836064669568,-0.17772945272004595,-0.48096533700294986,0.7666666666666667,0.06666666666666667,8.666666666666666,0.42688492063492056
D04_dip12,4,dip12,70,SOXX,5,105,2024-09-20,2025-02-21,29,0.005406814450626518,0.0035269958928745024,-0.026427185814373977,-0.11879906256411274,-0.11163739574527166,-0.0018798185577520157,0.3448275862068966,0.3448275862068966,4.586206896551724,0.2885057471264368
D04_dip12,4,dip12,71,SOXX,4,84,2025-09-17,2026-01-15,29,0.30628589985012833,0.13125508488116222,0.12081040554048728,1.1098812199635366,-0.14252769815082747,-0.1750308149689661,0.7241379310344828,0.20689655172413793,4.9655172413793105,0.46756978653530373
D04_dip12,4,dip12,72,QQQ,4,84,2025-06-23,2025-10-20,30,0.15160143793785608,0.061460286855874076,0.0042250296006079435,0.3918159649617753,-0.08368348255407275,-0.09014115108198201,0.5,0.2,2.966666666666667,0.4122023809523811
D04_dip12,4,dip12,73,SOXX,10,210,2023-11-28,2024-09-27,30,0.3732977081618618,0.08222458982277256,0.03967135871102756,0.3318910489995409,-0.19578891527534645,-0.2910731183390892,0.6666666666666666,0.06666666666666667,9.2,0.4021031746031747
D04_dip12,4,dip12,74,QQQ,9,189,2025-04-09,2026-01-08,30,0.33624069066151074,0.10473837020705701,0.042673938208125595,0.4262640932355299,-0.1398606181566241,-0.23150232045445374,0.5666666666666667,0.13333333333333333,5.766666666666667,0.38037918871252197
D04_dip12,4,dip12,75,QQQ,12,252,2024-12-19,2025-12-22,30,0.21234986652906018,0.03866000753227497,-0.06400632350323127,-0.12820781009306473,-0.18729327869222312,-0.1736898589967852,0.3333333333333333,0.16666666666666666,10.9,0.35912698412698413
D04_dip12,4,dip12,76,SOXX,5,105,2024-05-10,2024-10-09,29,0.07166285164062502,0.0076895055275390135,-0.018850115161963554,-0.05280845086925035,-0.1506987891697867,-0.06397334611308601,0.4482758620689655,0.3103448275862069,4.655172413793103,0.34187192118226595
D04_dip12,4,dip12,77,SOXX,8,168,2025-08-01,2026-04-01,30,0.43297225183525034,0.2122341024467387,0.19876809230966896,0.7254170213168563,-0.18099900547175665,-0.22073814938851163,0.6666666666666666,0.23333333333333334,9.1,0.4483134920634921
D04_dip12,4,dip12,78,QQQ,7,147,2025-11-12,2026-06-15,30,0.20096913413608264,0.042862616435552295,-0.0003980852597655904,0.15904011000781762,-0.12826249848523072,-0.15810651770053036,0.5,0.16666666666666666,6.833333333333333,0.3455782312925171
D04_dip12,4,dip12,79,SOXX,9,189,2023-12-14,2024-09-16,30,0.167905259845331,0.006347669954236453,-0.010584144689909092,-0.06475212148824046,-0.19758956307380066,-0.16155758989109456,0.43333333333333335,0.1,9.066666666666666,0.42843915343915334
D04_dip12,4,dip12,80,QQQ,6,126,2024-01-19,2024-07-19,30,0.1316414541629214,0.06961309389434388,0.03828579571022017,0.37933559946991213,-0.10084968573401429,-0.06202836026857751,0.6,0.23333333333333334,5.033333333333333,0.4084656084656084
D04_dip12,4,dip12,81,QQQ,1,21,2024-11-13,2024-12-12,30,0.02781855470047412,0.028146937556028262,0.0,0.419033972506378,-0.027904899561169625,0.0003283828555541435,0.43333333333333335,0.23333333333333334,1.1,0.3900793650793651
D04_dip12,4,dip12,82,SOXX,10,210,2024-06-21,2025-04-23,30,-0.3034388425007686,-0.15092763538853332,-0.15659659079556165,-0.8253153092284617,-0.2569526149903377,0.15251120711223526,0.16666666666666666,0.8666666666666667,11.166666666666666,0.27892857142857147
D04_dip12,4,dip12,83,QQQ,11,231,2024-05-24,2025-04-28,30,0.03788093693594541,0.02872305437077658,-0.024453257601004863,-0.08627811560858233,-0.18311251389796604,-0.009157882565168828,0.4666666666666667,0.43333333333333335,10.3,0.3888167388167388
D04_dip12,4,dip12,84,SOXX,4,84,2025-03-26,2025-07-25,29,0.2196761364203743,0.07428210253249984,0.026671077709327973,0.20023060113083654,-0.09490779278217758,-0.14539403388787447,0.5172413793103449,0.1724137931034483,2.8620689655172415,0.3538587848932676
D04_dip12,4,dip12,85,SOXX,3,63,2024-01-12,2024-04-12,29,0.17490173722683933,0.07536644738238557,0.021615990399899587,0.7167076576329253,-0.08407694665453155,-0.09953528984445376,0.7241379310344828,0.20689655172413793,2.9655172413793105,0.43295019157088127
D04_dip12,4,dip12,86,QQQ,4,84,2025-08-13,2025-12-10,30,0.08270584442079376,0.0323112829303415,-0.015803048473293835,-0.3806444629244796,-0.07435234583268335,-0.05039456149045226,0.36666666666666664,0.16666666666666666,3.466666666666667,0.33581349206349204
D04_dip12,4,dip12,87,QQQ,9,189,2025-08-12,2026-05-12,30,0.2238015104269533,0.09332930651206241,-0.0044169338774711076,0.041740573960817325,-0.13482293985431143,-0.1304722039148909,0.4666666666666667,0.23333333333333334,8.066666666666666,0.32350088183421516
D04_dip12,4,dip12,88,QQQ,3,63,2023-09-06,2023-12-04,30,0.0323937441740032,-0.00923746224663553,-0.021874429271917295,-0.23568483121139341,-0.08368897886019497,-0.041631206420638736,0.3333333333333333,0.13333333333333333,2.933333333333333,0.4161375661375661
D04_dip12,4,dip12,89,QQQ,6,126,2024-03-08,2024-09-06,30,0.02500440115388769,-0.03189057809673392,-0.014744633017166164,-0.2582425499465074,-0.1371100539640855,-0.05689497925062161,0.4,0.3,5.566666666666666,0.36726190476190473
D04_dip12,4,dip12,90,SOXX,4,84,2024-02-09,2024-06-10,29,0.16166402534839164,0.043945039014252736,0.05705032502429752,0.5814735607874915,-0.09919273333453672,-0.11771898633413891,0.7586206896551724,0.10344827586206896,4.103448275862069,0.41635878489326766
D04_dip12,4,dip12,91,QQQ,6,126,2024-12-26,2025-06-30,30,0.04434132972322158,0.0454871678719561,-0.013199788754278463,0.050586285055917085,-0.14605650324364167,0.001145838148734521,0.4666666666666667,0.36666666666666664,6.6,0.3506613756613757
D04_dip12,4,dip12,92,QQQ,2,42,2024-07-11,2024-09-09,30,-0.0761694342464847,-0.05253659192961622,-0.032921749868328964,-1.5908765368967959,-0.07858962844563375,0.023632842316868484,0.06666666666666667,0.7666666666666667,2.566666666666667,0.2938492063492063
D04_dip12,4,dip12,93,QQQ,8,168,2025-09-04,2026-05-05,30,0.18933459993954838,0.09490210426509406,-0.00514499625458692,0.24737938771451537,-0.14321923885933874,-0.09443249567445432,0.5,0.2,7.433333333333334,0.3766369047619048
D04_dip12,4,dip12,94,QQQ,11,231,2023-08-28,2024-07-29,29,0.27358869545907205,0.01744992272272517,0.006639232340353685,0.1969583700306224,-0.13810543521610877,-0.2561387727363469,0.5517241379310345,0.0,7.896551724137931,0.4259964173757277
D04_dip12,4,dip12,95,SOXX,2,42,2024-10-18,2024-12-17,29,-0.02239739013513642,-0.005092278663736026,-0.019449504014269037,-0.6674015457683184,-0.0755387711787579,0.017305111471400392,0.3793103448275862,0.5517241379310345,2.7586206896551726,0.28776683087027916
D04_dip12,4,dip12,96,QQQ,9,189,2024-06-04,2025-03-06,30,0.07941245707007138,-0.039946807026592694,-0.02504396308892315,-0.06894369049457189,-0.17695435475464275,-0.11935926409666409,0.36666666666666664,0.13333333333333333,8.333333333333334,0.3583774250440917
D04_dip12,4,dip12,97,SOXX,5,105,2025-12-31,2026-06-02,30,1.0102699251297969,0.3460889231227975,0.3357473582891384,2.1455350220192764,-0.1100142596425466,-0.6641810020069994,0.9333333333333333,0.03333333333333333,5.166666666666667,0.37023809523809514
D04_dip12,4,dip12,98,QQQ,4,84,2025-02-28,2025-06-30,30,0.08838217445442198,0.027974129918884774,0.011812541099592733,0.06269869569645783,-0.08309107906269532,-0.060408044535537206,0.6,0.16666666666666666,3.6,0.29246031746031753
D04_dip12,4,dip12,99,SOXX,2,42,2026-05-13,2026-07-14,30,0.07552608567751218,0.004012410898274699,-0.0048483352438515315,-0.041138074257359124,-0.07360548031819934,-0.07151367477923748,0.4666666666666667,0.06666666666666667,1.9,0.253968253968254
D05_deep15,5,deep_dip15,0,SOXX,4,84,2025-01-15,2025-05-15,29,-0.04268271797372991,-0.05007448118295194,-0.03998092236297934,-0.7520286716675462,-0.1278822178439713,-0.007391763209222031,0.1724137931034483,0.5172413793103449,4.0,0.1824712643678161
D05_deep15,5,deep_dip15,1,SOXX,4,84,2025-11-26,2026-03-30,29,0.0653592129111733,0.16134711351872735,0.08498997312186973,0.8776779043588206,-0.10966108309589896,0.09598790060755405,0.7241379310344828,0.5862068965517241,4.137931034482759,0.42744252873563215
D05_deep15,5,deep_dip15,2,SOXX,12,252,2024-06-12,2025-06-13,30,-0.11229341109132818,-0.1047996858600919,-0.16183674832677802,-0.43753622355690175,-0.2557561706480768,0.007493725231236273,0.23333333333333334,0.43333333333333335,12.233333333333333,0.2978174603174603
D05_deep15,5,deep_dip15,3,QQQ,1,21,2026-01-13,2026-02-11,30,-0.02096638715391519,-0.0038661253151072235,0.0,-0.8834946316480058,-0.061468168704907004,0.017100261838807966,0.36666666666666664,0.6,2.0,0.4420634920634921
D05_deep15,5,deep_dip15,4,QQQ,8,168,2025-02-28,2025-10-28,30,0.2501946769916814,0.07308090516086026,0.020514016903160126,0.2051374750197626,-0.14202609698736826,-0.17711377183082117,0.5333333333333333,0.2,5.966666666666667,0.3517361111111111
D05_deep15,5,deep_dip15,5,SOXX,3,63,2025-03-10,2025-06-06,29,0.11931802402050695,0.0077019348901419486,0.0,-0.11703860436259682,-0.05393278849759007,-0.111616089130365,0.41379310344827586,0.06896551724137931,2.413793103448276,0.15886699507389165
D05_deep15,5,deep_dip15,6,SOXX,12,252,2024-10-18,2025-10-21,30,0.2792904450054976,0.08466990404669074,0.06065896858664843,0.19307965439287264,-0.2005398876680764,-0.19462054095880688,0.5666666666666667,0.23333333333333334,10.066666666666666,0.3662037037037037
D05_deep15,5,deep_dip15,7,SOXX,5,105,2024-08-02,2024-12-31,30,0.0461545872289324,-0.007601335618971258,-0.03273941509968614,-0.3897573998941983,-0.11732939278469248,-0.053755922847903655,0.3,0.23333333333333334,4.933333333333334,0.26
D05_deep15,5,deep_dip15,8,SOXX,11,231,2024-01-29,2024-12-26,30,0.11728604186347558,-0.0067764514404725345,-0.04346611691688784,-0.09429191528393151,-0.24121196429192085,-0.12406249330394811,0.4,0.16666666666666666,10.966666666666667,0.3440476190476191
D05_deep15,5,deep_dip15,9,QQQ,7,147,2025-12-22,2026-07-24,30,0.10761391047221691,0.0670270102336009,0.025746530020695158,0.21124994520674018,-0.13477697423087218,-0.04058690023861601,0.5333333333333333,0.3333333333333333,6.533333333333333,0.33316326530612245
D05_deep15,5,deep_dip15,10,SOXX,11,231,2025-04-30,2026-03-31,30,0.7991727370086741,0.33115255892962414,0.2859081182329748,1.0243612692612118,-0.18039601309792258,-0.46802017807904994,0.8333333333333334,0.1,9.0,0.4158008658008658
D05_deep15,5,deep_dip15,11,SOXX,7,147,2023-12-07,2024-07-10,30,0.5448433677075268,0.1839765671576221,0.1493181042038375,1.0073459224926307,-0.13600841367928573,-0.3608668005499047,0.7666666666666667,0.06666666666666667,5.833333333333333,0.4246031746031746
D05_deep15,5,deep_dip15,12,QQQ,11,231,2024-03-27,2025-02-27,30,0.12982124242441295,0.07942878246517214,0.012483211337129374,0.254524145196705,-0.16101166960866956,-0.05039245995924081,0.5333333333333333,0.36666666666666664,8.833333333333334,0.3902236652236653
D05_deep15,5,deep_dip15,13,QQQ,10,210,2024-09-30,2025-08-01,30,0.1396408202388819,0.057934752417101235,0.043911967751536385,0.23133088832979318,-0.15164635539301427,-0.08170606782178068,0.5666666666666667,0.23333333333333334,7.9,0.36214285714285716
D05_deep15,5,deep_dip15,14,QQQ,9,189,2025-02-11,2025-11-10,30,0.1848421423831519,0.02693203286861186,-0.009363455991530989,0.04089041066122104,-0.1653552974530638,-0.15791010951454001,0.4666666666666667,0.16666666666666666,7.4,0.3843474426807761
D05_deep15,5,deep_dip15,15,SOXX,2,42,2023-11-10,2024-01-11,29,0.13378672181991424,0.08378892611573777,0.06653518486945686,1.8637599080545975,-0.06042481431936966,-0.04999779570417648,0.8275862068965517,0.2413793103448276,1.3103448275862069,0.539408866995074
D05_deep15,5,deep_dip15,16,QQQ,8,168,2025-04-17,2025-12-16,30,0.3806506610687259,0.07627267947012337,-0.01770506091108537,0.1373116269947488,-0.1115462976972354,-0.3043779815986025,0.4,0.1,5.133333333333334,0.30094246031746036
D05_deep15,5,deep_dip15,17,QQQ,3,63,2023-10-12,2024-01-11,29,0.10935424408522043,0.04629141696147368,0.030396538252490668,0.8008168427107267,-0.06530559872369261,-0.06306282712374675,0.5862068965517241,0.27586206896551724,2.206896551724138,0.4241926655719759
D05_deep15,5,deep_dip15,18,SOXX,7,147,2025-06-02,2025-12-30,29,0.4742072430583639,0.13664750861282343,0.05922479025934657,0.6724336968638643,-0.17204652441307597,-0.3375597344455405,0.6551724137931034,0.10344827586206896,6.896551724137931,0.4872155758855266
D05_deep15,5,deep_dip15,19,QQQ,2,42,2026-01-20,2026-03-19,30,-0.024734412068352585,0.0019110166631787994,-0.0052641892744703656,-0.14824782887155663,-0.059778820394114945,0.026645428731531383,0.36666666666666664,0.7333333333333333,2.5,0.33174603174603173
D05_deep15,5,deep_dip15,20,QQQ,2,42,2025-12-30,2026-03-02,30,-0.01830706738570409,0.00839372346856821,0.0,0.12738479148962042,-0.0662898240980671,0.0267007908542723,0.4666666666666667,0.6,2.4,0.4418650793650794
D05_deep15,5,deep_dip15,21,QQQ,8,168,2024-02-14,2024-10-14,30,0.15334174114524046,0.028941661564167512,0.028758142317124036,0.26356579416064196,-0.1385266731724085,-0.12440007958107295,0.5666666666666667,0.23333333333333334,5.9,0.39236111111111105
D05_deep15,5,deep_dip15,22,QQQ,4,84,2025-10-15,2026-02-13,30,0.0007896560047677692,0.02466599646277737,0.02223155688730416,0.0654440286481497,-0.08367693583065246,0.023876340458009602,0.5666666666666667,0.5666666666666667,4.066666666666666,0.3813492063492063
D05_deep15,5,deep_dip15,23,QQQ,3,63,2026-01-08,2026-04-09,30,-0.0153279984002892,-0.013061135797092812,-0.013960514611108643,-0.6642526205536675,-0.08373440308390132,0.0022668626031963884,0.4,0.5333333333333333,3.466666666666667,0.26653439153439157
D05_deep15,5,deep_dip15,24,SOXX,5,105,2026-02-10,2026-07-13,30,0.5770255442312711,0.1989497715621237,0.13049339346957767,1.365984701599562,-0.09991018957050864,-0.3780757726691474,0.8333333333333334,0.1,4.1,0.2776190476190476
D05_deep15,5,deep_dip15,25,QQQ,5,105,2026-01-14,2026-06-15,30,0.20238584863226716,0.07553274622761569,0.04412210812561679,0.5779970287949296,-0.09365959636857453,-0.12685310240465147,0.5666666666666667,0.13333333333333333,5.033333333333333,0.25317460317460316
D05_deep15,5,deep_dip15,26,QQQ,12,252,2025-01-16,2026-01-16,30,0.2169851270630765,0.0887773774039266,-0.037654703301105596,0.11158079883023261,-0.16655113597885032,-0.12820774965914988,0.4,0.16666666666666666,9.7,0.3532738095238095
D05_deep15,5,deep_dip15,27,SOXX,4,84,2026-03-20,2026-07-21,30,0.6629647609934404,0.17129052620227947,0.11837383989404882,1.864621861129252,-0.09357678318856898,-0.4916742347911609,0.8666666666666667,0.0,3.3333333333333335,0.27033730158730157
D05_deep15,5,deep_dip15,28,SOXX,10,210,2023-09-12,2024-07-12,30,0.6054235196262121,0.2057744556097996,0.12127013699167066,0.8713912536127724,-0.14324322777312143,-0.39964906401641254,0.7333333333333333,0.1,7.9,0.41746031746031753
D05_deep15,5,deep_dip15,29,QQQ,10,210,2023-11-02,2024-09-04,29,0.27426335783759614,0.07083766971120863,0.06543220869029964,0.4699590081717493,-0.1507388365713494,-0.2034256881263875,0.6206896551724138,0.13793103448275862,7.310344827586207,0.4278325123152709
D05_deep15,5,deep_dip15,30,SOXX,11,231,2025-02-26,2026-01-27,30,0.6222676159829015,0.21142295289775723,0.10382904639310009,0.6947070254667544,-0.1980733147910087,-0.4108446630851442,0.7,0.1,9.3,0.3843795093795094
D05_deep15,5,deep_dip15,31,SOXX,4,84,2024-11-26,2025-03-31,30,-0.12412361759187396,-0.04019762715450319,-0.04602513582288331,-0.7716511266297751,-0.1219709722056688,0.08392599043737077,0.26666666666666666,0.8666666666666667,4.1,0.29007936507936505
D05_deep15,5,deep_dip15,32,SOXX,3,63,2024-07-29,2024-10-24,29,-0.004528634488460304,-0.028711011036975532,-0.04119893323919066,-1.3167308096341932,-0.07416917321673519,-0.024182376548515228,0.1724137931034483,0.27586206896551724,3.103448275862069,0.19088669950738915
D05_deep15,5,deep_dip15,33,SOXX,7,147,2025-09-16,2026-04-16,29,0.5731892331920965,0.34269262891910873,0.2588299154392435,1.464343693532198,-0.15953346071619876,-0.23049660427298774,0.9310344827586207,0.1724137931034483,7.517241379310345,0.42587379779498014
D05_deep15,5,deep_dip15,34,QQQ,4,84,2024-05-31,2024-09-30,30,0.08613665447903895,0.004147549104056318,-0.0006596343538151084,0.24302384366943974,-0.11101683176573603,-0.08198910537498263,0.43333333333333335,0.23333333333333334,3.6666666666666665,0.39434523809523814
D05_deep15,5,deep_dip15,35,QQQ,9,189,2025-02-11,2025-11-10,30,0.1848421423831519,0.057756098037242166,0.01719378176909936,0.08195311690744124,-0.13741346490427633,-0.12708604434590973,0.5333333333333333,0.13333333333333333,7.2,0.3695767195767196
D05_deep15,5,deep_dip15,36,QQQ,3,63,2025-01-14,2025-04-14,30,-0.0928917402537448,-0.03483539831267871,-0.036999922639685046,-0.733667575105318,-0.11531300171502404,0.05805634194106609,0.26666666666666666,0.8,3.966666666666667,0.3247354497354497
D05_deep15,5,deep_dip15,37,SOXX,10,210,2024-08-26,2025-06-27,30,0.057670134077346225,0.030726350847373837,-0.03601791358013917,-0.013627670072391648,-0.1610700109852586,-0.026943783229972387,0.43333333333333335,0.36666666666666664,8.033333333333333,0.26865079365079364
D05_deep15,5,deep_dip15,38,SOXX,12,252,2024-07-02,2025-07-03,30,-0.01969168950723721,-0.06925515996813043,-0.10675577916910922,-0.31002763800950744,-0.25010055747119003,-0.049563470460893225,0.26666666666666666,0.3,10.666666666666666,0.2811507936507936
D05_deep15,5,deep_dip15,39,QQQ,5,105,2024-09-23,2025-02-24,30,0.07798180695234325,0.07606451531576815,0.03040208798633537,0.7380575308235258,-0.10447404185702026,-0.0019172916365750997,0.6666666666666666,0.36666666666666664,4.2,0.4413492063492063
D05_deep15,5,deep_dip15,40,QQQ,12,252,2025-05-13,2026-05-13,30,0.3929082039357876,0.17643851737064847,0.022148758685773484,0.31125256066933277,-0.15620310305790303,-0.21646968656513915,0.5333333333333333,0.13333333333333333,9.066666666666666,0.3414021164021163
D05_deep15,5,deep_dip15,41,SOXX,5,105,2024-12-18,2025-05-21,29,-0.03550519039857425,-0.05555154422565949,-0.03663765035534017,-0.5873234663470983,-0.15283248469156283,-0.020046353827085243,0.20689655172413793,0.4827586206896552,5.275862068965517,0.24901477832512314
D05_deep15,5,deep_dip15,42,QQQ,1,21,2026-06-01,2026-06-30,30,-0.007446386853765863,-0.008540301831876781,-0.008622616435346564,-1.1244989823545657,-0.030905712594451722,-0.0010939149781109183,0.2,0.4666666666666667,1.4,0.21587301587301588
D05_deep15,5,deep_dip15,43,SOXX,5,105,2025-04-30,2025-09-29,30,0.4691356693755999,0.1494338168729462,0.13094112094013488,1.1587145476078422,-0.11665574141276976,-0.3197018525026537,0.7333333333333333,0.06666666666666667,3.3666666666666667,0.45984126984126983
D05_deep15,5,deep_dip15,44,SOXX,5,105,2024-07-24,2024-12-19,29,-0.07336128139760856,0.009849166338400675,-0.03182781907681087,-0.39564770476060773,-0.11522111170843187,0.08321044773600923,0.3793103448275862,0.6551724137931034,5.724137931034483,0.29154351395730704
D05_deep15,5,deep_dip15,45,SOXX,12,252,2024-03-06,2025-03-07,30,-0.10757477953627947,-0.08009899815023849,-0.09617153032711145,-0.255234245261645,-0.24175472017974842,0.02747578138604098,0.3,0.6,12.066666666666666,0.33869047619047615
D05_deep15,5,deep_dip15,46,SOXX,11,231,2024-02-13,2025-01-14,30,0.07418664137386521,0.03300518151500143,-0.008103424638981171,0.06131594402444811,-0.22149865174107178,-0.04118145985886378,0.43333333333333335,0.26666666666666666,10.266666666666667,0.3406926406926407
D05_deep15,5,deep_dip15,47,QQQ,12,252,2025-06-12,2026-06-12,30,0.3582273667812763,0.1358034490337192,0.012720508785373341,0.2717838147661738,-0.18748822240422303,-0.22242391774755713,0.6,0.13333333333333333,10.266666666666667,0.3772486772486773
D05_deep15,5,deep_dip15,48,QQQ,1,21,2025-07-02,2025-07-31,30,0.025798870778167116,0.006983060593572695,0.0,-0.22315725734993183,-0.039486322651282414,-0.018815810184594422,0.36666666666666664,0.26666666666666666,1.1,0.4404761904761905
D05_deep15,5,deep_dip15,49,QQQ,6,126,2024-03-22,2024-09-20,30,0.08250113027758665,0.009588688469336788,0.0006813085651701245,-0.007642120732452444,-0.12022802777648467,-0.07291244180824986,0.5,0.23333333333333334,5.3,0.3945767195767196
D05_deep15,5,deep_dip15,50,QQQ,11,231,2025-04-16,2026-03-18,30,0.3441101199491847,0.15684515702036733,0.060337318138230955,0.5015256908468417,-0.12742556012712056,-0.1872649629288174,0.6,0.16666666666666666,7.533333333333333,0.3522005772005772
D05_deep15,5,deep_dip15,51,SOXX,12,252,2025-05-09,2026-05-11,30,1.7645869991549006,0.5672235494585688,0.4185997784856328,1.3749892358786417,-0.18672056516233482,-1.197363449696332,0.9333333333333333,0.06666666666666667,10.066666666666666,0.43191137566137566
D05_deep15,5,deep_dip15,52,QQQ,6,126,2024-07-26,2025-01-27,30,0.11403086919643934,0.017924057580625784,0.031543969326962684,0.31567441599252305,-0.1159046376132407,-0.09610681161581355,0.6666666666666666,0.13333333333333333,5.366666666666666,0.3949074074074074
D05_deep15,5,deep_dip15,53,SOXX,9,189,2025-02-25,2025-11-21,30,0.27137754060742036,0.0455053630625812,0.027256164136395422,0.1516326427926032,-0.1778186191893793,-0.22587217754483918,0.6,0.13333333333333333,8.033333333333333,0.3501322751322752
D05_deep15,5,deep_dip15,54,QQQ,10,210,2025-06-10,2026-04-10,30,0.14941279936704488,0.001573644021206096,0.0038878302300110468,-0.09338141565901298,-0.17298765205964528,-0.14783915534583877,0.5333333333333333,0.1,7.866666666666666,0.38900793650793647
D05_deep15,5,deep_dip15,55,QQQ,9,189,2024-03-12,2024-12-09,30,0.18252323377671842,0.05855012800257427,0.0028397190297711483,0.274948709361536,-0.1453285507137747,-0.12397310577414415,0.5,0.2,7.066666666666666,0.40551146384479714
D05_deep15,5,deep_dip15,56,SOXX,1,21,2026-03-06,2026-04-06,30,0.06430085839175526,0.021626340496428163,0.013302882464346188,1.194176948393879,-0.039214286541850024,-0.04267451789532709,0.6,0.1,1.7333333333333334,0.2623015873015873
D05_deep15,5,deep_dip15,57,QQQ,11,231,2024-12-30,2025-12-01,30,0.20149282165868643,0.03480832923134122,-0.037953750630418115,-0.055561123449197065,-0.16067940959030647,-0.1666844924273452,0.4,0.16666666666666666,8.866666666666667,0.33694083694083693
D05_deep15,5,deep_dip15,58,QQQ,4,84,2025-05-06,2025-09-04,30,0.19622773691571815,0.04097106356381633,0.007581299251631424,0.4316280511355456,-0.07721837357285176,-0.15525667335190182,0.5333333333333333,0.1,2.566666666666667,0.3548611111111111
D05_deep15,5,deep_dip15,59,SOXX,4,84,2026-02-25,2026-06-25,30,0.7007670678766698,0.2142633643976581,0.1453137469064535,2.264243081587121,-0.09233869513837971,-0.4865037034790116,0.9,0.06666666666666667,3.8333333333333335,0.29980158730158724
D05_deep15,5,deep_dip15,60,SOXX,1,21,2024-12-26,2025-01-28,29,-0.04487084375145378,-0.03201095834087972,-0.01639687379346577,-0.9313025805786702,-0.07481788350455552,0.012859885410574062,0.2413793103448276,0.6896551724137931,1.6551724137931034,0.35591133004926107
D05_deep15,5,deep_dip15,61,SOXX,3,63,2024-01-26,2024-04-25,29,0.06710127075469541,0.020593626850782216,-0.017432247280917412,-0.33820382269362026,-0.08163628713184273,-0.046507643903913196,0.4482758620689655,0.20689655172413793,2.7586206896551726,0.3240284619594964
D05_deep15,5,deep_dip15,62,SOXX,3,63,2025-06-20,2025-09-18,29,0.19111858758403377,0.10725762509639057,0.06877259690515825,1.3574233085339709,-0.11641024471673016,-0.0838609624876432,0.7586206896551724,0.27586206896551724,2.8620689655172415,0.5528188286808976
D05_deep15,5,deep_dip15,63,QQQ,3,63,2025-10-01,2025-12-30,30,0.0281443024583361,-0.015743313215563944,-0.017971656715545403,-0.17805798703638817,-0.07737282266979396,-0.043887615673900045,0.3333333333333333,0.23333333333333334,2.6333333333333333,0.3605820105820106
D05_deep15,5,deep_dip15,64,QQQ,2,42,2024-06-12,2024-08-12,30,-0.0465096827642848,-0.025992480757355014,-0.027892790175095994,-0.7794788087830952,-0.07336163747940035,0.020517202006929785,0.23333333333333334,0.6666666666666666,2.433333333333333,0.3331349206349206
D05_deep15,5,deep_dip15,65,SOXX,7,147,2024-03-27,2024-10-24,29,0.010917641305967063,-0.019141591530931715,-0.024514462332565712,-0.14398590927509067,-0.1759838458096363,-0.030059232836898778,0.3793103448275862,0.3103448275862069,6.482758620689655,0.3446516537649542
D05_deep15,5,deep_dip15,66,QQQ,7,147,2024-06-18,2025-01-17,30,0.08024880165552029,0.03427299418983208,0.025957931935326584,0.4153680797593062,-0.1074404636552378,-0.045975807465688204,0.5666666666666667,0.26666666666666666,5.066666666666666,0.40799319727891153
D05_deep15,5,deep_dip15,67,SOXX,6,126,2025-02-27,2025-08-27,30,0.2288069130259598,0.09276238098750283,0.05481702424826418,0.6139265170909489,-0.12568967128292707,-0.13604453203845696,0.6666666666666666,0.23333333333333334,4.766666666666667,0.37559523809523804
D05_deep15,5,deep_dip15,68,SOXX,2,42,2026-01-27,2026-03-26,30,-0.06274182234420844,0.011536208428073576,-0.003625846740999805,-0.12798015026251133,-0.07732647245810291,0.07427803077228201,0.5,0.8666666666666667,2.6,0.32996031746031745
D05_deep15,5,deep_dip15,69,SOXX,8,168,2025-08-27,2026-04-28,30,0.752796897064234,0.271598853331809,0.21239510771795767,1.1431830857590648,-0.17572781970469487,-0.48119804373242503,0.8333333333333334,0.06666666666666667,8.2,0.41810515873015874
D05_deep15,5,deep_dip15,70,SOXX,5,105,2024-09-20,2025-02-21,29,0.005406814450626518,0.01905819513325596,-0.018614172412314,0.06650194142208024,-0.10899801141146138,0.01365138068262944,0.3793103448275862,0.3793103448275862,4.551724137931035,0.29006568144499184
D05_deep15,5,deep_dip15,71,SOXX,4,84,2025-09-17,2026-01-15,29,0.30628589985012833,0.12738739877125443,0.12081040554048772,1.0678994367846097,-0.14360013368252594,-0.1788985010788739,0.6896551724137931,0.20689655172413793,4.896551724137931,0.4508415435139573
D05_deep15,5,deep_dip15,72,QQQ,4,84,2025-06-23,2025-10-20,30,0.15160143793785608,0.06223106962104092,0.007799257716816443,0.4379093332166164,-0.08240233724044252,-0.08937036831681516,0.5,0.2,2.8,0.3916666666666667
D05_deep15,5,deep_dip15,73,SOXX,10,210,2023-11-28,2024-09-27,30,0.3732977081618618,0.08540853529214425,0.0634019004750056,0.34641928861732385,-0.1981410600522185,-0.28788917286971755,0.6666666666666666,0.06666666666666667,8.933333333333334,0.3868253968253968
D05_deep15,5,deep_dip15,74,QQQ,9,189,2025-04-09,2026-01-08,30,0.33624069066151074,0.11015902078221948,0.046162693282691625,0.5052443662742379,-0.1401686513748941,-0.22608166987929126,0.5666666666666667,0.13333333333333333,5.666666666666667,0.3789241622574956
D05_deep15,5,deep_dip15,75,QQQ,12,252,2024-12-19,2025-12-22,30,0.21234986652906018,0.04393764020449697,-0.04773223580039054,-0.07849024427301665,-0.18207744723446365,-0.1684122263245632,0.3333333333333333,0.13333333333333333,10.133333333333333,0.3439814814814815
D05_deep15,5,deep_dip15,76,SOXX,5,105,2024-05-10,2024-10-09,29,0.07166285164062502,0.006572106247107299,-0.006537177748878631,-0.027192683255627625,-0.1470696654794535,-0.06509074539351772,0.4827586206896552,0.3103448275862069,4.551724137931035,0.32914614121510677
D05_deep15,5,deep_dip15,77,SOXX,8,168,2025-08-01,2026-04-01,30,0.43297225183525034,0.21855589246810564,0.229440656795448,0.7364876505003892,-0.17909140418873198,-0.2144163593671447,0.6666666666666666,0.26666666666666666,8.533333333333333,0.43650793650793657
D05_deep15,5,deep_dip15,78,QQQ,7,147,2025-11-12,2026-06-15,30,0.20096913413608264,0.034688748099268155,-0.0005881467420183473,0.10490849278361392,-0.13044083671823767,-0.1662803860368145,0.5,0.16666666666666666,6.6,0.3353174603174604
D05_deep15,5,deep_dip15,79,SOXX,9,189,2023-12-14,2024-09-16,30,0.167905259845331,0.0037233306495460714,-0.029927514540861566,-0.08583892298372375,-0.1992972044298263,-0.16418192919578492,0.4,0.1,8.666666666666666,0.41168430335097
D05_deep15,5,deep_dip15,80,QQQ,6,126,2024-01-19,2024-07-19,30,0.1316414541629214,0.06585015404256032,0.0365925629562065,0.3136515410238664,-0.10096671905134066,-0.06579130012036107,0.5666666666666667,0.23333333333333334,4.533333333333333,0.3879629629629629
D05_deep15,5,deep_dip15,81,QQQ,1,21,2024-11-13,2024-12-12,30,0.02781855470047412,0.029076849592318384,0.0,0.6862195791453843,-0.02740940038029224,0.0012582948918442652,0.4666666666666667,0.23333333333333334,1.1,0.3845238095238095
D05_deep15,5,deep_dip15,82,SOXX,10,210,2024-06-21,2025-04-23,30,-0.3034388425007686,-0.14278389149461068,-0.131466452311789,-0.7542694637251279,-0.24759490754347566,0.1606549510061579,0.16666666666666666,0.8666666666666667,10.466666666666667,0.2736507936507937
D05_deep15,5,deep_dip15,83,QQQ,11,231,2024-05-24,2025-04-28,30,0.03788093693594541,0.03223302189934108,-0.0063709691622908515,-0.033830701713396256,-0.18194445046488802,-0.005647915036604327,0.4666666666666667,0.43333333333333335,9.7,0.3739538239538239
D05_deep15,5,deep_dip15,84,SOXX,4,84,2025-03-26,2025-07-25,29,0.2196761364203743,0.07048574608734852,0.026671077709327307,0.3389150418364111,-0.09538216547526805,-0.14919039033302578,0.5862068965517241,0.1724137931034483,2.896551724137931,0.3563218390804597
D05_deep15,5,deep_dip15,85,SOXX,3,63,2024-01-12,2024-04-12,29,0.17490173722683933,0.06669871187648269,0.00949069004390335,0.4038187896603087,-0.08589805243749814,-0.10820302535035664,0.5862068965517241,0.20689655172413793,2.793103448275862,0.3880678708264915
D05_deep15,5,deep_dip15,86,QQQ,4,84,2025-08-13,2025-12-10,30,0.08270584442079376,0.029876888674115833,-0.020069189357505124,-0.46800858987902444,-0.0751902228059692,-0.052828955746677925,0.36666666666666664,0.16666666666666666,3.2333333333333334,0.3282738095238095
D05_deep15,5,deep_dip15,87,QQQ,9,189,2025-08-12,2026-05-12,30,0.2238015104269533,0.09315267109412091,-0.005910044053670571,0.06623050896925066,-0.13567413453486019,-0.1306488393328324,0.43333333333333335,0.23333333333333334,7.6,0.3134479717813052
D05_deep15,5,deep_dip15,88,QQQ,3,63,2023-09-06,2023-12-04,30,0.0323937441740032,-0.012908041911640234,-0.02063343711567578,-0.49722342133554615,-0.08336946933784613,-0.04530178608564343,0.3,0.1,2.7333333333333334,0.3973544973544973
D05_deep15,5,deep_dip15,89,QQQ,6,126,2024-03-08,2024-09-06,30,0.02500440115388769,-0.028177099694690736,-0.019883270068765113,-0.2324563631072492,-0.1352759484814751,-0.05318150084857842,0.4,0.3,5.366666666666666,0.3632275132275132
D05_deep15,5,deep_dip15,90,SOXX,4,84,2024-02-09,2024-06-10,29,0.16166402534839164,0.04251350658990102,0.03671150038846638,0.6749184243651077,-0.09799446538192377,-0.11915051875849061,0.6896551724137931,0.10344827586206896,3.6551724137931036,0.38762315270935954
D05_deep15,5,deep_dip15,91,QQQ,6,126,2024-12-26,2025-06-30,30,0.04434132972322158,0.060830106970886165,0.018468989879572573,0.32716456643546077,-0.14015966272280245,0.016488777247664586,0.6,0.4,5.966666666666667,0.34755291005291006
D05_deep15,5,deep_dip15,92,QQQ,2,42,2024-07-11,2024-09-09,30,-0.0761694342464847,-0.049003571310279125,-0.032680833227290706,-1.3240566505796134,-0.0769596114683515,0.027165862936205577,0.13333333333333333,0.7666666666666667,2.466666666666667,0.2773809523809524
D05_deep15,5,deep_dip15,93,QQQ,8,168,2025-09-04,2026-05-05,30,0.18933459993954838,0.09591000804551085,-0.013812596682691192,0.25824527261916935,-0.1438148004544114,-0.09342459189403753,0.4666666666666667,0.2,7.233333333333333,0.36607142857142866
D05_deep15,5,deep_dip15,94,QQQ,11,231,2023-08-28,2024-07-29,29,0.27358869545907205,0.017169017563231265,0.023895263250511167,0.1762770480142476,-0.13478272793553953,-0.2564196778958408,0.5862068965517241,0.0,7.344827586206897,0.4008434094640991
D05_deep15,5,deep_dip15,95,SOXX,2,42,2024-10-18,2024-12-17,29,-0.02239739013513642,0.001469438591531254,-0.006624927262110503,-0.3025705877651178,-0.0738337440063867,0.023866828726667674,0.4482758620689655,0.6206896551724138,2.7241379310344827,0.30151888341543515
D05_deep15,5,deep_dip15,96,QQQ,9,189,2024-06-04,2025-03-06,30,0.07941245707007138,-0.03661107747215612,-0.02108948564216845,-0.08669322006297302,-0.17551055059590032,-0.1160235345422275,0.43333333333333335,0.13333333333333333,7.733333333333333,0.34391534391534395
D05_deep15,5,deep_dip15,97,SOXX,5,105,2025-12-31,2026-06-02,30,1.0102699251297969,0.356844695673597,0.3486615355839341,2.236332506100743,-0.10757790450635109,-0.6534252294561999,0.9333333333333333,0.03333333333333333,4.766666666666667,0.3668253968253969
D05_deep15,5,deep_dip15,98,QQQ,4,84,2025-02-28,2025-06-30,30,0.08838217445442198,0.035406108759823786,0.014708561530903608,0.3695137692746337,-0.08080937569120478,-0.052976065694598194,0.6666666666666666,0.2,3.466666666666667,0.29980158730158735
D05_deep15,5,deep_dip15,99,SOXX,2,42,2026-05-13,2026-07-14,30,0.07552608567751218,0.007457705073448454,-0.006815394591741297,0.14607576847906248,-0.07218729762019654,-0.06806838060406373,0.4666666666666667,0.1,1.7,0.2531746031746032
D06_very_deep20,6,very_deep20,0,SOXX,4,84,2025-01-15,2025-05-15,29,-0.04268271797372991,-0.04628583820263521,-0.0430521320322409,-0.6333479800815255,-0.13005130101675658,-0.003603120228905299,0.3103448275862069,0.4827586206896552,3.9655172413793105,0.18637110016420363
D06_very_deep20,6,very_deep20,1,SOXX,4,84,2025-11-26,2026-03-30,29,0.0653592129111733,0.15854823724387068,0.0936430936865682,1.0310041279981892,-0.10866249186225646,0.09318902433269738,0.7586206896551724,0.5517241379310345,3.6206896551724137,0.4095853858784892
D06_very_deep20,6,very_deep20,2,SOXX,12,252,2024-06-12,2025-06-13,30,-0.11229341109132818,-0.1003495868035636,-0.13076169141717714,-0.40200810788816116,-0.2538320944546202,0.011943824287764582,0.26666666666666666,0.4666666666666667,11.266666666666667,0.31048280423280433
D06_very_deep20,6,very_deep20,3,QQQ,1,21,2026-01-13,2026-02-11,30,-0.02096638715391519,-0.007637927971471299,-0.0036794596077103225,-1.1926442689625532,-0.065684936467661,0.01332845918244389,0.36666666666666664,0.5666666666666667,1.9666666666666666,0.4603174603174603
D06_very_deep20,6,very_deep20,4,QQQ,8,168,2025-02-28,2025-10-28,30,0.2501946769916814,0.0768307278416103,0.02560707290961417,0.30910910355421667,-0.1354995517751059,-0.1733639491500711,0.5666666666666667,0.23333333333333334,5.333333333333333,0.33040674603174597
D06_very_deep20,6,very_deep20,5,SOXX,3,63,2025-03-10,2025-06-06,29,0.11931802402050695,0.015816693515043754,0.013074845488398656,0.18573886087779973,-0.05796192978767217,-0.1035013305054632,0.5517241379310345,0.10344827586206896,2.2758620689655173,0.17870826491516148
D06_very_deep20,6,very_deep20,6,SOXX,12,252,2024-10-18,2025-10-21,30,0.2792904450054976,0.06228368544230596,0.009149974618785417,0.14033798990420926,-0.20762000594755464,-0.21700675956319165,0.5333333333333333,0.23333333333333334,9.666666666666666,0.36266534391534383
D06_very_deep20,6,very_deep20,7,SOXX,5,105,2024-08-02,2024-12-31,30,0.0461545872289324,0.003917941957039869,-0.027239978495562645,-0.22787181380357235,-0.1169034400897227,-0.042236645271892526,0.3,0.23333333333333334,4.266666666666667,0.280952380952381
D06_very_deep20,6,very_deep20,8,SOXX,11,231,2024-01-29,2024-12-26,30,0.11728604186347558,0.002372669775445598,-0.05120588548613586,-0.06447873467953422,-0.23498474189140778,-0.11491337208802997,0.4,0.13333333333333333,9.633333333333333,0.3466810966810966
D06_very_deep20,6,very_deep20,9,QQQ,7,147,2025-12-22,2026-07-24,30,0.10761391047221691,0.045778068324959585,0.009312459964970599,0.17597417770113127,-0.13162454169570262,-0.061835842147257326,0.5,0.3333333333333333,6.133333333333334,0.32409297052154196
D06_very_deep20,6,very_deep20,10,SOXX,11,231,2025-04-30,2026-03-31,30,0.7991727370086741,0.31138863531030037,0.24939773186028436,1.0051780159549177,-0.1806731262507118,-0.4877841016983737,0.9333333333333333,0.06666666666666667,8.1,0.3995310245310245
D06_very_deep20,6,very_deep20,11,SOXX,7,147,2023-12-07,2024-07-10,30,0.5448433677075268,0.17860257604672,0.14334958319810787,0.9278043271703288,-0.1335123594289272,-0.3662407916608068,0.7,0.06666666666666667,5.1,0.40017006802721083
D06_very_deep20,6,very_deep20,12,QQQ,11,231,2024-03-27,2025-02-27,30,0.12982124242441295,0.0634986048158867,-0.01617857906315645,0.19774055948515998,-0.1610677031792029,-0.06632263760852625,0.4666666666666667,0.3,7.933333333333334,0.3744949494949496
D06_very_deep20,6,very_deep20,13,QQQ,10,210,2024-09-30,2025-08-01,30,0.1396408202388819,0.06137415812840583,0.04691210368560905,0.26592156755410123,-0.14943260788767984,-0.07826666211047609,0.5666666666666667,0.16666666666666666,7.3,0.33670634920634923
D06_very_deep20,6,very_deep20,14,QQQ,9,189,2025-02-11,2025-11-10,30,0.1848421423831519,0.01928931393012952,-0.014526230887825231,-0.013094391756362733,-0.16072282114846992,-0.16555282845302235,0.4666666666666667,0.16666666666666666,6.466666666666667,0.35917107583774255
D06_very_deep20,6,very_deep20,15,SOXX,2,42,2023-11-10,2024-01-11,29,0.13378672181991424,0.08445713029284786,0.06653518486945642,1.7271410889046588,-0.06091816234078671,-0.04932959152706638,0.7586206896551724,0.27586206896551724,1.3103448275862069,0.5383825944170773
D06_very_deep20,6,very_deep20,16,QQQ,8,168,2025-04-17,2025-12-16,30,0.3806506610687259,0.06884338227338703,-0.013180853866559983,0.0947378481981266,-0.1033040523600177,-0.31180727879533887,0.3333333333333333,0.1,4.6,0.27212301587301585
D06_very_deep20,6,very_deep20,17,QQQ,3,63,2023-10-12,2024-01-11,29,0.10935424408522043,0.04048054630050631,0.002821649720081032,0.575429973469371,-0.0664950491629885,-0.06887369778471412,0.5172413793103449,0.27586206896551724,1.896551724137931,0.3988779419813902
D06_very_deep20,6,very_deep20,18,SOXX,7,147,2025-06-02,2025-12-30,29,0.4742072430583639,0.13698125428555197,0.04773599411125318,0.7284195670834198,-0.1734219212007301,-0.33722598877281196,0.6551724137931034,0.06896551724137931,6.275862068965517,0.47519352568613654
D06_very_deep20,6,very_deep20,19,QQQ,2,42,2026-01-20,2026-03-19,30,-0.024734412068352585,0.004637595236677361,0.0,0.11017252040873272,-0.06098358058889749,0.029372007305029944,0.4666666666666667,0.7333333333333333,2.3,0.3416666666666666
D06_very_deep20,6,very_deep20,20,QQQ,2,42,2025-12-30,2026-03-02,30,-0.01830706738570409,0.006442363465935212,0.0,0.09484948413432817,-0.06740701004587611,0.024749430851639304,0.4666666666666667,0.6,2.1666666666666665,0.428968253968254
D06_very_deep20,6,very_deep20,21,QQQ,8,168,2024-02-14,2024-10-14,30,0.15334174114524046,0.024378050232626847,0.025451285514165645,0.19110112785194916,-0.14447083821378268,-0.12896369091261362,0.5666666666666667,0.16666666666666666,5.3,0.3718253968253967
D06_very_deep20,6,very_deep20,22,QQQ,4,84,2025-10-15,2026-02-13,30,0.0007896560047677692,0.035129616684278234,0.01656617677316441,0.2854159103590976,-0.07852623157947894,0.034339960679510464,0.5666666666666667,0.5666666666666667,3.5,0.3563492063492063
D06_very_deep20,6,very_deep20,23,QQQ,3,63,2026-01-08,2026-04-09,30,-0.0153279984002892,-0.017150321686895734,-0.028214053120547644,-0.8838918798389901,-0.08285651385122399,-0.0018223232866065343,0.36666666666666664,0.43333333333333335,3.2666666666666666,0.25238095238095243
D06_very_deep20,6,very_deep20,24,SOXX,5,105,2026-02-10,2026-07-13,30,0.5770255442312711,0.19131538208271912,0.11552166125570562,1.1633027358524908,-0.0990990904597379,-0.3857101621485519,0.7,0.13333333333333333,3.4,0.23325396825396824
D06_very_deep20,6,very_deep20,25,QQQ,5,105,2026-01-14,2026-06-15,30,0.20238584863226716,0.06482014725944422,0.029494333093905256,0.5735523487320687,-0.09345305908028557,-0.13756570137282292,0.6,0.13333333333333333,4.533333333333333,0.24206349206349204
D06_very_deep20,6,very_deep20,26,QQQ,12,252,2025-01-16,2026-01-16,30,0.2169851270630765,0.09382302790118033,0.012540863601070429,0.1521016191941193,-0.1629028132096197,-0.12316209916189616,0.5333333333333333,0.16666666666666666,8.7,0.33458994708994705
D06_very_deep20,6,very_deep20,27,SOXX,4,84,2026-03-20,2026-07-21,30,0.6629647609934404,0.14820581368100041,0.09082874660666074,1.4549858542398364,-0.0806132207627371,-0.51475894731244,0.7,0.06666666666666667,2.933333333333333,0.19890873015873017
D06_very_deep20,6,very_deep20,28,SOXX,10,210,2023-09-12,2024-07-12,30,0.6054235196262121,0.1975600070398132,0.1357806754504276,0.8446876022546214,-0.1488306380103507,-0.4078635125863989,0.7333333333333333,0.1,6.9,0.4086507936507936
D06_very_deep20,6,very_deep20,29,QQQ,10,210,2023-11-02,2024-09-04,29,0.27426335783759614,0.07103736457384091,0.05563604517456344,0.4660607258048234,-0.15042546830791892,-0.20322599326375523,0.6551724137931034,0.1724137931034483,6.448275862068965,0.4098932676518883
D06_very_deep20,6,very_deep20,30,SOXX,11,231,2025-02-26,2026-01-27,30,0.6222676159829015,0.21020313568977722,0.16824752407375787,0.7435003061391967,-0.1978363656574989,-0.41206448029312426,0.7,0.1,8.766666666666667,0.3797619047619048
D06_very_deep20,6,very_deep20,31,SOXX,4,84,2024-11-26,2025-03-31,30,-0.12412361759187396,-0.0436129001524222,-0.04418431744695028,-0.8035019967835831,-0.11945021880617669,0.08051071743945176,0.23333333333333334,0.8666666666666667,3.8,0.2706349206349206
D06_very_deep20,6,very_deep20,32,SOXX,3,63,2024-07-29,2024-10-24,29,-0.004528634488460304,-0.020931150543803706,-0.03729985867796215,-0.868307304467447,-0.07460860656932405,-0.016402516055343402,0.1724137931034483,0.27586206896551724,3.0,0.2268746579091407
D06_very_deep20,6,very_deep20,33,SOXX,7,147,2025-09-16,2026-04-16,29,0.5731892331920965,0.31647290511514586,0.28438098975202997,1.3981762449529467,-0.15322231573004202,-0.2567163280769506,0.9310344827586207,0.1724137931034483,6.448275862068965,0.39244663382594414
D06_very_deep20,6,very_deep20,34,QQQ,4,84,2024-05-31,2024-09-30,30,0.08613665447903895,0.0061003157557569425,-0.0006596343538146643,0.19770638957333517,-0.11299054441224994,-0.08003633872328202,0.43333333333333335,0.26666666666666666,3.1,0.3883928571428571
D06_very_deep20,6,very_deep20,35,QQQ,9,189,2025-02-11,2025-11-10,30,0.1848421423831519,0.0681153518563242,0.030526640598779187,0.2000429946137489,-0.13503058177274413,-0.11672679052682769,0.6333333333333333,0.13333333333333333,6.366666666666666,0.35114638447971785
D06_very_deep20,6,very_deep20,36,QQQ,3,63,2025-01-14,2025-04-14,30,-0.0928917402537448,-0.031994622506935425,-0.015954184857630394,-0.6831045635535389,-0.11090728816322395,0.06089711774680938,0.43333333333333335,0.7666666666666667,3.566666666666667,0.29179894179894184
D06_very_deep20,6,very_deep20,37,SOXX,10,210,2024-08-26,2025-06-27,30,0.057670134077346225,0.018721946762193114,-0.043708833279493264,-0.07457929030885115,-0.1647407342495315,-0.03894818731515311,0.4,0.36666666666666664,7.9,0.2786111111111111
D06_very_deep20,6,very_deep20,38,SOXX,12,252,2024-07-02,2025-07-03,30,-0.01969168950723721,-0.04973071584659912,-0.07300983199540256,-0.17750896053634693,-0.24828851234508123,-0.03003902633936191,0.36666666666666664,0.36666666666666664,9.7,0.29550264550264543
D06_very_deep20,6,very_deep20,39,QQQ,5,105,2024-09-23,2025-02-24,30,0.07798180695234325,0.0634959471284557,0.03758587095976618,0.6601080523513411,-0.10400749005496425,-0.014485859823887545,0.6,0.3333333333333333,3.7666666666666666,0.40611111111111103
D06_very_deep20,6,very_deep20,40,QQQ,12,252,2025-05-13,2026-05-13,30,0.3929082039357876,0.16352916854460223,-0.0031469580170757627,0.28420700944007105,-0.15218929728205735,-0.2293790353911854,0.4666666666666667,0.16666666666666666,8.033333333333333,0.3129960317460317
D06_very_deep20,6,very_deep20,41,SOXX,5,105,2024-12-18,2025-05-21,29,-0.03550519039857425,-0.05784726423082735,-0.05524220476765607,-0.5220490018154403,-0.15842978861521684,-0.022342073832253104,0.2413793103448276,0.4482758620689655,5.241379310344827,0.24860426929392443
D06_very_deep20,6,very_deep20,42,QQQ,1,21,2026-06-01,2026-06-30,30,-0.007446386853765863,-0.010848784559198743,-0.004902202222104413,-0.9867012585095412,-0.03182176029549404,-0.0034023977054328802,0.2,0.5333333333333333,1.2,0.2119047619047619
D06_very_deep20,6,very_deep20,43,SOXX,5,105,2025-04-30,2025-09-29,30,0.4691356693755999,0.1484641021263307,0.13018224254647814,1.1801174353380917,-0.11548726060914365,-0.3206715672492692,0.7666666666666667,0.03333333333333333,3.3,0.4566666666666667
D06_very_deep20,6,very_deep20,44,SOXX,5,105,2024-07-24,2024-12-19,29,-0.07336128139760856,0.026135469730828375,-0.03656508372280698,-0.3211764486878372,-0.11169946644025529,0.09949675112843694,0.3448275862068966,0.6551724137931034,4.931034482758621,0.3114121510673235
D06_very_deep20,6,very_deep20,45,SOXX,12,252,2024-03-06,2025-03-07,30,-0.10757477953627947,-0.07879490177819296,-0.08242611730433641,-0.25221172361136046,-0.23867497531139506,0.02877987775808652,0.3,0.6,10.8,0.3324074074074074
D06_very_deep20,6,very_deep20,46,SOXX,11,231,2024-02-13,2025-01-14,30,0.07418664137386521,0.041724673352488896,0.015750585472935064,0.08856775088528364,-0.2158573858618594,-0.03246196802137632,0.5333333333333333,0.26666666666666666,9.366666666666667,0.33809523809523806
D06_very_deep20,6,very_deep20,47,QQQ,12,252,2025-06-12,2026-06-12,30,0.3582273667812763,0.13439323081105542,0.017903238238007657,0.3606622713585391,-0.17871758813195365,-0.2238341359702209,0.6,0.16666666666666666,9.133333333333333,0.3651124338624339
D06_very_deep20,6,very_deep20,48,QQQ,1,21,2025-07-02,2025-07-31,30,0.025798870778167116,0.007837125983954902,0.0,-0.018318965526562123,-0.0383382762222922,-0.01796174479421221,0.3333333333333333,0.26666666666666666,1.0333333333333334,0.4281746031746032
D06_very_deep20,6,very_deep20,49,QQQ,6,126,2024-03-22,2024-09-20,30,0.08250113027758665,0.007381413583490548,-0.00530112756941209,-0.03261647348077141,-0.12078980008562454,-0.0751197166940961,0.43333333333333335,0.2,4.833333333333333,0.3648148148148147
D06_very_deep20,6,very_deep20,50,QQQ,11,231,2025-04-16,2026-03-18,30,0.3441101199491847,0.15296106254312028,0.04345354270664836,0.5181012412573024,-0.12624181386392508,-0.19114905740606444,0.5666666666666667,0.16666666666666666,6.833333333333333,0.3305194805194806
D06_very_deep20,6,very_deep20,51,SOXX,12,252,2025-05-09,2026-05-11,30,1.7645869991549006,0.5545950922179596,0.4153215668250788,1.3797089615667335,-0.1839595665246455,-1.2099919069369411,0.9,0.1,9.0,0.41583994708994715
D06_very_deep20,6,very_deep20,52,QQQ,6,126,2024-07-26,2025-01-27,30,0.11403086919643934,0.011645351489529084,0.03172530980051225,0.21879566070653544,-0.11658700385906692,-0.10238551770691026,0.6,0.13333333333333333,4.766666666666667,0.370568783068783
D06_very_deep20,6,very_deep20,53,SOXX,9,189,2025-02-25,2025-11-21,30,0.27137754060742036,0.04986868841085115,0.0026884230050611135,0.19607735684681285,-0.17637050684652728,-0.2215088521965692,0.5,0.1,7.666666666666667,0.3520282186948853
D06_very_deep20,6,very_deep20,54,QQQ,10,210,2025-06-10,2026-04-10,30,0.14941279936704488,-0.006620656695571947,-0.0021765656750619145,-0.06229470722738852,-0.16987592500151846,-0.15603345606261682,0.4666666666666667,0.06666666666666667,7.133333333333334,0.37757936507936507
D06_very_deep20,6,very_deep20,55,QQQ,9,189,2024-03-12,2024-12-09,30,0.18252323377671842,0.06645307392566902,-0.004255437207416224,0.2779944360070499,-0.14431948211358211,-0.1160701598510494,0.5,0.2,6.2,0.39162257495590824
D06_very_deep20,6,very_deep20,56,SOXX,1,21,2026-03-06,2026-04-06,30,0.06430085839175526,0.0159795000822228,0.0,0.5783166754840546,-0.03145066634080554,-0.04832135830953246,0.4666666666666667,0.06666666666666667,1.2666666666666666,0.20238095238095238
D06_very_deep20,6,very_deep20,57,QQQ,11,231,2024-12-30,2025-12-01,30,0.20149282165868643,0.04190761454126813,-0.023766489672349678,-0.009969007336271691,-0.1553162421458293,-0.1595852071174183,0.4666666666666667,0.16666666666666666,8.133333333333333,0.31464646464646473
D06_very_deep20,6,very_deep20,58,QQQ,4,84,2025-05-06,2025-09-04,30,0.19622773691571815,0.04091195722929806,0.0,0.3109789106362512,-0.07502252950062767,-0.1553157796864201,0.43333333333333335,0.1,2.3666666666666667,0.3451388888888889
D06_very_deep20,6,very_deep20,59,SOXX,4,84,2026-02-25,2026-06-25,30,0.7007670678766698,0.1844978383741144,0.12519974927232957,1.8519219791808748,-0.08907898018609901,-0.5162692295025554,0.8666666666666667,0.06666666666666667,3.1333333333333333,0.26269841269841265
D06_very_deep20,6,very_deep20,60,SOXX,1,21,2024-12-26,2025-01-28,29,-0.04487084375145378,-0.030919061543500236,-0.006476790652267583,-0.7371441283528085,-0.07222030715375363,0.013951782207953546,0.20689655172413793,0.7241379310344828,1.4137931034482758,0.3345648604269294
D06_very_deep20,6,very_deep20,61,SOXX,3,63,2024-01-26,2024-04-25,29,0.06710127075469541,0.01689541356947259,-0.0001865089843969825,-0.27129670443666337,-0.07454211274066384,-0.050205857185222816,0.4482758620689655,0.20689655172413793,2.4482758620689653,0.27873563218390807
D06_very_deep20,6,very_deep20,62,SOXX,3,63,2025-06-20,2025-09-18,29,0.19111858758403377,0.10634098658976349,0.0922648115346063,1.2609262629646651,-0.1162266057849575,-0.08477760099427029,0.7241379310344828,0.27586206896551724,2.8275862068965516,0.5495347564313081
D06_very_deep20,6,very_deep20,63,QQQ,3,63,2025-10-01,2025-12-30,30,0.0281443024583361,-0.01618772673525347,-0.0033537628988576373,-0.10008708630878728,-0.07315756322650731,-0.04433202919358957,0.3333333333333333,0.23333333333333334,2.2333333333333334,0.3146825396825397
D06_very_deep20,6,very_deep20,64,QQQ,2,42,2024-06-12,2024-08-12,30,-0.0465096827642848,-0.021450371296154847,-0.004471118825382314,-0.568887042439632,-0.06781694723456234,0.025059311468129952,0.23333333333333334,0.7,1.9333333333333333,0.2908730158730159
D06_very_deep20,6,very_deep20,65,SOXX,7,147,2024-03-27,2024-10-24,29,0.010917641305967063,-0.01276164707234044,-0.007980251225018886,-0.10389366897528649,-0.1736983943645784,-0.023679288378307503,0.41379310344827586,0.3448275862068966,6.068965517241379,0.34330283837673004
D06_very_deep20,6,very_deep20,66,QQQ,7,147,2024-06-18,2025-01-17,30,0.08024880165552029,0.03395254434595338,0.01561100246471181,0.3648784036711961,-0.10747159437335853,-0.04629625730956691,0.6,0.23333333333333334,4.366666666666666,0.3835600907029479
D06_very_deep20,6,very_deep20,67,SOXX,6,126,2025-02-27,2025-08-27,30,0.2288069130259598,0.09180158514880023,0.038534715836268774,0.6629958423866664,-0.12662385163340859,-0.13700532787715958,0.6666666666666666,0.26666666666666666,4.733333333333333,0.3923280423280423
D06_very_deep20,6,very_deep20,68,SOXX,2,42,2026-01-27,2026-03-26,30,-0.06274182234420844,0.014768256532876644,0.003724269196127894,0.036557181215180104,-0.07389745851893605,0.07751007887708508,0.5,0.8666666666666667,2.1666666666666665,0.31011904761904757
D06_very_deep20,6,very_deep20,69,SOXX,8,168,2025-08-27,2026-04-28,30,0.752796897064234,0.27883612634950394,0.22620757621751097,1.1737588486554325,-0.16619416891088137,-0.4739607707147301,0.8666666666666667,0.06666666666666667,7.1,0.3975694444444444
D06_very_deep20,6,very_deep20,70,SOXX,5,105,2024-09-20,2025-02-21,29,0.005406814450626518,0.017128672017391773,-0.011637328396130187,-0.001385986224782545,-0.10813235336279022,0.011721857566765255,0.3793103448275862,0.3448275862068966,4.379310344827586,0.29244663382594416
D06_very_deep20,6,very_deep20,71,SOXX,4,84,2025-09-17,2026-01-15,29,0.30628589985012833,0.12563137354328632,0.09868615652058677,1.2428705546786971,-0.13972283795429938,-0.180654526306842,0.7586206896551724,0.1724137931034483,4.310344827586207,0.436884236453202
D06_very_deep20,6,very_deep20,72,QQQ,4,84,2025-06-23,2025-10-20,30,0.15160143793785608,0.061576877690793126,0.0078499947252465,0.4575216815424356,-0.07778162403514974,-0.09002456024706296,0.5,0.2,2.433333333333333,0.3431547619047619
D06_very_deep20,6,very_deep20,73,SOXX,10,210,2023-11-28,2024-09-27,30,0.3732977081618618,0.08924591503476081,0.05430538505703075,0.3483584462435091,-0.19841550977130576,-0.284051793127101,0.6333333333333333,0.1,7.9,0.37472222222222223
D06_very_deep20,6,very_deep20,74,QQQ,9,189,2025-04-09,2026-01-08,30,0.33624069066151074,0.09841912748291551,0.035921089166006226,0.5634784526692983,-0.13700333761133335,-0.23782156317859524,0.6333333333333333,0.13333333333333333,5.133333333333334,0.35850970017636674
D06_very_deep20,6,very_deep20,75,QQQ,12,252,2024-12-19,2025-12-22,30,0.21234986652906018,0.04171690559261772,-0.02285926794003057,0.02174658022253978,-0.17795611444722145,-0.17063296093644248,0.43333333333333335,0.13333333333333333,9.166666666666666,0.3227843915343915
D06_very_deep20,6,very_deep20,76,SOXX,5,105,2024-05-10,2024-10-09,29,0.07166285164062502,0.01576910323865451,0.02328935855861225,0.10840047420602271,-0.14724817099670828,-0.05589374840197052,0.5517241379310345,0.3103448275862069,4.0,0.3481937602627258
D06_very_deep20,6,very_deep20,77,SOXX,8,168,2025-08-01,2026-04-01,30,0.43297225183525034,0.20997868449785706,0.20914150827431965,0.722635500043024,-0.17737060390537546,-0.22299356733739328,0.6666666666666666,0.23333333333333334,7.333333333333333,0.40466269841269836
D06_very_deep20,6,very_deep20,78,QQQ,7,147,2025-11-12,2026-06-15,30,0.20096913413608264,0.024423462539763352,0.0024669232420778675,0.11106311604731638,-0.12970657095462737,-0.1765456715963193,0.5,0.16666666666666666,6.033333333333333,0.3268707482993197
D06_very_deep20,6,very_deep20,79,SOXX,9,189,2023-12-14,2024-09-16,30,0.167905259845331,0.00460621731149623,-0.03477610034948525,-0.08759980747963943,-0.1969786501890852,-0.16329904253383476,0.43333333333333335,0.16666666666666666,7.833333333333333,0.3965608465608466
D06_very_deep20,6,very_deep20,80,QQQ,6,126,2024-01-19,2024-07-19,30,0.1316414541629214,0.061325456888068806,0.04301133540893742,0.35687663622644106,-0.09996582896390507,-0.07031599727485258,0.5666666666666667,0.23333333333333334,4.233333333333333,0.360515873015873
D06_very_deep20,6,very_deep20,81,QQQ,1,21,2024-11-13,2024-12-12,30,0.02781855470047412,0.027765299120668684,0.0,0.4803135398248312,-0.026807619050260856,-5.325557980543488e-05,0.4,0.23333333333333334,1.0,0.37301587301587297
D06_very_deep20,6,very_deep20,82,SOXX,10,210,2024-06-21,2025-04-23,30,-0.3034388425007686,-0.13320511203417415,-0.11733179433771562,-0.6932762464204685,-0.24798676107419917,0.17023373046659443,0.23333333333333334,0.8666666666666667,9.833333333333334,0.28984126984126984
D06_very_deep20,6,very_deep20,83,QQQ,11,231,2024-05-24,2025-04-28,30,0.03788093693594541,0.03403894720032481,-0.0027017718818958536,0.03481482595863292,-0.176830761086859,-0.003841989735620596,0.5,0.36666666666666664,8.766666666666667,0.3460678210678211
D06_very_deep20,6,very_deep20,84,SOXX,4,84,2025-03-26,2025-07-25,29,0.2196761364203743,0.06467672621663807,0.009330040224691638,0.2506424231582281,-0.09727653631654842,-0.15499941020373625,0.5517241379310345,0.1724137931034483,3.0689655172413794,0.36319786535303783
D06_very_deep20,6,very_deep20,85,SOXX,3,63,2024-01-12,2024-04-12,29,0.17490173722683933,0.0617361819917918,0.0005483787237787752,0.2790239151271779,-0.08595615233101293,-0.11316555523504752,0.5172413793103449,0.1724137931034483,2.4482758620689653,0.3611111111111111
D06_very_deep20,6,very_deep20,86,QQQ,4,84,2025-08-13,2025-12-10,30,0.08270584442079376,0.024817318708150474,-0.017201432727204424,-0.3343982852042723,-0.06964863856726836,-0.05788852571264329,0.3,0.16666666666666666,2.7333333333333334,0.2879960317460318
D06_very_deep20,6,very_deep20,87,QQQ,9,189,2025-08-12,2026-05-12,30,0.2238015104269533,0.10082601664898934,-0.007719349485227012,0.20389571006871063,-0.13036802050204466,-0.12297549377796395,0.43333333333333335,0.23333333333333334,6.466666666666667,0.30211640211640217
D06_very_deep20,6,very_deep20,88,QQQ,3,63,2023-09-06,2023-12-04,30,0.0323937441740032,-0.014267459854605927,-0.03266132116608944,-0.505017355629464,-0.082012362885282,-0.04666120402860913,0.3,0.13333333333333333,2.433333333333333,0.36666666666666664
D06_very_deep20,6,very_deep20,89,QQQ,6,126,2024-03-08,2024-09-06,30,0.02500440115388769,-0.03195175644638355,-0.024804670702683607,-0.31135730538604467,-0.13646320381795501,-0.05695615760027124,0.36666666666666664,0.3333333333333333,4.7,0.3284391534391535
D06_very_deep20,6,very_deep20,90,SOXX,4,84,2024-02-09,2024-06-10,29,0.16166402534839164,0.03368430047306655,0.045638822858700356,0.4642337937046405,-0.09538411742870724,-0.12797972487532508,0.6206896551724138,0.06896551724137931,3.413793103448276,0.35252463054187183
D06_very_deep20,6,very_deep20,91,QQQ,6,126,2024-12-26,2025-06-30,30,0.04434132972322158,0.06491997681856135,0.037836903842583536,0.4814286767648991,-0.13808990040986613,0.02057864709533977,0.6666666666666666,0.4666666666666667,5.3,0.32731481481481484
D06_very_deep20,6,very_deep20,92,QQQ,2,42,2024-07-11,2024-09-09,30,-0.0761694342464847,-0.0436262624936866,-0.027895336927161007,-1.0844672609778319,-0.07488707062689014,0.032543171752798104,0.13333333333333333,0.7666666666666667,2.0,0.2791666666666667
D06_very_deep20,6,very_deep20,93,QQQ,8,168,2025-09-04,2026-05-05,30,0.18933459993954838,0.09717095139381922,0.01883568242414435,0.37877511157886723,-0.14110149102562866,-0.09216364854572916,0.5666666666666667,0.2,6.333333333333333,0.35124007936507945
D06_very_deep20,6,very_deep20,94,QQQ,11,231,2023-08-28,2024-07-29,29,0.27358869545907205,-0.00020637444928361565,-0.004432004951783752,0.06232662930626003,-0.14076778769464887,-0.27379506990835567,0.4827586206896552,0.0,6.586206896551724,0.38210927004030454
D06_very_deep20,6,very_deep20,95,SOXX,2,42,2024-10-18,2024-12-17,29,-0.02239739013513642,0.0030148600157667506,-0.0038129598344948112,-0.18865653614864217,-0.07254499114238999,0.02541225015090317,0.4482758620689655,0.6551724137931034,2.6206896551724137,0.30562397372742206
D06_very_deep20,6,very_deep20,96,QQQ,9,189,2024-06-04,2025-03-06,30,0.07941245707007138,-0.029936043222377286,-0.013366318536641164,-0.05872638719694833,-0.16969262586778414,-0.10934850029244866,0.43333333333333335,0.1,7.033333333333333,0.33095238095238094
D06_very_deep20,6,very_deep20,97,SOXX,5,105,2025-12-31,2026-06-02,30,1.0102699251297969,0.30958789213364707,0.26962919030247223,2.00170248067163,-0.10602495813081428,-0.7006820329961498,0.8666666666666667,0.0,4.033333333333333,0.32507936507936497
D06_very_deep20,6,very_deep20,98,QQQ,4,84,2025-02-28,2025-06-30,30,0.08838217445442198,0.04017239438721239,0.02321220096028198,0.46832569175931,-0.08054789995570776,-0.04820978006720959,0.6333333333333333,0.23333333333333334,3.2,0.29950396825396824
D06_very_deep20,6,very_deep20,99,SOXX,2,42,2026-05-13,2026-07-14,30,0.07552608567751218,-0.0001022534986232393,0.0,-0.0745233364065854,-0.056469663980054374,-0.07562833917613541,0.4,0.03333333333333333,1.3333333333333333,0.18551587301587302
D07_light_w20,7,light_probe_w20,0,SOXX,4,84,2025-01-15,2025-05-15,29,-0.04268271797372991,-0.046112657649395525,-0.0337307421360693,-0.8173419300628497,-0.11999286836129111,-0.0034299396756656136,0.1724137931034483,0.5517241379310345,4.0344827586206895,0.1705254515599343
D07_light_w20,7,light_probe_w20,1,SOXX,4,84,2025-11-26,2026-03-30,29,0.0653592129111733,0.14666716675077984,0.08418338015625193,0.7686760565093892,-0.1095913305802418,0.08130795383960654,0.7241379310344828,0.5517241379310345,4.620689655172414,0.41461412151067323
D07_light_w20,7,light_probe_w20,2,SOXX,12,252,2024-06-12,2025-06-13,30,-0.11229341109132818,-0.10302011037138131,-0.16489975429655895,-0.47223291574042975,-0.2571636879118272,0.009273300719946864,0.26666666666666666,0.36666666666666664,13.066666666666666,0.2863492063492064
D07_light_w20,7,light_probe_w20,3,QQQ,1,21,2026-01-13,2026-02-11,30,-0.02096638715391519,-0.0001600953554485455,0.0,-0.6175792404210428,-0.05917402474190624,0.020806291798466645,0.36666666666666664,0.6333333333333333,1.9,0.43333333333333335
D07_light_w20,7,light_probe_w20,4,QQQ,8,168,2025-02-28,2025-10-28,30,0.2501946769916814,0.06506287955152153,-0.01111888247369014,0.11264262554059658,-0.14121619756819118,-0.1851317974401599,0.4666666666666667,0.2,6.466666666666667,0.34686507936507943
D07_light_w20,7,light_probe_w20,5,SOXX,3,63,2025-03-10,2025-06-06,29,0.11931802402050695,0.012776021565801828,0.0,-0.00650367749292832,-0.046551419780457716,-0.10654200245470513,0.4482758620689655,0.06896551724137931,2.2413793103448274,0.13694581280788173
D07_light_w20,7,light_probe_w20,6,SOXX,12,252,2024-10-18,2025-10-21,30,0.2792904450054976,0.0963402992564692,0.061796551097882624,0.24841382270215287,-0.19361415711611712,-0.1829501457490284,0.5666666666666667,0.16666666666666666,11.1,0.354021164021164
D07_light_w20,7,light_probe_w20,7,SOXX,5,105,2024-08-02,2024-12-31,30,0.0461545872289324,-0.008912087058964365,-0.03055467020672964,-0.5315957573739704,-0.11118143345144774,-0.055066674287896765,0.3,0.2,5.033333333333333,0.2281904761904762
D07_light_w20,7,light_probe_w20,8,SOXX,11,231,2024-01-29,2024-12-26,30,0.11728604186347558,-0.004506562209106324,-0.03682290023162521,-0.07654387012613194,-0.2350696440934156,-0.1217926040725819,0.4,0.2,11.566666666666666,0.33997113997114004
D07_light_w20,7,light_probe_w20,9,QQQ,7,147,2025-12-22,2026-07-24,30,0.10761391047221691,0.06713175450806712,0.03776404050393212,0.15343588485650267,-0.13239661643704057,-0.040482155964149794,0.5666666666666667,0.36666666666666664,7.166666666666667,0.33972789115646257
D07_light_w20,7,light_probe_w20,10,SOXX,11,231,2025-04-30,2026-03-31,30,0.7991727370086741,0.31816083583906357,0.28923844190432224,0.9914996945686672,-0.18221173584355224,-0.4810119011696105,0.8666666666666667,0.06666666666666667,9.933333333333334,0.41249639249639264
D07_light_w20,7,light_probe_w20,11,SOXX,7,147,2023-12-07,2024-07-10,30,0.5448433677075268,0.19456347681704622,0.13056885248216832,1.0565875770083726,-0.13506480060238432,-0.3502798908904806,0.8333333333333334,0.06666666666666667,6.366666666666666,0.43750566893424037
D07_light_w20,7,light_probe_w20,12,QQQ,11,231,2024-03-27,2025-02-27,30,0.12982124242441295,0.08411314179196884,0.0056211391516596265,0.331259313306466,-0.1551241139908915,-0.04570810063244411,0.5333333333333333,0.3333333333333333,9.933333333333334,0.4147186147186149
D07_light_w20,7,light_probe_w20,13,QQQ,10,210,2024-09-30,2025-08-01,30,0.1396408202388819,0.04855766957717424,0.0330443099368527,0.1582752694150803,-0.1527539863968304,-0.09108315066170768,0.5666666666666667,0.2,8.766666666666667,0.35917460317460326
D07_light_w20,7,light_probe_w20,14,QQQ,9,189,2025-02-11,2025-11-10,30,0.1848421423831519,0.01761036652116658,-0.014112542355254498,-0.035416759241547434,-0.16741020097867765,-0.16723177586198532,0.4666666666666667,0.2,7.966666666666667,0.38261022927689603
D07_light_w20,7,light_probe_w20,15,SOXX,2,42,2023-11-10,2024-01-11,29,0.13378672181991424,0.08352762527739459,0.05975391327873525,1.9069354884608858,-0.06000404230264001,-0.05025909654251966,0.8620689655172413,0.27586206896551724,1.3793103448275863,0.5298850574712644
D07_light_w20,7,light_probe_w20,16,QQQ,8,168,2025-04-17,2025-12-16,30,0.3806506610687259,0.0680635247298898,-0.013160705130128736,0.04235220237013355,-0.10774232517745341,-0.3125871363388361,0.36666666666666664,0.13333333333333333,5.4,0.3006349206349207
D07_light_w20,7,light_probe_w20,17,QQQ,3,63,2023-10-12,2024-01-11,29,0.10935424408522043,0.04829430155903965,0.03541210947401652,0.9555862949177689,-0.06787013638383832,-0.06105994252618078,0.7241379310344828,0.27586206896551724,2.5172413793103448,0.4557197591680349
D07_light_w20,7,light_probe_w20,18,SOXX,7,147,2025-06-02,2025-12-30,29,0.4742072430583639,0.1362885463522907,0.06326297862160835,0.7244573074029008,-0.1742932875701789,-0.3379186967060732,0.6551724137931034,0.13793103448275862,7.482758620689655,0.4882007975604034
D07_light_w20,7,light_probe_w20,19,QQQ,2,42,2026-01-20,2026-03-19,30,-0.024734412068352585,0.007222261768439519,0.0,0.09338299222737009,-0.05445505300270472,0.031956673836792106,0.43333333333333335,0.8,2.566666666666667,0.32571428571428573
D07_light_w20,7,light_probe_w20,20,QQQ,2,42,2025-12-30,2026-03-02,30,-0.01830706738570409,0.011297061546885142,0.0,0.18162551628046816,-0.0633345362696175,0.029604128932589232,0.4666666666666667,0.5666666666666667,2.5,0.4339682539682539
D07_light_w20,7,light_probe_w20,21,QQQ,8,168,2024-02-14,2024-10-14,30,0.15334174114524046,0.021668108951341282,0.028866453819909266,0.22846573293473055,-0.13849359820264526,-0.1316736321938992,0.6,0.16666666666666666,6.666666666666667,0.39888888888888896
D07_light_w20,7,light_probe_w20,22,QQQ,4,84,2025-10-15,2026-02-13,30,0.0007896560047677692,0.03226879250841108,0.02156725211733901,0.12280760405562088,-0.0803671577548324,0.03147913650364331,0.5666666666666667,0.5666666666666667,4.466666666666667,0.38420634920634933
D07_light_w20,7,light_probe_w20,23,QQQ,3,63,2026-01-08,2026-04-09,30,-0.0153279984002892,-0.009030298074137163,-0.0026026876201237226,-0.6849193038455103,-0.08095819976540805,0.0062977003261520375,0.43333333333333335,0.5666666666666667,3.8666666666666667,0.27089947089947086
D07_light_w20,7,light_probe_w20,24,SOXX,5,105,2026-02-10,2026-07-13,30,0.5770255442312711,0.17353901248064674,0.06609210524208509,1.0172260622726288,-0.09530065486717296,-0.4034865317506243,0.7,0.13333333333333333,4.566666666666666,0.2511111111111112
D07_light_w20,7,light_probe_w20,25,QQQ,5,105,2026-01-14,2026-06-15,30,0.20238584863226716,0.0850793516586935,0.05081711792509491,0.52700761471158,-0.09086969936958299,-0.11730649697357366,0.6333333333333333,0.13333333333333333,5.366666666666666,0.26933333333333337
D07_light_w20,7,light_probe_w20,26,QQQ,12,252,2025-01-16,2026-01-16,30,0.2169851270630765,0.09560685777725086,-0.02144122950726335,0.07698661999843635,-0.16283220758277334,-0.12137826928582562,0.43333333333333335,0.16666666666666666,10.633333333333333,0.3651058201058202
D07_light_w20,7,light_probe_w20,27,SOXX,4,84,2026-03-20,2026-07-21,30,0.6629647609934404,0.1525480284793343,0.09431247871228488,1.7340360730053919,-0.08538745714114059,-0.510416732514106,0.8666666666666667,0.03333333333333333,3.7,0.24404761904761904
D07_light_w20,7,light_probe_w20,28,SOXX,10,210,2023-09-12,2024-07-12,30,0.6054235196262121,0.21250557610559884,0.12498349433417488,0.8872410691819475,-0.143738073572282,-0.39291794352061327,0.7333333333333333,0.1,8.9,0.4263492063492064
D07_light_w20,7,light_probe_w20,29,QQQ,10,210,2023-11-02,2024-09-04,29,0.27426335783759614,0.0767183640595108,0.0710126336316268,0.5602970485913398,-0.152450479889514,-0.19754499377808535,0.6551724137931034,0.13793103448275862,8.137931034482758,0.44410509031198697
D07_light_w20,7,light_probe_w20,30,SOXX,11,231,2025-02-26,2026-01-27,30,0.6222676159829015,0.21944848850306717,0.11623781930642585,0.7567474701161886,-0.19295276333384184,-0.4028191274798343,0.7333333333333333,0.13333333333333333,10.066666666666666,0.3851659451659452
D07_light_w20,7,light_probe_w20,31,SOXX,4,84,2024-11-26,2025-03-31,30,-0.12412361759187396,-0.037066106091131285,-0.026619657131721763,-0.7067451198147605,-0.11401620261703985,0.08705751150074267,0.3,0.8,4.166666666666667,0.27079365079365086
D07_light_w20,7,light_probe_w20,32,SOXX,3,63,2024-07-29,2024-10-24,29,-0.004528634488460304,-0.024282178134008906,-0.028958076827953372,-1.1944028226545604,-0.0667990444569394,-0.019753543645548603,0.1724137931034483,0.2413793103448276,3.1724137931034484,0.1679255610290093
D07_light_w20,7,light_probe_w20,33,SOXX,7,147,2025-09-16,2026-04-16,29,0.5731892331920965,0.3166705152464941,0.2587953537416461,1.4054168532992741,-0.1605607380136584,-0.2565187179456024,0.9310344827586207,0.1724137931034483,7.931034482758621,0.4256157635467982
D07_light_w20,7,light_probe_w20,34,QQQ,4,84,2024-05-31,2024-09-30,30,0.08613665447903895,0.005215732640321639,0.0030281241610105036,0.26511802020069297,-0.11263901554010708,-0.08092092183871731,0.5,0.23333333333333334,4.0,0.4187301587301588
D07_light_w20,7,light_probe_w20,35,QQQ,9,189,2025-02-11,2025-11-10,30,0.1848421423831519,0.06272055746847752,0.01113040992518155,0.06962893176654887,-0.13422835797907845,-0.12212158491467437,0.5333333333333333,0.2,7.866666666666666,0.37805996472663156
D07_light_w20,7,light_probe_w20,36,QQQ,3,63,2025-01-14,2025-04-14,30,-0.0928917402537448,-0.028846320403374894,-0.03076761606540368,-0.6511545244851291,-0.11156524263559071,0.0640454198503699,0.23333333333333334,0.8,4.333333333333333,0.32148148148148153
D07_light_w20,7,light_probe_w20,37,SOXX,10,210,2024-08-26,2025-06-27,30,0.057670134077346225,0.025295673460482265,-0.035877887418238386,-0.10835542742621544,-0.1586929444369736,-0.032374460616863956,0.4,0.26666666666666666,8.6,0.2524126984126984
D07_light_w20,7,light_probe_w20,38,SOXX,12,252,2024-07-02,2025-07-03,30,-0.01969168950723721,-0.06044773849785982,-0.09888689484013524,-0.29900258017923803,-0.24706213380875555,-0.04075604899062261,0.26666666666666666,0.3,11.5,0.26791005291005293
D07_light_w20,7,light_probe_w20,39,QQQ,5,105,2024-09-23,2025-02-24,30,0.07798180695234325,0.07557963974907027,0.01806854134203606,0.7160528583948744,-0.10083483641091642,-0.0024021672032729785,0.7,0.3333333333333333,4.733333333333333,0.44825396825396824
D07_light_w20,7,light_probe_w20,40,QQQ,12,252,2025-05-13,2026-05-13,30,0.3929082039357876,0.1596319341949849,0.012902156097321815,0.24878913526161417,-0.15187674040245996,-0.23327626974080273,0.5666666666666667,0.13333333333333333,9.266666666666667,0.3344444444444444
D07_light_w20,7,light_probe_w20,41,SOXX,5,105,2024-12-18,2025-05-21,29,-0.03550519039857425,-0.0588644155989449,-0.052443393202815214,-0.7472654947197834,-0.14815018537979968,-0.023359225200370648,0.1724137931034483,0.41379310344827586,5.551724137931035,0.2396059113300493
D07_light_w20,7,light_probe_w20,42,QQQ,1,21,2026-06-01,2026-06-30,30,-0.007446386853765863,-0.009967182503992174,-0.00447985228133263,-1.445038500037405,-0.03251853701613447,-0.0025207956502263113,0.23333333333333334,0.5666666666666667,1.5333333333333334,0.23682539682539686
D07_light_w20,7,light_probe_w20,43,SOXX,5,105,2025-04-30,2025-09-29,30,0.4691356693755999,0.1498305896467304,0.12060320999462004,1.1442652220940717,-0.11537298392434207,-0.3193050797288695,0.7333333333333333,0.03333333333333333,3.8,0.44882539682539685
D07_light_w20,7,light_probe_w20,44,SOXX,5,105,2024-07-24,2024-12-19,29,-0.07336128139760856,0.008589120544822852,-0.0342874341462347,-0.5306294102439417,-0.11505439601100238,0.08195040194243142,0.3448275862068966,0.6206896551724138,6.206896551724138,0.2710016420361248
D07_light_w20,7,light_probe_w20,45,SOXX,12,252,2024-03-06,2025-03-07,30,-0.10757477953627947,-0.08685230046896483,-0.09971167679224857,-0.2967732473283651,-0.24036913043543204,0.020722479067314642,0.23333333333333334,0.5666666666666667,13.266666666666667,0.3311904761904762
D07_light_w20,7,light_probe_w20,46,SOXX,11,231,2024-02-13,2025-01-14,30,0.07418664137386521,0.043664789923611017,-0.0003998845783863558,0.08358071222357248,-0.21615342198119958,-0.030521851450254198,0.5,0.3333333333333333,11.333333333333334,0.33737373737373744
D07_light_w20,7,light_probe_w20,47,QQQ,12,252,2025-06-12,2026-06-12,30,0.3582273667812763,0.1337656878862318,0.03490225242165634,0.27270283189540934,-0.1845616046602384,-0.2244616788950445,0.6333333333333333,0.16666666666666666,11.2,0.37513227513227515
D07_light_w20,7,light_probe_w20,48,QQQ,1,21,2025-07-02,2025-07-31,30,0.025798870778167116,0.007593441456818506,-0.000297810392139386,-0.13860985985560645,-0.04017593353838246,-0.01820542932134861,0.4,0.26666666666666666,1.4,0.45999999999999996
D07_light_w20,7,light_probe_w20,49,QQQ,6,126,2024-03-22,2024-09-20,30,0.08250113027758665,0.0060599460711707005,0.0028184878385951184,-0.002226758677251439,-0.12122089823466653,-0.07644118420641595,0.5,0.23333333333333334,6.166666666666667,0.4133333333333333
D07_light_w20,7,light_probe_w20,50,QQQ,11,231,2025-04-16,2026-03-18,30,0.3441101199491847,0.14706722206883455,0.07258754912728427,0.46975768139959795,-0.12351741776065436,-0.19704289788035018,0.6,0.13333333333333333,8.1,0.34461760461760454
D07_light_w20,7,light_probe_w20,51,SOXX,12,252,2025-05-09,2026-05-11,30,1.7645869991549006,0.5388880790832677,0.3889818697081665,1.2988164662858896,-0.1906582705857764,-1.2256989200716328,0.8333333333333334,0.03333333333333333,10.866666666666667,0.4279100529100529
D07_light_w20,7,light_probe_w20,52,QQQ,6,126,2024-07-26,2025-01-27,30,0.11403086919643934,0.011449962572121601,0.032858932766373306,0.2061498060549005,-0.11747871710020567,-0.10258090662431774,0.6666666666666666,0.13333333333333333,5.833333333333333,0.4019047619047619
D07_light_w20,7,light_probe_w20,53,SOXX,9,189,2025-02-25,2025-11-21,30,0.27137754060742036,0.060284810908360284,0.027714383937985976,0.2278167481569593,-0.17245495234200967,-0.21109272969906007,0.5666666666666667,0.16666666666666666,8.433333333333334,0.3507583774250441
D07_light_w20,7,light_probe_w20,54,QQQ,10,210,2025-06-10,2026-04-10,30,0.14941279936704488,0.007015960471020466,0.019258644803427538,-0.0424268107158911,-0.1658716201263057,-0.14239683889602442,0.5333333333333333,0.13333333333333333,8.466666666666667,0.39355555555555555
D07_light_w20,7,light_probe_w20,55,QQQ,9,189,2024-03-12,2024-12-09,30,0.18252323377671842,0.06242691421347878,-0.003666218334527682,0.3013105611742046,-0.14384013420458577,-0.12009631956323963,0.4666666666666667,0.2,7.7,0.4161199294532628
D07_light_w20,7,light_probe_w20,56,SOXX,1,21,2026-03-06,2026-04-06,30,0.06430085839175526,0.010300985972093005,0.006162159192828476,0.569089612053925,-0.034804393551158344,-0.053999872419662254,0.6,0.06666666666666667,1.9,0.22063492063492066
D07_light_w20,7,light_probe_w20,57,QQQ,11,231,2024-12-30,2025-12-01,30,0.20149282165868643,0.028871694471956498,-0.02241785382796896,-0.08346375900062127,-0.15910605971390074,-0.17262112718672992,0.4666666666666667,0.16666666666666666,9.7,0.3403463203463204
D07_light_w20,7,light_probe_w20,58,QQQ,4,84,2025-05-06,2025-09-04,30,0.19622773691571815,0.03891751754989712,0.0,0.157681006673537,-0.07597727085097222,-0.15731021936582104,0.43333333333333335,0.13333333333333333,2.7666666666666666,0.35301587301587306
D07_light_w20,7,light_probe_w20,59,SOXX,4,84,2026-02-25,2026-06-25,30,0.7007670678766698,0.17664455157478814,0.1014040308572507,1.794755732340685,-0.09139042395580071,-0.5241225163018817,0.8666666666666667,0.06666666666666667,4.233333333333333,0.2681746031746032
D07_light_w20,7,light_probe_w20,60,SOXX,1,21,2024-12-26,2025-01-28,29,-0.04487084375145378,-0.032781014072681136,-0.021741782028946943,-1.4090632032574575,-0.07698268474891705,0.012089829678772646,0.1724137931034483,0.7241379310344828,1.793103448275862,0.3645320197044335
D07_light_w20,7,light_probe_w20,61,SOXX,3,63,2024-01-26,2024-04-25,29,0.06710127075469541,0.022546440378555566,-0.022620401256618794,-0.44865000469464034,-0.07603848465917519,-0.044554830376139845,0.3448275862068966,0.2413793103448276,3.2758620689655173,0.3367268746579091
D07_light_w20,7,light_probe_w20,62,SOXX,3,63,2025-06-20,2025-09-18,29,0.19111858758403377,0.11168312032266774,0.08312286624859788,1.4347241516350597,-0.1152120006349306,-0.07943546726136604,0.6896551724137931,0.27586206896551724,3.206896551724138,0.5512862616310892
D07_light_w20,7,light_probe_w20,63,QQQ,3,63,2025-10-01,2025-12-30,30,0.0281443024583361,-0.016273218813815587,-0.014337468246524043,-0.20325852225712118,-0.07564449007829456,-0.04441752127215169,0.3333333333333333,0.2,2.9,0.34984126984126984
D07_light_w20,7,light_probe_w20,64,QQQ,2,42,2024-06-12,2024-08-12,30,-0.0465096827642848,-0.02364987569992637,-0.029334118214734195,-0.9365902883094186,-0.07420064874944407,0.022859807064358428,0.26666666666666666,0.6666666666666666,2.8666666666666667,0.3547619047619047
D07_light_w20,7,light_probe_w20,65,SOXX,7,147,2024-03-27,2024-10-24,29,0.010917641305967063,-0.016217488621564868,-0.022913485435681058,-0.1789219200879187,-0.1713921713834212,-0.02713512992753193,0.3793103448275862,0.3448275862068966,7.206896551724138,0.3433262960356557
D07_light_w20,7,light_probe_w20,66,QQQ,7,147,2024-06-18,2025-01-17,30,0.08024880165552029,0.02427379596340771,0.009665840246345758,0.261234625017345,-0.10958432107051858,-0.05597500569211258,0.6,0.26666666666666666,5.366666666666666,0.4053061224489796
D07_light_w20,7,light_probe_w20,67,SOXX,6,126,2025-02-27,2025-08-27,30,0.2288069130259598,0.09613179344530325,0.04640576329438373,0.6776361882632933,-0.12402393359339545,-0.13267511958065653,0.6666666666666666,0.2,5.133333333333334,0.3662433862433862
D07_light_w20,7,light_probe_w20,68,SOXX,2,42,2026-01-27,2026-03-26,30,-0.06274182234420844,-0.0015575210430963994,-0.012435367532947883,-0.7293975906360298,-0.07742393632577269,0.06118430130111204,0.43333333333333335,0.8666666666666667,2.8666666666666667,0.3071428571428571
D07_light_w20,7,light_probe_w20,69,SOXX,8,168,2025-08-27,2026-04-28,30,0.752796897064234,0.25603874482079925,0.21598864502877346,1.0569776935691704,-0.17601330968424025,-0.4967581522434348,0.8,0.06666666666666667,8.866666666666667,0.41460317460317453
D07_light_w20,7,light_probe_w20,70,SOXX,5,105,2024-09-20,2025-02-21,29,0.005406814450626518,0.004424240699040675,-0.027572070614351962,-0.2364244349271054,-0.10898343461175623,-0.0009825737515858435,0.3448275862068966,0.3448275862068966,5.0344827586206895,0.27152709359605914
D07_light_w20,7,light_probe_w20,71,SOXX,4,84,2025-09-17,2026-01-15,29,0.30628589985012833,0.1300287711370516,0.10522811588806658,1.1089754611975495,-0.14083733264966106,-0.17625712871307672,0.7586206896551724,0.13793103448275862,5.103448275862069,0.45985221674876847
D07_light_w20,7,light_probe_w20,72,QQQ,4,84,2025-06-23,2025-10-20,30,0.15160143793785608,0.058309173322972606,-0.015460322824528694,0.2600541034024887,-0.0823860195961816,-0.09329226461488346,0.43333333333333335,0.2,3.1,0.38349206349206355
D07_light_w20,7,light_probe_w20,73,SOXX,10,210,2023-11-28,2024-09-27,30,0.3732977081618618,0.08268106219025967,0.03594100317991045,0.32722275281930685,-0.19210017876478208,-0.29061664597160214,0.6666666666666666,0.06666666666666667,9.4,0.3894285714285715
D07_light_w20,7,light_probe_w20,74,QQQ,9,189,2025-04-09,2026-01-08,30,0.33624069066151074,0.09620947188457125,0.0360892669638575,0.3992677109252623,-0.1362988997881645,-0.2400312187769395,0.5666666666666667,0.13333333333333333,5.833333333333333,0.3649029982363316
D07_light_w20,7,light_probe_w20,75,QQQ,12,252,2024-12-19,2025-12-22,30,0.21234986652906018,0.03753689057744003,-0.06310673775669667,-0.11740533728384114,-0.1812304244550315,-0.17481297595162015,0.36666666666666664,0.16666666666666666,11.133333333333333,0.34629629629629644
D07_light_w20,7,light_probe_w20,76,SOXX,5,105,2024-05-10,2024-10-09,29,0.07166285164062502,0.009169419428077084,-0.026050231120662737,-0.048352125653451566,-0.1446377326432423,-0.06249343221254794,0.41379310344827586,0.3103448275862069,4.793103448275862,0.32866995073891625
D07_light_w20,7,light_probe_w20,77,SOXX,8,168,2025-08-01,2026-04-01,30,0.43297225183525034,0.20368975678410017,0.22175766180403533,0.6968990679584451,-0.18075330501724407,-0.22928249505115017,0.6666666666666666,0.23333333333333334,9.233333333333333,0.4349206349206349
D07_light_w20,7,light_probe_w20,78,QQQ,7,147,2025-11-12,2026-06-15,30,0.20096913413608264,0.03413844916064635,-0.0031903539553206905,0.12396909083188751,-0.1252420564169766,-0.1668306849754363,0.4666666666666667,0.16666666666666666,6.933333333333334,0.3396825396825397
D07_light_w20,7,light_probe_w20,79,SOXX,9,189,2023-12-14,2024-09-16,30,0.167905259845331,0.005809813880967807,-0.025732442245281317,-0.07319967910172308,-0.1918664902678381,-0.1620954459643632,0.36666666666666664,0.13333333333333333,9.433333333333334,0.4155908289241622
D07_light_w20,7,light_probe_w20,80,QQQ,6,126,2024-01-19,2024-07-19,30,0.1316414541629214,0.06567354619372093,0.038805268646441626,0.3330578974519162,-0.101707082120931,-0.06596790796920046,0.5666666666666667,0.23333333333333334,5.3,0.40322751322751327
D07_light_w20,7,light_probe_w20,81,QQQ,1,21,2024-11-13,2024-12-12,30,0.02781855470047412,0.028753219864234108,0.0,0.38524699995474526,-0.027651268168118026,0.0009346651637599894,0.43333333333333335,0.23333333333333334,1.1666666666666667,0.39492063492063484
D07_light_w20,7,light_probe_w20,82,SOXX,10,210,2024-06-21,2025-04-23,30,-0.3034388425007686,-0.13829138425142315,-0.13322208590698031,-0.7924057158810776,-0.24583462428178837,0.16514745824934543,0.2,0.8666666666666667,11.233333333333333,0.2597460317460317
D07_light_w20,7,light_probe_w20,83,QQQ,11,231,2024-05-24,2025-04-28,30,0.03788093693594541,0.02837587738592197,-0.02293981017135832,-0.08376420952213841,-0.1801852717791967,-0.00950505955002344,0.4666666666666667,0.4,10.633333333333333,0.3797691197691198
D07_light_w20,7,light_probe_w20,84,SOXX,4,84,2025-03-26,2025-07-25,29,0.2196761364203743,0.07695183157113297,0.023260751324886808,0.38017061330685403,-0.09159302074298399,-0.14272430484924134,0.6206896551724138,0.1724137931034483,2.8275862068965516,0.3459770114942529
D07_light_w20,7,light_probe_w20,85,SOXX,3,63,2024-01-12,2024-04-12,29,0.17490173722683933,0.07368498177479871,0.014372034118164123,0.6266984794153826,-0.08408385229863488,-0.10121675545204062,0.6551724137931034,0.20689655172413793,3.103448275862069,0.42539682539682544
D07_light_w20,7,light_probe_w20,86,QQQ,4,84,2025-08-13,2025-12-10,30,0.08270584442079376,0.02979340450112462,-0.015379077629096405,-0.40968463868079813,-0.07169932773822438,-0.05291243991966914,0.36666666666666664,0.16666666666666666,3.533333333333333,0.32134920634920644
D07_light_w20,7,light_probe_w20,87,QQQ,9,189,2025-08-12,2026-05-12,30,0.2238015104269533,0.08422665097662906,-0.0062883221768997855,-0.006388338486223844,-0.1307973273099834,-0.13957485945032422,0.4666666666666667,0.2,8.166666666666666,0.31029982363315706
D07_light_w20,7,light_probe_w20,88,QQQ,3,63,2023-09-06,2023-12-04,30,0.0323937441740032,-0.0066292653034431106,-0.017375643493320714,-0.12268695350275678,-0.08256555800582613,-0.039023009477446316,0.36666666666666664,0.1,3.2666666666666666,0.4342857142857143
D07_light_w20,7,light_probe_w20,89,QQQ,6,126,2024-03-08,2024-09-06,30,0.02500440115388769,-0.026674455520468838,-0.00944428731327257,-0.16034615660206372,-0.13422132219752403,-0.051678856674356524,0.43333333333333335,0.3,5.866666666666666,0.36783068783068795
D07_light_w20,7,light_probe_w20,90,SOXX,4,84,2024-02-09,2024-06-10,29,0.16166402534839164,0.042953611639144136,0.03565556229494349,0.5476029504566349,-0.09558982507214578,-0.11871041370924751,0.6551724137931034,0.10344827586206896,4.241379310344827,0.4014778325123153
D07_light_w20,7,light_probe_w20,91,QQQ,6,126,2024-12-26,2025-06-30,30,0.04434132972322158,0.04256034561682554,-0.024357540498253838,0.036239772624738445,-0.14102879491142312,-0.0017809841063960372,0.4666666666666667,0.36666666666666664,6.566666666666666,0.3316931216931217
D07_light_w20,7,light_probe_w20,92,QQQ,2,42,2024-07-11,2024-09-09,30,-0.0761694342464847,-0.049306033883173124,-0.03228403631568122,-1.3935370410467354,-0.07729871481431168,0.026863400363311578,0.1,0.8,2.8333333333333335,0.30174603174603176
D07_light_w20,7,light_probe_w20,93,QQQ,8,168,2025-09-04,2026-05-05,30,0.18933459993954838,0.09136840799395769,0.00099478048368562,0.3018418624482925,-0.13832275574743866,-0.09796619194559068,0.5333333333333333,0.2,7.6,0.3677777777777778
D07_light_w20,7,light_probe_w20,94,QQQ,11,231,2023-08-28,2024-07-29,29,0.27358869545907205,0.020140284613839946,0.02889463732269415,0.2051617818122746,-0.1356361858885143,-0.2534484108452321,0.5172413793103449,0.0,8.241379310344827,0.42215256008359464
D07_light_w20,7,light_probe_w20,95,SOXX,2,42,2024-10-18,2024-12-17,29,-0.02239739013513642,-0.000775576451871322,-0.015480721625947491,-0.7294185427988069,-0.07111560404040798,0.021621813683265097,0.3793103448275862,0.5517241379310345,2.9655172413793105,0.26403940886699506
D07_light_w20,7,light_probe_w20,96,QQQ,9,189,2024-06-04,2025-03-06,30,0.07941245707007138,-0.04019732560547348,-0.032392739793013825,-0.10357821815558595,-0.17383769998790513,-0.11960978267554487,0.3333333333333333,0.13333333333333333,8.6,0.35689594356261023
D07_light_w20,7,light_probe_w20,97,SOXX,5,105,2025-12-31,2026-06-02,30,1.0102699251297969,0.3199350395813983,0.317965980250994,1.9890662775507864,-0.11003595140346561,-0.6903348855483986,0.8333333333333334,0.0,5.266666666666667,0.3514285714285715
D07_light_w20,7,light_probe_w20,98,QQQ,4,84,2025-02-28,2025-06-30,30,0.08838217445442198,0.029287049288773893,0.0064470711643276335,0.07730513012444921,-0.07753112207532702,-0.05909512516564809,0.5666666666666667,0.16666666666666666,3.533333333333333,0.27325396825396825
D07_light_w20,7,light_probe_w20,99,SOXX,2,42,2026-05-13,2026-07-14,30,0.07552608567751218,0.00415639454032155,-0.006378347926057626,-0.08333729313527938,-0.06388153064557946,-0.07136969113719063,0.43333333333333335,0.06666666666666667,1.9333333333333333,0.22587301587301592
D08_third_w33,8,third_probe_w33,0,SOXX,4,84,2025-01-15,2025-05-15,29,-0.04268271797372991,-0.05990920000485517,-0.05154638207186302,-0.8664159683810088,-0.14165263633444564,-0.017226482031125256,0.13793103448275862,0.3793103448275862,4.0344827586206895,0.21545977011494258
D08_third_w33,8,third_probe_w33,1,SOXX,4,84,2025-11-26,2026-03-30,29,0.0653592129111733,0.1567744633429803,0.09506681822265306,0.8294049282142703,-0.12178235816337772,0.09141525043180701,0.7241379310344828,0.5862068965517241,4.620689655172414,0.4722495894909688
D08_third_w33,8,third_probe_w33,2,SOXX,12,252,2024-06-12,2025-06-13,30,-0.11229341109132818,-0.11521655130040392,-0.19791734805609845,-0.5163650217521417,-0.2777346863282709,-0.0029231402090757475,0.23333333333333334,0.3333333333333333,13.066666666666666,0.3329325396825397
D08_third_w33,8,third_probe_w33,3,QQQ,1,21,2026-01-13,2026-02-11,30,-0.02096638715391519,0.0008915281865672513,0.0,-0.5664438904679799,-0.06214361119719324,0.02185791534048244,0.36666666666666664,0.6,1.9,0.45293650793650797
D08_third_w33,8,third_probe_w33,4,QQQ,8,168,2025-02-28,2025-10-28,30,0.2501946769916814,0.07547801569255605,0.020948760950901035,0.17880446948745565,-0.14858668323346863,-0.17471666129912536,0.5333333333333333,0.2,6.466666666666667,0.39667261904761913
D08_third_w33,8,third_probe_w33,5,SOXX,3,63,2025-03-10,2025-06-06,29,0.11931802402050695,0.00598222505722261,0.0,-0.05493746999032447,-0.061278187905836695,-0.11333579896328434,0.41379310344827586,0.06896551724137931,2.2413793103448274,0.16832512315270934
D08_third_w33,8,third_probe_w33,6,SOXX,12,252,2024-10-18,2025-10-21,30,0.2792904450054976,0.10566780149780809,0.08316687302518266,0.28243259597752207,-0.20810749375531187,-0.17362264350768952,0.5666666666666667,0.2,11.1,0.3961851851851852
D08_third_w33,8,third_probe_w33,7,SOXX,5,105,2024-08-02,2024-12-31,30,0.0461545872289324,-0.010299382539610024,-0.042010290132570016,-0.4540278977240135,-0.12094275966328064,-0.056453969768542424,0.3333333333333333,0.23333333333333334,5.033333333333333,0.27437142857142854
D08_third_w33,8,third_probe_w33,8,SOXX,11,231,2024-01-29,2024-12-26,30,0.11728604186347558,0.0008084526757551854,-0.03781520673086142,-0.05061882332162176,-0.24754489052082604,-0.11647758918772039,0.4,0.13333333333333333,11.566666666666666,0.39493506493506497
D08_third_w33,8,third_probe_w33,9,QQQ,7,147,2025-12-22,2026-07-24,30,0.10761391047221691,0.083633097112262,0.05052692707336037,0.21434700183188007,-0.14140112962211507,-0.023980813359954917,0.5666666666666667,0.36666666666666664,7.166666666666667,0.38412244897959186
D08_third_w33,8,third_probe_w33,10,SOXX,11,231,2025-04-30,2026-03-31,30,0.7991727370086741,0.37005043677473287,0.29893627313839555,1.070642315198055,-0.18777502478357386,-0.4291223002339412,0.9,0.06666666666666667,9.933333333333334,0.4663910533910533
D08_third_w33,8,third_probe_w33,11,SOXX,7,147,2023-12-07,2024-07-10,30,0.5448433677075268,0.21986927393663475,0.17639031658260307,1.157644839620051,-0.14307866899833763,-0.3249740937708921,0.8,0.06666666666666667,6.366666666666666,0.49534240362811793
D08_third_w33,8,third_probe_w33,12,QQQ,11,231,2024-03-27,2025-02-27,30,0.12982124242441295,0.10187678143350218,0.059060281783345436,0.4292946497716408,-0.1524436029873582,-0.027944460990910774,0.5333333333333333,0.36666666666666664,9.933333333333334,0.46292929292929297
D08_third_w33,8,third_probe_w33,13,QQQ,10,210,2024-09-30,2025-08-01,30,0.1396408202388819,0.0533932990081477,0.020432655123155896,0.17422209399183247,-0.16424784086187583,-0.0862475212307342,0.5,0.23333333333333334,8.766666666666667,0.4127015873015873
D08_third_w33,8,third_probe_w33,14,QQQ,9,189,2025-02-11,2025-11-10,30,0.1848421423831519,0.03089119336177843,-0.006316462351788399,0.03420343445678215,-0.17592107451422484,-0.15395094902137346,0.4666666666666667,0.2,7.966666666666667,0.4345873015873015
D08_third_w33,8,third_probe_w33,15,SOXX,2,42,2023-11-10,2024-01-11,29,0.13378672181991424,0.08738607357802843,0.06189993405186023,1.9246078424673585,-0.06373054688633144,-0.04640064824188582,0.8620689655172413,0.27586206896551724,1.3793103448275863,0.5637192118226602
D08_third_w33,8,third_probe_w33,16,QQQ,8,168,2025-04-17,2025-12-16,30,0.3806506610687259,0.07680745571069844,-0.018016695559093576,0.08272283434560863,-0.11915615516077824,-0.30384320535802745,0.4,0.13333333333333333,5.4,0.3514742063492064
D08_third_w33,8,third_probe_w33,17,QQQ,3,63,2023-10-12,2024-01-11,29,0.10935424408522043,0.0565493309074723,0.038079210368734406,1.1089118359924297,-0.06876467136602304,-0.05280491317774813,0.7241379310344828,0.27586206896551724,2.5172413793103448,0.5064532019704433
D08_third_w33,8,third_probe_w33,18,SOXX,7,147,2025-06-02,2025-12-30,29,0.4742072430583639,0.17100220611592484,0.12409793610835762,0.9032807613552694,-0.17549123088691718,-0.30320503694243905,0.7241379310344828,0.13793103448275862,7.482758620689655,0.5368707482993197
D08_third_w33,8,third_probe_w33,19,QQQ,2,42,2026-01-20,2026-03-19,30,-0.024734412068352585,0.00576941836631103,0.0,0.04780753037339425,-0.06016376958895486,0.030503830434663613,0.43333333333333335,0.7666666666666667,2.566666666666667,0.35223015873015867
D08_third_w33,8,third_probe_w33,20,QQQ,2,42,2025-12-30,2026-03-02,30,-0.01830706738570409,0.01104872535746885,0.0,0.19615842909432277,-0.06990546850981127,0.02935579274317294,0.4666666666666667,0.6,2.5,0.4653333333333333
D08_third_w33,8,third_probe_w33,21,QQQ,8,168,2024-02-14,2024-10-14,30,0.15334174114524046,0.03146700018517759,0.046967960541090426,0.317045548638618,-0.14184519982532745,-0.12187474096006287,0.6333333333333333,0.2,6.666666666666667,0.4439503968253968
D08_third_w33,8,third_probe_w33,22,QQQ,4,84,2025-10-15,2026-02-13,30,0.0007896560047677692,0.03278604895148519,0.032015936142485324,0.16571921508650606,-0.08764463636283047,0.03199639294671742,0.5666666666666667,0.5666666666666667,4.466666666666667,0.43352380952380953
D08_third_w33,8,third_probe_w33,23,QQQ,3,63,2026-01-08,2026-04-09,30,-0.0153279984002892,-0.0012879364314588508,0.0005221817763736425,-0.5191737515673078,-0.08601857648262363,0.014040061968830349,0.5,0.6,3.8666666666666667,0.3193915343915343
D08_third_w33,8,third_probe_w33,24,SOXX,5,105,2026-02-10,2026-07-13,30,0.5770255442312711,0.19732438971009164,0.08080597052447525,1.0654383330870631,-0.11536544613807388,-0.3797011545211794,0.8,0.13333333333333333,4.566666666666666,0.33406349206349206
D08_third_w33,8,third_probe_w33,25,QQQ,5,105,2026-01-14,2026-06-15,30,0.20238584863226716,0.10934555451043627,0.06113946126341929,0.6666214131195911,-0.09787587169031907,-0.09304029412183089,0.6333333333333333,0.16666666666666666,5.366666666666666,0.32306666666666667
D08_third_w33,8,third_probe_w33,26,QQQ,12,252,2025-01-16,2026-01-16,30,0.2169851270630765,0.10226649565604179,-0.020421188138545376,0.1082180686248213,-0.172595914392532,-0.1147186314070347,0.43333333333333335,0.16666666666666666,10.633333333333333,0.4107777777777778
D08_third_w33,8,third_probe_w33,27,SOXX,4,84,2026-03-20,2026-07-21,30,0.6629647609934404,0.19200280018345287,0.1594664982616002,1.7426692633969698,-0.1161769596933462,-0.47096196080998753,0.8666666666666667,0.03333333333333333,3.7,0.33922619047619046
D08_third_w33,8,third_probe_w33,28,SOXX,10,210,2023-09-12,2024-07-12,30,0.6054235196262121,0.2479507294625258,0.12873483758072124,1.002390890053327,-0.14554833520810695,-0.35747279016368627,0.8,0.1,8.9,0.48103174603174614
D08_third_w33,8,third_probe_w33,29,QQQ,10,210,2023-11-02,2024-09-04,29,0.27426335783759614,0.09487019997975724,0.09329108626437677,0.6219018477933,-0.15438037983751546,-0.1793931578578389,0.6551724137931034,0.1724137931034483,8.137931034482758,0.4812052545155993
D08_third_w33,8,third_probe_w33,30,SOXX,11,231,2025-02-26,2026-01-27,30,0.6222676159829015,0.25197156438058965,0.19105850239623456,0.8178391590799345,-0.19453727837859242,-0.3702960516023118,0.7333333333333333,0.16666666666666666,10.066666666666666,0.4291746031746032
D08_third_w33,8,third_probe_w33,31,SOXX,4,84,2024-11-26,2025-03-31,30,-0.12412361759187396,-0.04110562952046518,-0.043793162560403665,-0.7054283586336326,-0.12858270468430733,0.08301798807140878,0.3,0.8,4.166666666666667,0.33202777777777776
D08_third_w33,8,third_probe_w33,32,SOXX,3,63,2024-07-29,2024-10-24,29,-0.004528634488460304,-0.029145099678153378,-0.03761541455768769,-1.119865815669266,-0.07813823976193213,-0.024616465189693074,0.1724137931034483,0.27586206896551724,3.1724137931034484,0.21766283524904212
D08_third_w33,8,third_probe_w33,33,SOXX,7,147,2025-09-16,2026-04-16,29,0.5731892331920965,0.36647731103027675,0.2827517857113544,1.498248594637394,-0.16739454047978716,-0.20671192216181972,0.9310344827586207,0.1724137931034483,7.931034482758621,0.48712409101571663
D08_third_w33,8,third_probe_w33,34,QQQ,4,84,2024-05-31,2024-09-30,30,0.08613665447903895,0.009471355229409091,0.005026342206602474,0.33909922634484724,-0.11773975828353299,-0.07666529924962986,0.5,0.23333333333333334,4.0,0.46392063492063484
D08_third_w33,8,third_probe_w33,35,QQQ,9,189,2025-02-11,2025-11-10,30,0.1848421423831519,0.06839482318765625,0.02727540422044994,0.13583064591959895,-0.1431148996990989,-0.11644731919549564,0.5666666666666667,0.2,7.866666666666666,0.42742328042328037
D08_third_w33,8,third_probe_w33,36,QQQ,3,63,2025-01-14,2025-04-14,30,-0.0928917402537448,-0.03311817826078944,-0.03289505005138571,-0.6084386026587058,-0.1245475492860144,0.05977356199295537,0.26666666666666666,0.7666666666666667,4.333333333333333,0.3770582010582011
D08_third_w33,8,third_probe_w33,37,SOXX,10,210,2024-08-26,2025-06-27,30,0.057670134077346225,0.010821344352157295,-0.06066162483816995,-0.15041979677819237,-0.1794264436617271,-0.04684878972518893,0.36666666666666664,0.26666666666666666,8.6,0.29721111111111115
D08_third_w33,8,third_probe_w33,38,SOXX,12,252,2024-07-02,2025-07-03,30,-0.01969168950723721,-0.07316005032707613,-0.10984354889961151,-0.33663128611888915,-0.27108013433267575,-0.053468360819838925,0.23333333333333334,0.26666666666666666,11.5,0.3134272486772487
D08_third_w33,8,third_probe_w33,39,QQQ,5,105,2024-09-23,2025-02-24,30,0.07798180695234325,0.0871097247620499,0.028805169415475174,0.7819743782066639,-0.10675962918613185,0.009127917809706648,0.7333333333333333,0.36666666666666664,4.733333333333333,0.5000476190476191
D08_third_w33,8,third_probe_w33,40,QQQ,12,252,2025-05-13,2026-05-13,30,0.3929082039357876,0.1825941070044649,0.02055195931514553,0.25477870033997496,-0.16505952766893295,-0.21031409693132272,0.5333333333333333,0.16666666666666666,9.266666666666667,0.38821560846560843
D08_third_w33,8,third_probe_w33,41,SOXX,5,105,2024-12-18,2025-05-21,29,-0.03550519039857425,-0.07192507218208252,-0.07677319352628276,-0.7893860081508182,-0.16855064720241958,-0.03641988178350827,0.1724137931034483,0.3448275862068966,5.551724137931035,0.2839211822660099
D08_third_w33,8,third_probe_w33,42,QQQ,1,21,2026-06-01,2026-06-30,30,-0.007446386853765863,-0.011280318124974613,-0.005278680715248507,-1.309412731789898,-0.040316669228851486,-0.0038339312712087504,0.26666666666666666,0.5333333333333333,1.5333333333333334,0.31028571428571433
D08_third_w33,8,third_probe_w33,43,SOXX,5,105,2025-04-30,2025-09-29,30,0.4691356693755999,0.1693086082930185,0.1368388423575334,1.2839569783375286,-0.11784666499033002,-0.2998270610825814,0.7666666666666667,0.03333333333333333,3.8,0.4863396825396826
D08_third_w33,8,third_probe_w33,44,SOXX,5,105,2024-07-24,2024-12-19,29,-0.07336128139760856,0.00447920388992822,-0.047464363871105864,-0.5047544182590492,-0.12512587143425807,0.07784048528753677,0.3448275862068966,0.5862068965517241,6.206896551724138,0.3197142857142858
D08_third_w33,8,third_probe_w33,45,SOXX,12,252,2024-03-06,2025-03-07,30,-0.10757477953627947,-0.08988262721918576,-0.09450956401424987,-0.2888042065660356,-0.2518694501012903,0.017692152317093715,0.26666666666666666,0.5333333333333333,13.266666666666667,0.38568386243386243
D08_third_w33,8,third_probe_w33,46,SOXX,11,231,2024-02-13,2025-01-14,30,0.07418664137386521,0.05336364916623017,-0.008610693138461467,0.11819817862117117,-0.22851709858334096,-0.020822992207635047,0.4666666666666667,0.36666666666666664,11.333333333333334,0.39271284271284274
D08_third_w33,8,third_probe_w33,47,QQQ,12,252,2025-06-12,2026-06-12,30,0.3582273667812763,0.15346698572697454,0.04719518260069633,0.2953151407194827,-0.1954860285213393,-0.20476038105430178,0.6333333333333333,0.16666666666666666,11.2,0.4207010582010582
D08_third_w33,8,third_probe_w33,48,QQQ,1,21,2025-07-02,2025-07-31,30,0.025798870778167116,0.008671179999050305,-0.0005138409965735335,-0.014600760864429348,-0.04266663102267449,-0.01712769077911681,0.4,0.26666666666666666,1.4,0.5093174603174603
D08_third_w33,8,third_probe_w33,49,QQQ,6,126,2024-03-22,2024-09-20,30,0.08250113027758665,0.01153320583664691,0.004647259214072941,0.0819286850757346,-0.12656408772999678,-0.07096792444093974,0.5333333333333333,0.3,6.166666666666667,0.46533333333333343
D08_third_w33,8,third_probe_w33,50,QQQ,11,231,2025-04-16,2026-03-18,30,0.3441101199491847,0.1612724531524096,0.06266235771621798,0.48243139096654,-0.1312658232193577,-0.18283766679677513,0.6,0.13333333333333333,8.1,0.39434776334776334
D08_third_w33,8,third_probe_w33,51,SOXX,12,252,2025-05-09,2026-05-11,30,1.7645869991549006,0.6319402811658131,0.4426304203267071,1.4020550652904795,-0.19954406193071092,-1.1326467179890876,0.8666666666666667,0.1,10.866666666666667,0.47958333333333336
D08_third_w33,8,third_probe_w33,52,QQQ,6,126,2024-07-26,2025-01-27,30,0.11403086919643934,0.023099819684024407,0.04191329124803744,0.3138347114806426,-0.11998859797907971,-0.09093104951241493,0.6333333333333333,0.23333333333333334,5.833333333333333,0.4550740740740741
D08_third_w33,8,third_probe_w33,53,SOXX,9,189,2025-02-25,2025-11-21,30,0.27137754060742036,0.0628175924621723,0.02376140562374829,0.25193636087649185,-0.18291882537064102,-0.20855994814524806,0.6,0.2,8.433333333333334,0.3941834215167549
D08_third_w33,8,third_probe_w33,54,QQQ,10,210,2025-06-10,2026-04-10,30,0.14941279936704488,0.01021077777566101,0.010422154212790191,-0.03863214075151639,-0.17529128196192062,-0.13920202159138387,0.5,0.13333333333333333,8.466666666666667,0.43744603174603186
D08_third_w33,8,third_probe_w33,55,QQQ,9,189,2024-03-12,2024-12-09,30,0.18252323377671842,0.07209445237826835,0.007721859634984285,0.35545612716499425,-0.14813365313531296,-0.11042878139845007,0.5333333333333333,0.23333333333333334,7.7,0.46179188712522046
D08_third_w33,8,third_probe_w33,56,SOXX,1,21,2026-03-06,2026-04-06,30,0.06430085839175526,0.015200766415942741,0.010033654000423886,0.6201131269290322,-0.049019580089374466,-0.04910009197581251,0.6333333333333333,0.13333333333333333,1.9,0.3186507936507937
D08_third_w33,8,third_probe_w33,57,QQQ,11,231,2024-12-30,2025-12-01,30,0.20149282165868643,0.03703903375651648,-0.022155728051259593,-0.035007647609468256,-0.16649293595992123,-0.16445378790216994,0.4666666666666667,0.2,9.7,0.3915209235209235
D08_third_w33,8,third_probe_w33,58,QQQ,4,84,2025-05-06,2025-09-04,30,0.19622773691571815,0.042931627136268725,0.0,0.22337089624519949,-0.0805073097556161,-0.15329610977944944,0.4666666666666667,0.13333333333333333,2.7666666666666666,0.39701984126984124
D08_third_w33,8,third_probe_w33,59,SOXX,4,84,2026-02-25,2026-06-25,30,0.7007670678766698,0.2364217803735437,0.17056994254693092,1.9545992708498832,-0.10508804964513434,-0.4643452875031261,0.9,0.1,4.233333333333333,0.35246825396825393
D08_third_w33,8,third_probe_w33,60,SOXX,1,21,2024-12-26,2025-01-28,29,-0.04487084375145378,-0.03289799448267736,-0.024512599197637597,-1.3465082264941766,-0.08446414566059716,0.011972849268776418,0.20689655172413793,0.6551724137931034,1.793103448275862,0.4221674876847291
D08_third_w33,8,third_probe_w33,61,SOXX,3,63,2024-01-26,2024-04-25,29,0.06710127075469541,0.022832597333483123,-0.02398150889762951,-0.31798591817218197,-0.08858939588856883,-0.04426867342121228,0.3793103448275862,0.2413793103448276,3.2758620689655173,0.41151067323481105
D08_third_w33,8,third_probe_w33,62,SOXX,3,63,2025-06-20,2025-09-18,29,0.19111858758403377,0.1251095696973618,0.103215287635543,1.590765839760456,-0.1173832044390088,-0.06600901788667196,0.7586206896551724,0.3448275862068966,3.206896551724138,0.5972523262178434
D08_third_w33,8,third_probe_w33,63,QQQ,3,63,2025-10-01,2025-12-30,30,0.0281443024583361,-0.013147115851567767,-0.017501964846211138,-0.1120735446281448,-0.08218729052491797,-0.04129141830990387,0.3333333333333333,0.23333333333333334,2.9,0.3977142857142857
D08_third_w33,8,third_probe_w33,64,QQQ,2,42,2024-06-12,2024-08-12,30,-0.0465096827642848,-0.02433174713968796,-0.03205759132202218,-0.8462622579095154,-0.08152356565659105,0.02217793562459684,0.3,0.5333333333333333,2.8666666666666667,0.4109920634920635
D08_third_w33,8,third_probe_w33,65,SOXX,7,147,2024-03-27,2024-10-24,29,0.010917641305967063,-0.01570085010268973,-0.03486623521032428,-0.1433582869603855,-0.18277019005350717,-0.026618491408656794,0.3793103448275862,0.27586206896551724,7.206896551724138,0.39556415669716166
D08_third_w33,8,third_probe_w33,66,QQQ,7,147,2024-06-18,2025-01-17,30,0.08024880165552029,0.0263857017151937,0.010490969269542072,0.2765150819714387,-0.11582547437043987,-0.053863099940326585,0.5666666666666667,0.26666666666666666,5.366666666666666,0.4476666666666667
D08_third_w33,8,third_probe_w33,67,SOXX,6,126,2025-02-27,2025-08-27,30,0.2288069130259598,0.09576045552203123,0.06412823626529751,0.6436571789298368,-0.13708308241193798,-0.13304645750392857,0.6666666666666666,0.23333333333333334,5.133333333333334,0.401047619047619
D08_third_w33,8,third_probe_w33,68,SOXX,2,42,2026-01-27,2026-03-26,30,-0.06274182234420844,-0.005018812480188769,-0.021979586931884898,-0.6789803086706414,-0.0905576810296194,0.057723009864019674,0.43333333333333335,0.8,2.8666666666666667,0.3773015873015873
D08_third_w33,8,third_probe_w33,69,SOXX,8,168,2025-08-27,2026-04-28,30,0.752796897064234,0.31229634450960847,0.28652875255905985,1.1862378963284526,-0.18386482690766412,-0.44050055255462556,0.8,0.06666666666666667,8.866666666666667,0.47658531746031757
D08_third_w33,8,third_probe_w33,70,SOXX,5,105,2024-09-20,2025-02-21,29,0.005406814450626518,0.005003178504675319,-0.02950394564973191,-0.1969147106450263,-0.11841024241505411,-0.0004036359459511987,0.3793103448275862,0.3448275862068966,5.0344827586206895,0.3263448275862069
D08_third_w33,8,third_probe_w33,71,SOXX,4,84,2025-09-17,2026-01-15,29,0.30628589985012833,0.15311742058781336,0.12476003208077868,1.1909790453913451,-0.14768647763175768,-0.15316847926231497,0.7586206896551724,0.20689655172413793,5.103448275862069,0.5124712643678161
D08_third_w33,8,third_probe_w33,72,QQQ,4,84,2025-06-23,2025-10-20,30,0.15160143793785608,0.06180870178634385,-0.010562614892902777,0.3456430497650514,-0.08793568020867437,-0.08979273615151223,0.43333333333333335,0.26666666666666666,3.1,0.4377619047619047
D08_third_w33,8,third_probe_w33,73,SOXX,10,210,2023-11-28,2024-09-27,30,0.3732977081618618,0.09249422837637047,0.06211532895667371,0.36599093482156275,-0.19998129730734318,-0.28080347978549136,0.6333333333333333,0.06666666666666667,9.4,0.44260476190476195
D08_third_w33,8,third_probe_w33,74,QQQ,9,189,2025-04-09,2026-01-08,30,0.33624069066151074,0.11214763730404644,0.061139492341021784,0.4517562623929903,-0.14342102954129077,-0.22409305335746432,0.5666666666666667,0.13333333333333333,5.833333333333333,0.4129365079365079
D08_third_w33,8,third_probe_w33,75,QQQ,12,252,2024-12-19,2025-12-22,30,0.21234986652906018,0.04918909069207875,-0.07417977657674885,-0.09213924786676146,-0.19475667497329213,-0.16316077583698144,0.36666666666666664,0.16666666666666666,11.133333333333333,0.3998611111111111
D08_third_w33,8,third_probe_w33,76,SOXX,5,105,2024-05-10,2024-10-09,29,0.07166285164062502,0.005329421277773575,-0.03631258124676018,-0.058502630868802294,-0.15909950328407915,-0.06633343036285146,0.4482758620689655,0.3448275862068966,4.793103448275862,0.378791461412151
D08_third_w33,8,third_probe_w33,77,SOXX,8,168,2025-08-01,2026-04-01,30,0.43297225183525034,0.23324887830083113,0.25887485270532673,0.78624903558303,-0.186892017475651,-0.1997233735344192,0.7,0.36666666666666664,9.233333333333333,0.49489087301587303
D08_third_w33,8,third_probe_w33,78,QQQ,7,147,2025-11-12,2026-06-15,30,0.20096913413608264,0.05786791715207202,0.0004255355035360231,0.20442336534957667,-0.1325482333261677,-0.14310121698401063,0.5,0.16666666666666666,6.933333333333334,0.38655328798185945
D08_third_w33,8,third_probe_w33,79,SOXX,9,189,2023-12-14,2024-09-16,30,0.167905259845331,0.008250277196954517,-0.026909032826998913,-0.04493936942988593,-0.2008299566569137,-0.1596549826483765,0.3333333333333333,0.16666666666666666,9.433333333333334,0.47054850088183425
D08_third_w33,8,third_probe_w33,80,QQQ,6,126,2024-01-19,2024-07-19,30,0.1316414541629214,0.075975871632711,0.031783244993398574,0.43146744741900533,-0.10597360781281899,-0.055665582530210395,0.5666666666666667,0.3333333333333333,5.3,0.44642328042328044
D08_third_w33,8,third_probe_w33,81,QQQ,1,21,2024-11-13,2024-12-12,30,0.02781855470047412,0.028989022978807448,0.0,0.4071343881583355,-0.0311204161834372,0.0011704682783333295,0.43333333333333335,0.26666666666666666,1.1666666666666667,0.43907936507936507
D08_third_w33,8,third_probe_w33,82,SOXX,10,210,2024-06-21,2025-04-23,30,-0.3034388425007686,-0.15777744461295637,-0.17107765565559802,-0.8327158859421012,-0.27044048408745286,0.1456613978878122,0.16666666666666666,0.8,11.233333333333333,0.30776349206349213
D08_third_w33,8,third_probe_w33,83,QQQ,11,231,2024-05-24,2025-04-28,30,0.03788093693594541,0.03002805078802647,-0.032179126646051937,-0.06554792357175646,-0.18996343359720813,-0.007852886147918937,0.4666666666666667,0.43333333333333335,10.633333333333333,0.4258975468975469
D08_third_w33,8,third_probe_w33,84,SOXX,4,84,2025-03-26,2025-07-25,29,0.2196761364203743,0.07385342432005602,0.034360656914031784,0.34679846044178325,-0.09943234749735701,-0.14582271210031827,0.6206896551724138,0.1724137931034483,2.8275862068965516,0.36993842364532026
D08_third_w33,8,third_probe_w33,85,SOXX,3,63,2024-01-12,2024-04-12,29,0.17490173722683933,0.0818528803196462,0.039031965580777817,0.7500994491112869,-0.09022684475491022,-0.09304885690719313,0.7241379310344828,0.2413793103448276,3.103448275862069,0.49840175150519966
D08_third_w33,8,third_probe_w33,86,QQQ,4,84,2025-08-13,2025-12-10,30,0.08270584442079376,0.03676820731809613,-0.015210940172179666,-0.3163558965755883,-0.08157697516073494,-0.04593763710269763,0.36666666666666664,0.2,3.533333333333333,0.3832023809523809
D08_third_w33,8,third_probe_w33,87,QQQ,9,189,2025-08-12,2026-05-12,30,0.2238015104269533,0.10664795773697983,-0.005419213681845059,0.03572413348711513,-0.14021100493916042,-0.11715355268997346,0.4666666666666667,0.2,8.166666666666666,0.36067195767195764
D08_third_w33,8,third_probe_w33,88,QQQ,3,63,2023-09-06,2023-12-04,30,0.0323937441740032,0.001307912842428427,-0.007893215368472484,0.08936644486210717,-0.08514794463861493,-0.031085831331574776,0.4,0.2,3.2666666666666666,0.48683597883597873
D08_third_w33,8,third_probe_w33,89,QQQ,6,126,2024-03-08,2024-09-06,30,0.02500440115388769,-0.02478066386142308,-0.016090821397886923,-0.0914759478860603,-0.13784442876453432,-0.04978506501531077,0.4666666666666667,0.3,5.866666666666666,0.41157671957671954
D08_third_w33,8,third_probe_w33,90,SOXX,4,84,2024-02-09,2024-06-10,29,0.16166402534839164,0.052428296498272894,0.0409498177120724,0.6508001923470264,-0.10401674278368647,-0.10923572885011874,0.7241379310344828,0.13793103448275862,4.241379310344827,0.463115763546798
D08_third_w33,8,third_probe_w33,91,QQQ,6,126,2024-12-26,2025-06-30,30,0.04434132972322158,0.04206579570721291,-0.014907574132565549,0.017984208838277952,-0.1545139367224882,-0.0022755340160086693,0.5,0.3333333333333333,6.566666666666666,0.382042328042328
D08_third_w33,8,third_probe_w33,92,QQQ,2,42,2024-07-11,2024-09-09,30,-0.0761694342464847,-0.04883365789253699,-0.04075770225030456,-1.283902658117309,-0.08481360644109048,0.02733577635394771,0.13333333333333333,0.8,2.8333333333333335,0.36014285714285704
D08_third_w33,8,third_probe_w33,93,QQQ,8,168,2025-09-04,2026-05-05,30,0.18933459993954838,0.11376452947089223,-0.009020356030613352,0.3243258111278403,-0.14418397414672787,-0.07557007046865614,0.4666666666666667,0.2,7.6,0.4155734126984127
D08_third_w33,8,third_probe_w33,94,QQQ,11,231,2023-08-28,2024-07-29,29,0.27358869545907205,0.03120773412004542,0.057604168452659366,0.3035836494838738,-0.13987359025477952,-0.24238096133902665,0.5517241379310345,0.0,8.241379310344827,0.46377817584714137
D08_third_w33,8,third_probe_w33,95,SOXX,2,42,2024-10-18,2024-12-17,29,-0.02239739013513642,-0.0034206422459062634,-0.0181750725182116,-0.6412388675935551,-0.08322491415498498,0.018976747889230157,0.3448275862068966,0.5172413793103449,2.9655172413793105,0.3166584564860427
D08_third_w33,8,third_probe_w33,96,QQQ,9,189,2024-06-04,2025-03-06,30,0.07941245707007138,-0.03809083005898353,-0.04083921938175061,-0.06927986404829616,-0.1803207315657485,-0.11750328712905492,0.36666666666666664,0.13333333333333333,8.6,0.40923985890652564
D08_third_w33,8,third_probe_w33,97,SOXX,5,105,2025-12-31,2026-06-02,30,1.0102699251297969,0.39863821256651494,0.43764912183002314,2.1952976374817132,-0.1229920917503464,-0.611631712563282,0.8666666666666667,0.03333333333333333,5.266666666666667,0.42323809523809525
D08_third_w33,8,third_probe_w33,98,QQQ,4,84,2025-02-28,2025-06-30,30,0.08838217445442198,0.02685611393156314,0.005656512514198853,0.02251013204321352,-0.08942486811576536,-0.06152606052285884,0.6,0.23333333333333334,3.533333333333333,0.30926190476190474
D08_third_w33,8,third_probe_w33,99,SOXX,2,42,2026-05-13,2026-07-14,30,0.07552608567751218,0.0009071709863757752,-0.010323204695501909,-0.08551197169098139,-0.09322604836343912,-0.0746189146911364,0.4666666666666667,0.1,1.9333333333333333,0.3190396825396825
D09_lb40,9,dd_lookback40,0,SOXX,4,84,2025-01-15,2025-05-15,29,-0.04268271797372991,-0.05297306751551647,-0.03998092236297879,-0.7081932859461751,-0.13061161275302263,-0.010290349541786557,0.1724137931034483,0.5517241379310345,4.241379310344827,0.1911945812807882
D09_lb40,9,dd_lookback40,1,SOXX,4,84,2025-11-26,2026-03-30,29,0.0653592129111733,0.15357524107458131,0.08498997312186996,0.858595303552259,-0.11372577782444732,0.08821602816340801,0.7241379310344828,0.5517241379310345,4.655172413793103,0.44047619047619047
D09_lb40,9,dd_lookback40,2,SOXX,12,252,2024-06-12,2025-06-13,30,-0.11229341109132818,-0.1054837852827824,-0.1646719386584336,-0.46796645799907627,-0.2662359129945975,0.006809625808545772,0.23333333333333334,0.4,13.666666666666666,0.31712962962962965
D09_lb40,9,dd_lookback40,3,QQQ,1,21,2026-01-13,2026-02-11,30,-0.02096638715391519,-0.001992339190268914,-0.0022372837233788356,-1.0054460127748581,-0.06268672985596636,0.018974047963646275,0.36666666666666664,0.5666666666666667,2.066666666666667,0.45
D09_lb40,9,dd_lookback40,4,QQQ,8,168,2025-02-28,2025-10-28,30,0.2501946769916814,0.07081154966260383,0.000801993295302339,0.19784688842484935,-0.14166662424925605,-0.17938312732907757,0.5,0.23333333333333334,6.533333333333333,0.37539682539682545
D09_lb40,9,dd_lookback40,5,SOXX,3,63,2025-03-10,2025-06-06,29,0.11931802402050695,0.011451951900527214,0.0,0.08641871546649235,-0.05666767792847704,-0.10786607211997974,0.4827586206896552,0.06896551724137931,2.586206896551724,0.16803503010399565
D09_lb40,9,dd_lookback40,6,SOXX,12,252,2024-10-18,2025-10-21,30,0.2792904450054976,0.1040078772076851,0.041336155851284695,0.28383052053648355,-0.1980481873792311,-0.17528256779781248,0.5666666666666667,0.2,11.266666666666667,0.3820767195767196
D09_lb40,9,dd_lookback40,7,SOXX,5,105,2024-08-02,2024-12-31,30,0.0461545872289324,-0.007937922270408423,-0.03646791518364262,-0.3460418307361134,-0.11591724044642795,-0.05409250949934082,0.3333333333333333,0.2,5.133333333333334,0.2538095238095238
D09_lb40,9,dd_lookback40,8,SOXX,11,231,2024-01-29,2024-12-26,30,0.11728604186347558,0.0014976675695107743,-0.03347000021225588,-0.052469985018329265,-0.23894361178451934,-0.1157883742939648,0.43333333333333335,0.13333333333333333,11.966666666666667,0.36875901875901873
D09_lb40,9,dd_lookback40,9,QQQ,7,147,2025-12-22,2026-07-24,30,0.10761391047221691,0.07508299680133666,0.026837233779796854,0.2916692220122652,-0.1328945619996108,-0.03253091367088025,0.5666666666666667,0.36666666666666664,7.1,0.3631519274376417
D09_lb40,9,dd_lookback40,10,SOXX,11,231,2025-04-30,2026-03-31,30,0.7991727370086741,0.344520220339951,0.28870634467554956,1.0474524910377168,-0.1846905415013867,-0.4546525166687231,0.9333333333333333,0.1,9.933333333333334,0.4417388167388167
D09_lb40,9,dd_lookback40,11,SOXX,7,147,2023-12-07,2024-07-10,30,0.5448433677075268,0.20975647057240987,0.15335664156645623,1.1275026217781814,-0.1384127828222751,-0.33508689713511697,0.8333333333333334,0.06666666666666667,6.533333333333333,0.4656462585034013
D09_lb40,9,dd_lookback40,12,QQQ,11,231,2024-03-27,2025-02-27,30,0.12982124242441295,0.08482954905725863,0.018039008408262946,0.3441636562875422,-0.15477306197265472,-0.04499169336715432,0.5,0.3333333333333333,10.0,0.4256132756132757
D09_lb40,9,dd_lookback40,13,QQQ,10,210,2024-09-30,2025-08-01,30,0.1396408202388819,0.05359583308859004,0.01973470944202449,0.17888361486758683,-0.1553156023616987,-0.08604498715029188,0.5666666666666667,0.2,8.9,0.3826190476190476
D09_lb40,9,dd_lookback40,14,QQQ,9,189,2025-02-11,2025-11-10,30,0.1848421423831519,0.02887042718628777,-0.01109503874531842,0.028690712744815192,-0.16627505692393924,-0.15597171519686412,0.43333333333333335,0.2,8.0,0.40665784832451496
D09_lb40,9,dd_lookback40,15,SOXX,2,42,2023-11-10,2024-01-11,29,0.13378672181991424,0.08567787240545763,0.06189993405186023,1.8220261300131602,-0.06311654270219683,-0.04810884941445662,0.8620689655172413,0.3103448275862069,1.4482758620689655,0.5543924466338259
D09_lb40,9,dd_lookback40,16,QQQ,8,168,2025-04-17,2025-12-16,30,0.3806506610687259,0.0806282863231377,-0.00934337629426829,0.17357448570303385,-0.11300743209515457,-0.30002237474558824,0.43333333333333335,0.13333333333333333,5.566666666666666,0.3314980158730158
D09_lb40,9,dd_lookback40,17,QQQ,3,63,2023-10-12,2024-01-11,29,0.10935424408522043,0.05518185469400269,0.03921782662386142,1.0111837493454738,-0.06705751440162772,-0.05417238939121774,0.7241379310344828,0.27586206896551724,2.4482758620689653,0.47495894909688013
D09_lb40,9,dd_lookback40,18,SOXX,7,147,2025-06-02,2025-12-30,29,0.4742072430583639,0.15398256378439099,0.08828285789562451,0.8160082430664879,-0.17416816006048463,-0.3202246792739729,0.6551724137931034,0.13793103448275862,7.482758620689655,0.5147783251231527
D09_lb40,9,dd_lookback40,19,QQQ,2,42,2026-01-20,2026-03-19,30,-0.024734412068352585,0.004376071273958989,0.0,-0.09828523115423402,-0.06124075282213871,0.029110483342311574,0.43333333333333335,0.7333333333333333,2.7666666666666666,0.34424603174603174
D09_lb40,9,dd_lookback40,20,QQQ,2,42,2025-12-30,2026-03-02,30,-0.01830706738570409,0.011173770657529114,0.0,0.20811992083886718,-0.06585323743287796,0.029480838043233204,0.4666666666666667,0.6,2.5,0.44761904761904764
D09_lb40,9,dd_lookback40,21,QQQ,8,168,2024-02-14,2024-10-14,30,0.15334174114524046,0.026142336126826923,0.03544207471335903,0.2702438503526942,-0.1395188538452049,-0.12719940501841354,0.6333333333333333,0.2,6.766666666666667,0.41443452380952384
D09_lb40,9,dd_lookback40,22,QQQ,4,84,2025-10-15,2026-02-13,30,0.0007896560047677692,0.034486903179610964,0.025613733201215738,0.15743051602728958,-0.08342310552719034,0.033697247174843195,0.5666666666666667,0.5666666666666667,4.466666666666667,0.4093253968253968
D09_lb40,9,dd_lookback40,23,QQQ,3,63,2026-01-08,2026-04-09,30,-0.0153279984002892,-0.0061129815203666005,0.0005221817763736425,-0.608295108400404,-0.08384148976887701,0.0092150168799226,0.5,0.5666666666666667,4.0,0.292063492063492
D09_lb40,9,dd_lookback40,24,SOXX,5,105,2026-02-10,2026-07-13,30,0.5770255442312711,0.18495821699950854,0.0666182556193109,1.053345657734552,-0.1021839908189536,-0.3920673272317625,0.7333333333333333,0.13333333333333333,4.566666666666666,0.28484126984126984
D09_lb40,9,dd_lookback40,25,QQQ,5,105,2026-01-14,2026-06-15,30,0.20238584863226716,0.09322473671587046,0.05593410127067899,0.6352270447069203,-0.09745971482642093,-0.1091611119163967,0.6333333333333333,0.16666666666666666,5.533333333333333,0.2972222222222222
D09_lb40,9,dd_lookback40,26,QQQ,12,252,2025-01-16,2026-01-16,30,0.2169851270630765,0.10321651456487034,-0.025961397242401596,0.12827074378653316,-0.16349739283137885,-0.11376861249820615,0.43333333333333335,0.2,10.833333333333334,0.38720238095238096
D09_lb40,9,dd_lookback40,27,SOXX,4,84,2026-03-20,2026-07-21,30,0.6629647609934404,0.16806549982354974,0.11826033645691558,1.751039110159845,-0.096788639960216,-0.49489926116989064,0.8666666666666667,0.03333333333333333,3.7,0.28055555555555556
D09_lb40,9,dd_lookback40,28,SOXX,10,210,2023-09-12,2024-07-12,30,0.6054235196262121,0.226546900537621,0.12615570097788587,0.9380965523449372,-0.1439498998816492,-0.3788766190885911,0.8,0.1,8.966666666666667,0.45289682539682535
D09_lb40,9,dd_lookback40,29,QQQ,10,210,2023-11-02,2024-09-04,29,0.27426335783759614,0.08927419030156121,0.07954910647409097,0.6265402049095603,-0.15030932081502887,-0.18498916753603495,0.6896551724137931,0.1724137931034483,8.310344827586206,0.4621510673234811
D09_lb40,9,dd_lookback40,30,SOXX,11,231,2025-02-26,2026-01-27,30,0.6222676159829015,0.23503114791602853,0.14853503012443214,0.7888737718830491,-0.192400224050797,-0.38723646806687295,0.7333333333333333,0.13333333333333333,10.133333333333333,0.41067821067821075
D09_lb40,9,dd_lookback40,31,SOXX,4,84,2024-11-26,2025-03-31,30,-0.12412361759187396,-0.0384258855102709,-0.03885960055581572,-0.6709565748939407,-0.11766132184374768,0.08569773208160306,0.3,0.8,4.266666666666667,0.30178571428571427
D09_lb40,9,dd_lookback40,32,SOXX,3,63,2024-07-29,2024-10-24,29,-0.004528634488460304,-0.027649137502604105,-0.04128130141474262,-1.147523800649041,-0.07363023168849263,-0.0231205030141438,0.1724137931034483,0.27586206896551724,3.4482758620689653,0.19978106185002736
D09_lb40,9,dd_lookback40,33,SOXX,7,147,2025-09-16,2026-04-16,29,0.5731892331920965,0.33505783361607977,0.2539518685389386,1.4530296349888014,-0.16352289203429482,-0.2381313995760167,0.9310344827586207,0.1724137931034483,7.862068965517241,0.4495660333098757
D09_lb40,9,dd_lookback40,34,QQQ,4,84,2024-05-31,2024-09-30,30,0.08613665447903895,0.008653362876678238,0.00047555888329209317,0.34156360273309677,-0.11440216036877557,-0.07748329160236071,0.5,0.23333333333333334,3.966666666666667,0.43154761904761896
D09_lb40,9,dd_lookback40,35,QQQ,9,189,2025-02-11,2025-11-10,30,0.1848421423831519,0.07356222432402146,0.01833081508275869,0.21890694745110878,-0.1344229096031379,-0.11127991805913043,0.5666666666666667,0.2,8.133333333333333,0.40414462081128744
D09_lb40,9,dd_lookback40,36,QQQ,3,63,2025-01-14,2025-04-14,30,-0.0928917402537448,-0.030391621153162386,-0.033648125917785876,-0.6274783167408954,-0.11625948990923798,0.06250011910058242,0.23333333333333334,0.8,4.333333333333333,0.34325396825396826
D09_lb40,9,dd_lookback40,37,SOXX,10,210,2024-08-26,2025-06-27,30,0.057670134077346225,0.027515124137645466,-0.03223104152162504,-0.0007509069855861528,-0.1675020234545345,-0.030155009939700758,0.4,0.36666666666666664,9.166666666666666,0.2876190476190476
D09_lb40,9,dd_lookback40,38,SOXX,12,252,2024-07-02,2025-07-03,30,-0.01969168950723721,-0.06414634916102874,-0.10568871861817031,-0.30300536212399626,-0.2558580479905187,-0.04445465965379153,0.26666666666666666,0.3,11.633333333333333,0.2943121693121693
D09_lb40,9,dd_lookback40,39,QQQ,5,105,2024-09-23,2025-02-24,30,0.07798180695234325,0.08219217644044549,0.024290825767594004,0.7693545126604114,-0.10296791726913579,0.004210369488102245,0.7,0.3333333333333333,4.733333333333333,0.46952380952380945
D09_lb40,9,dd_lookback40,40,QQQ,12,252,2025-05-13,2026-05-13,30,0.3929082039357876,0.17004501886803922,0.012610767295468062,0.27904505741257746,-0.15951776331816092,-0.2228631850677484,0.5333333333333333,0.13333333333333333,9.566666666666666,0.3583333333333334
D09_lb40,9,dd_lookback40,41,SOXX,5,105,2024-12-18,2025-05-21,29,-0.03550519039857425,-0.06203244984051713,-0.0687766729433652,-0.6647492752413087,-0.15860872872631765,-0.026527259441942883,0.20689655172413793,0.3448275862068966,5.896551724137931,0.26330049261083743
D09_lb40,9,dd_lookback40,42,QQQ,1,21,2026-06-01,2026-06-30,30,-0.007446386853765863,-0.009898571882614771,-0.005607177728949753,-1.2934745295759997,-0.03477793028608881,-0.0024521850288489085,0.26666666666666666,0.5,1.5333333333333334,0.26587301587301587
D09_lb40,9,dd_lookback40,43,SOXX,5,105,2025-04-30,2025-09-29,30,0.4691356693755999,0.1629000420601619,0.13683146121020928,1.2384401359222912,-0.11790706577205974,-0.306235627315438,0.8,0.03333333333333333,3.933333333333333,0.4838888888888889
D09_lb40,9,dd_lookback40,44,SOXX,5,105,2024-07-24,2024-12-19,29,-0.07336128139760856,0.0091302295075452,-0.037213426736457,-0.4594864885467659,-0.11751607801926692,0.08249151090515376,0.3448275862068966,0.6551724137931034,6.275862068965517,0.30016420361247953
D09_lb40,9,dd_lookback40,45,SOXX,12,252,2024-03-06,2025-03-07,30,-0.10757477953627947,-0.08466583629539139,-0.09913907508948733,-0.2752808976313089,-0.24343604719177298,0.02290894324088809,0.23333333333333334,0.5333333333333333,13.4,0.3569444444444444
D09_lb40,9,dd_lookback40,46,SOXX,11,231,2024-02-13,2025-01-14,30,0.07418664137386521,0.05133754085344533,-0.012705939195415683,0.1162498501654814,-0.21947973569329812,-0.022849100520419885,0.4666666666666667,0.3333333333333333,11.6,0.3651154401154401
D09_lb40,9,dd_lookback40,47,QQQ,12,252,2025-06-12,2026-06-12,30,0.3582273667812763,0.14289533041510247,0.03345386002266926,0.29713274199378964,-0.1894159027218759,-0.21533203636617385,0.6333333333333333,0.16666666666666666,11.5,0.4011574074074074
D09_lb40,9,dd_lookback40,48,QQQ,1,21,2025-07-02,2025-07-31,30,0.025798870778167116,0.008226249566325169,-0.00037880443213278436,-0.060069262955889616,-0.04113449769746642,-0.017572621211841947,0.4,0.26666666666666666,1.4,0.4797619047619048
D09_lb40,9,dd_lookback40,49,QQQ,6,126,2024-03-22,2024-09-20,30,0.08250113027758665,0.005186095077000486,0.004995889420414179,0.014101476074995753,-0.12408954968002152,-0.07731503520058616,0.5333333333333333,0.23333333333333334,6.266666666666667,0.4272486772486773
D09_lb40,9,dd_lookback40,50,QQQ,11,231,2025-04-16,2026-03-18,30,0.3441101199491847,0.16084277903636263,0.06919570806712405,0.5357644169054729,-0.12799294114782056,-0.1832673409128221,0.6,0.16666666666666666,8.3,0.37510822510822517
D09_lb40,9,dd_lookback40,51,SOXX,12,252,2025-05-09,2026-05-11,30,1.7645869991549006,0.5758340942072497,0.4541340303936455,1.3562113270801366,-0.19324713738109714,-1.1887529049476508,0.8666666666666667,0.1,10.966666666666667,0.4550595238095239
D09_lb40,9,dd_lookback40,52,QQQ,6,126,2024-07-26,2025-01-27,30,0.11403086919643934,0.01743805739502287,0.03750496449748275,0.27294117796965256,-0.11760993093155307,-0.09659281180141648,0.6666666666666666,0.13333333333333333,5.9,0.4251984126984127
D09_lb40,9,dd_lookback40,53,SOXX,9,189,2025-02-25,2025-11-21,30,0.27137754060742036,0.06762732212752921,0.029149604221638703,0.266218353400053,-0.17555220578043304,-0.20375021847989117,0.6,0.2,8.7,0.37998236331569674
D09_lb40,9,dd_lookback40,54,QQQ,10,210,2025-06-10,2026-04-10,30,0.14941279936704488,0.007546667565557433,0.015343469701895152,-0.05669345875313971,-0.1701249520823809,-0.14186613180148744,0.5333333333333333,0.13333333333333333,8.6,0.41507936507936516
D09_lb40,9,dd_lookback40,55,QQQ,9,189,2024-03-12,2024-12-09,30,0.18252323377671842,0.06957118657950725,-0.007108899846334282,0.33373088233354586,-0.14355763197666052,-0.11295204719721116,0.4666666666666667,0.2,7.8,0.43492063492063493
D09_lb40,9,dd_lookback40,56,SOXX,1,21,2026-03-06,2026-04-06,30,0.06430085839175526,0.01262621125470359,0.00810063241815262,0.6323069858072149,-0.03996686411930483,-0.051674647137051666,0.6,0.06666666666666667,1.9,0.2551587301587302
D09_lb40,9,dd_lookback40,57,QQQ,11,231,2024-12-30,2025-12-01,30,0.20149282165868643,0.03310862679468841,-0.008629823847539297,-0.06160537221671425,-0.1607752692444186,-0.16838419486399803,0.4666666666666667,0.16666666666666666,9.833333333333334,0.362049062049062
D09_lb40,9,dd_lookback40,58,QQQ,4,84,2025-05-06,2025-09-04,30,0.19622773691571815,0.05143212766125555,0.0030960189470530253,0.3746476805383896,-0.07813233695023862,-0.1447956092544626,0.5333333333333333,0.13333333333333333,2.966666666666667,0.3943452380952381
D09_lb40,9,dd_lookback40,59,SOXX,4,84,2026-02-25,2026-06-25,30,0.7007670678766698,0.2010172970504718,0.1331508901519699,1.8766623318910272,-0.09628387820434849,-0.499749770826198,0.8666666666666667,0.1,4.233333333333333,0.3028769841269841
D09_lb40,9,dd_lookback40,60,SOXX,1,21,2024-12-26,2025-01-28,29,-0.04487084375145378,-0.03183304371743882,-0.01845243021325904,-1.3931403442262353,-0.07977940157742779,0.01303780003401496,0.1724137931034483,0.7241379310344828,1.8275862068965518,0.3957307060755337
D09_lb40,9,dd_lookback40,61,SOXX,3,63,2024-01-26,2024-04-25,29,0.06710127075469541,0.023647410630131257,-0.026546500573412457,-0.3799333784470473,-0.08190227667918784,-0.04345386012456415,0.3793103448275862,0.2413793103448276,3.2758620689655173,0.37041598248494795
D09_lb40,9,dd_lookback40,62,SOXX,3,63,2025-06-20,2025-09-18,29,0.19111858758403377,0.1171786798519916,0.09226481153460564,1.4469054630165368,-0.11759826959959377,-0.07393990773204218,0.7586206896551724,0.3103448275862069,3.206896551724138,0.5782703886152162
D09_lb40,9,dd_lookback40,63,QQQ,3,63,2025-10-01,2025-12-30,30,0.0281443024583361,-0.015215137712844943,-0.017932805600609614,-0.2500255450401555,-0.07956888456439076,-0.04335944017118104,0.3333333333333333,0.23333333333333334,2.966666666666667,0.37367724867724866
D09_lb40,9,dd_lookback40,64,QQQ,2,42,2024-06-12,2024-08-12,30,-0.0465096827642848,-0.021884512392873486,-0.032972481673471776,-0.757657656992492,-0.0765027042666114,0.024625170371411313,0.3,0.6666666666666666,2.8666666666666667,0.37182539682539684
D09_lb40,9,dd_lookback40,65,SOXX,7,147,2024-03-27,2024-10-24,29,0.010917641305967063,-0.01570918581750409,-0.022529463220274937,-0.15887766761484062,-0.17633573324289503,-0.026626827123471152,0.3793103448275862,0.2413793103448276,7.482758620689655,0.3714520290874971
D09_lb40,9,dd_lookback40,66,QQQ,7,147,2024-06-18,2025-01-17,30,0.08024880165552029,0.02797459448795071,0.00828547454597528,0.28794856267214874,-0.11311843528326389,-0.05227420716756957,0.5666666666666667,0.26666666666666666,5.4,0.4199546485260771
D09_lb40,9,dd_lookback40,67,SOXX,6,126,2025-02-27,2025-08-27,30,0.2288069130259598,0.10306493238158457,0.059796271252665956,0.7608506307332199,-0.1272591288353706,-0.12574198064437522,0.7333333333333333,0.26666666666666666,5.233333333333333,0.39854497354497354
D09_lb40,9,dd_lookback40,68,SOXX,2,42,2026-01-27,2026-03-26,30,-0.06274182234420844,0.00030890589797557915,-0.011523418275752706,-0.41184563489026355,-0.08245788291992827,0.06305072824218402,0.4666666666666667,0.8666666666666667,2.933333333333333,0.34365079365079365
D09_lb40,9,dd_lookback40,69,SOXX,8,168,2025-08-27,2026-04-28,30,0.752796897064234,0.2789124243624748,0.24412675083057989,1.1273997580042239,-0.17775950244575225,-0.4738844727017592,0.8,0.06666666666666667,8.833333333333334,0.4395833333333333
D09_lb40,9,dd_lookback40,70,SOXX,5,105,2024-09-20,2025-02-21,29,0.005406814450626518,0.009236950940840507,-0.03595661351585977,-0.13526536050398646,-0.11302220924313663,0.003830136490213989,0.41379310344827586,0.3793103448275862,5.137931034482759,0.304679802955665
D09_lb40,9,dd_lookback40,71,SOXX,4,84,2025-09-17,2026-01-15,29,0.30628589985012833,0.1393975120825156,0.1208104055404875,1.1521239087763886,-0.14286298121300933,-0.16688838776761272,0.7586206896551724,0.1724137931034483,5.103448275862069,0.48019293924466344
D09_lb40,9,dd_lookback40,72,QQQ,4,84,2025-06-23,2025-10-20,30,0.15160143793785608,0.058950672733594785,-0.017087104926892693,0.30168848848571284,-0.08486437005806419,-0.0926507652042613,0.4666666666666667,0.23333333333333334,3.066666666666667,0.41339285714285723
D09_lb40,9,dd_lookback40,73,SOXX,10,210,2023-11-28,2024-09-27,30,0.3732977081618618,0.0938541388659389,0.05406845361931578,0.3769662261421805,-0.19350063690479605,-0.2794435692959229,0.6666666666666666,0.06666666666666667,9.6,0.4143650793650793
D09_lb40,9,dd_lookback40,74,QQQ,9,189,2025-04-09,2026-01-08,30,0.33624069066151074,0.10987308136337476,0.045511231147036146,0.502432043228467,-0.13957170957118814,-0.22636760929813599,0.6333333333333333,0.13333333333333333,6.033333333333333,0.3898148148148148
D09_lb40,9,dd_lookback40,75,QQQ,12,252,2024-12-19,2025-12-22,30,0.21234986652906018,0.051446073913330954,-0.05394279508896482,-0.037834346589647856,-0.17948241919700111,-0.16090379261572924,0.36666666666666664,0.16666666666666666,11.366666666666667,0.37354497354497346
D09_lb40,9,dd_lookback40,76,SOXX,5,105,2024-05-10,2024-10-09,29,0.07166285164062502,0.009531344123552641,-0.02260740935118688,-0.030626577269762506,-0.15050827970379893,-0.06213150751707239,0.4482758620689655,0.3103448275862069,5.103448275862069,0.3545155993431855
D09_lb40,9,dd_lookback40,77,SOXX,8,168,2025-08-01,2026-04-01,30,0.43297225183525034,0.21628636992969483,0.24618364370334,0.7507762910305051,-0.18248403528646698,-0.21668588190555552,0.7,0.23333333333333334,9.233333333333333,0.4602678571428572
D09_lb40,9,dd_lookback40,78,QQQ,7,147,2025-11-12,2026-06-15,30,0.20096913413608264,0.03955962376600113,-0.002440245753500603,0.1186744086060964,-0.1287996261488645,-0.1614095103700815,0.5,0.16666666666666666,6.966666666666667,0.3589002267573696
D09_lb40,9,dd_lookback40,79,SOXX,9,189,2023-12-14,2024-09-16,30,0.167905259845331,0.009597158169604152,-0.02029629380237785,-0.04028514899990223,-0.19264840548338022,-0.15830810167572684,0.4,0.1,9.466666666666667,0.439021164021164
D09_lb40,9,dd_lookback40,80,QQQ,6,126,2024-01-19,2024-07-19,30,0.1316414541629214,0.07082679331659683,0.036112126588250804,0.42412019586279054,-0.10329113018477605,-0.06081466084632456,0.5666666666666667,0.23333333333333334,5.3,0.42169312169312173
D09_lb40,9,dd_lookback40,81,QQQ,1,21,2024-11-13,2024-12-12,30,0.02781855470047412,0.028525834933964503,0.0,0.5084470785917808,-0.030219307994172197,0.0007072802334903844,0.4666666666666667,0.23333333333333334,1.2,0.41904761904761906
D09_lb40,9,dd_lookback40,82,SOXX,10,210,2024-06-21,2025-04-23,30,-0.3034388425007686,-0.1436524303292691,-0.14350118376352172,-0.7835101910636347,-0.2537756116007304,0.15978641217149947,0.2,0.8666666666666667,11.633333333333333,0.2863492063492063
D09_lb40,9,dd_lookback40,83,QQQ,11,231,2024-05-24,2025-04-28,30,0.03788093693594541,0.02950763164352819,-0.02405476074142726,-0.07196854157381158,-0.18505658751436507,-0.00837330529241722,0.4666666666666667,0.4,10.7,0.3977272727272727
D09_lb40,9,dd_lookback40,84,SOXX,4,84,2025-03-26,2025-07-25,29,0.2196761364203743,0.08034710736586442,0.04069023833807961,0.44802998852681936,-0.09524809740989494,-0.1393290290545099,0.5862068965517241,0.1724137931034483,3.0689655172413794,0.37623152709359603
D09_lb40,9,dd_lookback40,85,SOXX,3,63,2024-01-12,2024-04-12,29,0.17490173722683933,0.07738146461961992,0.023859784634367998,0.6958398487788855,-0.08575700892261783,-0.0975202726072194,0.7241379310344828,0.2413793103448276,3.103448275862069,0.4519704433497538
D09_lb40,9,dd_lookback40,86,QQQ,4,84,2025-08-13,2025-12-10,30,0.08270584442079376,0.031780472489601856,-0.02216667398583022,-0.4069664725302827,-0.07680962029713154,-0.050925371931191905,0.36666666666666664,0.16666666666666666,3.7333333333333334,0.34930555555555554
D09_lb40,9,dd_lookback40,87,QQQ,9,189,2025-08-12,2026-05-12,30,0.2238015104269533,0.096255988721645,-0.005948335333880284,0.07712609763527287,-0.13516280334453604,-0.1275455217053083,0.4666666666666667,0.2,8.433333333333334,0.3358024691358025
D09_lb40,9,dd_lookback40,88,QQQ,3,63,2023-09-06,2023-12-04,30,0.0323937441740032,-0.006147512489339971,-0.020105600527089817,-0.18814359434651254,-0.083567073054643,-0.038541256663343175,0.3333333333333333,0.13333333333333333,3.1666666666666665,0.4441798941798941
D09_lb40,9,dd_lookback40,89,QQQ,6,126,2024-03-08,2024-09-06,30,0.02500440115388769,-0.029257157310605197,-0.019579040873459186,-0.21369221600285906,-0.1370199932165379,-0.05426155846449289,0.43333333333333335,0.3,5.833333333333333,0.3857142857142858
D09_lb40,9,dd_lookback40,90,SOXX,4,84,2024-02-09,2024-06-10,29,0.16166402534839164,0.05051334055610126,0.03496848687751841,0.6964476115684842,-0.09905112158189079,-0.11115068479229037,0.6896551724137931,0.10344827586206896,4.344827586206897,0.43277914614121515
D09_lb40,9,dd_lookback40,91,QQQ,6,126,2024-12-26,2025-06-30,30,0.04434132972322158,0.05311233000678719,-0.002857209507754921,0.21557530401931088,-0.14334675698863097,0.00877100028356561,0.4666666666666667,0.4,6.833333333333333,0.36230158730158724
D09_lb40,9,dd_lookback40,92,QQQ,2,42,2024-07-11,2024-09-09,30,-0.0761694342464847,-0.05079116652060326,-0.031995728946447644,-1.4480667448417361,-0.07936761752078016,0.02537826772588144,0.1,0.8,2.8333333333333335,0.3142857142857142
D09_lb40,9,dd_lookback40,93,QQQ,8,168,2025-09-04,2026-05-05,30,0.18933459993954838,0.100455276284811,0.0037072401034120572,0.3109675148168776,-0.14103797232962853,-0.08887932365473737,0.5,0.2,7.6,0.386061507936508
D09_lb40,9,dd_lookback40,94,QQQ,11,231,2023-08-28,2024-07-29,29,0.27358869545907205,0.024582361868371438,0.039909610599453416,0.20461620107327366,-0.1367763191015204,-0.24900633359070062,0.5517241379310345,0.0,8.275862068965518,0.430773249738767
D09_lb40,9,dd_lookback40,95,SOXX,2,42,2024-10-18,2024-12-17,29,-0.02239739013513642,0.0014852681756529378,-0.013682629925785394,-0.4629667741161728,-0.07615012751634703,0.023882658310789357,0.3793103448275862,0.5517241379310345,2.9310344827586206,0.2965927750410509
D09_lb40,9,dd_lookback40,96,QQQ,9,189,2024-06-04,2025-03-06,30,0.07941245707007138,-0.032621255444356734,-0.029752793641843467,-0.028825824312214084,-0.1738296819769492,-0.11203371251442812,0.36666666666666664,0.13333333333333333,8.6,0.37720458553791897
D09_lb40,9,dd_lookback40,97,SOXX,5,105,2025-12-31,2026-06-02,30,1.0102699251297969,0.35262053306566976,0.3580075592858305,2.098363724469628,-0.11446180590460658,-0.6576493920641271,0.8666666666666667,0.03333333333333333,5.3,0.38190476190476186
D09_lb40,9,dd_lookback40,98,QQQ,4,84,2025-02-28,2025-06-30,30,0.08838217445442198,0.032662065307509994,0.011812541099592955,0.21219367802428157,-0.08239560647168567,-0.055720109146911986,0.6,0.2,3.7333333333333334,0.30257936507936506
D09_lb40,9,dd_lookback40,99,SOXX,2,42,2026-05-13,2026-07-14,30,0.07552608567751218,0.0030169464325186337,-0.008523389117726321,-0.0815302484262884,-0.07490748152950728,-0.07250913924499354,0.43333333333333335,0.06666666666666667,1.9333333333333333,0.2617063492063492
D10_lb90,10,dd_lookback90,0,SOXX,4,84,2025-01-15,2025-05-15,29,-0.04268271797372991,-0.04973376036636796,-0.043994657632017486,-0.6717557189175584,-0.12231158159468253,-0.0070510423926380475,0.13793103448275862,0.4827586206896552,3.8275862068965516,0.1763136288998358
D10_lb90,10,dd_lookback90,1,SOXX,4,84,2025-11-26,2026-03-30,29,0.0653592129111733,0.15073643338710105,0.08498997312186929,0.7961845383171526,-0.11315805430544712,0.08537722047592775,0.7241379310344828,0.5517241379310345,4.620689655172414,0.4326765188834154
D10_lb90,10,dd_lookback90,2,SOXX,12,252,2024-06-12,2025-06-13,30,-0.11229341109132818,-0.11040922435396021,-0.17635780377484916,-0.5136427792163766,-0.26569082432205715,0.0018841867373679683,0.23333333333333334,0.3333333333333333,12.5,0.29755291005291007
D10_lb90,10,dd_lookback90,3,QQQ,1,21,2026-01-13,2026-02-11,30,-0.02096638715391519,0.0011472414348533226,0.0,-0.39828790281719595,-0.05930237369883935,0.022113628588768513,0.36666666666666664,0.6666666666666666,1.8333333333333333,0.43492063492063493
D10_lb90,10,dd_lookback90,4,QQQ,8,168,2025-02-28,2025-10-28,30,0.2501946769916814,0.07001791170830281,0.002872079297178587,0.17498125377724738,-0.1450489000426661,-0.18017676528337861,0.5333333333333333,0.23333333333333334,6.466666666666667,0.3693948412698413
D10_lb90,10,dd_lookback90,5,SOXX,3,63,2025-03-10,2025-06-06,29,0.11931802402050695,0.009876411750582292,-0.00564540652703216,-0.26934037558758106,-0.049300591660867595,-0.10944161226992466,0.3103448275862069,0.06896551724137931,2.1379310344827585,0.1444991789819376
D10_lb90,10,dd_lookback90,6,SOXX,12,252,2024-10-18,2025-10-21,30,0.2792904450054976,0.09367058241123297,0.0418175574445403,0.24651458957149147,-0.203053119559815,-0.18561986259426463,0.5666666666666667,0.2,10.733333333333333,0.3627645502645503
D10_lb90,10,dd_lookback90,7,SOXX,5,105,2024-08-02,2024-12-31,30,0.0461545872289324,-0.012389786740488632,-0.030127146341889566,-0.5074589463367666,-0.11351785910208753,-0.058544373969421026,0.3,0.2,4.8,0.236984126984127
D10_lb90,10,dd_lookback90,8,SOXX,11,231,2024-01-29,2024-12-26,30,0.11728604186347558,-0.0026692079511190865,-0.009113046629382171,-0.06671869574022246,-0.23868166647002015,-0.11995524981459467,0.4,0.16666666666666666,11.333333333333334,0.35465367965367967
D10_lb90,10,dd_lookback90,9,QQQ,7,147,2025-12-22,2026-07-24,30,0.10761391047221691,0.07668230265573736,0.04154127759940085,0.26883084329978446,-0.13062715746884965,-0.03093160781647955,0.5666666666666667,0.36666666666666664,6.833333333333333,0.35351473922902504
D10_lb90,10,dd_lookback90,10,SOXX,11,231,2025-04-30,2026-03-31,30,0.7991727370086741,0.32069643533554526,0.2567347433337237,0.9937213598966518,-0.18276903657502946,-0.4784763016731288,0.9,0.06666666666666667,9.566666666666666,0.42283549783549784
D10_lb90,10,dd_lookback90,11,SOXX,7,147,2023-12-07,2024-07-10,30,0.5448433677075268,0.20400836658570637,0.14597175963646702,1.1037313684430747,-0.13641071322815373,-0.34083500112182047,0.8333333333333334,0.06666666666666667,6.333333333333333,0.4560090702947846
D10_lb90,10,dd_lookback90,12,QQQ,11,231,2024-03-27,2025-02-27,30,0.12982124242441295,0.08808319020652179,0.0246914720297301,0.3632184199708465,-0.1536257388383075,-0.04173805221789116,0.5333333333333333,0.3333333333333333,9.933333333333334,0.43030303030303035
D10_lb90,10,dd_lookback90,13,QQQ,10,210,2024-09-30,2025-08-01,30,0.1396408202388819,0.04913611651048939,0.034327942294240854,0.13926174154295617,-0.15863719567775647,-0.09050470372839253,0.5666666666666667,0.23333333333333334,8.766666666666667,0.3821428571428572
D10_lb90,10,dd_lookback90,14,QQQ,9,189,2025-02-11,2025-11-10,30,0.1848421423831519,0.02572052498334666,-0.011095038745317976,0.023733118276059475,-0.17025513788128688,-0.15912161739980524,0.4666666666666667,0.2,7.966666666666667,0.4030864197530864
D10_lb90,10,dd_lookback90,15,SOXX,2,42,2023-11-10,2024-01-11,29,0.13378672181991424,0.0800023710073191,0.05531542538334233,1.7918214579703216,-0.059596265445161896,-0.05378435081259514,0.8275862068965517,0.2413793103448276,1.2413793103448276,0.5178571428571429
D10_lb90,10,dd_lookback90,16,QQQ,8,168,2025-04-17,2025-12-16,30,0.3806506610687259,0.07522458752582446,-0.015994045682490132,0.12583921809011656,-0.11180547694347456,-0.30542607354290147,0.43333333333333335,0.13333333333333333,5.3,0.3271329365079365
D10_lb90,10,dd_lookback90,17,QQQ,3,63,2023-10-12,2024-01-11,29,0.10935424408522043,0.0500163005858191,0.02525339114792491,0.9735911011029098,-0.06929631148915158,-0.05933794349940133,0.7241379310344828,0.27586206896551724,2.3793103448275863,0.46962233169129725
D10_lb90,10,dd_lookback90,18,SOXX,7,147,2025-06-02,2025-12-30,29,0.4742072430583639,0.13949514845232266,0.06807357095189492,0.7403001810208631,-0.1744404032922712,-0.33471209460604123,0.6551724137931034,0.10344827586206896,7.482758620689655,0.5039291578700446
D10_lb90,10,dd_lookback90,19,QQQ,2,42,2026-01-20,2026-03-19,30,-0.024734412068352585,0.00715646796710799,0.0,0.07638924462884616,-0.05539619378574313,0.031890880035460575,0.4,0.8666666666666667,2.7333333333333334,0.34424603174603174
D10_lb90,10,dd_lookback90,20,QQQ,2,42,2025-12-30,2026-03-02,30,-0.01830706738570409,0.012059181928163795,-0.0018529089488791284,0.1730233722957165,-0.06610311376783343,0.030366249313867884,0.4666666666666667,0.6,2.6333333333333333,0.46210317460317457
D10_lb90,10,dd_lookback90,21,QQQ,8,168,2024-02-14,2024-10-14,30,0.15334174114524046,0.026082841522930274,0.03544207471335881,0.23379134325076537,-0.13742374376681768,-0.12725889962231018,0.6,0.2,6.766666666666667,0.4137400793650794
D10_lb90,10,dd_lookback90,22,QQQ,4,84,2025-10-15,2026-02-13,30,0.0007896560047677692,0.03249944216551781,0.025613733201216293,0.12546676678533858,-0.08167626895453986,0.03170978616075004,0.5666666666666667,0.5666666666666667,4.433333333333334,0.39652777777777776
D10_lb90,10,dd_lookback90,23,QQQ,3,63,2026-01-08,2026-04-09,30,-0.0153279984002892,-0.002895533918000141,0.0,-0.41275263395940187,-0.08030287946639349,0.01243246448228906,0.43333333333333335,0.6666666666666666,3.8666666666666667,0.30185185185185187
D10_lb90,10,dd_lookback90,24,SOXX,5,105,2026-02-10,2026-07-13,30,0.5770255442312711,0.18208402093399922,0.06661825561931123,1.041797365569005,-0.10255623452956636,-0.39494152329727183,0.7333333333333333,0.13333333333333333,4.566666666666666,0.2818253968253968
D10_lb90,10,dd_lookback90,25,QQQ,5,105,2026-01-14,2026-06-15,30,0.20238584863226716,0.09395842131846119,0.055934101270679104,0.582680121534986,-0.08995423707840929,-0.10842742731380597,0.6333333333333333,0.16666666666666666,5.266666666666667,0.2907142857142857
D10_lb90,10,dd_lookback90,26,QQQ,12,252,2025-01-16,2026-01-16,30,0.2169851270630765,0.10457087663828615,-0.017798151550249774,0.13355930338500127,-0.1656706459757516,-0.11241425042479034,0.43333333333333335,0.16666666666666666,10.566666666666666,0.38273809523809527
D10_lb90,10,dd_lookback90,27,SOXX,4,84,2026-03-20,2026-07-21,30,0.6629647609934404,0.1676956609481861,0.11826033645691614,1.7461015863898863,-0.09681345075572058,-0.49526910004525426,0.8666666666666667,0.03333333333333333,3.7,0.28055555555555556
D10_lb90,10,dd_lookback90,28,SOXX,10,210,2023-09-12,2024-07-12,30,0.6054235196262121,0.22215267468858593,0.12199850133187029,0.9158651639575575,-0.14425272786507481,-0.3832708449376262,0.8333333333333334,0.1,8.9,0.44289682539682546
D10_lb90,10,dd_lookback90,29,QQQ,10,210,2023-11-02,2024-09-04,29,0.27426335783759614,0.08529965302931126,0.09743359584378286,0.6050632637541653,-0.15241677524187275,-0.1889637048082849,0.6896551724137931,0.1724137931034483,8.275862068965518,0.46272577996715936
D10_lb90,10,dd_lookback90,30,SOXX,11,231,2025-02-26,2026-01-27,30,0.6222676159829015,0.22301911153489765,0.13424504298232398,0.7623274656442144,-0.19210966753344397,-0.39924850444800386,0.7666666666666667,0.1,9.733333333333333,0.3918831168831169
D10_lb90,10,dd_lookback90,31,SOXX,4,84,2024-11-26,2025-03-31,30,-0.12412361759187396,-0.040325607363938906,-0.03141184126332558,-0.6246715257926814,-0.11616702649825542,0.08379801022793505,0.26666666666666666,0.7666666666666667,4.0,0.27956349206349207
D10_lb90,10,dd_lookback90,32,SOXX,3,63,2024-07-29,2024-10-24,29,-0.004528634488460304,-0.025951863465841524,-0.036114585922149556,-1.1550583421046179,-0.07052841152553051,-0.02142322897738122,0.1724137931034483,0.2413793103448276,3.103448275862069,0.18637110016420363
D10_lb90,10,dd_lookback90,33,SOXX,7,147,2025-09-16,2026-04-16,29,0.5731892331920965,0.3340014269233343,0.23801139133841587,1.447234449670438,-0.16427543627433897,-0.23918780626876218,0.9310344827586207,0.1724137931034483,7.689655172413793,0.4420009383063571
D10_lb90,10,dd_lookback90,34,QQQ,4,84,2024-05-31,2024-09-30,30,0.08613665447903895,0.007692058776591352,0.0074546808176942925,0.31463461141677607,-0.11420973273472193,-0.0784445957024476,0.5333333333333333,0.23333333333333334,4.066666666666666,0.43948412698412687
D10_lb90,10,dd_lookback90,35,QQQ,9,189,2025-02-11,2025-11-10,30,0.1848421423831519,0.06390012818850671,0.017778332290440124,0.07394494583162195,-0.13692353054451462,-0.12094201419464518,0.5666666666666667,0.2,7.833333333333333,0.39532627865961195
D10_lb90,10,dd_lookback90,36,QQQ,3,63,2025-01-14,2025-04-14,30,-0.0928917402537448,-0.030038140411207167,-0.033648125917786154,-0.6274834287424736,-0.1158617580596611,0.06285359984253763,0.23333333333333334,0.8,4.366666666666666,0.34325396825396826
D10_lb90,10,dd_lookback90,37,SOXX,10,210,2024-08-26,2025-06-27,30,0.057670134077346225,0.017146123513985555,-0.05022092370950837,-0.11754397917949452,-0.1637239696147257,-0.04052401056336067,0.36666666666666664,0.3,8.2,0.25956349206349205
D10_lb90,10,dd_lookback90,38,SOXX,12,252,2024-07-02,2025-07-03,30,-0.01969168950723721,-0.06938998502759194,-0.10548794651346316,-0.3474255296902547,-0.25648541855879436,-0.049698295520354735,0.23333333333333334,0.3333333333333333,10.8,0.2740410052910053
D10_lb90,10,dd_lookback90,39,QQQ,5,105,2024-09-23,2025-02-24,30,0.07798180695234325,0.08058851081298167,0.022455957245533065,0.75235758254182,-0.10321751530441475,0.0026067038606384235,0.6666666666666666,0.36666666666666664,4.8,0.47095238095238096
D10_lb90,10,dd_lookback90,40,QQQ,12,252,2025-05-13,2026-05-13,30,0.3929082039357876,0.1758364350154011,0.03015566063147357,0.3401871600578923,-0.1552476497837227,-0.21707176892038652,0.5666666666666667,0.13333333333333333,9.166666666666666,0.3594907407407408
D10_lb90,10,dd_lookback90,41,SOXX,5,105,2024-12-18,2025-05-21,29,-0.03550519039857425,-0.06340718827618454,-0.0694743795911208,-0.7177404238389786,-0.1552878633074114,-0.027901997877610288,0.1724137931034483,0.41379310344827586,5.413793103448276,0.24827586206896549
D10_lb90,10,dd_lookback90,42,QQQ,1,21,2026-06-01,2026-06-30,30,-0.007446386853765863,-0.008182208400276761,-0.0030673584807093257,-1.137506900285422,-0.03220257833419263,-0.0007358215465108984,0.26666666666666666,0.5666666666666667,1.4333333333333333,0.23968253968253972
D10_lb90,10,dd_lookback90,43,SOXX,5,105,2025-04-30,2025-09-29,30,0.4691356693755999,0.14393066277807096,0.11508509250772092,1.1440628587393824,-0.1168906063346508,-0.32520500659752893,0.7666666666666667,0.03333333333333333,3.7,0.4558730158730159
D10_lb90,10,dd_lookback90,44,SOXX,5,105,2024-07-24,2024-12-19,29,-0.07336128139760856,0.00740306736549654,-0.03389387479432271,-0.5046592237926619,-0.11664853072669301,0.08076434876310509,0.3103448275862069,0.6896551724137931,5.827586206896552,0.280295566502463
D10_lb90,10,dd_lookback90,45,SOXX,12,252,2024-03-06,2025-03-07,30,-0.10757477953627947,-0.08969932367543976,-0.09089970613847237,-0.3100008106407833,-0.24397215522461366,0.017875455860839717,0.2,0.5333333333333333,12.7,0.34649470899470897
D10_lb90,10,dd_lookback90,46,SOXX,11,231,2024-02-13,2025-01-14,30,0.07418664137386521,0.04976450672699644,0.007600398080678694,0.09907655032887976,-0.21983425671773602,-0.024422134646868772,0.5333333333333333,0.3,11.166666666666666,0.35533910533910534
D10_lb90,10,dd_lookback90,47,QQQ,12,252,2025-06-12,2026-06-12,30,0.3582273667812763,0.14718316546521748,0.053016305486940585,0.36551625194933024,-0.18671616749429798,-0.21104420131605883,0.6666666666666666,0.16666666666666666,11.133333333333333,0.39771825396825394
D10_lb90,10,dd_lookback90,48,QQQ,1,21,2025-07-02,2025-07-31,30,0.025798870778167116,0.006924863261148972,-0.006680155099932306,-0.27254943052559805,-0.04311472896603689,-0.018874007517018142,0.4,0.26666666666666666,1.4666666666666666,0.5015873015873016
D10_lb90,10,dd_lookback90,49,QQQ,6,126,2024-03-22,2024-09-20,30,0.08250113027758665,0.008175366039553078,0.006405783976524582,0.028022264291046855,-0.12277842784109169,-0.07432576423803358,0.5333333333333333,0.23333333333333334,6.2,0.4339947089947091
D10_lb90,10,dd_lookback90,50,QQQ,11,231,2025-04-16,2026-03-18,30,0.3441101199491847,0.15092152443829246,0.07162417226318896,0.4347243767788978,-0.1254746518357291,-0.19318859551089226,0.6,0.13333333333333333,8.1,0.3615440115440115
D10_lb90,10,dd_lookback90,51,SOXX,12,252,2025-05-09,2026-05-11,30,1.7645869991549006,0.5594493171380595,0.419711489898032,1.3234595067973463,-0.1920041090549293,-1.2051376820168411,0.9,0.1,10.666666666666666,0.44206349206349205
D10_lb90,10,dd_lookback90,52,QQQ,6,126,2024-07-26,2025-01-27,30,0.11403086919643934,0.017356493359401988,0.03718120069220354,0.2604349376369796,-0.11710978044994487,-0.09667437583703736,0.6666666666666666,0.13333333333333333,5.866666666666666,0.4263888888888889
D10_lb90,10,dd_lookback90,53,SOXX,9,189,2025-02-25,2025-11-21,30,0.27137754060742036,0.05134271138881433,0.03672809611868444,0.15654126124673232,-0.17405159719916324,-0.22003482921860604,0.5666666666666667,0.13333333333333333,8.266666666666667,0.35264550264550265
D10_lb90,10,dd_lookback90,54,QQQ,10,210,2025-06-10,2026-04-10,30,0.14941279936704488,0.009279528807161914,0.022331192411073286,-0.06899687935322855,-0.16842803948618768,-0.14013327055988298,0.5333333333333333,0.1,8.4,0.41420634920634924
D10_lb90,10,dd_lookback90,55,QQQ,9,189,2024-03-12,2024-12-09,30,0.18252323377671842,0.067215274362768,-0.0018653126435744793,0.3369444901595145,-0.14404759902691655,-0.11530795941395042,0.4666666666666667,0.2,7.633333333333334,0.4323192239858906
D10_lb90,10,dd_lookback90,56,SOXX,1,21,2026-03-06,2026-04-06,30,0.06430085839175526,0.012230331712321322,0.007663800841425372,0.6734911757165059,-0.03950992016274421,-0.05207052667943393,0.6,0.06666666666666667,1.8666666666666667,0.24563492063492062
D10_lb90,10,dd_lookback90,57,QQQ,11,231,2024-12-30,2025-12-01,30,0.20149282165868643,0.037910291610428096,-0.02306235475158608,-0.01763074485474546,-0.16178860602508718,-0.16358253004825835,0.4666666666666667,0.16666666666666666,9.833333333333334,0.3685425685425685
D10_lb90,10,dd_lookback90,58,QQQ,4,84,2025-05-06,2025-09-04,30,0.19622773691571815,0.04049392251759434,-0.0038929926691235184,0.12553319821418102,-0.08028262184323173,-0.1557338143981238,0.43333333333333335,0.13333333333333333,2.9,0.38799603174603176
D10_lb90,10,dd_lookback90,59,SOXX,4,84,2026-02-25,2026-06-25,30,0.7007670678766698,0.19854730405704205,0.13315089015197024,1.7629534894739083,-0.09555274941725916,-0.5022197638196277,0.8333333333333334,0.1,4.233333333333333,0.29176587301587303
D10_lb90,10,dd_lookback90,60,SOXX,1,21,2024-12-26,2025-01-28,29,-0.04487084375145378,-0.031940539350306676,-0.01811343289076839,-1.2216582417487374,-0.07876598061351238,0.012930304401147105,0.1724137931034483,0.7241379310344828,1.7586206896551724,0.38628899835796393
D10_lb90,10,dd_lookback90,61,SOXX,3,63,2024-01-26,2024-04-25,29,0.06710127075469541,0.02456462976797658,-0.023589775379191713,-0.27941185443667466,-0.07799349698844708,-0.04253664098671883,0.3793103448275862,0.2413793103448276,3.2758620689655173,0.3585112205801861
D10_lb90,10,dd_lookback90,62,SOXX,3,63,2025-06-20,2025-09-18,29,0.19111858758403377,0.11038298998110473,0.09226481153460431,1.304439105943851,-0.11524543892578511,-0.08073559760292905,0.7241379310344828,0.27586206896551724,3.0689655172413794,0.5608921729611385
D10_lb90,10,dd_lookback90,63,QQQ,3,63,2025-10-01,2025-12-30,30,0.0281443024583361,-0.013876881507825123,-0.015814792054697102,-0.07589816989874786,-0.07789657682642324,-0.042021183966161224,0.36666666666666664,0.23333333333333334,2.933333333333333,0.3817460317460318
D10_lb90,10,dd_lookback90,64,QQQ,2,42,2024-06-12,2024-08-12,30,-0.0465096827642848,-0.02484671419096306,-0.025738699086426342,-0.8879046054497969,-0.07635986084824695,0.02166296857332174,0.26666666666666666,0.6666666666666666,2.7666666666666666,0.3662698412698412
D10_lb90,10,dd_lookback90,65,SOXX,7,147,2024-03-27,2024-10-24,29,0.010917641305967063,-0.015139310773465956,-0.022529463220274937,-0.15349941539105352,-0.17477791553704947,-0.026056952079433017,0.3793103448275862,0.2413793103448276,7.068965517241379,0.36236218625381195
D10_lb90,10,dd_lookback90,66,QQQ,7,147,2024-06-18,2025-01-17,30,0.08024880165552029,0.024233329332521158,0.008966755083564482,0.2679845189998981,-0.11016019342890827,-0.056015472322999124,0.6,0.26666666666666666,5.4,0.41655328798185937
D10_lb90,10,dd_lookback90,67,SOXX,6,126,2025-02-27,2025-08-27,30,0.2288069130259598,0.0955293531325113,0.05513500206885402,0.568080113226056,-0.1291828513333312,-0.13327755989344847,0.6666666666666666,0.23333333333333334,4.9,0.3733465608465608
D10_lb90,10,dd_lookback90,68,SOXX,2,42,2026-01-27,2026-03-26,30,-0.06274182234420844,-0.0015035980916276745,-0.011523418275752262,-0.5741693035936817,-0.08170048970564779,0.06123822425258077,0.43333333333333335,0.8666666666666667,2.8333333333333335,0.3293650793650794
D10_lb90,10,dd_lookback90,69,SOXX,8,168,2025-08-27,2026-04-28,30,0.752796897064234,0.2771662254265125,0.2441267508305801,1.088165935259975,-0.17813659080849942,-0.47563067163772155,0.8,0.06666666666666667,8.666666666666666,0.4332837301587302
D10_lb90,10,dd_lookback90,70,SOXX,5,105,2024-09-20,2025-02-21,29,0.005406814450626518,0.0015612401274083714,-0.020470096121902537,-0.14054412723460494,-0.11056005042597743,-0.0038455743232181467,0.3448275862068966,0.3448275862068966,4.689655172413793,0.2777504105090312
D10_lb90,10,dd_lookback90,71,SOXX,4,84,2025-09-17,2026-01-15,29,0.30628589985012833,0.14008473412249048,0.12081040554048772,1.167184324550317,-0.14222412176011248,-0.16620116572763785,0.7586206896551724,0.1724137931034483,5.0,0.4786535303776684
D10_lb90,10,dd_lookback90,72,QQQ,4,84,2025-06-23,2025-10-20,30,0.15160143793785608,0.06060131890045749,-0.0065597567529607215,0.33418007005237593,-0.08458831476727277,-0.09100011903739859,0.5,0.23333333333333334,3.2,0.4160714285714287
D10_lb90,10,dd_lookback90,73,SOXX,10,210,2023-11-28,2024-09-27,30,0.3732977081618618,0.0856214124772432,0.05465395455773292,0.33473034187055023,-0.19391937933133147,-0.2876762956846186,0.6666666666666666,0.06666666666666667,9.433333333333334,0.404563492063492
D10_lb90,10,dd_lookback90,74,QQQ,9,189,2025-04-09,2026-01-08,30,0.33624069066151074,0.10416893912546638,0.04551123114703559,0.4530136243079955,-0.13848722137454555,-0.23207175153604437,0.5666666666666667,0.13333333333333333,5.833333333333333,0.38690476190476186
D10_lb90,10,dd_lookback90,75,QQQ,12,252,2024-12-19,2025-12-22,30,0.21234986652906018,0.05184099148052571,-0.06499237975878858,-0.034368472146005226,-0.1848933289711774,-0.16050887504853448,0.4,0.16666666666666666,11.1,0.37132936507936515
D10_lb90,10,dd_lookback90,76,SOXX,5,105,2024-05-10,2024-10-09,29,0.07166285164062502,0.0061960624348823354,-0.03259064453952332,-0.08037058781866045,-0.1501017323421336,-0.06546678920574268,0.4482758620689655,0.3103448275862069,4.724137931034483,0.3447454844006568
D10_lb90,10,dd_lookback90,77,SOXX,8,168,2025-08-01,2026-04-01,30,0.43297225183525034,0.20736447938502722,0.23684818054291357,0.7139589389024663,-0.18342917342759923,-0.22560777245022312,0.6666666666666666,0.23333333333333334,9.066666666666666,0.4498511904761905
D10_lb90,10,dd_lookback90,78,QQQ,7,147,2025-11-12,2026-06-15,30,0.20096913413608264,0.044973507533294106,-0.002132422872028583,0.18501511280619412,-0.12366122201980828,-0.15599562660278854,0.5,0.16666666666666666,6.7,0.359750566893424
D10_lb90,10,dd_lookback90,79,SOXX,9,189,2023-12-14,2024-09-16,30,0.167905259845331,0.010054791234323894,-0.024316275456038816,-0.03735653647764819,-0.19398064693205921,-0.1578504686110071,0.4,0.1,9.466666666666667,0.43201058201058196
D10_lb90,10,dd_lookback90,80,QQQ,6,126,2024-01-19,2024-07-19,30,0.1316414541629214,0.06957726811644797,0.036112126588250026,0.37079801374724836,-0.10272029485896308,-0.062064186046473416,0.5666666666666667,0.23333333333333334,5.3,0.4179232804232804
D10_lb90,10,dd_lookback90,81,QQQ,1,21,2024-11-13,2024-12-12,30,0.02781855470047412,0.0282103428483166,0.0,0.3384215204376771,-0.027606849134873632,0.00039178814784248187,0.36666666666666664,0.23333333333333334,1.0333333333333334,0.3912698412698413
D10_lb90,10,dd_lookback90,82,SOXX,10,210,2024-06-21,2025-04-23,30,-0.3034388425007686,-0.14630798578002915,-0.15964607002907982,-0.8141920303451037,-0.25431522156285413,0.15713085672073943,0.2,0.8333333333333334,10.733333333333333,0.26682539682539674
D10_lb90,10,dd_lookback90,83,QQQ,11,231,2024-05-24,2025-04-28,30,0.03788093693594541,0.030468244819335067,-0.028893065669274187,-0.0560292677773432,-0.18241237669306587,-0.007412692116610341,0.4666666666666667,0.4,10.733333333333333,0.39999999999999997
D10_lb90,10,dd_lookback90,84,SOXX,4,84,2025-03-26,2025-07-25,29,0.2196761364203743,0.07628789982884628,0.04944765906427917,0.324273092591609,-0.0929199677815253,-0.14338823659152805,0.6206896551724138,0.1724137931034483,2.6206896551724137,0.34821428571428564
D10_lb90,10,dd_lookback90,85,SOXX,3,63,2024-01-12,2024-04-12,29,0.17490173722683933,0.07636256760800345,0.023859784634368664,0.672222928665034,-0.08409930256017055,-0.09853916961883588,0.6896551724137931,0.2413793103448276,3.103448275862069,0.44143404488232063
D10_lb90,10,dd_lookback90,86,QQQ,4,84,2025-08-13,2025-12-10,30,0.08270584442079376,0.03101031838763887,-0.01902071428037544,-0.40296334004572526,-0.07632969138555663,-0.05169552603315489,0.36666666666666664,0.16666666666666666,3.533333333333333,0.3466269841269841
D10_lb90,10,dd_lookback90,87,QQQ,9,189,2025-08-12,2026-05-12,30,0.2238015104269533,0.09789744216322864,0.0075506533082631,0.11208869223650947,-0.1316396822260712,-0.12590406826372463,0.5,0.2,7.933333333333334,0.33051146384479707
D10_lb90,10,dd_lookback90,88,QQQ,3,63,2023-09-06,2023-12-04,30,0.0323937441740032,-0.0021450959903855076,-0.013837237214456344,-0.006015750284660256,-0.08299022967761577,-0.03453884016438871,0.36666666666666664,0.16666666666666666,3.3333333333333335,0.46230158730158727
D10_lb90,10,dd_lookback90,89,QQQ,6,126,2024-03-08,2024-09-06,30,0.02500440115388769,-0.02746454247536471,-0.00931814967073874,-0.1410470415403549,-0.13485861005962288,-0.052468943629252404,0.43333333333333335,0.26666666666666666,5.8,0.37731481481481494
D10_lb90,10,dd_lookback90,90,SOXX,4,84,2024-02-09,2024-06-10,29,0.16166402534839164,0.04840094353179967,0.031452656713987226,0.6008771461047361,-0.0989767071994402,-0.11326308181659198,0.6551724137931034,0.10344827586206896,4.275862068965517,0.42487684729064046
D10_lb90,10,dd_lookback90,91,QQQ,6,126,2024-12-26,2025-06-30,30,0.04434132972322158,0.046308151412281326,-0.014872454314202865,0.10681728271495633,-0.14592727567550637,0.0019668216890597473,0.4666666666666667,0.4,6.7,0.35727513227513236
D10_lb90,10,dd_lookback90,92,QQQ,2,42,2024-07-11,2024-09-09,30,-0.0761694342464847,-0.05336068968138809,-0.030627953772526972,-1.601505517278453,-0.07886377071611843,0.022808744565096614,0.03333333333333333,0.8,2.7666666666666666,0.30992063492063493
D10_lb90,10,dd_lookback90,93,QQQ,8,168,2025-09-04,2026-05-05,30,0.18933459993954838,0.09698400165573504,0.006183080697220178,0.2468916345090568,-0.14207108856598277,-0.09235059828381334,0.5,0.2,7.7,0.3848710317460318
D10_lb90,10,dd_lookback90,94,QQQ,11,231,2023-08-28,2024-07-29,29,0.27358869545907205,0.022319829587290053,0.03990961059945386,0.23593673984692418,-0.13616698105868133,-0.251268865871782,0.5517241379310345,0.0,8.172413793103448,0.43372145096283016
D10_lb90,10,dd_lookback90,95,SOXX,2,42,2024-10-18,2024-12-17,29,-0.02239739013513642,-0.005893665147600686,-0.013682629925785394,-0.6331093072101761,-0.06993054652953179,0.01650372498753573,0.3448275862068966,0.5862068965517241,2.4482758620689653,0.2409688013136289
D10_lb90,10,dd_lookback90,96,QQQ,9,189,2024-06-04,2025-03-06,30,0.07941245707007138,-0.036445060857952336,-0.029762758164535608,-0.05489712402049875,-0.17517615226498479,-0.11585751792802372,0.36666666666666664,0.13333333333333333,8.6,0.3770723104056437
D10_lb90,10,dd_lookback90,97,SOXX,5,105,2025-12-31,2026-06-02,30,1.0102699251297969,0.3496856643954377,0.35807433689888135,2.0818008377285655,-0.1148269305729787,-0.6605842607343592,0.8666666666666667,0.03333333333333333,5.266666666666667,0.3800793650793651
D10_lb90,10,dd_lookback90,98,QQQ,4,84,2025-02-28,2025-06-30,30,0.08838217445442198,0.03190909009537292,0.011986315460365438,0.11821317706884805,-0.07979831805565428,-0.05647308435904906,0.5666666666666667,0.16666666666666666,3.5,0.2889880952380952
D10_lb90,10,dd_lookback90,99,SOXX,2,42,2026-05-13,2026-07-14,30,0.07552608567751218,0.003016946432518597,-0.008523389117726599,-0.08153024842628816,-0.07490748152950727,-0.07250913924499358,0.43333333333333335,0.06666666666666667,1.9333333333333333,0.2617063492063492
D11_tight_stop08,11,tight_stop08,0,SOXX,4,84,2025-01-15,2025-05-15,29,-0.04268271797372991,-0.04739358664789187,-0.04263298582933461,-0.8736002547630457,-0.12112482984008062,-0.004710868674161955,0.20689655172413793,0.5172413793103449,4.241379310344827,0.16902709359605908
D11_tight_stop08,11,tight_stop08,1,SOXX,4,84,2025-11-26,2026-03-30,29,0.0653592129111733,0.14662546122381603,0.08076706450562576,0.6862961413224382,-0.114042630944799,0.08126624831264273,0.7241379310344828,0.5517241379310345,4.9655172413793105,0.42251642036124787
D11_tight_stop08,11,tight_stop08,2,SOXX,12,252,2024-06-12,2025-06-13,30,-0.11229341109132818,-0.10441567155003632,-0.16795818245909078,-0.4728999560741943,-0.2582370882685725,0.007877739541291853,0.26666666666666666,0.3333333333333333,13.633333333333333,0.2881944444444444
D11_tight_stop08,11,tight_stop08,3,QQQ,1,21,2026-01-13,2026-02-11,30,-0.02096638715391519,0.001869691887664978,0.0,-0.42483496919974223,-0.058693501963836,0.02283607904158017,0.36666666666666664,0.6666666666666666,1.9333333333333333,0.4357142857142857
D11_tight_stop08,11,tight_stop08,4,QQQ,8,168,2025-02-28,2025-10-28,30,0.2501946769916814,0.06441008049208109,-0.017438263088377814,0.09758042527806982,-0.14399226722545222,-0.18578459649960033,0.4666666666666667,0.23333333333333334,6.833333333333333,0.3523313492063493
D11_tight_stop08,11,tight_stop08,5,SOXX,3,63,2025-03-10,2025-06-06,29,0.11931802402050695,0.013474786575681184,0.0,0.3408597035948221,-0.04524426401195675,-0.10584323744482577,0.4827586206896552,0.06896551724137931,2.103448275862069,0.1340996168582375
D11_tight_stop08,11,tight_stop08,6,SOXX,12,252,2024-10-18,2025-10-21,30,0.2792904450054976,0.10567669484193075,0.08035612119176927,0.28439486506448836,-0.19413101243070674,-0.17361375016356684,0.5666666666666667,0.16666666666666666,11.366666666666667,0.36058201058201067
D11_tight_stop08,11,tight_stop08,7,SOXX,5,105,2024-08-02,2024-12-31,30,0.0461545872289324,-0.006189788402668613,-0.021147356356364166,-0.396089667124771,-0.11066832468578336,-0.05234437563160101,0.3,0.23333333333333334,4.833333333333333,0.22841269841269843
D11_tight_stop08,11,tight_stop08,8,SOXX,11,231,2024-01-29,2024-12-26,30,0.11728604186347558,-0.0016301504302203155,-0.02506253495008859,-0.06253621027499692,-0.23789723676397723,-0.11891619229369589,0.4,0.16666666666666666,12.2,0.3431818181818181
D11_tight_stop08,11,tight_stop08,9,QQQ,7,147,2025-12-22,2026-07-24,30,0.10761391047221691,0.06986937840245684,0.04227867061905455,0.17024913201321276,-0.13619142085941943,-0.03774453206976007,0.5666666666666667,0.36666666666666664,7.566666666666666,0.3454081632653061
D11_tight_stop08,11,tight_stop08,10,SOXX,11,231,2025-04-30,2026-03-31,30,0.7991727370086741,0.3247514801565412,0.2913134631798523,0.9868305624139331,-0.18605627610475126,-0.4744212568521329,0.8333333333333334,0.06666666666666667,10.966666666666667,0.42117604617604615
D11_tight_stop08,11,tight_stop08,11,SOXX,7,147,2023-12-07,2024-07-10,30,0.5448433677075268,0.2002481792961023,0.13267163149752081,1.097753056368191,-0.13592592706643927,-0.34459518841142456,0.8,0.06666666666666667,6.7,0.4408730158730159
D11_tight_stop08,11,tight_stop08,12,QQQ,11,231,2024-03-27,2025-02-27,30,0.12982124242441295,0.08427778545613758,0.014556860005114747,0.34310818296858925,-0.15414704001471807,-0.04554345696827537,0.5,0.3333333333333333,10.366666666666667,0.4207792207792209
D11_tight_stop08,11,tight_stop08,13,QQQ,10,210,2024-09-30,2025-08-01,30,0.1396408202388819,0.05415877786635629,0.037188081440831855,0.13142161720614343,-0.15701021322732125,-0.08548204237252563,0.5666666666666667,0.23333333333333334,9.2,0.3668650793650793
D11_tight_stop08,11,tight_stop08,14,QQQ,9,189,2025-02-11,2025-11-10,30,0.1848421423831519,0.012207628227846124,-0.035275165950218346,-0.0631278951027186,-0.1722894933316882,-0.17263451415530576,0.4,0.2,8.4,0.38858024691358023
D11_tight_stop08,11,tight_stop08,15,SOXX,2,42,2023-11-10,2024-01-11,29,0.13378672181991424,0.0838687300869703,0.06189993405186045,1.7666670110616132,-0.06004859941482816,-0.04991799173294395,0.7931034482758621,0.27586206896551724,1.2758620689655173,0.5244252873563219
D11_tight_stop08,11,tight_stop08,16,QQQ,8,168,2025-04-17,2025-12-16,30,0.3806506610687259,0.06941047754359618,-0.012450554241660972,0.04214989456367514,-0.11027827417148132,-0.3112401835251297,0.4,0.13333333333333333,5.533333333333333,0.3101190476190476
D11_tight_stop08,11,tight_stop08,17,QQQ,3,63,2023-10-12,2024-01-11,29,0.10935424408522043,0.04537644642091529,0.025253391147924686,0.9273999982678979,-0.06805317424624592,-0.06397779766430514,0.7241379310344828,0.2413793103448276,2.586206896551724,0.46620142309797474
D11_tight_stop08,11,tight_stop08,18,SOXX,7,147,2025-06-02,2025-12-30,29,0.4742072430583639,0.1396473997861793,0.07203727405524707,0.7384540891005106,-0.17749160917859597,-0.33455984327218463,0.6551724137931034,0.13793103448275862,7.896551724137931,0.4990616936429745
D11_tight_stop08,11,tight_stop08,19,QQQ,2,42,2026-01-20,2026-03-19,30,-0.024734412068352585,0.006921628187002959,0.0,0.03386836652190028,-0.05506234460596972,0.031656040255355546,0.43333333333333335,0.8,2.566666666666667,0.32976190476190476
D11_tight_stop08,11,tight_stop08,20,QQQ,2,42,2025-12-30,2026-03-02,30,-0.01830706738570409,0.013385107666308864,0.0,0.2372414429679914,-0.06387571316358007,0.03169217505201295,0.4666666666666667,0.6333333333333333,2.5,0.4394841269841271
D11_tight_stop08,11,tight_stop08,21,QQQ,8,168,2024-02-14,2024-10-14,30,0.15334174114524046,0.020433640141646184,0.022615792700769632,0.19788758486480873,-0.1414254861833117,-0.1329081010035943,0.6,0.16666666666666666,7.066666666666666,0.40352182539682535
D11_tight_stop08,11,tight_stop08,22,QQQ,4,84,2025-10-15,2026-02-13,30,0.0007896560047677692,0.03443633968644111,0.02561373320121585,0.2054088841726136,-0.08042473156339207,0.03364668368167334,0.5666666666666667,0.5666666666666667,4.533333333333333,0.3873015873015874
D11_tight_stop08,11,tight_stop08,23,QQQ,3,63,2026-01-08,2026-04-09,30,-0.0153279984002892,-0.011015997529289567,0.0,-0.6638543568372177,-0.08249309845001378,0.004312000870999633,0.4666666666666667,0.5666666666666667,4.0,0.274074074074074
D11_tight_stop08,11,tight_stop08,24,SOXX,5,105,2026-02-10,2026-07-13,30,0.5770255442312711,0.18099007526921893,0.0826613058563922,0.9969877961439108,-0.10184499310218542,-0.3960354689620521,0.7,0.13333333333333333,4.9,0.2639682539682539
D11_tight_stop08,11,tight_stop08,25,QQQ,5,105,2026-01-14,2026-06-15,30,0.20238584863226716,0.08491291337880365,0.026562025648705356,0.43436985952794976,-0.09244381866900354,-0.11747293525346351,0.6333333333333333,0.16666666666666666,5.666666666666667,0.26920634920634917
D11_tight_stop08,11,tight_stop08,26,QQQ,12,252,2025-01-16,2026-01-16,30,0.2169851270630765,0.10139586124272153,-0.020957452151645073,0.0737551974158565,-0.1647386952467226,-0.11558926582035496,0.43333333333333335,0.2,11.166666666666666,0.37169312169312174
D11_tight_stop08,11,tight_stop08,27,SOXX,4,84,2026-03-20,2026-07-21,30,0.6629647609934404,0.1654789121529803,0.10562294124968485,1.664493331698062,-0.09393662402620666,-0.4974858488404601,0.8666666666666667,0.03333333333333333,3.7666666666666666,0.26894841269841263
D11_tight_stop08,11,tight_stop08,28,SOXX,10,210,2023-09-12,2024-07-12,30,0.6054235196262121,0.2235172220812943,0.1364009155893715,0.9435999423665357,-0.1433383879546063,-0.3819062975449178,0.8,0.1,8.966666666666667,0.43337301587301597
D11_tight_stop08,11,tight_stop08,29,QQQ,10,210,2023-11-02,2024-09-04,29,0.27426335783759614,0.07889816730193773,0.07954910647409008,0.5514038192266465,-0.1540192288188121,-0.19536519053565843,0.6551724137931034,0.13793103448275862,8.310344827586206,0.44901477832512315
D11_tight_stop08,11,tight_stop08,30,SOXX,11,231,2025-02-26,2026-01-27,30,0.6222676159829015,0.23070024030927624,0.13826073130582572,0.7815573108564686,-0.19648919497321118,-0.3915673756736252,0.8,0.13333333333333333,10.5,0.3909090909090909
D11_tight_stop08,11,tight_stop08,31,SOXX,4,84,2024-11-26,2025-03-31,30,-0.12412361759187396,-0.03747990393541053,-0.02893002365009123,-0.7118869410430608,-0.11783412122359471,0.08664371365646342,0.26666666666666666,0.8,4.533333333333333,0.28125000000000006
D11_tight_stop08,11,tight_stop08,32,SOXX,3,63,2024-07-29,2024-10-24,29,-0.004528634488460304,-0.0247212440033621,-0.025953986024612297,-1.0309876436465424,-0.06697934267699954,-0.020192609514901795,0.1724137931034483,0.3448275862068966,3.0689655172413794,0.16776135741652984
D11_tight_stop08,11,tight_stop08,33,SOXX,7,147,2025-09-16,2026-04-16,29,0.5731892331920965,0.32683018722730667,0.2539518685389386,1.4138592275084454,-0.1656167494323172,-0.2463590459647898,0.896551724137931,0.1724137931034483,8.655172413793103,0.4339080459770116
D11_tight_stop08,11,tight_stop08,34,QQQ,4,84,2024-05-31,2024-09-30,30,0.08613665447903895,0.004858011658187885,-0.002118381930851787,0.20060007544272374,-0.11426903589491431,-0.08127864282085107,0.4666666666666667,0.2,4.066666666666666,0.42261904761904767
D11_tight_stop08,11,tight_stop08,35,QQQ,9,189,2025-02-11,2025-11-10,30,0.1848421423831519,0.05559531374323406,-0.0014914747000358552,0.026201667892412708,-0.13979488893691042,-0.12924682863991782,0.5,0.2,8.2,0.3815696649029982
D11_tight_stop08,11,tight_stop08,36,QQQ,3,63,2025-01-14,2025-04-14,30,-0.0928917402537448,-0.02709981528181156,-0.02420351260372572,-0.5901291464214354,-0.11275691768857748,0.06579192497193324,0.23333333333333334,0.8333333333333334,4.466666666666667,0.3235449735449735
D11_tight_stop08,11,tight_stop08,37,SOXX,10,210,2024-08-26,2025-06-27,30,0.057670134077346225,0.03055416994379007,-0.03895993488626581,-0.06556087405595731,-0.1581664468840414,-0.027115964133556155,0.43333333333333335,0.26666666666666666,8.766666666666667,0.2534126984126984
D11_tight_stop08,11,tight_stop08,38,SOXX,12,252,2024-07-02,2025-07-03,30,-0.01969168950723721,-0.06120306324655247,-0.10259067450895376,-0.31013112015207545,-0.24997052862734434,-0.04151137373931526,0.26666666666666666,0.3333333333333333,11.966666666666667,0.26875
D11_tight_stop08,11,tight_stop08,39,QQQ,5,105,2024-09-23,2025-02-24,30,0.07798180695234325,0.078229251710836,0.024011372167536682,0.7292929146506676,-0.1029320748789244,0.00024744475849275416,0.7,0.3333333333333333,4.833333333333333,0.4629365079365078
D11_tight_stop08,11,tight_stop08,40,QQQ,12,252,2025-05-13,2026-05-13,30,0.3929082039357876,0.15675439516946138,0.010174967749839392,0.22423980479877983,-0.15524210343843606,-0.23615380876632625,0.5333333333333333,0.13333333333333333,10.066666666666666,0.33951719576719575
D11_tight_stop08,11,tight_stop08,41,SOXX,5,105,2024-12-18,2025-05-21,29,-0.03550519039857425,-0.05790349467454918,-0.051124105544572696,-0.7424506512776475,-0.14837852295969398,-0.02239830427597493,0.1724137931034483,0.4482758620689655,5.620689655172414,0.24310344827586206
D11_tight_stop08,11,tight_stop08,42,QQQ,1,21,2026-06-01,2026-06-30,30,-0.007446386853765863,-0.009386206566292481,-0.0032266214918847957,-1.2581322731628575,-0.03249649161566697,-0.0019398197125266182,0.23333333333333334,0.5666666666666667,1.6,0.2400793650793651
D11_tight_stop08,11,tight_stop08,43,SOXX,5,105,2025-04-30,2025-09-29,30,0.4691356693755999,0.1516862841635973,0.12490918795254613,1.1662678520388232,-0.11706064072664908,-0.3174493852120026,0.7333333333333333,0.03333333333333333,3.966666666666667,0.4585714285714286
D11_tight_stop08,11,tight_stop08,44,SOXX,5,105,2024-07-24,2024-12-19,29,-0.07336128139760856,0.006362790744154119,-0.03995475585155739,-0.5499710497243179,-0.11694735110091473,0.07972407214176268,0.3448275862068966,0.6206896551724138,6.482758620689655,0.2660098522167488
D11_tight_stop08,11,tight_stop08,45,SOXX,12,252,2024-03-06,2025-03-07,30,-0.10757477953627947,-0.07921931801475224,-0.09324728675976818,-0.2691583999523727,-0.24138409229046479,0.028355461521527237,0.23333333333333334,0.5666666666666667,13.9,0.3315145502645502
D11_tight_stop08,11,tight_stop08,46,SOXX,11,231,2024-02-13,2025-01-14,30,0.07418664137386521,0.043210179424369874,-0.005224430675227265,0.08471452574852728,-0.22280735728403886,-0.03097646194949534,0.5,0.3,12.1,0.3370490620490621
D11_tight_stop08,11,tight_stop08,47,QQQ,12,252,2025-06-12,2026-06-12,30,0.3582273667812763,0.12345597619825883,0.03130212990472869,0.22221226464948005,-0.1910119614057116,-0.2347713905830175,0.5666666666666667,0.16666666666666666,12.066666666666666,0.3779431216931217
D11_tight_stop08,11,tight_stop08,48,QQQ,1,21,2025-07-02,2025-07-31,30,0.025798870778167116,0.008008413953815094,-0.0003788044321328954,-0.08770714743371112,-0.041134497697466535,-0.01779045682435202,0.4,0.26666666666666666,1.4,0.47896825396825393
D11_tight_stop08,11,tight_stop08,49,QQQ,6,126,2024-03-22,2024-09-20,30,0.08250113027758665,0.0070600305057793135,0.004962153271563241,-0.00509835445491295,-0.12301244123718072,-0.07544109977180734,0.5333333333333333,0.23333333333333334,6.366666666666666,0.42023809523809535
D11_tight_stop08,11,tight_stop08,50,QQQ,11,231,2025-04-16,2026-03-18,30,0.3441101199491847,0.14546198633982507,0.07162417226318885,0.4205561265462107,-0.12720168997336623,-0.19864813360935965,0.6,0.13333333333333333,8.6,0.3531024531024531
D11_tight_stop08,11,tight_stop08,51,SOXX,12,252,2025-05-09,2026-05-11,30,1.7645869991549006,0.5509569603202193,0.4456227902807399,1.268839039705862,-0.1982002310462603,-1.2136300388346812,0.8,0.06666666666666667,11.8,0.4347222222222221
D11_tight_stop08,11,tight_stop08,52,QQQ,6,126,2024-07-26,2025-01-27,30,0.11403086919643934,0.007834265599230254,0.03066116481455916,0.17284396380243958,-0.12158221802358818,-0.10619660359720909,0.6333333333333333,0.13333333333333333,6.233333333333333,0.4063492063492064
D11_tight_stop08,11,tight_stop08,53,SOXX,9,189,2025-02-25,2025-11-21,30,0.27137754060742036,0.06573445964380151,0.023457075948706163,0.25712877556445857,-0.17474052085275144,-0.20564308096361886,0.6,0.2,8.533333333333333,0.35383597883597884
D11_tight_stop08,11,tight_stop08,54,QQQ,10,210,2025-06-10,2026-04-10,30,0.14941279936704488,0.007674831028980833,0.013705151474678101,-0.06850743503123312,-0.16754066691132988,-0.14173796833806404,0.5333333333333333,0.13333333333333333,8.733333333333333,0.40003968253968253
D11_tight_stop08,11,tight_stop08,55,QQQ,9,189,2024-03-12,2024-12-09,30,0.18252323377671842,0.05557477545101817,-0.005897726097407352,0.2641942467122754,-0.14659310185551885,-0.12694845832570026,0.4666666666666667,0.2,8.1,0.4175925925925926
D11_tight_stop08,11,tight_stop08,56,SOXX,1,21,2026-03-06,2026-04-06,30,0.06430085839175526,0.010973370285945583,0.002587919587079268,0.36909430137938626,-0.03596369603718782,-0.05332748810580967,0.5333333333333333,0.06666666666666667,2.033333333333333,0.22936507936507938
D11_tight_stop08,11,tight_stop08,57,QQQ,11,231,2024-12-30,2025-12-01,30,0.20149282165868643,0.025566368373063014,0.0016315752963408925,-0.11532744074303408,-0.16437916534140476,-0.17592645328562342,0.5,0.16666666666666666,10.6,0.3445165945165945
D11_tight_stop08,11,tight_stop08,58,QQQ,4,84,2025-05-06,2025-09-04,30,0.19622773691571815,0.0404469704686549,0.0,0.17274620395409462,-0.07668605732064772,-0.15578076644706326,0.43333333333333335,0.13333333333333333,2.8666666666666667,0.36140873015873015
D11_tight_stop08,11,tight_stop08,59,SOXX,4,84,2026-02-25,2026-06-25,30,0.7007670678766698,0.19001904386898955,0.12749884947804313,1.5851288503395218,-0.09621793965300732,-0.5107480240076803,0.7666666666666667,0.1,4.766666666666667,0.27698412698412694
D11_tight_stop08,11,tight_stop08,60,SOXX,1,21,2024-12-26,2025-01-28,29,-0.04487084375145378,-0.032053997733053514,-0.01845243021325904,-1.3892112454563286,-0.07910335024978776,0.012816846018400267,0.1724137931034483,0.7241379310344828,1.896551724137931,0.38382594417077176
D11_tight_stop08,11,tight_stop08,61,SOXX,3,63,2024-01-26,2024-04-25,29,0.06710127075469541,0.02495167162495274,-0.020525580702575263,-0.2936259905274869,-0.07615475176905251,-0.04214959912974267,0.3448275862068966,0.2413793103448276,3.3448275862068964,0.34304871373836887
D11_tight_stop08,11,tight_stop08,62,SOXX,3,63,2025-06-20,2025-09-18,29,0.19111858758403377,0.11379483859940334,0.09226481153460497,1.3977719022725175,-0.1156790546733141,-0.07732374898463043,0.7241379310344828,0.3103448275862069,3.2758620689655173,0.5571975916803503
D11_tight_stop08,11,tight_stop08,63,QQQ,3,63,2025-10-01,2025-12-30,30,0.0281443024583361,-0.016056491204668163,-0.011603107353882647,-0.18282653633444587,-0.07748178660525626,-0.044200793663004265,0.3333333333333333,0.23333333333333334,3.1,0.36044973544973546
D11_tight_stop08,11,tight_stop08,64,QQQ,2,42,2024-06-12,2024-08-12,30,-0.0465096827642848,-0.023184306572024065,-0.024150863760756203,-0.9312047301763856,-0.07471424827338675,0.023325376192260733,0.26666666666666666,0.6666666666666666,2.933333333333333,0.3634920634920635
D11_tight_stop08,11,tight_stop08,65,SOXX,7,147,2024-03-27,2024-10-24,29,0.010917641305967063,-0.016221419208714404,-0.02499702676010851,-0.16500462541957786,-0.17521871294611746,-0.027139060514681467,0.3793103448275862,0.3103448275862069,7.689655172413793,0.3469974196575181
D11_tight_stop08,11,tight_stop08,66,QQQ,7,147,2024-06-18,2025-01-17,30,0.08024880165552029,0.018049600241358342,0.0034178542806420076,0.21196659146285413,-0.11513434450463281,-0.06219920141416194,0.5,0.26666666666666666,5.766666666666667,0.40839002267573693
D11_tight_stop08,11,tight_stop08,67,SOXX,6,126,2025-02-27,2025-08-27,30,0.2288069130259598,0.09833201825139246,0.05407777188236118,0.7634828289392266,-0.12360908221600747,-0.13047489477456733,0.8,0.23333333333333334,5.166666666666667,0.3697089947089947
D11_tight_stop08,11,tight_stop08,68,SOXX,2,42,2026-01-27,2026-03-26,30,-0.06274182234420844,-0.005868581267257807,-0.015293705542752056,-0.8488148831352057,-0.08161924199975723,0.05687324107695063,0.43333333333333335,0.8333333333333334,3.066666666666667,0.31051587301587313
D11_tight_stop08,11,tight_stop08,69,SOXX,8,168,2025-08-27,2026-04-28,30,0.752796897064234,0.27026243828637914,0.26461724376578954,1.0183431347987872,-0.18216510216548357,-0.4825344587778549,0.8,0.06666666666666667,9.433333333333334,0.42762896825396823
D11_tight_stop08,11,tight_stop08,70,SOXX,5,105,2024-09-20,2025-02-21,29,0.005406814450626518,0.007683352058900032,-0.01151342112089948,-0.16510765125847807,-0.10921818999188417,0.0022765376082735135,0.41379310344827586,0.3793103448275862,5.172413793103448,0.2767651888341543
D11_tight_stop08,11,tight_stop08,71,SOXX,4,84,2025-09-17,2026-01-15,29,0.30628589985012833,0.13426490931285315,0.11272426757768939,1.1004516603376573,-0.1423864826248473,-0.17202099053727518,0.7586206896551724,0.1724137931034483,5.344827586206897,0.4684934318555008
D11_tight_stop08,11,tight_stop08,72,QQQ,4,84,2025-06-23,2025-10-20,30,0.15160143793785608,0.05581961038047168,-0.01708710492689247,0.24772852130778347,-0.08483314755624562,-0.0957818275573844,0.43333333333333335,0.23333333333333334,3.433333333333333,0.3956349206349207
D11_tight_stop08,11,tight_stop08,73,SOXX,10,210,2023-11-28,2024-09-27,30,0.3732977081618618,0.07861215175479984,0.03345236885648917,0.2984494951987352,-0.19515865578481753,-0.29468555640706195,0.6,0.06666666666666667,10.133333333333333,0.3890873015873016
D11_tight_stop08,11,tight_stop08,74,QQQ,9,189,2025-04-09,2026-01-08,30,0.33624069066151074,0.09124014379381773,0.03339310759088243,0.35017540137920605,-0.14034048206503308,-0.24500054686769301,0.5333333333333333,0.13333333333333333,6.333333333333333,0.371031746031746
D11_tight_stop08,11,tight_stop08,75,QQQ,12,252,2024-12-19,2025-12-22,30,0.21234986652906018,0.04066147232637919,-0.0652545299118884,-0.12461546297724271,-0.18310889144415404,-0.171688394202681,0.4,0.16666666666666666,11.866666666666667,0.3468584656084656
D11_tight_stop08,11,tight_stop08,76,SOXX,5,105,2024-05-10,2024-10-09,29,0.07166285164062502,0.009608934965386931,-0.0216116086484196,-0.0849482630216364,-0.1472826775489736,-0.062053916675238095,0.4482758620689655,0.3448275862068966,4.9655172413793105,0.32931034482758614
D11_tight_stop08,11,tight_stop08,77,SOXX,8,168,2025-08-01,2026-04-01,30,0.43297225183525034,0.2090248931857098,0.23935455992779153,0.7238053254827123,-0.1822389202331552,-0.22394735864954055,0.6666666666666666,0.23333333333333334,9.9,0.442013888888889
D11_tight_stop08,11,tight_stop08,78,QQQ,7,147,2025-11-12,2026-06-15,30,0.20096913413608264,0.02685480858960891,-0.02364375510802813,0.037185885972086094,-0.12774525370905834,-0.1741143255464737,0.43333333333333335,0.13333333333333333,7.5,0.3449546485260771
D11_tight_stop08,11,tight_stop08,79,SOXX,9,189,2023-12-14,2024-09-16,30,0.167905259845331,0.0020938414461455575,-0.035316549747024306,-0.093357314071438,-0.19574971557515422,-0.16581141839918545,0.3333333333333333,0.13333333333333333,10.2,0.41388888888888886
D11_tight_stop08,11,tight_stop08,80,QQQ,6,126,2024-01-19,2024-07-19,30,0.1316414541629214,0.06818781525471279,0.03409075523258531,0.34869406079689563,-0.10270712138666573,-0.0634536389082086,0.5333333333333333,0.23333333333333334,5.466666666666667,0.41064814814814815
D11_tight_stop08,11,tight_stop08,81,QQQ,1,21,2024-11-13,2024-12-12,30,0.02781855470047412,0.029322103529389198,0.0,0.5489423206707063,-0.028468178723430486,0.0015035488289150793,0.43333333333333335,0.23333333333333334,1.1,0.4107142857142857
D11_tight_stop08,11,tight_stop08,82,SOXX,10,210,2024-06-21,2025-04-23,30,-0.3034388425007686,-0.13711128721636584,-0.1483207108359672,-0.7582965434951223,-0.24558501967878885,0.16632755528440274,0.2,0.8666666666666667,11.733333333333333,0.2619047619047619
D11_tight_stop08,11,tight_stop08,83,QQQ,11,231,2024-05-24,2025-04-28,30,0.03788093693594541,0.030930958046325244,-0.016542082099107625,-0.06352589813221374,-0.17854556970655136,-0.006949978889620165,0.4666666666666667,0.43333333333333335,10.866666666666667,0.3839826839826839
D11_tight_stop08,11,tight_stop08,84,SOXX,4,84,2025-03-26,2025-07-25,29,0.2196761364203743,0.07461991627186773,0.026671077709328417,0.40986330605332283,-0.09238049406569998,-0.14505622014850658,0.6206896551724138,0.1724137931034483,2.8275862068965516,0.3457512315270936
D11_tight_stop08,11,tight_stop08,85,SOXX,3,63,2024-01-12,2024-04-12,29,0.17490173722683933,0.07250041951127742,0.016819456126602184,0.6107173783956351,-0.08437207728571115,-0.10240131771556191,0.6551724137931034,0.2413793103448276,3.2413793103448274,0.429392446633826
D11_tight_stop08,11,tight_stop08,86,QQQ,4,84,2025-08-13,2025-12-10,30,0.08270584442079376,0.029979785976905596,-0.017966162350323556,-0.42779089470210346,-0.07430328844222749,-0.05272605844388817,0.36666666666666664,0.16666666666666666,3.7,0.33035714285714285
D11_tight_stop08,11,tight_stop08,87,QQQ,9,189,2025-08-12,2026-05-12,30,0.2238015104269533,0.07067647614385748,-0.00594833533388095,-0.04493492828417507,-0.13158939795680166,-0.15312503428309582,0.4666666666666667,0.23333333333333334,8.733333333333333,0.309700176366843
D11_tight_stop08,11,tight_stop08,88,QQQ,3,63,2023-09-06,2023-12-04,30,0.0323937441740032,-0.008456594625974286,-0.01790038247119241,-0.1561991280225297,-0.08360713170286123,-0.04085033879997749,0.36666666666666664,0.16666666666666666,3.2666666666666666,0.43783068783068774
D11_tight_stop08,11,tight_stop08,89,QQQ,6,126,2024-03-08,2024-09-06,30,0.02500440115388769,-0.029983300908591543,-0.011086992213515001,-0.1813999706383163,-0.13715805208092793,-0.05498770206247923,0.36666666666666664,0.26666666666666666,5.966666666666667,0.3728174603174604
D11_tight_stop08,11,tight_stop08,90,SOXX,4,84,2024-02-09,2024-06-10,29,0.16166402534839164,0.04391526789992151,0.03145265671398745,0.5709231174372056,-0.09710623514298936,-0.11774875744847013,0.6206896551724138,0.10344827586206896,4.482758620689655,0.4053776683087028
D11_tight_stop08,11,tight_stop08,91,QQQ,6,126,2024-12-26,2025-06-30,30,0.04434132972322158,0.04531215051416566,-0.040020349806411115,0.06046856329722252,-0.13938531058725623,0.0009708207909440783,0.4,0.36666666666666664,6.533333333333333,0.338558201058201
D11_tight_stop08,11,tight_stop08,92,QQQ,2,42,2024-07-11,2024-09-09,30,-0.0761694342464847,-0.05159039714406594,-0.03737606454833026,-1.5314479227211095,-0.08122620454453232,0.02457903710241876,0.1,0.7666666666666667,2.9,0.3101190476190477
D11_tight_stop08,11,tight_stop08,93,QQQ,8,168,2025-09-04,2026-05-05,30,0.18933459993954838,0.08173348807026518,0.004687421082558929,0.22511661345301642,-0.14213429496836186,-0.1076011118692832,0.5,0.2,8.1,0.37539682539682545
D11_tight_stop08,11,tight_stop08,94,QQQ,11,231,2023-08-28,2024-07-29,29,0.27358869545907205,0.0213952742701424,0.039909610599453416,0.2181165130082082,-0.13845282007165655,-0.2521934211889296,0.5517241379310345,0.0,8.517241379310345,0.43021346469622335
D11_tight_stop08,11,tight_stop08,95,SOXX,2,42,2024-10-18,2024-12-17,29,-0.02239739013513642,0.0051649459389366175,-0.01343715490664421,-0.4587135001666624,-0.06928832051373304,0.027562336074073036,0.41379310344827586,0.6206896551724138,2.9310344827586206,0.2738095238095238
D11_tight_stop08,11,tight_stop08,96,QQQ,9,189,2024-06-04,2025-03-06,30,0.07941245707007138,-0.042343194510582445,-0.051382561827340356,-0.11024636417228537,-0.17680218718048787,-0.12175565158065382,0.3333333333333333,0.13333333333333333,9.1,0.36477072310405645
D11_tight_stop08,11,tight_stop08,97,SOXX,5,105,2025-12-31,2026-06-02,30,1.0102699251297969,0.34208200517516235,0.3580075592858297,2.045402718906637,-0.11427490187753465,-0.6681879199546346,0.8666666666666667,0.03333333333333333,5.633333333333334,0.3627777777777777
D11_tight_stop08,11,tight_stop08,98,QQQ,4,84,2025-02-28,2025-06-30,30,0.08838217445442198,0.03622321967486334,0.007660733910523576,0.15257957026134386,-0.07620663227672328,-0.05215895477955864,0.5666666666666667,0.2,3.6333333333333333,0.2736111111111111
D11_tight_stop08,11,tight_stop08,99,SOXX,2,42,2026-05-13,2026-07-14,30,0.07552608567751218,0.0044143610385796875,-0.010766895137379162,-0.07688834862008691,-0.07191089415888058,-0.07111172463893249,0.43333333333333335,0.06666666666666667,2.066666666666667,0.25376984126984126
D12_loose_stop20,12,loose_stop20,0,SOXX,4,84,2025-01-15,2025-05-15,29,-0.04268271797372991,-0.05405170212515692,-0.05607079377205926,-0.7378996086272168,-0.14314687349589128,-0.011368984151427008,0.2413793103448276,0.41379310344827586,3.7586206896551726,0.22300903119868642
D12_loose_stop20,12,loose_stop20,1,SOXX,4,84,2025-11-26,2026-03-30,29,0.0653592129111733,0.15591186842207702,0.08498997312186929,0.8869922326639411,-0.11429422080889412,0.09055265551090372,0.7241379310344828,0.5517241379310345,4.275862068965517,0.4525862068965517
D12_loose_stop20,12,loose_stop20,2,SOXX,12,252,2024-06-12,2025-06-13,30,-0.11229341109132818,-0.10993107474612454,-0.15864352447722446,-0.47709912177118674,-0.27355307931256767,0.002362336345203636,0.2,0.4,12.1,0.33468915343915356
D12_loose_stop20,12,loose_stop20,3,QQQ,1,21,2026-01-13,2026-02-11,30,-0.02096638715391519,-0.0005211958911130502,0.0,-0.567248692413336,-0.06287500389180993,0.02044519126280214,0.4,0.6,2.1,0.4626984126984127
D12_loose_stop20,12,loose_stop20,4,QQQ,8,168,2025-02-28,2025-10-28,30,0.2501946769916814,0.08322467223306738,0.004619670090954986,0.2963094675547933,-0.14374915572248892,-0.166970004758614,0.5333333333333333,0.23333333333333334,6.033333333333333,0.39280753968253973
D12_loose_stop20,12,loose_stop20,5,SOXX,3,63,2025-03-10,2025-06-06,29,0.11931802402050695,0.014481102135427533,0.004598841482349236,0.21803804371693059,-0.062165486139588805,-0.10483692188507943,0.5172413793103449,0.10344827586206896,2.310344827586207,0.19649698960043788
D12_loose_stop20,12,loose_stop20,6,SOXX,12,252,2024-10-18,2025-10-21,30,0.2792904450054976,0.09432355887944081,0.04542455420286329,0.23320425230207753,-0.20428674605867475,-0.18496688612605677,0.5666666666666667,0.2,10.6,0.3896494708994709
D12_loose_stop20,12,loose_stop20,7,SOXX,5,105,2024-08-02,2024-12-31,30,0.0461545872289324,-0.002839529506963423,-0.04372019157869811,-0.30463284781249417,-0.12285535264430099,-0.04899411673589582,0.3333333333333333,0.23333333333333334,4.633333333333334,0.29055555555555557
D12_loose_stop20,12,loose_stop20,8,SOXX,11,231,2024-01-29,2024-12-26,30,0.11728604186347558,0.011595923440731744,-0.019417714599771208,-0.03617165417069924,-0.24141453185577663,-0.10569011842274384,0.43333333333333335,0.13333333333333333,10.766666666666667,0.3852453102453103
D12_loose_stop20,12,loose_stop20,9,QQQ,7,147,2025-12-22,2026-07-24,30,0.10761391047221691,0.07362152931376446,0.04154127759940074,0.2519192399667917,-0.13620068672611607,-0.03399238115845245,0.5666666666666667,0.36666666666666664,7.1,0.37585034013605445
D12_loose_stop20,12,loose_stop20,10,SOXX,11,231,2025-04-30,2026-03-31,30,0.7991727370086741,0.3531503083700231,0.29009025616152306,1.0828898592290972,-0.1813279592038934,-0.446022428638651,0.9,0.1,9.266666666666667,0.4475829725829727
D12_loose_stop20,12,loose_stop20,11,SOXX,7,147,2023-12-07,2024-07-10,30,0.5448433677075268,0.2123851242908645,0.1669698625612458,1.1674371967153554,-0.13745596281385175,-0.3324582434166623,0.8333333333333334,0.06666666666666667,6.2,0.4702380952380951
D12_loose_stop20,12,loose_stop20,12,QQQ,11,231,2024-03-27,2025-02-27,30,0.12982124242441295,0.09079465803826649,0.018039008408263058,0.392490373245292,-0.15183674987647816,-0.039026584386146465,0.5,0.3333333333333333,9.566666666666666,0.4422799422799424
D12_loose_stop20,12,loose_stop20,13,QQQ,10,210,2024-09-30,2025-08-01,30,0.1396408202388819,0.054355838017663874,0.03795617637979354,0.23163451301244542,-0.15582640491640298,-0.08528498222121804,0.5666666666666667,0.23333333333333334,8.166666666666666,0.3981349206349207
D12_loose_stop20,12,loose_stop20,14,QQQ,9,189,2025-02-11,2025-11-10,30,0.1848421423831519,0.03026072640175248,0.0024214838386918958,0.08121968481047419,-0.1675828352888987,-0.1545814159813994,0.5,0.16666666666666666,7.5,0.42782186948853623
D12_loose_stop20,12,loose_stop20,15,SOXX,2,42,2023-11-10,2024-01-11,29,0.13378672181991424,0.0871803487047879,0.06653518486945686,1.9755781163725261,-0.06165136429812493,-0.046606373115126346,0.8620689655172413,0.27586206896551724,1.4482758620689655,0.5566502463054187
D12_loose_stop20,12,loose_stop20,16,QQQ,8,168,2025-04-17,2025-12-16,30,0.3806506610687259,0.0781138486723912,-0.008421797776252071,0.21414851716711855,-0.11566133412988143,-0.30253681239633473,0.43333333333333335,0.13333333333333333,5.2,0.3524801587301587
D12_loose_stop20,12,loose_stop20,17,QQQ,3,63,2023-10-12,2024-01-11,29,0.10935424408522043,0.05220216760170572,0.0451801071511988,1.048415495011508,-0.0678209381349576,-0.05715207648351471,0.7241379310344828,0.27586206896551724,2.586206896551724,0.4886425834701697
D12_loose_stop20,12,loose_stop20,18,SOXX,7,147,2025-06-02,2025-12-30,29,0.4742072430583639,0.15219204374,0.08981587191772045,0.8158152807545554,-0.17423409441821724,-0.3220151993183639,0.6551724137931034,0.13793103448275862,7.275862068965517,0.5175932441942294
D12_loose_stop20,12,loose_stop20,19,QQQ,2,42,2026-01-20,2026-03-19,30,-0.024734412068352585,0.004130006519995466,-0.0013646501934509447,-0.003112117104491796,-0.06232830430409952,0.02886441858834805,0.43333333333333335,0.7,2.6333333333333333,0.3583333333333333
D12_loose_stop20,12,loose_stop20,20,QQQ,2,42,2025-12-30,2026-03-02,30,-0.01830706738570409,0.008004141805295259,-0.006985175086648032,0.03182212770703511,-0.07109583419045927,0.02631120919099935,0.4666666666666667,0.6333333333333333,2.5,0.4652777777777778
D12_loose_stop20,12,loose_stop20,21,QQQ,8,168,2024-02-14,2024-10-14,30,0.15334174114524046,0.031767738236344246,0.03544207471335914,0.3140490479616259,-0.13915461901468412,-0.12157400290889622,0.6333333333333333,0.23333333333333334,6.233333333333333,0.4312500000000001
D12_loose_stop20,12,loose_stop20,22,QQQ,4,84,2025-10-15,2026-02-13,30,0.0007896560047677692,0.033565584537716846,0.025613733201215405,0.23286383459565832,-0.08697003386162981,0.03277592853294908,0.5666666666666667,0.5666666666666667,4.3,0.4266865079365079
D12_loose_stop20,12,loose_stop20,23,QQQ,3,63,2026-01-08,2026-04-09,30,-0.0153279984002892,-0.007971382746403018,0.0005221817763735315,-0.5584412647884206,-0.08679035418119656,0.007356615653886182,0.5,0.6,3.966666666666667,0.31402116402116403
D12_loose_stop20,12,loose_stop20,24,SOXX,5,105,2026-02-10,2026-07-13,30,0.5770255442312711,0.21376757490766615,0.11423955693418375,1.425329712733047,-0.10414014725059655,-0.3632579693236049,0.8333333333333334,0.13333333333333333,3.9,0.31452380952380954
D12_loose_stop20,12,loose_stop20,25,QQQ,5,105,2026-01-14,2026-06-15,30,0.20238584863226716,0.09622961701266694,0.058079532122987554,0.6133422220884044,-0.09515399239791296,-0.10615623161960022,0.7,0.16666666666666666,5.3,0.3041269841269841
D12_loose_stop20,12,loose_stop20,26,QQQ,12,252,2025-01-16,2026-01-16,30,0.2169851270630765,0.10646817844298946,-0.0038034949239639793,0.18484259441189516,-0.16539398575244948,-0.11051694862008703,0.5,0.2,10.166666666666666,0.40479497354497346
D12_loose_stop20,12,loose_stop20,27,SOXX,4,84,2026-03-20,2026-07-21,30,0.6629647609934404,0.18706396479950788,0.13325961964018807,1.9748922283343755,-0.09871049368365761,-0.4759007961939325,0.9333333333333333,0.03333333333333333,3.2333333333333334,0.2994047619047619
D12_loose_stop20,12,loose_stop20,28,SOXX,10,210,2023-09-12,2024-07-12,30,0.6054235196262121,0.23154107941660115,0.16201416781285083,0.9930485814706432,-0.14318128716149398,-0.3738824402096109,0.8333333333333334,0.1,8.7,0.46615079365079365
D12_loose_stop20,12,loose_stop20,29,QQQ,10,210,2023-11-02,2024-09-04,29,0.27426335783759614,0.08402295189104281,0.0795491064740903,0.5922081619211842,-0.15391074762467022,-0.19024040594655334,0.6896551724137931,0.20689655172413793,7.9655172413793105,0.4688423645320197
D12_loose_stop20,12,loose_stop20,30,SOXX,11,231,2025-02-26,2026-01-27,30,0.6222676159829015,0.2147780876553179,0.13431545000342482,0.7188871913525747,-0.19565112033662188,-0.40748952832758356,0.7666666666666667,0.1,10.066666666666666,0.4147186147186147
D12_loose_stop20,12,loose_stop20,31,SOXX,4,84,2024-11-26,2025-03-31,30,-0.12412361759187396,-0.04298927999953695,-0.05030698972098391,-0.7672225884912103,-0.1251478563716227,0.08113433759233701,0.26666666666666666,0.8333333333333334,4.066666666666666,0.32529761904761906
D12_loose_stop20,12,loose_stop20,32,SOXX,3,63,2024-07-29,2024-10-24,29,-0.004528634488460304,-0.02989185447271413,-0.04825821304894862,-1.2630934513832122,-0.08108957928376537,-0.025363219984253827,0.1724137931034483,0.20689655172413793,3.0689655172413794,0.22646414887794197
D12_loose_stop20,12,loose_stop20,33,SOXX,7,147,2025-09-16,2026-04-16,29,0.5731892331920965,0.34634058702113374,0.24223657109969965,1.4653228393074107,-0.16220701986364924,-0.22684864617096273,0.9310344827586207,0.1724137931034483,7.482758620689655,0.4594768942059583
D12_loose_stop20,12,loose_stop20,34,QQQ,4,84,2024-05-31,2024-09-30,30,0.08613665447903895,0.01096744964697425,0.0034813002372537927,0.3339760129993523,-0.11684759400590258,-0.0751692048320647,0.5,0.23333333333333334,3.7333333333333334,0.452579365079365
D12_loose_stop20,12,loose_stop20,35,QQQ,9,189,2025-02-11,2025-11-10,30,0.1848421423831519,0.06129109174326455,0.018852519235668996,0.13552986437495199,-0.14151517760682839,-0.12355105063988733,0.5333333333333333,0.13333333333333333,7.533333333333333,0.4119488536155203
D12_loose_stop20,12,loose_stop20,36,QQQ,3,63,2025-01-14,2025-04-14,30,-0.0928917402537448,-0.030623529484727727,-0.03386202636983371,-0.5817327255780502,-0.12297114270430014,0.06226821076901708,0.26666666666666666,0.7666666666666667,4.233333333333333,0.36746031746031743
D12_loose_stop20,12,loose_stop20,37,SOXX,10,210,2024-08-26,2025-06-27,30,0.057670134077346225,0.019071690648208666,-0.04524882053649498,-0.11052033444407304,-0.17449411127271924,-0.038598443429137555,0.4,0.26666666666666666,8.133333333333333,0.3001190476190477
D12_loose_stop20,12,loose_stop20,38,SOXX,12,252,2024-07-02,2025-07-03,30,-0.01969168950723721,-0.061019693390226365,-0.09030924086666403,-0.2935481872952748,-0.2650822448535289,-0.041328003882989156,0.26666666666666666,0.3,10.333333333333334,0.32060185185185186
D12_loose_stop20,12,loose_stop20,39,QQQ,5,105,2024-09-23,2025-02-24,30,0.07798180695234325,0.08139287855270586,0.027666207446241264,0.7738975047578521,-0.10407247164949894,0.0034110716003626085,0.7333333333333333,0.3333333333333333,4.566666666666666,0.4747619047619047
D12_loose_stop20,12,loose_stop20,40,QQQ,12,252,2025-05-13,2026-05-13,30,0.3929082039357876,0.16620776497279888,0.026493064648095976,0.2678521247177953,-0.1672319633430153,-0.22670043896298875,0.6,0.13333333333333333,9.0,0.3779761904761905
D12_loose_stop20,12,loose_stop20,41,SOXX,5,105,2024-12-18,2025-05-21,29,-0.03550519039857425,-0.06946721469406353,-0.05260935652672538,-0.7108475151999694,-0.1698419456655517,-0.03396202429548928,0.20689655172413793,0.2413793103448276,5.241379310344827,0.28505747126436787
D12_loose_stop20,12,loose_stop20,42,QQQ,1,21,2026-06-01,2026-06-30,30,-0.007446386853765863,-0.01199828567336157,-0.004522142629825476,-1.3912666633953477,-0.037603334696742714,-0.004551898819595708,0.23333333333333334,0.5333333333333333,1.5333333333333334,0.2801587301587302
D12_loose_stop20,12,loose_stop20,43,SOXX,5,105,2025-04-30,2025-09-29,30,0.4691356693755999,0.16116417474234632,0.12490918795254602,1.264831891243104,-0.11767004521039118,-0.3079714946332536,0.7333333333333333,0.03333333333333333,3.7333333333333334,0.47865079365079366
D12_loose_stop20,12,loose_stop20,44,SOXX,5,105,2024-07-24,2024-12-19,29,-0.07336128139760856,0.01625442162567407,-0.04651986216488446,-0.39358170364289,-0.12163744509950963,0.08961570302328263,0.3448275862068966,0.6206896551724138,5.482758620689655,0.3294745484400657
D12_loose_stop20,12,loose_stop20,45,SOXX,12,252,2024-03-06,2025-03-07,30,-0.10757477953627947,-0.08331968670054522,-0.09895707943607446,-0.27177444196979,-0.2479946374254533,0.02425509283573425,0.16666666666666666,0.5666666666666667,12.233333333333333,0.3776124338624338
D12_loose_stop20,12,loose_stop20,46,SOXX,11,231,2024-02-13,2025-01-14,30,0.07418664137386521,0.059821965508319905,-0.0018313372002973782,0.12892401352492033,-0.2227070402008577,-0.01436467586554531,0.5,0.3333333333333333,10.5,0.3823593073593074
D12_loose_stop20,12,loose_stop20,47,QQQ,12,252,2025-06-12,2026-06-12,30,0.3582273667812763,0.14719785332305818,0.03907173909083028,0.3325117947786156,-0.19329717135679936,-0.21102951345821813,0.6333333333333333,0.16666666666666666,10.533333333333333,0.41716269841269843
D12_loose_stop20,12,loose_stop20,48,QQQ,1,21,2025-07-02,2025-07-31,30,0.025798870778167116,0.007260681716089845,-0.003612309096430455,-0.21816816497455918,-0.04308855080299326,-0.01853818906207727,0.43333333333333335,0.26666666666666666,1.4666666666666666,0.5015873015873016
D12_loose_stop20,12,loose_stop20,49,QQQ,6,126,2024-03-22,2024-09-20,30,0.08250113027758665,0.015292903454110789,0.008381232748699396,0.09050578229887153,-0.1236042405641092,-0.06720822682347587,0.5333333333333333,0.26666666666666666,5.7,0.4480158730158731
D12_loose_stop20,12,loose_stop20,50,QQQ,11,231,2025-04-16,2026-03-18,30,0.3441101199491847,0.15793339524006972,0.0734315032262578,0.5271702875315485,-0.1313191445472193,-0.186176724709115,0.6333333333333333,0.16666666666666666,7.933333333333334,0.39285714285714285
D12_loose_stop20,12,loose_stop20,51,SOXX,12,252,2025-05-09,2026-05-11,30,1.7645869991549006,0.6073834169716669,0.4934689740175656,1.4526808172474859,-0.1907811031312983,-1.1572035821832336,0.9333333333333333,0.1,10.3,0.46600529100529103
D12_loose_stop20,12,loose_stop20,52,QQQ,6,126,2024-07-26,2025-01-27,30,0.11403086919643934,0.019736751956109248,0.04222568052747144,0.3083882388214361,-0.1175011703510434,-0.0942941172403301,0.6666666666666666,0.13333333333333333,5.766666666666667,0.4347883597883598
D12_loose_stop20,12,loose_stop20,53,SOXX,9,189,2025-02-25,2025-11-21,30,0.27137754060742036,0.04958044107924709,0.014730703166314585,0.19490135722406013,-0.1808997191824236,-0.22179709952817328,0.5,0.16666666666666666,8.266666666666667,0.38540564373897707
D12_loose_stop20,12,loose_stop20,54,QQQ,10,210,2025-06-10,2026-04-10,30,0.14941279936704488,-0.0028070737983357315,-0.002282661584276313,-0.1320369107416375,-0.18069840473750756,-0.1522198731653806,0.5,0.1,8.366666666666667,0.43111111111111117
D12_loose_stop20,12,loose_stop20,55,QQQ,9,189,2024-03-12,2024-12-09,30,0.18252323377671842,0.06494026782999283,-0.0026698455440446467,0.3242527648904615,-0.14703158816856698,-0.11758296594672558,0.43333333333333335,0.2,7.366666666666666,0.44753086419753085
D12_loose_stop20,12,loose_stop20,56,SOXX,1,21,2026-03-06,2026-04-06,30,0.06430085839175526,0.020010533327884425,0.026566054195573008,1.255460757232864,-0.04367876530793891,-0.04429032506387083,0.7,0.06666666666666667,1.7333333333333334,0.2888888888888889
D12_loose_stop20,12,loose_stop20,57,QQQ,11,231,2024-12-30,2025-12-01,30,0.20149282165868643,0.04031638103146373,-0.0026993819502851846,0.0065275401378220264,-0.16139924712288442,-0.1611764406272227,0.5,0.16666666666666666,9.3,0.38416305916305915
D12_loose_stop20,12,loose_stop20,58,QQQ,4,84,2025-05-06,2025-09-04,30,0.19622773691571815,0.04405188827099266,0.00034388494433079675,0.2861123757805499,-0.08037432494581619,-0.1521758486447255,0.5,0.13333333333333333,2.8333333333333335,0.4063492063492063
D12_loose_stop20,12,loose_stop20,59,SOXX,4,84,2026-02-25,2026-06-25,30,0.7007670678766698,0.2216714565685435,0.13315089015196935,2.1934562479227773,-0.09741670022405362,-0.4790956113081263,0.9,0.1,4.0,0.3243055555555555
D12_loose_stop20,12,loose_stop20,60,SOXX,1,21,2024-12-26,2025-01-28,29,-0.04487084375145378,-0.03304087796148263,-0.01845243021325882,-1.4469025894816991,-0.08097061719892475,0.011829965789971149,0.1724137931034483,0.6896551724137931,1.8275862068965518,0.4006568144499179
D12_loose_stop20,12,loose_stop20,61,SOXX,3,63,2024-01-26,2024-04-25,29,0.06710127075469541,0.019876767917187968,-0.026546500573412013,-0.3483605159130919,-0.08603282739483313,-0.04722450283750744,0.3793103448275862,0.2413793103448276,3.1724137931034484,0.3791735084838533
D12_loose_stop20,12,loose_stop20,62,SOXX,3,63,2025-06-20,2025-09-18,29,0.19111858758403377,0.11587278270162807,0.0922648115346052,1.4411659011919147,-0.11721021694724464,-0.0752458048824057,0.7586206896551724,0.3103448275862069,3.206896551724138,0.5775862068965517
D12_loose_stop20,12,loose_stop20,63,QQQ,3,63,2025-10-01,2025-12-30,30,0.0281443024583361,-0.016955469531708102,-0.020613437231147946,-0.24497341968398573,-0.08177618471690046,-0.0450997719900442,0.3333333333333333,0.23333333333333334,2.9,0.3903439153439153
D12_loose_stop20,12,loose_stop20,64,QQQ,2,42,2024-06-12,2024-08-12,30,-0.0465096827642848,-0.02465469226815021,-0.03116339873111612,-0.9464493923577343,-0.07981043326164056,0.02185499049613459,0.26666666666666666,0.6666666666666666,2.7,0.39007936507936514
D12_loose_stop20,12,loose_stop20,65,SOXX,7,147,2024-03-27,2024-10-24,29,0.010917641305967063,-0.015839362504625597,-0.025854810707036324,-0.12674146112500465,-0.18049428177312313,-0.02675700381059266,0.27586206896551724,0.27586206896551724,6.793103448275862,0.3940300258034249
D12_loose_stop20,12,loose_stop20,66,QQQ,7,147,2024-06-18,2025-01-17,30,0.08024880165552029,0.026875066630671168,0.00828547454597528,0.3034891077697569,-0.112463190490486,-0.053373735024849114,0.5333333333333333,0.3,5.166666666666667,0.4339002267573696
D12_loose_stop20,12,loose_stop20,67,SOXX,6,126,2025-02-27,2025-08-27,30,0.2288069130259598,0.09905520554103592,0.05317135970889375,0.7287818202255936,-0.12800285695769534,-0.12975170748492387,0.7333333333333333,0.23333333333333334,4.866666666666666,0.40952380952380957
D12_loose_stop20,12,loose_stop20,68,SOXX,2,42,2026-01-27,2026-03-26,30,-0.06274182234420844,0.006395601670026063,0.007313149080006576,-0.08911925622377428,-0.0819632024127972,0.0691374240142345,0.5333333333333333,0.8666666666666667,2.566666666666667,0.36190476190476184
D12_loose_stop20,12,loose_stop20,69,SOXX,8,168,2025-08-27,2026-04-28,30,0.752796897064234,0.2961672698105649,0.2646172437657889,1.22275299353533,-0.17721738254441985,-0.4566296272536691,0.9,0.06666666666666667,8.333333333333334,0.4507936507936508
D12_loose_stop20,12,loose_stop20,70,SOXX,5,105,2024-09-20,2025-02-21,29,0.005406814450626518,0.008992048948469018,-0.022423451820538065,-0.08962792469202976,-0.11166606651851768,0.0035852344978424995,0.3448275862068966,0.3448275862068966,4.862068965517241,0.31888341543513954
D12_loose_stop20,12,loose_stop20,71,SOXX,4,84,2025-09-17,2026-01-15,29,0.30628589985012833,0.1384050919707784,0.11272426757768961,1.1357734254535488,-0.14468347275861054,-0.16788080787934992,0.7586206896551724,0.1724137931034483,4.931034482758621,0.4895320197044335
D12_loose_stop20,12,loose_stop20,72,QQQ,4,84,2025-06-23,2025-10-20,30,0.15160143793785608,0.06268867098380851,0.0014682471640489192,0.41275253785385874,-0.08619925245277002,-0.08891276695404757,0.5,0.23333333333333334,3.1333333333333333,0.4271825396825397
D12_loose_stop20,12,loose_stop20,73,SOXX,10,210,2023-11-28,2024-09-27,30,0.3732977081618618,0.1059584104312712,0.06314014746081853,0.42451890798875086,-0.19939064565083228,-0.2673392977305906,0.7,0.06666666666666667,8.933333333333334,0.4315079365079365
D12_loose_stop20,12,loose_stop20,74,QQQ,9,189,2025-04-09,2026-01-08,30,0.33624069066151074,0.10631411857136118,0.0333533793675489,0.46909236312045377,-0.14394275422670524,-0.22992657209014955,0.5666666666666667,0.13333333333333333,5.866666666666666,0.4105379188712522
D12_loose_stop20,12,loose_stop20,75,QQQ,12,252,2024-12-19,2025-12-22,30,0.21234986652906018,0.0400156202451231,-0.051286584276194314,-0.04996110142089116,-0.18714100299950723,-0.1723342462839371,0.4,0.13333333333333333,10.633333333333333,0.3848214285714286
D12_loose_stop20,12,loose_stop20,76,SOXX,5,105,2024-05-10,2024-10-09,29,0.07166285164062502,0.010480855239599391,-0.0016931772483290697,0.01109639501498669,-0.1556400337018964,-0.06118199640102563,0.4827586206896552,0.3103448275862069,4.413793103448276,0.3789819376026272
D12_loose_stop20,12,loose_stop20,77,SOXX,8,168,2025-08-01,2026-04-01,30,0.43297225183525034,0.22920805836597075,0.24618364370333978,0.7800294101232584,-0.18011333123386075,-0.2037641934692796,0.7,0.3,8.633333333333333,0.4694940476190476
D12_loose_stop20,12,loose_stop20,78,QQQ,7,147,2025-11-12,2026-06-15,30,0.20096913413608264,0.03956689129641452,-0.002440245753500825,0.14969211399543322,-0.1339727908222862,-0.16140224283966811,0.5,0.16666666666666666,6.8,0.37454648526077094
D12_loose_stop20,12,loose_stop20,79,SOXX,9,189,2023-12-14,2024-09-16,30,0.167905259845331,0.011976935234742973,-0.04260464475791065,-0.03686166926056326,-0.19815833325863869,-0.15592832461058803,0.4,0.13333333333333333,9.0,0.4505291005291005
D12_loose_stop20,12,loose_stop20,80,QQQ,6,126,2024-01-19,2024-07-19,30,0.1316414541629214,0.07320489826554667,0.033237611977074866,0.39075128789771846,-0.10323286363146104,-0.05843655589737472,0.5666666666666667,0.26666666666666666,5.133333333333334,0.4308201058201059
D12_loose_stop20,12,loose_stop20,81,QQQ,1,21,2024-11-13,2024-12-12,30,0.02781855470047412,0.029480661872779017,0.0,0.5821576451032261,-0.028732038089774745,0.001662107172304899,0.4666666666666667,0.23333333333333334,1.1333333333333333,0.41904761904761906
D12_loose_stop20,12,loose_stop20,82,SOXX,10,210,2024-06-21,2025-04-23,30,-0.3034388425007686,-0.14603017546764702,-0.1302655630494139,-0.776728052152857,-0.2617882161421905,0.15740866703312156,0.16666666666666666,0.8,10.1,0.31444444444444447
D12_loose_stop20,12,loose_stop20,83,QQQ,11,231,2024-05-24,2025-04-28,30,0.03788093693594541,0.03351871014992921,0.0026967495950236398,-0.01584269382726023,-0.18268021053490607,-0.0043622267860162,0.5,0.4,10.033333333333333,0.4136724386724387
D12_loose_stop20,12,loose_stop20,84,SOXX,4,84,2025-03-26,2025-07-25,29,0.2196761364203743,0.07191733027481657,0.01761681902399781,0.4578544136650805,-0.09643255192653968,-0.14775880614555775,0.5862068965517241,0.1724137931034483,2.896551724137931,0.37623152709359603
D12_loose_stop20,12,loose_stop20,85,SOXX,3,63,2024-01-12,2024-04-12,29,0.17490173722683933,0.07708836840474494,0.02385978463436933,0.6918185323659213,-0.08603507819563999,-0.09781336882209439,0.7241379310344828,0.2413793103448276,3.0689655172413794,0.45210727969348663
D12_loose_stop20,12,loose_stop20,86,QQQ,4,84,2025-08-13,2025-12-10,30,0.08270584442079376,0.02985936572647609,-0.022166673985830665,-0.3859007305937362,-0.08026110304805889,-0.052846478694317675,0.36666666666666664,0.16666666666666666,3.433333333333333,0.3630952380952381
D12_loose_stop20,12,loose_stop20,87,QQQ,9,189,2025-08-12,2026-05-12,30,0.2238015104269533,0.09336883903484067,-0.002634114520532471,0.072229496200824,-0.13988728790470206,-0.13043267139211262,0.5,0.2,7.733333333333333,0.35780423280423274
D12_loose_stop20,12,loose_stop20,88,QQQ,3,63,2023-09-06,2023-12-04,30,0.0323937441740032,-0.0023783905850585873,-0.012086043384071932,0.014954860003352638,-0.08366464666842835,-0.03477213475906179,0.4,0.16666666666666666,3.2333333333333334,0.4579365079365079
D12_loose_stop20,12,loose_stop20,89,QQQ,6,126,2024-03-08,2024-09-06,30,0.02500440115388769,-0.0288642335671863,-0.01826971325667781,-0.1501231245304758,-0.13902784986612007,-0.05386863472107399,0.4,0.26666666666666666,5.533333333333333,0.39841269841269855
D12_loose_stop20,12,loose_stop20,90,SOXX,4,84,2024-02-09,2024-06-10,29,0.16166402534839164,0.050805835135973504,0.045833365513278324,0.6990220174462926,-0.10172837395643516,-0.11085819021241813,0.6551724137931034,0.10344827586206896,4.241379310344827,0.43996305418719217
D12_loose_stop20,12,loose_stop20,91,QQQ,6,126,2024-12-26,2025-06-30,30,0.04434132972322158,0.05658341308017463,0.011526992296345129,0.3155183022050394,-0.15035355028036054,0.012242083356953051,0.5666666666666667,0.3,6.166666666666667,0.38716931216931216
D12_loose_stop20,12,loose_stop20,92,QQQ,2,42,2024-07-11,2024-09-09,30,-0.0761694342464847,-0.04695244643136234,-0.03600828937440964,-1.1871387252143129,-0.08229024067803287,0.029216987815122365,0.1,0.8333333333333334,2.5,0.35376984126984123
D12_loose_stop20,12,loose_stop20,93,QQQ,8,168,2025-09-04,2026-05-05,30,0.18933459993954838,0.0987413087603793,0.006183080697219623,0.3017888917709761,-0.1459370151246833,-0.09059329117916907,0.5,0.2,7.4,0.40610119047619053
D12_loose_stop20,12,loose_stop20,94,QQQ,11,231,2023-08-28,2024-07-29,29,0.27358869545907205,0.025362434850029612,0.039909610599453416,0.26372394741588484,-0.1380393328713378,-0.24822626060904243,0.5517241379310345,0.0,7.9655172413793105,0.4480146290491118
D12_loose_stop20,12,loose_stop20,95,SOXX,2,42,2024-10-18,2024-12-17,29,-0.02239739013513642,-0.001557848459611672,-0.023023430553889668,-0.690025100532845,-0.07683178371002228,0.020839541675524747,0.3793103448275862,0.4827586206896552,3.0,0.30008210180623973
D12_loose_stop20,12,loose_stop20,96,QQQ,9,189,2024-06-04,2025-03-06,30,0.07941245707007138,-0.027096436584469776,-0.02700037314883219,-0.002135090727955284,-0.17362083234352385,-0.10650889365454116,0.4,0.16666666666666666,7.966666666666667,0.3935185185185185
D12_loose_stop20,12,loose_stop20,97,SOXX,5,105,2025-12-31,2026-06-02,30,1.0102699251297969,0.3805986905042474,0.35800755928582984,2.358948735651706,-0.11379863453832968,-0.6296712346255495,0.9,0.03333333333333333,4.866666666666666,0.3984920634920634
D12_loose_stop20,12,loose_stop20,98,QQQ,4,84,2025-02-28,2025-06-30,30,0.08838217445442198,0.029954358772686762,0.0049598542115247835,0.18074088350121306,-0.0876277877361274,-0.05842781568173522,0.6,0.2,3.3333333333333335,0.3193452380952381
D12_loose_stop20,12,loose_stop20,99,SOXX,2,42,2026-05-13,2026-07-14,30,0.07552608567751218,0.004895277111800796,-0.007589947811377784,0.08878493333051897,-0.0765416440245149,-0.07063080856571138,0.4666666666666667,0.06666666666666667,1.6,0.2859126984126984
D13_dip08_w20,13,dip08_w20,0,SOXX,4,84,2025-01-15,2025-05-15,29,-0.04268271797372991,-0.04730889332116781,-0.04089181278174514,-0.8370343486883864,-0.11682287747014462,-0.004626175347437901,0.1724137931034483,0.5517241379310345,4.241379310344827,0.15788177339901477
D13_dip08_w20,13,dip08_w20,1,SOXX,4,84,2025-11-26,2026-03-30,29,0.0653592129111733,0.1448783429195183,0.08668718707654532,0.7181058758746308,-0.10843697008807987,0.07951913000834498,0.7241379310344828,0.5517241379310345,4.758620689655173,0.40410509031198694
D13_dip08_w20,13,dip08_w20,2,SOXX,12,252,2024-06-12,2025-06-13,30,-0.11229341109132818,-0.11181531681163454,-0.17702765051475028,-0.5082842536390676,-0.2585832463546709,0.0004780942796936416,0.26666666666666666,0.3333333333333333,13.2,0.2780687830687831
D13_dip08_w20,13,dip08_w20,3,QQQ,1,21,2026-01-13,2026-02-11,30,-0.02096638715391519,0.0016206024808340213,0.0,-0.20283948981516903,-0.05757753879579985,0.02258698963474921,0.4,0.6666666666666666,1.9,0.4285714285714285
D13_dip08_w20,13,dip08_w20,4,QQQ,8,168,2025-02-28,2025-10-28,30,0.2501946769916814,0.06617213527252679,-0.0075743975605310765,0.147777226665883,-0.14186196961603842,-0.1840225417191546,0.4666666666666667,0.2,6.833333333333333,0.35884920634920636
D13_dip08_w20,13,dip08_w20,5,SOXX,3,63,2025-03-10,2025-06-06,29,0.11931802402050695,0.014801782828552068,0.0,0.20260654866795424,-0.04299646364842773,-0.10451624119195488,0.4482758620689655,0.06896551724137931,2.310344827586207,0.13344280240831966
D13_dip08_w20,13,dip08_w20,6,SOXX,12,252,2024-10-18,2025-10-21,30,0.2792904450054976,0.09016273449447904,0.047643536574427214,0.23818711918903496,-0.19388162994936423,-0.18912771051101857,0.5333333333333333,0.16666666666666666,11.2,0.3538095238095238
D13_dip08_w20,13,dip08_w20,7,SOXX,5,105,2024-08-02,2024-12-31,30,0.0461545872289324,-0.009670272961595065,-0.026988393321319193,-0.5064789757331369,-0.11065120931159092,-0.05582486019052746,0.3,0.23333333333333334,4.8,0.22304761904761902
D13_dip08_w20,13,dip08_w20,8,SOXX,11,231,2024-01-29,2024-12-26,30,0.11728604186347558,-0.008212584309142268,-0.034721652747976894,-0.09387935021922642,-0.23698381962637033,-0.12549862617261784,0.36666666666666664,0.16666666666666666,12.0,0.3298412698412699
D13_dip08_w20,13,dip08_w20,9,QQQ,7,147,2025-12-22,2026-07-24,30,0.10761391047221691,0.06367505203517873,0.03313028503947002,0.15709737904552856,-0.13180375598416477,-0.04393885843703818,0.5666666666666667,0.36666666666666664,7.533333333333333,0.3440816326530613
D13_dip08_w20,13,dip08_w20,10,SOXX,11,231,2025-04-30,2026-03-31,30,0.7991727370086741,0.2950647665388428,0.2945549176518032,0.9415235388405381,-0.1830702801352099,-0.5041079704698312,0.8333333333333334,0.06666666666666667,10.633333333333333,0.4053679653679655
D13_dip08_w20,13,dip08_w20,11,SOXX,7,147,2023-12-07,2024-07-10,30,0.5448433677075268,0.19198503973200562,0.12677399666978595,1.0264333315293428,-0.13488157717364846,-0.3528583279755212,0.7666666666666667,0.06666666666666667,6.733333333333333,0.4322448979591837
D13_dip08_w20,13,dip08_w20,12,QQQ,11,231,2024-03-27,2025-02-27,30,0.12982124242441295,0.08461590507948334,-0.002105933588834319,0.3215077503333398,-0.15656603842453676,-0.04520533734492961,0.5,0.3333333333333333,10.533333333333333,0.42196248196248204
D13_dip08_w20,13,dip08_w20,13,QQQ,10,210,2024-09-30,2025-08-01,30,0.1396408202388819,0.0467713394987349,0.028190012806405318,0.1375317811826146,-0.1585723689614938,-0.092869480740147,0.5333333333333333,0.23333333333333334,9.433333333333334,0.36473015873015874
D13_dip08_w20,13,dip08_w20,14,QQQ,9,189,2025-02-11,2025-11-10,30,0.1848421423831519,0.017483041088375596,-0.02947599094071718,-0.03419546605471594,-0.16825782453768662,-0.1673591012947763,0.4666666666666667,0.2,8.366666666666667,0.3840564373897708
D13_dip08_w20,13,dip08_w20,15,SOXX,2,42,2023-11-10,2024-01-11,29,0.13378672181991424,0.08344321539359166,0.061899934051860006,1.8987802723400315,-0.05948198903098012,-0.050343506426322585,0.8620689655172413,0.27586206896551724,1.3793103448275863,0.525615763546798
D13_dip08_w20,13,dip08_w20,16,QQQ,8,168,2025-04-17,2025-12-16,30,0.3806506610687259,0.06667213873183668,-0.007950990419117954,0.06315409571303728,-0.10967409409858007,-0.3139785223368892,0.43333333333333335,0.13333333333333333,6.033333333333333,0.3145238095238095
D13_dip08_w20,13,dip08_w20,17,QQQ,3,63,2023-10-12,2024-01-11,29,0.10935424408522043,0.04725102654698551,0.02520002135482846,0.9463613969294371,-0.06816124336906917,-0.062103217538234924,0.7241379310344828,0.27586206896551724,2.7241379310344827,0.4561576354679802
D13_dip08_w20,13,dip08_w20,18,SOXX,7,147,2025-06-02,2025-12-30,29,0.4742072430583639,0.12030898513673663,0.041663920200964766,0.6332992816681591,-0.17832048292130948,-0.3538982579216273,0.6206896551724138,0.10344827586206896,7.827586206896552,0.48857612010321366
D13_dip08_w20,13,dip08_w20,19,QQQ,2,42,2026-01-20,2026-03-19,30,-0.024734412068352585,0.0071724095358666196,5.828848568878442e-05,0.01806625207830743,-0.05454670942022711,0.031906821604219204,0.5,0.8,2.8,0.33730158730158727
D13_dip08_w20,13,dip08_w20,20,QQQ,2,42,2025-12-30,2026-03-02,30,-0.01830706738570409,0.0148349494419322,-0.0014054181420982692,0.18790924047609714,-0.06130007332064018,0.03314201682763629,0.4666666666666667,0.6333333333333333,2.6666666666666665,0.43984126984126976
D13_dip08_w20,13,dip08_w20,21,QQQ,8,168,2024-02-14,2024-10-14,30,0.15334174114524046,0.019892226865420647,0.019544432938088274,0.17641699949081718,-0.14199489390498804,-0.13344951427981983,0.6333333333333333,0.13333333333333333,7.066666666666666,0.39964285714285713
D13_dip08_w20,13,dip08_w20,22,QQQ,4,84,2025-10-15,2026-02-13,30,0.0007896560047677692,0.035245594205660855,0.02156725211733934,0.34123919071511366,-0.07870024401470316,0.034455938200893085,0.6333333333333333,0.6333333333333333,4.7,0.3834126984126984
D13_dip08_w20,13,dip08_w20,23,QQQ,3,63,2026-01-08,2026-04-09,30,-0.0153279984002892,-0.006326400068743821,-0.0005872371456074332,-0.26077532902216755,-0.08021932795340242,0.00900159833154538,0.4,0.6333333333333333,4.066666666666666,0.2829629629629629
D13_dip08_w20,13,dip08_w20,24,SOXX,5,105,2026-02-10,2026-07-13,30,0.5770255442312711,0.17380299190052703,0.061680468152574996,1.0229186512205497,-0.09478624076558109,-0.403222552330744,0.7,0.13333333333333333,4.866666666666666,0.24273015873015877
D13_dip08_w20,13,dip08_w20,25,QQQ,5,105,2026-01-14,2026-06-15,30,0.20238584863226716,0.07992447736441143,0.04118274191892013,0.47212020962475887,-0.09156219594396574,-0.12246137126785574,0.6666666666666666,0.13333333333333333,5.633333333333334,0.2735873015873016
D13_dip08_w20,13,dip08_w20,26,QQQ,12,252,2025-01-16,2026-01-16,30,0.2169851270630765,0.10182894483160364,-0.021657317571032675,0.12977696452928486,-0.16123038254322394,-0.11515618223147285,0.4666666666666667,0.2,11.433333333333334,0.3714550264550265
D13_dip08_w20,13,dip08_w20,27,SOXX,4,84,2026-03-20,2026-07-21,30,0.6629647609934404,0.158131420988666,0.09431247871228443,1.8323295280160328,-0.0852809344678285,-0.5048333400047744,0.9,0.03333333333333333,3.566666666666667,0.24650793650793648
D13_dip08_w20,13,dip08_w20,28,SOXX,10,210,2023-09-12,2024-07-12,30,0.6054235196262121,0.21416838720575282,0.1226338506208382,0.8933138998272326,-0.14399542474710597,-0.3912551324204593,0.7666666666666667,0.1,9.233333333333333,0.4162857142857143
D13_dip08_w20,13,dip08_w20,29,QQQ,10,210,2023-11-02,2024-09-04,29,0.27426335783759614,0.07942473680140263,0.06862553592156351,0.5410612742150305,-0.15427518480923466,-0.1948386210361935,0.6551724137931034,0.13793103448275862,8.689655172413794,0.4537931034482759
D13_dip08_w20,13,dip08_w20,30,SOXX,11,231,2025-02-26,2026-01-27,30,0.6222676159829015,0.209392715812584,0.09334073934378839,0.7407470047109422,-0.19374091689461934,-0.41287490017031747,0.7333333333333333,0.13333333333333333,10.166666666666666,0.3798556998556999
D13_dip08_w20,13,dip08_w20,31,SOXX,4,84,2024-11-26,2025-03-31,30,-0.12412361759187396,-0.038372411900113056,-0.0188397240765949,-0.6499908899194293,-0.11464904741757893,0.0857512056917609,0.26666666666666666,0.8,4.3,0.2624603174603175
D13_dip08_w20,13,dip08_w20,32,SOXX,3,63,2024-07-29,2024-10-24,29,-0.004528634488460304,-0.025406874502339402,-0.023487714618629196,-1.1566613355735575,-0.06550783113486236,-0.0208782400138791,0.1724137931034483,0.27586206896551724,3.2413793103448274,0.1552271483305966
D13_dip08_w20,13,dip08_w20,33,SOXX,7,147,2025-09-16,2026-04-16,29,0.5731892331920965,0.3012558986597948,0.20669456083637683,1.3624682579463925,-0.1645210389288647,-0.2719333345323017,0.896551724137931,0.10344827586206896,8.344827586206897,0.41773399014778323
D13_dip08_w20,13,dip08_w20,34,QQQ,4,84,2024-05-31,2024-09-30,30,0.08613665447903895,0.006548706659798638,-0.007169025547842711,0.2543820314469175,-0.11180180517226714,-0.07958794781924032,0.4666666666666667,0.2,4.333333333333333,0.4219841269841271
D13_dip08_w20,13,dip08_w20,35,QQQ,9,189,2025-02-11,2025-11-10,30,0.1848421423831519,0.058529887058835106,0.01274882563173052,0.040888011595914604,-0.13757431072250406,-0.12631225532431678,0.5333333333333333,0.2,8.366666666666667,0.38084656084656093
D13_dip08_w20,13,dip08_w20,36,QQQ,3,63,2025-01-14,2025-04-14,30,-0.0928917402537448,-0.025145186841796403,-0.01989094175633821,-0.6429644193334298,-0.11156018614559625,0.06774655341194841,0.26666666666666666,0.8333333333333334,4.7,0.3173544973544974
D13_dip08_w20,13,dip08_w20,37,SOXX,10,210,2024-08-26,2025-06-27,30,0.057670134077346225,0.03090291876991798,-0.02460653246216221,0.011392113802836393,-0.15422953664889888,-0.026767215307428243,0.43333333333333335,0.26666666666666666,8.433333333333334,0.24380952380952375
D13_dip08_w20,13,dip08_w20,38,SOXX,12,252,2024-07-02,2025-07-03,30,-0.01969168950723721,-0.059393360208346825,-0.10468665635231617,-0.29214081893542965,-0.24532069096098005,-0.039701670701109616,0.3,0.3333333333333333,11.366666666666667,0.25878306878306884
D13_dip08_w20,13,dip08_w20,39,QQQ,5,105,2024-09-23,2025-02-24,30,0.07798180695234325,0.07516727882665399,0.018068541342035616,0.704779597562182,-0.10045898857202681,-0.0028145281256892613,0.6666666666666666,0.3333333333333333,4.866666666666666,0.4547936507936507
D13_dip08_w20,13,dip08_w20,40,QQQ,12,252,2025-05-13,2026-05-13,30,0.3929082039357876,0.15522056028782677,0.007391209653074493,0.30687349922839574,-0.1521744524311461,-0.23768764364796086,0.5666666666666667,0.13333333333333333,9.966666666666667,0.34116402116402117
D13_dip08_w20,13,dip08_w20,41,SOXX,5,105,2024-12-18,2025-05-21,29,-0.03550519039857425,-0.060494842165386496,-0.0472768778814211,-0.7845090641152181,-0.1465472905023935,-0.024989651766812247,0.13793103448275862,0.3793103448275862,5.724137931034483,0.23041050903119864
D13_dip08_w20,13,dip08_w20,42,QQQ,1,21,2026-06-01,2026-06-30,30,-0.007446386853765863,-0.010536304755825716,-0.004887732796831301,-1.3404001140235304,-0.03258389840705818,-0.003089917902059853,0.23333333333333334,0.5333333333333333,1.5666666666666667,0.22380952380952382
D13_dip08_w20,13,dip08_w20,43,SOXX,5,105,2025-04-30,2025-09-29,30,0.4691356693755999,0.1417286255808318,0.09769215080298677,1.116317883965303,-0.1160360591999225,-0.32740704379476815,0.7333333333333333,0.03333333333333333,3.933333333333333,0.4471746031746032
D13_dip08_w20,13,dip08_w20,44,SOXX,5,105,2024-07-24,2024-12-19,29,-0.07336128139760856,0.005778376823064797,-0.039908462266707745,-0.5598131933626123,-0.11691320075794,0.07913965822067336,0.3448275862068966,0.5862068965517241,6.275862068965517,0.25707717569786537
D13_dip08_w20,13,dip08_w20,45,SOXX,12,252,2024-03-06,2025-03-07,30,-0.10757477953627947,-0.08778527339900004,-0.10356504728783711,-0.30815559271277804,-0.24425790912750914,0.019789506137279436,0.23333333333333334,0.5,13.566666666666666,0.32047619047619047
D13_dip08_w20,13,dip08_w20,46,SOXX,11,231,2024-02-13,2025-01-14,30,0.07418664137386521,0.03548399723732401,0.0007382553099767319,0.063522536085816,-0.2204774785313237,-0.0387026441365412,0.5,0.3,11.8,0.3265512265512266
D13_dip08_w20,13,dip08_w20,47,QQQ,12,252,2025-06-12,2026-06-12,30,0.3582273667812763,0.1392654764249847,0.04347013398972843,0.33112675987849566,-0.18333811755626747,-0.2189618903562916,0.6666666666666666,0.16666666666666666,11.933333333333334,0.38314814814814824
D13_dip08_w20,13,dip08_w20,48,QQQ,1,21,2025-07-02,2025-07-31,30,0.025798870778167116,0.0060151026326805915,-0.005885386771486922,-0.619642230450656,-0.042485526415771614,-0.019783768145486526,0.3333333333333333,0.26666666666666666,1.4666666666666666,0.48603174603174604
D13_dip08_w20,13,dip08_w20,49,QQQ,6,126,2024-03-22,2024-09-20,30,0.08250113027758665,0.007506424473601536,0.015121582034842707,0.014581398014878944,-0.12153961099005844,-0.07499470580398512,0.5333333333333333,0.26666666666666666,6.566666666666666,0.4156613756613757
D13_dip08_w20,13,dip08_w20,50,QQQ,11,231,2025-04-16,2026-03-18,30,0.3441101199491847,0.13918782202232288,0.05868665932149919,0.4139393245968726,-0.126564299033552,-0.20492229792686184,0.5333333333333333,0.13333333333333333,8.9,0.3497258297258297
D13_dip08_w20,13,dip08_w20,51,SOXX,12,252,2025-05-09,2026-05-11,30,1.7645869991549006,0.5336938416183223,0.41503474563658815,1.3032511186481521,-0.19245862687976845,-1.2308931575365782,0.9,0.06666666666666667,11.466666666666667,0.4282539682539684
D13_dip08_w20,13,dip08_w20,52,QQQ,6,126,2024-07-26,2025-01-27,30,0.11403086919643934,0.007603249927962589,0.030987872239089276,0.1545286136613949,-0.11946718669619333,-0.10642761926847676,0.6333333333333333,0.13333333333333333,6.166666666666667,0.406031746031746
D13_dip08_w20,13,dip08_w20,53,SOXX,9,189,2025-02-25,2025-11-21,30,0.27137754060742036,0.05374792634878769,-0.0014180803486633642,0.19105170626913964,-0.1727734655017886,-0.21762961425863267,0.5,0.13333333333333333,8.7,0.3451146384479718
D13_dip08_w20,13,dip08_w20,54,QQQ,10,210,2025-06-10,2026-04-10,30,0.14941279936704488,0.0018154118933147334,0.0005648496572565609,-0.12172978554985159,-0.16872695015641614,-0.14759738747373014,0.5,0.1,9.0,0.39746031746031746
D13_dip08_w20,13,dip08_w20,55,QQQ,9,189,2024-03-12,2024-12-09,30,0.18252323377671842,0.06240122978714923,-0.007343100931639035,0.2827979053360318,-0.14611430844307138,-0.12012200398956918,0.4666666666666667,0.23333333333333334,8.266666666666667,0.4194356261022928
D13_dip08_w20,13,dip08_w20,56,SOXX,1,21,2026-03-06,2026-04-06,30,0.06430085839175526,0.009423534534255136,0.004300446937365643,0.424293540876986,-0.03140736959239675,-0.05487732385750012,0.5666666666666667,0.06666666666666667,1.9666666666666666,0.19714285714285715
D13_dip08_w20,13,dip08_w20,57,QQQ,11,231,2024-12-30,2025-12-01,30,0.20149282165868643,0.02897454912201537,-0.018369164328765952,-0.08720559995403505,-0.16166699808921886,-0.17251827253667107,0.4666666666666667,0.13333333333333333,10.7,0.3487445887445888
D13_dip08_w20,13,dip08_w20,58,QQQ,4,84,2025-05-06,2025-09-04,30,0.19622773691571815,0.041840768319819054,-0.0013797739397666264,0.20686219325320684,-0.07764021090053945,-0.1543869685958991,0.5,0.13333333333333333,3.2,0.3782539682539683
D13_dip08_w20,13,dip08_w20,59,SOXX,4,84,2026-02-25,2026-06-25,30,0.7007670678766698,0.17337536574359724,0.08510750931784117,1.663009920056679,-0.0919695112451441,-0.5273917021330725,0.8333333333333334,0.06666666666666667,4.566666666666666,0.2590476190476191
D13_dip08_w20,13,dip08_w20,60,SOXX,1,21,2024-12-26,2025-01-28,29,-0.04487084375145378,-0.03315672868207835,-0.014493656061278393,-1.284014558893676,-0.07609092506850666,0.011714115069375433,0.1724137931034483,0.7241379310344828,1.8275862068965518,0.3645320197044335
D13_dip08_w20,13,dip08_w20,61,SOXX,3,63,2024-01-26,2024-04-25,29,0.06710127075469541,0.023649513462033502,-0.017184781818037398,-0.3871969105506183,-0.07467164729645455,-0.0434517572926619,0.3793103448275862,0.2413793103448276,3.4482758620689653,0.3348659003831417
D13_dip08_w20,13,dip08_w20,62,SOXX,3,63,2025-06-20,2025-09-18,29,0.19111858758403377,0.10137919366791587,0.06539511542270082,1.2515927002870455,-0.11797992727657274,-0.0897393939161179,0.6896551724137931,0.27586206896551724,3.2758620689655173,0.5454844006568144
D13_dip08_w20,13,dip08_w20,63,QQQ,3,63,2025-10-01,2025-12-30,30,0.0281443024583361,-0.01705065715932824,-0.012981261385460297,-0.16320585962255574,-0.07613178011631629,-0.04519495961766434,0.4,0.2,3.1333333333333333,0.367089947089947
D13_dip08_w20,13,dip08_w20,64,QQQ,2,42,2024-06-12,2024-08-12,30,-0.0465096827642848,-0.02229944584717791,-0.027645957950633793,-1.0069637555064668,-0.07422739483491697,0.02421023691710689,0.23333333333333334,0.6666666666666666,3.1666666666666665,0.36301587301587296
D13_dip08_w20,13,dip08_w20,65,SOXX,7,147,2024-03-27,2024-10-24,29,0.010917641305967063,-0.019640580703806452,-0.02917933279769991,-0.20095678084594049,-0.17341487002465017,-0.030558222009773515,0.41379310344827586,0.3103448275862069,7.517241379310345,0.33572601454374856
D13_dip08_w20,13,dip08_w20,66,QQQ,7,147,2024-06-18,2025-01-17,30,0.08024880165552029,0.02046086234053154,0.017363429541436992,0.21890656342279344,-0.11267954227574396,-0.05978793931498874,0.5666666666666667,0.23333333333333334,5.733333333333333,0.4062585034013605
D13_dip08_w20,13,dip08_w20,67,SOXX,6,126,2025-02-27,2025-08-27,30,0.2288069130259598,0.09645539004835296,0.054112565133693,0.6920208380611931,-0.1231902160363355,-0.13235152297760683,0.7,0.2,5.133333333333334,0.36687830687830686
D13_dip08_w20,13,dip08_w20,68,SOXX,2,42,2026-01-27,2026-03-26,30,-0.06274182234420844,0.0005377644511317725,-0.008539930935240525,-0.6397445238396778,-0.07570478108249312,0.06327958679534021,0.43333333333333335,0.8333333333333334,2.966666666666667,0.28888888888888886
D13_dip08_w20,13,dip08_w20,69,SOXX,8,168,2025-08-27,2026-04-28,30,0.752796897064234,0.24816491893505083,0.21502682454421107,0.9778424358848307,-0.1770649325656532,-0.5046319781291833,0.7666666666666667,0.06666666666666667,9.3,0.4096031746031746
D13_dip08_w20,13,dip08_w20,70,SOXX,5,105,2024-09-20,2025-02-21,29,0.005406814450626518,0.0015504259378880305,-0.014059228536012158,-0.18570809706914423,-0.10740312388605455,-0.0038563885127384876,0.3448275862068966,0.3448275862068966,4.9655172413793105,0.2667980295566503
D13_dip08_w20,13,dip08_w20,71,SOXX,4,84,2025-09-17,2026-01-15,29,0.30628589985012833,0.12241485690838036,0.09644958219498134,1.0453056018060054,-0.14049543720927105,-0.18387104294174797,0.7241379310344828,0.13793103448275862,5.275862068965517,0.45623973727422
D13_dip08_w20,13,dip08_w20,72,QQQ,4,84,2025-06-23,2025-10-20,30,0.15160143793785608,0.05363798640900224,-0.01552359615607618,0.17916489502148453,-0.08489252008552535,-0.09796345152885383,0.4666666666666667,0.16666666666666666,3.466666666666667,0.3903968253968254
D13_dip08_w20,13,dip08_w20,73,SOXX,10,210,2023-11-28,2024-09-27,30,0.3732977081618618,0.0786316735721502,0.03873371209679832,0.3077893173652796,-0.19394493017350575,-0.29466603458971163,0.6333333333333333,0.06666666666666667,9.966666666666667,0.38031746031746044
D13_dip08_w20,13,dip08_w20,74,QQQ,9,189,2025-04-09,2026-01-08,30,0.33624069066151074,0.09566928710808154,0.027781424953623124,0.41638538894047145,-0.13866652027023238,-0.2405714035534292,0.5666666666666667,0.13333333333333333,6.4,0.3754850088183422
D13_dip08_w20,13,dip08_w20,75,QQQ,12,252,2024-12-19,2025-12-22,30,0.21234986652906018,0.029947526123409826,-0.06409868814885389,-0.13009003197290134,-0.1841803623866419,-0.18240234040565034,0.4,0.13333333333333333,12.166666666666666,0.34830687830687823
D13_dip08_w20,13,dip08_w20,76,SOXX,5,105,2024-05-10,2024-10-09,29,0.07166285164062502,0.008625151352075736,-0.01971806022055811,-0.08653490380321822,-0.1434649661594309,-0.06303770028854928,0.41379310344827586,0.3103448275862069,4.793103448275862,0.31894909688013134
D13_dip08_w20,13,dip08_w20,77,SOXX,8,168,2025-08-01,2026-04-01,30,0.43297225183525034,0.19337206402374194,0.20966909826151892,0.6885618252859598,-0.18281436092424855,-0.2396001878115084,0.6666666666666666,0.2,9.633333333333333,0.42888888888888893
D13_dip08_w20,13,dip08_w20,78,QQQ,7,147,2025-11-12,2026-06-15,30,0.20096913413608264,0.03368630133893492,-0.008733520638363801,0.14051096073561506,-0.12279021316374154,-0.16728283279714773,0.4666666666666667,0.16666666666666666,7.333333333333333,0.3505215419501134
D13_dip08_w20,13,dip08_w20,79,SOXX,9,189,2023-12-14,2024-09-16,30,0.167905259845331,0.004544122132323869,-0.01661572329685157,-0.07591717466801766,-0.19348160750816315,-0.16336113771300714,0.36666666666666664,0.13333333333333333,10.066666666666666,0.4025044091710758
D13_dip08_w20,13,dip08_w20,80,QQQ,6,126,2024-01-19,2024-07-19,30,0.1316414541629214,0.06564172066022761,0.03943476470562579,0.38144967984113565,-0.10235321587540688,-0.06599973350269378,0.5666666666666667,0.23333333333333334,5.6,0.414021164021164
D13_dip08_w20,13,dip08_w20,81,QQQ,1,21,2024-11-13,2024-12-12,30,0.02781855470047412,0.028700346396814982,0.0,0.4620569425798043,-0.027778188143592095,0.0008817916963408633,0.43333333333333335,0.23333333333333334,1.2,0.40380952380952373
D13_dip08_w20,13,dip08_w20,82,SOXX,10,210,2024-06-21,2025-04-23,30,-0.3034388425007686,-0.13804794243699867,-0.12288936637729292,-0.7886382137296383,-0.24232382842804503,0.1653909000637699,0.16666666666666666,0.8666666666666667,11.333333333333334,0.25015873015873014
D13_dip08_w20,13,dip08_w20,83,QQQ,11,231,2024-05-24,2025-04-28,30,0.03788093693594541,0.03215623012257349,0.0004178861337857942,-0.018901727189636265,-0.17573499473367057,-0.0057247068133719214,0.5,0.43333333333333335,11.5,0.3877056277056277
D13_dip08_w20,13,dip08_w20,84,SOXX,4,84,2025-03-26,2025-07-25,29,0.2196761364203743,0.07892509156431007,0.038162643449253686,0.5000170770133487,-0.0900018374649034,-0.14075104485606424,0.6551724137931034,0.1724137931034483,2.8620689655172415,0.34983579638752055
D13_dip08_w20,13,dip08_w20,85,SOXX,3,63,2024-01-12,2024-04-12,29,0.17490173722683933,0.07220536650626166,0.01222098059655452,0.6162480337999838,-0.08425100919465946,-0.10269637072057766,0.6551724137931034,0.20689655172413793,3.2413793103448274,0.41948549534756435
D13_dip08_w20,13,dip08_w20,86,QQQ,4,84,2025-08-13,2025-12-10,30,0.08270584442079376,0.023965501591338575,-0.019738118412675643,-0.5924595775438343,-0.07371909164133524,-0.058740342829455186,0.3,0.16666666666666666,3.8333333333333335,0.31619047619047624
D13_dip08_w20,13,dip08_w20,87,QQQ,9,189,2025-08-12,2026-05-12,30,0.2238015104269533,0.07705115425451915,0.010213350741032023,0.02305768424336759,-0.1311737014795394,-0.14675035617243415,0.5333333333333333,0.16666666666666666,8.666666666666666,0.3104056437389771
D13_dip08_w20,13,dip08_w20,88,QQQ,3,63,2023-09-06,2023-12-04,30,0.0323937441740032,-0.0082982800585471,-0.018326068575490462,-0.23388169365673658,-0.08357876659488281,-0.040692024232550306,0.36666666666666664,0.1,3.433333333333333,0.44380952380952376
D13_dip08_w20,13,dip08_w20,89,QQQ,6,126,2024-03-08,2024-09-06,30,0.02500440115388769,-0.02799102705505157,-0.01201853858387053,-0.21384614382678258,-0.1363960176599078,-0.05299542820893926,0.4666666666666667,0.26666666666666666,6.166666666666667,0.37306878306878316
D13_dip08_w20,13,dip08_w20,90,SOXX,4,84,2024-02-09,2024-06-10,29,0.16166402534839164,0.04280289186403994,0.03885068622305843,0.545985330804494,-0.0958876222472306,-0.1188611334843517,0.6206896551724138,0.10344827586206896,4.551724137931035,0.3985221674876847
D13_dip08_w20,13,dip08_w20,91,QQQ,6,126,2024-12-26,2025-06-30,30,0.04434132972322158,0.04819286028254424,-0.007371750589146686,0.1616920259727413,-0.13940271664598824,0.0038515305593226634,0.5,0.36666666666666664,6.666666666666667,0.33878306878306874
D13_dip08_w20,13,dip08_w20,92,QQQ,2,42,2024-07-11,2024-09-09,30,-0.0761694342464847,-0.05031974572409568,-0.028247754206631503,-1.618803568565523,-0.07851606654266667,0.025849688522389024,0.13333333333333333,0.8,3.0,0.30761904761904757
D13_dip08_w20,13,dip08_w20,93,QQQ,8,168,2025-09-04,2026-05-05,30,0.18933459993954838,0.0872402372868926,-0.0005258330753434848,0.24409095404205314,-0.14000970273042643,-0.10209436265265577,0.5,0.2,8.233333333333333,0.36924603174603177
D13_dip08_w20,13,dip08_w20,94,QQQ,11,231,2023-08-28,2024-07-29,29,0.27358869545907205,0.02126734306040394,0.028894637322693484,0.21908453551263862,-0.1357402308391796,-0.2523213523986681,0.5172413793103449,0.0,8.96551724137931,0.4275264964920137
D13_dip08_w20,13,dip08_w20,95,SOXX,2,42,2024-10-18,2024-12-17,29,-0.02239739013513642,0.00019500020473423987,-0.012975210968953155,-0.5731976179750885,-0.06869091672007635,0.02259239033987066,0.3448275862068966,0.5862068965517241,2.7586206896551726,0.2573070607553366
D13_dip08_w20,13,dip08_w20,96,QQQ,9,189,2024-06-04,2025-03-06,30,0.07941245707007138,-0.0430964271460298,-0.0418756501643362,-0.13195473835187924,-0.17531764859502527,-0.12250888421610118,0.3333333333333333,0.1,9.233333333333333,0.36282186948853606
D13_dip08_w20,13,dip08_w20,97,SOXX,5,105,2025-12-31,2026-06-02,30,1.0102699251297969,0.31594297412279954,0.31801761208707424,2.047498861896275,-0.10870082293742947,-0.6943269510069974,0.8666666666666667,0.0,5.6,0.3438095238095239
D13_dip08_w20,13,dip08_w20,98,QQQ,4,84,2025-02-28,2025-06-30,30,0.08838217445442198,0.03339791784453214,0.013566356733692775,0.16078068088416048,-0.07506294896683989,-0.05498425660988984,0.6,0.16666666666666666,3.7666666666666666,0.2823809523809524
D13_dip08_w20,13,dip08_w20,99,SOXX,2,42,2026-05-13,2026-07-14,30,0.07552608567751218,0.003939209702345914,-0.010471360543925223,-0.10544292545112066,-0.06208987993985445,-0.07158687597516626,0.43333333333333335,0.06666666666666667,1.9333333333333333,0.2244444444444445
D14_dip12_w33,14,dip12_w33,0,SOXX,4,84,2025-01-15,2025-05-15,29,-0.04268271797372991,-0.0660859013783153,-0.06666480744937797,-0.887216351976174,-0.1485906300671874,-0.023403183404585387,0.13793103448275862,0.3448275862068966,4.0,0.22792282430213462
D14_dip12_w33,14,dip12_w33,1,SOXX,4,84,2025-11-26,2026-03-30,29,0.0653592129111733,0.1704286246080462,0.08217265924162231,0.965881021721335,-0.11767931937492601,0.1050694116968729,0.7241379310344828,0.6206896551724138,4.275862068965517,0.48010673234811163
D14_dip12_w33,14,dip12_w33,2,SOXX,12,252,2024-06-12,2025-06-13,30,-0.11229341109132818,-0.11352733055040799,-0.17976128188525164,-0.4804015335991287,-0.2763883022781815,-0.0012339194590798158,0.23333333333333334,0.36666666666666664,12.466666666666667,0.34864682539682545
D14_dip12_w33,14,dip12_w33,3,QQQ,1,21,2026-01-13,2026-02-11,30,-0.02096638715391519,-0.0023937545382888576,0.0,-0.9477560789755155,-0.0648224823950065,0.018572632615626333,0.36666666666666664,0.5666666666666667,1.9666666666666666,0.46498412698412694
D14_dip12_w33,14,dip12_w33,4,QQQ,8,168,2025-02-28,2025-10-28,30,0.2501946769916814,0.07316768083345071,0.017595343456162205,0.19240612480792976,-0.14892972009715397,-0.1770269961582307,0.5666666666666667,0.2,6.133333333333334,0.39791666666666675
D14_dip12_w33,14,dip12_w33,5,SOXX,3,63,2025-03-10,2025-06-06,29,0.11931802402050695,0.0012645285571360981,0.0,-0.2432434138037373,-0.0716078621090304,-0.11805349546337085,0.41379310344827586,0.06896551724137931,2.2758620689655173,0.18963875205254513
D14_dip12_w33,14,dip12_w33,6,SOXX,12,252,2024-10-18,2025-10-21,30,0.2792904450054976,0.08857104227869544,0.0441233608429753,0.1937497090980087,-0.2158745217579131,-0.19071940272680216,0.5666666666666667,0.2,10.5,0.40251455026455035
D14_dip12_w33,14,dip12_w33,7,SOXX,5,105,2024-08-02,2024-12-31,30,0.0461545872289324,-0.009292860330967672,-0.03587055187678456,-0.3932262658632963,-0.13197445269689798,-0.05544744755990007,0.3333333333333333,0.23333333333333334,4.666666666666667,0.30349523809523815
D14_dip12_w33,14,dip12_w33,8,SOXX,11,231,2024-01-29,2024-12-26,30,0.11728604186347558,0.012273326955447961,-0.04503259443693508,-0.028486210021855068,-0.25258913288432994,-0.10501271490802762,0.4,0.16666666666666666,11.066666666666666,0.40193506493506503
D14_dip12_w33,14,dip12_w33,9,QQQ,7,147,2025-12-22,2026-07-24,30,0.10761391047221691,0.08255138056732939,0.03259980196969303,0.20024446798669754,-0.14360902946703039,-0.025062529904887526,0.5666666666666667,0.36666666666666664,7.0,0.38300000000000006
D14_dip12_w33,14,dip12_w33,10,SOXX,11,231,2025-04-30,2026-03-31,30,0.7991727370086741,0.3679278164306031,0.2746690092076579,1.0577799716008158,-0.1853707726253857,-0.43124492057807096,0.9333333333333333,0.1,9.166666666666666,0.4583434343434343
D14_dip12_w33,14,dip12_w33,11,SOXX,7,147,2023-12-07,2024-07-10,30,0.5448433677075268,0.21469546377805135,0.1839189421838423,1.1285372752479668,-0.14158357781149147,-0.33014790392947546,0.7666666666666667,0.06666666666666667,6.0,0.48217233560090705
D14_dip12_w33,14,dip12_w33,12,QQQ,11,231,2024-03-27,2025-02-27,30,0.12982124242441295,0.09750765298912985,0.020537487233823537,0.39865090661931735,-0.1580120258613156,-0.032313589435283105,0.5333333333333333,0.4,9.133333333333333,0.4428340548340549
D14_dip12_w33,14,dip12_w33,13,QQQ,10,210,2024-09-30,2025-08-01,30,0.1396408202388819,0.05816043236946508,0.029544906729036313,0.23537626538372614,-0.16172323170029046,-0.08148038786941683,0.6333333333333333,0.16666666666666666,8.2,0.41935396825396826
D14_dip12_w33,14,dip12_w33,14,QQQ,9,189,2025-02-11,2025-11-10,30,0.1848421423831519,0.03275132674676886,-0.0019875032556949668,0.06624491187866718,-0.17597000822354197,-0.15209081563638302,0.5,0.2,7.833333333333333,0.4404656084656084
D14_dip12_w33,14,dip12_w33,15,SOXX,2,42,2023-11-10,2024-01-11,29,0.13378672181991424,0.08910316753114328,0.07742864248268733,1.9448182181194347,-0.06340304332074621,-0.044683554288770966,0.8275862068965517,0.27586206896551724,1.4137931034482758,0.5740147783251232
D14_dip12_w33,14,dip12_w33,16,QQQ,8,168,2025-04-17,2025-12-16,30,0.3806506610687259,0.08251080579153067,-0.017806212692972223,0.14660429071862038,-0.12128273496401314,-0.2981398552771952,0.43333333333333335,0.13333333333333333,5.3,0.3595277777777778
D14_dip12_w33,14,dip12_w33,17,QQQ,3,63,2023-10-12,2024-01-11,29,0.10935424408522043,0.056509190406044726,0.03921782662386142,1.115777627014476,-0.0680372268129181,-0.052845053679175705,0.7241379310344828,0.27586206896551724,2.3793103448275863,0.48875205254515597
D14_dip12_w33,14,dip12_w33,18,SOXX,7,147,2025-06-02,2025-12-30,29,0.4742072430583639,0.16605019555132594,0.06890223043616195,0.8335312526713282,-0.1754590455600339,-0.308157047507038,0.6896551724137931,0.13793103448275862,7.0344827586206895,0.5265751817968567
D14_dip12_w33,14,dip12_w33,19,QQQ,2,42,2026-01-20,2026-03-19,30,-0.024734412068352585,0.006564290735315218,-6.6000000000066e-05,0.0024233967721480083,-0.0629803563004223,0.031298702803667804,0.4,0.7,2.533333333333333,0.3708253968253968
D14_dip12_w33,14,dip12_w33,20,QQQ,2,42,2025-12-30,2026-03-02,30,-0.01830706738570409,0.0076559717983356035,0.0,0.14954800941848218,-0.07434376952056795,0.025963039184039693,0.4666666666666667,0.6,2.433333333333333,0.47502380952380957
D14_dip12_w33,14,dip12_w33,21,QQQ,8,168,2024-02-14,2024-10-14,30,0.15334174114524046,0.034390842236049414,0.03285081282566604,0.2850469523127918,-0.13988288339429536,-0.11895089890919106,0.5666666666666667,0.23333333333333334,6.233333333333333,0.4331468253968254
D14_dip12_w33,14,dip12_w33,22,QQQ,4,84,2025-10-15,2026-02-13,30,0.0007896560047677692,0.02788713525057629,0.03201593614248566,0.10696278441887722,-0.08977183458754387,0.02709747924580852,0.5666666666666667,0.5666666666666667,4.233333333333333,0.43011904761904757
D14_dip12_w33,14,dip12_w33,23,QQQ,3,63,2026-01-08,2026-04-09,30,-0.0153279984002892,-0.0014839449012231702,0.0005221817763736425,-0.5237973393659863,-0.08741066078215219,0.01384405349906603,0.5,0.5666666666666667,3.8666666666666667,0.31310582010582
D14_dip12_w33,14,dip12_w33,24,SOXX,5,105,2026-02-10,2026-07-13,30,0.5770255442312711,0.2320680845614624,0.13622973048851683,1.473570432229695,-0.11496184735522766,-0.3449574596698086,0.8666666666666667,0.13333333333333333,4.0,0.3569015873015873
D14_dip12_w33,14,dip12_w33,25,QQQ,5,105,2026-01-14,2026-06-15,30,0.20238584863226716,0.10644363199612596,0.061279939356452706,0.7042506650214301,-0.09718871047711639,-0.0959422166361412,0.6333333333333333,0.16666666666666666,5.233333333333333,0.30777142857142864
D14_dip12_w33,14,dip12_w33,26,QQQ,12,252,2025-01-16,2026-01-16,30,0.2169851270630765,0.09662854093151427,-0.023787739220218374,0.16014149925175653,-0.17220980002512382,-0.12035658613156222,0.43333333333333335,0.16666666666666666,10.166666666666666,0.4065436507936508
D14_dip12_w33,14,dip12_w33,27,SOXX,4,84,2026-03-20,2026-07-21,30,0.6629647609934404,0.1967459676874623,0.148525078697069,1.8702396515716393,-0.11570784141408881,-0.46621879330597804,0.9,0.03333333333333333,3.3666666666666667,0.3447261904761904
D14_dip12_w33,14,dip12_w33,28,SOXX,10,210,2023-09-12,2024-07-12,30,0.6054235196262121,0.2442959147143416,0.16151006452561456,0.9993889598122244,-0.14140285223285048,-0.3611276049118705,0.8,0.1,8.566666666666666,0.4805603174603174
D14_dip12_w33,14,dip12_w33,29,QQQ,10,210,2023-11-02,2024-09-04,29,0.27426335783759614,0.09669484187906893,0.08245211323023605,0.5746147157763216,-0.15245367019098122,-0.1775685159585272,0.6551724137931034,0.1724137931034483,7.724137931034483,0.4737816091954023
D14_dip12_w33,14,dip12_w33,30,SOXX,11,231,2025-02-26,2026-01-27,30,0.6222676159829015,0.22026419290013957,0.07903791637397017,0.6707619332178758,-0.19937639707026625,-0.40200342308276193,0.7,0.13333333333333333,9.666666666666666,0.41974603174603176
D14_dip12_w33,14,dip12_w33,31,SOXX,4,84,2024-11-26,2025-03-31,30,-0.12412361759187396,-0.04467230142068436,-0.05136217682864391,-0.7261830609444804,-0.13346548105941156,0.0794513161711896,0.26666666666666666,0.8666666666666667,4.133333333333334,0.3605753968253969
D14_dip12_w33,14,dip12_w33,32,SOXX,3,63,2024-07-29,2024-10-24,29,-0.004528634488460304,-0.03096878631336652,-0.05087663997543468,-1.2084110752655048,-0.08687257869639077,-0.026440151824906215,0.20689655172413793,0.2413793103448276,3.103448275862069,0.23969896004378757
D14_dip12_w33,14,dip12_w33,33,SOXX,7,147,2025-09-16,2026-04-16,29,0.5731892331920965,0.36830542128924554,0.27097190677721206,1.4861732186923307,-0.16502145210498428,-0.20488381190285093,0.9310344827586207,0.1724137931034483,7.551724137931035,0.47922824302134664
D14_dip12_w33,14,dip12_w33,34,QQQ,4,84,2024-05-31,2024-09-30,30,0.08613665447903895,0.01318053846056468,0.0004755588832921487,0.38271021255118104,-0.11794990689542523,-0.07295611601847428,0.5,0.23333333333333334,3.8,0.4497777777777777
D14_dip12_w33,14,dip12_w33,35,QQQ,9,189,2025-02-11,2025-11-10,30,0.1848421423831519,0.06503964660736097,0.017910120420522313,0.15051073197305678,-0.14422888854526947,-0.11980249577579091,0.5333333333333333,0.16666666666666666,7.533333333333333,0.4197989417989419
D14_dip12_w33,14,dip12_w33,36,QQQ,3,63,2025-01-14,2025-04-14,30,-0.0928917402537448,-0.03200882798391328,-0.03090953731756535,-0.5319617778198414,-0.1275418646134862,0.06088291226983152,0.3,0.7666666666666667,4.3,0.3915502645502646
D14_dip12_w33,14,dip12_w33,37,SOXX,10,210,2024-08-26,2025-06-27,30,0.057670134077346225,0.012474948262604773,-0.0689183687685277,-0.10439900560580778,-0.18178241543636162,-0.045195185814741454,0.36666666666666664,0.3,8.166666666666666,0.3133444444444444
D14_dip12_w33,14,dip12_w33,38,SOXX,12,252,2024-07-02,2025-07-03,30,-0.01969168950723721,-0.08543494723837476,-0.13189250917824208,-0.3975078812146135,-0.27558347428333785,-0.06574325773113755,0.2,0.2,10.666666666666666,0.32482010582010584
D14_dip12_w33,14,dip12_w33,39,QQQ,5,105,2024-09-23,2025-02-24,30,0.07798180695234325,0.0877873180325403,0.030897496207414332,0.797840041930619,-0.10762026201572743,0.00980551108019706,0.7666666666666667,0.3333333333333333,4.433333333333334,0.4889428571428572
D14_dip12_w33,14,dip12_w33,40,QQQ,12,252,2025-05-13,2026-05-13,30,0.3929082039357876,0.18405260566765513,0.029946709599611876,0.24740643008322488,-0.17119870810430424,-0.2088555982681325,0.5333333333333333,0.16666666666666666,9.066666666666666,0.3835013227513227
D14_dip12_w33,14,dip12_w33,41,SOXX,5,105,2024-12-18,2025-05-21,29,-0.03550519039857425,-0.07673718163751513,-0.07126595255692059,-0.833069014284367,-0.1746024987601744,-0.04123199123894088,0.1724137931034483,0.2413793103448276,5.482758620689655,0.2900985221674877
D14_dip12_w33,14,dip12_w33,42,QQQ,1,21,2026-06-01,2026-06-30,30,-0.007446386853765863,-0.01107779003394083,-0.01396697189945778,-1.162511341004624,-0.040630129478065206,-0.003631403180174967,0.3,0.4666666666666667,1.6,0.31866666666666676
D14_dip12_w33,14,dip12_w33,43,SOXX,5,105,2025-04-30,2025-09-29,30,0.4691356693755999,0.1600357901181497,0.13666921961863787,1.1842091421431578,-0.11756758205388677,-0.3090998792574502,0.7666666666666667,0.03333333333333333,3.6333333333333333,0.4767015873015873
D14_dip12_w33,14,dip12_w33,44,SOXX,5,105,2024-07-24,2024-12-19,29,-0.07336128139760856,0.012936134285395919,-0.05622449645585714,-0.43522844092616586,-0.12575941005460675,0.08629741568300447,0.3793103448275862,0.5862068965517241,5.620689655172414,0.33282758620689645
D14_dip12_w33,14,dip12_w33,45,SOXX,12,252,2024-03-06,2025-03-07,30,-0.10757477953627947,-0.08628407671648534,-0.08928450167969387,-0.28139366517758196,-0.25085228551283195,0.02129070281979413,0.26666666666666666,0.5666666666666667,12.166666666666666,0.3915767195767196
D14_dip12_w33,14,dip12_w33,46,SOXX,11,231,2024-02-13,2025-01-14,30,0.07418664137386521,0.059979403666559676,-0.016154800624410104,0.14685875990433203,-0.2297557164054732,-0.014207237707305538,0.4666666666666667,0.3333333333333333,10.5,0.4002842712842713
D14_dip12_w33,14,dip12_w33,47,QQQ,12,252,2025-06-12,2026-06-12,30,0.3582273667812763,0.13473839033797522,0.008525391044676978,0.23139377174957912,-0.20042149514345822,-0.2234889764433011,0.5666666666666667,0.13333333333333333,10.5,0.416510582010582
D14_dip12_w33,14,dip12_w33,48,QQQ,1,21,2025-07-02,2025-07-31,30,0.025798870778167116,0.0073568744587762525,0.0,-0.1280336980171521,-0.0422459116600221,-0.018441996319390863,0.4,0.26666666666666666,1.2666666666666666,0.4852222222222222
D14_dip12_w33,14,dip12_w33,49,QQQ,6,126,2024-03-22,2024-09-20,30,0.08250113027758665,0.01954944463358178,0.015286229504574811,0.148107446870276,-0.12780474502605899,-0.06295168564400487,0.5666666666666667,0.3333333333333333,5.733333333333333,0.46900000000000003
D14_dip12_w33,14,dip12_w33,50,QQQ,11,231,2025-04-16,2026-03-18,30,0.3441101199491847,0.16853584126307009,0.04410046464045558,0.5233615512755029,-0.134599678729718,-0.17557427868611464,0.6666666666666666,0.16666666666666666,7.966666666666667,0.40301443001443005
D14_dip12_w33,14,dip12_w33,51,SOXX,12,252,2025-05-09,2026-05-11,30,1.7645869991549006,0.6146237331746247,0.4481953733231795,1.4009721725928868,-0.19507188853510726,-1.1499632659802759,0.9,0.1,10.266666666666667,0.47046031746031747
D14_dip12_w33,14,dip12_w33,52,QQQ,6,126,2024-07-26,2025-01-27,30,0.11403086919643934,0.02311230255005507,0.03613030130157158,0.34541765725145834,-0.11938324210603792,-0.09091856664638427,0.6333333333333333,0.16666666666666666,5.566666666666666,0.43979629629629624
D14_dip12_w33,14,dip12_w33,53,SOXX,9,189,2025-02-25,2025-11-21,30,0.27137754060742036,0.04074428997530946,0.04334573554152177,0.1266016143142543,-0.18744677003216012,-0.2306332506321109,0.6,0.13333333333333333,8.5,0.3894109347442681
D14_dip12_w33,14,dip12_w33,54,QQQ,10,210,2025-06-10,2026-04-10,30,0.14941279936704488,-0.0018679305259866497,-0.008184456399202567,-0.1272291214447708,-0.18404100463210782,-0.15128072989303154,0.5,0.13333333333333333,8.166666666666666,0.43461746031746035
D14_dip12_w33,14,dip12_w33,55,QQQ,9,189,2024-03-12,2024-12-09,30,0.18252323377671842,0.07615701403463486,0.007934420166435086,0.3779191544085954,-0.1478309212620109,-0.10636621974208356,0.5666666666666667,0.23333333333333334,7.333333333333333,0.45277072310405647
D14_dip12_w33,14,dip12_w33,56,SOXX,1,21,2026-03-06,2026-04-06,30,0.06430085839175526,0.027075651872938682,0.021239053496888816,1.2868567835029225,-0.04861269267842724,-0.03722520651881657,0.6666666666666666,0.23333333333333334,1.7333333333333334,0.3443174603174604
D14_dip12_w33,14,dip12_w33,57,QQQ,11,231,2024-12-30,2025-12-01,30,0.20149282165868643,0.040231528737534564,-0.03487964935555865,-0.015804878312059033,-0.167051462129533,-0.16126129292115188,0.43333333333333335,0.2,9.333333333333334,0.39113997113997107
D14_dip12_w33,14,dip12_w33,58,QQQ,4,84,2025-05-06,2025-09-04,30,0.19622773691571815,0.04632796564372039,0.004412299860064195,0.3647448257444727,-0.08077659957611202,-0.14989977127199777,0.5666666666666667,0.13333333333333333,2.6666666666666665,0.40369841269841267
D14_dip12_w33,14,dip12_w33,59,SOXX,4,84,2026-02-25,2026-06-25,30,0.7007670678766698,0.2638496796224855,0.19299634000774823,2.3423723377457013,-0.10274792834671602,-0.43691738825418425,0.9666666666666667,0.1,3.933333333333333,0.37067063492063496
D14_dip12_w33,14,dip12_w33,60,SOXX,1,21,2024-12-26,2025-01-28,29,-0.04487084375145378,-0.03510146009343604,-0.03211895425420186,-1.3320277471275102,-0.0840853903026824,0.009769383658017744,0.20689655172413793,0.6206896551724138,1.6896551724137931,0.40807881773399013
D14_dip12_w33,14,dip12_w33,61,SOXX,3,63,2024-01-26,2024-04-25,29,0.06710127075469541,0.01888872722788484,-0.023981508897629178,-0.2123660254795604,-0.09272507682751449,-0.048212543526810564,0.41379310344827586,0.2413793103448276,3.0344827586206895,0.4077175697865352
D14_dip12_w33,14,dip12_w33,62,SOXX,3,63,2025-06-20,2025-09-18,29,0.19111858758403377,0.12188333695419491,0.10321528763554366,1.4730298171259673,-0.11711713058283761,-0.06923525062983886,0.7241379310344828,0.3448275862068966,3.103448275862069,0.5874986316365626
D14_dip12_w33,14,dip12_w33,63,QQQ,3,63,2025-10-01,2025-12-30,30,0.0281443024583361,-0.014812680465127055,-0.018419399401369996,-0.2604195477875495,-0.08373896413245892,-0.04295698292346316,0.3333333333333333,0.23333333333333334,2.8666666666666667,0.4059206349206349
D14_dip12_w33,14,dip12_w33,64,QQQ,2,42,2024-06-12,2024-08-12,30,-0.0465096827642848,-0.023403883545132627,-0.025010407105029664,-0.6802825767549036,-0.08194725141902563,0.023105799219152172,0.26666666666666666,0.6,2.6,0.40837301587301583
D14_dip12_w33,14,dip12_w33,65,SOXX,7,147,2024-03-27,2024-10-24,29,0.010917641305967063,-0.016891600862603388,-0.032277976942866604,-0.12045542054472315,-0.18515268293771328,-0.02780924216857045,0.3793103448275862,0.27586206896551724,6.620689655172414,0.4047759793572602
D14_dip12_w33,14,dip12_w33,66,QQQ,7,147,2024-06-18,2025-01-17,30,0.08024880165552029,0.03892415940182135,0.023033254279346993,0.39866413633735365,-0.11361511750578558,-0.04132464225369894,0.5333333333333333,0.3,5.2,0.451108843537415
D14_dip12_w33,14,dip12_w33,67,SOXX,6,126,2025-02-27,2025-08-27,30,0.2288069130259598,0.09447997815769475,0.07239202274202161,0.636421347410105,-0.13846046969554768,-0.13432693486826502,0.6666666666666666,0.23333333333333334,5.033333333333333,0.41300793650793655
D14_dip12_w33,14,dip12_w33,68,SOXX,2,42,2026-01-27,2026-03-26,30,-0.06274182234420844,0.014705510354823684,0.008898022333945987,0.062311699824577634,-0.08635340618439888,0.07744733269903213,0.5333333333333333,0.8666666666666667,2.6333333333333333,0.3969444444444445
D14_dip12_w33,14,dip12_w33,69,SOXX,8,168,2025-08-27,2026-04-28,30,0.752796897064234,0.31238733450364836,0.24570784941106105,1.2286835042131734,-0.18141703518195537,-0.44040956256058567,0.8333333333333334,0.06666666666666667,8.366666666666667,0.46938293650793655
D14_dip12_w33,14,dip12_w33,70,SOXX,5,105,2024-09-20,2025-02-21,29,0.005406814450626518,0.01025175703283523,-0.026966019413310227,-0.024898025790934485,-0.11729721279276983,0.0048449425822087114,0.3793103448275862,0.3103448275862069,4.344827586206897,0.33219704433497543
D14_dip12_w33,14,dip12_w33,71,SOXX,4,84,2025-09-17,2026-01-15,29,0.30628589985012833,0.14326787819531941,0.12476003208077846,1.1620331100897492,-0.14734463938539438,-0.16301802165480891,0.7586206896551724,0.20689655172413793,4.896551724137931,0.49946633825944164
D14_dip12_w33,14,dip12_w33,72,QQQ,4,84,2025-06-23,2025-10-20,30,0.15160143793785608,0.06317474145430096,0.008994749452207407,0.42764605557223867,-0.08779177666971992,-0.08842669648355511,0.5,0.23333333333333334,2.966666666666667,0.4495476190476191
D14_dip12_w33,14,dip12_w33,73,SOXX,10,210,2023-11-28,2024-09-27,30,0.3732977081618618,0.10067287358191078,0.0690425084451528,0.4030196813183726,-0.2059587923417185,-0.272624834579951,0.7,0.06666666666666667,8.9,0.44333809523809525
D14_dip12_w33,14,dip12_w33,74,QQQ,9,189,2025-04-09,2026-01-08,30,0.33624069066151074,0.11590199664157176,0.04469050536294039,0.4897496755440304,-0.14747214476897275,-0.220338694019939,0.5666666666666667,0.13333333333333333,5.8,0.42056084656084647
D14_dip12_w33,14,dip12_w33,75,QQQ,12,252,2024-12-19,2025-12-22,30,0.21234986652906018,0.05001560785487168,-0.0525301973795676,-0.04769621007807837,-0.19447659922172061,-0.1623342586741885,0.3,0.2,10.6,0.3990753968253968
D14_dip12_w33,14,dip12_w33,76,SOXX,5,105,2024-05-10,2024-10-09,29,0.07166285164062502,0.0033601638538575426,-0.009350066242435617,-0.07644572997802396,-0.16417193464361687,-0.06830268778676749,0.4482758620689655,0.3103448275862069,4.620689655172414,0.3841018062397373
D14_dip12_w33,14,dip12_w33,77,SOXX,8,168,2025-08-01,2026-04-01,30,0.43297225183525034,0.24582142299065415,0.19647220186119152,0.81333372748079,-0.1823782086169812,-0.1871508288445962,0.7,0.36666666666666664,8.766666666666667,0.49482539682539683
D14_dip12_w33,14,dip12_w33,78,QQQ,7,147,2025-11-12,2026-06-15,30,0.20096913413608264,0.049978701505082476,0.0018583693312614336,0.11344894595617719,-0.13695236233367034,-0.15099043263100015,0.5,0.16666666666666666,6.833333333333333,0.3745804988662132
D14_dip12_w33,14,dip12_w33,79,SOXX,9,189,2023-12-14,2024-09-16,30,0.167905259845331,0.011340014013575036,-0.020212395297877828,-0.03329149952740916,-0.20865145375788507,-0.15656524583175596,0.5,0.16666666666666666,8.833333333333334,0.4651940035273369
D14_dip12_w33,14,dip12_w33,80,QQQ,6,126,2024-01-19,2024-07-19,30,0.1316414541629214,0.08320985783122317,0.034186146845275434,0.47760344995775394,-0.10189584162611327,-0.04843159633169822,0.6666666666666666,0.3,5.033333333333333,0.4391772486772487
D14_dip12_w33,14,dip12_w33,81,QQQ,1,21,2024-11-13,2024-12-12,30,0.02781855470047412,0.028062241119716173,0.0,0.42368299875933046,-0.029746405164294824,0.00024368641924205417,0.43333333333333335,0.23333333333333334,1.1,0.41026984126984123
D14_dip12_w33,14,dip12_w33,82,SOXX,10,210,2024-06-21,2025-04-23,30,-0.3034388425007686,-0.16230497291590992,-0.1770014999723991,-0.8270556767026743,-0.27423169795662705,0.14113386958485866,0.16666666666666666,0.8333333333333334,10.666666666666666,0.32180158730158737
D14_dip12_w33,14,dip12_w33,83,QQQ,11,231,2024-05-24,2025-04-28,30,0.03788093693594541,0.03098591118773409,0.0061753198783882635,-0.036594517748303045,-0.1892333665473427,-0.006895025748211318,0.5,0.4666666666666667,10.1,0.4203737373737374
D14_dip12_w33,14,dip12_w33,84,SOXX,4,84,2025-03-26,2025-07-25,29,0.2196761364203743,0.06980833642573483,0.0,0.19737891011292902,-0.10031772163945697,-0.14986779999463948,0.4827586206896552,0.1724137931034483,2.9310344827586206,0.3695320197044335
D14_dip12_w33,14,dip12_w33,85,SOXX,3,63,2024-01-12,2024-04-12,29,0.17490173722683933,0.07912568259598268,0.02982453082632519,0.7570850772002387,-0.08791628786738387,-0.09577605463085664,0.7241379310344828,0.20689655172413793,2.9310344827586206,0.4720306513409961
D14_dip12_w33,14,dip12_w33,86,QQQ,4,84,2025-08-13,2025-12-10,30,0.08270584442079376,0.034903730391063086,-0.02027004834666446,-0.3408929851215474,-0.08231630471699428,-0.047802114029730676,0.3333333333333333,0.16666666666666666,3.4,0.3845119047619047
D14_dip12_w33,14,dip12_w33,87,QQQ,9,189,2025-08-12,2026-05-12,30,0.2238015104269533,0.10663280957980235,-0.00336565357985974,0.02648113115204959,-0.14610249194041655,-0.11716870084715093,0.4666666666666667,0.2,7.833333333333333,0.3579365079365079
D14_dip12_w33,14,dip12_w33,88,QQQ,3,63,2023-09-06,2023-12-04,30,0.0323937441740032,-0.006408207120207395,-0.01822870489916495,-0.17377141806941804,-0.08541122576028295,-0.0388019512942106,0.36666666666666664,0.13333333333333333,2.933333333333333,0.4379470899470898
D14_dip12_w33,14,dip12_w33,89,QQQ,6,126,2024-03-08,2024-09-06,30,0.02500440115388769,-0.033843152332664786,-0.01717959426857152,-0.24385661948970908,-0.1438627944534341,-0.058847553486552476,0.36666666666666664,0.3,5.5,0.3941164021164021
D14_dip12_w33,14,dip12_w33,90,SOXX,4,84,2024-02-09,2024-06-10,29,0.16166402534839164,0.054985310197176035,0.055188677116527085,0.7536852794412564,-0.10662440787301847,-0.1066787151512156,0.7586206896551724,0.13793103448275862,3.9655172413793105,0.46108374384236456
D14_dip12_w33,14,dip12_w33,91,QQQ,6,126,2024-12-26,2025-06-30,30,0.04434132972322158,0.0551682416674026,0.0028581001066896317,0.22599315422600263,-0.154231822954034,0.01082691194418102,0.5333333333333333,0.3,6.233333333333333,0.3953994708994709
D14_dip12_w33,14,dip12_w33,92,QQQ,2,42,2024-07-11,2024-09-09,30,-0.0761694342464847,-0.0485174279939248,-0.03965619630601447,-1.3294617694113158,-0.0844127824501008,0.027652006252559903,0.1,0.8,2.5,0.3402380952380952
D14_dip12_w33,14,dip12_w33,93,QQQ,8,168,2025-09-04,2026-05-05,30,0.18933459993954838,0.10659343002434121,-0.017390104437625398,0.2504534795861197,-0.1506141219657851,-0.08274116991520716,0.4666666666666667,0.2,7.3,0.41400198412698413
D14_dip12_w33,14,dip12_w33,94,QQQ,11,231,2023-08-28,2024-07-29,29,0.27358869545907205,0.022534423124368697,0.017035381235741553,0.24842012192201735,-0.1400913554751822,-0.25105427233470334,0.5517241379310345,0.0,7.724137931034483,0.45175847141364384
D14_dip12_w33,14,dip12_w33,95,SOXX,2,42,2024-10-18,2024-12-17,29,-0.02239739013513642,-0.0044022835355853685,-0.018175072518211488,-0.685369046638921,-0.08223080115406298,0.01799510659955105,0.41379310344827586,0.5172413793103449,2.689655172413793,0.33183087027914615
D14_dip12_w33,14,dip12_w33,96,QQQ,9,189,2024-06-04,2025-03-06,30,0.07941245707007138,-0.02529126039250435,-0.022017230604765126,0.027345233981536956,-0.1770260597214141,-0.10470371746257573,0.43333333333333335,0.16666666666666666,7.966666666666667,0.39451499118165784
D14_dip12_w33,14,dip12_w33,97,SOXX,5,105,2025-12-31,2026-06-02,30,1.0102699251297969,0.42961653752793694,0.43843660213229163,2.4620973404998536,-0.11619197967059008,-0.5806533876018599,0.9333333333333333,0.03333333333333333,4.833333333333333,0.43067619047619055
D14_dip12_w33,14,dip12_w33,98,QQQ,4,84,2025-02-28,2025-06-30,30,0.08838217445442198,0.028161323191343162,0.007370902014066982,0.10986983391415771,-0.0918697719320007,-0.060220851263078815,0.5666666666666667,0.26666666666666666,3.5,0.33086904761904773
D14_dip12_w33,14,dip12_w33,99,SOXX,2,42,2026-05-13,2026-07-14,30,0.07552608567751218,0.0024152143015207703,-0.00577117661613008,0.03576512525442137,-0.09386148475444189,-0.07311087137599141,0.4666666666666667,0.1,1.7,0.3292539682539682
D15_dip15_lb90,15,dip15_lb90,0,SOXX,4,84,2025-01-15,2025-05-15,29,-0.04268271797372991,-0.05185238011148676,-0.04359014536941597,-0.6246351021402152,-0.1290679627055319,-0.00916966213775685,0.1724137931034483,0.4827586206896552,3.689655172413793,0.18318965517241378
D15_dip15_lb90,15,dip15_lb90,1,SOXX,4,84,2025-11-26,2026-03-30,29,0.0653592129111733,0.1609960428889871,0.08498997312186951,0.9026691232773604,-0.11174294137951303,0.09563682997781381,0.7241379310344828,0.5862068965517241,4.068965517241379,0.4356527093596058
D15_dip15_lb90,15,dip15_lb90,2,SOXX,12,252,2024-06-12,2025-06-13,30,-0.11229341109132818,-0.11349340197465538,-0.15543085640741433,-0.4838355268998932,-0.2626295355074106,-0.001199990883327201,0.23333333333333334,0.4,11.866666666666667,0.30009920634920645
D15_dip15_lb90,15,dip15_lb90,3,QQQ,1,21,2026-01-13,2026-02-11,30,-0.02096638715391519,-0.0041506346864994695,0.0,-0.8444256100069474,-0.06145194308781227,0.01681575246741572,0.36666666666666664,0.6333333333333333,1.8666666666666667,0.4376984126984127
D15_dip15_lb90,15,dip15_lb90,4,QQQ,8,168,2025-02-28,2025-10-28,30,0.2501946769916814,0.0742883839321186,0.01583219188891627,0.21575146602485637,-0.14249109113373798,-0.1759062930595628,0.5333333333333333,0.2,5.9,0.36001984126984116
D15_dip15_lb90,15,dip15_lb90,5,SOXX,3,63,2025-03-10,2025-06-06,29,0.11931802402050695,0.004360008450405298,0.0,-0.26262458390572196,-0.05782152509083846,-0.11495801557010166,0.3793103448275862,0.06896551724137931,2.3448275862068964,0.16146688560481665
D15_dip15_lb90,15,dip15_lb90,6,SOXX,12,252,2024-10-18,2025-10-21,30,0.2792904450054976,0.07186033842450132,0.036804078028199294,0.16225412412914056,-0.20386464333777932,-0.20743010658099628,0.5666666666666667,0.2,9.8,0.35985449735449737
D15_dip15_lb90,15,dip15_lb90,7,SOXX,5,105,2024-08-02,2024-12-31,30,0.0461545872289324,-0.005011430334199348,-0.03545712378004201,-0.3728652666134796,-0.11961909301321419,-0.051166017563131744,0.3,0.2,4.333333333333333,0.26492063492063495
D15_dip15_lb90,15,dip15_lb90,8,SOXX,11,231,2024-01-29,2024-12-26,30,0.11728604186347558,-0.0025059222170279783,-0.04467609446620946,-0.09105248356849026,-0.24277632966366344,-0.11979196408050355,0.43333333333333335,0.16666666666666666,10.2,0.34743867243867244
D15_dip15_lb90,15,dip15_lb90,9,QQQ,7,147,2025-12-22,2026-07-24,30,0.10761391047221691,0.06858651614247295,0.02574653002069538,0.2302292294565143,-0.13397571504961672,-0.03902739432974396,0.5666666666666667,0.36666666666666664,6.433333333333334,0.3384353741496599
D15_dip15_lb90,15,dip15_lb90,10,SOXX,11,231,2025-04-30,2026-03-31,30,0.7991727370086741,0.330780598274883,0.26875473523480664,1.013389353173446,-0.17770382023238074,-0.4683921387337911,0.9,0.06666666666666667,8.833333333333334,0.41554834054834056
D15_dip15_lb90,15,dip15_lb90,11,SOXX,7,147,2023-12-07,2024-07-10,30,0.5448433677075268,0.1835885080251913,0.12723667464618293,0.9975975901348797,-0.1372319067975458,-0.3612548596823355,0.7333333333333333,0.06666666666666667,5.833333333333333,0.4309523809523809
D15_dip15_lb90,15,dip15_lb90,12,QQQ,11,231,2024-03-27,2025-02-27,30,0.12982124242441295,0.08409964743192617,-0.0036812233202370703,0.30868489023978996,-0.15671641160665928,-0.04572159499248678,0.5,0.36666666666666664,8.7,0.39891774891774895
D15_dip15_lb90,15,dip15_lb90,13,QQQ,10,210,2024-09-30,2025-08-01,30,0.1396408202388819,0.05843714925219242,0.043911967751535164,0.25013075881369606,-0.1532529658259287,-0.08120367098668949,0.5666666666666667,0.23333333333333334,7.766666666666667,0.36928571428571433
D15_dip15_lb90,15,dip15_lb90,14,QQQ,9,189,2025-02-11,2025-11-10,30,0.1848421423831519,0.027892133972007294,-0.0023628953495643534,0.07133771561383927,-0.164484375066238,-0.1569500084111446,0.5,0.16666666666666666,7.3,0.39607583774250443
D15_dip15_lb90,15,dip15_lb90,15,SOXX,2,42,2023-11-10,2024-01-11,29,0.13378672181991424,0.08440929617098485,0.06653518486945664,1.8615777794054993,-0.06109993104019758,-0.0493774256489294,0.8275862068965517,0.27586206896551724,1.3448275862068966,0.5472085385878489
D15_dip15_lb90,15,dip15_lb90,16,QQQ,8,168,2025-04-17,2025-12-16,30,0.3806506610687259,0.08008774044961811,-0.010462375075359354,0.2681365195158815,-0.1117845590712716,-0.30056292061910783,0.4666666666666667,0.1,5.0,0.3179067460317461
D15_dip15_lb90,15,dip15_lb90,17,QQQ,3,63,2023-10-12,2024-01-11,29,0.10935424408522043,0.04733761399444224,0.030396538252490668,0.8672567027452762,-0.06578551674813138,-0.062016630090778194,0.6206896551724138,0.27586206896551724,2.1724137931034484,0.429255610290093
D15_dip15_lb90,15,dip15_lb90,18,SOXX,7,147,2025-06-02,2025-12-30,29,0.4742072430583639,0.13632669831605215,0.05922479025934679,0.6809080687223531,-0.17355796766854822,-0.3378805447423118,0.6206896551724138,0.10344827586206896,6.793103448275862,0.4868637110016421
D15_dip15_lb90,15,dip15_lb90,19,QQQ,2,42,2026-01-20,2026-03-19,30,-0.024734412068352585,0.006404224558888231,0.0,0.1167275401650816,-0.05710777352686362,0.031138636627240816,0.4666666666666667,0.7666666666666667,2.466666666666667,0.3432539682539682
D15_dip15_lb90,15,dip15_lb90,20,QQQ,2,42,2025-12-30,2026-03-02,30,-0.01830706738570409,0.00670167951194441,-0.0007008505553877109,0.09997166501710189,-0.06891099752562986,0.0250087468976485,0.4666666666666667,0.6333333333333333,2.3333333333333335,0.45376984126984127
D15_dip15_lb90,15,dip15_lb90,21,QQQ,8,168,2024-02-14,2024-10-14,30,0.15334174114524046,0.026847992157873514,0.030563579113792816,0.24253706032568842,-0.14069121852480096,-0.12649374898736696,0.5666666666666667,0.23333333333333334,5.966666666666667,0.3996527777777778
D15_dip15_lb90,15,dip15_lb90,22,QQQ,4,84,2025-10-15,2026-02-13,30,0.0007896560047677692,0.026501741728635633,0.02223155688730405,0.041495624301414805,-0.08544685222358277,0.025712085723867864,0.5666666666666667,0.5666666666666667,3.966666666666667,0.38571428571428573
D15_dip15_lb90,15,dip15_lb90,23,QQQ,3,63,2026-01-08,2026-04-09,30,-0.0153279984002892,-0.010262337760947345,0.0,-0.5211547389414682,-0.08224340640215363,0.005065660639341855,0.43333333333333335,0.6,3.433333333333333,0.2767195767195767
D15_dip15_lb90,15,dip15_lb90,24,SOXX,5,105,2026-02-10,2026-07-13,30,0.5770255442312711,0.21648590912496987,0.13049339346957778,1.5031403580989708,-0.10099249696669803,-0.36053963510630116,0.8333333333333334,0.13333333333333333,3.933333333333333,0.29365079365079366
D15_dip15_lb90,15,dip15_lb90,25,QQQ,5,105,2026-01-14,2026-06-15,30,0.20238584863226716,0.0789918981445938,0.045395279527368215,0.5636571023234679,-0.09021241525464009,-0.12339395048767336,0.5666666666666667,0.13333333333333333,4.933333333333334,0.26309523809523816
D15_dip15_lb90,15,dip15_lb90,26,QQQ,12,252,2025-01-16,2026-01-16,30,0.2169851270630765,0.08779380656358503,-0.03765470330110565,0.13880644616695173,-0.16623184834790494,-0.12919132049949145,0.43333333333333335,0.16666666666666666,9.433333333333334,0.3591269841269842
D15_dip15_lb90,15,dip15_lb90,27,SOXX,4,84,2026-03-20,2026-07-21,30,0.6629647609934404,0.16702655197311037,0.1183738398940487,1.8693562046047771,-0.09500273968370186,-0.49593820902033003,0.9,0.0,3.3666666666666667,0.2741071428571429
D15_dip15_lb90,15,dip15_lb90,28,SOXX,10,210,2023-09-12,2024-07-12,30,0.6054235196262121,0.20335947573534038,0.12784249778524948,0.8514771299623766,-0.14415764716015164,-0.4020640438908717,0.7333333333333333,0.1,7.733333333333333,0.41980158730158734
D15_dip15_lb90,15,dip15_lb90,29,QQQ,10,210,2023-11-02,2024-09-04,29,0.27426335783759614,0.07579329724453562,0.06916869650286617,0.4916630748687479,-0.15051215308856422,-0.19847006059306052,0.6206896551724138,0.1724137931034483,7.448275862068965,0.4364121510673235
D15_dip15_lb90,15,dip15_lb90,30,SOXX,11,231,2025-02-26,2026-01-27,30,0.6222676159829015,0.20539117103041846,0.09868843799117122,0.6724572620009612,-0.1962502373637296,-0.416876444952483,0.7,0.1,9.266666666666667,0.3852453102453102
D15_dip15_lb90,15,dip15_lb90,31,SOXX,4,84,2024-11-26,2025-03-31,30,-0.12412361759187396,-0.03875291219102497,-0.03709038385441238,-0.6095085643571064,-0.11855732982819858,0.08537070540084898,0.23333333333333334,0.8666666666666667,3.6333333333333333,0.2836309523809524
D15_dip15_lb90,15,dip15_lb90,32,SOXX,3,63,2024-07-29,2024-10-24,29,-0.004528634488460304,-0.02768135874598202,-0.043477649574251265,-1.2042487640650212,-0.07745057739628289,-0.023152724257521715,0.1724137931034483,0.27586206896551724,2.9655172413793105,0.1984126984126984
D15_dip15_lb90,15,dip15_lb90,33,SOXX,7,147,2025-09-16,2026-04-16,29,0.5731892331920965,0.348187041633724,0.25882991543924216,1.4854085087016937,-0.1600706482991815,-0.22500219155837248,0.9310344827586207,0.1724137931034483,7.241379310344827,0.4322073657049027
D15_dip15_lb90,15,dip15_lb90,34,QQQ,4,84,2024-05-31,2024-09-30,30,0.08613665447903895,0.009664179823501295,-0.0005795682820740056,0.32657407995050236,-0.11373519400675898,-0.07647247465553766,0.4666666666666667,0.23333333333333334,3.6666666666666665,0.4191468253968253
D15_dip15_lb90,15,dip15_lb90,35,QQQ,9,189,2025-02-11,2025-11-10,30,0.1848421423831519,0.05615383068569635,0.010180305356160102,0.08838211918451876,-0.13936378170601052,-0.12868831169745554,0.5333333333333333,0.13333333333333333,7.166666666666667,0.3747795414462081
D15_dip15_lb90,15,dip15_lb90,36,QQQ,3,63,2025-01-14,2025-04-14,30,-0.0928917402537448,-0.03620690675675471,-0.03216290902896035,-0.67779598936435,-0.11727735264392582,0.05668483349699009,0.26666666666666666,0.8,3.9,0.3376984126984127
D15_dip15_lb90,15,dip15_lb90,37,SOXX,10,210,2024-08-26,2025-06-27,30,0.057670134077346225,0.01324286339162998,-0.03147129508225466,-0.1292082139341319,-0.16321153039309735,-0.044427270685716246,0.3333333333333333,0.3,7.833333333333333,0.2656349206349206
D15_dip15_lb90,15,dip15_lb90,38,SOXX,12,252,2024-07-02,2025-07-03,30,-0.01969168950723721,-0.07226836812181145,-0.1113260179177677,-0.3356965742781204,-0.254144561538336,-0.05257667861457424,0.23333333333333334,0.26666666666666666,10.1,0.2855489417989418
D15_dip15_lb90,15,dip15_lb90,39,QQQ,5,105,2024-09-23,2025-02-24,30,0.07798180695234325,0.07619503376948811,0.03040208798633537,0.7400413962264343,-0.10481216436555592,-0.0017867731828551392,0.6666666666666666,0.36666666666666664,4.233333333333333,0.44642857142857145
D15_dip15_lb90,15,dip15_lb90,40,QQQ,12,252,2025-05-13,2026-05-13,30,0.3929082039357876,0.1785958475938667,0.04495219678431939,0.33406037246472503,-0.15573220911038071,-0.21431235634192092,0.5666666666666667,0.13333333333333333,8.733333333333333,0.34444444444444444
D15_dip15_lb90,15,dip15_lb90,41,SOXX,5,105,2024-12-18,2025-05-21,29,-0.03550519039857425,-0.06403049094319992,-0.05260935652672627,-0.6568468219891254,-0.1553963561445037,-0.028525300544625667,0.1724137931034483,0.3448275862068966,5.0,0.24926108374384237
D15_dip15_lb90,15,dip15_lb90,42,QQQ,1,21,2026-06-01,2026-06-30,30,-0.007446386853765863,-0.010755945060966039,-0.00893248793217366,-1.3608579630106314,-0.03247762120356495,-0.003309558207200176,0.2,0.5,1.3333333333333333,0.22380952380952382
D15_dip15_lb90,15,dip15_lb90,43,SOXX,5,105,2025-04-30,2025-09-29,30,0.4691356693755999,0.13754502254429996,0.08145261293175554,1.0131152494564666,-0.11660865438806622,-0.33159064683129996,0.7,0.06666666666666667,3.433333333333333,0.4419047619047619
D15_dip15_lb90,15,dip15_lb90,44,SOXX,5,105,2024-07-24,2024-12-19,29,-0.07336128139760856,0.011788029360232936,-0.0454613637022413,-0.4881382393300825,-0.1195890266374868,0.08514931075784149,0.3793103448275862,0.6551724137931034,5.275862068965517,0.29458128078817725
D15_dip15_lb90,15,dip15_lb90,45,SOXX,12,252,2024-03-06,2025-03-07,30,-0.10757477953627947,-0.08303213337664479,-0.08635736664680987,-0.27533535378473145,-0.24430008902689007,0.024542646159634682,0.3333333333333333,0.5666666666666667,11.566666666666666,0.3400462962962963
D15_dip15_lb90,15,dip15_lb90,46,SOXX,11,231,2024-02-13,2025-01-14,30,0.07418664137386521,0.039049794350173174,-0.009770635150885387,0.06543296486373334,-0.22276639727543351,-0.03513684702369204,0.43333333333333335,0.23333333333333334,9.666666666666666,0.34018759018759026
D15_dip15_lb90,15,dip15_lb90,47,QQQ,12,252,2025-06-12,2026-06-12,30,0.3582273667812763,0.13453430777517042,0.013504737617591411,0.3102582110203406,-0.19248439889124166,-0.2236930590061059,0.6333333333333333,0.13333333333333333,10.233333333333333,0.391005291005291
D15_dip15_lb90,15,dip15_lb90,48,QQQ,1,21,2025-07-02,2025-07-31,30,0.025798870778167116,0.006626277701750134,0.0,-0.3030650954621024,-0.040812659187576074,-0.019172593076416982,0.36666666666666664,0.26666666666666666,1.2333333333333334,0.4638888888888889
D15_dip15_lb90,15,dip15_lb90,49,QQQ,6,126,2024-03-22,2024-09-20,30,0.08250113027758665,0.012854952310124734,0.0024723899215531864,0.040954837774360424,-0.12253123320860886,-0.06964617796746192,0.5333333333333333,0.23333333333333334,5.166666666666667,0.40919312169312166
D15_dip15_lb90,15,dip15_lb90,50,QQQ,11,231,2025-04-16,2026-03-18,30,0.3441101199491847,0.1585631973122784,0.0752683150058755,0.5114673252387213,-0.12879486990130296,-0.18554692263690634,0.6,0.16666666666666666,7.533333333333333,0.3646464646464647
D15_dip15_lb90,15,dip15_lb90,51,SOXX,12,252,2025-05-09,2026-05-11,30,1.7645869991549006,0.572373858049087,0.408748686471191,1.344471732032263,-0.18663299478405262,-1.1922131411058134,0.9333333333333333,0.1,9.966666666666667,0.4349206349206349
D15_dip15_lb90,15,dip15_lb90,52,QQQ,6,126,2024-07-26,2025-01-27,30,0.11403086919643934,0.01723416434015045,0.031874581982962336,0.3169378301038266,-0.11672807536609502,-0.0967967048562889,0.6333333333333333,0.13333333333333333,5.366666666666666,0.403042328042328
D15_dip15_lb90,15,dip15_lb90,53,SOXX,9,189,2025-02-25,2025-11-21,30,0.27137754060742036,0.03524965186809961,0.01830240507606823,0.06003955643877484,-0.17951169125490488,-0.23612788873932075,0.5,0.13333333333333333,8.166666666666666,0.35418871252204587
D15_dip15_lb90,15,dip15_lb90,54,QQQ,10,210,2025-06-10,2026-04-10,30,0.14941279936704488,0.00018874546136813755,-0.0021553289727943015,-0.11400732180205135,-0.1724014000280427,-0.14922405390567675,0.5,0.1,7.7,0.39087301587301587
D15_dip15_lb90,15,dip15_lb90,55,QQQ,9,189,2024-03-12,2024-12-09,30,0.18252323377671842,0.06333143254715308,0.0028397190297711483,0.30011285953902705,-0.14339256859818897,-0.11919180122956534,0.5,0.2,6.766666666666667,0.4112433862433863
D15_dip15_lb90,15,dip15_lb90,56,SOXX,1,21,2026-03-06,2026-04-06,30,0.06430085839175526,0.019933696620998406,0.018516458265186442,1.3187422735327596,-0.04278192503142571,-0.04436716177075685,0.6666666666666666,0.1,1.7333333333333334,0.2702380952380953
D15_dip15_lb90,15,dip15_lb90,57,QQQ,11,231,2024-12-30,2025-12-01,30,0.20149282165868643,0.03375441485908581,-0.037631008080503514,-0.05743361155241814,-0.16098380457173536,-0.16773840679960061,0.4,0.16666666666666666,8.6,0.3485930735930736
D15_dip15_lb90,15,dip15_lb90,58,QQQ,4,84,2025-05-06,2025-09-04,30,0.19622773691571815,0.03922771283887683,0.0028296749933632848,0.3327106619901393,-0.07895738786121533,-0.15700002407684133,0.5,0.1,2.6333333333333333,0.37341269841269836
D15_dip15_lb90,15,dip15_lb90,59,SOXX,4,84,2026-02-25,2026-06-25,30,0.7007670678766698,0.2171974689371298,0.1453137469064535,2.1527056724697125,-0.09546585487273496,-0.48356959893954,0.8666666666666667,0.1,3.8666666666666667,0.296329365079365
D15_dip15_lb90,15,dip15_lb90,60,SOXX,1,21,2024-12-26,2025-01-28,29,-0.04487084375145378,-0.03158484679569229,-0.014064886830672085,-0.831039270981981,-0.07494929814216782,0.013285996955761492,0.27586206896551724,0.6551724137931034,1.6551724137931034,0.3567323481116585
D15_dip15_lb90,15,dip15_lb90,61,SOXX,3,63,2024-01-26,2024-04-25,29,0.06710127075469541,0.018443946539945952,-0.014690047984499799,-0.30645505984124144,-0.0822151681666948,-0.048657324214749456,0.4482758620689655,0.20689655172413793,2.7241379310344827,0.3186918445539135
D15_dip15_lb90,15,dip15_lb90,62,SOXX,3,63,2025-06-20,2025-09-18,29,0.19111858758403377,0.10397585058700992,0.0687725969051578,1.195952241468078,-0.11741226808897375,-0.08714273699702385,0.7241379310344828,0.2413793103448276,2.896551724137931,0.5466611932129173
D15_dip15_lb90,15,dip15_lb90,63,QQQ,3,63,2025-10-01,2025-12-30,30,0.0281443024583361,-0.01615187586780982,-0.01618746286934908,-0.20584389619972027,-0.07727504588856925,-0.04429617832614592,0.36666666666666664,0.23333333333333334,2.7333333333333334,0.36018518518518516
D15_dip15_lb90,15,dip15_lb90,64,QQQ,2,42,2024-06-12,2024-08-12,30,-0.0465096827642848,-0.02343194451203565,-0.024756209818907138,-0.5230603085606867,-0.07466020692658361,0.02307773825224915,0.3,0.6666666666666666,2.4,0.34444444444444444
D15_dip15_lb90,15,dip15_lb90,65,SOXX,7,147,2024-03-27,2024-10-24,29,0.010917641305967063,-0.018994737817887037,-0.02276213436473118,-0.1514836897559031,-0.1775332477583055,-0.0299123791238541,0.3793103448275862,0.27586206896551724,6.206896551724138,0.35262725779967163
D15_dip15_lb90,15,dip15_lb90,66,QQQ,7,147,2024-06-18,2025-01-17,30,0.08024880165552029,0.03425181068907731,0.025957931935326584,0.3994268239070674,-0.10812038118727277,-0.045996990966442976,0.6,0.26666666666666666,4.966666666666667,0.41281179138321994
D15_dip15_lb90,15,dip15_lb90,67,SOXX,6,126,2025-02-27,2025-08-27,30,0.2288069130259598,0.0902454571301607,0.06377833196634475,0.6203459249035487,-0.127553485929817,-0.1385614558957991,0.6333333333333333,0.23333333333333334,4.733333333333333,0.3804232804232804
D15_dip15_lb90,15,dip15_lb90,68,SOXX,2,42,2026-01-27,2026-03-26,30,-0.06274182234420844,0.011495171335283941,0.007313149080006909,0.1236860365578757,-0.07963151262349198,0.07423699367949238,0.5666666666666667,0.8666666666666667,2.5,0.34464285714285714
D15_dip15_lb90,15,dip15_lb90,69,SOXX,8,168,2025-08-27,2026-04-28,30,0.752796897064234,0.28127389564473493,0.24412675083057989,1.1544740053175124,-0.17503377349047755,-0.4715230014194991,0.8333333333333334,0.06666666666666667,7.9,0.42301587301587296
D15_dip15_lb90,15,dip15_lb90,70,SOXX,5,105,2024-09-20,2025-02-21,29,0.005406814450626518,0.006714652403503364,-0.022678668347744013,-0.09686862502512698,-0.1104166345270696,0.001307837952876846,0.3448275862068966,0.3448275862068966,4.344827586206897,0.2811986863711002
D15_dip15_lb90,15,dip15_lb90,71,SOXX,4,84,2025-09-17,2026-01-15,29,0.30628589985012833,0.12886716130477813,0.12081040554048772,1.0836162133789875,-0.1432705459008287,-0.1774187385453502,0.7241379310344828,0.20689655172413793,4.655172413793103,0.45617816091954017
D15_dip15_lb90,15,dip15_lb90,72,QQQ,4,84,2025-06-23,2025-10-20,30,0.15160143793785608,0.06203327935579561,0.007849994725246723,0.4361234171425836,-0.08258305467729941,-0.08956815858206046,0.5,0.2,2.8333333333333335,0.3941468253968255
D15_dip15_lb90,15,dip15_lb90,73,SOXX,10,210,2023-11-28,2024-09-27,30,0.3732977081618618,0.08867400374211698,0.05638921581715328,0.35627836116516265,-0.20086104568934718,-0.2846237044197448,0.6666666666666666,0.06666666666666667,8.466666666666667,0.3927777777777778
D15_dip15_lb90,15,dip15_lb90,74,QQQ,9,189,2025-04-09,2026-01-08,30,0.33624069066151074,0.10780826492249734,0.046162693282691736,0.4530513911356874,-0.14152020101789758,-0.2284324257390134,0.5666666666666667,0.13333333333333333,5.666666666666667,0.38562610229276895
D15_dip15_lb90,15,dip15_lb90,75,QQQ,12,252,2024-12-19,2025-12-22,30,0.21234986652906018,0.049233694129856585,-0.05260734547474277,-0.039076678788852015,-0.1821279850833136,-0.1631161723992036,0.4,0.13333333333333333,10.133333333333333,0.3565806878306878
D15_dip15_lb90,15,dip15_lb90,76,SOXX,5,105,2024-05-10,2024-10-09,29,0.07166285164062502,0.004753627326876345,-0.006537177748878631,-0.05640566346766452,-0.15007346589872195,-0.06690922431374868,0.4827586206896552,0.27586206896551724,4.344827586206897,0.3376026272577997
D15_dip15_lb90,15,dip15_lb90,77,SOXX,8,168,2025-08-01,2026-04-01,30,0.43297225183525034,0.21638978027143166,0.21694581671131274,0.7163976409321059,-0.18123163481278162,-0.21658247156381868,0.7,0.3,8.333333333333334,0.4383928571428572
D15_dip15_lb90,15,dip15_lb90,78,QQQ,7,147,2025-11-12,2026-06-15,30,0.20096913413608264,0.03752292498219794,-0.00028032386054638314,0.1059343434948281,-0.12957708613823754,-0.1634462091538847,0.5,0.16666666666666666,6.233333333333333,0.33996598639455783
D15_dip15_lb90,15,dip15_lb90,79,SOXX,9,189,2023-12-14,2024-09-16,30,0.167905259845331,0.00396922523317493,-0.04274195296591782,-0.08113599306756589,-0.20197165672475817,-0.16393603461215608,0.4,0.1,8.466666666666667,0.41234567901234576
D15_dip15_lb90,15,dip15_lb90,80,QQQ,6,126,2024-01-19,2024-07-19,30,0.1316414541629214,0.06540532061446494,0.0365925629562065,0.3071680439906628,-0.10140531573783693,-0.06623613354845645,0.5666666666666667,0.23333333333333334,4.466666666666667,0.3903439153439153
D15_dip15_lb90,15,dip15_lb90,81,QQQ,1,21,2024-11-13,2024-12-12,30,0.02781855470047412,0.029964524353501994,0.0,0.7973053965570798,-0.025517263756980064,0.002145969653027876,0.43333333333333335,0.23333333333333334,0.9333333333333333,0.37380952380952376
D15_dip15_lb90,15,dip15_lb90,82,SOXX,10,210,2024-06-21,2025-04-23,30,-0.3034388425007686,-0.1414002296576655,-0.12451456975266523,-0.7247757475749615,-0.2497139730357914,0.16203861284310309,0.16666666666666666,0.8,9.866666666666667,0.2788888888888889
D15_dip15_lb90,15,dip15_lb90,83,QQQ,11,231,2024-05-24,2025-04-28,30,0.03788093693594541,0.03167020621818415,-0.0032049770439819825,-0.03186707001755943,-0.1838089831514792,-0.006210730717761258,0.5,0.43333333333333335,9.733333333333333,0.383044733044733
D15_dip15_lb90,15,dip15_lb90,84,SOXX,4,84,2025-03-26,2025-07-25,29,0.2196761364203743,0.06934019553012902,0.017616819023998254,0.2876604025541645,-0.09491910568445559,-0.1503359408902453,0.5517241379310345,0.1724137931034483,2.8620689655172415,0.3566297208538588
D15_dip15_lb90,15,dip15_lb90,85,SOXX,3,63,2024-01-12,2024-04-12,29,0.17490173722683933,0.06586461047343196,0.00949069004390335,0.38492079708057486,-0.08551756053751441,-0.10903712675340736,0.5862068965517241,0.20689655172413793,2.793103448275862,0.3920361247947455
D15_dip15_lb90,15,dip15_lb90,86,QQQ,4,84,2025-08-13,2025-12-10,30,0.08270584442079376,0.02986399699531343,-0.02396783170228578,-0.4474189927434023,-0.07568461215546203,-0.05284184742548033,0.36666666666666664,0.16666666666666666,3.2666666666666666,0.33551587301587305
D15_dip15_lb90,15,dip15_lb90,87,QQQ,9,189,2025-08-12,2026-05-12,30,0.2238015104269533,0.09434255227062914,-0.004033061896990653,0.0522419570865571,-0.1362576706926371,-0.12945895815632413,0.4666666666666667,0.2,7.466666666666667,0.3198853615520283
D15_dip15_lb90,15,dip15_lb90,88,QQQ,3,63,2023-09-06,2023-12-04,30,0.0323937441740032,-0.010978425170970984,-0.020105600527089873,-0.4259893654757522,-0.0834204410755967,-0.04337216934497419,0.3333333333333333,0.1,2.7333333333333334,0.40119047619047615
D15_dip15_lb90,15,dip15_lb90,89,QQQ,6,126,2024-03-08,2024-09-06,30,0.02500440115388769,-0.029556530017890544,-0.019883270068765113,-0.24822028309805583,-0.13594420735940213,-0.05456093117177824,0.4,0.3,5.166666666666667,0.36488095238095236
D15_dip15_lb90,15,dip15_lb90,90,SOXX,4,84,2024-02-09,2024-06-10,29,0.16166402534839164,0.04249307019297482,0.04404689282356111,0.6732579024273361,-0.09950908669659685,-0.11917095515541681,0.6551724137931034,0.10344827586206896,3.5172413793103448,0.38433908045977005
D15_dip15_lb90,15,dip15_lb90,91,QQQ,6,126,2024-12-26,2025-06-30,30,0.04434132972322158,0.054236495666027916,0.011256783410561577,0.2894168943195271,-0.14429380931399158,0.009895165942806337,0.5666666666666667,0.36666666666666664,5.9,0.3578703703703704
D15_dip15_lb90,15,dip15_lb90,92,QQQ,2,42,2024-07-11,2024-09-09,30,-0.0761694342464847,-0.046991765948507645,-0.03241504468026063,-1.2083761925552727,-0.0786650488069574,0.029177668297977057,0.13333333333333333,0.8,2.4,0.3049603174603174
D15_dip15_lb90,15,dip15_lb90,93,QQQ,8,168,2025-09-04,2026-05-05,30,0.18933459993954838,0.09713131689115921,-0.013812596682691358,0.28824766961471465,-0.14442456251199112,-0.09220328304838916,0.43333333333333335,0.2,7.033333333333333,0.3685515873015872
D15_dip15_lb90,15,dip15_lb90,94,QQQ,11,231,2023-08-28,2024-07-29,29,0.27358869545907205,0.014585750193838403,0.017761632874141453,0.18009406455666152,-0.13838572866739265,-0.25900294526523365,0.5517241379310345,0.0,7.344827586206897,0.40972533213912515
D15_dip15_lb90,15,dip15_lb90,95,SOXX,2,42,2024-10-18,2024-12-17,29,-0.02239739013513642,-0.004615842165776948,-0.024395331008698395,-0.8363552252030134,-0.07184109529216343,0.01778154796935947,0.41379310344827586,0.4827586206896552,2.5172413793103448,0.2592364532019705
D15_dip15_lb90,15,dip15_lb90,96,QQQ,9,189,2024-06-04,2025-03-06,30,0.07941245707007138,-0.030950691833956556,-0.024889936437953397,-0.023410060577551278,-0.1722416961174698,-0.11036314890402794,0.43333333333333335,0.13333333333333333,7.5,0.3515432098765432
D15_dip15_lb90,15,dip15_lb90,97,SOXX,5,105,2025-12-31,2026-06-02,30,1.0102699251297969,0.36140398066254925,0.34866153558393354,2.2851190205556673,-0.11034430657320562,-0.6488659444672475,0.9333333333333333,0.03333333333333333,4.766666666666667,0.3757142857142856
D15_dip15_lb90,15,dip15_lb90,98,QQQ,4,84,2025-02-28,2025-06-30,30,0.08838217445442198,0.028673720373620006,0.010689593741240233,0.21610860685818709,-0.08276845444891283,-0.05970845408080197,0.6,0.2,3.3,0.29325396825396827
D15_dip15_lb90,15,dip15_lb90,99,SOXX,2,42,2026-05-13,2026-07-14,30,0.07552608567751218,0.0070874581814419895,-0.0007852415596533713,0.16698963224607447,-0.07352967080746217,-0.06843862749607019,0.5,0.1,1.6666666666666667,0.25952380952380955
D16_s12_vol175,16,s12_like_s14_vol175,0,SOXX,4,84,2025-01-15,2025-05-15,29,-0.04268271797372991,-0.08591405043850958,-0.10707432928146388,-0.9228077608081398,-0.18237056068980528,-0.04323133246477967,0.1724137931034483,0.3793103448275862,4.482758620689655,0.24805008210180626
D16_s12_vol175,16,s12_like_s14_vol175,1,SOXX,4,84,2025-11-26,2026-03-30,29,0.0653592129111733,0.15352518738894674,0.030890013599645938,0.5612582600935765,-0.17060315024970227,0.08816597447777344,0.6206896551724138,0.4482758620689655,4.9655172413793105,0.5876436781609194
D16_s12_vol175,16,s12_like_s14_vol175,2,SOXX,12,252,2024-06-12,2025-06-13,30,-0.11229341109132818,-0.15871932980977055,-0.2306262546513994,-0.6158814688470289,-0.3234076582468731,-0.04642591871844237,0.16666666666666666,0.26666666666666666,13.333333333333334,0.37800925925925927
D16_s12_vol175,16,s12_like_s14_vol175,3,QQQ,1,21,2026-01-13,2026-02-11,30,-0.02096638715391519,0.010298897034119651,0.0,-0.5600111513553792,-0.07880252532307426,0.03126528418803484,0.36666666666666664,0.6,1.6666666666666667,0.6055555555555556
D16_s12_vol175,16,s12_like_s14_vol175,4,QQQ,8,168,2025-02-28,2025-10-28,30,0.2501946769916814,0.07488967750925711,0.028231245563027363,0.053614093206757696,-0.1622473602087321,-0.17530499948242428,0.5666666666666667,0.23333333333333334,6.633333333333334,0.42361111111111105
D16_s12_vol175,16,s12_like_s14_vol175,5,SOXX,3,63,2025-03-10,2025-06-06,29,0.11931802402050695,0.007505776339147534,-0.005645406527032382,-0.20499143214866244,-0.07292567641540722,-0.11181224768135942,0.41379310344827586,0.13793103448275862,2.3793103448275863,0.2044334975369458
D16_s12_vol175,16,s12_like_s14_vol175,6,SOXX,12,252,2024-10-18,2025-10-21,30,0.2792904450054976,0.12930948470083298,0.0493887469017914,0.32015919508108387,-0.2278423552587143,-0.14998096030466462,0.5666666666666667,0.26666666666666666,10.366666666666667,0.4471891534391534
D16_s12_vol175,16,s12_like_s14_vol175,7,SOXX,5,105,2024-08-02,2024-12-31,30,0.0461545872289324,-0.0307796512737712,-0.04397121947566418,-0.6300913921228819,-0.13579284142414955,-0.07693423850270359,0.26666666666666666,0.16666666666666666,5.133333333333334,0.33904761904761904
D16_s12_vol175,16,s12_like_s14_vol175,8,SOXX,11,231,2024-01-29,2024-12-26,30,0.11728604186347558,-0.0030443095852180375,-0.08963805023960736,-0.1577822132358032,-0.28174935726011974,-0.12033035144869361,0.3,0.2,11.1,0.4365440115440115
D16_s12_vol175,16,s12_like_s14_vol175,9,QQQ,7,147,2025-12-22,2026-07-24,30,0.10761391047221691,0.09571942260898184,0.05511366815736973,0.21115681876811968,-0.16580792815993162,-0.011894487863235076,0.5666666666666667,0.3333333333333333,6.433333333333334,0.48968253968253966
D16_s12_vol175,16,s12_like_s14_vol175,10,SOXX,11,231,2025-04-30,2026-03-31,30,0.7991727370086741,0.3631861960872999,0.2816083155475584,0.8929374267110148,-0.2206814360397793,-0.4359865409213742,0.8,0.13333333333333333,9.666666666666666,0.5493867243867243
D16_s12_vol175,16,s12_like_s14_vol175,11,SOXX,7,147,2023-12-07,2024-07-10,30,0.5448433677075268,0.22949781748794065,0.20817364950809036,1.1963998026751776,-0.15515196049754543,-0.3153455502195862,0.8,0.1,5.833333333333333,0.5369614512471655
D16_s12_vol175,16,s12_like_s14_vol175,12,QQQ,11,231,2024-03-27,2025-02-27,30,0.12982124242441295,0.13141131793937952,0.07114423271120429,0.4325283546007166,-0.16568884821420407,0.0015900755149665657,0.5333333333333333,0.4,9.833333333333334,0.5262626262626262
D16_s12_vol175,16,s12_like_s14_vol175,13,QQQ,10,210,2024-09-30,2025-08-01,30,0.1396408202388819,0.032236768495271656,-0.007453985670664298,0.09927848254206302,-0.19025629150306866,-0.10740405174361026,0.43333333333333335,0.23333333333333334,9.566666666666666,0.4903571428571428
D16_s12_vol175,16,s12_like_s14_vol175,14,QQQ,9,189,2025-02-11,2025-11-10,30,0.1848421423831519,0.041818683898034004,0.022261449684388035,0.10884633010791168,-0.18285667248182533,-0.14302345848511788,0.5333333333333333,0.23333333333333334,7.666666666666667,0.4834656084656085
D16_s12_vol175,16,s12_like_s14_vol175,15,SOXX,2,42,2023-11-10,2024-01-11,29,0.13378672181991424,0.08573680011276216,0.06189993405186045,1.9730956768497667,-0.065590554997994,-0.04804992170715208,0.896551724137931,0.2413793103448276,1.1724137931034482,0.5687602627257801
D16_s12_vol175,16,s12_like_s14_vol175,16,QQQ,8,168,2025-04-17,2025-12-16,30,0.3806506610687259,0.10642215029548797,-0.01842592757172723,0.16009076520113535,-0.12944151240909973,-0.27422851077323795,0.43333333333333335,0.16666666666666666,5.166666666666667,0.41026785714285713
D16_s12_vol175,16,s12_like_s14_vol175,17,QQQ,3,63,2023-10-12,2024-01-11,29,0.10935424408522043,0.07016636226301401,0.03921782662386164,1.2939873005277918,-0.0712723518625779,-0.03918788182220642,0.7931034482758621,0.27586206896551724,2.3448275862068964,0.5585659551176793
D16_s12_vol175,16,s12_like_s14_vol175,18,SOXX,7,147,2025-06-02,2025-12-30,29,0.4742072430583639,0.20093216980044842,0.11233344950027924,0.9114562920367288,-0.195310255308017,-0.2732750732579155,0.7241379310344828,0.10344827586206896,6.931034482758621,0.6127140511376964
D16_s12_vol175,16,s12_like_s14_vol175,19,QQQ,2,42,2026-01-20,2026-03-19,30,-0.024734412068352585,-0.009719354347850187,-0.004111763778044231,-0.25732449802566826,-0.0856290094585774,0.015015057720502397,0.36666666666666664,0.6,2.7333333333333334,0.4753968253968254
D16_s12_vol175,16,s12_like_s14_vol175,20,QQQ,2,42,2025-12-30,2026-03-02,30,-0.01830706738570409,0.03149012606682879,-0.006985175086648032,0.2859919654041485,-0.07941572115266056,0.04979719345253288,0.43333333333333335,0.5666666666666667,2.5,0.5617063492063493
D16_s12_vol175,16,s12_like_s14_vol175,21,QQQ,8,168,2024-02-14,2024-10-14,30,0.15334174114524046,0.02155166078598832,0.016561251052406578,0.15551231883098474,-0.1572729234996681,-0.13179008035925213,0.6,0.2,6.766666666666667,0.4998511904761905
D16_s12_vol175,16,s12_like_s14_vol175,22,QQQ,4,84,2025-10-15,2026-02-13,30,0.0007896560047677692,0.04744624759253167,0.020389927540222175,0.30619537158567134,-0.09767154752550124,0.046656591587763904,0.6,0.6,4.1,0.5097222222222223
D16_s12_vol175,16,s12_like_s14_vol175,23,QQQ,3,63,2026-01-08,2026-04-09,30,-0.0153279984002892,0.006407289099954457,-0.00021152335017132762,-0.6519946405428511,-0.11470858806812514,0.021735287500243658,0.43333333333333335,0.5666666666666667,3.533333333333333,0.446957671957672
D16_s12_vol175,16,s12_like_s14_vol175,24,SOXX,5,105,2026-02-10,2026-07-13,30,0.5770255442312711,0.3104880072528997,0.09833869968176845,1.1310637019543932,-0.1601249199099693,-0.26653753697837135,0.6666666666666666,0.3,5.7,0.4446825396825396
D16_s12_vol175,16,s12_like_s14_vol175,25,QQQ,5,105,2026-01-14,2026-06-15,30,0.20238584863226716,0.11524611484327062,0.004159555675725457,0.3137661320851083,-0.136732770593066,-0.08713973378899655,0.5666666666666667,0.2,5.166666666666667,0.42547619047619045
D16_s12_vol175,16,s12_like_s14_vol175,26,QQQ,12,252,2025-01-16,2026-01-16,30,0.2169851270630765,0.12203940783619142,0.04730434604610534,0.27706940946797176,-0.18303137129865496,-0.09494571922688506,0.5666666666666667,0.26666666666666666,9.933333333333334,0.5041666666666667
D16_s12_vol175,16,s12_like_s14_vol175,27,SOXX,4,84,2026-03-20,2026-07-21,30,0.6629647609934404,0.3459504034224485,0.18420993255608253,2.101787293914829,-0.12912130657427948,-0.3170143575709919,0.9,0.16666666666666666,4.233333333333333,0.4155753968253968
D16_s12_vol175,16,s12_like_s14_vol175,28,SOXX,10,210,2023-09-12,2024-07-12,30,0.6054235196262121,0.24794457966434408,0.18374447284997686,1.0331551311415337,-0.15968452369541034,-0.357478939961868,0.8333333333333334,0.06666666666666667,8.233333333333333,0.5178174603174603
D16_s12_vol175,16,s12_like_s14_vol175,29,QQQ,10,210,2023-11-02,2024-09-04,29,0.27426335783759614,0.1361048032448293,0.10895680415275244,0.7763073117242396,-0.15826067631970006,-0.13815855459276685,0.7586206896551724,0.20689655172413793,7.241379310344827,0.5444581280788177
D16_s12_vol175,16,s12_like_s14_vol175,30,SOXX,11,231,2025-02-26,2026-01-27,30,0.6222676159829015,0.3027052160733141,0.12865706608517236,0.7963640723765514,-0.21252800786407763,-0.3195623999095874,0.7,0.16666666666666666,9.633333333333333,0.4868686868686869
D16_s12_vol175,16,s12_like_s14_vol175,31,SOXX,4,84,2024-11-26,2025-03-31,30,-0.12412361759187396,-0.05298491862234087,-0.06019370804134627,-0.9185720541869404,-0.15985711584630627,0.07113869896953309,0.3,0.6666666666666666,4.8,0.3505952380952381
D16_s12_vol175,16,s12_like_s14_vol175,32,SOXX,3,63,2024-07-29,2024-10-24,29,-0.004528634488460304,-0.05260212056085722,-0.0419580028689005,-1.3789772213424878,-0.10324058905157116,-0.04807348607239691,0.13793103448275862,0.1724137931034483,3.6551724137931036,0.2727148330596606
D16_s12_vol175,16,s12_like_s14_vol175,33,SOXX,7,147,2025-09-16,2026-04-16,29,0.5731892331920965,0.4261726626213526,0.3514404012651007,1.365684898634639,-0.199562175196394,-0.14701657057074385,0.8620689655172413,0.2413793103448276,7.827586206896552,0.5774689186019235
D16_s12_vol175,16,s12_like_s14_vol175,34,QQQ,4,84,2024-05-31,2024-09-30,30,0.08613665447903895,0.013855828898037947,0.008448383783980717,0.3576060598507869,-0.128796964152079,-0.072280825581001,0.5666666666666667,0.26666666666666666,3.8666666666666667,0.5198412698412699
D16_s12_vol175,16,s12_like_s14_vol175,35,QQQ,9,189,2025-02-11,2025-11-10,30,0.1848421423831519,0.041314777711222064,0.008969856259765263,0.05355883771605825,-0.17093331252168537,-0.14352736467192984,0.5,0.16666666666666666,7.233333333333333,0.47663139329806
D16_s12_vol175,16,s12_like_s14_vol175,36,QQQ,3,63,2025-01-14,2025-04-14,30,-0.0928917402537448,-0.06283465311739267,-0.0563735553089274,-0.8898090503136292,-0.15639370136790104,0.030057087136352134,0.2,0.6666666666666666,4.666666666666667,0.4453703703703704
D16_s12_vol175,16,s12_like_s14_vol175,37,SOXX,10,210,2024-08-26,2025-06-27,30,0.057670134077346225,-0.03018942794211345,-0.09308821184937377,-0.24444517935098267,-0.2252408191050653,-0.08785956201945967,0.3,0.26666666666666666,8.533333333333333,0.35571428571428587
D16_s12_vol175,16,s12_like_s14_vol175,38,SOXX,12,252,2024-07-02,2025-07-03,30,-0.01969168950723721,-0.11793292265167968,-0.20660780311460542,-0.4860386809674015,-0.3185027146812583,-0.09824123314444247,0.2,0.2,12.0,0.3606150793650793
D16_s12_vol175,16,s12_like_s14_vol175,39,QQQ,5,105,2024-09-23,2025-02-24,30,0.07798180695234325,0.07490427102539311,0.010511160088484073,0.551073267715395,-0.13185547061943775,-0.003077535926950134,0.5333333333333333,0.3,4.4,0.567063492063492
D16_s12_vol175,16,s12_like_s14_vol175,40,QQQ,12,252,2025-05-13,2026-05-13,30,0.3929082039357876,0.2434979815949518,0.05044106294915607,0.21769197904674814,-0.19216881162789443,-0.1494102223408358,0.5666666666666667,0.2,8.933333333333334,0.44150132275132264
D16_s12_vol175,16,s12_like_s14_vol175,41,SOXX,5,105,2024-12-18,2025-05-21,29,-0.03550519039857425,-0.1041923417555696,-0.11223602406813815,-0.9774195555128944,-0.20860388481173378,-0.06868715135699535,0.1724137931034483,0.2413793103448276,5.896551724137931,0.3313628899835796
D16_s12_vol175,16,s12_like_s14_vol175,42,QQQ,1,21,2026-06-01,2026-06-30,30,-0.007446386853765863,-0.016305227656758053,-0.011706013189628772,-1.4454659112900168,-0.052881157623768646,-0.00885884080299219,0.3,0.4666666666666667,1.8666666666666667,0.3876984126984127
D16_s12_vol175,16,s12_like_s14_vol175,43,SOXX,5,105,2025-04-30,2025-09-29,30,0.4691356693755999,0.16947555659168104,0.13264838392677114,1.2668203870402777,-0.12916727067096512,-0.2996601127839189,0.8666666666666667,0.03333333333333333,3.6,0.5242857142857144
D16_s12_vol175,16,s12_like_s14_vol175,44,SOXX,5,105,2024-07-24,2024-12-19,29,-0.07336128139760856,-0.027575898828320268,-0.06399153357607013,-0.8001269777733306,-0.15947349294261928,0.04578538256928829,0.27586206896551724,0.5517241379310345,6.586206896551724,0.39958949096880125
D16_s12_vol175,16,s12_like_s14_vol175,45,SOXX,12,252,2024-03-06,2025-03-07,30,-0.10757477953627947,-0.10442493124076734,-0.1298011265307384,-0.4004669157061717,-0.2943795677274189,0.0031498482955121393,0.2,0.43333333333333335,13.533333333333333,0.45224867724867723
D16_s12_vol175,16,s12_like_s14_vol175,46,SOXX,11,231,2024-02-13,2025-01-14,30,0.07418664137386521,-0.002211140381465082,-0.0651082578290707,-0.11589397333887168,-0.2846237432787041,-0.0763977817553303,0.36666666666666664,0.2,10.733333333333333,0.46320346320346323
D16_s12_vol175,16,s12_like_s14_vol175,47,QQQ,12,252,2025-06-12,2026-06-12,30,0.3582273667812763,0.2013786916102718,0.06827474437426628,0.33372536637632527,-0.2193763009679436,-0.1568486751710045,0.5666666666666667,0.26666666666666666,10.2,0.48039021164021156
D16_s12_vol175,16,s12_like_s14_vol175,48,QQQ,1,21,2025-07-02,2025-07-31,30,0.025798870778167116,0.004613064426885346,-0.0003788044321328954,-0.08299775163072767,-0.045334547796019926,-0.02118580635128177,0.43333333333333335,0.26666666666666666,1.1666666666666667,0.5333333333333333
D16_s12_vol175,16,s12_like_s14_vol175,49,QQQ,6,126,2024-03-22,2024-09-20,30,0.08250113027758665,0.013192912343831908,0.008805852990855678,0.09404557159691172,-0.15246554198034795,-0.06930821793375475,0.5666666666666667,0.3,5.8,0.5499338624338624
D16_s12_vol175,16,s12_like_s14_vol175,50,QQQ,11,231,2025-04-16,2026-03-18,30,0.3441101199491847,0.17398086524630008,-0.001696125504195678,0.3198996838056292,-0.15518294547000813,-0.17012925470288465,0.5,0.16666666666666666,7.633333333333334,0.46002886002886
D16_s12_vol175,16,s12_like_s14_vol175,51,SOXX,12,252,2025-05-09,2026-05-11,30,1.7645869991549006,0.8653571830554075,0.7182936647516273,1.4044802845166522,-0.2237582880115222,-0.899229816099493,0.8666666666666667,0.13333333333333333,10.066666666666666,0.5653769841269842
D16_s12_vol175,16,s12_like_s14_vol175,52,QQQ,6,126,2024-07-26,2025-01-27,30,0.11403086919643934,0.02290348325199753,0.017985937408642183,0.24348555018814996,-0.1385453555063419,-0.09112738594444181,0.5666666666666667,0.23333333333333334,5.733333333333333,0.5103174603174604
D16_s12_vol175,16,s12_like_s14_vol175,53,SOXX,9,189,2025-02-25,2025-11-21,30,0.27137754060742036,0.07358452386546108,0.027686948770233033,0.1945363353901463,-0.19737537691436166,-0.1977930167419593,0.5666666666666667,0.13333333333333333,7.8,0.4567901234567902
D16_s12_vol175,16,s12_like_s14_vol175,54,QQQ,10,210,2025-06-10,2026-04-10,30,0.14941279936704488,0.0098974398038203,0.0067453520888564045,-0.031112869174529992,-0.17723850866902696,-0.13951535956322458,0.5333333333333333,0.2,7.466666666666667,0.46781746031746024
D16_s12_vol175,16,s12_like_s14_vol175,55,QQQ,9,189,2024-03-12,2024-12-09,30,0.18252323377671842,0.07083910794108016,0.03610187345026872,0.33920593478892186,-0.16374549587832757,-0.11168412583563826,0.5666666666666667,0.23333333333333334,7.9,0.5205467372134039
D16_s12_vol175,16,s12_like_s14_vol175,56,SOXX,1,21,2026-03-06,2026-04-06,30,0.06430085839175526,0.02926355361035096,0.02195340421810532,1.3273020593670994,-0.045622116015115254,-0.035037304781404294,0.6666666666666666,0.26666666666666666,2.3666666666666667,0.30119047619047623
D16_s12_vol175,16,s12_like_s14_vol175,57,QQQ,11,231,2024-12-30,2025-12-01,30,0.20149282165868643,0.03491068327428028,0.002642437160701061,-0.07981307927457103,-0.1799322131414465,-0.16658213838440616,0.5,0.16666666666666666,9.666666666666666,0.43856421356421355
D16_s12_vol175,16,s12_like_s14_vol175,58,QQQ,4,84,2025-05-06,2025-09-04,30,0.19622773691571815,0.05080442474219687,0.0,0.34863622183025694,-0.08240411978330789,-0.14542331217352128,0.4666666666666667,0.13333333333333333,2.7666666666666666,0.45416666666666666
D16_s12_vol175,16,s12_like_s14_vol175,59,SOXX,4,84,2026-02-25,2026-06-25,30,0.7007670678766698,0.3553324974262006,0.1751790597824151,1.7550045418119269,-0.1449910979622179,-0.34543457045046916,0.8666666666666667,0.23333333333333334,4.833333333333333,0.46815476190476196
D16_s12_vol175,16,s12_like_s14_vol175,60,SOXX,1,21,2024-12-26,2025-01-28,29,-0.04487084375145378,-0.036338209057760126,-0.025046311245089048,-1.5718437421563565,-0.08271997956846915,0.008532634693693655,0.13793103448275862,0.7586206896551724,1.8275862068965518,0.41666666666666663
D16_s12_vol175,16,s12_like_s14_vol175,61,SOXX,3,63,2024-01-26,2024-04-25,29,0.06710127075469541,0.01742768488792906,-0.028462296325610592,-0.45359278510313905,-0.10060566094356041,-0.049673585866766345,0.27586206896551724,0.20689655172413793,3.413793103448276,0.44950738916256155
D16_s12_vol175,16,s12_like_s14_vol175,62,SOXX,3,63,2025-06-20,2025-09-18,29,0.19111858758403377,0.12215531655248549,0.1129971523159341,1.486543147074527,-0.12465777052280042,-0.06896327103154828,0.7586206896551724,0.3103448275862069,2.896551724137931,0.6228790366721401
D16_s12_vol175,16,s12_like_s14_vol175,63,QQQ,3,63,2025-10-01,2025-12-30,30,0.0281443024583361,-0.01682901982172834,-0.016877791225359928,-0.2641729199705976,-0.0953124174073694,-0.04497332228006444,0.26666666666666666,0.16666666666666666,3.033333333333333,0.46970899470899474
D16_s12_vol175,16,s12_like_s14_vol175,64,QQQ,2,42,2024-06-12,2024-08-12,30,-0.0465096827642848,-0.02780605091602139,-0.030339986369718963,-0.8749358994101051,-0.08424142205881263,0.01870363184826341,0.3,0.6666666666666666,2.433333333333333,0.44742063492063494
D16_s12_vol175,16,s12_like_s14_vol175,65,SOXX,7,147,2024-03-27,2024-10-24,29,0.010917641305967063,-0.029829706798105305,-0.05858914280891159,-0.2626228405152733,-0.21307488062870847,-0.040747348104072365,0.3793103448275862,0.3103448275862069,7.655172413793103,0.4448745015247479
D16_s12_vol175,16,s12_like_s14_vol175,66,QQQ,7,147,2024-06-18,2025-01-17,30,0.08024880165552029,0.021859900976085096,0.018897288968406145,0.19117913771628575,-0.1300722404327522,-0.05838890067943519,0.5666666666666667,0.36666666666666664,5.566666666666666,0.5035714285714286
D16_s12_vol175,16,s12_like_s14_vol175,67,SOXX,6,126,2025-02-27,2025-08-27,30,0.2288069130259598,0.09125010777646539,0.06728654748559793,0.6279131669877216,-0.1520496701394373,-0.1375568052494944,0.6666666666666666,0.23333333333333334,5.4,0.4464947089947089
D16_s12_vol175,16,s12_like_s14_vol175,68,SOXX,2,42,2026-01-27,2026-03-26,30,-0.06274182234420844,-0.018658327333634046,-0.025865102904824522,-0.5224400343004184,-0.14006127692632203,0.044083495010574396,0.4666666666666667,0.7,3.5,0.5132936507936509
D16_s12_vol175,16,s12_like_s14_vol175,69,SOXX,8,168,2025-08-27,2026-04-28,30,0.752796897064234,0.4342807879767326,0.32095893724497127,1.1533134270815923,-0.22268662647379395,-0.31851610908750144,0.7666666666666667,0.23333333333333334,8.4,0.5838789682539682
D16_s12_vol175,16,s12_like_s14_vol175,70,SOXX,5,105,2024-09-20,2025-02-21,29,0.005406814450626518,-0.011486863535254268,-0.024259622749833842,-0.29176275224308285,-0.14272655019755273,-0.016893677985880786,0.27586206896551724,0.20689655172413793,4.9655172413793105,0.41009852216748766
D16_s12_vol175,16,s12_like_s14_vol175,71,SOXX,4,84,2025-09-17,2026-01-15,29,0.30628589985012833,0.2218749270195553,0.0882794430142857,1.2000199655698316,-0.17295017164365392,-0.08441097283057303,0.6896551724137931,0.3103448275862069,4.517241379310345,0.6452175697865352
D16_s12_vol175,16,s12_like_s14_vol175,72,QQQ,4,84,2025-06-23,2025-10-20,30,0.15160143793785608,0.061675243662382945,0.01847730459030472,0.3808761375240871,-0.09315796143006129,-0.08992619427547313,0.5,0.23333333333333334,2.9,0.491468253968254
D16_s12_vol175,16,s12_like_s14_vol175,73,SOXX,10,210,2023-11-28,2024-09-27,30,0.3732977081618618,0.0722633627930948,0.033452368856489945,0.25244519157044076,-0.23105983905177732,-0.301034345368767,0.6,0.1,9.233333333333333,0.49246031746031754
D16_s12_vol175,16,s12_like_s14_vol175,74,QQQ,9,189,2025-04-09,2026-01-08,30,0.33624069066151074,0.12590548633367665,0.07724642210451815,0.6705585934369442,-0.14808138738830257,-0.2103352043278341,0.6666666666666666,0.16666666666666666,5.4,0.44982363315696644
D16_s12_vol175,16,s12_like_s14_vol175,75,QQQ,12,252,2024-12-19,2025-12-22,30,0.21234986652906018,0.0807338051969892,-0.0020854449861542057,0.05320493856597745,-0.20460859195179162,-0.131616061332071,0.5,0.2,11.933333333333334,0.43869047619047613
D16_s12_vol175,16,s12_like_s14_vol175,76,SOXX,5,105,2024-05-10,2024-10-09,29,0.07166285164062502,-0.01219003123999616,-0.03357508209789317,-0.2730654910544267,-0.1848502317232536,-0.08385288288062119,0.3448275862068966,0.27586206896551724,5.206896551724138,0.4252052545155993
D16_s12_vol175,16,s12_like_s14_vol175,77,SOXX,8,168,2025-08-01,2026-04-01,30,0.43297225183525034,0.2635517390239183,0.15434325005029648,0.655105856858316,-0.22396455703876134,-0.16942051281133202,0.6333333333333333,0.23333333333333334,8.966666666666667,0.5797619047619047
D16_s12_vol175,16,s12_like_s14_vol175,78,QQQ,7,147,2025-11-12,2026-06-15,30,0.20096913413608264,0.045830593364160864,-0.003232504591564489,0.013546507615667698,-0.1665538827603359,-0.15513854077192177,0.4666666666666667,0.23333333333333334,7.466666666666667,0.48049886621315196
D16_s12_vol175,16,s12_like_s14_vol175,79,SOXX,9,189,2023-12-14,2024-09-16,30,0.167905259845331,-0.012383944884821921,-0.047240450188890115,-0.10632021256015979,-0.2329560132463427,-0.18028920473015292,0.26666666666666666,0.2,8.933333333333334,0.5274691358024692
D16_s12_vol175,16,s12_like_s14_vol175,80,QQQ,6,126,2024-01-19,2024-07-19,30,0.1316414541629214,0.08048840838454983,0.011780290927822623,0.30710496907793045,-0.1160538221453662,-0.051153045778371556,0.5333333333333333,0.3333333333333333,4.7,0.49424603174603177
D16_s12_vol175,16,s12_like_s14_vol175,81,QQQ,1,21,2024-11-13,2024-12-12,30,0.02781855470047412,0.024922691714965303,0.0,0.2840024357042085,-0.04130451537617262,-0.002895862985508816,0.4666666666666667,0.23333333333333334,1.2,0.5353174603174603
D16_s12_vol175,16,s12_like_s14_vol175,82,SOXX,10,210,2024-06-21,2025-04-23,30,-0.3034388425007686,-0.1849306445540904,-0.21851062818301364,-0.8184496177148485,-0.301106133037399,0.11850819794667819,0.13333333333333333,0.8,11.466666666666667,0.34488095238095245
D16_s12_vol175,16,s12_like_s14_vol175,83,QQQ,11,231,2024-05-24,2025-04-28,30,0.03788093693594541,0.10185998447459373,-0.01801041794677133,-0.02056072143033934,-0.19738167084766395,0.06397904753864832,0.4666666666666667,0.43333333333333335,10.3,0.4879148629148629
D16_s12_vol175,16,s12_like_s14_vol175,84,SOXX,4,84,2025-03-26,2025-07-25,29,0.2196761364203743,0.08308857247589312,0.04068010399854982,0.38228572789123416,-0.10802212567936922,-0.13658756394448118,0.6206896551724138,0.20689655172413793,2.7586206896551726,0.4254926108374384
D16_s12_vol175,16,s12_like_s14_vol175,85,SOXX,3,63,2024-01-12,2024-04-12,29,0.17490173722683933,0.06667590725195269,0.014844078256079252,0.5073109008926636,-0.1135569238441721,-0.10822582997488664,0.6896551724137931,0.20689655172413793,3.3448275862068964,0.5571975916803503
D16_s12_vol175,16,s12_like_s14_vol175,86,QQQ,4,84,2025-08-13,2025-12-10,30,0.08270584442079376,0.03657983506054923,-0.024062325311219712,-0.4657984730135105,-0.08849662836310407,-0.04612600936024453,0.3,0.16666666666666666,3.8,0.39553571428571416
D16_s12_vol175,16,s12_like_s14_vol175,87,QQQ,9,189,2025-08-12,2026-05-12,30,0.2238015104269533,0.14047375525435563,-0.026433004120054282,-0.0094840529397945,-0.16395135310467007,-0.08332775517259766,0.4666666666666667,0.2,8.266666666666667,0.44625220458553794
D16_s12_vol175,16,s12_like_s14_vol175,88,QQQ,3,63,2023-09-06,2023-12-04,30,0.0323937441740032,-0.0021206065176732993,-0.012494258557770255,-0.03922598510648254,-0.08536055847884602,-0.0345143506916765,0.4,0.16666666666666666,3.2333333333333334,0.48544973544973546
D16_s12_vol175,16,s12_like_s14_vol175,89,QQQ,6,126,2024-03-08,2024-09-06,30,0.02500440115388769,-0.021691834881318726,0.0017055212592502755,-0.04267560049754746,-0.143077597244227,-0.046696236035206416,0.5,0.26666666666666666,5.4,0.4571428571428572
D16_s12_vol175,16,s12_like_s14_vol175,90,SOXX,4,84,2024-02-09,2024-06-10,29,0.16166402534839164,0.052438410898908834,0.06384859545046306,0.6567502924808504,-0.11155244360161799,-0.10922561444948281,0.6551724137931034,0.13793103448275862,4.103448275862069,0.534688013136289
D16_s12_vol175,16,s12_like_s14_vol175,91,QQQ,6,126,2024-12-26,2025-06-30,30,0.04434132972322158,0.030743523153090112,-0.018833259053211426,0.13614051933577,-0.18457121122172998,-0.013597806570131467,0.4666666666666667,0.43333333333333335,6.733333333333333,0.44318783068783063
D16_s12_vol175,16,s12_like_s14_vol175,92,QQQ,2,42,2024-07-11,2024-09-09,30,-0.0761694342464847,-0.06274600295885445,-0.04915152998444372,-1.4042666067035112,-0.09965302749086295,0.013423431287630253,0.13333333333333333,0.7,3.0,0.3950396825396825
D16_s12_vol175,16,s12_like_s14_vol175,93,QQQ,8,168,2025-09-04,2026-05-05,30,0.18933459993954838,0.12062574785525831,0.012416253879345862,0.3316421767639806,-0.16623378892865795,-0.06870885208429006,0.5333333333333333,0.23333333333333334,7.466666666666667,0.4832837301587301
D16_s12_vol175,16,s12_like_s14_vol175,94,QQQ,11,231,2023-08-28,2024-07-29,29,0.27358869545907205,0.028868687204661785,0.004208764261871778,0.24636918426657942,-0.14263744261964212,-0.24472000825441026,0.5172413793103449,0.0,8.068965517241379,0.47294372294372294
D16_s12_vol175,16,s12_like_s14_vol175,95,SOXX,2,42,2024-10-18,2024-12-17,29,-0.02239739013513642,-0.017715630342303612,-0.02906654254729213,-0.7490101074890327,-0.1015677198141714,0.004681759792832807,0.3448275862068966,0.4482758620689655,2.9655172413793105,0.4154351395730706
D16_s12_vol175,16,s12_like_s14_vol175,96,QQQ,9,189,2024-06-04,2025-03-06,30,0.07941245707007138,-0.055314306144928396,-0.07666785466329734,-0.14163022492163663,-0.20672774275402736,-0.13472676321499977,0.3333333333333333,0.16666666666666666,8.833333333333334,0.4957671957671958
D16_s12_vol175,16,s12_like_s14_vol175,97,SOXX,5,105,2025-12-31,2026-06-02,30,1.0102699251297969,0.5629801284553723,0.4502814734303403,2.176942185485004,-0.16495194423015275,-0.4472897966744246,0.9,0.16666666666666666,5.0,0.5407142857142857
D16_s12_vol175,16,s12_like_s14_vol175,98,QQQ,4,84,2025-02-28,2025-06-30,30,0.08838217445442198,0.03167048215646935,0.004914874127923907,0.0527878458604386,-0.10780710258471361,-0.05671169229795263,0.5,0.23333333333333334,4.033333333333333,0.36636904761904765
D16_s12_vol175,16,s12_like_s14_vol175,99,SOXX,2,42,2026-05-13,2026-07-14,30,0.07552608567751218,0.023180143342209268,-0.010072986016628427,-0.022596767148675676,-0.11896985075995786,-0.05234594233530291,0.4666666666666667,0.26666666666666666,2.966666666666667,0.406547619047619
D17_rs3,17,rs_thr03,0,SOXX,4,84,2025-01-15,2025-05-15,29,-0.04268271797372991,-0.04846260730933391,-0.036259673648015966,-0.7512922759342151,-0.1321605248292745,-0.005779889335603999,0.13793103448275862,0.5517241379310345,4.275862068965517,0.194068144499179
D17_rs3,17,rs_thr03,1,SOXX,4,84,2025-11-26,2026-03-30,29,0.0653592129111733,0.14016125928272574,0.07897998006381401,0.7583171362215305,-0.12110748130951934,0.07480204637155244,0.7241379310344828,0.5172413793103449,4.689655172413793,0.45320197044334976
D17_rs3,17,rs_thr03,2,SOXX,12,252,2024-06-12,2025-06-13,30,-0.11229341109132818,-0.10301338074598745,-0.17851728901568986,-0.47233936650090985,-0.27504176563153376,0.009280030345340723,0.2,0.36666666666666664,13.666666666666666,0.3191798941798942
D17_rs3,17,rs_thr03,3,QQQ,1,21,2026-01-13,2026-02-11,30,-0.02096638715391519,0.002208307275391689,0.0,-0.5393164851346179,-0.060319689387250304,0.023174694429306877,0.36666666666666664,0.6333333333333333,1.9,0.448015873015873
D17_rs3,17,rs_thr03,4,QQQ,8,168,2025-02-28,2025-10-28,30,0.2501946769916814,0.07380763962995872,0.011101597773760963,0.21428210882786808,-0.1482397115024969,-0.17638703736172268,0.5333333333333333,0.23333333333333334,6.833333333333333,0.40615079365079354
D17_rs3,17,rs_thr03,5,SOXX,3,63,2025-03-10,2025-06-06,29,0.11931802402050695,0.008684340892597908,0.0,-0.03835321275818636,-0.0522696478517459,-0.11063368312790904,0.41379310344827586,0.06896551724137931,2.206896551724138,0.14463601532567047
D17_rs3,17,rs_thr03,6,SOXX,12,252,2024-10-18,2025-10-21,30,0.2792904450054976,0.11309228809904498,0.07144374190943015,0.282675885469004,-0.19569552144779834,-0.16619815690645262,0.5666666666666667,0.16666666666666666,11.866666666666667,0.38875661375661363
D17_rs3,17,rs_thr03,7,SOXX,5,105,2024-08-02,2024-12-31,30,0.0461545872289324,-0.0013728784380471796,-0.034438162848456355,-0.40699579110742595,-0.11516763643060646,-0.04752746566697958,0.36666666666666664,0.2,5.5,0.2691269841269841
D17_rs3,17,rs_thr03,8,SOXX,11,231,2024-01-29,2024-12-26,30,0.11728604186347558,0.00892193522666106,-0.060968820413983604,-0.028397339041454354,-0.24712510285609302,-0.10836410663681452,0.43333333333333335,0.16666666666666666,13.033333333333333,0.39300144300144296
D17_rs3,17,rs_thr03,9,QQQ,7,147,2025-12-22,2026-07-24,30,0.10761391047221691,0.08606273547103874,0.04868029439113419,0.23814682189078903,-0.1384218091621014,-0.021551175001178174,0.6,0.4,7.366666666666666,0.3840136054421769
D17_rs3,17,rs_thr03,10,SOXX,11,231,2025-04-30,2026-03-31,30,0.7991727370086741,0.3427004024327489,0.26404470863762486,1.0023103621691947,-0.18739699763511755,-0.4564723345759252,0.8666666666666667,0.1,10.566666666666666,0.4492063492063492
D17_rs3,17,rs_thr03,11,SOXX,7,147,2023-12-07,2024-07-10,30,0.5448433677075268,0.21401253553940963,0.16524023247442488,1.0173874018086149,-0.15973110340264973,-0.3308308321681172,0.7666666666666667,0.06666666666666667,7.733333333333333,0.5133786848072562
D17_rs3,17,rs_thr03,12,QQQ,11,231,2024-03-27,2025-02-27,30,0.12982124242441295,0.09889001834834815,0.04802484622067216,0.3945931705756321,-0.1643958110245875,-0.0309312240760648,0.5666666666666667,0.36666666666666664,10.866666666666667,0.46940836940836933
D17_rs3,17,rs_thr03,13,QQQ,10,210,2024-09-30,2025-08-01,30,0.1396408202388819,0.052235298327765634,0.033632395574864526,0.1852472395473552,-0.1678771223493355,-0.08740552191111628,0.5666666666666667,0.3,9.366666666666667,0.4153968253968254
D17_rs3,17,rs_thr03,14,QQQ,9,189,2025-02-11,2025-11-10,30,0.1848421423831519,0.04263252576864919,0.01643357451092503,0.12628326109094473,-0.1666880845149435,-0.1422096166145027,0.5,0.2,8.233333333333333,0.43306878306878305
D17_rs3,17,rs_thr03,15,SOXX,2,42,2023-11-10,2024-01-11,29,0.13378672181991424,0.08754242935954183,0.06019215582995985,1.768597856078978,-0.07904915077496545,-0.04624429246037241,0.8620689655172413,0.27586206896551724,1.6896551724137931,0.6802134646962232
D17_rs3,17,rs_thr03,16,QQQ,8,168,2025-04-17,2025-12-16,30,0.3806506610687259,0.07420225719458674,-0.026506270376205343,-0.008737181006742771,-0.1204851431562838,-0.3064484038741392,0.3333333333333333,0.16666666666666666,5.933333333333334,0.3533730158730159
D17_rs3,17,rs_thr03,17,QQQ,3,63,2023-10-12,2024-01-11,29,0.10935424408522043,0.04692557411110455,0.040553912438151984,0.8545653331612781,-0.07782296164557354,-0.062428669974115884,0.6896551724137931,0.27586206896551724,2.896551724137931,0.5233990147783251
D17_rs3,17,rs_thr03,18,SOXX,7,147,2025-06-02,2025-12-30,29,0.4742072430583639,0.14404862365236118,0.07809464526205878,0.749840942479954,-0.18284823369644482,-0.3301586194060028,0.6551724137931034,0.13793103448275862,7.931034482758621,0.5331339432324654
D17_rs3,17,rs_thr03,19,QQQ,2,42,2026-01-20,2026-03-19,30,-0.024734412068352585,0.007667944258225449,0.0,0.06428453164331874,-0.055870555879447656,0.032402356326578036,0.43333333333333335,0.8333333333333334,2.6,0.3549603174603175
D17_rs3,17,rs_thr03,20,QQQ,2,42,2025-12-30,2026-03-02,30,-0.01830706738570409,0.014948571039375943,-0.002034713059172577,0.24191148317623642,-0.06498265222105802,0.03325563842508003,0.4666666666666667,0.6,2.7,0.49007936507936506
D17_rs3,17,rs_thr03,21,QQQ,8,168,2024-02-14,2024-10-14,30,0.15334174114524046,0.01869630466719353,0.031075259244187192,0.16535367268685014,-0.1468346058203807,-0.13464543647804694,0.5333333333333333,0.16666666666666666,7.333333333333333,0.4396329365079365
D17_rs3,17,rs_thr03,22,QQQ,4,84,2025-10-15,2026-02-13,30,0.0007896560047677692,0.03886286219370357,0.027565271879356423,0.1582306565018405,-0.08775698570541589,0.0380732061889358,0.5333333333333333,0.5333333333333333,4.9,0.429265873015873
D17_rs3,17,rs_thr03,23,QQQ,3,63,2026-01-08,2026-04-09,30,-0.0153279984002892,-0.0021302065716998072,-0.004083472978215874,-0.4804464611421595,-0.08455556151906676,0.013197791828589392,0.43333333333333335,0.5666666666666667,4.2,0.31256613756613755
D17_rs3,17,rs_thr03,24,SOXX,5,105,2026-02-10,2026-07-13,30,0.5770255442312711,0.18850366019791404,0.10283405667745393,1.0936591613898412,-0.1091181990370122,-0.388521884033357,0.7333333333333333,0.13333333333333333,4.933333333333334,0.29571428571428565
D17_rs3,17,rs_thr03,25,QQQ,5,105,2026-01-14,2026-06-15,30,0.20238584863226716,0.09080304688293481,0.0524543964990547,0.5315272066887515,-0.09595350561659734,-0.11158280174933236,0.6,0.16666666666666666,5.633333333333334,0.30658730158730163
D17_rs3,17,rs_thr03,26,QQQ,12,252,2025-01-16,2026-01-16,30,0.2169851270630765,0.12439393706958658,0.03188827501002767,0.2406633586916757,-0.16425325365648993,-0.0925911899934899,0.5333333333333333,0.2,11.233333333333333,0.4088624338624339
D17_rs3,17,rs_thr03,27,SOXX,4,84,2026-03-20,2026-07-21,30,0.6629647609934404,0.16712079877742986,0.10760920716585465,1.716281142644488,-0.09799909997647474,-0.4958439622160105,0.8666666666666667,0.03333333333333333,3.9,0.28045634920634915
D17_rs3,17,rs_thr03,28,SOXX,10,210,2023-09-12,2024-07-12,30,0.6054235196262121,0.22827198989840677,0.19764691459543826,0.9056439702273781,-0.16384818479157495,-0.3771515297278053,0.8666666666666667,0.1,10.466666666666667,0.5073412698412698
D17_rs3,17,rs_thr03,29,QQQ,10,210,2023-11-02,2024-09-04,29,0.27426335783759614,0.07553643148188566,0.0916363444017867,0.4541924917635172,-0.16671597566027951,-0.1987269263557105,0.6206896551724138,0.13793103448275862,8.931034482758621,0.49692118226600984
D17_rs3,17,rs_thr03,30,SOXX,11,231,2025-02-26,2026-01-27,30,0.6222676159829015,0.24760561038702117,0.17720171470832702,0.79625092155295,-0.19648394775172298,-0.3746620055958803,0.7333333333333333,0.13333333333333333,10.466666666666667,0.41720779220779225
D17_rs3,17,rs_thr03,31,SOXX,4,84,2024-11-26,2025-03-31,30,-0.12412361759187396,-0.030892757573766794,-0.03720109835587426,-0.6651959222653404,-0.11846623808341192,0.09323086001810717,0.3,0.8,4.433333333333334,0.30248015873015877
D17_rs3,17,rs_thr03,32,SOXX,3,63,2024-07-29,2024-10-24,29,-0.004528634488460304,-0.02523070527689049,-0.030099848693795117,-1.067929748744765,-0.07731415396796729,-0.020702070788430185,0.20689655172413793,0.27586206896551724,3.8275862068965516,0.20963327859879582
D17_rs3,17,rs_thr03,33,SOXX,7,147,2025-09-16,2026-04-16,29,0.5731892331920965,0.32837247443058054,0.2539518685389395,1.4006520012787842,-0.16886446237199187,-0.24481675876151593,0.896551724137931,0.1724137931034483,8.172413793103448,0.4563687543983111
D17_rs3,17,rs_thr03,34,QQQ,4,84,2024-05-31,2024-09-30,30,0.08613665447903895,0.00870128323521521,0.013893544182254414,0.2556566461648051,-0.12341791661953362,-0.07743537124382374,0.5333333333333333,0.2,4.4,0.4824404761904762
D17_rs3,17,rs_thr03,35,QQQ,9,189,2025-02-11,2025-11-10,30,0.1848421423831519,0.07604173003945659,0.026201645888255354,0.23437872053311154,-0.13755649253065488,-0.1088004123436953,0.5666666666666667,0.23333333333333334,8.4,0.4378747795414462
D17_rs3,17,rs_thr03,36,QQQ,3,63,2025-01-14,2025-04-14,30,-0.0928917402537448,-0.030267484129781943,-0.03332288166449249,-0.5964539795814545,-0.12113186856861588,0.06262425612396286,0.23333333333333334,0.7666666666666667,4.566666666666666,0.36071428571428577
D17_rs3,17,rs_thr03,37,SOXX,10,210,2024-08-26,2025-06-27,30,0.057670134077346225,0.022018313944432145,-0.045390279895182406,-0.12310359670171363,-0.17107298889122033,-0.03565182013291408,0.36666666666666664,0.23333333333333334,9.466666666666667,0.2847222222222222
D17_rs3,17,rs_thr03,38,SOXX,12,252,2024-07-02,2025-07-03,30,-0.01969168950723721,-0.05180022133434014,-0.10452644236771985,-0.2713702639574588,-0.26326079118430035,-0.03210853182710293,0.3,0.36666666666666664,12.3,0.30419973544973544
D17_rs3,17,rs_thr03,39,QQQ,5,105,2024-09-23,2025-02-24,30,0.07798180695234325,0.07579157529960584,0.030583266546737597,0.6180289122341834,-0.11382828884430264,-0.0021902316527374066,0.6333333333333333,0.36666666666666664,5.366666666666666,0.4992063492063492
D17_rs3,17,rs_thr03,40,QQQ,12,252,2025-05-13,2026-05-13,30,0.3929082039357876,0.17146183699622,-0.011860305401197146,0.1759888490025906,-0.16926603114821853,-0.22144636693956762,0.4666666666666667,0.16666666666666666,10.366666666666667,0.39289021164021176
D17_rs3,17,rs_thr03,41,SOXX,5,105,2024-12-18,2025-05-21,29,-0.03550519039857425,-0.06237674571655561,-0.06740711928420795,-0.77124045433109,-0.157440171469658,-0.026871555317981362,0.1724137931034483,0.3448275862068966,5.758620689655173,0.26247947454844006
D17_rs3,17,rs_thr03,42,QQQ,1,21,2026-06-01,2026-06-30,30,-0.007446386853765863,-0.009160353355319516,-0.005607177728949975,-0.995487106004331,-0.037017656623795754,-0.0017139665015536536,0.26666666666666666,0.5,1.6,0.2813492063492064
D17_rs3,17,rs_thr03,43,SOXX,5,105,2025-04-30,2025-09-29,30,0.4691356693755999,0.16475676461430436,0.12934555152740812,1.2087586509090162,-0.12266412990842346,-0.3043789047612956,0.8333333333333334,0.03333333333333333,4.066666666666666,0.48936507936507934
D17_rs3,17,rs_thr03,44,SOXX,5,105,2024-07-24,2024-12-19,29,-0.07336128139760856,0.016509677616078723,-0.034720796255193864,-0.4030018879184441,-0.12518664343045882,0.08987095901368727,0.3448275862068966,0.6551724137931034,6.896551724137931,0.3214285714285714
D17_rs3,17,rs_thr03,45,SOXX,12,252,2024-03-06,2025-03-07,30,-0.10757477953627947,-0.08324285483413307,-0.09691212950638672,-0.27774530471683073,-0.2516628804486542,0.0243319247021464,0.3,0.5333333333333333,14.733333333333333,0.37523148148148155
D17_rs3,17,rs_thr03,46,SOXX,11,231,2024-02-13,2025-01-14,30,0.07418664137386521,0.05893475931255912,-0.006623038652810442,0.11847639914315798,-0.23648698946995791,-0.015251882061306093,0.5,0.4,13.2,0.39278499278499274
D17_rs3,17,rs_thr03,47,QQQ,12,252,2025-06-12,2026-06-12,30,0.3582273667812763,0.14645981852882156,0.044815015542496894,0.27528350300656185,-0.18977569448915332,-0.21176754825245475,0.6333333333333333,0.2,11.866666666666667,0.4249669312169313
D17_rs3,17,rs_thr03,48,QQQ,1,21,2025-07-02,2025-07-31,30,0.025798870778167116,0.010835551093638448,-0.0036123090964305105,-0.15776213864724392,-0.04422054869380075,-0.014963319684528667,0.4,0.3333333333333333,1.5,0.5404761904761906
D17_rs3,17,rs_thr03,49,QQQ,6,126,2024-03-22,2024-09-20,30,0.08250113027758665,0.012578492912019268,0.00034037258451236063,0.052234610896633546,-0.12975071708861177,-0.06992263736556739,0.5,0.26666666666666666,6.866666666666666,0.4657407407407408
D17_rs3,17,rs_thr03,50,QQQ,11,231,2025-04-16,2026-03-18,30,0.3441101199491847,0.15046308333377204,0.06498388233069485,0.4219937596535181,-0.13181241397456445,-0.1936470366154127,0.6666666666666666,0.13333333333333333,8.866666666666667,0.39339826839826847
D17_rs3,17,rs_thr03,51,SOXX,12,252,2025-05-09,2026-05-11,30,1.7645869991549006,0.5719764923844798,0.36810398203517547,1.2874498239109997,-0.20709516427744298,-1.192610506770421,0.8666666666666667,0.1,11.7,0.4661375661375662
D17_rs3,17,rs_thr03,52,QQQ,6,126,2024-07-26,2025-01-27,30,0.11403086919643934,0.010754800360971102,0.030661164814559827,0.1658480530720162,-0.12441316446748753,-0.10327606883546825,0.6,0.16666666666666666,6.1,0.43869047619047624
D17_rs3,17,rs_thr03,53,SOXX,9,189,2025-02-25,2025-11-21,30,0.27137754060742036,0.06146900624658292,0.021685207673740603,0.23308939093409234,-0.18018781531445338,-0.20990853436083745,0.6,0.2,8.666666666666666,0.37949735449735456
D17_rs3,17,rs_thr03,54,QQQ,10,210,2025-06-10,2026-04-10,30,0.14941279936704488,0.01001755829742813,0.0164787781798601,-0.03439628016385776,-0.16912590689714443,-0.13939524106961676,0.5333333333333333,0.13333333333333333,8.9,0.4340476190476191
D17_rs3,17,rs_thr03,55,QQQ,9,189,2024-03-12,2024-12-09,30,0.18252323377671842,0.07031970831488146,0.02752592612018767,0.3697996929536997,-0.1468757187739662,-0.11220352546183696,0.5666666666666667,0.23333333333333334,7.866666666666666,0.4495149911816578
D17_rs3,17,rs_thr03,56,SOXX,1,21,2026-03-06,2026-04-06,30,0.06430085839175526,0.010628844859151236,0.00677531893163863,0.6152821369775533,-0.04279613704451459,-0.05367201353260402,0.5666666666666667,0.06666666666666667,2.1333333333333333,0.2658730158730159
D17_rs3,17,rs_thr03,57,QQQ,11,231,2024-12-30,2025-12-01,30,0.20149282165868643,0.040521500342036186,-0.031067634466240945,-0.03922139856157574,-0.1675716323729938,-0.16097132131665023,0.43333333333333335,0.23333333333333334,10.566666666666666,0.386904761904762
D17_rs3,17,rs_thr03,58,QQQ,4,84,2025-05-06,2025-09-04,30,0.19622773691571815,0.04506335620230938,0.0,0.2580687956397391,-0.08604854930637953,-0.15116438071340876,0.4666666666666667,0.13333333333333333,3.033333333333333,0.42390873015873015
D17_rs3,17,rs_thr03,59,SOXX,4,84,2026-02-25,2026-06-25,30,0.7007670678766698,0.20508104903475433,0.12749884947804258,1.8908492394390553,-0.10092610464058102,-0.49568601884191543,0.9,0.1,4.7,0.3094246031746032
D17_rs3,17,rs_thr03,60,SOXX,1,21,2024-12-26,2025-01-28,29,-0.04487084375145378,-0.028747975494203458,-0.018452430213259263,-1.3335856314371803,-0.08069574791890147,0.016122868257250324,0.20689655172413793,0.7241379310344828,1.8275862068965518,0.4166666666666667
D17_rs3,17,rs_thr03,61,SOXX,3,63,2024-01-26,2024-04-25,29,0.06710127075469541,0.006915816482827686,-0.03014290678274789,-0.617226057765462,-0.09564761727530144,-0.06018545427186772,0.3448275862068966,0.2413793103448276,3.896551724137931,0.39244663382594414
D17_rs3,17,rs_thr03,62,SOXX,3,63,2025-06-20,2025-09-18,29,0.19111858758403377,0.1260439807743589,0.1102237740516192,1.5752813395017844,-0.11575401154914816,-0.06507460680967486,0.7586206896551724,0.3793103448275862,3.310344827586207,0.5882594417077176
D17_rs3,17,rs_thr03,63,QQQ,3,63,2025-10-01,2025-12-30,30,0.0281443024583361,-0.01561652933723278,-0.019587286871266096,-0.11936323088669801,-0.08246763843625465,-0.04376083179556888,0.36666666666666664,0.16666666666666666,3.2,0.401058201058201
D17_rs3,17,rs_thr03,64,QQQ,2,42,2024-06-12,2024-08-12,30,-0.0465096827642848,-0.025252350590578034,-0.03722889090263781,-0.9587931476808131,-0.08883108388587375,0.021257332173706765,0.23333333333333334,0.6333333333333333,3.066666666666667,0.45694444444444454
D17_rs3,17,rs_thr03,65,SOXX,7,147,2024-03-27,2024-10-24,29,0.010917641305967063,-0.024148381872912707,-0.03317924773470138,-0.22214813163408553,-0.19214419658485238,-0.035066023178879774,0.3793103448275862,0.3448275862068966,8.655172413793103,0.39444053483462355
D17_rs3,17,rs_thr03,66,QQQ,7,147,2024-06-18,2025-01-17,30,0.08024880165552029,0.010401097310164132,0.006582827458767926,0.06023004710942195,-0.12780206887798565,-0.06984770434535616,0.5333333333333333,0.26666666666666666,6.466666666666667,0.45929705215419503
D17_rs3,17,rs_thr03,67,SOXX,6,126,2025-02-27,2025-08-27,30,0.2288069130259598,0.0965451149997322,0.07870992155205059,0.6536583354054931,-0.13411021939453088,-0.1322617980262276,0.7,0.23333333333333334,5.466666666666667,0.4026455026455027
D17_rs3,17,rs_thr03,68,SOXX,2,42,2026-01-27,2026-03-26,30,-0.06274182234420844,-0.005069792410654765,-0.0159722297417052,-0.6570313126446681,-0.08594375045603847,0.05767202993355368,0.43333333333333335,0.8333333333333334,2.9,0.3513888888888889
D17_rs3,17,rs_thr03,69,SOXX,8,168,2025-08-27,2026-04-28,30,0.752796897064234,0.2735277241376943,0.24872253295235558,1.0904279160055843,-0.19034949396129042,-0.47926917292653975,0.8,0.06666666666666667,9.366666666666667,0.45292658730158725
D17_rs3,17,rs_thr03,70,SOXX,5,105,2024-09-20,2025-02-21,29,0.005406814450626518,0.0033710459469758996,-0.036717806760487526,-0.24593468681324696,-0.11627796327194356,-0.0020357685036506185,0.27586206896551724,0.27586206896551724,5.586206896551724,0.31978653530377665
D17_rs3,17,rs_thr03,71,SOXX,4,84,2025-09-17,2026-01-15,29,0.30628589985012833,0.14454165463810617,0.12081040554048772,1.1765247056967238,-0.1427162328145488,-0.16174424521202216,0.7241379310344828,0.20689655172413793,5.137931034482759,0.4860426929392446
D17_rs3,17,rs_thr03,72,QQQ,4,84,2025-06-23,2025-10-20,30,0.15160143793785608,0.06134157522128344,-0.014876388598646872,0.3199160999389887,-0.0905994583082206,-0.09025986271657263,0.4666666666666667,0.26666666666666666,3.3,0.4506944444444445
D17_rs3,17,rs_thr03,73,SOXX,10,210,2023-11-28,2024-09-27,30,0.3732977081618618,0.08067643487609785,0.0578003750218582,0.3048315337463368,-0.21309956610430805,-0.2926212732857639,0.6333333333333333,0.06666666666666667,10.733333333333333,0.4540873015873016
D17_rs3,17,rs_thr03,74,QQQ,9,189,2025-04-09,2026-01-08,30,0.33624069066151074,0.11582497813672582,0.05435512161948863,0.5641070228951286,-0.13912856271347523,-0.22041571252478492,0.6666666666666666,0.1,6.166666666666667,0.41402116402116396
D17_rs3,17,rs_thr03,75,QQQ,12,252,2024-12-19,2025-12-22,30,0.21234986652906018,0.0511248326268523,-0.06280870046811116,-0.07200873373776576,-0.19099309372060477,-0.16122503390220788,0.4,0.16666666666666666,11.733333333333333,0.3978835978835979
D17_rs3,17,rs_thr03,76,SOXX,5,105,2024-05-10,2024-10-09,29,0.07166285164062502,0.010881576053116133,-0.029351940970912316,-0.0185795076413324,-0.1558501352124603,-0.06078127558750889,0.41379310344827586,0.3448275862068966,5.172413793103448,0.36732348111658447
D17_rs3,17,rs_thr03,77,SOXX,8,168,2025-08-01,2026-04-01,30,0.43297225183525034,0.21779623813076052,0.23424995986329566,0.7587081533492537,-0.19225043058521715,-0.21517601370448983,0.7,0.23333333333333334,9.733333333333333,0.47127976190476184
D17_rs3,17,rs_thr03,78,QQQ,7,147,2025-11-12,2026-06-15,30,0.20096913413608264,0.027542550404096085,-0.011165164335451505,0.05128941292694193,-0.14222503228282518,-0.17342658373198655,0.4666666666666667,0.2,7.533333333333333,0.4011904761904762
D17_rs3,17,rs_thr03,79,SOXX,9,189,2023-12-14,2024-09-16,30,0.167905259845331,-0.01112333507925292,-0.043288022852024266,-0.1702986159574134,-0.21256789537617113,-0.17902859492458392,0.36666666666666664,0.13333333333333333,10.933333333333334,0.4768518518518519
D17_rs3,17,rs_thr03,80,QQQ,6,126,2024-01-19,2024-07-19,30,0.1316414541629214,0.05845350223342871,0.03611212658825058,0.2559018198932028,-0.11773262553117406,-0.07318795192949268,0.6,0.23333333333333334,5.933333333333334,0.4596560846560847
D17_rs3,17,rs_thr03,81,QQQ,1,21,2024-11-13,2024-12-12,30,0.02781855470047412,0.029120569257836335,0.0,0.5192245149351788,-0.030567661175565593,0.001302014557362216,0.4666666666666667,0.26666666666666666,1.2333333333333334,0.4365079365079365
D17_rs3,17,rs_thr03,82,SOXX,10,210,2024-06-21,2025-04-23,30,-0.3034388425007686,-0.13694810425696857,-0.1594809360114715,-0.7535396985309762,-0.2610642932420481,0.1664907382438,0.23333333333333334,0.8,12.066666666666666,0.29896825396825394
D17_rs3,17,rs_thr03,83,QQQ,11,231,2024-05-24,2025-04-28,30,0.03788093693594541,0.025505798609568628,-0.02097164965518955,-0.10213158678897286,-0.19441504644968569,-0.01237513832637678,0.4666666666666667,0.4,11.566666666666666,0.4255411255411256
D17_rs3,17,rs_thr03,84,SOXX,4,84,2025-03-26,2025-07-25,29,0.2196761364203743,0.07831045716708011,0.029062980909678515,0.4862620435286041,-0.0954546931915076,-0.14136567925329419,0.5862068965517241,0.1724137931034483,2.8620689655172415,0.38115763546798026
D17_rs3,17,rs_thr03,85,SOXX,3,63,2024-01-12,2024-04-12,29,0.17490173722683933,0.07451046563811742,0.03965876084393383,0.5936027223511054,-0.09337063286398374,-0.10039127158872191,0.6896551724137931,0.2413793103448276,3.6206896551724137,0.48002189381499727
D17_rs3,17,rs_thr03,86,QQQ,4,84,2025-08-13,2025-12-10,30,0.08270584442079376,0.0355717453906633,-0.015803048473294168,-0.32562830476355464,-0.07746528440811125,-0.04713409903013046,0.4,0.16666666666666666,3.7,0.3530753968253969
D17_rs3,17,rs_thr03,87,QQQ,9,189,2025-08-12,2026-05-12,30,0.2238015104269533,0.09475587593399805,-0.026710237211607035,-0.0069052880528263525,-0.14196339114368223,-0.12904563449295525,0.43333333333333335,0.23333333333333334,8.566666666666666,0.356657848324515
D17_rs3,17,rs_thr03,88,QQQ,3,63,2023-09-06,2023-12-04,30,0.0323937441740032,-0.010043130762648992,-0.01835454399106745,-0.26122855633754294,-0.08759781446402047,-0.04243687493665219,0.26666666666666666,0.2,3.7333333333333334,0.4862433862433863
D17_rs3,17,rs_thr03,89,QQQ,6,126,2024-03-08,2024-09-06,30,0.02500440115388769,-0.03178046385264822,-0.04945663567042863,-0.27380128703609985,-0.1441667287226452,-0.05678486500653591,0.36666666666666664,0.26666666666666666,6.366666666666666,0.41600529100529104
D17_rs3,17,rs_thr03,90,SOXX,4,84,2024-02-09,2024-06-10,29,0.16166402534839164,0.04577719716881588,0.02823346138538363,0.47974615556242173,-0.10714820918946084,-0.11588682817957577,0.6551724137931034,0.13793103448275862,5.068965517241379,0.46982758620689663
D17_rs3,17,rs_thr03,91,QQQ,6,126,2024-12-26,2025-06-30,30,0.04434132972322158,0.04412254040212793,-0.00010021820992917041,0.06314861636998967,-0.15716409558914124,-0.00021878932109364868,0.5,0.36666666666666664,7.133333333333334,0.3770502645502646
D17_rs3,17,rs_thr03,92,QQQ,2,42,2024-07-11,2024-09-09,30,-0.0761694342464847,-0.06315606262825187,-0.05185264788289928,-1.7660029258384868,-0.0962931979540336,0.013013371618232836,0.1,0.6666666666666666,3.2666666666666666,0.37341269841269836
D17_rs3,17,rs_thr03,93,QQQ,8,168,2025-09-04,2026-05-05,30,0.18933459993954838,0.10108238432293935,0.0012405231501543268,0.3173042043004497,-0.1451395607581786,-0.08825221561660902,0.5,0.2,7.933333333333334,0.41150793650793654
D17_rs3,17,rs_thr03,94,QQQ,11,231,2023-08-28,2024-07-29,29,0.27358869545907205,0.022883651199591185,0.005809687998873603,0.24015419767581775,-0.1457433946955165,-0.25070504425948087,0.5172413793103449,0.034482758620689655,9.413793103448276,0.4832437677265263
D17_rs3,17,rs_thr03,95,SOXX,2,42,2024-10-18,2024-12-17,29,-0.02239739013513642,0.0007193859683270599,-0.019449504014268704,-0.6049133493339534,-0.07534378562706003,0.02311677610346348,0.41379310344827586,0.5172413793103449,3.1379310344827585,0.30685550082101803
D17_rs3,17,rs_thr03,96,QQQ,9,189,2024-06-04,2025-03-06,30,0.07941245707007138,-0.028964195050346343,-0.027738497486342772,-0.07297584798292331,-0.18474965043563596,-0.10837665212041772,0.36666666666666664,0.13333333333333333,9.633333333333333,0.4128747795414462
D17_rs3,17,rs_thr03,97,SOXX,5,105,2025-12-31,2026-06-02,30,1.0102699251297969,0.3602837626366694,0.35800755928583083,2.1383085761002434,-0.11705842053789048,-0.6499861624931275,0.8666666666666667,0.03333333333333333,5.7,0.3854761904761904
D17_rs3,17,rs_thr03,98,QQQ,4,84,2025-02-28,2025-06-30,30,0.08838217445442198,0.037213085660797646,0.008585407998701111,0.24334600948012658,-0.08306541856303018,-0.051169088793624334,0.6333333333333333,0.2,3.6333333333333333,0.30486111111111114
D17_rs3,17,rs_thr03,99,SOXX,2,42,2026-05-13,2026-07-14,30,0.07552608567751218,0.0030169464325186784,-0.008523389117726266,-0.0815302484262873,-0.07490748152950721,-0.0725091392449935,0.43333333333333335,0.06666666666666667,1.9333333333333333,0.2617063492063492
D18_rs8,18,rs_thr08,0,SOXX,4,84,2025-01-15,2025-05-15,29,-0.04268271797372991,-0.06414456609181787,-0.06544766553615633,-0.9891229020989675,-0.1265591239954229,-0.02146184811808796,0.13793103448275862,0.4827586206896552,3.5517241379310347,0.16717980295566506
D18_rs8,18,rs_thr08,1,SOXX,4,84,2025-11-26,2026-03-30,29,0.0653592129111733,0.16333332782631602,0.10141801592639843,0.9503577061859176,-0.10306891495389764,0.09797411491514271,0.7586206896551724,0.5862068965517241,4.206896551724138,0.4160509031198686
D18_rs8,18,rs_thr08,2,SOXX,12,252,2024-06-12,2025-06-13,30,-0.11229341109132818,-0.10712323745306766,-0.1372128458387044,-0.5807377719697887,-0.23925469979872324,0.005170173638260514,0.23333333333333334,0.36666666666666664,11.1,0.2671626984126984
D18_rs8,18,rs_thr08,3,QQQ,1,21,2026-01-13,2026-02-11,30,-0.02096638715391519,0.001076236168079577,0.0,-0.40305461267215636,-0.05702111415829667,0.022042623321994765,0.36666666666666664,0.6666666666666666,1.8666666666666667,0.39841269841269844
D18_rs8,18,rs_thr08,4,QQQ,8,168,2025-02-28,2025-10-28,30,0.2501946769916814,0.06743877541054627,-0.00020478335530110803,0.13042179982720403,-0.1284861045134388,-0.18275590158113514,0.5,0.16666666666666666,5.6,0.3408234126984127
D18_rs8,18,rs_thr08,5,SOXX,3,63,2025-03-10,2025-06-06,29,0.11931802402050695,-0.003256731781202468,0.0,-0.19523184385947623,-0.04677758770609346,-0.12257475580170941,0.3793103448275862,0.034482758620689655,1.896551724137931,0.10987958401751506
D18_rs8,18,rs_thr08,6,SOXX,12,252,2024-10-18,2025-10-21,30,0.2792904450054976,0.06541333113484381,0.01709340057898956,0.12993171427528122,-0.1920362715809139,-0.21387711387065378,0.5,0.13333333333333333,9.4,0.32466931216931216
D18_rs8,18,rs_thr08,7,SOXX,5,105,2024-08-02,2024-12-31,30,0.0461545872289324,0.004049242521575262,-0.02550690567328051,-0.37370763405252194,-0.10328476375767118,-0.042105344707357134,0.43333333333333335,0.2,4.433333333333334,0.23373015873015876
D18_rs8,18,rs_thr08,8,SOXX,11,231,2024-01-29,2024-12-26,30,0.11728604186347558,0.019653282680266157,-0.019417267984231434,0.01428057491317,-0.2099669998783207,-0.09763275918320942,0.4666666666666667,0.23333333333333334,9.333333333333334,0.3098484848484848
D18_rs8,18,rs_thr08,9,QQQ,7,147,2025-12-22,2026-07-24,30,0.10761391047221691,0.0696298363417828,0.04060194963200148,0.18402712326436324,-0.12509866032412295,-0.037984074130434115,0.6,0.36666666666666664,6.066666666666666,0.3124716553287981
D18_rs8,18,rs_thr08,10,SOXX,11,231,2025-04-30,2026-03-31,30,0.7991727370086741,0.2916386164073793,0.2227962579306313,0.9320813920284993,-0.17219077129720287,-0.5075341206012948,0.8333333333333334,0.06666666666666667,8.533333333333333,0.3844155844155844
D18_rs8,18,rs_thr08,11,SOXX,7,147,2023-12-07,2024-07-10,30,0.5448433677075268,0.17208421805357796,0.1089212881933519,1.1679494184470869,-0.1178821400377181,-0.37275914965394885,0.7666666666666667,0.06666666666666667,4.766666666666667,0.38078231292517006
D18_rs8,18,rs_thr08,12,QQQ,11,231,2024-03-27,2025-02-27,30,0.12982124242441295,0.09453499518975435,0.04788214725202289,0.38455512916236184,-0.1443057341955514,-0.035286247234658605,0.6,0.36666666666666664,8.433333333333334,0.39065656565656565
D18_rs8,18,rs_thr08,13,QQQ,10,210,2024-09-30,2025-08-01,30,0.1396408202388819,0.05494626663277442,0.046386407140997954,0.11238587998815945,-0.1374160504363355,-0.0846945536061075,0.5666666666666667,0.2,7.533333333333333,0.3499999999999999
D18_rs8,18,rs_thr08,14,QQQ,9,189,2025-02-11,2025-11-10,30,0.1848421423831519,0.011918244607609818,-0.01308608346925344,-0.04272603686259611,-0.15232692220611338,-0.17292389777554207,0.4666666666666667,0.16666666666666666,6.566666666666666,0.3317019400352733
D18_rs8,18,rs_thr08,15,SOXX,2,42,2023-11-10,2024-01-11,29,0.13378672181991424,0.06546744773846028,0.03056349778482481,1.6973757040297441,-0.05289340985249818,-0.06831927408145397,0.7931034482758621,0.13793103448275862,1.2413793103448276,0.4589490968801314
D18_rs8,18,rs_thr08,16,QQQ,8,168,2025-04-17,2025-12-16,30,0.3806506610687259,0.07223588056207005,-0.006599995898912914,0.06449570124684854,-0.09928272602532484,-0.3084147805066559,0.43333333333333335,0.1,4.366666666666666,0.28690476190476194
D18_rs8,18,rs_thr08,17,QQQ,3,63,2023-10-12,2024-01-11,29,0.10935424408522043,0.04853371941427059,0.02525339114792491,1.0934568430921592,-0.053212303548155065,-0.06082052467094984,0.6896551724137931,0.20689655172413793,1.9310344827586208,0.3728790366721401
D18_rs8,18,rs_thr08,18,SOXX,7,147,2025-06-02,2025-12-30,29,0.4742072430583639,0.08420495942145086,0.051659944478008146,0.5948500280931167,-0.1604312737275284,-0.3900022836369131,0.6206896551724138,0.034482758620689655,6.103448275862069,0.41414496833216047
D18_rs8,18,rs_thr08,19,QQQ,2,42,2026-01-20,2026-03-19,30,-0.024734412068352585,0.0011388981639906758,0.0,-0.16751119296685496,-0.05423270266300988,0.02587331023234326,0.43333333333333335,0.7666666666666667,1.9333333333333333,0.2867063492063492
D18_rs8,18,rs_thr08,20,QQQ,2,42,2025-12-30,2026-03-02,30,-0.01830706738570409,0.008379880482630867,0.0,0.04349616973491229,-0.05904418161009426,0.026686947868334955,0.43333333333333335,0.6333333333333333,2.1,0.37619047619047613
D18_rs8,18,rs_thr08,21,QQQ,8,168,2024-02-14,2024-10-14,30,0.15334174114524046,0.028401942135023096,0.035178300285057196,0.3344714061657829,-0.1232652566632497,-0.12493979901021737,0.6,0.23333333333333334,5.2,0.3609126984126984
D18_rs8,18,rs_thr08,22,QQQ,4,84,2025-10-15,2026-02-13,30,0.0007896560047677692,0.03140672900650127,0.010305240484452916,0.1088840014463486,-0.07358128118299843,0.030617073001733504,0.5333333333333333,0.5333333333333333,3.8,0.37301587301587297
D18_rs8,18,rs_thr08,23,QQQ,3,63,2026-01-08,2026-04-09,30,-0.0153279984002892,-0.001534810538367933,0.0,-0.3838067977474353,-0.07162768034581773,0.013793187861921267,0.43333333333333335,0.6,3.066666666666667,0.2634920634920635
D18_rs8,18,rs_thr08,24,SOXX,5,105,2026-02-10,2026-07-13,30,0.5770255442312711,0.176866831758851,0.06661825561931156,0.9313950453690658,-0.10173100324738606,-0.4001587124724201,0.6666666666666666,0.13333333333333333,4.466666666666667,0.27206349206349206
D18_rs8,18,rs_thr08,25,QQQ,5,105,2026-01-14,2026-06-15,30,0.20238584863226716,0.08453910747896819,0.02985729873294185,0.5587455252937154,-0.08786347786385479,-0.11784674115329898,0.6333333333333333,0.13333333333333333,4.3,0.25896825396825396
D18_rs8,18,rs_thr08,26,QQQ,12,252,2025-01-16,2026-01-16,30,0.2169851270630765,0.10578671249295264,-0.018227972024370986,0.058943914447627616,-0.14564690823331464,-0.11119841457012385,0.43333333333333335,0.13333333333333333,8.3,0.32767857142857143
D18_rs8,18,rs_thr08,27,SOXX,4,84,2026-03-20,2026-07-21,30,0.6629647609934404,0.16857780327709782,0.12751954355306483,1.7645853668252645,-0.09300176550859891,-0.49438695771634256,0.8666666666666667,0.03333333333333333,3.6333333333333333,0.2740079365079365
D18_rs8,18,rs_thr08,28,SOXX,10,210,2023-09-12,2024-07-12,30,0.6054235196262121,0.20252240603937963,0.14750990047716317,1.023072378786931,-0.11667298818544003,-0.40290111358683245,0.8666666666666667,0.06666666666666667,6.566666666666666,0.3612301587301587
D18_rs8,18,rs_thr08,29,QQQ,10,210,2023-11-02,2024-09-04,29,0.27426335783759614,0.07507388127840872,0.05653543332906952,0.594513368105948,-0.13284090380447314,-0.19918947655918742,0.6206896551724138,0.13793103448275862,6.931034482758621,0.36921182266009844
D18_rs8,18,rs_thr08,30,SOXX,11,231,2025-02-26,2026-01-27,30,0.6222676159829015,0.19182633479460665,0.0908258665761188,0.6758820618476783,-0.1818043335283752,-0.43044128118829483,0.7666666666666667,0.13333333333333333,8.466666666666667,0.3530303030303031
D18_rs8,18,rs_thr08,31,SOXX,4,84,2024-11-26,2025-03-31,30,-0.12412361759187396,-0.04332648671827629,-0.04421042788531332,-0.9805325795664249,-0.11244432825606286,0.08079713087359766,0.23333333333333334,0.8666666666666667,3.7,0.26279761904761906
D18_rs8,18,rs_thr08,32,SOXX,3,63,2024-07-29,2024-10-24,29,-0.004528634488460304,-0.020629180497570905,-0.028447237681547555,-1.122473837791726,-0.06568182482692544,-0.0161005460091106,0.1724137931034483,0.20689655172413793,2.896551724137931,0.18253968253968253
D18_rs8,18,rs_thr08,33,SOXX,7,147,2025-09-16,2026-04-16,29,0.5731892331920965,0.3403851040214067,0.2539518685389388,1.5246373430956486,-0.14922647209296047,-0.23280412917068977,0.9310344827586207,0.13793103448275862,7.0344827586206895,0.41954022988505746
D18_rs8,18,rs_thr08,34,QQQ,4,84,2024-05-31,2024-09-30,30,0.08613665447903895,0.004476944664655369,0.0030221078777782906,0.2194347408159984,-0.10533394062803815,-0.08165970981438359,0.5,0.2,3.5,0.3984126984126984
D18_rs8,18,rs_thr08,35,QQQ,9,189,2025-02-11,2025-11-10,30,0.1848421423831519,0.046201710473496756,0.018962245723298854,-0.03552786583184465,-0.13697580446253405,-0.13864043190965514,0.5333333333333333,0.13333333333333333,6.733333333333333,0.36459435626102293
D18_rs8,18,rs_thr08,36,QQQ,3,63,2025-01-14,2025-04-14,30,-0.0928917402537448,-0.023842484008340027,-0.030386140806794748,-0.7797731076632609,-0.10241313629246696,0.06904925624540478,0.16666666666666666,0.9,3.7333333333333334,0.31203703703703706
D18_rs8,18,rs_thr08,37,SOXX,10,210,2024-08-26,2025-06-27,30,0.057670134077346225,0.0034651558998051576,-0.036322526041401015,-0.2477059526007691,-0.15856274629017836,-0.054204978177541066,0.3,0.2,7.066666666666666,0.24214285714285716
D18_rs8,18,rs_thr08,38,SOXX,12,252,2024-07-02,2025-07-03,30,-0.01969168950723721,-0.0702261835721524,-0.09293187460377561,-0.378072325455927,-0.23424152105332788,-0.0505344940649152,0.26666666666666666,0.3,9.733333333333333,0.2613756613756613
D18_rs8,18,rs_thr08,39,QQQ,5,105,2024-09-23,2025-02-24,30,0.07798180695234325,0.0787641350458451,0.021480883223952585,0.5887512936866448,-0.09023507394508086,0.0007823280935018578,0.7,0.4,3.933333333333333,0.4386507936507937
D18_rs8,18,rs_thr08,40,QQQ,12,252,2025-05-13,2026-05-13,30,0.3929082039357876,0.17219502964244596,0.011803893812051824,0.22131100772803727,-0.13663252245796886,-0.22071317429334167,0.5333333333333333,0.16666666666666666,7.533333333333333,0.30625
D18_rs8,18,rs_thr08,41,SOXX,5,105,2024-12-18,2025-05-21,29,-0.03550519039857425,-0.06833642548326767,-0.07181600277919309,-0.8355174633163626,-0.15145850269159158,-0.03283123508469342,0.20689655172413793,0.41379310344827586,5.103448275862069,0.23472906403940888
D18_rs8,18,rs_thr08,42,QQQ,1,21,2026-06-01,2026-06-30,30,-0.007446386853765863,-0.011193795984264242,-0.005960112428798514,-1.419391198944584,-0.0335046353228236,-0.0037474091304983796,0.23333333333333334,0.5,1.4,0.2373015873015873
D18_rs8,18,rs_thr08,43,SOXX,5,105,2025-04-30,2025-09-29,30,0.4691356693755999,0.11072844804603793,0.10298816941245847,1.040863541553423,-0.1052166999600391,-0.358407221329562,0.7333333333333333,0.03333333333333333,3.2333333333333334,0.3917460317460317
D18_rs8,18,rs_thr08,44,SOXX,5,105,2024-07-24,2024-12-19,29,-0.07336128139760856,0.014053546694808019,-0.03356595105882865,-0.48946989585439205,-0.10475864425291917,0.08741482809241657,0.3103448275862069,0.7586206896551724,5.551724137931035,0.2855500821018062
D18_rs8,18,rs_thr08,45,SOXX,12,252,2024-03-06,2025-03-07,30,-0.10757477953627947,-0.07773855358998844,-0.09521932266681371,-0.32812297911803606,-0.22259915195218588,0.02983622594629104,0.2,0.5333333333333333,10.833333333333334,0.30625
D18_rs8,18,rs_thr08,46,SOXX,11,231,2024-02-13,2025-01-14,30,0.07418664137386521,0.0562215421055685,0.0021251306060665054,0.12844968681254557,-0.1996215071141367,-0.017965099268296716,0.5,0.36666666666666664,9.3,0.3111832611832612
D18_rs8,18,rs_thr08,47,QQQ,12,252,2025-06-12,2026-06-12,30,0.3582273667812763,0.14290841786394387,0.03637617695979534,0.30017628181204487,-0.1736297314053269,-0.21531894891733244,0.6666666666666666,0.13333333333333333,9.533333333333333,0.3568783068783069
D18_rs8,18,rs_thr08,48,QQQ,1,21,2025-07-02,2025-07-31,30,0.025798870778167116,0.003028397640349482,-0.00037880443213311743,-0.07070229163381454,-0.03623764873088196,-0.02277047313781763,0.3333333333333333,0.23333333333333334,1.1,0.430952380952381
D18_rs8,18,rs_thr08,49,QQQ,6,126,2024-03-22,2024-09-20,30,0.08250113027758665,0.014364847616235292,-0.0005505088770984545,0.09716365024848404,-0.1112159971759413,-0.06813628266135136,0.5,0.3,5.166666666666667,0.38849206349206344
D18_rs8,18,rs_thr08,50,QQQ,11,231,2025-04-16,2026-03-18,30,0.3441101199491847,0.1432361649436591,0.04074125587621091,0.35955752332615337,-0.11108089539763231,-0.20087395500552563,0.6,0.13333333333333333,6.233333333333333,0.3117243867243867
D18_rs8,18,rs_thr08,51,SOXX,12,252,2025-05-09,2026-05-11,30,1.7645869991549006,0.5302154650082499,0.33829286567909767,1.231347859592462,-0.18192332196916125,-1.2343715341466508,0.8333333333333334,0.1,9.7,0.4134589947089947
D18_rs8,18,rs_thr08,52,QQQ,6,126,2024-07-26,2025-01-27,30,0.11403086919643934,0.01816513901043777,0.019927814966125723,0.2304449221939115,-0.10627730457337066,-0.09586573018600157,0.6333333333333333,0.13333333333333333,5.166666666666667,0.3905423280423281
D18_rs8,18,rs_thr08,53,SOXX,9,189,2025-02-25,2025-11-21,30,0.27137754060742036,0.03509009488119477,0.0035639652678832734,0.13750811017757938,-0.16798846218857236,-0.2362874457262256,0.5,0.1,7.133333333333334,0.317636684303351
D18_rs8,18,rs_thr08,54,QQQ,10,210,2025-06-10,2026-04-10,30,0.14941279936704488,0.0015208945246941163,-0.002714849561892163,-0.11149413072498375,-0.16192102095340602,-0.14789190484235076,0.5,0.13333333333333333,7.233333333333333,0.3760714285714286
D18_rs8,18,rs_thr08,55,QQQ,9,189,2024-03-12,2024-12-09,30,0.18252323377671842,0.06270198924004454,-0.0014069562847700001,0.33447844481301947,-0.1291819120548815,-0.11982124453667388,0.5,0.23333333333333334,5.766666666666667,0.38333333333333336
D18_rs8,18,rs_thr08,56,SOXX,1,21,2026-03-06,2026-04-06,30,0.06430085839175526,0.012181214875305161,0.007663800841425261,0.5357467692057624,-0.04103049081630815,-0.0521196435164501,0.6,0.06666666666666667,1.9,0.26825396825396824
D18_rs8,18,rs_thr08,57,QQQ,11,231,2024-12-30,2025-12-01,30,0.20149282165868643,0.03343949827234313,0.005164259577724206,-0.07250785130129882,-0.1423897321573042,-0.1680533233863433,0.5,0.1,8.066666666666666,0.3160894660894661
D18_rs8,18,rs_thr08,58,QQQ,4,84,2025-05-06,2025-09-04,30,0.19622773691571815,0.03747320706644927,0.0,0.2364927207484572,-0.05742690166124003,-0.15875452984926888,0.4666666666666667,0.13333333333333333,2.1333333333333333,0.3015873015873016
D18_rs8,18,rs_thr08,59,SOXX,4,84,2026-02-25,2026-06-25,30,0.7007670678766698,0.1900860638871781,0.1274988494780427,1.6884052519121364,-0.09375762535108235,-0.5106810039894917,0.7333333333333333,0.1,4.0,0.28869047619047616
D18_rs8,18,rs_thr08,60,SOXX,1,21,2024-12-26,2025-01-28,29,-0.04487084375145378,-0.04617869602071984,-0.02956380327823427,-1.9507476306753073,-0.07792996457570275,-0.001307852269266059,0.13793103448275862,0.6896551724137931,1.6896551724137931,0.3341543513957307
D18_rs8,18,rs_thr08,61,SOXX,3,63,2024-01-26,2024-04-25,29,0.06710127075469541,0.028827498125223075,0.0,-0.2505257016204575,-0.06821314208803125,-0.03827377262947233,0.4827586206896552,0.20689655172413793,2.6551724137931036,0.30610290093048714
D18_rs8,18,rs_thr08,62,SOXX,3,63,2025-06-20,2025-09-18,29,0.19111858758403377,0.0782159641891962,0.056358001088667065,1.3724782742994868,-0.10243159469505175,-0.11290262339483757,0.6896551724137931,0.13793103448275862,2.6206896551724137,0.4519704433497537
D18_rs8,18,rs_thr08,63,QQQ,3,63,2025-10-01,2025-12-30,30,0.0281443024583361,-0.009944702817420391,-0.00768433353904413,-0.03957555382855459,-0.07032680562548611,-0.038089005275756496,0.4,0.26666666666666666,2.6333333333333333,0.33611111111111114
D18_rs8,18,rs_thr08,64,QQQ,2,42,2024-06-12,2024-08-12,30,-0.0465096827642848,-0.019192778684460683,-0.024668931559874152,-0.8899123697714416,-0.06266144512768526,0.027316904079824116,0.26666666666666666,0.7,2.3666666666666667,0.30992063492063493
D18_rs8,18,rs_thr08,65,SOXX,7,147,2024-03-27,2024-10-24,29,0.010917641305967063,-0.024649419023468525,-0.0329795974380207,-0.2653533944221595,-0.1629874972900452,-0.03556706032943559,0.4482758620689655,0.3103448275862069,6.0344827586206895,0.31057940417546337
D18_rs8,18,rs_thr08,66,QQQ,7,147,2024-06-18,2025-01-17,30,0.08024880165552029,0.027439408833594876,0.006784871574262552,0.2641582547284204,-0.09732505773640857,-0.05280939282192541,0.5666666666666667,0.26666666666666666,4.666666666666667,0.37806122448979596
D18_rs8,18,rs_thr08,67,SOXX,6,126,2025-02-27,2025-08-27,30,0.2288069130259598,0.06614528220578882,0.01754311476908088,0.44392430855965614,-0.12339522437566464,-0.162661630820171,0.5333333333333333,0.16666666666666666,4.5,0.321957671957672
D18_rs8,18,rs_thr08,68,SOXX,2,42,2026-01-27,2026-03-26,30,-0.06274182234420844,0.00665344053065489,-0.011523418275752428,-0.45012389110289674,-0.07530992141972206,0.06939526287486333,0.4666666666666667,0.9,2.7,0.3313492063492064
D18_rs8,18,rs_thr08,69,SOXX,8,168,2025-08-27,2026-04-28,30,0.752796897064234,0.2712863767330227,0.24095278355395933,1.127407636130123,-0.16372368047340993,-0.48151052033121133,0.7666666666666667,0.06666666666666667,7.966666666666667,0.4053571428571428
D18_rs8,18,rs_thr08,70,SOXX,5,105,2024-09-20,2025-02-21,29,0.005406814450626518,-0.00878576917085254,-0.03752698075415961,-0.4693928723185243,-0.11292989140717745,-0.014192583621479057,0.3793103448275862,0.3103448275862069,4.620689655172414,0.274055829228243
D18_rs8,18,rs_thr08,71,SOXX,4,84,2025-09-17,2026-01-15,29,0.30628589985012833,0.12757783061095893,0.11272426757769027,1.091659730741708,-0.12858312687028745,-0.1787080692391694,0.6896551724137931,0.13793103448275862,4.310344827586207,0.43739737274220036
D18_rs8,18,rs_thr08,72,QQQ,4,84,2025-06-23,2025-10-20,30,0.15160143793785608,0.05561915375033118,0.004418810219336211,0.3160042599276108,-0.06696250586305715,-0.0959822841875249,0.5333333333333333,0.23333333333333334,2.1666666666666665,0.35049603174603183
D18_rs8,18,rs_thr08,73,SOXX,10,210,2023-11-28,2024-09-27,30,0.3732977081618618,0.07307563964188289,0.045454689759289346,0.33528360209093366,-0.17509284786796156,-0.3002220685199789,0.6666666666666666,0.06666666666666667,7.666666666666667,0.3528968253968253
D18_rs8,18,rs_thr08,74,QQQ,9,189,2025-04-09,2026-01-08,30,0.33624069066151074,0.08654347336721145,0.020146639132712196,0.28726406011407074,-0.1225228344397264,-0.24969721729429928,0.5333333333333333,0.1,4.466666666666667,0.3330687830687831
D18_rs8,18,rs_thr08,75,QQQ,12,252,2024-12-19,2025-12-22,30,0.21234986652906018,0.03867717642181428,-0.041901756567323034,-0.1645199681545283,-0.1620301511120345,-0.1736726901072459,0.3333333333333333,0.13333333333333333,8.9,0.3150462962962963
D18_rs8,18,rs_thr08,76,SOXX,5,105,2024-05-10,2024-10-09,29,0.07166285164062502,-2.4904223289283538e-05,-0.014217785998895338,-0.14182873125646434,-0.13503880906980165,-0.07168775586391431,0.3793103448275862,0.27586206896551724,4.172413793103448,0.3160919540229885
D18_rs8,18,rs_thr08,77,SOXX,8,168,2025-08-01,2026-04-01,30,0.43297225183525034,0.2097796710689778,0.17987886812515697,0.7699192943363273,-0.1699167103168202,-0.22319258076627255,0.7333333333333333,0.3,7.7,0.42604166666666676
D18_rs8,18,rs_thr08,78,QQQ,7,147,2025-11-12,2026-06-15,30,0.20096913413608264,0.04069763467771872,0.00394322994732238,0.08629147080090657,-0.11673762616294661,-0.16027149945836391,0.5,0.16666666666666666,5.5,0.31910430839002263
D18_rs8,18,rs_thr08,79,SOXX,9,189,2023-12-14,2024-09-16,30,0.167905259845331,0.01741366263212599,0.01095333929832476,-0.03964456421926064,-0.17085326512651908,-0.15049159721320501,0.5666666666666667,0.1,7.466666666666667,0.35859788359788364
D18_rs8,18,rs_thr08,80,QQQ,6,126,2024-01-19,2024-07-19,30,0.1316414541629214,0.06678505990850407,0.013130961912590444,0.4525069131259071,-0.07906398369156914,-0.06485639425441732,0.5666666666666667,0.23333333333333334,4.033333333333333,0.3232804232804233
D18_rs8,18,rs_thr08,81,QQQ,1,21,2024-11-13,2024-12-12,30,0.02781855470047412,0.03157132651387592,0.0004247505467948054,0.7402998721378552,-0.026011129554015033,0.0037527718134017993,0.5,0.23333333333333334,1.0666666666666667,0.3797619047619048
D18_rs8,18,rs_thr08,82,SOXX,10,210,2024-06-21,2025-04-23,30,-0.3034388425007686,-0.12252316347688351,-0.11476738419446392,-0.755561346236287,-0.2239341984730241,0.18091567902388506,0.2,0.8333333333333334,9.433333333333334,0.2524603174603175
D18_rs8,18,rs_thr08,83,QQQ,11,231,2024-05-24,2025-04-28,30,0.03788093693594541,0.01691449158911334,-0.024483534428393072,-0.20236380484878944,-0.16702166605733068,-0.020966445346832067,0.43333333333333335,0.4,8.966666666666667,0.3503968253968254
D18_rs8,18,rs_thr08,84,SOXX,4,84,2025-03-26,2025-07-25,29,0.2196761364203743,0.04938763770528009,0.026100170870246853,0.24460159680365534,-0.08783887676052146,-0.17028849871509422,0.6206896551724138,0.06896551724137931,2.5517241379310347,0.2868431855500821
D18_rs8,18,rs_thr08,85,SOXX,3,63,2024-01-12,2024-04-12,29,0.17490173722683933,0.08270376661364773,0.025669572570210297,0.7511145627092443,-0.07218290735588666,-0.0921979706131916,0.6896551724137931,0.2413793103448276,2.586206896551724,0.37712096332785994
D18_rs8,18,rs_thr08,86,QQQ,4,84,2025-08-13,2025-12-10,30,0.08270584442079376,0.04143187090749807,-0.009745533403423268,-0.2008735011300599,-0.06460782207110533,-0.04127397351329569,0.36666666666666664,0.2,2.966666666666667,0.3125992063492064
D18_rs8,18,rs_thr08,87,QQQ,9,189,2025-08-12,2026-05-12,30,0.2238015104269533,0.09384822366258527,-0.0045974635870076885,0.09873401489361265,-0.1192132999815729,-0.12995328676436801,0.4666666666666667,0.16666666666666666,6.3,0.30189594356261024
D18_rs8,18,rs_thr08,88,QQQ,3,63,2023-09-06,2023-12-04,30,0.0323937441740032,-0.003201420576982583,-0.016035056908342837,-0.08313952120500315,-0.07552453962160027,-0.035595164750985786,0.36666666666666664,0.13333333333333333,2.7,0.3896825396825397
D18_rs8,18,rs_thr08,89,QQQ,6,126,2024-03-08,2024-09-06,30,0.02500440115388769,-0.020712551339396843,-0.02073468399181938,-0.1452992449697987,-0.1231278179926524,-0.04571695249328453,0.43333333333333335,0.3,4.933333333333334,0.3478174603174603
D18_rs8,18,rs_thr08,90,SOXX,4,84,2024-02-09,2024-06-10,29,0.16166402534839164,0.059276204184105626,0.05354880434926734,0.9303834236262011,-0.06947114507723243,-0.10238782116428602,0.7931034482758621,0.10344827586206896,3.0689655172413794,0.3231732348111659
D18_rs8,18,rs_thr08,91,QQQ,6,126,2024-12-26,2025-06-30,30,0.04434132972322158,0.040657736683275617,-0.03457451814643636,-0.24446806627800052,-0.13515147124410096,-0.003683593039945962,0.4,0.3,5.733333333333333,0.32281746031746034
D18_rs8,18,rs_thr08,92,QQQ,2,42,2024-07-11,2024-09-09,30,-0.0761694342464847,-0.04361298223917364,-0.03684241500743285,-1.1771887814336068,-0.07612273371562492,0.03255645200731106,0.16666666666666666,0.8666666666666667,2.6,0.30357142857142855
D18_rs8,18,rs_thr08,93,QQQ,8,168,2025-09-04,2026-05-05,30,0.18933459993954838,0.09684148885874724,-0.0031553017305292475,0.25830848130497913,-0.13253266077408127,-0.09249311108080113,0.4666666666666667,0.2,6.066666666666666,0.34871031746031744
D18_rs8,18,rs_thr08,94,QQQ,11,231,2023-08-28,2024-07-29,29,0.27358869545907205,0.022463528729157963,0.03636456812242672,0.37704369812463945,-0.1046949908106914,-0.2511251667299141,0.5862068965517241,0.0,5.931034482758621,0.3329228243021347
D18_rs8,18,rs_thr08,95,SOXX,2,42,2024-10-18,2024-12-17,29,-0.02239739013513642,0.0050088965542314234,-0.013682629925784284,-0.55509631959691,-0.06587905762781046,0.027406286689367843,0.3793103448275862,0.5517241379310345,2.4482758620689653,0.25041050903119877
D18_rs8,18,rs_thr08,96,QQQ,9,189,2024-06-04,2025-03-06,30,0.07941245707007138,-0.025445544504548633,-0.026215615731719377,-0.09603756610235198,-0.1498709716813376,-0.10485800157462002,0.43333333333333335,0.16666666666666666,6.766666666666667,0.3249118165784833
D18_rs8,18,rs_thr08,97,SOXX,5,105,2025-12-31,2026-06-02,30,1.0102699251297969,0.33412549868537444,0.33376626816839716,2.0166937844488397,-0.11420655660362587,-0.6761444264444224,0.8333333333333334,0.03333333333333333,5.066666666666666,0.36666666666666664
D18_rs8,18,rs_thr08,98,QQQ,4,84,2025-02-28,2025-06-30,30,0.08838217445442198,0.024781937078414078,-0.01712600011225568,-0.1627643915155037,-0.0801652874598657,-0.0636002373760079,0.43333333333333335,0.23333333333333334,3.1333333333333333,0.2724206349206349
D18_rs8,18,rs_thr08,99,SOXX,2,42,2026-05-13,2026-07-14,30,0.07552608567751218,0.003459013138068782,-0.00852338911772621,-0.07574419360987564,-0.07126562600943281,-0.0720670725394434,0.43333333333333335,0.06666666666666667,1.8,0.24484126984126983
D19_fast_ma,19,ma5_20_dip10,0,SOXX,4,84,2025-01-15,2025-05-15,29,-0.04268271797372991,-0.05271463200898448,-0.03446727262437965,-0.8226046936593258,-0.12612517912494034,-0.010031914035254566,0.20689655172413793,0.5517241379310345,5.0344827586206895,0.1687192118226601
D19_fast_ma,19,ma5_20_dip10,1,SOXX,4,84,2025-11-26,2026-03-30,29,0.0653592129111733,0.09738759352640561,0.023991970064398238,0.4500023914658095,-0.11581735119360724,0.032028380615232305,0.5517241379310345,0.41379310344827586,6.0,0.37284482758620696
D19_fast_ma,19,ma5_20_dip10,2,SOXX,12,252,2024-06-12,2025-06-13,30,-0.11229341109132818,-0.1162745262194257,-0.17697894989488866,-0.6212292496143662,-0.24668477620353962,-0.003981115128097526,0.2,0.3,15.766666666666667,0.27294973544973544
D19_fast_ma,19,ma5_20_dip10,3,QQQ,1,21,2026-01-13,2026-02-11,30,-0.02096638715391519,0.012703255325910493,0.0,-0.1959805908126467,-0.042279423506417356,0.03366964247982568,0.36666666666666664,0.6666666666666666,2.0,0.3638888888888889
D19_fast_ma,19,ma5_20_dip10,4,QQQ,8,168,2025-02-28,2025-10-28,30,0.2501946769916814,0.06646299627090053,-0.008882231287634546,0.07188675163191688,-0.1264965750190371,-0.1837316807207809,0.4666666666666667,0.16666666666666666,7.333333333333333,0.31036706349206356
D19_fast_ma,19,ma5_20_dip10,5,SOXX,3,63,2025-03-10,2025-06-06,29,0.11931802402050695,0.002404465865546247,-0.005645406527032493,-0.1797079054667438,-0.05796254744485507,-0.11691355815496071,0.3793103448275862,0.06896551724137931,2.8275862068965516,0.1470990695128626
D19_fast_ma,19,ma5_20_dip10,6,SOXX,12,252,2024-10-18,2025-10-21,30,0.2792904450054976,0.05145996347963125,-0.0054688075712392425,0.15647402247426928,-0.17897059078054792,-0.22783048152586635,0.5,0.1,14.066666666666666,0.3129298941798942
D19_fast_ma,19,ma5_20_dip10,7,SOXX,5,105,2024-08-02,2024-12-31,30,0.0461545872289324,-0.04179664539432003,-0.038719305490544975,-0.6101120814412848,-0.12430897642646006,-0.08795123262325243,0.3,0.16666666666666666,6.4,0.24404761904761904
D19_fast_ma,19,ma5_20_dip10,8,SOXX,11,231,2024-01-29,2024-12-26,30,0.11728604186347558,0.02970998218314447,-0.08491115326669235,-0.032560605262769174,-0.21632116824311284,-0.08757605968033111,0.4,0.26666666666666666,13.333333333333334,0.31998556998557004
D19_fast_ma,19,ma5_20_dip10,9,QQQ,7,147,2025-12-22,2026-07-24,30,0.10761391047221691,0.05713222596254983,0.010178250187316384,0.07409454406471691,-0.11863796512952221,-0.05048168450966708,0.5,0.3,8.633333333333333,0.30447845804988666
D19_fast_ma,19,ma5_20_dip10,10,SOXX,11,231,2025-04-30,2026-03-31,30,0.7991727370086741,0.2560015762145167,0.15899561350988334,0.887968997892428,-0.1550632290820623,-0.5431711607941574,0.7666666666666667,0.06666666666666667,12.5,0.3567460317460318
D19_fast_ma,19,ma5_20_dip10,11,SOXX,7,147,2023-12-07,2024-07-10,30,0.5448433677075268,0.1898915251546484,0.09646035457106295,1.115916111370216,-0.11957065487959806,-0.3549518425528784,0.8,0.1,6.733333333333333,0.35612244897959183
D19_fast_ma,19,ma5_20_dip10,12,QQQ,11,231,2024-03-27,2025-02-27,30,0.12982124242441295,0.072324390466631,0.03317766366448005,0.4232585499205856,-0.13212027106369287,-0.05749685195778195,0.6,0.3333333333333333,11.533333333333333,0.3590909090909091
D19_fast_ma,19,ma5_20_dip10,13,QQQ,10,210,2024-09-30,2025-08-01,30,0.1396408202388819,0.029561350737261217,0.011502239659847313,0.09881075232891469,-0.14638640726869026,-0.1100794695016207,0.5666666666666667,0.2,10.166666666666666,0.3036904761904762
D19_fast_ma,19,ma5_20_dip10,14,QQQ,9,189,2025-02-11,2025-11-10,30,0.1848421423831519,0.014105064749633234,-0.004906605435231914,-0.09975389031865073,-0.15219299962156982,-0.17073707763351864,0.5,0.16666666666666666,9.066666666666666,0.3237654320987654
D19_fast_ma,19,ma5_20_dip10,15,SOXX,2,42,2023-11-10,2024-01-11,29,0.13378672181991424,0.05720682145971691,0.034816301465027566,1.4542010682356261,-0.059307903809657996,-0.07657990036019734,0.7586206896551724,0.1724137931034483,2.2758620689655173,0.41420361247947457
D19_fast_ma,19,ma5_20_dip10,16,QQQ,8,168,2025-04-17,2025-12-16,30,0.3806506610687259,0.05036311639433844,-0.006032492315412752,-0.038342615958805164,-0.10635868033862712,-0.3302875446743875,0.4666666666666667,0.03333333333333333,6.133333333333334,0.2694444444444445
D19_fast_ma,19,ma5_20_dip10,17,QQQ,3,63,2023-10-12,2024-01-11,29,0.10935424408522043,0.00997537046974501,0.0035939543024687826,0.15320627211271212,-0.07140135587133964,-0.09937887361547543,0.5517241379310345,0.1724137931034483,3.5517241379310347,0.36795292829775583
D19_fast_ma,19,ma5_20_dip10,18,SOXX,7,147,2025-06-02,2025-12-30,29,0.4742072430583639,0.13149668618311383,0.04061635623374249,0.8359910506049917,-0.1503114304089156,-0.3427105568752501,0.5517241379310345,0.10344827586206896,8.793103448275861,0.4186019235280318
D19_fast_ma,19,ma5_20_dip10,19,QQQ,2,42,2026-01-20,2026-03-19,30,-0.024734412068352585,0.009122645395858556,0.0,-0.12082310550934303,-0.043459545316181666,0.03385705746421114,0.4,0.7666666666666667,2.7666666666666666,0.26825396825396824
D19_fast_ma,19,ma5_20_dip10,20,QQQ,2,42,2025-12-30,2026-03-02,30,-0.01830706738570409,0.012922459750590172,0.0,-0.06566142594492577,-0.04939398882304286,0.03122952713629426,0.4666666666666667,0.5333333333333333,2.7,0.3456349206349207
D19_fast_ma,19,ma5_20_dip10,21,QQQ,8,168,2024-02-14,2024-10-14,30,0.15334174114524046,0.018798014718798984,0.015721958876099396,0.33678803078535985,-0.12248147137286167,-0.13454372642644147,0.5666666666666667,0.13333333333333333,8.133333333333333,0.33189484126984126
D19_fast_ma,19,ma5_20_dip10,22,QQQ,4,84,2025-10-15,2026-02-13,30,0.0007896560047677692,0.02356277771837424,-0.0030824027586309755,-0.05515497126100715,-0.07491419464525856,0.02277312171360647,0.5,0.5,4.9,0.33541666666666664
D19_fast_ma,19,ma5_20_dip10,23,QQQ,3,63,2026-01-08,2026-04-09,30,-0.0153279984002892,0.005545835842662091,0.0,-0.4010655979792816,-0.06685116623686699,0.020873834242951292,0.4666666666666667,0.6,4.133333333333334,0.2564814814814815
D19_fast_ma,19,ma5_20_dip10,24,SOXX,5,105,2026-02-10,2026-07-13,30,0.5770255442312711,0.19613176499079063,0.0861248258336138,1.1174312982254422,-0.0927726153531878,-0.3808937792404804,0.8333333333333334,0.13333333333333333,5.1,0.2654761904761905
D19_fast_ma,19,ma5_20_dip10,25,QQQ,5,105,2026-01-14,2026-06-15,30,0.20238584863226716,0.10569350902298644,0.056204770856053354,0.7939950797938168,-0.07320164380702622,-0.09669233960928073,0.6666666666666666,0.16666666666666666,5.633333333333334,0.256984126984127
D19_fast_ma,19,ma5_20_dip10,26,QQQ,12,252,2025-01-16,2026-01-16,30,0.2169851270630765,0.08362022034856467,-0.036036875716199845,-0.006837034883563871,-0.1634738381468123,-0.13336490671451182,0.4666666666666667,0.16666666666666666,12.4,0.3289021164021164
D19_fast_ma,19,ma5_20_dip10,27,SOXX,4,84,2026-03-20,2026-07-21,30,0.6629647609934404,0.1794763749252632,0.11616474340884186,1.6514112081380654,-0.09517862442408896,-0.4834883860681772,0.8333333333333334,0.06666666666666667,3.966666666666667,0.26289682539682535
D19_fast_ma,19,ma5_20_dip10,28,SOXX,10,210,2023-09-12,2024-07-12,30,0.6054235196262121,0.18453416116601443,0.12938211316423864,0.8808308916435393,-0.12495420086272295,-0.4208893584601977,0.7666666666666667,0.06666666666666667,10.333333333333334,0.37007936507936506
D19_fast_ma,19,ma5_20_dip10,29,QQQ,10,210,2023-11-02,2024-09-04,29,0.27426335783759614,0.046946600112598616,0.04471620352482342,0.47085696869347626,-0.13189650506586362,-0.22731675772499754,0.6896551724137931,0.034482758620689655,9.482758620689655,0.3429802955665024
D19_fast_ma,19,ma5_20_dip10,30,SOXX,11,231,2025-02-26,2026-01-27,30,0.6222676159829015,0.16226170777939602,0.11042891801779031,0.6023614256397135,-0.16809891564203872,-0.46000590820350545,0.6666666666666666,0.06666666666666667,12.733333333333333,0.32965367965367964
D19_fast_ma,19,ma5_20_dip10,31,SOXX,4,84,2024-11-26,2025-03-31,30,-0.12412361759187396,-0.02890591863793285,-0.03814057962540801,-0.6213455902907277,-0.12682228147390165,0.09521769895394111,0.36666666666666664,0.8333333333333334,5.366666666666666,0.3010912698412698
D19_fast_ma,19,ma5_20_dip10,32,SOXX,3,63,2024-07-29,2024-10-24,29,-0.004528634488460304,-0.029450144911539234,-0.02366866405616197,-1.126830053948845,-0.0676562369131247,-0.02492151042307893,0.1724137931034483,0.27586206896551724,3.310344827586207,0.15982484948002187
D19_fast_ma,19,ma5_20_dip10,33,SOXX,7,147,2025-09-16,2026-04-16,29,0.5731892331920965,0.2608305312366738,0.17886643350253628,1.2311264014008354,-0.1467140576873817,-0.31235870195542265,0.8620689655172413,0.10344827586206896,8.96551724137931,0.3814215341308938
D19_fast_ma,19,ma5_20_dip10,34,QQQ,4,84,2024-05-31,2024-09-30,30,0.08613665447903895,0.0056329569646461335,-0.007069609573720881,0.2877501717255623,-0.10360866762019197,-0.08050369751439282,0.5,0.2,4.5,0.3739087301587301
D19_fast_ma,19,ma5_20_dip10,35,QQQ,9,189,2025-02-11,2025-11-10,30,0.1848421423831519,0.010146641299357943,0.0005538864711045477,-0.12354589444209471,-0.13175758747752647,-0.17469550108379395,0.5,0.06666666666666667,9.3,0.3170194003527336
D19_fast_ma,19,ma5_20_dip10,36,QQQ,3,63,2025-01-14,2025-04-14,30,-0.0928917402537448,-0.025676912572952747,-0.0349103503866543,-0.6944606059242813,-0.11391528371002983,0.06721482768079205,0.36666666666666664,0.8333333333333334,4.666666666666667,0.31111111111111106
D19_fast_ma,19,ma5_20_dip10,37,SOXX,10,210,2024-08-26,2025-06-27,30,0.057670134077346225,-0.017213889454412615,-0.05613697918863553,-0.30053886254587375,-0.16837154460224338,-0.07488402353175884,0.3,0.2,10.733333333333333,0.23988095238095233
D19_fast_ma,19,ma5_20_dip10,38,SOXX,12,252,2024-07-02,2025-07-03,30,-0.01969168950723721,-0.07575824406413303,-0.08696338718266988,-0.421957180443541,-0.24446891949572416,-0.056066554556895826,0.23333333333333334,0.26666666666666666,14.7,0.2581679894179894
D19_fast_ma,19,ma5_20_dip10,39,QQQ,5,105,2024-09-23,2025-02-24,30,0.07798180695234325,0.04819094237896441,0.013251932286132417,0.4582495312656517,-0.10195901542883139,-0.029790864573378838,0.6,0.3333333333333333,5.8,0.38
D19_fast_ma,19,ma5_20_dip10,40,QQQ,12,252,2025-05-13,2026-05-13,30,0.3929082039357876,0.14862613978814737,0.0022553667267068978,0.16379027108705466,-0.14221054872569494,-0.24428206414764025,0.5333333333333333,0.16666666666666666,10.866666666666667,0.29768518518518516
D19_fast_ma,19,ma5_20_dip10,41,SOXX,5,105,2024-12-18,2025-05-21,29,-0.03550519039857425,-0.05089978392878445,-0.04013286752136036,-0.683489052655936,-0.14536429043433508,-0.0153945935302102,0.27586206896551724,0.4827586206896552,6.413793103448276,0.22471264367816096
D19_fast_ma,19,ma5_20_dip10,42,QQQ,1,21,2026-06-01,2026-06-30,30,-0.007446386853765863,-0.010421633114985795,-0.003598843857817835,-1.3879014338231086,-0.03651796893918624,-0.002975246261219932,0.26666666666666666,0.5333333333333333,1.8,0.26071428571428573
D19_fast_ma,19,ma5_20_dip10,43,SOXX,5,105,2025-04-30,2025-09-29,30,0.4691356693755999,0.09475381319406327,0.07418288656386074,0.9321625683427713,-0.10659509621200296,-0.37438185618153663,0.7333333333333333,0.0,5.133333333333334,0.3700793650793651
D19_fast_ma,19,ma5_20_dip10,44,SOXX,5,105,2024-07-24,2024-12-19,29,-0.07336128139760856,-0.032876550466446566,-0.0696311335974813,-0.7141573374367876,-0.1306015464278887,0.04048473093116199,0.2413793103448276,0.5172413793103449,7.517241379310345,0.2616584564860427
D19_fast_ma,19,ma5_20_dip10,45,SOXX,12,252,2024-03-06,2025-03-07,30,-0.10757477953627947,-0.05571833661700632,-0.09010864395349105,-0.2773135358955668,-0.2344376956473135,0.05185644291927315,0.26666666666666666,0.5666666666666667,15.733333333333333,0.3146494708994709
D19_fast_ma,19,ma5_20_dip10,46,SOXX,11,231,2024-02-13,2025-01-14,30,0.07418664137386521,0.051576269807285795,-0.00824912409354317,0.10299703549058167,-0.19979823249426726,-0.02261037156657942,0.4666666666666667,0.3333333333333333,13.166666666666666,0.31890331890331886
D19_fast_ma,19,ma5_20_dip10,47,QQQ,12,252,2025-06-12,2026-06-12,30,0.3582273667812763,0.1653707078540231,0.034430896489204055,0.3528737212176554,-0.15806009890497486,-0.1928566589272532,0.6,0.2,12.933333333333334,0.32268518518518524
D19_fast_ma,19,ma5_20_dip10,48,QQQ,1,21,2025-07-02,2025-07-31,30,0.025798870778167116,0.006134928696093104,-0.0002449906309119343,-0.1941895747795916,-0.03736946460866554,-0.01966394208207401,0.3333333333333333,0.16666666666666666,1.5333333333333334,0.39246031746031745
D19_fast_ma,19,ma5_20_dip10,49,QQQ,6,126,2024-03-22,2024-09-20,30,0.08250113027758665,0.02257485177792517,0.001411796567549084,0.09327139321211245,-0.10000559426902313,-0.059926278499661485,0.5,0.26666666666666666,7.2,0.3459656084656084
D19_fast_ma,19,ma5_20_dip10,50,QQQ,11,231,2025-04-16,2026-03-18,30,0.3441101199491847,0.1317864617892319,0.01764711646171291,0.37717413254058096,-0.12320447931520233,-0.21232365815995283,0.5666666666666667,0.13333333333333333,9.833333333333334,0.305952380952381
D19_fast_ma,19,ma5_20_dip10,51,SOXX,12,252,2025-05-09,2026-05-11,30,1.7645869991549006,0.45886660224609194,0.31424685779466255,1.2581426868071313,-0.16972428944240975,-1.3057203969088087,0.8333333333333334,0.03333333333333333,13.4,0.3641865079365079
D19_fast_ma,19,ma5_20_dip10,52,QQQ,6,126,2024-07-26,2025-01-27,30,0.11403086919643934,-0.0015573127038954933,-0.001222616686382183,0.12076614361227975,-0.11172096433482206,-0.11558818190033483,0.5,0.13333333333333333,6.266666666666667,0.3468253968253968
D19_fast_ma,19,ma5_20_dip10,53,SOXX,9,189,2025-02-25,2025-11-21,30,0.27137754060742036,0.04158797293082738,5.087060228947671e-06,0.1737260380980357,-0.14752002082034835,-0.22978956767659298,0.5,0.13333333333333333,10.233333333333333,0.29836860670194004
D19_fast_ma,19,ma5_20_dip10,54,QQQ,10,210,2025-06-10,2026-04-10,30,0.14941279936704488,0.022027254442363645,-0.03136160121019188,-0.1798271876178386,-0.1417278590084772,-0.12738554492468124,0.4,0.16666666666666666,10.566666666666666,0.33079365079365075
D19_fast_ma,19,ma5_20_dip10,55,QQQ,9,189,2024-03-12,2024-12-09,30,0.18252323377671842,0.07893140397738056,0.03185745405648488,0.4552689438529027,-0.12705034594691506,-0.10359182979933786,0.5666666666666667,0.23333333333333334,8.833333333333334,0.3481040564373898
D19_fast_ma,19,ma5_20_dip10,56,SOXX,1,21,2026-03-06,2026-04-06,30,0.06430085839175526,0.015820738775364034,0.007663800841425039,0.719357002369788,-0.041783279633253456,-0.04848011961639122,0.6,0.06666666666666667,1.8333333333333333,0.24325396825396825
D19_fast_ma,19,ma5_20_dip10,57,QQQ,11,231,2024-12-30,2025-12-01,30,0.20149282165868643,0.030129463420208533,-0.008834905683128835,-0.14727864471634994,-0.15597581138741815,-0.1713633582384779,0.5,0.1,10.533333333333333,0.3022366522366522
D19_fast_ma,19,ma5_20_dip10,58,QQQ,4,84,2025-05-06,2025-09-04,30,0.19622773691571815,0.02028156417073298,0.0,-0.033091770803272996,-0.06990432231454698,-0.17594617274498517,0.43333333333333335,0.06666666666666667,3.5,0.28085317460317455
D19_fast_ma,19,ma5_20_dip10,59,SOXX,4,84,2026-02-25,2026-06-25,30,0.7007670678766698,0.217279806162008,0.14521816291187462,2.0165382549642654,-0.09163505009657616,-0.4834872617146617,0.8666666666666667,0.13333333333333333,4.766666666666667,0.2889880952380952
D19_fast_ma,19,ma5_20_dip10,60,SOXX,1,21,2024-12-26,2025-01-28,29,-0.04487084375145378,-0.034646837835490704,-0.018113432890769277,-1.6506687063638692,-0.07847553121320947,0.010224005915963078,0.1724137931034483,0.7241379310344828,1.9310344827586208,0.36494252873563215
D19_fast_ma,19,ma5_20_dip10,61,SOXX,3,63,2024-01-26,2024-04-25,29,0.06710127075469541,0.018670361680361323,-0.015567170811246811,-0.2513130750744459,-0.06377344360671279,-0.04843090907433409,0.3793103448275862,0.20689655172413793,3.0,0.28379857690202515
D19_fast_ma,19,ma5_20_dip10,62,SOXX,3,63,2025-06-20,2025-09-18,29,0.19111858758403377,0.08549629336365704,0.08675264143780903,1.3311188072291433,-0.0914752972291272,-0.10562229422037674,0.7931034482758621,0.1724137931034483,3.9310344827586206,0.4430760810071155
D19_fast_ma,19,ma5_20_dip10,63,QQQ,3,63,2025-10-01,2025-12-30,30,0.0281443024583361,-0.017801020635783763,-0.014387005261299601,-0.4551700022113464,-0.06836024149766431,-0.04594532309411986,0.3,0.2,3.5,0.28214285714285714
D19_fast_ma,19,ma5_20_dip10,64,QQQ,2,42,2024-06-12,2024-08-12,30,-0.0465096827642848,-0.015518225653266526,-0.00708664453236435,-0.66869319020394,-0.06668660268116455,0.03099145711101827,0.26666666666666666,0.7333333333333333,2.966666666666667,0.32976190476190476
D19_fast_ma,19,ma5_20_dip10,65,SOXX,7,147,2024-03-27,2024-10-24,29,0.010917641305967063,0.017600523565606995,-0.021379241081335043,0.015221743059997591,-0.16403409697669732,0.006682882259639932,0.4827586206896552,0.41379310344827586,8.137931034482758,0.32963875205254517
D19_fast_ma,19,ma5_20_dip10,66,QQQ,7,147,2024-06-18,2025-01-17,30,0.08024880165552029,0.008912838095183832,-0.00019413673179635715,0.14435720373545113,-0.09842997538453294,-0.07133596356033645,0.5,0.16666666666666666,6.566666666666666,0.33010204081632644
D19_fast_ma,19,ma5_20_dip10,67,SOXX,6,126,2025-02-27,2025-08-27,30,0.2288069130259598,0.05680776920529804,0.02476742330282644,0.42995069974047834,-0.11558356602654477,-0.17199914382066175,0.6333333333333333,0.16666666666666666,6.866666666666666,0.2988756613756614
D19_fast_ma,19,ma5_20_dip10,68,SOXX,2,42,2026-01-27,2026-03-26,30,-0.06274182234420844,-0.006919358516044294,-0.011523418275752817,-0.5875341808463241,-0.07697560423801596,0.05582246382816415,0.43333333333333335,0.8,3.1666666666666665,0.2908730158730159
D19_fast_ma,19,ma5_20_dip10,69,SOXX,8,168,2025-08-27,2026-04-28,30,0.752796897064234,0.23751500348528698,0.15504617872469806,1.0689104507409353,-0.15230192354787617,-0.515281893578947,0.8333333333333334,0.03333333333333333,10.333333333333334,0.37430555555555556
D19_fast_ma,19,ma5_20_dip10,70,SOXX,5,105,2024-09-20,2025-02-21,29,0.005406814450626518,-0.0020742141715303854,-0.01655865116292954,-0.24773881872942016,-0.11117867461173249,-0.007481028622156903,0.4482758620689655,0.41379310344827586,5.758620689655173,0.28062397372742204
D19_fast_ma,19,ma5_20_dip10,71,SOXX,4,84,2025-09-17,2026-01-15,29,0.30628589985012833,0.10052232164880573,0.01884077542185114,0.8002662703198729,-0.12516573653482285,-0.2057635782013226,0.6551724137931034,0.10344827586206896,5.551724137931035,0.39306239737274223
D19_fast_ma,19,ma5_20_dip10,72,QQQ,4,84,2025-06-23,2025-10-20,30,0.15160143793785608,0.0429598300800357,0.000937773127845043,0.1205948637121347,-0.07341418555618674,-0.10864160785782037,0.5,0.13333333333333333,3.6,0.34246031746031746
D19_fast_ma,19,ma5_20_dip10,73,SOXX,10,210,2023-11-28,2024-09-27,30,0.3732977081618618,0.10387555517465988,0.01383406234330753,0.34167269300067155,-0.1691651848433714,-0.26942215298720196,0.6333333333333333,0.1,10.866666666666667,0.32325396825396824
D19_fast_ma,19,ma5_20_dip10,74,QQQ,9,189,2025-04-09,2026-01-08,30,0.33624069066151074,0.09551387734802069,0.0409626312366036,0.3347618231449878,-0.11581154035962185,-0.24072681331349005,0.6,0.1,6.8,0.31587301587301586
D19_fast_ma,19,ma5_20_dip10,75,QQQ,12,252,2024-12-19,2025-12-22,30,0.21234986652906018,0.03317663236811201,-0.056616069227932775,-0.15925676178830186,-0.17672975600619312,-0.17917323416094816,0.36666666666666664,0.13333333333333333,12.266666666666667,0.29007936507936505
D19_fast_ma,19,ma5_20_dip10,76,SOXX,5,105,2024-05-10,2024-10-09,29,0.07166285164062502,0.034534048800007364,-0.01421778599889545,0.12605353272417374,-0.1280160896504575,-0.03712880284061766,0.4482758620689655,0.3793103448275862,5.413793103448276,0.30878489326765185
D19_fast_ma,19,ma5_20_dip10,77,SOXX,8,168,2025-08-01,2026-04-01,30,0.43297225183525034,0.13335298569905651,0.11856790052513377,0.5698814591820899,-0.1501534854732583,-0.29961926613619383,0.7,0.13333333333333333,10.233333333333333,0.36780753968253965
D19_fast_ma,19,ma5_20_dip10,78,QQQ,7,147,2025-11-12,2026-06-15,30,0.20096913413608264,0.0448184751071414,0.013183633052245458,0.13909037308290467,-0.11176720149115098,-0.15615065902894124,0.5333333333333333,0.2,7.766666666666667,0.30759637188208616
D19_fast_ma,19,ma5_20_dip10,79,SOXX,9,189,2023-12-14,2024-09-16,30,0.167905259845331,0.032657840883722894,-0.032835579283983674,0.016210568348397233,-0.16843984153662953,-0.1352474189616081,0.43333333333333335,0.3,9.933333333333334,0.34805996472663137
D19_fast_ma,19,ma5_20_dip10,80,QQQ,6,126,2024-01-19,2024-07-19,30,0.1316414541629214,0.06977607827064167,0.007425994698700644,0.45896908201991876,-0.08188279873451942,-0.06186537589227972,0.5333333333333333,0.2,5.6,0.3191137566137565
D19_fast_ma,19,ma5_20_dip10,81,QQQ,1,21,2024-11-13,2024-12-12,30,0.02781855470047412,0.025957952096057554,0.0,0.5806265778088223,-0.024698460223971746,-0.0018606026044165648,0.43333333333333335,0.2,1.1333333333333333,0.34920634920634913
D19_fast_ma,19,ma5_20_dip10,82,SOXX,10,210,2024-06-21,2025-04-23,30,-0.3034388425007686,-0.14427517593582884,-0.13877445674984024,-0.8837982558806338,-0.23955178557077125,0.15916366656493974,0.16666666666666666,0.8666666666666667,13.133333333333333,0.25496031746031744
D19_fast_ma,19,ma5_20_dip10,83,QQQ,11,231,2024-05-24,2025-04-28,30,0.03788093693594541,-0.010908183945284748,-0.0315932044292912,-0.22411275552970683,-0.15770764665785098,-0.04878912088123016,0.4,0.26666666666666666,12.133333333333333,0.3202741702741702
D19_fast_ma,19,ma5_20_dip10,84,SOXX,4,84,2025-03-26,2025-07-25,29,0.2196761364203743,0.05499906229732169,0.00791993108681277,0.2241013285437573,-0.08896497529880099,-0.16467707412305263,0.5172413793103449,0.20689655172413793,3.896551724137931,0.2878694581280788
D19_fast_ma,19,ma5_20_dip10,85,SOXX,3,63,2024-01-12,2024-04-12,29,0.17490173722683933,0.04897463263668075,0.02252043703761264,0.5701351291625102,-0.06492211438618678,-0.12592710459015857,0.7241379310344828,0.13793103448275862,2.7586206896551726,0.32484948002189384
D19_fast_ma,19,ma5_20_dip10,86,QQQ,4,84,2025-08-13,2025-12-10,30,0.08270584442079376,0.04651203375943776,-0.008615552542367233,-0.19077866619260017,-0.07051416633633924,-0.036193810661356005,0.4666666666666667,0.16666666666666666,4.1,0.30476190476190473
D19_fast_ma,19,ma5_20_dip10,87,QQQ,9,189,2025-08-12,2026-05-12,30,0.2238015104269533,0.0845586280064326,-0.0053569646689496375,-0.03473824792538914,-0.11764461916948585,-0.13924288242052069,0.5,0.2,9.633333333333333,0.27477954144620814
D19_fast_ma,19,ma5_20_dip10,88,QQQ,3,63,2023-09-06,2023-12-04,30,0.0323937441740032,-0.01593005354531534,-0.00843484372971326,-0.011077155490944046,-0.06416145300981434,-0.048323797719318544,0.4,0.2,3.7,0.3423280423280423
D19_fast_ma,19,ma5_20_dip10,89,QQQ,6,126,2024-03-08,2024-09-06,30,0.02500440115388769,-0.0001411464204692255,-0.012809752176629219,0.127555209298903,-0.10787047356090985,-0.025145547574356917,0.4,0.3333333333333333,6.366666666666666,0.3107804232804233
D19_fast_ma,19,ma5_20_dip10,90,SOXX,4,84,2024-02-09,2024-06-10,29,0.16166402534839164,0.07103331629774104,0.05698601721271057,0.7480590265888487,-0.08328310252548345,-0.0906307090506506,0.7931034482758621,0.1724137931034483,4.655172413793103,0.36042692939244664
D19_fast_ma,19,ma5_20_dip10,91,QQQ,6,126,2024-12-26,2025-06-30,30,0.04434132972322158,0.05163826141183063,-0.03431634974683301,0.03952682134344949,-0.13697379302150767,0.007296931688609051,0.43333333333333335,0.4,7.3,0.32552910052910045
D19_fast_ma,19,ma5_20_dip10,92,QQQ,2,42,2024-07-11,2024-09-09,30,-0.0761694342464847,-0.03718288645542996,-0.02656041810736859,-1.2571180179040922,-0.06643471908470203,0.03898654779105474,0.16666666666666666,0.8333333333333334,2.966666666666667,0.26071428571428573
D19_fast_ma,19,ma5_20_dip10,93,QQQ,8,168,2025-09-04,2026-05-05,30,0.18933459993954838,0.10786062622923671,-0.007194106680414258,0.21485323674653822,-0.11686125716541997,-0.08147397371031166,0.4666666666666667,0.2,8.766666666666667,0.322172619047619
D19_fast_ma,19,ma5_20_dip10,94,QQQ,11,231,2023-08-28,2024-07-29,29,0.27358869545907205,0.002505434663223497,-0.010165144078944754,0.14913136750115347,-0.12135615243946976,-0.27108326079584855,0.4482758620689655,0.0,10.137931034482758,0.30900134348410213
D19_fast_ma,19,ma5_20_dip10,95,SOXX,2,42,2024-10-18,2024-12-17,29,-0.02239739013513642,-0.007336261922058262,-0.015068542826275455,-0.43184764505748857,-0.07432729434927095,0.015061128213078156,0.3793103448275862,0.5517241379310345,3.5517241379310347,0.30808702791461406
D19_fast_ma,19,ma5_20_dip10,96,QQQ,9,189,2024-06-04,2025-03-06,30,0.07941245707007138,-0.04330178281668697,-0.03700967398736016,-0.1867518893101847,-0.16240268239719305,-0.12271423988675836,0.3,0.1,9.8,0.31128747795414463
D19_fast_ma,19,ma5_20_dip10,97,SOXX,5,105,2025-12-31,2026-06-02,30,1.0102699251297969,0.2825904644190699,0.23713755651229795,1.8575722986338858,-0.105466356244402,-0.727679460710727,0.8333333333333334,0.03333333333333333,6.533333333333333,0.3326984126984126
D19_fast_ma,19,ma5_20_dip10,98,QQQ,4,84,2025-02-28,2025-06-30,30,0.08838217445442198,0.013061678068324367,-0.011680642239633499,-0.1562250570276336,-0.07367200768604196,-0.07532049638609761,0.43333333333333335,0.16666666666666666,3.8,0.24424603174603174
D19_fast_ma,19,ma5_20_dip10,99,SOXX,2,42,2026-05-13,2026-07-14,30,0.07552608567751218,-0.0005837262864959225,-0.014050526405022967,-0.2363907595896565,-0.07173928666529507,-0.0761098119640081,0.36666666666666664,0.06666666666666667,1.9,0.2130952380952381
D20_conserv,20,dip12_w20_stop08,0,SOXX,4,84,2025-01-15,2025-05-15,29,-0.04268271797372991,-0.04137031635748942,-0.03406728832629413,-0.7744456194073995,-0.11320856160108628,0.001312401616240494,0.2413793103448276,0.5517241379310345,4.241379310344827,0.15591133004926108
D20_conserv,20,dip12_w20_stop08,1,SOXX,4,84,2025-11-26,2026-03-30,29,0.0653592129111733,0.14918220974062776,0.0841833801562506,0.8159047743024089,-0.10650254515786765,0.08382299682945446,0.7241379310344828,0.5172413793103449,4.724137931034483,0.4073891625615764
D20_conserv,20,dip12_w20_stop08,2,SOXX,12,252,2024-06-12,2025-06-13,30,-0.11229341109132818,-0.09781185447039942,-0.15129035411761121,-0.43648596219833535,-0.25084440657518026,0.01448155662092876,0.3,0.36666666666666664,13.533333333333333,0.2752645502645503
D20_conserv,20,dip12_w20_stop08,3,QQQ,1,21,2026-01-13,2026-02-11,30,-0.02096638715391519,-0.0010044011473806255,0.0,-0.8307722840349399,-0.05930820243934105,0.019961986006534562,0.36666666666666664,0.6333333333333333,1.9666666666666666,0.43238095238095237
D20_conserv,20,dip12_w20_stop08,4,QQQ,8,168,2025-02-28,2025-10-28,30,0.2501946769916814,0.057669265267131724,-0.014333152013691342,0.07425325792153675,-0.14171667826935985,-0.19252541172454968,0.4666666666666667,0.2,6.6,0.3319047619047619
D20_conserv,20,dip12_w20_stop08,5,SOXX,3,63,2025-03-10,2025-06-06,29,0.11931802402050695,0.014892441718967952,0.0,0.13728395530197054,-0.042121187301507275,-0.104425582301539,0.4482758620689655,0.06896551724137931,2.0,0.12818828680897643
D20_conserv,20,dip12_w20_stop08,6,SOXX,12,252,2024-10-18,2025-10-21,30,0.2792904450054976,0.09539955442516014,0.024051863545978214,0.22808297357993726,-0.19134464932102013,-0.18389089058033747,0.5666666666666667,0.16666666666666666,11.133333333333333,0.34325396825396826
D20_conserv,20,dip12_w20_stop08,7,SOXX,5,105,2024-08-02,2024-12-31,30,0.0461545872289324,-0.00813894228214171,-0.023072763923274564,-0.5253085358419487,-0.11079547378606112,-0.05429352951107411,0.3,0.23333333333333334,5.033333333333333,0.21384126984126983
D20_conserv,20,dip12_w20_stop08,8,SOXX,11,231,2024-01-29,2024-12-26,30,0.11728604186347558,-0.00171880402437438,-0.017232213649232275,-0.06780597670596945,-0.2350554333610395,-0.11900484588784996,0.43333333333333335,0.2,12.1,0.3248196248196249
D20_conserv,20,dip12_w20_stop08,9,QQQ,7,147,2025-12-22,2026-07-24,30,0.10761391047221691,0.06784724514580404,0.025562481564140094,0.162362703954791,-0.131817888550753,-0.039766665326412876,0.5666666666666667,0.36666666666666664,7.333333333333333,0.32820861678004537
D20_conserv,20,dip12_w20_stop08,10,SOXX,11,231,2025-04-30,2026-03-31,30,0.7991727370086741,0.3036397379806882,0.2962783597087143,0.9479576605914052,-0.18255210497902438,-0.49553299902798587,0.8666666666666667,0.03333333333333333,10.2,0.39717171717171723
D20_conserv,20,dip12_w20_stop08,11,SOXX,7,147,2023-12-07,2024-07-10,30,0.5448433677075268,0.18681813708405404,0.0935785277234461,1.0282344733604531,-0.13196853732628805,-0.3580252306234728,0.7666666666666667,0.06666666666666667,6.2,0.415374149659864
D20_conserv,20,dip12_w20_stop08,12,QQQ,11,231,2024-03-27,2025-02-27,30,0.12982124242441295,0.07435898689381362,-0.012302842816678483,0.2798180328657809,-0.16019267877645058,-0.05546225553059933,0.5,0.3333333333333333,9.666666666666666,0.3892063492063493
D20_conserv,20,dip12_w20_stop08,13,QQQ,10,210,2024-09-30,2025-08-01,30,0.1396408202388819,0.05353199778105073,0.025326975198168733,0.15366551622076008,-0.1530248404475918,-0.08610882245783119,0.5666666666666667,0.16666666666666666,8.966666666666667,0.3466031746031746
D20_conserv,20,dip12_w20_stop08,14,QQQ,9,189,2025-02-11,2025-11-10,30,0.1848421423831519,0.016463081253646712,-0.016177756412460664,-0.013936187405789205,-0.16753685794431297,-0.16837906112950518,0.43333333333333335,0.2,8.266666666666667,0.3731569664902999
D20_conserv,20,dip12_w20_stop08,15,SOXX,2,42,2023-11-10,2024-01-11,29,0.13378672181991424,0.08104943458244325,0.05531542538334233,1.763378625602053,-0.05929390618946519,-0.052737287237470995,0.7931034482758621,0.27586206896551724,1.2413793103448276,0.5178981937602627
D20_conserv,20,dip12_w20_stop08,16,QQQ,8,168,2025-04-17,2025-12-16,30,0.3806506610687259,0.07093338668618826,-0.009409289165407675,0.11037406228046649,-0.10677026673855018,-0.30971727438253766,0.4,0.13333333333333333,5.6,0.2940079365079365
D20_conserv,20,dip12_w20_stop08,17,QQQ,3,63,2023-10-12,2024-01-11,29,0.10935424408522043,0.04277645076964712,0.030396538252490668,0.8864795800515869,-0.06752719370644181,-0.06657779331557331,0.7241379310344828,0.2413793103448276,2.3793103448275863,0.4330596606458675
D20_conserv,20,dip12_w20_stop08,18,SOXX,7,147,2025-06-02,2025-12-30,29,0.4742072430583639,0.12717256063218768,0.04250406902292658,0.6311774823506839,-0.17676412407577846,-0.34703468242617624,0.5517241379310345,0.13793103448275862,7.413793103448276,0.4752990851513019
D20_conserv,20,dip12_w20_stop08,19,QQQ,2,42,2026-01-20,2026-03-19,30,-0.024734412068352585,0.0065869767061252586,0.0,-0.0778466265759554,-0.05348290062527778,0.03132138877447784,0.4,0.8,2.533333333333333,0.3173015873015873
D20_conserv,20,dip12_w20_stop08,20,QQQ,2,42,2025-12-30,2026-03-02,30,-0.01830706738570409,0.01263717442324284,0.0,0.22178637457474737,-0.06186503746419292,0.030944241808946928,0.4666666666666667,0.6333333333333333,2.433333333333333,0.4279365079365079
D20_conserv,20,dip12_w20_stop08,21,QQQ,8,168,2024-02-14,2024-10-14,30,0.15334174114524046,0.022537158968472068,0.03399019542589288,0.19156030755759107,-0.1361960647912322,-0.13080458217676838,0.5666666666666667,0.16666666666666666,6.566666666666666,0.38003968253968257
D20_conserv,20,dip12_w20_stop08,22,QQQ,4,84,2025-10-15,2026-02-13,30,0.0007896560047677692,0.03187068380633841,0.02156725211733901,0.1085160091522769,-0.07949520517113845,0.03108102780157064,0.5666666666666667,0.5666666666666667,4.466666666666667,0.3707936507936508
D20_conserv,20,dip12_w20_stop08,23,QQQ,3,63,2026-01-08,2026-04-09,30,-0.0153279984002892,-0.013464787105718013,0.0,-0.7477456370659873,-0.08149250312795467,0.001863211294571187,0.4666666666666667,0.5333333333333333,4.0,0.2560846560846561
D20_conserv,20,dip12_w20_stop08,24,SOXX,5,105,2026-02-10,2026-07-13,30,0.5770255442312711,0.17713923863846937,0.0944197218053564,1.1594387997539715,-0.09193817448115975,-0.3998863055928017,0.7,0.1,4.5,0.2406349206349207
D20_conserv,20,dip12_w20_stop08,25,QQQ,5,105,2026-01-14,2026-06-15,30,0.20238584863226716,0.07814449321586307,0.026428473736896274,0.465536802722418,-0.09067577827729895,-0.12424135541640409,0.6,0.13333333333333333,5.6,0.24387301587301588
D20_conserv,20,dip12_w20_stop08,26,QQQ,12,252,2025-01-16,2026-01-16,30,0.2169851270630765,0.09442168498517974,-0.020168701756881624,0.08530581351388021,-0.16224507752406905,-0.12256344207789675,0.43333333333333335,0.16666666666666666,10.9,0.3504497354497354
D20_conserv,20,dip12_w20_stop08,27,SOXX,4,84,2026-03-20,2026-07-21,30,0.6629647609934404,0.149794775005375,0.08782679040634012,1.6987662089165887,-0.08168910609946618,-0.5131699859880654,0.8666666666666667,0.03333333333333333,3.6666666666666665,0.23349206349206347
D20_conserv,20,dip12_w20_stop08,28,SOXX,10,210,2023-09-12,2024-07-12,30,0.6054235196262121,0.20357175463526653,0.1091060431704497,0.8543176784603335,-0.14228506315372508,-0.40185176499094555,0.7333333333333333,0.1,8.9,0.4112698412698413
D20_conserv,20,dip12_w20_stop08,29,QQQ,10,210,2023-11-02,2024-09-04,29,0.27426335783759614,0.07540402326182874,0.06111197528467205,0.48619378690287296,-0.1504233273452276,-0.1988593345757674,0.6206896551724138,0.13793103448275862,7.896551724137931,0.43103448275862066
D20_conserv,20,dip12_w20_stop08,30,SOXX,11,231,2025-02-26,2026-01-27,30,0.6222676159829015,0.20608799366761546,0.08135530268578617,0.6918345789509802,-0.1961646802216778,-0.41617962231528605,0.7333333333333333,0.1,9.966666666666667,0.36972582972582985
D20_conserv,20,dip12_w20_stop08,31,SOXX,4,84,2024-11-26,2025-03-31,30,-0.12412361759187396,-0.033939264162625035,-0.023053745214427768,-0.6352322545978345,-0.11145808445282977,0.09018435342924892,0.3333333333333333,0.8333333333333334,4.466666666666667,0.26261904761904764
D20_conserv,20,dip12_w20_stop08,32,SOXX,3,63,2024-07-29,2024-10-24,29,-0.004528634488460304,-0.025266146151231926,-0.024759130526838202,-1.1585944350757658,-0.06719273983550539,-0.020737511662771622,0.1724137931034483,0.3103448275862069,3.3793103448275863,0.15489874110563767
D20_conserv,20,dip12_w20_stop08,33,SOXX,7,147,2025-09-16,2026-04-16,29,0.5731892331920965,0.308121300632027,0.24550768152131242,1.3767284192042741,-0.16125663315655822,-0.2650679325600695,0.896551724137931,0.13793103448275862,8.241379310344827,0.4118226600985222
D20_conserv,20,dip12_w20_stop08,34,QQQ,4,84,2024-05-31,2024-09-30,30,0.08613665447903895,0.006049514465393091,0.0011936316262071145,0.2800267857032803,-0.11106926304926258,-0.08008714001364586,0.5333333333333333,0.23333333333333334,3.9,0.3989682539682539
D20_conserv,20,dip12_w20_stop08,35,QQQ,9,189,2025-02-11,2025-11-10,30,0.1848421423831519,0.054402988214302186,0.0005140116899235991,0.006819417362492556,-0.13749838605581816,-0.1304391541688497,0.5,0.2,8.133333333333333,0.3579541446208114
D20_conserv,20,dip12_w20_stop08,36,QQQ,3,63,2025-01-14,2025-04-14,30,-0.0928917402537448,-0.02538328627015169,-0.026077437111296398,-0.5621642827646794,-0.10872069810301115,0.06750845398359312,0.23333333333333334,0.8333333333333334,4.5,0.30634920634920637
D20_conserv,20,dip12_w20_stop08,37,SOXX,10,210,2024-08-26,2025-06-27,30,0.057670134077346225,0.03499089850362062,-0.02829749198424264,-0.04411358981021191,-0.1515624586615254,-0.022679235573725608,0.43333333333333335,0.36666666666666664,8.8,0.24079365079365084
D20_conserv,20,dip12_w20_stop08,38,SOXX,12,252,2024-07-02,2025-07-03,30,-0.01969168950723721,-0.062419738695537644,-0.08962978688442574,-0.3198577696881413,-0.24209265659041584,-0.042728049188300435,0.26666666666666666,0.3,11.566666666666666,0.250952380952381
D20_conserv,20,dip12_w20_stop08,39,QQQ,5,105,2024-09-23,2025-02-24,30,0.07798180695234325,0.0737697256288754,0.017793300484998165,0.6913754755633524,-0.10075723836841648,-0.004212081323467842,0.6666666666666666,0.3333333333333333,4.6,0.4333968253968254
D20_conserv,20,dip12_w20_stop08,40,QQQ,12,252,2025-05-13,2026-05-13,30,0.3929082039357876,0.15618479937244772,0.004878257962620036,0.2389564454135452,-0.15173144546316403,-0.2367234045633399,0.5,0.13333333333333333,9.933333333333334,0.3146560846560847
D20_conserv,20,dip12_w20_stop08,41,SOXX,5,105,2024-12-18,2025-05-21,29,-0.03550519039857425,-0.05294685096621919,-0.04423282767731607,-0.7321644056017341,-0.14074039749600356,-0.017441660567644943,0.1724137931034483,0.4482758620689655,5.655172413793103,0.2264696223316913
D20_conserv,20,dip12_w20_stop08,42,QQQ,1,21,2026-06-01,2026-06-30,30,-0.007446386853765863,-0.009427209046715686,-0.006810757245728161,-1.268191730627201,-0.0301484447685598,-0.001980822192949823,0.23333333333333334,0.5,1.6666666666666667,0.2219047619047619
D20_conserv,20,dip12_w20_stop08,43,SOXX,5,105,2025-04-30,2025-09-29,30,0.4691356693755999,0.1426599194757052,0.12616589149575785,1.0607325936518974,-0.11596367424271753,-0.3264757498998947,0.7,0.03333333333333333,3.8,0.4393650793650794
D20_conserv,20,dip12_w20_stop08,44,SOXX,5,105,2024-07-24,2024-12-19,29,-0.07336128139760856,0.009394652548979341,-0.03200504871539578,-0.503355195869961,-0.11449827097631231,0.0827559339465879,0.3793103448275862,0.6206896551724138,6.413793103448276,0.2523481116584565
D20_conserv,20,dip12_w20_stop08,45,SOXX,12,252,2024-03-06,2025-03-07,30,-0.10757477953627947,-0.08336621097549426,-0.09621316689738219,-0.28625831703254023,-0.23829230412849087,0.02420856856078521,0.26666666666666666,0.5333333333333333,13.4,0.3134126984126985
D20_conserv,20,dip12_w20_stop08,46,SOXX,11,231,2024-02-13,2025-01-14,30,0.07418664137386521,0.04139238606755317,0.002639951126231277,0.09433084911439504,-0.21751155619194376,-0.032794255306312046,0.5,0.3,11.733333333333333,0.3192496392496392
D20_conserv,20,dip12_w20_stop08,47,QQQ,12,252,2025-06-12,2026-06-12,30,0.3582273667812763,0.11131967585774867,0.006615852825156754,0.19684977787000818,-0.18565156391182136,-0.24690769092352766,0.5333333333333333,0.13333333333333333,11.466666666666667,0.3547619047619049
D20_conserv,20,dip12_w20_stop08,48,QQQ,1,21,2025-07-02,2025-07-31,30,0.025798870778167116,0.007438626258751501,0.0,-0.05403526842839527,-0.03947236044344442,-0.018360244519415612,0.4,0.26666666666666666,1.2666666666666666,0.4403174603174602
D20_conserv,20,dip12_w20_stop08,49,QQQ,6,126,2024-03-22,2024-09-20,30,0.08250113027758665,0.0063268084567003205,0.013365984018514965,-0.006882810760694465,-0.12016610939925765,-0.07617432182088633,0.5333333333333333,0.23333333333333334,6.2,0.4023280423280422
D20_conserv,20,dip12_w20_stop08,50,QQQ,11,231,2025-04-16,2026-03-18,30,0.3441101199491847,0.148822167972217,0.0651336735025877,0.45781331837213624,-0.12400947203308092,-0.19528795197696772,0.6333333333333333,0.13333333333333333,8.4,0.33639249639249635
D20_conserv,20,dip12_w20_stop08,51,SOXX,12,252,2025-05-09,2026-05-11,30,1.7645869991549006,0.5150162022516785,0.4094757740381705,1.2548249086245142,-0.19076359986795527,-1.249570796903222,0.8666666666666667,0.06666666666666667,11.033333333333333,0.4114814814814815
D20_conserv,20,dip12_w20_stop08,52,QQQ,6,126,2024-07-26,2025-01-27,30,0.11403086919643934,0.0074954189310667925,0.026592745604695045,0.17859367612075666,-0.11858490407791272,-0.10653545026537255,0.6333333333333333,0.13333333333333333,5.766666666666667,0.3782010582010582
D20_conserv,20,dip12_w20_stop08,53,SOXX,9,189,2025-02-25,2025-11-21,30,0.27137754060742036,0.057670539166497885,0.04383542563388532,0.18673973721312795,-0.17198246797376138,-0.21370700144092247,0.5666666666666667,0.1,8.733333333333333,0.33358024691358035
D20_conserv,20,dip12_w20_stop08,54,QQQ,10,210,2025-06-10,2026-04-10,30,0.14941279936704488,0.0029222798108197797,-0.008728843497319783,-0.1072446904509652,-0.16690683062237374,-0.1464905195562251,0.5,0.13333333333333333,8.6,0.3808253968253969
D20_conserv,20,dip12_w20_stop08,55,QQQ,9,189,2024-03-12,2024-12-09,30,0.18252323377671842,0.05899013474477597,0.002795173323750788,0.3005291737640228,-0.14255483920773587,-0.12353309903194246,0.5,0.2,7.666666666666667,0.39964726631393305
D20_conserv,20,dip12_w20_stop08,56,SOXX,1,21,2026-03-06,2026-04-06,30,0.06430085839175526,0.01480088623620356,0.006162159192828809,0.8824027135044863,-0.03094685301412119,-0.0494999721555517,0.6333333333333333,0.06666666666666667,1.8,0.21111111111111114
D20_conserv,20,dip12_w20_stop08,57,QQQ,11,231,2024-12-30,2025-12-01,30,0.20149282165868643,0.026133121867426504,-0.01580900263568963,-0.10367479640437176,-0.16182724058574496,-0.17535969979125993,0.4666666666666667,0.16666666666666666,10.233333333333333,0.324011544011544
D20_conserv,20,dip12_w20_stop08,58,QQQ,4,84,2025-05-06,2025-09-04,30,0.19622773691571815,0.04020694281186333,0.004351945444734051,0.23142620501478295,-0.07500162572090233,-0.15602079410385483,0.6,0.13333333333333333,2.7333333333333334,0.3460317460317461
D20_conserv,20,dip12_w20_stop08,59,SOXX,4,84,2026-02-25,2026-06-25,30,0.7007670678766698,0.16799611259267905,0.10905145587618437,1.7187194814767284,-0.08932696989212617,-0.5327709552839908,0.8,0.06666666666666667,4.466666666666667,0.2523809523809523
D20_conserv,20,dip12_w20_stop08,60,SOXX,1,21,2024-12-26,2025-01-28,29,-0.04487084375145378,-0.03301244586151029,-0.01625872776687154,-1.3041535639418167,-0.07541494648252625,0.011858397889943494,0.20689655172413793,0.6896551724137931,1.7241379310344827,0.34679802955665023
D20_conserv,20,dip12_w20_stop08,61,SOXX,3,63,2024-01-26,2024-04-25,29,0.06710127075469541,0.023274150365684063,-0.01720034610717347,-0.3978613823839457,-0.07500213550876368,-0.04382712038901135,0.41379310344827586,0.2413793103448276,3.206896551724138,0.3240284619594964
D20_conserv,20,dip12_w20_stop08,62,SOXX,3,63,2025-06-20,2025-09-18,29,0.19111858758403377,0.10794572712561268,0.0831228662485981,1.2631423290567714,-0.11440551279663444,-0.0831728604584211,0.6896551724137931,0.27586206896551724,3.206896551724138,0.535632183908046
D20_conserv,20,dip12_w20_stop08,63,QQQ,3,63,2025-10-01,2025-12-30,30,0.0281443024583361,-0.016787597512804172,-0.017266035366045485,-0.3068342305108873,-0.07573555730301204,-0.04493189997114028,0.3333333333333333,0.2,3.0,0.34613756613756613
D20_conserv,20,dip12_w20_stop08,64,QQQ,2,42,2024-06-12,2024-08-12,30,-0.0465096827642848,-0.023388919419658982,-0.025581110452730593,-0.9473361612961754,-0.07204087187014707,0.023120763344625817,0.2,0.6666666666666666,2.8333333333333335,0.33809523809523806
D20_conserv,20,dip12_w20_stop08,65,SOXX,7,147,2024-03-27,2024-10-24,29,0.010917641305967063,-0.019336865912403467,-0.016796676045012893,-0.17030383880596042,-0.171216060453469,-0.03025450721837053,0.41379310344827586,0.3793103448275862,7.206896551724138,0.3277504105090312
D20_conserv,20,dip12_w20_stop08,66,QQQ,7,147,2024-06-18,2025-01-17,30,0.08024880165552029,0.027739889694926294,0.020532976423112137,0.31596642304043254,-0.10966787987581261,-0.05250891196059399,0.6,0.3,5.5,0.39560090702947837
D20_conserv,20,dip12_w20_stop08,67,SOXX,6,126,2025-02-27,2025-08-27,30,0.2288069130259598,0.09984467443851522,0.06766178123447353,0.7852290463608153,-0.12011999730309234,-0.12896223858744457,0.7333333333333333,0.2,5.066666666666666,0.3632275132275132
D20_conserv,20,dip12_w20_stop08,68,SOXX,2,42,2026-01-27,2026-03-26,30,-0.06274182234420844,0.003572178616233616,-0.01157277526745809,-0.529297632862671,-0.07408506018310938,0.06631400096044206,0.43333333333333335,0.8666666666666667,3.033333333333333,0.29428571428571426
D20_conserv,20,dip12_w20_stop08,69,SOXX,8,168,2025-08-27,2026-04-28,30,0.752796897064234,0.25014988549682005,0.22514611000018048,1.0328988881356602,-0.17634050780253815,-0.502647011567414,0.7666666666666667,0.06666666666666667,8.9,0.3985714285714286
D20_conserv,20,dip12_w20_stop08,70,SOXX,5,105,2024-09-20,2025-02-21,29,0.005406814450626518,0.006508553976215705,-0.010151176206654178,-0.15533556788751682,-0.10669018739985785,0.0011017395255891868,0.41379310344827586,0.41379310344827586,4.758620689655173,0.25254515599343186
D20_conserv,20,dip12_w20_stop08,71,SOXX,4,84,2025-09-17,2026-01-15,29,0.30628589985012833,0.12272199645016287,0.10522811588806658,1.0285637008023918,-0.1395609523578492,-0.18356390339996548,0.7241379310344828,0.1724137931034483,5.172413793103448,0.4429392446633825
D20_conserv,20,dip12_w20_stop08,72,QQQ,4,84,2025-06-23,2025-10-20,30,0.15160143793785608,0.057366782453650136,-0.0027854929231933,0.3250152433541203,-0.08150752058386895,-0.09423465548420594,0.5,0.2,3.2333333333333334,0.3836507936507937
D20_conserv,20,dip12_w20_stop08,73,SOXX,10,210,2023-11-28,2024-09-27,30,0.3732977081618618,0.07265996279746162,0.0336213251181553,0.2844626194025517,-0.19333517462505595,-0.3006377453644002,0.6,0.03333333333333333,9.7,0.3689841269841271
D20_conserv,20,dip12_w20_stop08,74,QQQ,9,189,2025-04-09,2026-01-08,30,0.33624069066151074,0.09460230911360702,0.02776189307797039,0.39270871513688455,-0.13714941122519736,-0.24163838154790374,0.5333333333333333,0.13333333333333333,6.066666666666666,0.3544268077601412
D20_conserv,20,dip12_w20_stop08,75,QQQ,12,252,2024-12-19,2025-12-22,30,0.21234986652906018,0.03731741598147458,-0.05936697290188703,-0.12760499141586737,-0.1806332543781016,-0.1750324505475856,0.4,0.16666666666666666,11.5,0.3264285714285714
D20_conserv,20,dip12_w20_stop08,76,SOXX,5,105,2024-05-10,2024-10-09,29,0.07166285164062502,0.009249470071307941,-0.019718060220558442,-0.08426127187505476,-0.14204207919340442,-0.062413381569317083,0.41379310344827586,0.3103448275862069,4.827586206896552,0.30922824302134655
D20_conserv,20,dip12_w20_stop08,77,SOXX,8,168,2025-08-01,2026-04-01,30,0.43297225183525034,0.1988694301826163,0.20820805797335407,0.6927422702100335,-0.1790626743528243,-0.23410282165263405,0.6666666666666666,0.23333333333333334,9.533333333333333,0.42007936507936516
D20_conserv,20,dip12_w20_stop08,78,QQQ,7,147,2025-11-12,2026-06-15,30,0.20096913413608264,0.02216542066845398,-0.02103609733285633,0.014884988466417667,-0.1262135966714689,-0.17880371346762866,0.43333333333333335,0.13333333333333333,7.1,0.3181859410430839
D20_conserv,20,dip12_w20_stop08,79,SOXX,9,189,2023-12-14,2024-09-16,30,0.167905259845331,0.0002604500676444503,-0.03552021688831436,-0.10294478490975105,-0.1958940904115267,-0.16764480977768656,0.4,0.13333333333333333,9.833333333333334,0.3958377425044092
D20_conserv,20,dip12_w20_stop08,80,QQQ,6,126,2024-01-19,2024-07-19,30,0.1316414541629214,0.06484330090132749,0.03432683812098569,0.3255196593843505,-0.09960259860836666,-0.0667981532615939,0.5666666666666667,0.23333333333333334,5.166666666666667,0.3893650793650794
D20_conserv,20,dip12_w20_stop08,81,QQQ,1,21,2024-11-13,2024-12-12,30,0.02781855470047412,0.028475156606563266,0.0,0.327704577243739,-0.025786813851270532,0.0006566019060891479,0.4,0.23333333333333334,1.0666666666666667,0.3666666666666666
D20_conserv,20,dip12_w20_stop08,82,SOXX,10,210,2024-06-21,2025-04-23,30,-0.3034388425007686,-0.13461403785720413,-0.13987685407059297,-0.7584091178782763,-0.23830527393881543,0.16882480464356445,0.2,0.9333333333333333,11.7,0.24371428571428572
D20_conserv,20,dip12_w20_stop08,83,QQQ,11,231,2024-05-24,2025-04-28,30,0.03788093693594541,0.02762391347683551,-0.008449278633228974,-0.08385120826501104,-0.17672288563514968,-0.0102570234591099,0.4666666666666667,0.43333333333333335,10.633333333333333,0.3633189033189032
D20_conserv,20,dip12_w20_stop08,84,SOXX,4,84,2025-03-26,2025-07-25,29,0.2196761364203743,0.07595114713094647,0.03561689334619955,0.363392109554735,-0.08969298718493146,-0.14372498928942784,0.5172413793103449,0.13793103448275862,2.7241379310344827,0.3374384236453202
D20_conserv,20,dip12_w20_stop08,85,SOXX,3,63,2024-01-12,2024-04-12,29,0.17490173722683933,0.06982500336318415,0.01487699750877347,0.6413768231367424,-0.08222799584285789,-0.10507673386365518,0.6206896551724138,0.1724137931034483,3.1379310344827585,0.397591680350301
D20_conserv,20,dip12_w20_stop08,86,QQQ,4,84,2025-08-13,2025-12-10,30,0.08270584442079376,0.02994985599989991,-0.010831068235957197,-0.3924502594581837,-0.06981958600903022,-0.05275598842089385,0.3333333333333333,0.16666666666666666,3.566666666666667,0.3076984126984127
D20_conserv,20,dip12_w20_stop08,87,QQQ,9,189,2025-08-12,2026-05-12,30,0.2238015104269533,0.06744281982093257,-0.005075345086436145,-0.0709930330229965,-0.13161176648128006,-0.1563586906060207,0.4666666666666667,0.2,8.7,0.29012345679012347
D20_conserv,20,dip12_w20_stop08,88,QQQ,3,63,2023-09-06,2023-12-04,30,0.0323937441740032,-0.014189398984185805,-0.02305603600159828,-0.35798463319942353,-0.08300720396959194,-0.04658314315818901,0.36666666666666664,0.1,3.066666666666667,0.3983068783068783
D20_conserv,20,dip12_w20_stop08,89,QQQ,6,126,2024-03-08,2024-09-06,30,0.02500440115388769,-0.02823853421051447,-0.015117460829593643,-0.241026790901203,-0.13273653019616563,-0.05324293536440216,0.36666666666666664,0.36666666666666664,5.633333333333334,0.35164021164021175
D20_conserv,20,dip12_w20_stop08,90,SOXX,4,84,2024-02-09,2024-06-10,29,0.16166402534839164,0.03932476444732456,0.0503626464314515,0.535694341169524,-0.0949205254133216,-0.12233926090106709,0.6206896551724138,0.10344827586206896,4.275862068965517,0.3801313628899836
D20_conserv,20,dip12_w20_stop08,91,QQQ,6,126,2024-12-26,2025-06-30,30,0.04434132972322158,0.04981908380661525,-0.02683302601958798,0.11275718787404757,-0.13537968552783702,0.005477754083393668,0.4,0.36666666666666664,6.633333333333334,0.32417989417989423
D20_conserv,20,dip12_w20_stop08,92,QQQ,2,42,2024-07-11,2024-09-09,30,-0.0761694342464847,-0.04950202857370901,-0.027895336927161285,-1.4567362620494488,-0.07542175246248277,0.026667405672775694,0.1,0.7666666666666667,2.6,0.2706349206349206
D20_conserv,20,dip12_w20_stop08,93,QQQ,8,168,2025-09-04,2026-05-05,30,0.18933459993954838,0.07590767776251538,-0.010331675172023214,0.184390521065332,-0.14109313094257325,-0.113426922177033,0.4666666666666667,0.2,7.833333333333333,0.3509920634920636
D20_conserv,20,dip12_w20_stop08,94,QQQ,11,231,2023-08-28,2024-07-29,29,0.27358869545907205,0.01480241911116683,0.002426420351204328,0.1827806157670905,-0.13585722106158427,-0.25878627634790524,0.5172413793103449,0.0,8.137931034482758,0.4080310494103597
D20_conserv,20,dip12_w20_stop08,95,SOXX,2,42,2024-10-18,2024-12-17,29,-0.02239739013513642,0.0008831124941784416,-0.014448255656512754,-0.8803452362027615,-0.06689669383912658,0.023280502629314862,0.3793103448275862,0.6551724137931034,2.896551724137931,0.25073891625615763
D20_conserv,20,dip12_w20_stop08,96,QQQ,9,189,2024-06-04,2025-03-06,30,0.07941245707007138,-0.039299943822572736,-0.03917417610938584,-0.08288638194066822,-0.17396034346703754,-0.11871240089264412,0.3333333333333333,0.16666666666666666,8.7,0.33474426807760144
D20_conserv,20,dip12_w20_stop08,97,SOXX,5,105,2025-12-31,2026-06-02,30,1.0102699251297969,0.3142077615291398,0.284556833554105,2.040832275781877,-0.10597699927322557,-0.696062163600657,0.9333333333333333,0.0,5.333333333333333,0.33422222222222225
D20_conserv,20,dip12_w20_stop08,98,QQQ,4,84,2025-02-28,2025-06-30,30,0.08838217445442198,0.038060787988943814,0.010886420401123309,0.1772054063722161,-0.07241225819140401,-0.050321386465478166,0.6,0.2,3.7333333333333334,0.2685714285714286
D20_conserv,20,dip12_w20_stop08,99,SOXX,2,42,2026-05-13,2026-07-14,30,0.07552608567751218,0.005429625702977962,-0.00550432168513626,-0.09137386610295942,-0.0608604894003071,-0.07009645997453422,0.4666666666666667,0.06666666666666667,2.1,0.21015873015873018
