scheme,scheme_id,note,run,universe,months,eval_days,win_start,win_end,n_names,bench_ret,s12_mean_ret,dip_mean_ret,dip_minus_s12,s12_mean_mdd,dip_mean_mdd,s12_mean_exposure,dip_mean_exposure,dip_beat_s12,s12_vs_bench,dip_vs_bench,s12_positive,dip_positive
D01_baseline,1,baseline_dip10_w25,0,SOXX,4,84,2025-01-15,2025-05-15,29,-0.04268264905560459,-0.025716990511332718,-0.05137021612942704,-0.025653225618094324,-0.09008269398142583,-0.12808772268368687,0.10139573070607558,0.18780788177339905,0,0.016965658544271876,-0.008687567073822448,0,0
D01_baseline,1,baseline_dip10_w25,1,SOXX,4,84,2025-11-26,2026-03-30,29,0.06535932477276907,0.13060434817914052,0.15058991204287675,0.019985563863736233,-0.09666914509833963,-0.11384466897619858,0.3259441707717569,0.43678160919540227,1,0.06524502340637145,0.08523058727010768,1,1
D01_baseline,1,baseline_dip10_w25,2,SOXX,12,252,2024-06-12,2025-06-13,30,-0.11229341109132818,-0.08609364403663103,-0.10759729787447518,-0.021503653837844153,-0.23588366404305075,-0.26444925331373986,0.21468253968253967,0.304265873015873,0,0.02619976705469715,0.004696113216852996,0,0
D01_baseline,1,baseline_dip10_w25,3,QQQ,1,21,2026-01-13,2026-02-11,30,-0.02096638715391519,-0.014627542256874316,-0.021458211720641548,-0.006830669463767232,-0.05458277455918684,-0.0654618880392233,0.4031746031746032,0.45753968253968247,0,0.006338844897040874,-0.0004918245667263586,0,0
D01_baseline,1,baseline_dip10_w25,4,QQQ,8,168,2025-02-28,2025-10-28,30,0.2501946013536971,0.07269972065454076,0.10543103389347734,0.03273131323893658,-0.13812305774620287,-0.14482229418219486,0.2779761904761905,0.3873511904761905,1,-0.1774948806991563,-0.14476356746021973,1,1
D01_baseline,1,baseline_dip10_w25,5,SOXX,3,63,2025-03-10,2025-06-06,29,0.11931811258500846,0.023024491089483737,0.010175115113223455,-0.012849375976260282,-0.027145179397823276,-0.052248761395157724,0.08866995073891625,0.1490147783251231,0,-0.09629362149552473,-0.109142997471785,1,1
D01_baseline,1,baseline_dip10_w25,6,SOXX,12,252,2024-10-18,2025-10-21,30,0.27929057935732526,0.08040498987955062,0.10003256573835691,0.019627575858806284,-0.18728003050003003,-0.19805252993249717,0.2891534391534391,0.37023809523809526,1,-0.19888558947777463,-0.17925801361896837,1,1
D01_baseline,1,baseline_dip10_w25,7,SOXX,5,105,2024-08-02,2024-12-31,30,0.04615473659290337,-0.007383155687375146,-0.009409091118809616,-0.00202593543143447,-0.09986809917066228,-0.11484867690872465,0.15714285714285714,0.24595238095238098,0,-0.05353789228027851,-0.05556382771171298,0,0
D01_baseline,1,baseline_dip10_w25,8,SOXX,11,231,2024-01-29,2024-12-26,30,0.11728595595420654,-0.014050142007062175,-0.002380065944712998,0.011670076062349178,-0.22765483794891364,-0.23906553317822465,0.2554112554112554,0.3611111111111111,1,-0.13133609796126872,-0.11966602189891955,0,0
D01_baseline,1,baseline_dip10_w25,9,QQQ,7,147,2025-12-22,2026-07-24,30,0.10761391047221691,0.011967165923700219,0.05125526980242914,0.03928810387872893,-0.11138535137425892,-0.12538220596058322,0.2068027210884354,0.2977891156462585,1,-0.0956467445485167,-0.05635864066978777,1,1
D01_baseline,1,baseline_dip10_w25,10,SOXX,11,231,2025-04-30,2026-03-31,30,0.7991728873661996,0.24120132927579618,0.33795715123927217,0.09675582196347599,-0.18151182396438895,-0.184081591792696,0.32958152958152964,0.43322510822510824,1,-0.5579715580904034,-0.46121573612692746,1,1
D01_baseline,1,baseline_dip10_w25,11,SOXX,7,147,2023-12-07,2024-07-10,30,0.5448438251272811,0.15643696946934116,0.2042479508696955,0.047810981400354335,-0.13145231080705216,-0.13781957390140293,0.34852607709750566,0.459750566893424,1,-0.38840685565794,-0.34059587425758564,1,1
D01_baseline,1,baseline_dip10_w25,12,QQQ,11,231,2024-03-27,2025-02-27,30,0.12982124242441295,0.006866921906544258,0.02032142118947771,0.013454499282933453,-0.13945240282328086,-0.14094110033481122,0.29913419913419914,0.3870851370851371,1,-0.1229543205178687,-0.10949982123493524,1,1
D01_baseline,1,baseline_dip10_w25,13,QQQ,10,210,2024-09-30,2025-08-01,30,0.1396406940506143,0.13642248264481188,0.15384653828455422,0.017424055639742336,-0.13907255241929703,-0.15088785839289492,0.29253968253968254,0.3885714285714285,1,-0.003218211405802418,0.014205844233939918,1,1
D01_baseline,1,baseline_dip10_w25,14,QQQ,9,189,2025-02-11,2025-11-10,30,0.1848421423831519,0.04006495843578965,0.05226148569036739,0.01219652725457774,-0.14697553389521303,-0.1505041317827903,0.3174603174603175,0.4125661375661375,1,-0.14477718394736222,-0.1325806566927845,1,1
D01_baseline,1,baseline_dip10_w25,15,SOXX,2,42,2023-11-10,2024-01-11,29,0.1337866151876319,0.0774943989489612,0.08501763457531868,0.007523235626357483,-0.05469737112963862,-0.06144124212624824,0.4778325123152709,0.5428981937602627,1,-0.056292216238670714,-0.04876898061231323,1,1
D01_baseline,1,baseline_dip10_w25,16,QQQ,8,168,2025-04-17,2025-12-16,30,0.38065075650801794,0.05822628509197105,0.06825276642406436,0.010026481332093308,-0.09045853742073709,-0.10541638071494694,0.22182539682539681,0.32668650793650783,1,-0.3224244714160469,-0.3123979900839536,1,1
D01_baseline,1,baseline_dip10_w25,17,QQQ,3,63,2023-10-12,2024-01-11,29,0.10935443004554912,0.009703347775665807,0.026985654797575913,0.017282307021910106,-0.07684055243996374,-0.0804213453436331,0.3787629994526547,0.4796113847837986,1,-0.09965108226988331,-0.0823687752479732,1,1
D01_baseline,1,baseline_dip10_w25,18,SOXX,7,147,2025-06-02,2025-12-30,29,0.4742072430583639,0.08455874395636237,0.14953854043722564,0.06497979648086327,-0.17907138410292056,-0.17430931822955742,0.4133239502697632,0.5069200093830635,1,-0.38964849910200156,-0.3246687026211383,1,1
D01_baseline,1,baseline_dip10_w25,19,QQQ,2,42,2026-01-20,2026-03-19,30,-0.024734412068352585,-0.003904880697059835,-0.011999565028523125,-0.00809468433146329,-0.04664148075686558,-0.06002207373665834,0.2563492063492063,0.3208333333333334,0,0.02082953137129275,0.01273484703982946,0,0
D01_baseline,1,baseline_dip10_w25,20,QQQ,2,42,2025-12-30,2026-03-02,30,-0.01830706738570409,0.020542259241984707,0.02811790580226558,0.007575646560280872,-0.05202848290647793,-0.06234374774512004,0.3150793650793651,0.40297619047619043,1,0.03884932662768879,0.04642497318796967,1,1
D01_baseline,1,baseline_dip10_w25,21,QQQ,8,168,2024-02-14,2024-10-14,30,0.15334197720866793,0.01763376201115824,0.03578713690678715,0.01815337489562891,-0.1322396468346643,-0.13469305471068158,0.32797619047619037,0.4333829365079366,1,-0.1357082151975097,-0.11755484030188079,1,1
D01_baseline,1,baseline_dip10_w25,22,QQQ,4,84,2025-10-15,2026-02-13,30,0.000789757805571778,0.041634413714619276,0.051019994739877256,0.00938558102525798,-0.08767623706279756,-0.0947940614258181,0.3873015873015873,0.4780753968253968,1,0.0408446559090475,0.05023023693430548,1,1
D01_baseline,1,baseline_dip10_w25,23,QQQ,3,63,2026-01-08,2026-04-09,30,-0.0153279984002892,-0.00015153970303823558,0.012309606014292814,0.01246114571733105,-0.07822959166317958,-0.09012366206591205,0.2523809523809524,0.344047619047619,1,0.015176458697250964,0.027637604414582014,0,1
D01_baseline,1,baseline_dip10_w25,24,SOXX,5,105,2026-02-10,2026-07-13,30,0.5770256813269112,0.13659686114321096,0.1827214191671501,0.04612455802393914,-0.06750382261710434,-0.10255623447221703,0.12349206349206351,0.283015873015873,1,-0.4404288201837003,-0.3943042621597611,1,1
D01_baseline,1,baseline_dip10_w25,25,QQQ,5,105,2026-01-14,2026-06-15,30,0.20238584863226716,0.04480905436171883,0.06225023845759794,0.01744118409587911,-0.0814089650586057,-0.09813531105007807,0.1892063492063492,0.2865079365079365,1,-0.15757679427054833,-0.14013561017466922,1,1
D01_baseline,1,baseline_dip10_w25,26,QQQ,12,252,2025-01-16,2026-01-16,30,0.21698527291142944,0.0058803715805283464,0.021913098025425952,0.016032726444897605,-0.15853139701677746,-0.1658009533689974,0.27777777777777773,0.37404100529100526,1,-0.2111049013309011,-0.19507217488600348,1,1
D01_baseline,1,baseline_dip10_w25,27,SOXX,4,84,2026-03-20,2026-07-21,30,0.6629647609934404,0.09246450214498574,0.16770139055162095,0.07523688840663521,-0.045970691350039505,-0.0968134507557206,0.09761904761904759,0.28065476190476185,1,-0.5705002588484547,-0.49526337044181945,1,1
D01_baseline,1,baseline_dip10_w25,28,SOXX,10,210,2023-09-12,2024-07-12,30,0.6054241699570708,0.16010458794897048,0.22600762227214774,0.06590303432317726,-0.15291596127570126,-0.14374344067202952,0.3422222222222222,0.4473809523809524,1,-0.44531958200810035,-0.37941654768492306,1,1
D01_baseline,1,baseline_dip10_w25,29,QQQ,10,210,2023-11-02,2024-09-04,29,0.2742635518580856,0.07824104849807687,0.09834500526267735,0.020103956764600486,-0.14724112546969834,-0.14927821573376898,0.4203612479474548,0.49133825944170784,1,-0.19602250336000873,-0.17591854659540823,1,1
D01_baseline,1,baseline_dip10_w25,30,SOXX,11,231,2025-02-26,2026-01-27,30,0.6222676159829015,0.1711368514401048,0.23185308906561375,0.060716237625508956,-0.19787028190037134,-0.1933515598342219,0.31746031746031744,0.4020923520923522,1,-0.45113076454279666,-0.39041452691728773,1,1
D01_baseline,1,baseline_dip10_w25,31,SOXX,4,84,2024-11-26,2025-03-31,30,-0.12412360871542705,-0.032152561625399236,-0.03853811017785078,-0.006385548552451548,-0.09531311281221044,-0.11929582881110079,0.17658730158730157,0.29434523809523816,0,0.09197104709002782,0.08558549853757627,0,0
D01_baseline,1,baseline_dip10_w25,32,SOXX,3,63,2024-07-29,2024-10-24,29,-0.004528432055198928,-0.01717969917744293,-0.02612929549997771,-0.008949596322534777,-0.05077110926622666,-0.07109982278459223,0.09140667761357416,0.1870552818828681,0,-0.012651267122244004,-0.02160086344477878,0,0
D01_baseline,1,baseline_dip10_w25,33,SOXX,7,147,2025-09-16,2026-04-16,29,0.5731894193346554,0.2428581070521754,0.3356698537494103,0.09281174669723488,-0.1605512081869748,-0.16282360539566365,0.3309875674407695,0.44927281257330526,1,-0.33033131228248,-0.23751956558524512,1,1
D01_baseline,1,baseline_dip10_w25,34,QQQ,4,84,2024-05-31,2024-09-30,30,0.08613665447903895,-0.02094604149667747,-0.002814609276474104,0.018131432220203365,-0.11243876407913302,-0.11312991436425271,0.3619047619047619,0.45892857142857146,1,-0.10708269597571643,-0.08895126375551306,0,0
D01_baseline,1,baseline_dip10_w25,35,QQQ,9,189,2025-02-11,2025-11-10,30,0.1848421423831519,0.0778069487759237,0.07165418938462877,-0.006152759391294935,-0.15279406301724527,-0.15769565960865078,0.3052910052910052,0.39307760141093484,0,-0.10703519360722819,-0.11318795299852312,1,1
D01_baseline,1,baseline_dip10_w25,36,QQQ,3,63,2025-01-14,2025-04-14,30,-0.0928917402537448,-0.014715106421000608,-0.015079275813420811,-0.00036416939242020323,-0.0943586033322837,-0.11664873631627672,0.2613756613756614,0.36230158730158724,0,0.0781766338327442,0.077812464440324,0,0
D01_baseline,1,baseline_dip10_w25,37,SOXX,10,210,2024-08-26,2025-06-27,30,0.05767020978785542,0.046170386833983716,0.019811994620032223,-0.026358392213951493,-0.14069969891344225,-0.16617849353402034,0.18349206349206346,0.2696428571428572,0,-0.011499822953871704,-0.0378582151678232,1,1
D01_baseline,1,baseline_dip10_w25,38,SOXX,12,252,2024-07-02,2025-07-03,30,-0.019691750048819512,-0.042699691533501484,-0.06522871440981934,-0.022529022876317854,-0.22362703060876782,-0.25625239299638986,0.1978835978835979,0.28541666666666665,0,-0.023007941484681972,-0.045536964360999826,0,0
D01_baseline,1,baseline_dip10_w25,39,QQQ,5,105,2024-09-23,2025-02-24,30,0.07798173822976961,0.06547072313479577,0.07411096399690921,0.008640240862113444,-0.09793759599584707,-0.10555784124649621,0.40888888888888886,0.4904761904761905,1,-0.012511015094973849,-0.003870774232860405,1,1
D01_baseline,1,baseline_dip10_w25,40,QQQ,12,252,2025-05-13,2026-05-13,30,0.3929080380641541,0.10209609867488217,0.13727140081748543,0.035175302142603254,-0.18245185130402916,-0.19793312794389942,0.31388888888888894,0.40089285714285716,1,-0.2908119393892719,-0.25563663724666863,1,1
D01_baseline,1,baseline_dip10_w25,41,SOXX,5,105,2024-12-18,2025-05-21,29,-0.03550491258274213,-0.03958675821020653,-0.06383961576826659,-0.02425285755806006,-0.12360463930904281,-0.1558582504090855,0.1714285714285714,0.2566502463054187,0,-0.0040818456274644005,-0.02833470318552446,0,0
D01_baseline,1,baseline_dip10_w25,42,QQQ,1,21,2026-06-01,2026-06-30,30,-0.007446386853765863,-0.004137721075456391,0.0012199065631248284,0.005357627638581219,-0.012896127851843646,-0.026644759948600782,0.10793650793650794,0.2357142857142857,1,0.003308665778309472,0.00866629341689069,0,1
D01_baseline,1,baseline_dip10_w25,43,SOXX,5,105,2025-04-30,2025-09-29,30,0.46913595929254015,0.12020837437946033,0.15730170322335219,0.037093328843891854,-0.11467746009539652,-0.11605342105606438,0.391111111111111,0.4632539682539683,1,-0.34892758491307985,-0.31183425606918797,1,1
D01_baseline,1,baseline_dip10_w25,44,SOXX,5,105,2024-07-24,2024-12-19,29,-0.07336127646416635,0.014440215493246455,0.0070375625505327295,-0.007402652942713726,-0.10254019487332973,-0.11868836368188701,0.1960591133004926,0.2897372742200328,0,0.0878014919574128,0.08039883901469908,1,1
D01_baseline,1,baseline_dip10_w25,45,SOXX,12,252,2024-03-06,2025-03-07,30,-0.10757483963704584,-0.08439870231549465,-0.08788115574956192,-0.0034824534340672647,-0.23166021795046768,-0.2440716195022103,0.24735449735449733,0.3521494708994709,0,0.023176137321551188,0.019693683887483923,0,0
D01_baseline,1,baseline_dip10_w25,46,SOXX,11,231,2024-02-13,2025-01-14,30,0.07418656590600592,0.02756966561592551,0.04746755424268919,0.01989788862676368,-0.20760107677177955,-0.220057776093018,0.2522366522366522,0.3586580086580086,1,-0.04661690029008041,-0.02671901166331673,1,1
D01_baseline,1,baseline_dip10_w25,47,QQQ,12,252,2025-06-12,2026-06-12,30,0.3582275230463974,0.10374190539348917,0.1516075098020718,0.04786560440858263,-0.1650181027476526,-0.17902107095898662,0.28941798941798946,0.38591269841269843,1,-0.2544856176529082,-0.20662001324432558,1,1
D01_baseline,1,baseline_dip10_w25,48,QQQ,1,21,2025-07-02,2025-07-31,30,0.02579898212369769,0.009147873504681665,0.009664643627366768,0.0005167701226851031,-0.03190240724898848,-0.037258955432518316,0.3682539682539682,0.46984126984126984,1,-0.016651108619016024,-0.01613433849633092,1,1
D01_baseline,1,baseline_dip10_w25,49,QQQ,6,126,2024-03-22,2024-09-20,30,0.08250098618182977,-0.011823329141226387,0.002069738981816223,0.01389306812304261,-0.1258061830418667,-0.12509894314499326,0.29550264550264543,0.39371693121693124,1,-0.09432431532305616,-0.08043124720001354,0,1
D01_baseline,1,baseline_dip10_w25,50,QQQ,11,231,2025-04-16,2026-03-18,30,0.3441101199491847,0.036376948153369094,0.05462593079503653,0.01824898264166744,-0.12889573510110175,-0.13880638696230538,0.26536796536796536,0.35537518037518034,1,-0.3077331717958156,-0.2894841891541482,1,1
D01_baseline,1,baseline_dip10_w25,51,SOXX,12,252,2025-05-09,2026-05-11,30,1.7645874371661052,0.4097080988831326,0.5737974870214662,0.16408938813833357,-0.19101367705129177,-0.19348427175482588,0.3484126984126984,0.4477843915343915,1,-1.3548793382829727,-1.190789950144639,1,1
D01_baseline,1,baseline_dip10_w25,52,QQQ,6,126,2024-07-26,2025-01-27,30,0.11403101000835725,0.05681938935261872,0.0818599964263329,0.025040607073714187,-0.12773069541356347,-0.12930953126047876,0.3232804232804233,0.425,1,-0.05721162065573853,-0.032171013582024344,1,1
D01_baseline,1,baseline_dip10_w25,53,SOXX,9,189,2025-02-25,2025-11-21,30,0.27137739698000374,0.056180111741826515,0.06127231098984617,0.005092199248019652,-0.16495208287193883,-0.175733752137165,0.28395061728395066,0.36746031746031743,1,-0.21519728523817722,-0.21010508599015756,1,1
D01_baseline,1,baseline_dip10_w25,54,QQQ,10,210,2025-06-10,2026-04-10,30,0.14941279936704488,-0.015405285196039335,-0.021937696617527338,-0.006532411421488003,-0.13625480198106962,-0.15235672921900256,0.2634920634920635,0.3493650793650794,0,-0.16481808456308422,-0.17135049598457222,0,0
D01_baseline,1,baseline_dip10_w25,55,QQQ,9,189,2024-03-12,2024-12-09,30,0.18252348107739125,0.055664773216138046,0.07102595169003954,0.015361178473901498,-0.12915008536707423,-0.12871542352157853,0.3707231040564374,0.4529982363315697,1,-0.1268587078612532,-0.1114975293873517,1,1
D01_baseline,1,baseline_dip10_w25,56,SOXX,1,21,2026-03-06,2026-04-06,30,0.06430085839175526,0.002552041162142956,0.012199010196035172,0.009646969033892217,-0.012963321553764555,-0.04028570472173295,0.06984126984126983,0.25833333333333336,1,-0.0617488172296123,-0.052101848195720085,1,1
D01_baseline,1,baseline_dip10_w25,57,QQQ,11,231,2024-12-30,2025-12-01,30,0.2014930365864087,0.06266015330288494,0.08431013659861276,0.02164998329572783,-0.1598500025072416,-0.1639310939916702,0.2909090909090909,0.38585858585858585,1,-0.13883288328352378,-0.11718289998779595,1,1
D01_baseline,1,baseline_dip10_w25,58,QQQ,4,84,2025-05-06,2025-09-04,30,0.19622773691571815,0.02277270503400945,0.03134932908833755,0.008576624054328099,-0.07513828177160067,-0.08299698136893913,0.29166666666666663,0.39097222222222217,1,-0.17345503188170872,-0.1648784078273806,1,1
D01_baseline,1,baseline_dip10_w25,59,SOXX,4,84,2026-02-25,2026-06-25,30,0.7007669266812115,0.09044155816110022,0.19928393110155254,0.10884237294045232,-0.07194405578107436,-0.09656870328219193,0.1384920634920635,0.3005952380952381,1,-0.6103253685201113,-0.501482995579659,1,1
D01_baseline,1,baseline_dip10_w25,60,SOXX,1,21,2024-12-26,2025-01-28,29,-0.04487098139039003,-0.03273396754475295,-0.03281712885132092,-8.316130656797066e-05,-0.06564789337488112,-0.07986634009453146,0.27586206896551724,0.3866995073891626,0,0.012137013845637083,0.012053852539069113,0,0
D01_baseline,1,baseline_dip10_w25,61,SOXX,3,63,2024-01-26,2024-04-25,29,0.06710111015930864,0.02188533088741311,0.02266964641553545,0.0007843155281223417,-0.05970782911130342,-0.08081224002797456,0.22167487684729062,0.3654898741105637,1,-0.04521577927189553,-0.044431463743773186,1,1
D01_baseline,1,baseline_dip10_w25,62,SOXX,3,63,2025-06-20,2025-09-18,29,0.19111850646885342,0.09125785621270052,0.11683317572740469,0.025575319514704167,-0.11324479512224543,-0.11590890220188911,0.48056923918992883,0.5689655172413793,1,-0.0998606502561529,-0.07428533074144873,1,1
D01_baseline,1,baseline_dip10_w25,63,QQQ,3,63,2025-10-01,2025-12-30,30,0.0281443024583361,-0.007672257166568985,-0.005265403052104016,0.0024068541144649696,-0.057252876515231955,-0.06444691162860608,0.25661375661375657,0.3314814814814815,1,-0.035816559624905084,-0.03340970551044012,0,0
D01_baseline,1,baseline_dip10_w25,64,QQQ,2,42,2024-06-12,2024-08-12,30,-0.046509750935051275,-0.030689981486153213,-0.02580432055172097,0.004885660934432243,-0.07187451483260328,-0.08084021258728431,0.3507936507936508,0.4537698412698413,1,0.015819769448898062,0.020705430383330305,0,0
D01_baseline,1,baseline_dip10_w25,65,SOXX,7,147,2024-03-27,2024-10-24,29,0.010917916153216245,-0.017449618185238974,-0.01599115334447567,0.0014584648407633023,-0.1614083097554402,-0.17534238266540092,0.2629603565564157,0.3634177809054656,1,-0.02836753433845522,-0.026909069497691916,0,0
D01_baseline,1,baseline_dip10_w25,66,QQQ,7,147,2024-06-18,2025-01-17,30,0.0802486743430566,0.00029853127965911254,0.022816277952172035,0.022517746672512922,-0.13011363603454423,-0.1279691435672089,0.35124716553287977,0.4348639455782312,1,-0.0799501430633975,-0.05743239639088457,1,1
D01_baseline,1,baseline_dip10_w25,67,SOXX,6,126,2025-02-27,2025-08-27,30,0.2288069130259598,0.09602472964249355,0.09603041406425451,5.684421760965286e-06,-0.11061219488937407,-0.12858210964911465,0.3126984126984126,0.37962962962962954,1,-0.13278218338346626,-0.1327764989617053,1,1
D01_baseline,1,baseline_dip10_w25,68,SOXX,2,42,2026-01-27,2026-03-26,30,-0.06274182234420844,0.0032193452924548414,-0.002855439167158935,-0.0060747844596137765,-0.05896621171963992,-0.08238135459974832,0.19920634920634922,0.33412698412698416,0,0.06596116763666328,0.05988638317704951,1,0
D01_baseline,1,baseline_dip10_w25,69,SOXX,8,168,2025-08-27,2026-04-28,30,0.752796897064234,0.17512795042041496,0.2773315141090277,0.10220356368861272,-0.17448596435949304,-0.1785672906599009,0.31924603174603183,0.4384424603174603,1,-0.5776689466438191,-0.47546538295520635,1,1
D01_baseline,1,baseline_dip10_w25,70,SOXX,5,105,2024-09-20,2025-02-21,29,0.005406814450626518,0.003468495639504155,0.004653757330871451,0.0011852616913672954,-0.09789538854854749,-0.11213112137214172,0.187192118226601,0.29261083743842364,1,-0.001938318811122363,-0.0007530571197550675,1,1
D01_baseline,1,baseline_dip10_w25,71,SOXX,4,84,2025-09-17,2026-01-15,29,0.30628589985012833,0.09548057248306517,0.1388515599951148,0.04337098751204964,-0.13684856978281387,-0.1432885497841079,0.3788998357963875,0.48009031198686364,1,-0.21080532736706314,-0.16743433985501352,1,1
D01_baseline,1,baseline_dip10_w25,72,QQQ,4,84,2025-06-23,2025-10-20,30,0.1516013225816759,0.03716667462224955,0.04876267255198063,0.01159599792973108,-0.08772548229479836,-0.09571925280659103,0.3146825396825397,0.407936507936508,1,-0.11443464795942637,-0.10283865002969528,1,1
D01_baseline,1,baseline_dip10_w25,73,SOXX,10,210,2023-11-28,2024-09-27,30,0.3732977081618618,0.06661678645753953,0.0865161758837469,0.019899389426207365,-0.18894426088698602,-0.1942856723431737,0.3076190476190476,0.4098809523809523,1,-0.30668092170432226,-0.2867815322781149,1,1
D01_baseline,1,baseline_dip10_w25,74,QQQ,9,189,2025-04-09,2026-01-08,30,0.33624069066151074,0.13339435324806054,0.1638149546227344,0.030420601374673867,-0.1364775405035114,-0.14268187031382976,0.35555555555555557,0.43544973544973536,1,-0.2028463374134502,-0.17242573603877634,1,1
D01_baseline,1,baseline_dip10_w25,75,QQQ,12,252,2024-12-19,2025-12-22,30,0.21234993913837386,0.07282488524533995,0.1021302910868033,0.02930540584146335,-0.15411353549119883,-0.17234231471831857,0.2826719576719577,0.37298280423280417,1,-0.1395250538930339,-0.11021964805157056,1,1
D01_baseline,1,baseline_dip10_w25,76,SOXX,5,105,2024-05-10,2024-10-09,29,0.07166292185798206,0.014436981495001656,0.007732025735811673,-0.006704955759189983,-0.12451546382428642,-0.15010172289009316,0.25155993431855495,0.3479474548440065,0,-0.05722594036298041,-0.06393089612217039,1,1
D01_baseline,1,baseline_dip10_w25,77,SOXX,8,168,2025-08-01,2026-04-01,30,0.4329721592393472,0.15866805757439584,0.21503629568416122,0.05636823810976538,-0.18501848805024199,-0.18205389030013147,0.3426587301587301,0.4579861111111112,1,-0.27430410166495134,-0.21793586355518596,1,1
D01_baseline,1,baseline_dip10_w25,78,QQQ,7,147,2025-11-12,2026-06-15,30,0.20096913413608264,-0.018947353643036353,0.019761208282094173,0.03870856192513053,-0.12973603679726417,-0.13583152723389286,0.2376417233560091,0.3331632653061225,1,-0.21991648777911899,-0.18120792585398846,0,1
D01_baseline,1,baseline_dip10_w25,79,SOXX,9,189,2023-12-14,2024-09-16,30,0.16790498618580796,0.0008636282377531334,0.006822135111537975,0.005958506873784842,-0.1882736533618384,-0.19457578343040777,0.3310405643738977,0.4367283950617284,1,-0.16704135794805483,-0.16108285107426998,1,1
D01_baseline,1,baseline_dip10_w25,80,QQQ,6,126,2024-01-19,2024-07-19,30,0.13164162035706783,0.01752199700392435,0.029969165632052805,0.012447168628128454,-0.11178035471042873,-0.11973197612687868,0.32089947089947096,0.4180555555555555,1,-0.11411962335314349,-0.10167245472501503,1,1
D01_baseline,1,baseline_dip10_w25,81,QQQ,1,21,2024-11-13,2024-12-12,30,0.027818437813410313,0.02434417817350658,0.02768404278404197,0.0033398646105353876,-0.025412970421883403,-0.03082860675279849,0.3349206349206349,0.41309523809523807,1,-0.003474259639903731,-0.00013439502936834352,1,1
D01_baseline,1,baseline_dip10_w25,82,SOXX,10,210,2024-06-21,2025-04-23,30,-0.303438756357962,-0.10953684636102978,-0.14571406366389786,-0.036177217302868075,-0.21927545671237217,-0.2546655036113155,0.1858730158730159,0.2782142857142857,0,0.19390190999693224,0.15772469269406417,0,0
D01_baseline,1,baseline_dip10_w25,83,QQQ,11,231,2024-05-24,2025-04-28,30,0.03788093693594541,0.02352067792770555,0.03851733079777038,0.014996652870064828,-0.18620256126856274,-0.1904343883126183,0.3011544011544011,0.3955266955266955,1,-0.014360259008239857,0.0006363938618249715,1,1
D01_baseline,1,baseline_dip10_w25,84,SOXX,4,84,2025-03-26,2025-07-25,29,0.21967623083558907,0.08166603233309737,0.07576333405137002,-0.005902698281727348,-0.0830621153910326,-0.09450373200294528,0.3091133004926108,0.35519293924466333,0,-0.1380101985024917,-0.14391289678421904,1,1
D01_baseline,1,baseline_dip10_w25,85,SOXX,3,63,2024-01-12,2024-04-12,29,0.17490145812316005,0.060582022508329274,0.07685961614750654,0.016277593639177267,-0.07771614238565261,-0.0862677105856509,0.3130815544608648,0.4534756431308155,1,-0.11431943561483077,-0.09804184197565351,1,1
D01_baseline,1,baseline_dip10_w25,86,QQQ,4,84,2025-08-13,2025-12-10,30,0.08270595883887877,-0.0020598467100503243,0.005289282206136281,0.007349128916186606,-0.07138796413813867,-0.0850292463159863,0.2472222222222222,0.355952380952381,1,-0.0847658055489291,-0.07741667663274249,0,1
D01_baseline,1,baseline_dip10_w25,87,QQQ,9,189,2025-08-12,2026-05-12,30,0.22380163982039725,-0.006650453236212702,0.029336001536933793,0.03598645477314649,-0.14081880209020553,-0.15129957006331363,0.2324514991181658,0.33183421516754846,1,-0.23045209305660994,-0.19446563828346344,0,1
D01_baseline,1,baseline_dip10_w25,88,QQQ,3,63,2023-09-06,2023-12-04,30,0.03239382703262561,-0.018888553611716232,-0.008407378075812504,0.010481175535903728,-0.08305897001337256,-0.08946673073419406,0.33492063492063484,0.43558201058201057,1,-0.051282380644341846,-0.04080120510843811,0,0
D01_baseline,1,baseline_dip10_w25,89,QQQ,6,126,2024-03-08,2024-09-06,30,0.025004402915363988,-0.03556560225580011,-0.030605608645789723,0.004959993610010389,-0.13633623776185416,-0.14026971030776605,0.3309523809523809,0.41944444444444445,1,-0.0605700051711641,-0.05561001156115371,0,0
D01_baseline,1,baseline_dip10_w25,90,SOXX,4,84,2024-02-09,2024-06-10,29,0.16166404920459776,0.028196290271240643,0.04660862679593728,0.018412336524696638,-0.08636595624850572,-0.09866678104712731,0.3066502463054187,0.42518472906403937,1,-0.1334677589333571,-0.11505542240866048,1,1
D01_baseline,1,baseline_dip10_w25,91,QQQ,6,126,2024-12-26,2025-06-30,30,0.04434109236366246,0.007674866909558949,0.017795422607803955,0.010120555698245007,-0.1278377277741782,-0.1413004324313948,0.2677248677248677,0.35575396825396827,1,-0.03666622545410351,-0.026545669755858505,1,1
D01_baseline,1,baseline_dip10_w25,92,QQQ,2,42,2024-07-11,2024-09-09,30,-0.07616930887243911,-0.0467009139746296,-0.04370746503266217,0.0029934489419674304,-0.06533070513067755,-0.08127842318042168,0.2119047619047619,0.3474206349206349,1,0.02946839489780951,0.03246184383977694,0,0
D01_baseline,1,baseline_dip10_w25,93,QQQ,8,168,2025-09-04,2026-05-05,30,0.18933459993954838,0.056885856392562835,0.09435062882151408,0.03746477242895125,-0.13213284289849453,-0.13797562761483748,0.26369047619047614,0.3501488095238095,1,-0.13244874354698555,-0.09498397111803429,1,1
D01_baseline,1,baseline_dip10_w25,94,QQQ,11,231,2023-08-28,2024-07-29,29,0.27358869545907205,0.04338844910070174,0.07894105036360524,0.0355526012629035,-0.158549556344278,-0.15320468089271327,0.3985669502910882,0.4774593222869085,1,-0.2302002463583703,-0.1946476450954668,1,1
D01_baseline,1,baseline_dip10_w25,95,SOXX,2,42,2024-10-18,2024-12-17,29,-0.022397322959222588,0.003232917265875716,-0.001789209858100815,-0.005022127123976531,-0.05504839408824857,-0.07577399453208325,0.18308702791461412,0.28427750410509034,0,0.025630240225098303,0.02060811310112177,1,0
D01_baseline,1,baseline_dip10_w25,96,QQQ,9,189,2024-06-04,2025-03-06,30,0.0794127343756903,0.07355495139825723,0.08743045875597862,0.01387550735772139,-0.16750932370479174,-0.16917214670553374,0.31957671957671957,0.42623456790123465,1,-0.005857782977433071,0.008017724380288319,1,1
D01_baseline,1,baseline_dip10_w25,97,SOXX,5,105,2025-12-31,2026-06-02,30,1.0102699251297969,0.20892373089805882,0.3495728530869753,0.14064912218891645,-0.09511111174694611,-0.11482693232540647,0.24095238095238092,0.379047619047619,1,-0.801346194231738,-0.6606970720428216,1,1
D01_baseline,1,baseline_dip10_w25,98,QQQ,4,84,2025-02-28,2025-06-30,30,0.08838198760432037,0.04214933024015496,0.04144803642540657,-0.0007012938147483855,-0.0667824189847802,-0.08226314950979473,0.2035714285714286,0.287797619047619,0,-0.04623265736416541,-0.046933951178913795,1,1
D01_baseline,1,baseline_dip10_w25,99,SOXX,2,42,2026-05-13,2026-07-14,30,0.07552608567751218,0.007353907599346913,0.0030169464325186155,-0.004336961166828298,-0.019491828187119066,-0.07490748152950726,0.08253968253968254,0.2617063492063492,0,-0.06817217807816527,-0.07250913924499357,1,1
D02_shallow06,2,shallow_dip06,0,SOXX,4,84,2025-01-15,2025-05-15,29,-0.04268264905560459,-0.025716990511332718,-0.056321326989896496,-0.030604336478563778,-0.09008269398142583,-0.1273068452872653,0.10139573070607558,0.17467159277504105,0,0.016965658544271876,-0.013638677934291903,0,0
D02_shallow06,2,shallow_dip06,1,SOXX,4,84,2025-11-26,2026-03-30,29,0.06535932477276907,0.13060434817914052,0.14568811945747467,0.015083771278334157,-0.09666914509833963,-0.1148916786750804,0.3259441707717569,0.43842364532019706,1,0.06524502340637145,0.0803287946847056,1,1
D02_shallow06,2,shallow_dip06,2,SOXX,12,252,2024-06-12,2025-06-13,30,-0.11229341109132818,-0.08609364403663103,-0.11877224289609459,-0.03267859885946356,-0.23588366404305075,-0.2657243969068358,0.21468253968253967,0.29953703703703705,0,0.02619976705469715,-0.006478831804766411,0,0
D02_shallow06,2,shallow_dip06,3,QQQ,1,21,2026-01-13,2026-02-11,30,-0.02096638715391519,-0.014627542256874316,-0.019169531602594835,-0.00454198934572052,-0.05458277455918684,-0.06465977455033856,0.4031746031746032,0.46984126984126984,0,0.006338844897040874,0.001796855551320354,0,0
D02_shallow06,2,shallow_dip06,4,QQQ,8,168,2025-02-28,2025-10-28,30,0.2501946013536971,0.07269972065454076,0.09991414619796289,0.027214425543422127,-0.13812305774620287,-0.1443987107439255,0.2779761904761905,0.3980654761904762,1,-0.1774948806991563,-0.15028045515573418,1,1
D02_shallow06,2,shallow_dip06,5,SOXX,3,63,2025-03-10,2025-06-06,29,0.11931811258500846,0.023024491089483737,0.008540224664859696,-0.014484266424624042,-0.027145179397823276,-0.049783569457787294,0.08866995073891625,0.1488779419813902,0,-0.09629362149552473,-0.11077788792014877,1,1
D02_shallow06,2,shallow_dip06,6,SOXX,12,252,2024-10-18,2025-10-21,30,0.27929057935732526,0.08040498987955062,0.07736130057603648,-0.0030436893035141466,-0.18728003050003003,-0.20341758864877527,0.2891534391534391,0.3721230158730159,0,-0.19888558947777463,-0.2019292787812888,1,1
D02_shallow06,2,shallow_dip06,7,SOXX,5,105,2024-08-02,2024-12-31,30,0.04615473659290337,-0.007383155687375146,-0.013079312389454867,-0.005696156702079721,-0.09986809917066228,-0.11426981717283334,0.15714285714285714,0.2465873015873016,0,-0.05353789228027851,-0.059234048982358234,0,0
D02_shallow06,2,shallow_dip06,8,SOXX,11,231,2024-01-29,2024-12-26,30,0.11728595595420654,-0.014050142007062175,-0.0042222920445506166,0.00982784996251156,-0.22765483794891364,-0.23808185226062764,0.2554112554112554,0.3621933621933621,1,-0.13133609796126872,-0.12150824799875716,0,0
D02_shallow06,2,shallow_dip06,9,QQQ,7,147,2025-12-22,2026-07-24,30,0.10761391047221691,0.011967165923700219,0.05180344354279534,0.039836277619095126,-0.11138535137425892,-0.12259142160070223,0.2068027210884354,0.3121882086167801,1,-0.0956467445485167,-0.05581046692942157,1,1
D02_shallow06,2,shallow_dip06,10,SOXX,11,231,2025-04-30,2026-03-31,30,0.7991728873661996,0.24120132927579618,0.30034498608864335,0.05914365681284717,-0.18151182396438895,-0.18779759261900372,0.32958152958152964,0.4314213564213565,1,-0.5579715580904034,-0.4988279012775563,1,1
D02_shallow06,2,shallow_dip06,11,SOXX,7,147,2023-12-07,2024-07-10,30,0.5448438251272811,0.15643696946934116,0.20513910478773162,0.04870213531839046,-0.13145231080705216,-0.1387380799869658,0.34852607709750566,0.46354875283446706,1,-0.38840685565794,-0.3397047203395495,1,1
D02_shallow06,2,shallow_dip06,12,QQQ,11,231,2024-03-27,2025-02-27,30,0.12982124242441295,0.006866921906544258,0.02055382488605922,0.013686902979514963,-0.13945240282328086,-0.1418233849182248,0.29913419913419914,0.4104617604617606,1,-0.1229543205178687,-0.10926741753835373,1,1
D02_shallow06,2,shallow_dip06,13,QQQ,10,210,2024-09-30,2025-08-01,30,0.1396406940506143,0.13642248264481188,0.1598987327859573,0.023476250141145405,-0.13907255241929703,-0.15496069457313583,0.29253968253968254,0.4022222222222222,1,-0.003218211405802418,0.020258038735342987,1,1
D02_shallow06,2,shallow_dip06,14,QQQ,9,189,2025-02-11,2025-11-10,30,0.1848421423831519,0.04006495843578965,0.05214390977769615,0.0120789513419065,-0.14697553389521303,-0.1522341448166296,0.3174603174603175,0.42504409171075835,1,-0.14477718394736222,-0.13269823260545574,1,1
D02_shallow06,2,shallow_dip06,15,SOXX,2,42,2023-11-10,2024-01-11,29,0.1337866151876319,0.0774943989489612,0.08218674330031209,0.004692344351350894,-0.05469737112963862,-0.06155134174888875,0.4778325123152709,0.5357142857142857,1,-0.056292216238670714,-0.05159987188731982,1,1
D02_shallow06,2,shallow_dip06,16,QQQ,8,168,2025-04-17,2025-12-16,30,0.38065075650801794,0.05822628509197105,0.055748274923220466,-0.0024780101687505857,-0.09045853742073709,-0.11185069858235464,0.22182539682539681,0.35029761904761897,0,-0.3224244714160469,-0.32490248158479745,1,1
D02_shallow06,2,shallow_dip06,17,QQQ,3,63,2023-10-12,2024-01-11,29,0.10935443004554912,0.009703347775665807,0.02582166886187213,0.016118321086206325,-0.07684055243996374,-0.08176036053224896,0.3787629994526547,0.48481116584564854,1,-0.09965108226988331,-0.08353276118367699,1,1
D02_shallow06,2,shallow_dip06,18,SOXX,7,147,2025-06-02,2025-12-30,29,0.4742072430583639,0.08455874395636237,0.12607010113530298,0.04151135717894061,-0.17907138410292056,-0.1801613037269794,0.4133239502697632,0.5121393384940183,1,-0.38964849910200156,-0.34813714192306094,1,1
D02_shallow06,2,shallow_dip06,19,QQQ,2,42,2026-01-20,2026-03-19,30,-0.024734412068352585,-0.003904880697059835,-0.01528546781027634,-0.011380587113216505,-0.04664148075686558,-0.061932935786594596,0.2563492063492063,0.3287698412698413,0,0.02082953137129275,0.009448944258076245,0,0
D02_shallow06,2,shallow_dip06,20,QQQ,2,42,2025-12-30,2026-03-02,30,-0.01830706738570409,0.020542259241984707,0.030789363896935516,0.010247104654950809,-0.05202848290647793,-0.06174007390556292,0.3150793650793651,0.4140873015873016,1,0.03884932662768879,0.0490964312826396,1,1
D02_shallow06,2,shallow_dip06,21,QQQ,8,168,2024-02-14,2024-10-14,30,0.15334197720866793,0.01763376201115824,0.036405539336719604,0.018771777325561366,-0.1322396468346643,-0.13575308389351046,0.32797619047619037,0.4406746031746032,1,-0.1357082151975097,-0.11693643787194832,1,1
D02_shallow06,2,shallow_dip06,22,QQQ,4,84,2025-10-15,2026-02-13,30,0.000789757805571778,0.041634413714619276,0.050638003325670304,0.009003589611051029,-0.08767623706279756,-0.09401217044030821,0.3873015873015873,0.4880952380952381,1,0.0408446559090475,0.049848245520098526,1,1
D02_shallow06,2,shallow_dip06,23,QQQ,3,63,2026-01-08,2026-04-09,30,-0.0153279984002892,-0.00015153970303823558,0.00725087398930625,0.007402413692344486,-0.07822959166317958,-0.09296491703521298,0.2523809523809524,0.35833333333333334,1,0.015176458697250964,0.02257887238959545,0,1
D02_shallow06,2,shallow_dip06,24,SOXX,5,105,2026-02-10,2026-07-13,30,0.5770256813269112,0.13659686114321096,0.18981052647798755,0.05321366533477659,-0.06750382261710434,-0.10281118185971258,0.12349206349206351,0.2878571428571429,1,-0.4404288201837003,-0.38721515484892366,1,1
D02_shallow06,2,shallow_dip06,25,QQQ,5,105,2026-01-14,2026-06-15,30,0.20238584863226716,0.04480905436171883,0.05676486330294376,0.01195580894122493,-0.0814089650586057,-0.09861028261049289,0.1892063492063492,0.3029365079365079,1,-0.15757679427054833,-0.1456209853293234,1,1
D02_shallow06,2,shallow_dip06,26,QQQ,12,252,2025-01-16,2026-01-16,30,0.21698527291142944,0.0058803715805283464,0.025342427823025423,0.019462056242497076,-0.15853139701677746,-0.1704805330513635,0.27777777777777773,0.4008597883597884,1,-0.2111049013309011,-0.191642845088404,1,1
D02_shallow06,2,shallow_dip06,27,SOXX,4,84,2026-03-20,2026-07-21,30,0.6629647609934404,0.09246450214498574,0.16805654902777245,0.07559204688278671,-0.045970691350039505,-0.09658883658829447,0.09761904761904759,0.28253968253968254,1,-0.5705002588484547,-0.4949082119656679,1,1
D02_shallow06,2,shallow_dip06,28,SOXX,10,210,2023-09-12,2024-07-12,30,0.6054241699570708,0.16010458794897048,0.22944115505843776,0.06933656710946728,-0.15291596127570126,-0.1419743885411369,0.3422222222222222,0.45063492063492055,1,-0.44531958200810035,-0.37598301489863306,1,1
D02_shallow06,2,shallow_dip06,29,QQQ,10,210,2023-11-02,2024-09-04,29,0.2742635518580856,0.07824104849807687,0.10328634519160998,0.025045296693533114,-0.14724112546969834,-0.15030609300739106,0.4203612479474548,0.5188013136288998,1,-0.19602250336000873,-0.17097720666647562,1,1
D02_shallow06,2,shallow_dip06,30,SOXX,11,231,2025-02-26,2026-01-27,30,0.6222676159829015,0.1711368514401048,0.2141243827909751,0.0429875313508703,-0.19787028190037134,-0.1947165106751818,0.31746031746031744,0.40144300144300143,1,-0.45113076454279666,-0.40814323319192636,1,1
D02_shallow06,2,shallow_dip06,31,SOXX,4,84,2024-11-26,2025-03-31,30,-0.12412360871542705,-0.032152561625399236,-0.04295426672864912,-0.010801705103249883,-0.09531311281221044,-0.12197958165027416,0.17658730158730157,0.2831349206349206,0,0.09197104709002782,0.08116934198677793,0,0
D02_shallow06,2,shallow_dip06,32,SOXX,3,63,2024-07-29,2024-10-24,29,-0.004528432055198928,-0.01717969917744293,-0.025431096601329094,-0.008251397423886163,-0.05077110926622666,-0.06976233530540625,0.09140667761357416,0.18486590038314174,0,-0.012651267122244004,-0.020902664546130167,0,0
D02_shallow06,2,shallow_dip06,33,SOXX,7,147,2025-09-16,2026-04-16,29,0.5731894193346554,0.2428581070521754,0.3139803379039839,0.0711222308518085,-0.1605512081869748,-0.16732243374543906,0.3309875674407695,0.44493314567206194,1,-0.33033131228248,-0.2592090814306715,1,1
D02_shallow06,2,shallow_dip06,34,QQQ,4,84,2024-05-31,2024-09-30,30,0.08613665447903895,-0.02094604149667747,-0.0011357829000156361,0.019810258596661832,-0.11243876407913302,-0.11366076467043815,0.3619047619047619,0.4659722222222223,1,-0.10708269597571643,-0.08727243737905459,0,0
D02_shallow06,2,shallow_dip06,35,QQQ,9,189,2025-02-11,2025-11-10,30,0.1848421423831519,0.0778069487759237,0.07063484406852173,-0.007172104707401969,-0.15279406301724527,-0.1600563407320205,0.3052910052910052,0.40811287477954145,0,-0.10703519360722819,-0.11420729831463015,1,1
D02_shallow06,2,shallow_dip06,36,QQQ,3,63,2025-01-14,2025-04-14,30,-0.0928917402537448,-0.014715106421000608,-0.011919349121403888,0.00279575729959672,-0.0943586033322837,-0.11794825414463202,0.2613756613756614,0.37486772486772485,1,0.0781766338327442,0.08097239113234092,0,0
D02_shallow06,2,shallow_dip06,37,SOXX,10,210,2024-08-26,2025-06-27,30,0.05767020978785542,0.046170386833983716,0.007128842416900842,-0.03904154441708287,-0.14069969891344225,-0.16875377442004405,0.18349206349206346,0.26123015873015876,0,-0.011499822953871704,-0.050541367370954576,1,1
D02_shallow06,2,shallow_dip06,38,SOXX,12,252,2024-07-02,2025-07-03,30,-0.019691750048819512,-0.042699691533501484,-0.07056663801232155,-0.027866946478820064,-0.22362703060876782,-0.2572403022305791,0.1978835978835979,0.28267195767195763,0,-0.023007941484681972,-0.050874887963502036,0,0
D02_shallow06,2,shallow_dip06,39,QQQ,5,105,2024-09-23,2025-02-24,30,0.07798173822976961,0.06547072313479577,0.08325072638234442,0.01778000324754865,-0.09793759599584707,-0.10373197305903377,0.40888888888888886,0.5261904761904762,1,-0.012511015094973849,0.005268988152574802,1,1
D02_shallow06,2,shallow_dip06,40,QQQ,12,252,2025-05-13,2026-05-13,30,0.3929080380641541,0.10209609867488217,0.14092905675521272,0.03883295808033055,-0.18245185130402916,-0.19867659290895853,0.31388888888888894,0.4222222222222222,1,-0.2908119393892719,-0.25197898130894136,1,1
D02_shallow06,2,shallow_dip06,41,SOXX,5,105,2024-12-18,2025-05-21,29,-0.03550491258274213,-0.03958675821020653,-0.07087794737518957,-0.03129118916498304,-0.12360463930904281,-0.15724871701517085,0.1714285714285714,0.24720853858784894,0,-0.0040818456274644005,-0.03537303479244744,0,0
D02_shallow06,2,shallow_dip06,42,QQQ,1,21,2026-06-01,2026-06-30,30,-0.007446386853765863,-0.004137721075456391,-0.0008394463862060812,0.0032982746892503095,-0.012896127851843646,-0.027481547500801208,0.10793650793650794,0.22857142857142856,1,0.003308665778309472,0.006606940467559781,0,0
D02_shallow06,2,shallow_dip06,43,SOXX,5,105,2025-04-30,2025-09-29,30,0.46913595929254015,0.12020837437946033,0.14826040129316764,0.028052026913707312,-0.11467746009539652,-0.11704163448680228,0.391111111111111,0.4714285714285714,1,-0.34892758491307985,-0.3208755579993725,1,1
D02_shallow06,2,shallow_dip06,44,SOXX,5,105,2024-07-24,2024-12-19,29,-0.07336127646416635,0.014440215493246455,0.006049387200402918,-0.008390828292843537,-0.10254019487332973,-0.11774310901924437,0.1960591133004926,0.2910509031198686,0,0.0878014919574128,0.07941066366456927,1,1
D02_shallow06,2,shallow_dip06,45,SOXX,12,252,2024-03-06,2025-03-07,30,-0.10757483963704584,-0.08439870231549465,-0.09169868384448185,-0.007299981528987198,-0.23166021795046768,-0.2469104424649821,0.24735449735449733,0.3530753968253969,0,0.023176137321551188,0.01587615579256399,0,0
D02_shallow06,2,shallow_dip06,46,SOXX,11,231,2024-02-13,2025-01-14,30,0.07418656590600592,0.02756966561592551,0.05061068799513605,0.023041022379210543,-0.20760107677177955,-0.2178451244891376,0.2522366522366522,0.36284271284271286,1,-0.04661690029008041,-0.023575877910869868,1,1
D02_shallow06,2,shallow_dip06,47,QQQ,12,252,2025-06-12,2026-06-12,30,0.3582275230463974,0.10374190539348917,0.14806328968141808,0.04432138428792891,-0.1650181027476526,-0.1803605481688234,0.28941798941798946,0.39748677248677244,1,-0.2544856176529082,-0.2101642333649793,1,1
D02_shallow06,2,shallow_dip06,48,QQQ,1,21,2025-07-02,2025-07-31,30,0.02579898212369769,0.009147873504681665,0.00836966620720737,-0.0007782072974742947,-0.03190240724898848,-0.040042229853012506,0.3682539682539682,0.5123015873015873,0,-0.016651108619016024,-0.01742931591649032,1,1
D02_shallow06,2,shallow_dip06,49,QQQ,6,126,2024-03-22,2024-09-20,30,0.08250098618182977,-0.011823329141226387,0.0024392602570983413,0.014262589398324728,-0.1258061830418667,-0.1280543741842081,0.29550264550264543,0.41673280423280423,1,-0.09432431532305616,-0.08006172592473143,0,1
D02_shallow06,2,shallow_dip06,50,QQQ,11,231,2025-04-16,2026-03-18,30,0.3441101199491847,0.036376948153369094,0.05950328130384056,0.023126333150471468,-0.12889573510110175,-0.14202262146942546,0.26536796536796536,0.3861471861471861,1,-0.3077331717958156,-0.28460683864534414,1,1
D02_shallow06,2,shallow_dip06,51,SOXX,12,252,2025-05-09,2026-05-11,30,1.7645874371661052,0.4097080988831326,0.5713280431259242,0.16161994424279164,-0.19101367705129177,-0.19425601044643506,0.3484126984126984,0.45515873015873015,1,-1.3548793382829727,-1.193259394040181,1,1
D02_shallow06,2,shallow_dip06,52,QQQ,6,126,2024-07-26,2025-01-27,30,0.11403101000835725,0.05681938935261872,0.09644326055470562,0.0396238712020869,-0.12773069541356347,-0.12862448590184386,0.3232804232804233,0.4498015873015873,1,-0.05721162065573853,-0.01758774945365163,1,1
D02_shallow06,2,shallow_dip06,53,SOXX,9,189,2025-02-25,2025-11-21,30,0.27137739698000374,0.056180111741826515,0.0503682793737779,-0.005811832368048615,-0.16495208287193883,-0.1771275191757458,0.28395061728395066,0.36706349206349204,0,-0.21519728523817722,-0.22100911760622582,1,1
D02_shallow06,2,shallow_dip06,54,QQQ,10,210,2025-06-10,2026-04-10,30,0.14941279936704488,-0.015405285196039335,-0.025752604176746397,-0.010347318980707062,-0.13625480198106962,-0.15250574548943974,0.2634920634920635,0.37424603174603177,0,-0.16481808456308422,-0.1751654035437913,0,0
D02_shallow06,2,shallow_dip06,55,QQQ,9,189,2024-03-12,2024-12-09,30,0.18252348107739125,0.055664773216138046,0.07554379729548065,0.019879024079342604,-0.12915008536707423,-0.13035235208090304,0.3707231040564374,0.4665343915343915,1,-0.1268587078612532,-0.1069796837819106,1,1
D02_shallow06,2,shallow_dip06,56,SOXX,1,21,2026-03-06,2026-04-06,30,0.06430085839175526,0.002552041162142956,0.007682592045480449,0.005130550883337493,-0.012963321553764555,-0.0380349894344841,0.06984126984126983,0.23253968253968257,1,-0.0617488172296123,-0.05661826634627481,1,1
D02_shallow06,2,shallow_dip06,57,QQQ,11,231,2024-12-30,2025-12-01,30,0.2014930365864087,0.06266015330288494,0.09324550378739603,0.030585350484511095,-0.1598500025072416,-0.16416713121999382,0.2909090909090909,0.4171717171717172,1,-0.13883288328352378,-0.10824753279901268,1,1
D02_shallow06,2,shallow_dip06,58,QQQ,4,84,2025-05-06,2025-09-04,30,0.19622773691571815,0.02277270503400945,0.028043345295315967,0.005270640261306518,-0.07513828177160067,-0.08605789291877038,0.29166666666666663,0.41150793650793643,1,-0.17345503188170872,-0.1681843916204022,1,1
D02_shallow06,2,shallow_dip06,59,SOXX,4,84,2026-02-25,2026-06-25,30,0.7007669266812115,0.09044155816110022,0.19737867913453275,0.10693712097343253,-0.07194405578107436,-0.09868784811220954,0.1384920634920635,0.30466269841269844,1,-0.6103253685201113,-0.5033882475466788,1,1
D02_shallow06,2,shallow_dip06,60,SOXX,1,21,2024-12-26,2025-01-28,29,-0.04487098139039003,-0.03273396754475295,-0.03427942305809006,-0.00154545551333711,-0.06564789337488112,-0.07979161935174918,0.27586206896551724,0.3920361247947455,0,0.012137013845637083,0.010591558332299973,0,0
D02_shallow06,2,shallow_dip06,61,SOXX,3,63,2024-01-26,2024-04-25,29,0.06710111015930864,0.02188533088741311,0.020136675846488997,-0.001748655040924113,-0.05970782911130342,-0.08272751439746559,0.22167487684729062,0.365079365079365,0,-0.04521577927189553,-0.046964434312819645,1,1
D02_shallow06,2,shallow_dip06,62,SOXX,3,63,2025-06-20,2025-09-18,29,0.19111850646885342,0.09125785621270052,0.10629271406345608,0.015034857850755562,-0.11324479512224543,-0.12044874930284297,0.48056923918992883,0.5738916256157636,1,-0.0998606502561529,-0.08482579240539734,1,1
D02_shallow06,2,shallow_dip06,63,QQQ,3,63,2025-10-01,2025-12-30,30,0.0281443024583361,-0.007672257166568985,-0.0019993514988831764,0.005672905667685808,-0.057252876515231955,-0.0659515100148348,0.25661375661375657,0.38002645502645505,1,-0.035816559624905084,-0.03014365395721928,0,0
D02_shallow06,2,shallow_dip06,64,QQQ,2,42,2024-06-12,2024-08-12,30,-0.046509750935051275,-0.030689981486153213,-0.02802094800602813,0.0026690334801250833,-0.07187451483260328,-0.08148342685095722,0.3507936507936508,0.46150793650793653,1,0.015819769448898062,0.018488802929023145,0,0
D02_shallow06,2,shallow_dip06,65,SOXX,7,147,2024-03-27,2024-10-24,29,0.010917916153216245,-0.017449618185238974,-0.011824865167276506,0.005624753017962468,-0.1614083097554402,-0.17489302290584838,0.2629603565564157,0.3697513488153883,1,-0.02836753433845522,-0.02274278132049275,0,0
D02_shallow06,2,shallow_dip06,66,QQQ,7,147,2024-06-18,2025-01-17,30,0.0802486743430566,0.00029853127965911254,0.03043128579751194,0.030132754517852828,-0.13011363603454423,-0.12601724338606596,0.35124716553287977,0.4682539682539683,1,-0.0799501430633975,-0.04981738854554466,1,1
D02_shallow06,2,shallow_dip06,67,SOXX,6,126,2025-02-27,2025-08-27,30,0.2288069130259598,0.09602472964249355,0.09252378005302922,-0.0035009495894643278,-0.11061219488937407,-0.1293805170676026,0.3126984126984126,0.37903439153439156,0,-0.13278218338346626,-0.13628313297293057,1,1
D02_shallow06,2,shallow_dip06,68,SOXX,2,42,2026-01-27,2026-03-26,30,-0.06274182234420844,0.0032193452924548414,-0.0016281108202034027,-0.004847456112658244,-0.05896621171963992,-0.08273740178291823,0.19920634920634922,0.33174603174603173,0,0.06596116763666328,0.06111371152400504,1,0
D02_shallow06,2,shallow_dip06,69,SOXX,8,168,2025-08-27,2026-04-28,30,0.752796897064234,0.17512795042041496,0.25989729321657795,0.084769342796163,-0.17448596435949304,-0.18072724110953026,0.31924603174603183,0.4394841269841269,1,-0.5776689466438191,-0.4928996038476561,1,1
D02_shallow06,2,shallow_dip06,70,SOXX,5,105,2024-09-20,2025-02-21,29,0.005406814450626518,0.003468495639504155,-0.002616488054424282,-0.006084983693928438,-0.09789538854854749,-0.11340661423615135,0.187192118226601,0.29178981937602627,0,-0.001938318811122363,-0.0080233025050508,1,0
D02_shallow06,2,shallow_dip06,71,SOXX,4,84,2025-09-17,2026-01-15,29,0.30628589985012833,0.09548057248306517,0.13034449397188366,0.03486392148881849,-0.13684856978281387,-0.14481739449605274,0.3788998357963875,0.488095238095238,1,-0.21080532736706314,-0.17594140587824467,1,1
D02_shallow06,2,shallow_dip06,72,QQQ,4,84,2025-06-23,2025-10-20,30,0.1516013225816759,0.03716667462224955,0.05013746974884194,0.01297079512659239,-0.08772548229479836,-0.09700646969233805,0.3146825396825397,0.4404761904761905,1,-0.11443464795942637,-0.10146385283283398,1,1
D02_shallow06,2,shallow_dip06,73,SOXX,10,210,2023-11-28,2024-09-27,30,0.3732977081618618,0.06661678645753953,0.09125318001109035,0.024636393553550823,-0.18894426088698602,-0.19371971282379608,0.3076190476190476,0.414563492063492,1,-0.30668092170432226,-0.28204452815077147,1,1
D02_shallow06,2,shallow_dip06,74,QQQ,9,189,2025-04-09,2026-01-08,30,0.33624069066151074,0.13339435324806054,0.17103327950015126,0.037638926252090726,-0.1364775405035114,-0.1408867031310549,0.35555555555555557,0.447310405643739,1,-0.2028463374134502,-0.16520741116135948,1,1
D02_shallow06,2,shallow_dip06,75,QQQ,12,252,2024-12-19,2025-12-22,30,0.21234993913837386,0.07282488524533995,0.10158505844151568,0.02876017319617573,-0.15411353549119883,-0.17198104419815738,0.2826719576719577,0.39417989417989424,1,-0.1395250538930339,-0.11076488069685818,1,1
D02_shallow06,2,shallow_dip06,76,SOXX,5,105,2024-05-10,2024-10-09,29,0.07166292185798206,0.014436981495001656,0.007637164104094077,-0.0067998173909075785,-0.12451546382428642,-0.14917213678903554,0.25155993431855495,0.34720853858784895,0,-0.05722594036298041,-0.06402575775388798,1,1
D02_shallow06,2,shallow_dip06,77,SOXX,8,168,2025-08-01,2026-04-01,30,0.4329721592393472,0.15866805757439584,0.19572972314309744,0.03706166556870161,-0.18501848805024199,-0.1856504910373466,0.3426587301587301,0.4560515873015874,1,-0.27430410166495134,-0.23724243609624973,1,1
D02_shallow06,2,shallow_dip06,78,QQQ,7,147,2025-11-12,2026-06-15,30,0.20096913413608264,-0.018947353643036353,0.016786511695105692,0.035733865338142046,-0.12973603679726417,-0.13821870806574854,0.2376417233560091,0.3553854875283447,1,-0.21991648777911899,-0.18418262244097694,0,1
D02_shallow06,2,shallow_dip06,79,SOXX,9,189,2023-12-14,2024-09-16,30,0.16790498618580796,0.0008636282377531334,0.017749059489079125,0.01688543125132599,-0.1882736533618384,-0.1916851456406867,0.3310405643738977,0.441710758377425,1,-0.16704135794805483,-0.15015592669672884,1,1
D02_shallow06,2,shallow_dip06,80,QQQ,6,126,2024-01-19,2024-07-19,30,0.13164162035706783,0.01752199700392435,0.02945713357841974,0.011935136574495388,-0.11178035471042873,-0.12002219124248817,0.32089947089947096,0.44325396825396823,1,-0.11411962335314349,-0.1021844867786481,1,1
D02_shallow06,2,shallow_dip06,81,QQQ,1,21,2024-11-13,2024-12-12,30,0.027818437813410313,0.02434417817350658,0.027319862287976098,0.0029756841144695165,-0.025412970421883403,-0.032802549433438404,0.3349206349206349,0.4492063492063492,1,-0.003474259639903731,-0.0004985755254342146,1,1
D02_shallow06,2,shallow_dip06,82,SOXX,10,210,2024-06-21,2025-04-23,30,-0.303438756357962,-0.10953684636102978,-0.15152011280655056,-0.04198326644552078,-0.21927545671237217,-0.25572824746617645,0.1858730158730159,0.2733730158730159,0,0.19390190999693224,0.15191864355141146,0,0
D02_shallow06,2,shallow_dip06,83,QQQ,11,231,2024-05-24,2025-04-28,30,0.03788093693594541,0.02352067792770555,0.040580684661194875,0.017060006733489324,-0.18620256126856274,-0.19305063216336507,0.3011544011544011,0.40804473304473293,1,-0.014360259008239857,0.002699747725249467,1,1
D02_shallow06,2,shallow_dip06,84,SOXX,4,84,2025-03-26,2025-07-25,29,0.21967623083558907,0.08166603233309737,0.07502199730590127,-0.006644035027196099,-0.0830621153910326,-0.09424234190192247,0.3091133004926108,0.36545566502463056,0,-0.1380101985024917,-0.14465423352968781,1,1
D02_shallow06,2,shallow_dip06,85,SOXX,3,63,2024-01-12,2024-04-12,29,0.17490145812316005,0.060582022508329274,0.07825708223886839,0.017675059730539115,-0.07771614238565261,-0.08538840300982864,0.3130815544608648,0.4560755336617406,1,-0.11431943561483077,-0.09664437588429166,1,1
D02_shallow06,2,shallow_dip06,86,QQQ,4,84,2025-08-13,2025-12-10,30,0.08270595883887877,-0.0020598467100503243,-0.0007688004914929269,0.0012910462185573973,-0.07138796413813867,-0.08832979652188253,0.2472222222222222,0.37916666666666665,1,-0.0847658055489291,-0.0834747593303717,0,0
D02_shallow06,2,shallow_dip06,87,QQQ,9,189,2025-08-12,2026-05-12,30,0.22380163982039725,-0.006650453236212702,0.02539108496171142,0.03204153819792412,-0.14081880209020553,-0.1547079374319683,0.2324514991181658,0.34982363315696646,1,-0.23045209305660994,-0.19841055485868583,0,1
D02_shallow06,2,shallow_dip06,88,QQQ,3,63,2023-09-06,2023-12-04,30,0.03239382703262561,-0.018888553611716232,-0.009891578476585335,0.008996975135130897,-0.08305897001337256,-0.09123016802922349,0.33492063492063484,0.46785714285714286,1,-0.051282380644341846,-0.04228540550921095,0,0
D02_shallow06,2,shallow_dip06,89,QQQ,6,126,2024-03-08,2024-09-06,30,0.025004402915363988,-0.03556560225580011,-0.029260417660981492,0.00630518459481862,-0.13633623776185416,-0.14065390273658598,0.3309523809523809,0.44497354497354497,1,-0.0605700051711641,-0.05426482057634548,0,0
D02_shallow06,2,shallow_dip06,90,SOXX,4,84,2024-02-09,2024-06-10,29,0.16166404920459776,0.028196290271240643,0.05204367417273561,0.023847383901494965,-0.08636595624850572,-0.09732169564870227,0.3066502463054187,0.4412972085385879,1,-0.1334677589333571,-0.10962037503186214,1,1
D02_shallow06,2,shallow_dip06,91,QQQ,6,126,2024-12-26,2025-06-30,30,0.04434109236366246,0.007674866909558949,0.022354238047864985,0.014679371138306037,-0.1278377277741782,-0.1414103149906578,0.2677248677248677,0.381084656084656,1,-0.03666622545410351,-0.021986854315797475,1,1
D02_shallow06,2,shallow_dip06,92,QQQ,2,42,2024-07-11,2024-09-09,30,-0.07616930887243911,-0.0467009139746296,-0.04593724956820227,0.0007636644064273335,-0.06533070513067755,-0.08186438796440546,0.2119047619047619,0.34940476190476194,1,0.02946839489780951,0.030232059304236843,0,0
D02_shallow06,2,shallow_dip06,93,QQQ,8,168,2025-09-04,2026-05-05,30,0.18933459993954838,0.056885856392562835,0.09732666304281228,0.04044080665024944,-0.13213284289849453,-0.14113409383608966,0.26369047619047614,0.375545634920635,1,-0.13244874354698555,-0.0920079368967361,1,1
D02_shallow06,2,shallow_dip06,94,QQQ,11,231,2023-08-28,2024-07-29,29,0.27358869545907205,0.04338844910070174,0.07920772449508111,0.03581927539437937,-0.158549556344278,-0.15299524530459072,0.3985669502910882,0.49753694581280783,1,-0.2302002463583703,-0.19438097096399093,1,1
D02_shallow06,2,shallow_dip06,95,SOXX,2,42,2024-10-18,2024-12-17,29,-0.022397322959222588,0.003232917265875716,-0.0035752645185985945,-0.00680818178447431,-0.05504839408824857,-0.07334535840477323,0.18308702791461412,0.27422003284072255,0,0.025630240225098303,0.01882205844062399,1,0
D02_shallow06,2,shallow_dip06,96,QQQ,9,189,2024-06-04,2025-03-06,30,0.0794127343756903,0.07355495139825723,0.09463421744888258,0.02107926605062535,-0.16750932370479174,-0.16924529906183244,0.31957671957671957,0.4416666666666667,1,-0.005857782977433071,0.01522148307319228,1,1
D02_shallow06,2,shallow_dip06,97,SOXX,5,105,2025-12-31,2026-06-02,30,1.0102699251297969,0.20892373089805882,0.3437607694873236,0.13483703858926477,-0.09511111174694611,-0.11473731594922058,0.24095238095238092,0.376031746031746,1,-0.801346194231738,-0.6665091556424733,1,1
D02_shallow06,2,shallow_dip06,98,QQQ,4,84,2025-02-28,2025-06-30,30,0.08838198760432037,0.04214933024015496,0.04707182437392254,0.00492249413376758,-0.0667824189847802,-0.08171864198958764,0.2035714285714286,0.30575396825396833,1,-0.04623265736416541,-0.04131016323039783,1,1
D02_shallow06,2,shallow_dip06,99,SOXX,2,42,2026-05-13,2026-07-14,30,0.07552608567751218,0.007353907599346913,0.001128477944055184,-0.006225429655291729,-0.019491828187119066,-0.07374124626567538,0.08253968253968254,0.27083333333333326,0,-0.06817217807816527,-0.074397607733457,1,1
D03_dip08,3,dip08,0,SOXX,4,84,2025-01-15,2025-05-15,29,-0.04268264905560459,-0.025716990511332718,-0.056566496056265285,-0.030849505544932567,-0.09008269398142583,-0.12789536197262638,0.10139573070607558,0.18144499178981938,0,0.016965658544271876,-0.013883847000660691,0,0
D03_dip08,3,dip08,1,SOXX,4,84,2025-11-26,2026-03-30,29,0.06535932477276907,0.13060434817914052,0.15160341080144696,0.02099906262230644,-0.09666914509833963,-0.11303014303453748,0.3259441707717569,0.4324712643678161,1,0.06524502340637145,0.08624408602867789,1,1
D03_dip08,3,dip08,2,SOXX,12,252,2024-06-12,2025-06-13,30,-0.11229341109132818,-0.08609364403663103,-0.11824205642834563,-0.032148412391714606,-0.23588366404305075,-0.2657382578689432,0.21468253968253967,0.3021825396825397,0,0.02619976705469715,-0.005948645337017458,0,0
D03_dip08,3,dip08,3,QQQ,1,21,2026-01-13,2026-02-11,30,-0.02096638715391519,-0.014627542256874316,-0.019989924865005494,-0.005362382608131178,-0.05458277455918684,-0.06465977455033864,0.4031746031746032,0.46269841269841266,0,0.006338844897040874,0.0009764622889096956,0,0
D03_dip08,3,dip08,4,QQQ,8,168,2025-02-28,2025-10-28,30,0.2501946013536971,0.07269972065454076,0.10060014100558741,0.027900420351046645,-0.13812305774620287,-0.1465017686037294,0.2779761904761905,0.39861111111111114,1,-0.1774948806991563,-0.1495944603481097,1,1
D03_dip08,3,dip08,5,SOXX,3,63,2025-03-10,2025-06-06,29,0.11931811258500846,0.023024491089483737,0.00910534707253543,-0.013919144016948307,-0.027145179397823276,-0.051671603684527626,0.08866995073891625,0.15038314176245207,0,-0.09629362149552473,-0.11021276551247303,1,1
D03_dip08,3,dip08,6,SOXX,12,252,2024-10-18,2025-10-21,30,0.27929057935732526,0.08040498987955062,0.08019153683983966,-0.00021345303971095908,-0.18728003050003003,-0.20276836352159763,0.2891534391534391,0.3724867724867725,0,-0.19888558947777463,-0.1990990425174856,1,1
D03_dip08,3,dip08,7,SOXX,5,105,2024-08-02,2024-12-31,30,0.04615473659290337,-0.007383155687375146,-0.010066833272499883,-0.0026836775851247366,-0.09986809917066228,-0.11393400868584376,0.15714285714285714,0.24777777777777782,0,-0.05353789228027851,-0.05622156986540325,0,0
D03_dip08,3,dip08,8,SOXX,11,231,2024-01-29,2024-12-26,30,0.11728595595420654,-0.014050142007062175,-0.0015223653079310098,0.012527776699131165,-0.22765483794891364,-0.23810446844833352,0.2554112554112554,0.36316738816738814,1,-0.13133609796126872,-0.11880832126213756,0,0
D03_dip08,3,dip08,9,QQQ,7,147,2025-12-22,2026-07-24,30,0.10761391047221691,0.011967165923700219,0.05419998373570501,0.04223281781200479,-0.11138535137425892,-0.12327960761401417,0.2068027210884354,0.30504535147392287,1,-0.0956467445485167,-0.0534139267365119,1,1
D03_dip08,3,dip08,10,SOXX,11,231,2025-04-30,2026-03-31,30,0.7991728873661996,0.24120132927579618,0.31485461394451575,0.07365328466871957,-0.18151182396438895,-0.18548765616914806,0.32958152958152964,0.42857142857142866,1,-0.5579715580904034,-0.4843182734216839,1,1
D03_dip08,3,dip08,11,SOXX,7,147,2023-12-07,2024-07-10,30,0.5448438251272811,0.15643696946934116,0.20528538121271406,0.0488484117433729,-0.13145231080705216,-0.13761610784134787,0.34852607709750566,0.46241496598639453,1,-0.38840685565794,-0.3395584439145671,1,1
D03_dip08,3,dip08,12,QQQ,11,231,2024-03-27,2025-02-27,30,0.12982124242441295,0.006866921906544258,0.02265116716048503,0.015784245253940773,-0.13945240282328086,-0.14113910513719144,0.29913419913419914,0.39963924963924957,1,-0.1229543205178687,-0.10717007526392792,1,1
D03_dip08,3,dip08,13,QQQ,10,210,2024-09-30,2025-08-01,30,0.1396406940506143,0.13642248264481188,0.1644367769939115,0.028014294349099605,-0.13907255241929703,-0.15358957129109577,0.29253968253968254,0.4058333333333334,1,-0.003218211405802418,0.024796082943297187,1,1
D03_dip08,3,dip08,14,QQQ,9,189,2025-02-11,2025-11-10,30,0.1848421423831519,0.04006495843578965,0.05378221299184731,0.013717254556057656,-0.14697553389521303,-0.15248420700699075,0.3174603174603175,0.42107583774250446,1,-0.14477718394736222,-0.13105992939130456,1,1
D03_dip08,3,dip08,15,SOXX,2,42,2023-11-10,2024-01-11,29,0.1337866151876319,0.0774943989489612,0.08491243455037706,0.007418035601415865,-0.05469737112963862,-0.06078889872295235,0.4778325123152709,0.5375615763546798,1,-0.056292216238670714,-0.04887418063725485,1,1
D03_dip08,3,dip08,16,QQQ,8,168,2025-04-17,2025-12-16,30,0.38065075650801794,0.05822628509197105,0.05790638335379934,-0.0003199017381717087,-0.09045853742073709,-0.1133183303387471,0.22182539682539681,0.34578373015873004,0,-0.3224244714160469,-0.3227443731542186,1,1
D03_dip08,3,dip08,17,QQQ,3,63,2023-10-12,2024-01-11,29,0.10935443004554912,0.009703347775665807,0.029083419692709757,0.01938007191704395,-0.07684055243996374,-0.07985406599276855,0.3787629994526547,0.4839901477832513,1,-0.09965108226988331,-0.08027101035283937,1,1
D03_dip08,3,dip08,18,SOXX,7,147,2025-06-02,2025-12-30,29,0.4742072430583639,0.08455874395636237,0.1326566024797867,0.048097858523424325,-0.17907138410292056,-0.17820359629615656,0.4133239502697632,0.5106145906638516,1,-0.38964849910200156,-0.3415506405785772,1,1
D03_dip08,3,dip08,19,QQQ,2,42,2026-01-20,2026-03-19,30,-0.024734412068352585,-0.003904880697059835,-0.011245429367621648,-0.007340548670561813,-0.04664148075686558,-0.06050254855587631,0.2563492063492063,0.32500000000000007,0,0.02082953137129275,0.013488982700730937,0,0
D03_dip08,3,dip08,20,QQQ,2,42,2025-12-30,2026-03-02,30,-0.01830706738570409,0.020542259241984707,0.029854272656346978,0.009312013414362271,-0.05202848290647793,-0.0606761664546004,0.3150793650793651,0.40277777777777785,1,0.03884932662768879,0.04816134004205107,1,1
D03_dip08,3,dip08,21,QQQ,8,168,2024-02-14,2024-10-14,30,0.15334197720866793,0.01763376201115824,0.032651139598970015,0.015017377587811777,-0.1322396468346643,-0.13635903117211712,0.32797619047619037,0.4325396825396826,1,-0.1357082151975097,-0.12069083760969793,1,1
D03_dip08,3,dip08,22,QQQ,4,84,2025-10-15,2026-02-13,30,0.000789757805571778,0.041634413714619276,0.052380970705876766,0.01074655699125749,-0.08767623706279756,-0.09422125726979909,0.3873015873015873,0.4868055555555555,1,0.0408446559090475,0.05159121290030499,1,1
D03_dip08,3,dip08,23,QQQ,3,63,2026-01-08,2026-04-09,30,-0.0153279984002892,-0.00015153970303823558,0.013553007452103501,0.013704547155141737,-0.07822959166317958,-0.09086977210906742,0.2523809523809524,0.3543650793650793,1,0.015176458697250964,0.0288810058523927,0,1
D03_dip08,3,dip08,24,SOXX,5,105,2026-02-10,2026-07-13,30,0.5770256813269112,0.13659686114321096,0.18664952033257093,0.05005265918935997,-0.06750382261710434,-0.10319057936018089,0.12349206349206351,0.28039682539682537,1,-0.4404288201837003,-0.3903761609943403,1,1
D03_dip08,3,dip08,25,QQQ,5,105,2026-01-14,2026-06-15,30,0.20238584863226716,0.04480905436171883,0.060759549503970445,0.015950495142251615,-0.0814089650586057,-0.09857501168541184,0.1892063492063492,0.2919047619047619,1,-0.15757679427054833,-0.14162629912829672,1,1
D03_dip08,3,dip08,26,QQQ,12,252,2025-01-16,2026-01-16,30,0.21698527291142944,0.0058803715805283464,0.019655581783263924,0.013775210202735578,-0.15853139701677746,-0.17125505529966387,0.27777777777777773,0.3948082010582011,1,-0.2111049013309011,-0.1973296911281655,1,1
D03_dip08,3,dip08,27,SOXX,4,84,2026-03-20,2026-07-21,30,0.6629647609934404,0.09246450214498574,0.17372675521949413,0.08126225307450839,-0.045970691350039505,-0.09675430985041204,0.09761904761904759,0.28611111111111115,1,-0.5705002588484547,-0.48923800577394627,1,1
D03_dip08,3,dip08,28,SOXX,10,210,2023-09-12,2024-07-12,30,0.6054241699570708,0.16010458794897048,0.2284140585074659,0.06830947055849543,-0.15291596127570126,-0.14416272259781657,0.3422222222222222,0.44595238095238093,1,-0.44531958200810035,-0.37701011144960495,1,1
D03_dip08,3,dip08,29,QQQ,10,210,2023-11-02,2024-09-04,29,0.2742635518580856,0.07824104849807687,0.103807245570274,0.025566197072197136,-0.14724112546969834,-0.14880575052596637,0.4203612479474548,0.5059523809523809,1,-0.19602250336000873,-0.1704563062878116,1,1
D03_dip08,3,dip08,30,SOXX,11,231,2025-02-26,2026-01-27,30,0.6222676159829015,0.1711368514401048,0.22111257691856023,0.04997572547845544,-0.19787028190037134,-0.1929484228905828,0.31746031746031744,0.400974025974026,1,-0.45113076454279666,-0.40115503906434125,1,1
D03_dip08,3,dip08,31,SOXX,4,84,2024-11-26,2025-03-31,30,-0.12412360871542705,-0.032152561625399236,-0.04043273362660216,-0.008280172001202922,-0.09531311281221044,-0.12084901074337827,0.17658730158730157,0.28968253968253965,0,0.09197104709002782,0.08369087508882489,0,0
D03_dip08,3,dip08,32,SOXX,3,63,2024-07-29,2024-10-24,29,-0.004528432055198928,-0.01717969917744293,-0.026137608600247907,-0.008957909422804975,-0.05077110926622666,-0.07088143206327122,0.09140667761357416,0.18541324575807336,0,-0.012651267122244004,-0.02160917654504898,0,0
D03_dip08,3,dip08,33,SOXX,7,147,2025-09-16,2026-04-16,29,0.5731894193346554,0.2428581070521754,0.324308112089587,0.0814500050374116,-0.1605512081869748,-0.16684970664809085,0.3309875674407695,0.4436429744311518,1,-0.33033131228248,-0.2488813072450684,1,1
D03_dip08,3,dip08,34,QQQ,4,84,2024-05-31,2024-09-30,30,0.08613665447903895,-0.02094604149667747,-0.0027718775709547282,0.01817416392572274,-0.11243876407913302,-0.11276093603341891,0.3619047619047619,0.4523809523809525,1,-0.10708269597571643,-0.08890853204999369,0,0
D03_dip08,3,dip08,35,QQQ,9,189,2025-02-11,2025-11-10,30,0.1848421423831519,0.0778069487759237,0.07262651594087789,-0.005180432835045809,-0.15279406301724527,-0.1598987312483278,0.3052910052910052,0.41093474426807763,0,-0.10703519360722819,-0.112215626442274,1,1
D03_dip08,3,dip08,36,QQQ,3,63,2025-01-14,2025-04-14,30,-0.0928917402537448,-0.014715106421000608,-0.011987908798402672,0.0027271976225979357,-0.0943586033322837,-0.11776267631676736,0.2613756613756614,0.3711640211640211,1,0.0781766338327442,0.08090383145534213,0,0
D03_dip08,3,dip08,37,SOXX,10,210,2024-08-26,2025-06-27,30,0.05767020978785542,0.046170386833983716,0.01393819400001211,-0.03223219283397161,-0.14069969891344225,-0.16495530561088131,0.18349206349206346,0.2673015873015873,0,-0.011499822953871704,-0.04373201578784331,1,1
D03_dip08,3,dip08,38,SOXX,12,252,2024-07-02,2025-07-03,30,-0.019691750048819512,-0.042699691533501484,-0.06750512391305019,-0.024805432379548707,-0.22362703060876782,-0.25592817411047586,0.1978835978835979,0.28528439153439156,0,-0.023007941484681972,-0.04781337386423068,0,0
D03_dip08,3,dip08,39,QQQ,5,105,2024-09-23,2025-02-24,30,0.07798173822976961,0.06547072313479577,0.07877814888292521,0.013307425748129445,-0.09793759599584707,-0.10326277475940047,0.40888888888888886,0.5075396825396826,1,-0.012511015094973849,0.0007964106531555964,1,1
D03_dip08,3,dip08,40,QQQ,12,252,2025-05-13,2026-05-13,30,0.3929080380641541,0.10209609867488217,0.13810784197884024,0.036011743303958066,-0.18245185130402916,-0.19992286842784077,0.31388888888888894,0.41947751322751325,1,-0.2908119393892719,-0.25480019608531385,1,1
D03_dip08,3,dip08,41,SOXX,5,105,2024-12-18,2025-05-21,29,-0.03550491258274213,-0.03958675821020653,-0.0696502412217798,-0.030063483011573272,-0.12360463930904281,-0.15657686547399996,0.1714285714285714,0.2513957307060755,0,-0.0040818456274644005,-0.03414532863903767,0,0
D03_dip08,3,dip08,42,QQQ,1,21,2026-06-01,2026-06-30,30,-0.007446386853765863,-0.004137721075456391,-0.00018255835374147248,0.003955162721714919,-0.012896127851843646,-0.027783726673711148,0.10793650793650794,0.22936507936507938,1,0.003308665778309472,0.007263828500024391,0,0
D03_dip08,3,dip08,43,SOXX,5,105,2025-04-30,2025-09-29,30,0.46913595929254015,0.12020837437946033,0.14821884504816224,0.02801047066870191,-0.11467746009539652,-0.1170307364093568,0.391111111111111,0.462936507936508,1,-0.34892758491307985,-0.3209171142443779,1,1
D03_dip08,3,dip08,44,SOXX,5,105,2024-07-24,2024-12-19,29,-0.07336127646416635,0.014440215493246455,0.0073348610057511685,-0.007105354487495287,-0.10254019487332973,-0.11954916167905136,0.1960591133004926,0.29014778325123153,0,0.0878014919574128,0.08069613746991752,1,1
D03_dip08,3,dip08,45,SOXX,12,252,2024-03-06,2025-03-07,30,-0.10757483963704584,-0.08439870231549465,-0.09035061810849201,-0.005951915792997364,-0.23166021795046768,-0.24716330112163654,0.24735449735449733,0.35251322751322756,0,0.023176137321551188,0.017224221528553824,0,0
D03_dip08,3,dip08,46,SOXX,11,231,2024-02-13,2025-01-14,30,0.07418656590600592,0.02756966561592551,0.04915460523298335,0.021584939617057843,-0.20760107677177955,-0.218958861692195,0.2522366522366522,0.36186868686868684,1,-0.04661690029008041,-0.025031960673022567,1,1
D03_dip08,3,dip08,47,QQQ,12,252,2025-06-12,2026-06-12,30,0.3582275230463974,0.10374190539348917,0.15245293298370394,0.04871102759021477,-0.1650181027476526,-0.18129842647975808,0.28941798941798946,0.3946097883597883,1,-0.2544856176529082,-0.20577459006269344,1,1
D03_dip08,3,dip08,48,QQQ,1,21,2025-07-02,2025-07-31,30,0.02579898212369769,0.009147873504681665,0.008589417352020597,-0.0005584561526610684,-0.03190240724898848,-0.03969764587949969,0.3682539682539682,0.5023809523809525,0,-0.016651108619016024,-0.017209564771677094,1,1
D03_dip08,3,dip08,49,QQQ,6,126,2024-03-22,2024-09-20,30,0.08250098618182977,-0.011823329141226387,0.0032975343989923188,0.015120863540218705,-0.1258061830418667,-0.12547861982632016,0.29550264550264543,0.4025793650793651,1,-0.09432431532305616,-0.07920345178283746,0,1
D03_dip08,3,dip08,50,QQQ,11,231,2025-04-16,2026-03-18,30,0.3441101199491847,0.036376948153369094,0.06259731820924674,0.02622037005587765,-0.12889573510110175,-0.1423049665143791,0.26536796536796536,0.3829004329004329,1,-0.3077331717958156,-0.281512801739938,1,1
D03_dip08,3,dip08,51,SOXX,12,252,2025-05-09,2026-05-11,30,1.7645874371661052,0.4097080988831326,0.5746852006626871,0.16497710177955455,-0.19101367705129177,-0.19322191066799904,0.3484126984126984,0.45267857142857143,1,-1.3548793382829727,-1.1899022365034182,1,1
D03_dip08,3,dip08,52,QQQ,6,126,2024-07-26,2025-01-27,30,0.11403101000835725,0.05681938935261872,0.08847485430689546,0.03165546495427674,-0.12773069541356347,-0.12936536141990607,0.3232804232804233,0.4376984126984127,1,-0.05721162065573853,-0.02555615570146179,1,1
D03_dip08,3,dip08,53,SOXX,9,189,2025-02-25,2025-11-21,30,0.27137739698000374,0.056180111741826515,0.04859825151294213,-0.007581860228884386,-0.16495208287193883,-0.1785404752995839,0.28395061728395066,0.3644179894179894,0,-0.21519728523817722,-0.22277914546706162,1,1
D03_dip08,3,dip08,54,QQQ,10,210,2025-06-10,2026-04-10,30,0.14941279936704488,-0.015405285196039335,-0.02566812717438182,-0.010262841978342485,-0.13625480198106962,-0.15319633525718762,0.2634920634920635,0.36662698412698413,0,-0.16481808456308422,-0.1750809265414267,0,0
D03_dip08,3,dip08,55,QQQ,9,189,2024-03-12,2024-12-09,30,0.18252348107739125,0.055664773216138046,0.07436126833555996,0.018696495119421917,-0.12915008536707423,-0.12989149497533573,0.3707231040564374,0.4600088183421517,1,-0.1268587078612532,-0.10816221274183128,1,1
D03_dip08,3,dip08,56,SOXX,1,21,2026-03-06,2026-04-06,30,0.06430085839175526,0.002552041162142956,0.011829148853766269,0.009277107691623314,-0.012963321553764555,-0.038095940729281165,0.06984126984126983,0.2384920634920635,1,-0.0617488172296123,-0.052471709537988985,1,1
D03_dip08,3,dip08,57,QQQ,11,231,2024-12-30,2025-12-01,30,0.2014930365864087,0.06266015330288494,0.0903977997851106,0.027737646482225667,-0.1598500025072416,-0.16373854944539853,0.2909090909090909,0.407936507936508,1,-0.13883288328352378,-0.11109523680129811,1,1
D03_dip08,3,dip08,58,QQQ,4,84,2025-05-06,2025-09-04,30,0.19622773691571815,0.02277270503400945,0.02990283546105311,0.007130130427043663,-0.07513828177160067,-0.08501361190434104,0.29166666666666663,0.4040674603174602,1,-0.17345503188170872,-0.16632490145466505,1,1
D03_dip08,3,dip08,59,SOXX,4,84,2026-02-25,2026-06-25,30,0.7007669266812115,0.09044155816110022,0.19513731634747483,0.10469575818637461,-0.07194405578107436,-0.09775032108640283,0.1384920634920635,0.2927579365079365,1,-0.6103253685201113,-0.5056296103337368,1,1
D03_dip08,3,dip08,60,SOXX,1,21,2024-12-26,2025-01-28,29,-0.04487098139039003,-0.03273396754475295,-0.033286797372188794,-0.0005528298274358467,-0.06564789337488112,-0.07896195872815397,0.27586206896551724,0.3879310344827586,0,0.012137013845637083,0.011584184018201236,0,0
D03_dip08,3,dip08,61,SOXX,3,63,2024-01-26,2024-04-25,29,0.06710111015930864,0.02188533088741311,0.022043782643780332,0.00015845175636722275,-0.05970782911130342,-0.08138548210761617,0.22167487684729062,0.3745210727969349,1,-0.04521577927189553,-0.04505732751552831,1,1
D03_dip08,3,dip08,62,SOXX,3,63,2025-06-20,2025-09-18,29,0.19111850646885342,0.09125785621270052,0.10448118596561193,0.013223329752911406,-0.11324479512224543,-0.12001343680487618,0.48056923918992883,0.5644499178981937,1,-0.0998606502561529,-0.0866373205032415,1,1
D03_dip08,3,dip08,63,QQQ,3,63,2025-10-01,2025-12-30,30,0.0281443024583361,-0.007672257166568985,-0.005096425707600657,0.0025758314589683284,-0.057252876515231955,-0.06619258279147341,0.25661375661375657,0.3707671957671958,1,-0.035816559624905084,-0.03324072816593676,0,0
D03_dip08,3,dip08,64,QQQ,2,42,2024-06-12,2024-08-12,30,-0.046509750935051275,-0.030689981486153213,-0.028294782378102745,0.0023951991080504685,-0.07187451483260328,-0.08204600893826032,0.3507936507936508,0.4523809523809524,1,0.015819769448898062,0.01821496855694853,0,0
D03_dip08,3,dip08,65,SOXX,7,147,2024-03-27,2024-10-24,29,0.010917916153216245,-0.017449618185238974,-0.015235646769221596,0.002213971416017377,-0.1614083097554402,-0.17515543876296197,0.2629603565564157,0.3662913441238565,1,-0.02836753433845522,-0.02615356292243784,0,0
D03_dip08,3,dip08,66,QQQ,7,147,2024-06-18,2025-01-17,30,0.0802486743430566,0.00029853127965911254,0.026310515758781447,0.026011984479122334,-0.13011363603454423,-0.12465674380839603,0.35124716553287977,0.4492630385487528,1,-0.0799501430633975,-0.053938158584275156,1,1
D03_dip08,3,dip08,67,SOXX,6,126,2025-02-27,2025-08-27,30,0.2288069130259598,0.09602472964249355,0.09281634852490746,-0.00320838111758609,-0.11061219488937407,-0.12978136846959673,0.3126984126984126,0.38313492063492066,0,-0.13278218338346626,-0.13599056450105235,1,1
D03_dip08,3,dip08,68,SOXX,2,42,2026-01-27,2026-03-26,30,-0.06274182234420844,0.0032193452924548414,7.660969147338751e-05,-0.0031427356009814536,-0.05896621171963992,-0.08087363048971849,0.19920634920634922,0.3152777777777777,0,0.06596116763666328,0.06281843203568183,1,1
D03_dip08,3,dip08,69,SOXX,8,168,2025-08-27,2026-04-28,30,0.752796897064234,0.17512795042041496,0.27218847227294146,0.0970605218525265,-0.17448596435949304,-0.17765403588899048,0.31924603174603183,0.43769841269841264,1,-0.5776689466438191,-0.48060842479129257,1,1
D03_dip08,3,dip08,70,SOXX,5,105,2024-09-20,2025-02-21,29,0.005406814450626518,0.003468495639504155,0.003433452485484013,-3.504315402014235e-05,-0.09789538854854749,-0.11014496683660478,0.187192118226601,0.29581280788177344,0,-0.001938318811122363,-0.0019733619651425053,1,1
D03_dip08,3,dip08,71,SOXX,4,84,2025-09-17,2026-01-15,29,0.30628589985012833,0.09548057248306517,0.13223645444512985,0.03675588196206468,-0.13684856978281387,-0.14314092116125485,0.3788998357963875,0.4808087027914614,1,-0.21080532736706314,-0.17404944540499848,1,1
D03_dip08,3,dip08,72,QQQ,4,84,2025-06-23,2025-10-20,30,0.1516013225816759,0.03716667462224955,0.05010305368849865,0.012936379066249101,-0.08772548229479836,-0.09734978782563543,0.3146825396825397,0.43303571428571436,1,-0.11443464795942637,-0.10149826889317726,1,1
D03_dip08,3,dip08,73,SOXX,10,210,2023-11-28,2024-09-27,30,0.3732977081618618,0.06661678645753953,0.08956581819054703,0.022949031733007497,-0.18894426088698602,-0.1930024481088049,0.3076190476190476,0.41158730158730156,1,-0.30668092170432226,-0.28373188997131477,1,1
D03_dip08,3,dip08,74,QQQ,9,189,2025-04-09,2026-01-08,30,0.33624069066151074,0.13339435324806054,0.16316149535690222,0.029767142108841682,-0.1364775405035114,-0.14281609905392276,0.35555555555555557,0.4459876543209876,1,-0.2028463374134502,-0.17307919530460852,1,1
D03_dip08,3,dip08,75,QQQ,12,252,2024-12-19,2025-12-22,30,0.21234993913837386,0.07282488524533995,0.09913582084620355,0.026310935600863603,-0.15411353549119883,-0.17332632999134556,0.2826719576719577,0.3858134920634919,1,-0.1395250538930339,-0.1132141182921703,1,1
D03_dip08,3,dip08,76,SOXX,5,105,2024-05-10,2024-10-09,29,0.07166292185798206,0.014436981495001656,0.007047252687538876,-0.00738972880746278,-0.12451546382428642,-0.1499007219785941,0.25155993431855495,0.34614121510673235,0,-0.05722594036298041,-0.06461566917044319,1,1
D03_dip08,3,dip08,77,SOXX,8,168,2025-08-01,2026-04-01,30,0.4329721592393472,0.15866805757439584,0.20426077689878588,0.045592719324390046,-0.18501848805024199,-0.1855096586596722,0.3426587301587301,0.4533234126984127,1,-0.27430410166495134,-0.2287113823405613,1,1
D03_dip08,3,dip08,78,QQQ,7,147,2025-11-12,2026-06-15,30,0.20096913413608264,-0.018947353643036353,0.02027428695112532,0.03922164059416167,-0.12973603679726417,-0.13581930557931815,0.2376417233560091,0.3532312925170068,1,-0.21991648777911899,-0.18069484718495732,0,1
D03_dip08,3,dip08,79,SOXX,9,189,2023-12-14,2024-09-16,30,0.16790498618580796,0.0008636282377531334,0.011523158641028385,0.010659530403275252,-0.1882736533618384,-0.19220988091488575,0.3310405643738977,0.43650793650793646,1,-0.16704135794805483,-0.15638182754477958,1,1
D03_dip08,3,dip08,80,QQQ,6,126,2024-01-19,2024-07-19,30,0.13164162035706783,0.01752199700392435,0.029985578029718442,0.01246358102579409,-0.11178035471042873,-0.1198107633804151,0.32089947089947096,0.4318783068783068,1,-0.11411962335314349,-0.1016560423273494,1,1
D03_dip08,3,dip08,81,QQQ,1,21,2024-11-13,2024-12-12,30,0.027818437813410313,0.02434417817350658,0.027225036246213898,0.002880858072707316,-0.025412970421883403,-0.032615473581545616,0.3349206349206349,0.43174603174603177,1,-0.003474259639903731,-0.0005934015671964152,1,1
D03_dip08,3,dip08,82,SOXX,10,210,2024-06-21,2025-04-23,30,-0.303438756357962,-0.10953684636102978,-0.1495806873379332,-0.040043840976903416,-0.21927545671237217,-0.2549719884354472,0.1858730158730159,0.276984126984127,0,0.19390190999693224,0.15385806902002883,0,0
D03_dip08,3,dip08,83,QQQ,11,231,2024-05-24,2025-04-28,30,0.03788093693594541,0.02352067792770555,0.03852360013328301,0.015002922205577456,-0.18620256126856274,-0.19198288168888578,0.3011544011544011,0.40335497835497824,1,-0.014360259008239857,0.0006426631973375993,1,1
D03_dip08,3,dip08,84,SOXX,4,84,2025-03-26,2025-07-25,29,0.21967623083558907,0.08166603233309737,0.07696288344138362,-0.004703148891713749,-0.0830621153910326,-0.09267994279019733,0.3091133004926108,0.36114532019704426,0,-0.1380101985024917,-0.14271334739420544,1,1
D03_dip08,3,dip08,85,SOXX,3,63,2024-01-12,2024-04-12,29,0.17490145812316005,0.060582022508329274,0.07570019718057616,0.015118174672246888,-0.07771614238565261,-0.08623773305487123,0.3130815544608648,0.45443349753694584,1,-0.11431943561483077,-0.09920126094258389,1,1
D03_dip08,3,dip08,86,QQQ,4,84,2025-08-13,2025-12-10,30,0.08270595883887877,-0.0020598467100503243,-0.0026591302505458345,-0.0005992835404955103,-0.07138796413813867,-0.08917985317358636,0.2472222222222222,0.37371031746031746,0,-0.0847658055489291,-0.0853650890894246,0,0
D03_dip08,3,dip08,87,QQQ,9,189,2025-08-12,2026-05-12,30,0.22380163982039725,-0.006650453236212702,0.027013265042003545,0.033663718278216244,-0.14081880209020553,-0.15359593022623877,0.2324514991181658,0.3485008818342152,1,-0.23045209305660994,-0.1967883747783937,0,1
D03_dip08,3,dip08,88,QQQ,3,63,2023-09-06,2023-12-04,30,0.03239382703262561,-0.018888553611716232,-0.005636015623588031,0.0132525379881282,-0.08305897001337256,-0.08978014403372359,0.33492063492063484,0.4652116402116402,1,-0.051282380644341846,-0.03802984265621364,0,0
D03_dip08,3,dip08,89,QQQ,6,126,2024-03-08,2024-09-06,30,0.025004402915363988,-0.03556560225580011,-0.030751471324932646,0.004814130930867466,-0.13633623776185416,-0.14053793997614542,0.3309523809523809,0.42883597883597885,1,-0.0605700051711641,-0.055755874240296634,0,0
D03_dip08,3,dip08,90,SOXX,4,84,2024-02-09,2024-06-10,29,0.16166404920459776,0.028196290271240643,0.04808579419660976,0.019889503925369114,-0.08636595624850572,-0.09974692640577335,0.3066502463054187,0.43370279146141216,1,-0.1334677589333571,-0.113578255007988,1,1
D03_dip08,3,dip08,91,QQQ,6,126,2024-12-26,2025-06-30,30,0.04434109236366246,0.007674866909558949,0.025319581442156423,0.017644714532597475,-0.1278377277741782,-0.14073082254915367,0.2677248677248677,0.37863756613756616,1,-0.03666622545410351,-0.019021510921506037,1,1
D03_dip08,3,dip08,92,QQQ,2,42,2024-07-11,2024-09-09,30,-0.07616930887243911,-0.0467009139746296,-0.04348989655852282,0.0032110174161067845,-0.06533070513067755,-0.08063664547319564,0.2119047619047619,0.3478174603174604,1,0.02946839489780951,0.032679412313916294,0,0
D03_dip08,3,dip08,93,QQQ,8,168,2025-09-04,2026-05-05,30,0.18933459993954838,0.056885856392562835,0.09235271987323707,0.03546686348067423,-0.13213284289849453,-0.14152662778750935,0.26369047619047614,0.36790674603174606,1,-0.13244874354698555,-0.09698188006631131,1,1
D03_dip08,3,dip08,94,QQQ,11,231,2023-08-28,2024-07-29,29,0.27358869545907205,0.04338844910070174,0.08421173662496148,0.04082328752425974,-0.158549556344278,-0.15268647093518228,0.3985669502910882,0.4872369010300045,1,-0.2302002463583703,-0.18937695883411057,1,1
D03_dip08,3,dip08,95,SOXX,2,42,2024-10-18,2024-12-17,29,-0.022397322959222588,0.003232917265875716,-0.002969349540332421,-0.006202266806208137,-0.05504839408824857,-0.07489041045512773,0.18308702791461412,0.28448275862068967,0,0.025630240225098303,0.019427973418890167,1,0
D03_dip08,3,dip08,96,QQQ,9,189,2024-06-04,2025-03-06,30,0.0794127343756903,0.07355495139825723,0.08978490122399567,0.016229949825738443,-0.16750932370479174,-0.16916537429334558,0.31957671957671957,0.43139329805996485,1,-0.005857782977433071,0.010372166848305372,1,1
D03_dip08,3,dip08,97,SOXX,5,105,2025-12-31,2026-06-02,30,1.0102699251297969,0.20892373089805882,0.34431465355915225,0.13539092266109343,-0.09511111174694611,-0.11446092554790589,0.24095238095238092,0.3727777777777777,1,-0.801346194231738,-0.6659552715706446,1,1
D03_dip08,3,dip08,98,QQQ,4,84,2025-02-28,2025-06-30,30,0.08838198760432037,0.04214933024015496,0.049592950737583116,0.007443620497428159,-0.0667824189847802,-0.08067941766255403,0.2035714285714286,0.3065476190476191,1,-0.04623265736416541,-0.03878903686673725,1,1
D03_dip08,3,dip08,99,SOXX,2,42,2026-05-13,2026-07-14,30,0.07552608567751218,0.007353907599346913,0.002106437327853964,-0.0052474702714929485,-0.019491828187119066,-0.0738045327281384,0.08253968253968254,0.26726190476190476,0,-0.06817217807816527,-0.07341964834965821,1,1
D04_dip12,4,dip12,0,SOXX,4,84,2025-01-15,2025-05-15,29,-0.04268264905560459,-0.025716990511332718,-0.05217687560519813,-0.026459885093865414,-0.09008269398142583,-0.12863102478579105,0.10139573070607558,0.18903940886699505,0,0.016965658544271876,-0.009494226549593539,0,0
D04_dip12,4,dip12,1,SOXX,4,84,2025-11-26,2026-03-30,29,0.06535932477276907,0.13060434817914052,0.15574580076915748,0.02514145259001696,-0.09666914509833963,-0.11147823079430455,0.3259441707717569,0.43483169129720856,1,0.06524502340637145,0.09038647599638841,1,1
D04_dip12,4,dip12,2,SOXX,12,252,2024-06-12,2025-06-13,30,-0.11229341109132818,-0.08609364403663103,-0.10625126445839422,-0.020157620421763195,-0.23588366404305075,-0.2644728011721838,0.21468253968253967,0.30929232804232804,0,0.02619976705469715,0.0060421466329339535,0,0
D04_dip12,4,dip12,3,QQQ,1,21,2026-01-13,2026-02-11,30,-0.02096638715391519,-0.014627542256874316,-0.021381409848532096,-0.00675386759165778,-0.05458277455918684,-0.06527903163765789,0.4031746031746032,0.4531746031746032,0,0.006338844897040874,-0.00041502269461690666,0,0
D04_dip12,4,dip12,4,QQQ,8,168,2025-02-28,2025-10-28,30,0.2501946013536971,0.07269972065454076,0.10091527433401283,0.028215553679472066,-0.13812305774620287,-0.14437787678071334,0.2779761904761905,0.37113095238095234,1,-0.1774948806991563,-0.14927932701968427,1,1
D04_dip12,4,dip12,5,SOXX,3,63,2025-03-10,2025-06-06,29,0.11931811258500846,0.023024491089483737,0.006695513606465916,-0.01632897748301782,-0.027145179397823276,-0.056397878945300954,0.08866995073891625,0.15859332238642582,0,-0.09629362149552473,-0.11262259897854254,1,1
D04_dip12,4,dip12,6,SOXX,12,252,2024-10-18,2025-10-21,30,0.27929057935732526,0.08040498987955062,0.08883507142886396,0.008430081549313337,-0.18728003050003003,-0.2026572454977613,0.2891534391534391,0.36726190476190484,1,-0.19888558947777463,-0.1904555079284613,1,1
D04_dip12,4,dip12,7,SOXX,5,105,2024-08-02,2024-12-31,30,0.04615473659290337,-0.007383155687375146,-0.01085108058548965,-0.0034679248981145045,-0.09986809917066228,-0.11925936479833964,0.15714285714285714,0.2561904761904762,0,-0.05353789228027851,-0.057005817178393016,0,0
D04_dip12,4,dip12,8,SOXX,11,231,2024-01-29,2024-12-26,30,0.11728595595420654,-0.014050142007062175,0.00036071508052515724,0.014410857087587332,-0.22765483794891364,-0.23964155236415688,0.2554112554112554,0.35768398268398266,1,-0.13133609796126872,-0.11692524087368139,0,1
D04_dip12,4,dip12,9,QQQ,7,147,2025-12-22,2026-07-24,30,0.10761391047221691,0.011967165923700219,0.0531890516457769,0.041221885722076676,-0.11138535137425892,-0.1255372579473183,0.2068027210884354,0.2937074829931972,1,-0.0956467445485167,-0.05442485882644001,1,1
D04_dip12,4,dip12,10,SOXX,11,231,2025-04-30,2026-03-31,30,0.7991728873661996,0.24120132927579618,0.32491007112425546,0.08370874184845928,-0.18151182396438895,-0.1835898541007434,0.32958152958152964,0.420995670995671,1,-0.5579715580904034,-0.47426281624194416,1,1
D04_dip12,4,dip12,11,SOXX,7,147,2023-12-07,2024-07-10,30,0.5448438251272811,0.15643696946934116,0.19763623931783153,0.04119926984849037,-0.13145231080705216,-0.135681250204299,0.34852607709750566,0.4439909297052154,1,-0.38840685565794,-0.3472075858094496,1,1
D04_dip12,4,dip12,12,QQQ,11,231,2024-03-27,2025-02-27,30,0.12982124242441295,0.006866921906544258,0.016829236783301654,0.009962314876757396,-0.13945240282328086,-0.14271723445676684,0.29913419913419914,0.36497113997114,1,-0.1229543205178687,-0.1129920056411113,1,1
D04_dip12,4,dip12,13,QQQ,10,210,2024-09-30,2025-08-01,30,0.1396406940506143,0.13642248264481188,0.15025359678968442,0.013831114144872536,-0.13907255241929703,-0.15108080904975837,0.29253968253968254,0.3819444444444445,1,-0.003218211405802418,0.010612902739070118,1,1
D04_dip12,4,dip12,14,QQQ,9,189,2025-02-11,2025-11-10,30,0.1848421423831519,0.04006495843578965,0.055585378210768595,0.015520419774978943,-0.14697553389521303,-0.14854014199840485,0.3174603174603175,0.4066137566137566,1,-0.14477718394736222,-0.1292567641723833,1,1
D04_dip12,4,dip12,15,SOXX,2,42,2023-11-10,2024-01-11,29,0.1337866151876319,0.0774943989489612,0.08453730337536623,0.007042904426405039,-0.05469737112963862,-0.06119381088971078,0.4778325123152709,0.5433087027914614,1,-0.056292216238670714,-0.049249311812265675,1,1
D04_dip12,4,dip12,16,QQQ,8,168,2025-04-17,2025-12-16,30,0.38065075650801794,0.05822628509197105,0.06906638638639247,0.010840101294421416,-0.09045853742073709,-0.10626842524454153,0.22182539682539681,0.32772817460317455,1,-0.3224244714160469,-0.3115843701216255,1,1
D04_dip12,4,dip12,17,QQQ,3,63,2023-10-12,2024-01-11,29,0.10935443004554912,0.009703347775665807,0.026546399858034166,0.01684305208236836,-0.07684055243996374,-0.07837284927253249,0.3787629994526547,0.4589490968801313,1,-0.09965108226988331,-0.08280803018751495,1,1
D04_dip12,4,dip12,18,SOXX,7,147,2025-06-02,2025-12-30,29,0.4742072430583639,0.08455874395636237,0.14371980457021696,0.059161060613854594,-0.17907138410292056,-0.17439032150925005,0.4133239502697632,0.49689186019235276,1,-0.38964849910200156,-0.330487438488147,1,1
D04_dip12,4,dip12,19,QQQ,2,42,2026-01-20,2026-03-19,30,-0.024734412068352585,-0.003904880697059835,-0.013547056569299394,-0.00964217587223956,-0.04664148075686558,-0.06265886438946877,0.2563492063492063,0.3194444444444445,0,0.02082953137129275,0.01118735549905319,0,0
D04_dip12,4,dip12,20,QQQ,2,42,2025-12-30,2026-03-02,30,-0.01830706738570409,0.020542259241984707,0.02762988310355777,0.007087623861573064,-0.05202848290647793,-0.06307433256869927,0.3150793650793651,0.4009920634920635,1,0.03884932662768879,0.04593695048926186,1,1
D04_dip12,4,dip12,21,QQQ,8,168,2024-02-14,2024-10-14,30,0.15334197720866793,0.01763376201115824,0.030974524116715463,0.013340762105557225,-0.1322396468346643,-0.1329815242427825,0.32797619047619037,0.4190972222222222,1,-0.1357082151975097,-0.12236745309195247,1,1
D04_dip12,4,dip12,22,QQQ,4,84,2025-10-15,2026-02-13,30,0.000789757805571778,0.041634413714619276,0.05244404982081131,0.010809636106192032,-0.08767623706279756,-0.09360732786929941,0.3873015873015873,0.4669642857142857,1,0.0408446559090475,0.05165429201523953,1,1
D04_dip12,4,dip12,23,QQQ,3,63,2026-01-08,2026-04-09,30,-0.0153279984002892,-0.00015153970303823558,0.012519326648010698,0.012670866351048934,-0.07822959166317958,-0.0907270058519436,0.2523809523809524,0.3402116402116402,1,0.015176458697250964,0.027847325048299898,0,1
D04_dip12,4,dip12,24,SOXX,5,105,2026-02-10,2026-07-13,30,0.5770256813269112,0.13659686114321096,0.18591649832427928,0.049319637181068327,-0.06750382261710434,-0.09980044561033573,0.12349206349206351,0.27976190476190477,1,-0.4404288201837003,-0.391109183002632,1,1
D04_dip12,4,dip12,25,QQQ,5,105,2026-01-14,2026-06-15,30,0.20238584863226716,0.04480905436171883,0.0625389881278576,0.017729933766138774,-0.0814089650586057,-0.09918076971749844,0.1892063492063492,0.2768253968253968,1,-0.15757679427054833,-0.13984686050440956,1,1
D04_dip12,4,dip12,26,QQQ,12,252,2025-01-16,2026-01-16,30,0.21698527291142944,0.0058803715805283464,0.015997146660621655,0.010116775080093308,-0.15853139701677746,-0.16884993771219706,0.27777777777777773,0.3724537037037037,1,-0.2111049013309011,-0.20098812625080778,1,1
D04_dip12,4,dip12,27,SOXX,4,84,2026-03-20,2026-07-21,30,0.6629647609934404,0.09246450214498574,0.16473741261968078,0.07227291047469504,-0.045970691350039505,-0.09418864882054596,0.09761904761904759,0.2773809523809524,1,-0.5705002588484547,-0.4982273483737596,1,1
D04_dip12,4,dip12,28,SOXX,10,210,2023-09-12,2024-07-12,30,0.6054241699570708,0.16010458794897048,0.22256701320362185,0.06246242525465137,-0.15291596127570126,-0.14051511441222825,0.3422222222222222,0.4391666666666667,1,-0.44531958200810035,-0.382857156753449,1,1
D04_dip12,4,dip12,29,QQQ,10,210,2023-11-02,2024-09-04,29,0.2742635518580856,0.07824104849807687,0.0901313360434684,0.011890287545391537,-0.14724112546969834,-0.15196017108351226,0.4203612479474548,0.4811986863711002,1,-0.19602250336000873,-0.1841322158146172,1,1
D04_dip12,4,dip12,30,SOXX,11,231,2025-02-26,2026-01-27,30,0.6222676159829015,0.1711368514401048,0.21021414064308938,0.03907728920298459,-0.19787028190037134,-0.19523732491624096,0.31746031746031744,0.391017316017316,1,-0.45113076454279666,-0.41205347533981207,1,1
D04_dip12,4,dip12,31,SOXX,4,84,2024-11-26,2025-03-31,30,-0.12412360871542705,-0.032152561625399236,-0.03960166293809564,-0.007449101312696403,-0.09531311281221044,-0.1205488636614496,0.17658730158730157,0.303968253968254,0,0.09197104709002782,0.08452194577733141,0,0
D04_dip12,4,dip12,32,SOXX,3,63,2024-07-29,2024-10-24,29,-0.004528432055198928,-0.01717969917744293,-0.02573614926414383,-0.0085564500867009,-0.05077110926622666,-0.07305696418035837,0.09140667761357416,0.20019157088122608,0,-0.012651267122244004,-0.021207717208944904,0,0
D04_dip12,4,dip12,33,SOXX,7,147,2025-09-16,2026-04-16,29,0.5731894193346554,0.2428581070521754,0.32778905446237855,0.08493094741020316,-0.1605512081869748,-0.16300518894377478,0.3309875674407695,0.4380131362889984,1,-0.33033131228248,-0.24540036487227684,1,1
D04_dip12,4,dip12,34,QQQ,4,84,2024-05-31,2024-09-30,30,0.08613665447903895,-0.02094604149667747,-0.0034922588225041167,0.01745378267417335,-0.11243876407913302,-0.11360577206302096,0.3619047619047619,0.44047619047619047,1,-0.10708269597571643,-0.08962891330154307,0,0
D04_dip12,4,dip12,35,QQQ,9,189,2025-02-11,2025-11-10,30,0.1848421423831519,0.0778069487759237,0.06893235594351307,-0.008874592832410627,-0.15279406301724527,-0.15875087569536286,0.3052910052910052,0.3922839506172839,0,-0.10703519360722819,-0.11590978643963881,1,1
D04_dip12,4,dip12,36,QQQ,3,63,2025-01-14,2025-04-14,30,-0.0928917402537448,-0.014715106421000608,-0.01729904779328845,-0.0025839413722878422,-0.0943586033322837,-0.11685005815628059,0.2613756613756614,0.3566137566137566,0,0.0781766338327442,0.07559269246045636,0,0
D04_dip12,4,dip12,37,SOXX,10,210,2024-08-26,2025-06-27,30,0.05767020978785542,0.046170386833983716,0.020469236264924553,-0.025701150569059163,-0.14069969891344225,-0.1656927420229418,0.18349206349206346,0.2747222222222222,0,-0.011499822953871704,-0.037200973522930864,1,1
D04_dip12,4,dip12,38,SOXX,12,252,2024-07-02,2025-07-03,30,-0.019691750048819512,-0.042699691533501484,-0.07653253802968606,-0.03383284649618457,-0.22362703060876782,-0.2599589581257174,0.1978835978835979,0.28240740740740744,0,-0.023007941484681972,-0.056840787980866544,0,0
D04_dip12,4,dip12,39,QQQ,5,105,2024-09-23,2025-02-24,30,0.07798173822976961,0.06547072313479577,0.07349434590350117,0.008023622768705399,-0.09793759599584707,-0.10673681980590996,0.40888888888888886,0.48142857142857143,1,-0.012511015094973849,-0.0044873923262684495,1,1
D04_dip12,4,dip12,40,QQQ,12,252,2025-05-13,2026-05-13,30,0.3929080380641541,0.10209609867488217,0.13594119257784115,0.03384509390295898,-0.18245185130402916,-0.19996827216184027,0.31388888888888894,0.4013888888888889,1,-0.2908119393892719,-0.25696684548631293,1,1
D04_dip12,4,dip12,41,SOXX,5,105,2024-12-18,2025-05-21,29,-0.03550491258274213,-0.03958675821020653,-0.06460222643023221,-0.025015468220025677,-0.12360463930904281,-0.1564016346265959,0.1714285714285714,0.25385878489326763,0,-0.0040818456274644005,-0.029097313847490078,0,0
D04_dip12,4,dip12,42,QQQ,1,21,2026-06-01,2026-06-30,30,-0.007446386853765863,-0.004137721075456391,0.0016454438982974125,0.005783164973753804,-0.012896127851843646,-0.026498116669385053,0.10793650793650794,0.2333333333333333,1,0.003308665778309472,0.009091830752063275,0,1
D04_dip12,4,dip12,43,SOXX,5,105,2025-04-30,2025-09-29,30,0.46913595929254015,0.12020837437946033,0.15054648063565335,0.030338106256193015,-0.11467746009539652,-0.11588806576630377,0.391111111111111,0.45563492063492056,1,-0.34892758491307985,-0.3185894786568868,1,1
D04_dip12,4,dip12,44,SOXX,5,105,2024-07-24,2024-12-19,29,-0.07336127646416635,0.014440215493246455,0.011015403882659364,-0.003424811610587091,-0.10254019487332973,-0.11719958296932523,0.1960591133004926,0.28891625615763544,0,0.0878014919574128,0.08437668034682572,1,1
D04_dip12,4,dip12,45,SOXX,12,252,2024-03-06,2025-03-07,30,-0.10757483963704584,-0.08439870231549465,-0.08688988165246653,-0.002491179336971877,-0.23166021795046768,-0.24231266566017134,0.24735449735449733,0.3484788359788359,0,0.023176137321551188,0.02068495798457931,0,0
D04_dip12,4,dip12,46,SOXX,11,231,2024-02-13,2025-01-14,30,0.07418656590600592,0.02756966561592551,0.04953670178431232,0.02196703616838681,-0.20760107677177955,-0.2204982357321783,0.2522366522366522,0.3566378066378066,1,-0.04661690029008041,-0.0246498641216936,1,1
D04_dip12,4,dip12,47,QQQ,12,252,2025-06-12,2026-06-12,30,0.3582275230463974,0.10374190539348917,0.15358380460483534,0.04984189921134617,-0.1650181027476526,-0.17991443367122037,0.28941798941798946,0.3826058201058201,1,-0.2544856176529082,-0.20464371844156204,1,1
D04_dip12,4,dip12,48,QQQ,1,21,2025-07-02,2025-07-31,30,0.02579898212369769,0.009147873504681665,0.009973081043894145,0.0008252075392124799,-0.03190240724898848,-0.036425606062439865,0.3682539682539682,0.4468253968253968,1,-0.016651108619016024,-0.015825901079803542,1,1
D04_dip12,4,dip12,49,QQQ,6,126,2024-03-22,2024-09-20,30,0.08250098618182977,-0.011823329141226387,0.0003398655101082652,0.012163194651334652,-0.1258061830418667,-0.12505230783794852,0.29550264550264543,0.3803571428571429,1,-0.09432431532305616,-0.0821611206717215,0,1
D04_dip12,4,dip12,50,QQQ,11,231,2025-04-16,2026-03-18,30,0.3441101199491847,0.036376948153369094,0.057170083528121494,0.0207931353747524,-0.12889573510110175,-0.13882344403247635,0.26536796536796536,0.35494227994227995,1,-0.3077331717958156,-0.28694003642106325,1,1
D04_dip12,4,dip12,51,SOXX,12,252,2025-05-09,2026-05-11,30,1.7645874371661052,0.4097080988831326,0.5495466451057198,0.13983854622258723,-0.19101367705129177,-0.1904656321202571,0.3484126984126984,0.4363095238095239,1,-1.3548793382829727,-1.2150407920603854,1,1
D04_dip12,4,dip12,52,QQQ,6,126,2024-07-26,2025-01-27,30,0.11403101000835725,0.05681938935261872,0.0812345252223756,0.02441513586975689,-0.12773069541356347,-0.12920633779898216,0.3232804232804233,0.4117724867724867,1,-0.05721162065573853,-0.03279648478598164,1,1
D04_dip12,4,dip12,53,SOXX,9,189,2025-02-25,2025-11-21,30,0.27137739698000374,0.056180111741826515,0.048386614270261766,-0.007793497471564749,-0.16495208287193883,-0.17609058251064963,0.28395061728395066,0.35780423280423285,0,-0.21519728523817722,-0.22299078270974199,1,1
D04_dip12,4,dip12,54,QQQ,10,210,2025-06-10,2026-04-10,30,0.14941279936704488,-0.015405285196039335,-0.024348231024600802,-0.008942945828561467,-0.13625480198106962,-0.15341109498179265,0.2634920634920635,0.3406349206349207,0,-0.16481808456308422,-0.17376103039164567,0,0
D04_dip12,4,dip12,55,QQQ,9,189,2024-03-12,2024-12-09,30,0.18252348107739125,0.055664773216138046,0.06250531455161584,0.006840541335477797,-0.12915008536707423,-0.13197617719023258,0.3707231040564374,0.4346560846560848,1,-0.1268587078612532,-0.1200181665257754,1,1
D04_dip12,4,dip12,56,SOXX,1,21,2026-03-06,2026-04-06,30,0.06430085839175526,0.002552041162142956,0.01733821392914249,0.014786172766999534,-0.012963321553764555,-0.03702520547999466,0.06984126984126983,0.25992063492063494,1,-0.0617488172296123,-0.046962644462612765,1,1
D04_dip12,4,dip12,57,QQQ,11,231,2024-12-30,2025-12-01,30,0.2014930365864087,0.06266015330288494,0.07606211526881926,0.013401961965934323,-0.1598500025072416,-0.16800394005765487,0.2909090909090909,0.37626262626262624,1,-0.13883288328352378,-0.12543092131758946,1,1
D04_dip12,4,dip12,58,QQQ,4,84,2025-05-06,2025-09-04,30,0.19622773691571815,0.02277270503400945,0.03212132043626358,0.009348615402254134,-0.07513828177160067,-0.08281136859280112,0.29166666666666663,0.37847222222222215,1,-0.17345503188170872,-0.16410641647945456,1,1
D04_dip12,4,dip12,59,SOXX,4,84,2026-02-25,2026-06-25,30,0.7007669266812115,0.09044155816110022,0.19187335836315028,0.10143180020205006,-0.07194405578107436,-0.09466789006285238,0.1384920634920635,0.2939484126984127,1,-0.6103253685201113,-0.5088935683180613,1,1
D04_dip12,4,dip12,60,SOXX,1,21,2024-12-26,2025-01-28,29,-0.04487098139039003,-0.03273396754475295,-0.03368114532258394,-0.0009471777778309945,-0.06564789337488112,-0.07847612748976936,0.27586206896551724,0.366584564860427,0,0.012137013845637083,0.011189836067806089,0,0
D04_dip12,4,dip12,61,SOXX,3,63,2024-01-26,2024-04-25,29,0.06710111015930864,0.02188533088741311,0.021650624307611777,-0.00023470657980133314,-0.05970782911130342,-0.08167026384346814,0.22167487684729062,0.3591954022988505,0,-0.04521577927189553,-0.045450485851696865,1,1
D04_dip12,4,dip12,62,SOXX,3,63,2025-06-20,2025-09-18,29,0.19111850646885342,0.09125785621270052,0.11463193957653021,0.023374083363829692,-0.11324479512224543,-0.11503386164678554,0.48056923918992883,0.5573344280240833,1,-0.0998606502561529,-0.07648656689232321,1,1
D04_dip12,4,dip12,63,QQQ,3,63,2025-10-01,2025-12-30,30,0.0281443024583361,-0.007672257166568985,-0.007588739758377309,8.35174081916766e-05,-0.057252876515231955,-0.06692715360906698,0.25661375661375657,0.3346560846560847,1,-0.035816559624905084,-0.03573304221671341,0,0
D04_dip12,4,dip12,64,QQQ,2,42,2024-06-12,2024-08-12,30,-0.046509750935051275,-0.030689981486153213,-0.02946571282069003,0.0012242686654631817,-0.07187451483260328,-0.08294720863011558,0.3507936507936508,0.4380952380952381,1,0.015819769448898062,0.017044038114361244,0,0
D04_dip12,4,dip12,65,SOXX,7,147,2024-03-27,2024-10-24,29,0.010917916153216245,-0.017449618185238974,-0.01949491723340618,-0.0020452990481672068,-0.1614083097554402,-0.17605594583956966,0.2629603565564157,0.35813980764719683,0,-0.02836753433845522,-0.030412833386622425,0,0
D04_dip12,4,dip12,66,QQQ,7,147,2024-06-18,2025-01-17,30,0.0802486743430566,0.00029853127965911254,0.022712270499700923,0.02241373922004181,-0.13011363603454423,-0.13136434134514552,0.35124716553287977,0.42687074829931976,1,-0.0799501430633975,-0.05753640384335568,1,1
D04_dip12,4,dip12,67,SOXX,6,126,2025-02-27,2025-08-27,30,0.2288069130259598,0.09602472964249355,0.09672261495338663,0.0006978853108930844,-0.11061219488937407,-0.12858722147269644,0.3126984126984126,0.38485449735449734,1,-0.13278218338346626,-0.13208429807257316,1,1
D04_dip12,4,dip12,68,SOXX,2,42,2026-01-27,2026-03-26,30,-0.06274182234420844,0.0032193452924548414,0.004421596156003819,0.0012022508635489777,-0.05896621171963992,-0.0794359916619729,0.19920634920634922,0.33273809523809533,1,0.06596116763666328,0.06716341850021226,1,1
D04_dip12,4,dip12,69,SOXX,8,168,2025-08-27,2026-04-28,30,0.752796897064234,0.17512795042041496,0.2718315491765083,0.09670359875609336,-0.17448596435949304,-0.17772945295763015,0.31924603174603183,0.42688492063492056,1,-0.5776689466438191,-0.4809653478877257,1,1
D04_dip12,4,dip12,70,SOXX,5,105,2024-09-20,2025-02-21,29,0.005406814450626518,0.003468495639504155,0.0035269974573217525,5.850181781759736e-05,-0.09789538854854749,-0.11163740165524093,0.187192118226601,0.2885057471264368,1,-0.001938318811122363,-0.0018798169933047656,1,1
D04_dip12,4,dip12,71,SOXX,4,84,2025-09-17,2026-01-15,29,0.30628589985012833,0.09548057248306517,0.13125508432040053,0.03577451183733536,-0.13684856978281387,-0.14252770716958227,0.3788998357963875,0.46756978653530373,1,-0.21080532736706314,-0.1750308155297278,1,1
D04_dip12,4,dip12,72,QQQ,4,84,2025-06-23,2025-10-20,30,0.1516013225816759,0.03716667462224955,0.05104780811799321,0.013881133495743665,-0.08772548229479836,-0.09496674607294818,0.3146825396825397,0.4143849206349207,1,-0.11443464795942637,-0.1005535144636827,1,1
D04_dip12,4,dip12,73,SOXX,10,210,2023-11-28,2024-09-27,30,0.3732977081618618,0.06661678645753953,0.08222452262212677,0.015607736164587244,-0.18894426088698602,-0.19578890854786896,0.3076190476190476,0.4021031746031747,1,-0.30668092170432226,-0.29107318553973505,1,1
D04_dip12,4,dip12,74,QQQ,9,189,2025-04-09,2026-01-08,30,0.33624069066151074,0.13339435324806054,0.17134563870570055,0.03795128545764001,-0.1364775405035114,-0.14344645550599167,0.35555555555555557,0.4384038800705468,1,-0.2028463374134502,-0.1648950519558102,1,1
D04_dip12,4,dip12,75,QQQ,12,252,2024-12-19,2025-12-22,30,0.21234993913837386,0.07282488524533995,0.09949776890296944,0.026672883657629487,-0.15411353549119883,-0.1723945677717608,0.2826719576719577,0.3706018518518518,1,-0.1395250538930339,-0.11285217023540442,1,1
D04_dip12,4,dip12,76,SOXX,5,105,2024-05-10,2024-10-09,29,0.07166292185798206,0.014436981495001656,0.007689499196878787,-0.006747482298122868,-0.12451546382428642,-0.15069878126443095,0.25155993431855495,0.34187192118226595,0,-0.05722594036298041,-0.06397342266110327,1,1
D04_dip12,4,dip12,77,SOXX,8,168,2025-08-01,2026-04-01,30,0.4329721592393472,0.15866805757439584,0.21223412167870903,0.053566064104313194,-0.18501848805024199,-0.18099899373315956,0.3426587301587301,0.4483134920634921,1,-0.27430410166495134,-0.22073803756063815,1,1
D04_dip12,4,dip12,78,QQQ,7,147,2025-11-12,2026-06-15,30,0.20096913413608264,-0.018947353643036353,0.018223052614928414,0.037170406257964764,-0.12973603679726417,-0.1365252247522212,0.2376417233560091,0.31717687074829926,1,-0.21991648777911899,-0.18274608152115424,0,1
D04_dip12,4,dip12,79,SOXX,9,189,2023-12-14,2024-09-16,30,0.16790498618580796,0.0008636282377531334,0.006347636036076584,0.005484007798323451,-0.1882736533618384,-0.19758956081201742,0.3310405643738977,0.42843915343915334,1,-0.16704135794805483,-0.16155735014973138,1,1
D04_dip12,4,dip12,80,QQQ,6,126,2024-01-19,2024-07-19,30,0.13164162035706783,0.01752199700392435,0.022884643486801935,0.005362646482877584,-0.11178035471042873,-0.11899050230711969,0.32089947089947096,0.4035714285714286,1,-0.11411962335314349,-0.10875697687026589,1,1
D04_dip12,4,dip12,81,QQQ,1,21,2024-11-13,2024-12-12,30,0.027818437813410313,0.02434417817350658,0.026501204282720403,0.0021570261092138214,-0.025412970421883403,-0.029653402343364887,0.3349206349206349,0.3920634920634921,1,-0.003474259639903731,-0.0013172335306899097,1,1
D04_dip12,4,dip12,82,SOXX,10,210,2024-06-21,2025-04-23,30,-0.303438756357962,-0.10953684636102978,-0.15092763618778493,-0.04139078982675515,-0.21927545671237217,-0.2569526027015784,0.1858730158730159,0.27892857142857147,0,0.19390190999693224,0.1525111201701771,0,0
D04_dip12,4,dip12,83,QQQ,11,231,2024-05-24,2025-04-28,30,0.03788093693594541,0.02352067792770555,0.03170110736138822,0.008180429433682666,-0.18620256126856274,-0.19123784458938184,0.3011544011544011,0.3856060606060606,1,-0.014360259008239857,-0.006179829574557191,1,1
D04_dip12,4,dip12,84,SOXX,4,84,2025-03-26,2025-07-25,29,0.21967623083558907,0.08166603233309737,0.0742820947361365,-0.007383937596960863,-0.0830621153910326,-0.09490781032758801,0.3091133004926108,0.3538587848932676,0,-0.1380101985024917,-0.14539413609945256,1,1
D04_dip12,4,dip12,85,SOXX,3,63,2024-01-12,2024-04-12,29,0.17490145812316005,0.060582022508329274,0.07536640678547057,0.0147843842771413,-0.07771614238565261,-0.0840769650978393,0.3130815544608648,0.43295019157088127,1,-0.11431943561483077,-0.09953505133768947,1,1
D04_dip12,4,dip12,86,QQQ,4,84,2025-08-13,2025-12-10,30,0.08270595883887877,-0.0020598467100503243,0.003801464703550069,0.005861311413600393,-0.07138796413813867,-0.08527068276811217,0.2472222222222222,0.3511904761904762,1,-0.0847658055489291,-0.0789044941353287,0,1
D04_dip12,4,dip12,87,QQQ,9,189,2025-08-12,2026-05-12,30,0.22380163982039725,-0.006650453236212702,0.0220663382499934,0.0287167914862061,-0.14081880209020553,-0.15338171456631974,0.2324514991181658,0.3170194003527337,1,-0.23045209305660994,-0.20173530157040384,0,1
D04_dip12,4,dip12,88,QQQ,3,63,2023-09-06,2023-12-04,30,0.03239382703262561,-0.018888553611716232,-0.007969649998810068,0.010918903612906164,-0.08305897001337256,-0.08911149100686382,0.33492063492063484,0.42261904761904767,1,-0.051282380644341846,-0.04036347703143568,0,0
D04_dip12,4,dip12,89,QQQ,6,126,2024-03-08,2024-09-06,30,0.025004402915363988,-0.03556560225580011,-0.032147976593260956,0.003417625662539156,-0.13633623776185416,-0.13933579668547783,0.3309523809523809,0.39861111111111114,1,-0.0605700051711641,-0.057152379508624944,0,0
D04_dip12,4,dip12,90,SOXX,4,84,2024-02-09,2024-06-10,29,0.16166404920459776,0.028196290271240643,0.043945038582091006,0.015748748310850363,-0.08636595624850572,-0.09919273928989489,0.3066502463054187,0.41635878489326766,1,-0.1334677589333571,-0.11771901062250675,1,1
D04_dip12,4,dip12,91,QQQ,6,126,2024-12-26,2025-06-30,30,0.04434109236366246,0.007674866909558949,0.02111412353308423,0.013439256623525284,-0.1278377277741782,-0.14193632796975172,0.2677248677248677,0.35753968253968255,1,-0.03666622545410351,-0.02322696883057823,1,1
D04_dip12,4,dip12,92,QQQ,2,42,2024-07-11,2024-09-09,30,-0.07616930887243911,-0.0467009139746296,-0.04620869877601101,0.000492215198618591,-0.06533070513067755,-0.07921338359876429,0.2119047619047619,0.32142857142857145,1,0.02946839489780951,0.0299606100964281,0,0
D04_dip12,4,dip12,93,QQQ,8,168,2025-09-04,2026-05-05,30,0.18933459993954838,0.056885856392562835,0.090101167771301,0.03321531137873817,-0.13213284289849453,-0.13892722806970045,0.26369047619047614,0.3430059523809524,1,-0.13244874354698555,-0.09923343216824737,1,1
D04_dip12,4,dip12,94,QQQ,11,231,2023-08-28,2024-07-29,29,0.27358869545907205,0.04338844910070174,0.06877404179318353,0.025385592692481786,-0.158549556344278,-0.15613468515605555,0.3985669502910882,0.4650320943424392,1,-0.2302002463583703,-0.20481465366588852,1,1
D04_dip12,4,dip12,95,SOXX,2,42,2024-10-18,2024-12-17,29,-0.022397322959222588,0.003232917265875716,-0.005092271623401867,-0.008325188889277583,-0.05504839408824857,-0.07553876535318714,0.18308702791461412,0.28776683087027916,0,0.025630240225098303,0.01730505133582072,1,0
D04_dip12,4,dip12,96,QQQ,9,189,2024-06-04,2025-03-06,30,0.0794127343756903,0.07355495139825723,0.08515025707849865,0.011595305680241419,-0.16750932370479174,-0.171783250395491,0.31957671957671957,0.39947089947089953,1,-0.005857782977433071,0.005737522702808348,1,1
D04_dip12,4,dip12,97,SOXX,5,105,2025-12-31,2026-06-02,30,1.0102699251297969,0.20892373089805882,0.3460889136764274,0.1371651827783686,-0.09511111174694611,-0.1100142620390374,0.24095238095238092,0.37023809523809514,1,-0.801346194231738,-0.6641810114533695,1,1
D04_dip12,4,dip12,98,QQQ,4,84,2025-02-28,2025-06-30,30,0.08838198760432037,0.04214933024015496,0.04101923972058708,-0.001130090519567875,-0.0667824189847802,-0.08208958019346208,0.2035714285714286,0.2877976190476191,0,-0.04623265736416541,-0.047362747883733285,1,1
D04_dip12,4,dip12,99,SOXX,2,42,2026-05-13,2026-07-14,30,0.07552608567751218,0.007353907599346913,0.004012410898274702,-0.003341496701072211,-0.019491828187119066,-0.07360548031819932,0.08253968253968254,0.253968253968254,0,-0.06817217807816527,-0.07151367477923748,1,1
D05_deep15,5,deep_dip15,0,SOXX,4,84,2025-01-15,2025-05-15,29,-0.04268264905560459,-0.025716990511332718,-0.050074495430846654,-0.024357504919513936,-0.09008269398142583,-0.1278822112436927,0.10139573070607558,0.1824712643678161,0,0.016965658544271876,-0.00739184637524206,0,0
D05_deep15,5,deep_dip15,1,SOXX,4,84,2025-11-26,2026-03-30,29,0.06535932477276907,0.13060434817914052,0.1613471173630274,0.03074276918388688,-0.09666914509833963,-0.10966107847259299,0.3259441707717569,0.42744252873563215,1,0.06524502340637145,0.09598779259025833,1,1
D05_deep15,5,deep_dip15,2,SOXX,12,252,2024-06-12,2025-06-13,30,-0.11229341109132818,-0.08609364403663103,-0.104799662189912,-0.018706018153280976,-0.23588366404305075,-0.25575615257569634,0.21468253968253967,0.2978174603174603,0,0.02619976705469715,0.007493748901416172,0,0
D05_deep15,5,deep_dip15,3,QQQ,1,21,2026-01-13,2026-02-11,30,-0.02096638715391519,-0.014627542256874316,-0.02029728328548907,-0.005669741028614754,-0.05458277455918684,-0.06358853860082805,0.4031746031746032,0.44047619047619047,0,0.006338844897040874,0.00066910386842612,0,0
D05_deep15,5,deep_dip15,4,QQQ,8,168,2025-02-28,2025-10-28,30,0.2501946013536971,0.07269972065454076,0.0986305497348941,0.025930829080353338,-0.13812305774620287,-0.14578203376710325,0.2779761904761905,0.36041666666666666,1,-0.1774948806991563,-0.151564051618803,1,1
D05_deep15,5,deep_dip15,5,SOXX,3,63,2025-03-10,2025-06-06,29,0.11931811258500846,0.023024491089483737,0.007701919145678025,-0.015322571943805713,-0.027145179397823276,-0.05393279747336375,0.08866995073891625,0.15886699507389165,0,-0.09629362149552473,-0.11161619343933044,1,1
D05_deep15,5,deep_dip15,6,SOXX,12,252,2024-10-18,2025-10-21,30,0.27929057935732526,0.08040498987955062,0.08466990998380061,0.004264920104249989,-0.18728003050003003,-0.20053987899410625,0.2891534391534391,0.3662037037037037,1,-0.19888558947777463,-0.19462066937352465,1,1
D05_deep15,5,deep_dip15,7,SOXX,5,105,2024-08-02,2024-12-31,30,0.04615473659290337,-0.007383155687375146,-0.007601337609435584,-0.000218181922060438,-0.09986809917066228,-0.11732938964643655,0.15714285714285714,0.26,0,-0.05353789228027851,-0.05375607420233895,0,0
D05_deep15,5,deep_dip15,8,SOXX,11,231,2024-01-29,2024-12-26,30,0.11728595595420654,-0.014050142007062175,-0.0067765306799013715,0.007273611327160804,-0.22765483794891364,-0.24121197581784282,0.2554112554112554,0.3440476190476191,1,-0.13133609796126872,-0.12406248663410792,0,0
D05_deep15,5,deep_dip15,9,QQQ,7,147,2025-12-22,2026-07-24,30,0.10761391047221691,0.011967165923700219,0.03496889916214385,0.023001733238443633,-0.11138535137425892,-0.13038974669306558,0.2068027210884354,0.2804421768707483,1,-0.0956467445485167,-0.07264501131007306,1,1
D05_deep15,5,deep_dip15,10,SOXX,11,231,2025-04-30,2026-03-31,30,0.7991728873661996,0.24120132927579618,0.3311525420980629,0.0899512128222667,-0.18151182396438895,-0.1803960142929812,0.32958152958152964,0.4158008658008658,1,-0.5579715580904034,-0.46802034526813674,1,1
D05_deep15,5,deep_dip15,11,SOXX,7,147,2023-12-07,2024-07-10,30,0.5448438251272811,0.15643696946934116,0.1839765027298292,0.027539533260488053,-0.13145231080705216,-0.13600841587657744,0.34852607709750566,0.4246031746031746,1,-0.38840685565794,-0.3608673223974519,1,1
D05_deep15,5,deep_dip15,12,QQQ,11,231,2024-03-27,2025-02-27,30,0.12982124242441295,0.006866921906544258,0.02152699297145756,0.0146600710649133,-0.13945240282328086,-0.1405838892624135,0.29913419913419914,0.3507575757575757,1,-0.1229543205178687,-0.10829424945295539,1,1
D05_deep15,5,deep_dip15,13,QQQ,10,210,2024-09-30,2025-08-01,30,0.1396406940506143,0.13642248264481188,0.15359455904102576,0.017172076396213876,-0.13907255241929703,-0.14771455209354487,0.29253968253968254,0.3786904761904762,1,-0.003218211405802418,0.013953864990411458,1,1
D05_deep15,5,deep_dip15,14,QQQ,9,189,2025-02-11,2025-11-10,30,0.1848421423831519,0.04006495843578965,0.05646324693096116,0.016398288495171505,-0.14697553389521303,-0.1473663018719119,0.3174603174603175,0.38818342151675483,1,-0.14477718394736222,-0.12837889545219072,1,1
D05_deep15,5,deep_dip15,15,SOXX,2,42,2023-11-10,2024-01-11,29,0.1337866151876319,0.0774943989489612,0.08378888556839656,0.006294486619435366,-0.05469737112963862,-0.06042483670739834,0.4778325123152709,0.539408866995074,1,-0.056292216238670714,-0.04999772961923535,1,1
D05_deep15,5,deep_dip15,16,QQQ,8,168,2025-04-17,2025-12-16,30,0.38065075650801794,0.05822628509197105,0.07273985094775873,0.014513565855787676,-0.09045853742073709,-0.1057780014383453,0.22182539682539681,0.30625,1,-0.3224244714160469,-0.30791090556025924,1,1
D05_deep15,5,deep_dip15,17,QQQ,3,63,2023-10-12,2024-01-11,29,0.10935443004554912,0.009703347775665807,0.024224561041571176,0.014521213265905369,-0.07684055243996374,-0.07668171100318584,0.3787629994526547,0.4285714285714286,1,-0.09965108226988331,-0.08512986900397795,1,1
D05_deep15,5,deep_dip15,18,SOXX,7,147,2025-06-02,2025-12-30,29,0.4742072430583639,0.08455874395636237,0.13664751479312154,0.05208877083675917,-0.17907138410292056,-0.17204652164626172,0.4133239502697632,0.4872155758855266,1,-0.38964849910200156,-0.3375597282652424,1,1
D05_deep15,5,deep_dip15,19,QQQ,2,42,2026-01-20,2026-03-19,30,-0.024734412068352585,-0.003904880697059835,-0.013854829479933727,-0.009949948782873893,-0.04664148075686558,-0.06382725935261505,0.2563492063492063,0.32321428571428573,0,0.02082953137129275,0.010879582588418858,0,0
D05_deep15,5,deep_dip15,20,QQQ,2,42,2025-12-30,2026-03-02,30,-0.01830706738570409,0.020542259241984707,0.025398795420405195,0.004856536178420488,-0.05202848290647793,-0.06318029080916496,0.3150793650793651,0.4009920634920636,1,0.03884932662768879,0.04370586280610929,1,1
D05_deep15,5,deep_dip15,21,QQQ,8,168,2024-02-14,2024-10-14,30,0.15334197720866793,0.01763376201115824,0.040296628247994244,0.022662866236836006,-0.1322396468346643,-0.13048622052985231,0.32797619047619037,0.40297619047619054,1,-0.1357082151975097,-0.1130453489606737,1,1
D05_deep15,5,deep_dip15,22,QQQ,4,84,2025-10-15,2026-02-13,30,0.000789757805571778,0.041634413714619276,0.04776534730182077,0.006130933587201494,-0.08767623706279756,-0.09393390681222209,0.3873015873015873,0.452281746031746,1,0.0408446559090475,0.04697558949624899,1,1
D05_deep15,5,deep_dip15,23,QQQ,3,63,2026-01-08,2026-04-09,30,-0.0153279984002892,-0.00015153970303823558,0.008268183665236399,0.008419723368274635,-0.07822959166317958,-0.09033771598767343,0.2523809523809524,0.3187830687830688,1,0.015176458697250964,0.0235961820655256,0,1
D05_deep15,5,deep_dip15,24,SOXX,5,105,2026-02-10,2026-07-13,30,0.5770256813269112,0.13659686114321096,0.1989497731772732,0.062352912034062236,-0.06750382261710434,-0.09991018954335454,0.12349206349206351,0.2776190476190476,1,-0.4404288201837003,-0.37807590814963804,1,1
D05_deep15,5,deep_dip15,25,QQQ,5,105,2026-01-14,2026-06-15,30,0.20238584863226716,0.04480905436171883,0.0509770715948339,0.006168017233115074,-0.0814089650586057,-0.09924596674218185,0.1892063492063492,0.26126984126984126,1,-0.15757679427054833,-0.15140877703743327,1,1
D05_deep15,5,deep_dip15,26,QQQ,12,252,2025-01-16,2026-01-16,30,0.21698527291142944,0.0058803715805283464,0.023356981763538266,0.01747661018300992,-0.15853139701677746,-0.1667440736818041,0.27777777777777773,0.3451058201058201,1,-0.2111049013309011,-0.19362829114789118,1,1
D05_deep15,5,deep_dip15,27,SOXX,4,84,2026-03-20,2026-07-21,30,0.6629647609934404,0.09246450214498574,0.17129052691107696,0.07882602476609123,-0.045970691350039505,-0.09357678318856895,0.09761904761904759,0.27033730158730157,1,-0.5705002588484547,-0.49167423408236344,1,1
D05_deep15,5,deep_dip15,28,SOXX,10,210,2023-09-12,2024-07-12,30,0.6054241699570708,0.16010458794897048,0.2057743450404098,0.045669757091439334,-0.15291596127570126,-0.14324324486375742,0.3422222222222222,0.41746031746031753,1,-0.44531958200810035,-0.399649824916661,1,1
D05_deep15,5,deep_dip15,29,QQQ,10,210,2023-11-02,2024-09-04,29,0.2742635518580856,0.07824104849807687,0.09451167203964597,0.016270623541569107,-0.14724112546969834,-0.1480544052648343,0.4203612479474548,0.4671182266009853,1,-0.19602250336000873,-0.17975187981843962,1,1
D05_deep15,5,deep_dip15,30,SOXX,11,231,2025-02-26,2026-01-27,30,0.6222676159829015,0.1711368514401048,0.21142296788181683,0.04028611644171204,-0.19787028190037134,-0.198073314955416,0.31746031746031744,0.3843795093795094,1,-0.45113076454279666,-0.4108446481010847,1,1
D05_deep15,5,deep_dip15,31,SOXX,4,84,2024-11-26,2025-03-31,30,-0.12412360871542705,-0.032152561625399236,-0.04019761640690687,-0.008045054781507632,-0.09531311281221044,-0.12197096411553271,0.17658730158730157,0.29007936507936505,0,0.09197104709002782,0.08392599230852019,0,0
D05_deep15,5,deep_dip15,32,SOXX,3,63,2024-07-29,2024-10-24,29,-0.004528432055198928,-0.01717969917744293,-0.028711011073422242,-0.01153131189597931,-0.05077110926622666,-0.07416916623966695,0.09140667761357416,0.19088669950738915,0,-0.012651267122244004,-0.024182579018223314,0,0
D05_deep15,5,deep_dip15,33,SOXX,7,147,2025-09-16,2026-04-16,29,0.5731894193346554,0.2428581070521754,0.34269263384900933,0.09983452679683394,-0.1605512081869748,-0.15953346128619655,0.3309875674407695,0.42587379779498014,1,-0.33033131228248,-0.23049678548564606,1,1
D05_deep15,5,deep_dip15,34,QQQ,4,84,2024-05-31,2024-09-30,30,0.08613665447903895,-0.02094604149667747,-0.0057606718184140685,0.015185369678263401,-0.11243876407913302,-0.11358977044293292,0.3619047619047619,0.4253968253968255,1,-0.10708269597571643,-0.09189732629745302,0,0
D05_deep15,5,deep_dip15,35,QQQ,9,189,2025-02-11,2025-11-10,30,0.1848421423831519,0.0778069487759237,0.07351850184409922,-0.00428844693182448,-0.15279406301724527,-0.1571636422912013,0.3052910052910052,0.3891093474426807,0,-0.10703519360722819,-0.11132364053905267,1,1
D05_deep15,5,deep_dip15,36,QQQ,3,63,2025-01-14,2025-04-14,30,-0.0928917402537448,-0.014715106421000608,-0.022123848275970737,-0.007408741854970129,-0.0943586033322837,-0.11720815058600552,0.2613756613756614,0.34325396825396826,0,0.0781766338327442,0.07076789197777407,0,0
D05_deep15,5,deep_dip15,37,SOXX,10,210,2024-08-26,2025-06-27,30,0.05767020978785542,0.046170386833983716,0.030726372321598076,-0.01544401451238564,-0.14069969891344225,-0.16106998660920263,0.18349206349206346,0.26865079365079364,0,-0.011499822953871704,-0.026943837466257343,1,1
D05_deep15,5,deep_dip15,38,SOXX,12,252,2024-07-02,2025-07-03,30,-0.019691750048819512,-0.042699691533501484,-0.06925517702030207,-0.026555485486800583,-0.22362703060876782,-0.2501005698025086,0.1978835978835979,0.2811507936507936,0,-0.023007941484681972,-0.049563426971482555,0,0
D05_deep15,5,deep_dip15,39,QQQ,5,105,2024-09-23,2025-02-24,30,0.07798173822976961,0.06547072313479577,0.07093890945539114,0.00546818632059537,-0.09793759599584707,-0.10539116688586848,0.40888888888888886,0.46904761904761905,1,-0.012511015094973849,-0.007042828774378479,1,1
D05_deep15,5,deep_dip15,40,QQQ,12,252,2025-05-13,2026-05-13,30,0.3929080380641541,0.10209609867488217,0.12676214241080616,0.024666043735923987,-0.18245185130402916,-0.20382117743084463,0.31388888888888894,0.3934523809523809,1,-0.2908119393892719,-0.2661458956533479,1,1
D05_deep15,5,deep_dip15,41,SOXX,5,105,2024-12-18,2025-05-21,29,-0.03550491258274213,-0.03958675821020653,-0.05555154153682022,-0.01596478332661369,-0.12360463930904281,-0.15283247080498097,0.1714285714285714,0.24901477832512314,0,-0.0040818456274644005,-0.02004662895407809,0,0
D05_deep15,5,deep_dip15,42,QQQ,1,21,2026-06-01,2026-06-30,30,-0.007446386853765863,-0.004137721075456391,0.0016526137879363226,0.0057903348633927135,-0.012896127851843646,-0.023739092965198275,0.10793650793650794,0.20436507936507936,1,0.003308665778309472,0.009099000641702186,0,1
D05_deep15,5,deep_dip15,43,SOXX,5,105,2025-04-30,2025-09-29,30,0.46913595929254015,0.12020837437946033,0.14943381608694437,0.029225441707484034,-0.11467746009539652,-0.11665574074758293,0.391111111111111,0.45984126984126983,1,-0.34892758491307985,-0.31970214320559576,1,1
D05_deep15,5,deep_dip15,44,SOXX,5,105,2024-07-24,2024-12-19,29,-0.07336127646416635,0.014440215493246455,0.009849161604917759,-0.0045910538883286965,-0.10254019487332973,-0.11522111684480922,0.1960591133004926,0.29154351395730704,0,0.0878014919574128,0.08321043806908411,1,1
D05_deep15,5,deep_dip15,45,SOXX,12,252,2024-03-06,2025-03-07,30,-0.10757483963704584,-0.08439870231549465,-0.0800989929174014,0.004299709398093252,-0.23166021795046768,-0.24175472748964083,0.24735449735449733,0.33869047619047615,1,0.023176137321551188,0.02747584671964444,0,0
D05_deep15,5,deep_dip15,46,SOXX,11,231,2024-02-13,2025-01-14,30,0.07418656590600592,0.02756966561592551,0.033005100756263644,0.005435435140338136,-0.20760107677177955,-0.22149868004249948,0.2522366522366522,0.3406926406926407,1,-0.04661690029008041,-0.041181465149742275,1,1
D05_deep15,5,deep_dip15,47,QQQ,12,252,2025-06-12,2026-06-12,30,0.3582275230463974,0.10374190539348917,0.14710426057254342,0.04336235517905425,-0.1650181027476526,-0.1786536654250744,0.28941798941798946,0.36283068783068784,1,-0.2544856176529082,-0.21112326247385396,1,1
D05_deep15,5,deep_dip15,48,QQQ,1,21,2025-07-02,2025-07-31,30,0.02579898212369769,0.009147873504681665,0.009886479984295541,0.0007386064796138757,-0.03190240724898848,-0.03510039439440362,0.3682539682539682,0.4257936507936508,1,-0.016651108619016024,-0.015912502139402148,1,1
D05_deep15,5,deep_dip15,49,QQQ,6,126,2024-03-22,2024-09-20,30,0.08250098618182977,-0.011823329141226387,0.008160627053362231,0.01998395619458862,-0.1258061830418667,-0.12308281953159543,0.29550264550264543,0.3647486772486773,1,-0.09432431532305616,-0.07434035912846754,0,1
D05_deep15,5,deep_dip15,50,QQQ,11,231,2025-04-16,2026-03-18,30,0.3441101199491847,0.036376948153369094,0.06062087674161762,0.024243928588248524,-0.12889573510110175,-0.14058235022483545,0.26536796536796536,0.3528138528138528,1,-0.3077331717958156,-0.2834892432075671,1,1
D05_deep15,5,deep_dip15,51,SOXX,12,252,2025-05-09,2026-05-11,30,1.7645874371661052,0.4097080988831326,0.5672235252827302,0.15751542639959765,-0.19101367705129177,-0.18672058035022748,0.3484126984126984,0.43191137566137566,1,-1.3548793382829727,-1.197363911883375,1,1
D05_deep15,5,deep_dip15,52,QQQ,6,126,2024-07-26,2025-01-27,30,0.11403101000835725,0.05681938935261872,0.0826778642580031,0.025858474905384378,-0.12773069541356347,-0.1271791182061803,0.3232804232804233,0.3970238095238095,1,-0.05721162065573853,-0.03135314575035415,1,1
D05_deep15,5,deep_dip15,53,SOXX,9,189,2025-02-25,2025-11-21,30,0.27137739698000374,0.056180111741826515,0.045505367566936336,-0.010674744174890179,-0.16495208287193883,-0.17781861930788925,0.28395061728395066,0.3501322751322752,0,-0.21519728523817722,-0.2258720294130674,1,1
D05_deep15,5,deep_dip15,54,QQQ,10,210,2025-06-10,2026-04-10,30,0.14941279936704488,-0.015405285196039335,-0.030412187806427585,-0.01500690261038825,-0.13625480198106962,-0.15630191732382429,0.2634920634920635,0.3312698412698413,0,-0.16481808456308422,-0.17982498717347245,0,0
D05_deep15,5,deep_dip15,55,QQQ,9,189,2024-03-12,2024-12-09,30,0.18252348107739125,0.055664773216138046,0.06690765133245048,0.011242878116312437,-0.12915008536707423,-0.13318450410607827,0.3707231040564374,0.4300264550264551,1,-0.1268587078612532,-0.11561582974494077,1,1
D05_deep15,5,deep_dip15,56,SOXX,1,21,2026-03-06,2026-04-06,30,0.06430085839175526,0.002552041162142956,0.02162634055779061,0.019074299395647653,-0.012963321553764555,-0.03921428632370405,0.06984126984126983,0.2623015873015873,1,-0.0617488172296123,-0.04267451783396464,1,1
D05_deep15,5,deep_dip15,57,QQQ,11,231,2024-12-30,2025-12-01,30,0.2014930365864087,0.06266015330288494,0.07921366603710042,0.016553512734215486,-0.1598500025072416,-0.16110794583457594,0.2909090909090909,0.35559163059163057,1,-0.13883288328352378,-0.12227937054930829,1,1
D05_deep15,5,deep_dip15,58,QQQ,4,84,2025-05-06,2025-09-04,30,0.19622773691571815,0.02277270503400945,0.03232295883240977,0.009550253798400323,-0.07513828177160067,-0.08152178301198212,0.29166666666666663,0.3587301587301587,1,-0.17345503188170872,-0.1639047780833084,1,1
D05_deep15,5,deep_dip15,59,SOXX,4,84,2026-02-25,2026-06-25,30,0.7007669266812115,0.09044155816110022,0.21426336594363551,0.12382180778253529,-0.07194405578107436,-0.09233869514531091,0.1384920634920635,0.29980158730158724,1,-0.6103253685201113,-0.48650356073757606,1,1
D05_deep15,5,deep_dip15,60,SOXX,1,21,2024-12-26,2025-01-28,29,-0.04487098139039003,-0.03273396754475295,-0.03201096150724859,0.000723006037504359,-0.06564789337488112,-0.07481790011252037,0.27586206896551724,0.35591133004926107,1,0.012137013845637083,0.012860019883141442,0,0
D05_deep15,5,deep_dip15,61,SOXX,3,63,2024-01-26,2024-04-25,29,0.06710111015930864,0.02188533088741311,0.02059360480248127,-0.0012917260849318393,-0.05970782911130342,-0.08163631561653652,0.22167487684729062,0.3240284619594964,0,-0.04521577927189553,-0.04650750535682737,1,1
D05_deep15,5,deep_dip15,62,SOXX,3,63,2025-06-20,2025-09-18,29,0.19111850646885342,0.09125785621270052,0.10725761402145641,0.015999757808755885,-0.11324479512224543,-0.1164102434205295,0.48056923918992883,0.5528188286808976,1,-0.0998606502561529,-0.08386089244739701,1,1
D05_deep15,5,deep_dip15,63,QQQ,3,63,2025-10-01,2025-12-30,30,0.0281443024583361,-0.007672257166568985,-0.009756675363428809,-0.002084418196859824,-0.057252876515231955,-0.06682929092011293,0.25661375661375657,0.33015873015873015,0,-0.035816559624905084,-0.03790097782176491,0,0
D05_deep15,5,deep_dip15,64,QQQ,2,42,2024-06-12,2024-08-12,30,-0.046509750935051275,-0.030689981486153213,-0.03055581877042354,0.00013416271572967362,-0.07187451483260328,-0.08113991797251359,0.3507936507936508,0.42301587301587307,1,0.015819769448898062,0.015953932164627736,0,0
D05_deep15,5,deep_dip15,65,SOXX,7,147,2024-03-27,2024-10-24,29,0.010917916153216245,-0.017449618185238974,-0.019141581553448646,-0.0016919633682096723,-0.1614083097554402,-0.1759838390986567,0.2629603565564157,0.3446516537649542,0,-0.02836753433845522,-0.03005949770666489,0,0
D05_deep15,5,deep_dip15,66,QQQ,7,147,2024-06-18,2025-01-17,30,0.0802486743430566,0.00029853127965911254,0.018848626329220786,0.018550095049561673,-0.13011363603454423,-0.13192094689340314,0.35124716553287977,0.4091836734693878,1,-0.0799501430633975,-0.06140004801383582,1,1
D05_deep15,5,deep_dip15,67,SOXX,6,126,2025-02-27,2025-08-27,30,0.2288069130259598,0.09602472964249355,0.0927623833805807,-0.003262346261912852,-0.11061219488937407,-0.12568970648261082,0.3126984126984126,0.37559523809523804,0,-0.13278218338346626,-0.1360445296453791,1,1
D05_deep15,5,deep_dip15,68,SOXX,2,42,2026-01-27,2026-03-26,30,-0.06274182234420844,0.0032193452924548414,0.011536216570704345,0.008316871278249503,-0.05896621171963992,-0.07732647025019986,0.19920634920634922,0.32996031746031745,1,0.06596116763666328,0.07427803891491279,1,1
D05_deep15,5,deep_dip15,69,SOXX,8,168,2025-08-27,2026-04-28,30,0.752796897064234,0.17512795042041496,0.271598840632526,0.09647089021211103,-0.17448596435949304,-0.17572781886817757,0.31924603174603183,0.41810515873015874,1,-0.5776689466438191,-0.48119805643170804,1,1
D05_deep15,5,deep_dip15,70,SOXX,5,105,2024-09-20,2025-02-21,29,0.005406814450626518,0.003468495639504155,0.01905819185443988,0.015589696214935724,-0.09789538854854749,-0.10899801279666133,0.187192118226601,0.29006568144499184,1,-0.001938318811122363,0.01365137740381336,1,1
D05_deep15,5,deep_dip15,71,SOXX,4,84,2025-09-17,2026-01-15,29,0.30628589985012833,0.09548057248306517,0.1273873966045216,0.03190682412145644,-0.13684856978281387,-0.1436001438447994,0.3788998357963875,0.4508415435139573,1,-0.21080532736706314,-0.17889850324560672,1,1
D05_deep15,5,deep_dip15,72,QQQ,4,84,2025-06-23,2025-10-20,30,0.1516013225816759,0.03716667462224955,0.05012014029253429,0.012953465670284742,-0.08772548229479836,-0.09362887975032234,0.3146825396825397,0.39375,1,-0.11443464795942637,-0.10148118228914163,1,1
D05_deep15,5,deep_dip15,73,SOXX,10,210,2023-11-28,2024-09-27,30,0.3732977081618618,0.06661678645753953,0.0854084747509682,0.01879168829342867,-0.18894426088698602,-0.19814105268005297,0.3076190476190476,0.3868253968253968,1,-0.30668092170432226,-0.2878892334108936,1,1
D05_deep15,5,deep_dip15,74,QQQ,9,189,2025-04-09,2026-01-08,30,0.33624069066151074,0.13339435324806054,0.1778388971940424,0.04444454394598185,-0.1364775405035114,-0.14237503896678938,0.35555555555555557,0.4341710758377425,1,-0.2028463374134502,-0.15840179346746835,1,1
D05_deep15,5,deep_dip15,75,QQQ,12,252,2024-12-19,2025-12-22,30,0.21234993913837386,0.07282488524533995,0.10434350080324443,0.031518615557904486,-0.15411353549119883,-0.16934955251561215,0.2826719576719577,0.36402116402116397,1,-0.1395250538930339,-0.10800643833512942,1,1
D05_deep15,5,deep_dip15,76,SOXX,5,105,2024-05-10,2024-10-09,29,0.07166292185798206,0.014436981495001656,0.006572104200869205,-0.00786487729413245,-0.12451546382428642,-0.14706966082099554,0.25155993431855495,0.32914614121510677,0,-0.05722594036298041,-0.06509081765711286,1,1
D05_deep15,5,deep_dip15,77,SOXX,8,168,2025-08-01,2026-04-01,30,0.4329721592393472,0.15866805757439584,0.2185559095749947,0.059887852000598873,-0.18501848805024199,-0.17909139466229052,0.3426587301587301,0.43650793650793657,1,-0.27430410166495134,-0.21441624966435247,1,1
D05_deep15,5,deep_dip15,78,QQQ,7,147,2025-11-12,2026-06-15,30,0.20096913413608264,-0.018947353643036353,1.527329020006111e-05,0.018962626933236415,-0.12973603679726417,-0.13972449488395292,0.2376417233560091,0.3002834467120181,1,-0.21991648777911899,-0.20095386084588257,0,1
D05_deep15,5,deep_dip15,79,SOXX,9,189,2023-12-14,2024-09-16,30,0.16790498618580796,0.0008636282377531334,0.003723300335080833,0.0028596720973276995,-0.1882736533618384,-0.19929719793191006,0.3310405643738977,0.41168430335097,1,-0.16704135794805483,-0.16418168585072712,1,1
D05_deep15,5,deep_dip15,80,QQQ,6,126,2024-01-19,2024-07-19,30,0.13164162035706783,0.01752199700392435,0.024156625199944486,0.006634628196020134,-0.11178035471042873,-0.1195200628412103,0.32089947089947096,0.3808201058201058,1,-0.11411962335314349,-0.10748499515712334,1,1
D05_deep15,5,deep_dip15,81,QQQ,1,21,2024-11-13,2024-12-12,30,0.027818437813410313,0.02434417817350658,0.027460621889969845,0.0031164437164632637,-0.025412970421883403,-0.028022229872548297,0.3349206349206349,0.37460317460317466,1,-0.003474259639903731,-0.00035781592344046736,1,1
D05_deep15,5,deep_dip15,82,SOXX,10,210,2024-06-21,2025-04-23,30,-0.303438756357962,-0.10953684636102978,-0.14278388688672353,-0.033247040525693744,-0.21927545671237217,-0.24759489565768344,0.1858730158730159,0.2736507936507937,0,0.19390190999693224,0.1606548694712385,0,0
D05_deep15,5,deep_dip15,83,QQQ,11,231,2024-05-24,2025-04-28,30,0.03788093693594541,0.02352067792770555,0.031697170829473376,0.008176492901767824,-0.18620256126856274,-0.19001417599906048,0.3011544011544011,0.3740620490620491,1,-0.014360259008239857,-0.006183766106472033,1,1
D05_deep15,5,deep_dip15,84,SOXX,4,84,2025-03-26,2025-07-25,29,0.21967623083558907,0.08166603233309737,0.07048573891696627,-0.011180293416131096,-0.0830621153910326,-0.0953821833372261,0.3091133004926108,0.3563218390804597,0,-0.1380101985024917,-0.1491904919186228,1,1
D05_deep15,5,deep_dip15,85,SOXX,3,63,2024-01-12,2024-04-12,29,0.17490145812316005,0.060582022508329274,0.06669867010489679,0.0061166475965675135,-0.07771614238565261,-0.08589807108540361,0.3130815544608648,0.3880678708264915,1,-0.11431943561483077,-0.10820278801826326,1,1
D05_deep15,5,deep_dip15,86,QQQ,4,84,2025-08-13,2025-12-10,30,0.08270595883887877,-0.0020598467100503243,0.00519982912916186,0.007259675839212184,-0.07138796413813867,-0.08178644641345115,0.2472222222222222,0.3320436507936508,1,-0.0847658055489291,-0.0775061297097169,0,1
D05_deep15,5,deep_dip15,87,QQQ,9,189,2025-08-12,2026-05-12,30,0.22380163982039725,-0.006650453236212702,0.004298490545476008,0.01094894378168871,-0.14081880209020553,-0.15804714447107227,0.2324514991181658,0.3041887125220459,1,-0.23045209305660994,-0.21950314927492123,0,1
D05_deep15,5,deep_dip15,88,QQQ,3,63,2023-09-06,2023-12-04,30,0.03239382703262561,-0.018888553611716232,-0.006366905299421388,0.012521648312294844,-0.08305897001337256,-0.0879456490889758,0.33492063492063484,0.41190476190476194,1,-0.051282380644341846,-0.038760732332047,0,0
D05_deep15,5,deep_dip15,89,QQQ,6,126,2024-03-08,2024-09-06,30,0.025004402915363988,-0.03556560225580011,-0.02991975641738551,0.005645845838414602,-0.13633623776185416,-0.13616799916971276,0.3309523809523809,0.3929232804232805,1,-0.0605700051711641,-0.054924159332749495,0,0
D05_deep15,5,deep_dip15,90,SOXX,4,84,2024-02-09,2024-06-10,29,0.16166404920459776,0.028196290271240643,0.042513506864053356,0.014317216592812713,-0.08636595624850572,-0.0979944859061357,0.3066502463054187,0.38762315270935954,1,-0.1334677589333571,-0.1191505423405444,1,1
D05_deep15,5,deep_dip15,91,QQQ,6,126,2024-12-26,2025-06-30,30,0.04434109236366246,0.007674866909558949,0.022937143097538144,0.015262276187979196,-0.1278377277741782,-0.14159545654198832,0.2677248677248677,0.34828042328042336,1,-0.03666622545410351,-0.021403949266124316,1,1
D05_deep15,5,deep_dip15,92,QQQ,2,42,2024-07-11,2024-09-09,30,-0.07616930887243911,-0.0467009139746296,-0.04115411788965983,0.005546796084969774,-0.06533070513067755,-0.07702646134228895,0.2119047619047619,0.3049603174603174,1,0.02946839489780951,0.03501519098277928,0,0
D05_deep15,5,deep_dip15,93,QQQ,8,168,2025-09-04,2026-05-05,30,0.18933459993954838,0.056885856392562835,0.08384892006851338,0.026963063675950548,-0.13213284289849453,-0.14126763801465436,0.26369047619047614,0.3334325396825397,1,-0.13244874354698555,-0.10548567987103499,1,1
D05_deep15,5,deep_dip15,94,QQQ,11,231,2023-08-28,2024-07-29,29,0.27358869545907205,0.04338844910070174,0.0739056860789245,0.030517236978222763,-0.158549556344278,-0.1548753678584158,0.3985669502910882,0.4450664278250485,1,-0.2302002463583703,-0.19968300938014755,1,1
D05_deep15,5,deep_dip15,95,SOXX,2,42,2024-10-18,2024-12-17,29,-0.022397322959222588,0.003232917265875716,0.0014694485871404642,-0.0017634686787352518,-0.05504839408824857,-0.07383373796610437,0.18308702791461412,0.30151888341543515,0,0.025630240225098303,0.02386677154636305,1,1
D05_deep15,5,deep_dip15,96,QQQ,9,189,2024-06-04,2025-03-06,30,0.0794127343756903,0.07355495139825723,0.09052040627659595,0.016965454878338726,-0.16750932370479174,-0.17010267164146514,0.31957671957671957,0.38787477954144617,1,-0.005857782977433071,0.011107671900905655,1,1
D05_deep15,5,deep_dip15,97,SOXX,5,105,2025-12-31,2026-06-02,30,1.0102699251297969,0.20892373089805882,0.35684468599012226,0.14792095509206343,-0.09511111174694611,-0.10757790500640205,0.24095238095238092,0.3668253968253969,1,-0.801346194231738,-0.6534252391396747,1,1
D05_deep15,5,deep_dip15,98,QQQ,4,84,2025-02-28,2025-06-30,30,0.08838198760432037,0.04214933024015496,0.05008019144195035,0.00793086120179539,-0.0667824189847802,-0.08058015812745727,0.2035714285714286,0.3074404761904762,1,-0.04623265736416541,-0.03830179616237002,1,1
D05_deep15,5,deep_dip15,99,SOXX,2,42,2026-05-13,2026-07-14,30,0.07552608567751218,0.007353907599346913,0.007457705073448547,0.00010379747410163391,-0.019491828187119066,-0.07218729762019654,0.08253968253968254,0.2531746031746032,1,-0.06817217807816527,-0.06806838060406363,1,1
D06_very_deep20,6,very_deep20,0,SOXX,4,84,2025-01-15,2025-05-15,29,-0.04268264905560459,-0.025716990511332718,-0.046285847885009224,-0.020568857373676506,-0.09008269398142583,-0.13005128809594077,0.10139573070607558,0.18637110016420363,0,0.016965658544271876,-0.00360319882940463,0,0
D06_very_deep20,6,very_deep20,1,SOXX,4,84,2025-11-26,2026-03-30,29,0.06535932477276907,0.13060434817914052,0.1585482402829317,0.027943892103791196,-0.09666914509833963,-0.10866248720534724,0.3259441707717569,0.4095853858784892,1,0.06524502340637145,0.09318891551016265,1,1
D06_very_deep20,6,very_deep20,2,SOXX,12,252,2024-06-12,2025-06-13,30,-0.11229341109132818,-0.08609364403663103,-0.10034955809569482,-0.01425591405906379,-0.23588366404305075,-0.2538320787268726,0.21468253968253967,0.31048280423280433,0,0.02619976705469715,0.011943852995633358,0,0
D06_very_deep20,6,very_deep20,3,QQQ,1,21,2026-01-13,2026-02-11,30,-0.02096638715391519,-0.014627542256874316,-0.0191589155731984,-0.004531373316324085,-0.05458277455918684,-0.0641340269286612,0.4031746031746032,0.45,0,0.006338844897040874,0.0018074715807167886,0,0
D06_very_deep20,6,very_deep20,4,QQQ,8,168,2025-02-28,2025-10-28,30,0.2501946013536971,0.07269972065454076,0.09573221465707842,0.02303249400253765,-0.13812305774620287,-0.14017504563115388,0.2779761904761905,0.33219246031746025,1,-0.1774948806991563,-0.15446238669661866,1,1
D06_very_deep20,6,very_deep20,5,SOXX,3,63,2025-03-10,2025-06-06,29,0.11931811258500846,0.023024491089483737,0.015816678754254444,-0.007207812335229293,-0.027145179397823276,-0.0579619386028638,0.08866995073891625,0.17870826491516148,0,-0.09629362149552473,-0.10350143383075402,1,1
D06_very_deep20,6,very_deep20,6,SOXX,12,252,2024-10-18,2025-10-21,30,0.27929057935732526,0.08040498987955062,0.0622836965835804,-0.018121293295970224,-0.18728003050003003,-0.20761999545548754,0.2891534391534391,0.36266534391534383,0,-0.19888558947777463,-0.21700688277374486,1,1
D06_very_deep20,6,very_deep20,7,SOXX,5,105,2024-08-02,2024-12-31,30,0.04615473659290337,-0.007383155687375146,0.003917944520687578,0.011301100208062725,-0.09986809917066228,-0.11690344129993664,0.15714285714285714,0.280952380952381,1,-0.05353789228027851,-0.04223679207221579,0,1
D06_very_deep20,6,very_deep20,8,SOXX,11,231,2024-01-29,2024-12-26,30,0.11728595595420654,-0.014050142007062175,0.0023725859926186626,0.016422727999680836,-0.22765483794891364,-0.23498474934931693,0.2554112554112554,0.3466810966810966,1,-0.13133609796126872,-0.11491336996158788,0,1
D06_very_deep20,6,very_deep20,9,QQQ,7,147,2025-12-22,2026-07-24,30,0.10761391047221691,0.011967165923700219,0.024985216950759954,0.013018051027059736,-0.11138535137425892,-0.1286431863573893,0.2068027210884354,0.2812925170068027,1,-0.0956467445485167,-0.08262869352145696,1,1
D06_very_deep20,6,very_deep20,10,SOXX,11,231,2025-04-30,2026-03-31,30,0.7991728873661996,0.24120132927579618,0.3113886257857062,0.07018729650991001,-0.18151182396438895,-0.18067312534254026,0.32958152958152964,0.3995310245310245,1,-0.5579715580904034,-0.48778426158049343,1,1
D06_very_deep20,6,very_deep20,11,SOXX,7,147,2023-12-07,2024-07-10,30,0.5448438251272811,0.15643696946934116,0.17860250792189777,0.022165538452556616,-0.13145231080705216,-0.13351237197961613,0.34852607709750566,0.40017006802721083,1,-0.38840685565794,-0.36624131720538333,1,1
D06_very_deep20,6,very_deep20,12,QQQ,11,231,2024-03-27,2025-02-27,30,0.12982124242441295,0.006866921906544258,0.015480006507265864,0.008613084600721606,-0.13945240282328086,-0.13995486259759687,0.29913419913419914,0.33715728715728716,1,-0.1229543205178687,-0.1143412359171471,1,1
D06_very_deep20,6,very_deep20,13,QQQ,10,210,2024-09-30,2025-08-01,30,0.1396406940506143,0.13642248264481188,0.14340347717159263,0.006980994526780748,-0.13907255241929703,-0.14518644279461027,0.29253968253968254,0.34773809523809524,1,-0.003218211405802418,0.0037627831209783302,1,1
D06_very_deep20,6,very_deep20,14,QQQ,9,189,2025-02-11,2025-11-10,30,0.1848421423831519,0.04006495843578965,0.04908128897039354,0.009016330534603885,-0.14697553389521303,-0.14441856293993613,0.3174603174603175,0.36895943562610234,1,-0.14477718394736222,-0.13576085341275834,1,1
D06_very_deep20,6,very_deep20,15,SOXX,2,42,2023-11-10,2024-01-11,29,0.1337866151876319,0.0774943989489612,0.08445708804077806,0.006962689091816868,-0.05469737112963862,-0.06091818511520955,0.4778325123152709,0.5383825944170773,1,-0.056292216238670714,-0.04932952714685385,1,1
D06_very_deep20,6,very_deep20,16,QQQ,8,168,2025-04-17,2025-12-16,30,0.38065075650801794,0.05822628509197105,0.07688997673792203,0.018663691645950976,-0.09045853742073709,-0.09658275975108574,0.22182539682539681,0.2784722222222222,1,-0.3224244714160469,-0.3037607797700959,1,1
D06_very_deep20,6,very_deep20,17,QQQ,3,63,2023-10-12,2024-01-11,29,0.10935443004554912,0.009703347775665807,0.015286095281545044,0.005582747505879237,-0.07684055243996374,-0.07685013300709966,0.3787629994526547,0.399151614668856,1,-0.09965108226988331,-0.09406833476400409,1,1
D06_very_deep20,6,very_deep20,18,SOXX,7,147,2025-06-02,2025-12-30,29,0.4742072430583639,0.08455874395636237,0.13698126161014085,0.05242251765377848,-0.17907138410292056,-0.17342192479785024,0.4133239502697632,0.47519352568613654,1,-0.38964849910200156,-0.3372259814482231,1,1
D06_very_deep20,6,very_deep20,19,QQQ,2,42,2026-01-20,2026-03-19,30,-0.024734412068352585,-0.003904880697059835,-0.010503975307693144,-0.006599094610633309,-0.04664148075686558,-0.060927860154277806,0.2563492063492063,0.3140873015873016,0,0.02082953137129275,0.01423043676065944,0,0
D06_very_deep20,6,very_deep20,20,QQQ,2,42,2025-12-30,2026-03-02,30,-0.01830706738570409,0.020542259241984707,0.02226231762596581,0.0017200583839811039,-0.05202848290647793,-0.06367976145943373,0.3150793650793651,0.3779761904761906,1,0.03884932662768879,0.0405693850116699,1,1
D06_very_deep20,6,very_deep20,21,QQQ,8,168,2024-02-14,2024-10-14,30,0.15334197720866793,0.01763376201115824,0.03347209725398588,0.015838335242827642,-0.1322396468346643,-0.1357793344657648,0.32797619047619037,0.3641865079365079,1,-0.1357082151975097,-0.11986987995468205,1,1
D06_very_deep20,6,very_deep20,22,QQQ,4,84,2025-10-15,2026-02-13,30,0.000789757805571778,0.041634413714619276,0.05489958481923953,0.013265171104620256,-0.08767623706279756,-0.08993406651142682,0.3873015873015873,0.4284722222222222,1,0.0408446559090475,0.054109827013667754,1,1
D06_very_deep20,6,very_deep20,23,QQQ,3,63,2026-01-08,2026-04-09,30,-0.0153279984002892,-0.00015153970303823558,0.0014224937211670396,0.0015740334242052751,-0.07822959166317958,-0.08963486300195883,0.2523809523809524,0.2965608465608466,1,0.015176458697250964,0.01675049212145624,0,1
D06_very_deep20,6,very_deep20,24,SOXX,5,105,2026-02-10,2026-07-13,30,0.5770256813269112,0.13659686114321096,0.19131538345692775,0.054718522313716794,-0.06750382261710434,-0.09909909043258386,0.12349206349206351,0.23325396825396824,1,-0.4404288201837003,-0.38571029786998345,1,1
D06_very_deep20,6,very_deep20,25,QQQ,5,105,2026-01-14,2026-06-15,30,0.20238584863226716,0.04480905436171883,0.047280246827115534,0.0024711924653967043,-0.0814089650586057,-0.09832707606275637,0.1892063492063492,0.2499206349206349,1,-0.15757679427054833,-0.15510560180515162,1,1
D06_very_deep20,6,very_deep20,26,QQQ,12,252,2025-01-16,2026-01-16,30,0.21698527291142944,0.0058803715805283464,0.031673347747966575,0.02579297616743823,-0.15853139701677746,-0.1612072310527647,0.27777777777777773,0.32843915343915353,1,-0.2111049013309011,-0.18531192516346287,1,1
D06_very_deep20,6,very_deep20,27,SOXX,4,84,2026-03-20,2026-07-21,30,0.6629647609934404,0.09246450214498574,0.1482058136710246,0.05574131152603885,-0.045970691350039505,-0.08061322076981324,0.09761904761904759,0.19890873015873017,1,-0.5705002588484547,-0.5147589473224158,1,1
D06_very_deep20,6,very_deep20,28,SOXX,10,210,2023-09-12,2024-07-12,30,0.6054241699570708,0.16010458794897048,0.19755989582300382,0.03745530787403334,-0.15291596127570126,-0.14883066551615978,0.3422222222222222,0.4086507936507936,1,-0.44531958200810035,-0.407864274134067,1,1
D06_very_deep20,6,very_deep20,29,QQQ,10,210,2023-11-02,2024-09-04,29,0.2742635518580856,0.07824104849807687,0.0884334868150002,0.010192438316923333,-0.14724112546969834,-0.14917806883618748,0.4203612479474548,0.4454433497536946,1,-0.19602250336000873,-0.1858300650430854,1,1
D06_very_deep20,6,very_deep20,30,SOXX,11,231,2025-02-26,2026-01-27,30,0.6222676159829015,0.1711368514401048,0.2102031564635806,0.0390663050234758,-0.19787028190037134,-0.1978363699794518,0.31746031746031744,0.3797619047619048,1,-0.45113076454279666,-0.4120644595193209,1,1
D06_very_deep20,6,very_deep20,31,SOXX,4,84,2024-11-26,2025-03-31,30,-0.12412360871542705,-0.032152561625399236,-0.04361288303203515,-0.011460321406635915,-0.09531311281221044,-0.11945020679260256,0.17658730158730157,0.2706349206349206,0,0.09197104709002782,0.0805107256833919,0,0
D06_very_deep20,6,very_deep20,32,SOXX,3,63,2024-07-29,2024-10-24,29,-0.004528432055198928,-0.01717969917744293,-0.02093115186300717,-0.0037514526855642397,-0.05077110926622666,-0.07460859829054244,0.09140667761357416,0.2268746579091407,0,-0.012651267122244004,-0.016402719807808244,0,0
D06_very_deep20,6,very_deep20,33,SOXX,7,147,2025-09-16,2026-04-16,29,0.5731894193346554,0.2428581070521754,0.31647290840983855,0.07361480135766316,-0.1605512081869748,-0.15322231938857203,0.3309875674407695,0.39244663382594414,1,-0.33033131228248,-0.25671651092481684,1,1
D06_very_deep20,6,very_deep20,34,QQQ,4,84,2024-05-31,2024-09-30,30,0.08613665447903895,-0.02094604149667747,-0.010002926303737133,0.010943115192940335,-0.11243876407913302,-0.11449340258085308,0.3619047619047619,0.3995039682539682,1,-0.10708269597571643,-0.09613958078277608,0,0
D06_very_deep20,6,very_deep20,35,QQQ,9,189,2025-02-11,2025-11-10,30,0.1848421423831519,0.0778069487759237,0.07560593250501726,-0.0022010162709064363,-0.15279406301724527,-0.15147749158013696,0.3052910052910052,0.369047619047619,0,-0.10703519360722819,-0.10923620987813462,1,1
D06_very_deep20,6,very_deep20,36,QQQ,3,63,2025-01-14,2025-04-14,30,-0.0928917402537448,-0.014715106421000608,-0.02092151978194332,-0.006206413360942711,-0.0943586033322837,-0.11027400300199404,0.2613756613756614,0.3035714285714286,0,0.0781766338327442,0.07197022047180149,0,0
D06_very_deep20,6,very_deep20,37,SOXX,10,210,2024-08-26,2025-06-27,30,0.05767020978785542,0.046170386833983716,0.01872197783340957,-0.027448409000574145,-0.14069969891344225,-0.16474070843285432,0.18349206349206346,0.2786111111111111,0,-0.011499822953871704,-0.03894823195444585,1,1
D06_very_deep20,6,very_deep20,38,SOXX,12,252,2024-07-02,2025-07-03,30,-0.019691750048819512,-0.042699691533501484,-0.0497307318508663,-0.007031040317364817,-0.22362703060876782,-0.2482885196684337,0.1978835978835979,0.29550264550264543,0,-0.023007941484681972,-0.03003898180204679,0,0
D06_very_deep20,6,very_deep20,39,QQQ,5,105,2024-09-23,2025-02-24,30,0.07798173822976961,0.06547072313479577,0.07230119450105191,0.006830471366256141,-0.09793759599584707,-0.10092021377717696,0.40888888888888886,0.4320634920634921,1,-0.012511015094973849,-0.005680543728717707,1,1
D06_very_deep20,6,very_deep20,40,QQQ,12,252,2025-05-13,2026-05-13,30,0.3929080380641541,0.10209609867488217,0.10362084121941155,0.0015247425445293755,-0.18245185130402916,-0.1998714022091404,0.31388888888888894,0.37361111111111106,1,-0.2908119393892719,-0.2892871968447425,1,1
D06_very_deep20,6,very_deep20,41,SOXX,5,105,2024-12-18,2025-05-21,29,-0.03550491258274213,-0.03958675821020653,-0.05784726193369018,-0.018260503723483645,-0.12360463930904281,-0.1584297734364848,0.1714285714285714,0.24860426929392443,0,-0.0040818456274644005,-0.022342349350948046,0,0
D06_very_deep20,6,very_deep20,42,QQQ,1,21,2026-06-01,2026-06-30,30,-0.007446386853765863,-0.004137721075456391,-0.0012865880156812152,0.0028511330597751757,-0.012896127851843646,-0.021598269975540603,0.10793650793650794,0.18809523809523807,1,0.003308665778309472,0.006159798838084648,0,0
D06_very_deep20,6,very_deep20,43,SOXX,5,105,2025-04-30,2025-09-29,30,0.46913595929254015,0.12020837437946033,0.14846410366401638,0.028255729284556053,-0.11467746009539652,-0.11548726071060218,0.391111111111111,0.4566666666666667,1,-0.34892758491307985,-0.32067185562852374,1,1
D06_very_deep20,6,very_deep20,44,SOXX,5,105,2024-07-24,2024-12-19,29,-0.07336127646416635,0.014440215493246455,0.026135465218179235,0.01169524972493278,-0.10254019487332973,-0.1116994792717173,0.1960591133004926,0.3114121510673235,1,0.0878014919574128,0.09949674168234558,1,1
D06_very_deep20,6,very_deep20,45,SOXX,12,252,2024-03-06,2025-03-07,30,-0.10757483963704584,-0.08439870231549465,-0.07879490067459992,0.005603801640894732,-0.23166021795046768,-0.23867498322880423,0.24735449735449733,0.3324074074074074,1,0.023176137321551188,0.02877993896244592,0,0
D06_very_deep20,6,very_deep20,46,SOXX,11,231,2024-02-13,2025-01-14,30,0.07418656590600592,0.02756966561592551,0.041724591710205636,0.014154926094280127,-0.20760107677177955,-0.21585741115715043,0.2522366522366522,0.33809523809523806,1,-0.04661690029008041,-0.03246197419580028,1,1
D06_very_deep20,6,very_deep20,47,QQQ,12,252,2025-06-12,2026-06-12,30,0.3582275230463974,0.10374190539348917,0.12622145290580286,0.022479547512313694,-0.1650181027476526,-0.17541225023962523,0.28941798941798946,0.34672619047619047,1,-0.2544856176529082,-0.23200607014059452,1,1
D06_very_deep20,6,very_deep20,48,QQQ,1,21,2025-07-02,2025-07-31,30,0.02579898212369769,0.009147873504681665,0.011686354695930231,0.002538481191248566,-0.03190240724898848,-0.03324820853933732,0.3682539682539682,0.407936507936508,1,-0.016651108619016024,-0.014112627427767458,1,1
D06_very_deep20,6,very_deep20,49,QQQ,6,126,2024-03-22,2024-09-20,30,0.08250098618182977,-0.011823329141226387,0.006229502320640856,0.018052831461867244,-0.1258061830418667,-0.1250193572978226,0.29550264550264543,0.3394179894179894,1,-0.09432431532305616,-0.07627148386118891,0,1
D06_very_deep20,6,very_deep20,50,QQQ,11,231,2025-04-16,2026-03-18,30,0.3441101199491847,0.036376948153369094,0.06125780937158063,0.024880861218211536,-0.12889573510110175,-0.1338582206920101,0.26536796536796536,0.32712842712842716,1,-0.3077331717958156,-0.28285231057760407,1,1
D06_very_deep20,6,very_deep20,51,SOXX,12,252,2025-05-09,2026-05-11,30,1.7645874371661052,0.4097080988831326,0.5545950837189457,0.14488698483581314,-0.19101367705129177,-0.18395958113369276,0.3484126984126984,0.41583994708994715,1,-1.3548793382829727,-1.2099923534471595,1,1
D06_very_deep20,6,very_deep20,52,QQQ,6,126,2024-07-26,2025-01-27,30,0.11403101000835725,0.05681938935261872,0.08097900048442484,0.024159611131806126,-0.12773069541356347,-0.1268282191633567,0.3232804232804233,0.3744047619047619,1,-0.05721162065573853,-0.033052009523932405,1,1
D06_very_deep20,6,very_deep20,53,SOXX,9,189,2025-02-25,2025-11-21,30,0.27137739698000374,0.056180111741826515,0.0498686945211403,-0.006311417220686212,-0.16495208287193883,-0.17637049765226118,0.28395061728395066,0.3520282186948853,0,-0.21519728523817722,-0.22150870245886345,1,1
D06_very_deep20,6,very_deep20,54,QQQ,10,210,2025-06-10,2026-04-10,30,0.14941279936704488,-0.015405285196039335,-0.03421011975570134,-0.018804834559662004,-0.13625480198106962,-0.15766098735460307,0.2634920634920635,0.31821428571428567,0,-0.16481808456308422,-0.18362291912274623,0,0
D06_very_deep20,6,very_deep20,55,QQQ,9,189,2024-03-12,2024-12-09,30,0.18252348107739125,0.055664773216138046,0.054709137772984515,-0.000955635443153531,-0.12915008536707423,-0.13563765746919612,0.3707231040564374,0.39748677248677244,0,-0.1268587078612532,-0.12781434330440672,1,1
D06_very_deep20,6,very_deep20,56,SOXX,1,21,2026-03-06,2026-04-06,30,0.06430085839175526,0.002552041162142956,0.015979500058418267,0.01342745889627531,-0.012963321553764555,-0.031450667038684245,0.06984126984126983,0.20238095238095238,1,-0.0617488172296123,-0.04832135833333699,1,1
D06_very_deep20,6,very_deep20,57,QQQ,11,231,2024-12-30,2025-12-01,30,0.2014930365864087,0.06266015330288494,0.0892123556264978,0.02655220232361287,-0.1598500025072416,-0.1565619445812288,0.2909090909090909,0.3427128427128428,1,-0.13883288328352378,-0.11228068095991091,1,1
D06_very_deep20,6,very_deep20,58,QQQ,4,84,2025-05-06,2025-09-04,30,0.19622773691571815,0.02277270503400945,0.03173884474775054,0.008966139713741089,-0.07513828177160067,-0.08268369099085328,0.29166666666666663,0.3684523809523809,1,-0.17345503188170872,-0.1644888921679676,1,1
D06_very_deep20,6,very_deep20,59,SOXX,4,84,2026-02-25,2026-06-25,30,0.7007669266812115,0.09044155816110022,0.18449783991619,0.09405628175508979,-0.07194405578107436,-0.08907898019303025,0.1384920634920635,0.26269841269841265,1,-0.6103253685201113,-0.5162690867650215,1,1
D06_very_deep20,6,very_deep20,60,SOXX,1,21,2024-12-26,2025-01-28,29,-0.04487098139039003,-0.03273396754475295,-0.03091906289878108,0.0018149046459718654,-0.06564789337488112,-0.07222032137284377,0.27586206896551724,0.3345648604269294,1,0.012137013845637083,0.013951918491608949,0,0
D06_very_deep20,6,very_deep20,61,SOXX,3,63,2024-01-26,2024-04-25,29,0.06710111015930864,0.02188533088741311,0.01689539152747049,-0.00498993935994262,-0.05970782911130342,-0.07454214524140479,0.22167487684729062,0.27873563218390807,0,-0.04521577927189553,-0.05020571863183815,1,1
D06_very_deep20,6,very_deep20,62,SOXX,3,63,2025-06-20,2025-09-18,29,0.19111850646885342,0.09125785621270052,0.10634097612768967,0.015083119914989146,-0.11324479512224543,-0.11622660518443514,0.48056923918992883,0.5495347564313081,1,-0.0998606502561529,-0.08477753034116375,1,1
D06_very_deep20,6,very_deep20,63,QQQ,3,63,2025-10-01,2025-12-30,30,0.0281443024583361,-0.007672257166568985,-0.008972689439756177,-0.0013004322731871914,-0.057252876515231955,-0.06184128292412404,0.25661375661375657,0.29457671957671955,0,-0.035816559624905084,-0.037116991898092276,0,0
D06_very_deep20,6,very_deep20,64,QQQ,2,42,2024-06-12,2024-08-12,30,-0.046509750935051275,-0.030689981486153213,-0.03209319210391984,-0.0014032106177666245,-0.07187451483260328,-0.07756704391042082,0.3507936507936508,0.3736111111111111,0,0.015819769448898062,0.014416558831131437,0,0
D06_very_deep20,6,very_deep20,65,SOXX,7,147,2024-03-27,2024-10-24,29,0.010917916153216245,-0.017449618185238974,-0.012761633074490642,0.004687985110748331,-0.1614083097554402,-0.17369840214597793,0.2629603565564157,0.34330283837673004,1,-0.02836753433845522,-0.02367954922770689,0,0
D06_very_deep20,6,very_deep20,66,QQQ,7,147,2024-06-18,2025-01-17,30,0.0802486743430566,0.00029853127965911254,0.019250424866028522,0.01895189358636941,-0.13011363603454423,-0.12937488460181884,0.35124716553287977,0.3857709750566893,1,-0.0799501430633975,-0.06099824947702808,1,1
D06_very_deep20,6,very_deep20,67,SOXX,6,126,2025-02-27,2025-08-27,30,0.2288069130259598,0.09602472964249355,0.09180159433592637,-0.004223135306567177,-0.11061219488937407,-0.1266238798616093,0.3126984126984126,0.3923280423280423,0,-0.13278218338346626,-0.1370053186900334,1,1
D06_very_deep20,6,very_deep20,68,SOXX,2,42,2026-01-27,2026-03-26,30,-0.06274182234420844,0.0032193452924548414,0.014768264486441718,0.011548919193986876,-0.05896621171963992,-0.0738974547630498,0.19920634920634922,0.31011904761904757,1,0.06596116763666328,0.07751008683065017,1,1
D06_very_deep20,6,very_deep20,69,SOXX,8,168,2025-08-27,2026-04-28,30,0.752796897064234,0.17512795042041496,0.2788361120730863,0.10370816165267133,-0.17448596435949304,-0.16619417176001267,0.31924603174603183,0.3975694444444444,1,-0.5776689466438191,-0.47396078499114774,1,1
D06_very_deep20,6,very_deep20,70,SOXX,5,105,2024-09-20,2025-02-21,29,0.005406814450626518,0.003468495639504155,0.017128675850746372,0.013660180211242217,-0.09789538854854749,-0.10813235733031203,0.187192118226601,0.29244663382594416,1,-0.001938318811122363,0.011721861400119854,1,1
D06_very_deep20,6,very_deep20,71,SOXX,4,84,2025-09-17,2026-01-15,29,0.30628589985012833,0.09548057248306517,0.12563136999843827,0.0301507975153731,-0.13684856978281387,-0.139722851795975,0.3788998357963875,0.436884236453202,1,-0.21080532736706314,-0.18065452985169006,1,1
D06_very_deep20,6,very_deep20,72,QQQ,4,84,2025-06-23,2025-10-20,30,0.1516013225816759,0.03716667462224955,0.04308063797370975,0.0059139633514602025,-0.08772548229479836,-0.09215700954644496,0.3146825396825397,0.3671626984126985,1,-0.11443464795942637,-0.10852068460796616,1,1
D06_very_deep20,6,very_deep20,73,SOXX,10,210,2023-11-28,2024-09-27,30,0.3732977081618618,0.06661678645753953,0.08924585290744727,0.02262906644990774,-0.18894426088698602,-0.19841549080074944,0.3076190476190476,0.37472222222222223,1,-0.30668092170432226,-0.28405185525441456,1,1
D06_very_deep20,6,very_deep20,74,QQQ,9,189,2025-04-09,2026-01-08,30,0.33624069066151074,0.13339435324806054,0.15757172491139276,0.024177371663332226,-0.1364775405035114,-0.14114174751916514,0.35555555555555557,0.41834215167548494,1,-0.2028463374134502,-0.17866896575011798,1,1
D06_very_deep20,6,very_deep20,75,QQQ,12,252,2024-12-19,2025-12-22,30,0.21234993913837386,0.07282488524533995,0.10111160830743134,0.028286723062091387,-0.15411353549119883,-0.16211244660338378,0.2826719576719577,0.3465277777777777,1,-0.1395250538930339,-0.11123833083094252,1,1
D06_very_deep20,6,very_deep20,76,SOXX,5,105,2024-05-10,2024-10-09,29,0.07166292185798206,0.014436981495001656,0.01576910451612249,0.0013321230211208353,-0.12451546382428642,-0.14724816439760302,0.25155993431855495,0.3481937602627258,1,-0.05722594036298041,-0.055893817341859574,1,1
D06_very_deep20,6,very_deep20,77,SOXX,8,168,2025-08-01,2026-04-01,30,0.4329721592393472,0.15866805757439584,0.20997869896641513,0.051310641392019296,-0.18501848805024199,-0.17737059334047822,0.3426587301587301,0.40466269841269836,1,-0.27430410166495134,-0.22299346027293204,1,1
D06_very_deep20,6,very_deep20,78,QQQ,7,147,2025-11-12,2026-06-15,30,0.20096913413608264,-0.018947353643036353,0.0007390713509776603,0.019686424994014014,-0.12973603679726417,-0.13813354914859363,0.2376417233560091,0.2901927437641723,1,-0.21991648777911899,-0.20023006278510497,0,1
D06_very_deep20,6,very_deep20,79,SOXX,9,189,2023-12-14,2024-09-16,30,0.16790498618580796,0.0008636282377531334,0.004606188873000716,0.003742560635247582,-0.1882736533618384,-0.19697861892038646,0.3310405643738977,0.3965608465608466,1,-0.16704135794805483,-0.16329879731280725,1,1
D06_very_deep20,6,very_deep20,80,QQQ,6,126,2024-01-19,2024-07-19,30,0.13164162035706783,0.01752199700392435,0.023271701333083226,0.005749704329158875,-0.11178035471042873,-0.11674024008633183,0.32089947089947096,0.35634920634920636,1,-0.11411962335314349,-0.1083699190239846,1,1
D06_very_deep20,6,very_deep20,81,QQQ,1,21,2024-11-13,2024-12-12,30,0.027818437813410313,0.02434417817350658,0.024553644563203837,0.00020946638969725553,-0.025412970421883403,-0.026427683231238733,0.3349206349206349,0.346031746031746,1,-0.003474259639903731,-0.0032647932502064755,1,1
D06_very_deep20,6,very_deep20,82,SOXX,10,210,2024-06-21,2025-04-23,30,-0.303438756357962,-0.10953684636102978,-0.1332050943722885,-0.02366824801125872,-0.21927545671237217,-0.247986743438789,0.1858730158730159,0.28984126984126984,0,0.19390190999693224,0.17023366198567352,0,0
D06_very_deep20,6,very_deep20,83,QQQ,11,231,2024-05-24,2025-04-28,30,0.03788093693594541,0.02352067792770555,0.03099373746294525,0.007473059535239697,-0.18620256126856274,-0.18891787775241123,0.3011544011544011,0.3508658008658009,1,-0.014360259008239857,-0.00688719947300016,1,1
D06_very_deep20,6,very_deep20,84,SOXX,4,84,2025-03-26,2025-07-25,29,0.21967623083558907,0.08166603233309737,0.0646767188071642,-0.016989313525933164,-0.0830621153910326,-0.09727655578197628,0.3091133004926108,0.36319786535303783,0,-0.1380101985024917,-0.15499951202842488,1,1
D06_very_deep20,6,very_deep20,85,SOXX,3,63,2024-01-12,2024-04-12,29,0.17490145812316005,0.060582022508329274,0.06173613830266469,0.0011541157943354141,-0.07771614238565261,-0.08595617553721739,0.3130815544608648,0.3611111111111111,1,-0.11431943561483077,-0.11316531982049535,1,1
D06_very_deep20,6,very_deep20,86,QQQ,4,84,2025-08-13,2025-12-10,30,0.08270595883887877,-0.0020598467100503243,0.004821064291362383,0.006880911001412707,-0.07138796413813867,-0.07689345803590043,0.2472222222222222,0.30119047619047623,1,-0.0847658055489291,-0.07788489454751639,0,1
D06_very_deep20,6,very_deep20,87,QQQ,9,189,2025-08-12,2026-05-12,30,0.22380163982039725,-0.006650453236212702,-0.0016946270096425094,0.004955826226570192,-0.14081880209020553,-0.15532135695533944,0.2324514991181658,0.2878306878306878,1,-0.23045209305660994,-0.22549626683003976,0,0
D06_very_deep20,6,very_deep20,88,QQQ,3,63,2023-09-06,2023-12-04,30,0.03239382703262561,-0.018888553611716232,-0.01589492580298234,0.002993627808733891,-0.08305897001337256,-0.08540064607112934,0.33492063492063484,0.35423280423280423,1,-0.051282380644341846,-0.04828875283560795,0,0
D06_very_deep20,6,very_deep20,89,QQQ,6,126,2024-03-08,2024-09-06,30,0.025004402915363988,-0.03556560225580011,-0.033375372727734935,0.002190229528065177,-0.13633623776185416,-0.1356872523106264,0.3309523809523809,0.3652116402116402,1,-0.0605700051711641,-0.05837977564309892,0,0
D06_very_deep20,6,very_deep20,90,SOXX,4,84,2024-02-09,2024-06-10,29,0.16166404920459776,0.028196290271240643,0.03368430189972341,0.005488011628482763,-0.08636595624850572,-0.0953841505534376,0.3066502463054187,0.35252463054187183,1,-0.1334677589333571,-0.12797974730487435,1,1
D06_very_deep20,6,very_deep20,91,QQQ,6,126,2024-12-26,2025-06-30,30,0.04434109236366246,0.007674866909558949,0.015565353604306772,0.007890486694747824,-0.1278377277741782,-0.13791574578127314,0.2677248677248677,0.3201719576719576,1,-0.03666622545410351,-0.028775738759355688,1,1
D06_very_deep20,6,very_deep20,92,QQQ,2,42,2024-07-11,2024-09-09,30,-0.07616930887243911,-0.0467009139746296,-0.04448872585013118,0.0022121881244984223,-0.06533070513067755,-0.07572962714875325,0.2119047619047619,0.26984126984126977,1,0.02946839489780951,0.03168058302230793,0,0
D06_very_deep20,6,very_deep20,93,QQQ,8,168,2025-09-04,2026-05-05,30,0.18933459993954838,0.056885856392562835,0.07632199853356163,0.019436142140998793,-0.13213284289849453,-0.138120668187636,0.26369047619047614,0.31354166666666666,1,-0.13244874354698555,-0.11301260140598675,1,1
D06_very_deep20,6,very_deep20,94,QQQ,11,231,2023-08-28,2024-07-29,29,0.27358869545907205,0.04338844910070174,0.05020342925074419,0.006814980150042449,-0.158549556344278,-0.15990650416391536,0.3985669502910882,0.41976414390207495,1,-0.2302002463583703,-0.22338526620832785,1,1
D06_very_deep20,6,very_deep20,95,SOXX,2,42,2024-10-18,2024-12-17,29,-0.022397322959222588,0.003232917265875716,0.003014871351474621,-0.00021804591440109525,-0.05504839408824857,-0.07254498398728347,0.18308702791461412,0.30562397372742206,0,0.025630240225098303,0.02541219431069721,1,1
D06_very_deep20,6,very_deep20,96,QQQ,9,189,2024-06-04,2025-03-06,30,0.0794127343756903,0.07355495139825723,0.08762748632590606,0.01407253492764883,-0.16750932370479174,-0.1685824539378959,0.31957671957671957,0.36327160493827154,1,-0.005857782977433071,0.00821475195021576,1,1
D06_very_deep20,6,very_deep20,97,SOXX,5,105,2025-12-31,2026-06-02,30,1.0102699251297969,0.20892373089805882,0.30958788624307376,0.10066415534501494,-0.09511111174694611,-0.1060249578966913,0.24095238095238092,0.32507936507936497,1,-0.801346194231738,-0.7006820388867231,1,1
D06_very_deep20,6,very_deep20,98,QQQ,4,84,2025-02-28,2025-06-30,30,0.08838198760432037,0.04214933024015496,0.05602413215258901,0.013874801912434051,-0.0667824189847802,-0.07892582393665785,0.2035714285714286,0.2901785714285714,1,-0.04623265736416541,-0.03235785545173136,1,1
D06_very_deep20,6,very_deep20,99,SOXX,2,42,2026-05-13,2026-07-14,30,0.07552608567751218,0.007353907599346913,-0.00010225349862320968,-0.007456161097970123,-0.019491828187119066,-0.05646966398005436,0.08253968253968254,0.18551587301587302,0,-0.06817217807816527,-0.07562833917613539,1,0
D07_light_w20,7,light_probe_w20,0,SOXX,4,84,2025-01-15,2025-05-15,29,-0.04268264905560459,-0.025716990511332718,-0.04611266714891364,-0.020395676637580924,-0.09008269398142583,-0.11999285953313296,0.10139573070607558,0.1705254515599343,0,0.016965658544271876,-0.003430018093309048,0,0
D07_light_w20,7,light_probe_w20,1,SOXX,4,84,2025-11-26,2026-03-30,29,0.06535932477276907,0.13060434817914052,0.14666716981673708,0.016062821637596564,-0.09666914509833963,-0.10959132923760388,0.3259441707717569,0.41461412151067323,1,0.06524502340637145,0.08130784504396801,1,1
D07_light_w20,7,light_probe_w20,2,SOXX,12,252,2024-06-12,2025-06-13,30,-0.11229341109132818,-0.08609364403663103,-0.10302008065706363,-0.016926436620432597,-0.23588366404305075,-0.25716367108641236,0.21468253968253967,0.2863492063492064,0,0.02619976705469715,0.009273330434264551,0,0
D07_light_w20,7,light_probe_w20,3,QQQ,1,21,2026-01-13,2026-02-11,30,-0.02096638715391519,-0.014627542256874316,-0.020107658092020406,-0.00548011583514609,-0.05458277455918684,-0.06324543226775212,0.4031746031746032,0.4466666666666666,0,0.006338844897040874,0.0008587290618947835,0,0
D07_light_w20,7,light_probe_w20,4,QQQ,8,168,2025-02-28,2025-10-28,30,0.2501946013536971,0.07269972065454076,0.09867878561237811,0.025979064957837347,-0.13812305774620287,-0.14261472824558244,0.2779761904761905,0.36547619047619045,1,-0.1774948806991563,-0.15151581574131898,1,1
D07_light_w20,7,light_probe_w20,5,SOXX,3,63,2025-03-10,2025-06-06,29,0.11931811258500846,0.023024491089483737,0.012776013717477861,-0.010248477372005876,-0.027145179397823276,-0.04655142400164751,0.08866995073891625,0.13694581280788173,0,-0.09629362149552473,-0.1065420988675306,1,1
D07_light_w20,7,light_probe_w20,6,SOXX,12,252,2024-10-18,2025-10-21,30,0.27929057935732526,0.08040498987955062,0.09634031019481507,0.015935320315264442,-0.18728003050003003,-0.19361414270966246,0.2891534391534391,0.354021164021164,1,-0.19888558947777463,-0.1829502691625102,1,1
D07_light_w20,7,light_probe_w20,7,SOXX,5,105,2024-08-02,2024-12-31,30,0.04615473659290337,-0.007383155687375146,-0.008912089053672922,-0.0015289333662977756,-0.09986809917066228,-0.11118142420513102,0.15714285714285714,0.2281904761904762,0,-0.05353789228027851,-0.05506682564657629,0,0
D07_light_w20,7,light_probe_w20,8,SOXX,11,231,2024-01-29,2024-12-26,30,0.11728595595420654,-0.014050142007062175,-0.004506649284268386,0.009543492722793789,-0.22765483794891364,-0.23506966583154126,0.2554112554112554,0.33997113997114004,1,-0.13133609796126872,-0.12179260523847493,0,0
D07_light_w20,7,light_probe_w20,9,QQQ,7,147,2025-12-22,2026-07-24,30,0.10761391047221691,0.011967165923700219,0.043063244075344884,0.031096078151644665,-0.11138535137425892,-0.1212572586115382,0.2068027210884354,0.2795918367346939,1,-0.0956467445485167,-0.06455066639687203,1,1
D07_light_w20,7,light_probe_w20,10,SOXX,11,231,2025-04-30,2026-03-31,30,0.7991728873661996,0.24120132927579618,0.3181608213553277,0.07695949207953151,-0.18151182396438895,-0.1822117398398742,0.32958152958152964,0.41249639249639264,1,-0.5579715580904034,-0.48101206601087193,1,1
D07_light_w20,7,light_probe_w20,11,SOXX,7,147,2023-12-07,2024-07-10,30,0.5448438251272811,0.15643696946934116,0.19456340420191312,0.03812643473257196,-0.13145231080705216,-0.13506481058873604,0.34852607709750566,0.43750566893424037,1,-0.38840685565794,-0.35028042092536804,1,1
D07_light_w20,7,light_probe_w20,12,QQQ,11,231,2024-03-27,2025-02-27,30,0.12982124242441295,0.006866921906544258,0.01765159777144844,0.010784675864904184,-0.13945240282328086,-0.1395745273731089,0.29913419913419914,0.36949494949494954,1,-0.1229543205178687,-0.11216964465296451,1,1
D07_light_w20,7,light_probe_w20,13,QQQ,10,210,2024-09-30,2025-08-01,30,0.1396406940506143,0.13642248264481188,0.15034880763754466,0.013926324992732775,-0.13907255241929703,-0.1454942517141892,0.29253968253968254,0.3693650793650794,1,-0.003218211405802418,0.010708113586930357,1,1
D07_light_w20,7,light_probe_w20,14,QQQ,9,189,2025-02-11,2025-11-10,30,0.1848421423831519,0.04006495843578965,0.04980095969677605,0.0097360012609864,-0.14697553389521303,-0.14804150509559405,0.3174603174603175,0.39354497354497364,1,-0.14477718394736222,-0.13504118268637583,1,1
D07_light_w20,7,light_probe_w20,15,SOXX,2,42,2023-11-10,2024-01-11,29,0.1337866151876319,0.0774943989489612,0.08352758314167542,0.0060331841927142305,-0.05469737112963862,-0.06000406452952831,0.4778325123152709,0.5298850574712644,1,-0.056292216238670714,-0.050259032045956484,1,1
D07_light_w20,7,light_probe_w20,16,QQQ,8,168,2025-04-17,2025-12-16,30,0.38065075650801794,0.05822628509197105,0.06618499131122366,0.007958706219252605,-0.09045853742073709,-0.10166299318988373,0.22182539682539681,0.3057142857142858,1,-0.3224244714160469,-0.31446576519679426,1,1
D07_light_w20,7,light_probe_w20,17,QQQ,3,63,2023-10-12,2024-01-11,29,0.10935443004554912,0.009703347775665807,0.023488175029520587,0.01378482725385478,-0.07684055243996374,-0.07948005612209845,0.3787629994526547,0.45944170771756976,1,-0.09965108226988331,-0.08586625501602854,1,1
D07_light_w20,7,light_probe_w20,18,SOXX,7,147,2025-06-02,2025-12-30,29,0.4742072430583639,0.08455874395636237,0.13628855540776083,0.05172981145139846,-0.17907138410292056,-0.17429328581110107,0.4133239502697632,0.4882007975604034,1,-0.38964849910200156,-0.33791868765060307,1,1
D07_light_w20,7,light_probe_w20,19,QQQ,2,42,2026-01-20,2026-03-19,30,-0.024734412068352585,-0.003904880697059835,-0.010385175874185752,-0.006480295177125917,-0.04664148075686558,-0.05730542687582349,0.2563492063492063,0.3079365079365079,0,0.02082953137129275,0.014349236194166833,0,0
D07_light_w20,7,light_probe_w20,20,QQQ,2,42,2025-12-30,2026-03-02,30,-0.01830706738570409,0.020542259241984707,0.02658749304064638,0.006045233798661672,-0.05202848290647793,-0.06024381189950025,0.3150793650793651,0.3853968253968254,1,0.03884932662768879,0.04489456042635047,1,1
D07_light_w20,7,light_probe_w20,21,QQQ,8,168,2024-02-14,2024-10-14,30,0.15334197720866793,0.01763376201115824,0.03226444388004895,0.014630681868890709,-0.1322396468346643,-0.133036028082179,0.32797619047619037,0.4123015873015873,1,-0.1357082151975097,-0.12107753332861898,1,1
D07_light_w20,7,light_probe_w20,22,QQQ,4,84,2025-10-15,2026-02-13,30,0.000789757805571778,0.041634413714619276,0.0491178764035314,0.007483462688912125,-0.08767623706279756,-0.09270536577993102,0.3873015873015873,0.45992063492063495,1,0.0408446559090475,0.04832811859795962,1,1
D07_light_w20,7,light_probe_w20,23,QQQ,3,63,2026-01-08,2026-04-09,30,-0.0153279984002892,-0.00015153970303823558,0.00981548625299485,0.009967025956033087,-0.07822959166317958,-0.08775533527947177,0.2523809523809524,0.3257142857142857,1,0.015176458697250964,0.025143484653284053,0,1
D07_light_w20,7,light_probe_w20,24,SOXX,5,105,2026-02-10,2026-07-13,30,0.5770256813269112,0.13659686114321096,0.17353901276762176,0.03694215162441081,-0.06750382261710434,-0.09530065481619457,0.12349206349206351,0.2511111111111112,1,-0.4404288201837003,-0.4034866685592895,1,1
D07_light_w20,7,light_probe_w20,25,QQQ,5,105,2026-01-14,2026-06-15,30,0.20238584863226716,0.04480905436171883,0.05847083507734833,0.013661780715629498,-0.0814089650586057,-0.09408433730523207,0.1892063492063492,0.2670476190476191,1,-0.15757679427054833,-0.14391501355491884,1,1
D07_light_w20,7,light_probe_w20,26,QQQ,12,252,2025-01-16,2026-01-16,30,0.21698527291142944,0.0058803715805283464,0.01868586791295057,0.012805496332422225,-0.15853139701677746,-0.1635362856050169,0.27777777777777773,0.3547883597883599,1,-0.2111049013309011,-0.19829940499847887,1,1
D07_light_w20,7,light_probe_w20,27,SOXX,4,84,2026-03-20,2026-07-21,30,0.6629647609934404,0.09246450214498574,0.15254802902887443,0.0600835268838887,-0.045970691350039505,-0.08538745714114059,0.09761904761904759,0.24404761904761904,1,-0.5705002588484547,-0.5104167319645659,1,1
D07_light_w20,7,light_probe_w20,28,SOXX,10,210,2023-09-12,2024-07-12,30,0.6054241699570708,0.16010458794897048,0.2125054543183517,0.05240086636938121,-0.15291596127570126,-0.14373808629066007,0.3422222222222222,0.4263492063492064,1,-0.44531958200810035,-0.39291871563871916,1,1
D07_light_w20,7,light_probe_w20,29,QQQ,10,210,2023-11-02,2024-09-04,29,0.2742635518580856,0.07824104849807687,0.09436102307061042,0.016119974572533557,-0.14724112546969834,-0.1481297609166061,0.4203612479474548,0.4771428571428572,1,-0.19602250336000873,-0.17990252878747517,1,1
D07_light_w20,7,light_probe_w20,30,SOXX,11,231,2025-02-26,2026-01-27,30,0.6222676159829015,0.1711368514401048,0.2194485064420796,0.04831165500197482,-0.19787028190037134,-0.1929527705590622,0.31746031746031744,0.3851659451659452,1,-0.45113076454279666,-0.4028191095408219,1,1
D07_light_w20,7,light_probe_w20,31,SOXX,4,84,2024-11-26,2025-03-31,30,-0.12412360871542705,-0.032152561625399236,-0.037066091176014886,-0.00491352955061565,-0.09531311281221044,-0.11401619157668366,0.17658730158730157,0.27079365079365086,0,0.09197104709002782,0.08705751753941215,0,0
D07_light_w20,7,light_probe_w20,32,SOXX,3,63,2024-07-29,2024-10-24,29,-0.004528432055198928,-0.01717969917744293,-0.02428218000873767,-0.007102480831294739,-0.05077110926622666,-0.06679904126254763,0.09140667761357416,0.1679255610290093,0,-0.012651267122244004,-0.019753747953538743,0,0
D07_light_w20,7,light_probe_w20,33,SOXX,7,147,2025-09-16,2026-04-16,29,0.5731894193346554,0.2428581070521754,0.316670512659238,0.07381240560706262,-0.1605512081869748,-0.16056074020085795,0.3309875674407695,0.4256157635467982,1,-0.33033131228248,-0.2565189066754174,1,1
D07_light_w20,7,light_probe_w20,34,QQQ,4,84,2024-05-31,2024-09-30,30,0.08613665447903895,-0.02094604149667747,-0.006444511509890531,0.014501529986786938,-0.11243876407913302,-0.11282262214731038,0.3619047619047619,0.4395238095238096,1,-0.10708269597571643,-0.09258116598892949,0,0
D07_light_w20,7,light_probe_w20,35,QQQ,9,189,2025-02-11,2025-11-10,30,0.1848421423831519,0.0778069487759237,0.0730483729912977,-0.004758575784626004,-0.15279406301724527,-0.15517192310214273,0.3052910052910052,0.375520282186949,0,-0.10703519360722819,-0.11179376939185419,1,1
D07_light_w20,7,light_probe_w20,36,QQQ,3,63,2025-01-14,2025-04-14,30,-0.0928917402537448,-0.014715106421000608,-0.014941954140814713,-0.00022684771981410466,-0.0943586033322837,-0.11181441986289078,0.2613756613756614,0.3421164021164021,0,0.0781766338327442,0.07794978611293009,0,0
D07_light_w20,7,light_probe_w20,37,SOXX,10,210,2024-08-26,2025-06-27,30,0.05767020978785542,0.046170386833983716,0.025295704362104113,-0.020874682471879603,-0.14069969891344225,-0.15869292123200973,0.18349206349206346,0.2524126984126984,0,-0.011499822953871704,-0.03237450542575131,1,1
D07_light_w20,7,light_probe_w20,38,SOXX,12,252,2024-07-02,2025-07-03,30,-0.019691750048819512,-0.042699691533501484,-0.060447749706591614,-0.01774805817309013,-0.22362703060876782,-0.2470621476234286,0.1978835978835979,0.26791005291005293,0,-0.023007941484681972,-0.0407559996577721,0,0
D07_light_w20,7,light_probe_w20,39,QQQ,5,105,2024-09-23,2025-02-24,30,0.07798173822976961,0.06547072313479577,0.072419514508393,0.006948791373597232,-0.09793759599584707,-0.10299459399897452,0.40888888888888886,0.4741587301587301,1,-0.012511015094973849,-0.005562223721376616,1,1
D07_light_w20,7,light_probe_w20,40,QQQ,12,252,2025-05-13,2026-05-13,30,0.3929080380641541,0.10209609867488217,0.13003134033773728,0.027935241662855104,-0.18245185130402916,-0.19332683832305936,0.31388888888888894,0.3834920634920635,1,-0.2908119393892719,-0.2628766977264168,1,1
D07_light_w20,7,light_probe_w20,41,SOXX,5,105,2024-12-18,2025-05-21,29,-0.03550491258274213,-0.03958675821020653,-0.05886441365861778,-0.01927765544841125,-0.12360463930904281,-0.14815017303137976,0.1714285714285714,0.2396059113300493,0,-0.0040818456274644005,-0.02335950107587565,0,0
D07_light_w20,7,light_probe_w20,42,QQQ,1,21,2026-06-01,2026-06-30,30,-0.007446386853765863,-0.004137721075456391,0.00018864730989731255,0.0043263683853537035,-0.012896127851843646,-0.02391012885914542,0.10793650793650794,0.21015873015873018,1,0.003308665778309472,0.007635034163663176,0,1
D07_light_w20,7,light_probe_w20,43,SOXX,5,105,2025-04-30,2025-09-29,30,0.46913595929254015,0.12020837437946033,0.14983059234801158,0.029622217968551245,-0.11467746009539652,-0.11537298914985744,0.391111111111111,0.44882539682539685,1,-0.34892758491307985,-0.3193053669445286,1,1
D07_light_w20,7,light_probe_w20,44,SOXX,5,105,2024-07-24,2024-12-19,29,-0.07336127646416635,0.014440215493246455,0.008589115901055365,-0.00585109959219109,-0.10254019487332973,-0.11505439663855581,0.1960591133004926,0.2710016420361248,0,0.0878014919574128,0.08195039236522171,1,1
D07_light_w20,7,light_probe_w20,45,SOXX,12,252,2024-03-06,2025-03-07,30,-0.10757483963704584,-0.08439870231549465,-0.08685229631251404,-0.0024535939970193876,-0.23166021795046768,-0.24036913846295077,0.24735449735449733,0.3311904761904762,0,0.023176137321551188,0.0207225433245318,0,0
D07_light_w20,7,light_probe_w20,46,SOXX,11,231,2024-02-13,2025-01-14,30,0.07418656590600592,0.02756966561592551,0.04366470875720999,0.016095043141284484,-0.20760107677177955,-0.21615344855372726,0.2522366522366522,0.33737373737373744,1,-0.04661690029008041,-0.030521857148795926,1,1
D07_light_w20,7,light_probe_w20,47,QQQ,12,252,2025-06-12,2026-06-12,30,0.3582275230463974,0.10374190539348917,0.14133329444304507,0.037591389049555904,-0.1650181027476526,-0.1747840110988669,0.28941798941798946,0.3666137566137566,1,-0.2544856176529082,-0.2168942286033523,1,1
D07_light_w20,7,light_probe_w20,48,QQQ,1,21,2025-07-02,2025-07-31,30,0.02579898212369769,0.009147873504681665,0.009563174252936993,0.0004153007482553279,-0.03190240724898848,-0.036147469693359975,0.3682539682539682,0.4495238095238095,1,-0.016651108619016024,-0.016235807870760698,1,1
D07_light_w20,7,light_probe_w20,49,QQQ,6,126,2024-03-22,2024-09-20,30,0.08250098618182977,-0.011823329141226387,-0.0006617879500587787,0.011161541191167608,-0.1258061830418667,-0.12469988956127362,0.29550264550264543,0.3740740740740741,1,-0.09432431532305616,-0.08316277413188855,0,0
D07_light_w20,7,light_probe_w20,50,QQQ,11,231,2025-04-16,2026-03-18,30,0.3441101199491847,0.036376948153369094,0.05091624375528503,0.014539295601915934,-0.12889573510110175,-0.13574750736716404,0.26536796536796536,0.3373737373737373,1,-0.3077331717958156,-0.2931938761938997,1,1
D07_light_w20,7,light_probe_w20,51,SOXX,12,252,2025-05-09,2026-05-11,30,1.7645874371661052,0.4097080988831326,0.5388880541061903,0.12917995522305775,-0.19101367705129177,-0.19065828652643096,0.3484126984126984,0.4279100529100529,1,-1.3548793382829727,-1.225699383059915,1,1
D07_light_w20,7,light_probe_w20,52,QQQ,6,126,2024-07-26,2025-01-27,30,0.11403101000835725,0.05681938935261872,0.07685847438886423,0.02003908503624551,-0.12773069541356347,-0.12816142693129576,0.3232804232804233,0.40465608465608466,1,-0.05721162065573853,-0.03717253561949302,1,1
D07_light_w20,7,light_probe_w20,53,SOXX,9,189,2025-02-25,2025-11-21,30,0.27137739698000374,0.056180111741826515,0.06028481289659699,0.0041047011547704765,-0.16495208287193883,-0.17245495233622998,0.28395061728395066,0.3507583774250441,1,-0.21519728523817722,-0.21109258408340675,1,1
D07_light_w20,7,light_probe_w20,54,QQQ,10,210,2025-06-10,2026-04-10,30,0.14941279936704488,-0.015405285196039335,-0.02069746848455292,-0.0052921832885135835,-0.13625480198106962,-0.14791749375799398,0.2634920634920635,0.33219047619047615,0,-0.16481808456308422,-0.1701102678515978,0,0
D07_light_w20,7,light_probe_w20,55,QQQ,9,189,2024-03-12,2024-12-09,30,0.18252348107739125,0.055664773216138046,0.06794713696164446,0.012282363745506418,-0.12915008536707423,-0.12719224992365258,0.3707231040564374,0.4365432098765432,1,-0.1268587078612532,-0.11457634411574678,1,1
D07_light_w20,7,light_probe_w20,56,SOXX,1,21,2026-03-06,2026-04-06,30,0.06430085839175526,0.002552041162142956,0.010300985488872254,0.007748944326729298,-0.012963321553764555,-0.03480439390336899,0.06984126984126983,0.22063492063492066,1,-0.0617488172296123,-0.053999872902883,1,1
D07_light_w20,7,light_probe_w20,57,QQQ,11,231,2024-12-30,2025-12-01,30,0.2014930365864087,0.06266015330288494,0.07986140237871171,0.017201249075826777,-0.1598500025072416,-0.16198785938665428,0.2909090909090909,0.36686868686868684,1,-0.13883288328352378,-0.121631634207697,1,1
D07_light_w20,7,light_probe_w20,58,QQQ,4,84,2025-05-06,2025-09-04,30,0.19622773691571815,0.02277270503400945,0.02964095663117909,0.006868251597169642,-0.07513828177160067,-0.08129747793724136,0.29166666666666663,0.3711111111111113,1,-0.17345503188170872,-0.16658678028453905,1,1
D07_light_w20,7,light_probe_w20,59,SOXX,4,84,2026-02-25,2026-06-25,30,0.7007669266812115,0.09044155816110022,0.176644551530286,0.08620299336918577,-0.07194405578107436,-0.09139042394888568,0.1384920634920635,0.2681746031746032,1,-0.6103253685201113,-0.5241223751509255,1,1
D07_light_w20,7,light_probe_w20,60,SOXX,1,21,2024-12-26,2025-01-28,29,-0.04487098139039003,-0.03273396754475295,-0.032781014565620846,-4.7047020867899136e-05,-0.06564789337488112,-0.07698270033005034,0.27586206896551724,0.3645320197044335,0,0.012137013845637083,0.012089966824769184,0,0
D07_light_w20,7,light_probe_w20,61,SOXX,3,63,2024-01-26,2024-04-25,29,0.06710111015930864,0.02188533088741311,0.022546416517417206,0.0006610856300040963,-0.05970782911130342,-0.07603851862912628,0.22167487684729062,0.3367268746579091,1,-0.04521577927189553,-0.044554693641891435,1,1
D07_light_w20,7,light_probe_w20,62,SOXX,3,63,2025-06-20,2025-09-18,29,0.19111850646885342,0.09125785621270052,0.1116831085660605,0.02042525235335997,-0.11324479512224543,-0.11521200183797123,0.48056923918992883,0.5512862616310892,1,-0.0998606502561529,-0.07943539790279293,1,1
D07_light_w20,7,light_probe_w20,63,QQQ,3,63,2025-10-01,2025-12-30,30,0.0281443024583361,-0.007672257166568985,-0.005743935480534601,0.001928321686034384,-0.057252876515231955,-0.06285202194486865,0.25661375661375657,0.31650793650793646,1,-0.035816559624905084,-0.033888237938870705,0,0
D07_light_w20,7,light_probe_w20,64,QQQ,2,42,2024-06-12,2024-08-12,30,-0.046509750935051275,-0.030689981486153213,-0.026789907483304627,0.003900074002848586,-0.07187451483260328,-0.07896014855164411,0.3507936507936508,0.4331746031746032,1,0.015819769448898062,0.019719843451746648,0,0
D07_light_w20,7,light_probe_w20,65,SOXX,7,147,2024-03-27,2024-10-24,29,0.010917916153216245,-0.017449618185238974,-0.016217485120246566,0.0012321330649924071,-0.1614083097554402,-0.17139216726069942,0.2629603565564157,0.3433262960356557,1,-0.02836753433845522,-0.02713540127346281,0,0
D07_light_w20,7,light_probe_w20,66,QQQ,7,147,2024-06-18,2025-01-17,30,0.0802486743430566,0.00029853127965911254,0.018301104162980027,0.018002572883320914,-0.13011363603454423,-0.1272607786640035,0.35124716553287977,0.41814058956916106,1,-0.0799501430633975,-0.06194757018007657,1,1
D07_light_w20,7,light_probe_w20,67,SOXX,6,126,2025-02-27,2025-08-27,30,0.2288069130259598,0.09602472964249355,0.09613180163987928,0.00010707199738572981,-0.11061219488937407,-0.12402396556032416,0.3126984126984126,0.3662433862433862,1,-0.13278218338346626,-0.1326751113860805,1,1
D07_light_w20,7,light_probe_w20,68,SOXX,2,42,2026-01-27,2026-03-26,30,-0.06274182234420844,0.0032193452924548414,-0.0015575138877608197,-0.0047768591802156615,-0.05896621171963992,-0.07742393396577338,0.19920634920634922,0.3071428571428571,0,0.06596116763666328,0.06118430845644762,1,0
D07_light_w20,7,light_probe_w20,69,SOXX,8,168,2025-08-27,2026-04-28,30,0.752796897064234,0.17512795042041496,0.2560387291661196,0.08091077874570463,-0.17448596435949304,-0.1760133095542115,0.31924603174603183,0.41460317460317453,1,-0.5776689466438191,-0.49675816789811444,1,1
D07_light_w20,7,light_probe_w20,70,SOXX,5,105,2024-09-20,2025-02-21,29,0.005406814450626518,0.003468495639504155,0.004424239546921129,0.0009557439074169738,-0.09789538854854749,-0.10898342701659171,0.187192118226601,0.27152709359605914,1,-0.001938318811122363,-0.0009825749037053891,1,1
D07_light_w20,7,light_probe_w20,71,SOXX,4,84,2025-09-17,2026-01-15,29,0.30628589985012833,0.09548057248306517,0.13002876646794928,0.03454819398488411,-0.13684856978281387,-0.14083733756932457,0.3788998357963875,0.45985221674876847,1,-0.21080532736706314,-0.17625713338217905,1,1
D07_light_w20,7,light_probe_w20,72,QQQ,4,84,2025-06-23,2025-10-20,30,0.1516013225816759,0.03716667462224955,0.046427402513945025,0.009260727891695478,-0.08772548229479836,-0.09399104956762518,0.3146825396825397,0.3892857142857143,1,-0.11443464795942637,-0.10517392006773088,1,1
D07_light_w20,7,light_probe_w20,73,SOXX,10,210,2023-11-28,2024-09-27,30,0.3732977081618618,0.06661678645753953,0.08268099294919912,0.016064206491659586,-0.18894426088698602,-0.19210017480609462,0.3076190476190476,0.3894285714285715,1,-0.30668092170432226,-0.2906167152126627,1,1
D07_light_w20,7,light_probe_w20,74,QQQ,9,189,2025-04-09,2026-01-08,30,0.33624069066151074,0.13339435324806054,0.1576097668608904,0.02421541361282986,-0.1364775405035114,-0.14078410593266105,0.35555555555555557,0.41947089947089944,1,-0.2028463374134502,-0.17863092380062034,1,1
D07_light_w20,7,light_probe_w20,75,QQQ,12,252,2024-12-19,2025-12-22,30,0.21234993913837386,0.07282488524533995,0.09608163882603178,0.023256753580691833,-0.15411353549119883,-0.167042859960399,0.2826719576719577,0.354920634920635,1,-0.1395250538930339,-0.11626830031234207,1,1
D07_light_w20,7,light_probe_w20,76,SOXX,5,105,2024-05-10,2024-10-09,29,0.07166292185798206,0.014436981495001656,0.009169419737432771,-0.005267561757568885,-0.12451546382428642,-0.14463771981518114,0.25155993431855495,0.32866995073891625,0,-0.05722594036298041,-0.06249350212054929,1,1
D07_light_w20,7,light_probe_w20,77,SOXX,8,168,2025-08-01,2026-04-01,30,0.4329721592393472,0.15866805757439584,0.203689771935626,0.045021714361230175,-0.18501848805024199,-0.18075329641249502,0.3426587301587301,0.4349206349206349,1,-0.27430410166495134,-0.22928238730372116,1,1
D07_light_w20,7,light_probe_w20,78,QQQ,7,147,2025-11-12,2026-06-15,30,0.20096913413608264,-0.018947353643036353,0.01162941506227763,0.030576768705313985,-0.12973603679726417,-0.13367730200157382,0.2376417233560091,0.3140589569160998,1,-0.21991648777911899,-0.189339719073805,0,1
D07_light_w20,7,light_probe_w20,79,SOXX,9,189,2023-12-14,2024-09-16,30,0.16790498618580796,0.0008636282377531334,0.005809778146203489,0.004946149908450356,-0.1882736533618384,-0.1918664735352636,0.3310405643738977,0.4155908289241622,1,-0.16704135794805483,-0.16209520803960448,1,1
D07_light_w20,7,light_probe_w20,80,QQQ,6,126,2024-01-19,2024-07-19,30,0.13164162035706783,0.01752199700392435,0.027499988378943126,0.009977991375018775,-0.11178035471042873,-0.11749553773920879,0.32089947089947096,0.39862433862433855,1,-0.11411962335314349,-0.1041416319781247,1,1
D07_light_w20,7,light_probe_w20,81,QQQ,1,21,2024-11-13,2024-12-12,30,0.027818437813410313,0.02434417817350658,0.027014931513574845,0.002670753340068263,-0.025412970421883403,-0.02975029477025613,0.3349206349206349,0.3974603174603174,1,-0.003474259639903731,-0.0008035062998354679,1,1
D07_light_w20,7,light_probe_w20,82,SOXX,10,210,2024-06-21,2025-04-23,30,-0.303438756357962,-0.10953684636102978,-0.13829138036862962,-0.028754534007599836,-0.21927545671237217,-0.24583462360637404,0.1858730158730159,0.2597460317460317,0,0.19390190999693224,0.1651473759893324,0,0
D07_light_w20,7,light_probe_w20,83,QQQ,11,231,2024-05-24,2025-04-28,30,0.03788093693594541,0.02352067792770555,0.035546892494047334,0.012026214566341783,-0.18620256126856274,-0.18810482551860097,0.3011544011544011,0.37665223665223674,1,-0.014360259008239857,-0.002334044441898074,1,1
D07_light_w20,7,light_probe_w20,84,SOXX,4,84,2025-03-26,2025-07-25,29,0.21967623083558907,0.08166603233309737,0.07695182358655177,-0.004714208746545601,-0.0830621153910326,-0.09159304184874478,0.3091133004926108,0.3459770114942529,0,-0.1380101985024917,-0.1427244072490373,1,1
D07_light_w20,7,light_probe_w20,85,SOXX,3,63,2024-01-12,2024-04-12,29,0.17490145812316005,0.060582022508329274,0.07368494047180883,0.013102917963479559,-0.07771614238565261,-0.08408387365760935,0.3130815544608648,0.42539682539682544,1,-0.11431943561483077,-0.10121651765135121,1,1
D07_light_w20,7,light_probe_w20,86,QQQ,4,84,2025-08-13,2025-12-10,30,0.08270595883887877,-0.0020598467100503243,0.003775267701015424,0.005835114411065748,-0.07138796413813867,-0.08176716280748636,0.2472222222222222,0.33420634920634923,1,-0.0847658055489291,-0.07893069113786334,0,1
D07_light_w20,7,light_probe_w20,87,QQQ,9,189,2025-08-12,2026-05-12,30,0.22380163982039725,-0.006650453236212702,0.021573424781517078,0.02822387801772978,-0.14081880209020553,-0.14795967565412868,0.2324514991181658,0.31195767195767204,1,-0.23045209305660994,-0.20222821503888017,0,1
D07_light_w20,7,light_probe_w20,88,QQQ,3,63,2023-09-06,2023-12-04,30,0.03239382703262561,-0.018888553611716232,-0.010504344435907639,0.008384209175808593,-0.08305897001337256,-0.08755507166185948,0.33492063492063484,0.4154497354497355,1,-0.051282380644341846,-0.04289817146853325,0,0
D07_light_w20,7,light_probe_w20,89,QQQ,6,126,2024-03-08,2024-09-06,30,0.025004402915363988,-0.03556560225580011,-0.031586712226849015,0.003978890028951097,-0.13633623776185416,-0.1392273481804815,0.3309523809523809,0.4017460317460318,1,-0.0605700051711641,-0.056591115142213,0,0
D07_light_w20,7,light_probe_w20,90,SOXX,4,84,2024-02-09,2024-06-10,29,0.16166404920459776,0.028196290271240643,0.04295361193151577,0.014757321660275127,-0.08636595624850572,-0.09558981731973999,0.3066502463054187,0.4014778325123153,1,-0.1334677589333571,-0.11871043727308199,1,1
D07_light_w20,7,light_probe_w20,91,QQQ,6,126,2024-12-26,2025-06-30,30,0.04434109236366246,0.007674866909558949,0.015749889776254675,0.008075022866695727,-0.1278377277741782,-0.1372892035762656,0.2677248677248677,0.3381481481481482,1,-0.03666622545410351,-0.028591202587407785,1,1
D07_light_w20,7,light_probe_w20,92,QQQ,2,42,2024-07-11,2024-09-09,30,-0.07616930887243911,-0.0467009139746296,-0.04430777100057149,0.002393142974058113,-0.06533070513067755,-0.07795954360987198,0.2119047619047619,0.3203174603174603,1,0.02946839489780951,0.03186153787186762,0,0
D07_light_w20,7,light_probe_w20,93,QQQ,8,168,2025-09-04,2026-05-05,30,0.18933459993954838,0.056885856392562835,0.08662969686058558,0.029743840468022746,-0.13213284289849453,-0.13607583584537722,0.26369047619047614,0.3328571428571429,1,-0.13244874354698555,-0.1027049030789628,1,1
D07_light_w20,7,light_probe_w20,94,QQQ,11,231,2023-08-28,2024-07-29,29,0.27358869545907205,0.04338844910070174,0.07177536674697174,0.02838691764627,-0.158549556344278,-0.15311555583498995,0.3985669502910882,0.4616808478877445,1,-0.2302002463583703,-0.2018133287121003,1,1
D07_light_w20,7,light_probe_w20,95,SOXX,2,42,2024-10-18,2024-12-17,29,-0.022397322959222588,0.003232917265875716,-0.000775569817794827,-0.004008487083670543,-0.05504839408824857,-0.07111559243035678,0.18308702791461412,0.26403940886699506,0,0.025630240225098303,0.02162175314142776,1,0
D07_light_w20,7,light_probe_w20,96,QQQ,9,189,2024-06-04,2025-03-06,30,0.0794127343756903,0.07355495139825723,0.08473717452763398,0.01118222312937675,-0.16750932370479174,-0.16766896992030397,0.31957671957671957,0.4049029982363316,1,-0.005857782977433071,0.00532444015194368,1,1
D07_light_w20,7,light_probe_w20,97,SOXX,5,105,2025-12-31,2026-06-02,30,1.0102699251297969,0.20892373089805882,0.31993503023981007,0.11101129934175125,-0.09511111174694611,-0.1100359527577529,0.24095238095238092,0.3514285714285715,1,-0.801346194231738,-0.6903348948899868,1,1
D07_light_w20,7,light_probe_w20,98,QQQ,4,84,2025-02-28,2025-06-30,30,0.08838198760432037,0.04214933024015496,0.041582800930142036,-0.0005665293100129212,-0.0667824189847802,-0.07812534790073992,0.2035714285714286,0.270952380952381,0,-0.04623265736416541,-0.04679918667417833,1,1
D07_light_w20,7,light_probe_w20,99,SOXX,2,42,2026-05-13,2026-07-14,30,0.07552608567751218,0.007353907599346913,0.0041563945403215695,-0.0031975130590253436,-0.019491828187119066,-0.06388153064557943,0.08253968253968254,0.22587301587301592,0,-0.06817217807816527,-0.0713696911371906,1,1
D08_third_w33,8,third_probe_w33,0,SOXX,4,84,2025-01-15,2025-05-15,29,-0.04268264905560459,-0.025716990511332718,-0.05990921056326271,-0.03419222005193,-0.09008269398142583,-0.14165263878062337,0.10139573070607558,0.21545977011494258,0,0.016965658544271876,-0.01722656150765812,0,0
D08_third_w33,8,third_probe_w33,1,SOXX,4,84,2025-11-26,2026-03-30,29,0.06535932477276907,0.13060434817914052,0.15677446525925653,0.026170117080116018,-0.09666914509833963,-0.12178235720573981,0.3259441707717569,0.4722495894909688,1,0.06524502340637145,0.09141514048648747,1,1
D08_third_w33,8,third_probe_w33,2,SOXX,12,252,2024-06-12,2025-06-13,30,-0.11229341109132818,-0.08609364403663103,-0.11521652230615499,-0.029122878269523964,-0.23588366404305075,-0.2777346557262122,0.21468253968253967,0.3329325396825397,0,0.02619976705469715,-0.002923111214826815,0,0
D08_third_w33,8,third_probe_w33,3,QQQ,1,21,2026-01-13,2026-02-11,30,-0.02096638715391519,-0.014627542256874316,-0.0236028654996975,-0.008975323242823184,-0.05458277455918684,-0.06900759482212934,0.4031746031746032,0.4749365079365079,0,0.006338844897040874,-0.00263647834578231,0,0
D08_third_w33,8,third_probe_w33,4,QQQ,8,168,2025-02-28,2025-10-28,30,0.2501946013536971,0.07269972065454076,0.11645179386427443,0.04375207320973366,-0.13812305774620287,-0.149388890712609,0.2779761904761905,0.42235119047619046,1,-0.1774948806991563,-0.13374280748942266,1,1
D08_third_w33,8,third_probe_w33,5,SOXX,3,63,2025-03-10,2025-06-06,29,0.11931811258500846,0.023024491089483737,0.00598221687431878,-0.01704227421516496,-0.027145179397823276,-0.06127819129518919,0.08866995073891625,0.16832512315270934,0,-0.09629362149552473,-0.11333589571068968,1,1
D08_third_w33,8,third_probe_w33,6,SOXX,12,252,2024-10-18,2025-10-21,30,0.27929057935732526,0.08040498987955062,0.10566781074222194,0.025262820862671315,-0.18728003050003003,-0.20810747649520872,0.2891534391534391,0.3961851851851852,1,-0.19888558947777463,-0.17362276861510334,1,1
D08_third_w33,8,third_probe_w33,7,SOXX,5,105,2024-08-02,2024-12-31,30,0.04615473659290337,-0.007383155687375146,-0.010299383072278064,-0.002916227384902918,-0.09986809917066228,-0.12094274790240084,0.15714285714285714,0.27437142857142854,0,-0.05353789228027851,-0.056454119665181435,0,0
D08_third_w33,8,third_probe_w33,8,SOXX,11,231,2024-01-29,2024-12-26,30,0.11728595595420654,-0.014050142007062175,0.0008083631741239679,0.014858505181186143,-0.22765483794891364,-0.24754489234817043,0.2554112554112554,0.39493506493506497,1,-0.13133609796126872,-0.11647759278008257,0,1
D08_third_w33,8,third_probe_w33,9,QQQ,7,147,2025-12-22,2026-07-24,30,0.10761391047221691,0.011967165923700219,0.06470608873767632,0.0527389228139761,-0.11138535137425892,-0.13300567480870495,0.2068027210884354,0.3269047619047619,1,-0.0956467445485167,-0.042907821734540594,1,1
D08_third_w33,8,third_probe_w33,10,SOXX,11,231,2025-04-30,2026-03-31,30,0.7991728873661996,0.24120132927579618,0.370050422021975,0.12884909274617884,-0.18151182396438895,-0.18777503103456014,0.32958152958152964,0.4663910533910533,1,-0.5579715580904034,-0.4291224653442246,1,1
D08_third_w33,8,third_probe_w33,11,SOXX,7,147,2023-12-07,2024-07-10,30,0.5448438251272811,0.15643696946934116,0.21986919842590558,0.06343222895656442,-0.13145231080705216,-0.14307867239022276,0.34852607709750566,0.49534240362811793,1,-0.38840685565794,-0.32497462670137556,1,1
D08_third_w33,8,third_probe_w33,12,QQQ,11,231,2024-03-27,2025-02-27,30,0.12982124242441295,0.006866921906544258,0.024572031994816005,0.017705110088271747,-0.13945240282328086,-0.14482253603602283,0.29913419913419914,0.4152294372294373,1,-0.1229543205178687,-0.10524921042959695,1,1
D08_third_w33,8,third_probe_w33,13,QQQ,10,210,2024-09-30,2025-08-01,30,0.1396406940506143,0.13642248264481188,0.15945256687185957,0.023030084227047692,-0.13907255241929703,-0.16062199208356528,0.29253968253968254,0.4193015873015874,1,-0.003218211405802418,0.019811872821245274,1,1
D08_third_w33,8,third_probe_w33,14,QQQ,9,189,2025-02-11,2025-11-10,30,0.1848421423831519,0.04006495843578965,0.05621454232927445,0.016149583893484795,-0.14697553389521303,-0.15621582349175198,0.3174603174603175,0.443,1,-0.14477718394736222,-0.12862760005387744,1,1
D08_third_w33,8,third_probe_w33,15,SOXX,2,42,2023-11-10,2024-01-11,29,0.1337866151876319,0.0774943989489612,0.08738603166231823,0.009891632713357038,-0.05469737112963862,-0.06373056908101828,0.4778325123152709,0.5637192118226602,1,-0.056292216238670714,-0.04640058352531368,1,1
D08_third_w33,8,third_probe_w33,16,QQQ,8,168,2025-04-17,2025-12-16,30,0.38065075650801794,0.05822628509197105,0.07162817588874172,0.01340189079677067,-0.09045853742073709,-0.11216063918913764,0.22182539682539681,0.3602420634920635,1,-0.3224244714160469,-0.30902258061927623,1,1
D08_third_w33,8,third_probe_w33,17,QQQ,3,63,2023-10-12,2024-01-11,29,0.10935443004554912,0.009703347775665807,0.032623223439384154,0.022919875663718347,-0.07684055243996374,-0.08190691546481574,0.3787629994526547,0.5118828680897646,1,-0.09965108226988331,-0.07673120660616498,1,1
D08_third_w33,8,third_probe_w33,18,SOXX,7,147,2025-06-02,2025-12-30,29,0.4742072430583639,0.08455874395636237,0.17100221881133962,0.08644347485497725,-0.17907138410292056,-0.1754912291568777,0.4133239502697632,0.5368707482993197,1,-0.38964849910200156,-0.30320502424702434,1,1
D08_third_w33,8,third_probe_w33,19,QQQ,2,42,2026-01-20,2026-03-19,30,-0.024734412068352585,-0.003904880697059835,-0.014578108428008241,-0.010673227730948406,-0.04664148075686558,-0.06450198999501514,0.2563492063492063,0.341468253968254,0,0.02082953137129275,0.010156303640344344,0,0
D08_third_w33,8,third_probe_w33,20,QQQ,2,42,2025-12-30,2026-03-02,30,-0.01830706738570409,0.020542259241984707,0.030581362481265036,0.010039103239280329,-0.05202848290647793,-0.06617299858492133,0.3150793650793651,0.4311031746031746,1,0.03884932662768879,0.048888429866969126,1,1
D08_third_w33,8,third_probe_w33,21,QQQ,8,168,2024-02-14,2024-10-14,30,0.15334197720866793,0.01763376201115824,0.04130766334125693,0.02367390133009869,-0.1322396468346643,-0.13850069875482196,0.32797619047619037,0.46711309523809535,1,-0.1357082151975097,-0.112034313867411,1,1
D08_third_w33,8,third_probe_w33,22,QQQ,4,84,2025-10-15,2026-02-13,30,0.000789757805571778,0.041634413714619276,0.054089662174781714,0.012455248460162438,-0.08767623706279756,-0.09842317760490946,0.3873015873015873,0.5071230158730158,1,0.0408446559090475,0.053299904369209936,1,1
D08_third_w33,8,third_probe_w33,23,QQQ,3,63,2026-01-08,2026-04-09,30,-0.0153279984002892,-0.00015153970303823558,0.016298865773313416,0.01645040547635165,-0.07822959166317958,-0.09387263293818465,0.2523809523809524,0.37338095238095226,1,0.015176458697250964,0.031626864173602616,0,1
D08_third_w33,8,third_probe_w33,24,SOXX,5,105,2026-02-10,2026-07-13,30,0.5770256813269112,0.13659686114321096,0.19732439027931106,0.060727529136100106,-0.06750382261710434,-0.11536544607025541,0.12349206349206351,0.33406349206349206,1,-0.4404288201837003,-0.3797012910476002,1,1
D08_third_w33,8,third_probe_w33,25,QQQ,5,105,2026-01-14,2026-06-15,30,0.20238584863226716,0.04480905436171883,0.06862653964742342,0.02381748528570459,-0.0814089650586057,-0.10457419462539128,0.1892063492063492,0.31764444444444456,1,-0.15757679427054833,-0.13375930898484373,1,1
D08_third_w33,8,third_probe_w33,26,QQQ,12,252,2025-01-16,2026-01-16,30,0.21698527291142944,0.0058803715805283464,0.027091460221961152,0.021211088641432806,-0.15853139701677746,-0.1709079307553961,0.27777777777777773,0.40484523809523815,1,-0.2111049013309011,-0.18989381268946828,1,1
D08_third_w33,8,third_probe_w33,27,SOXX,4,84,2026-03-20,2026-07-21,30,0.6629647609934404,0.09246450214498574,0.1920028011561522,0.09953829901116647,-0.045970691350039505,-0.1161769596933462,0.09761904761904759,0.33922619047619046,1,-0.5705002588484547,-0.47096195983728817,1,1
D08_third_w33,8,third_probe_w33,28,SOXX,10,210,2023-09-12,2024-07-12,30,0.6054241699570708,0.16010458794897048,0.24795060281086415,0.08784601486189367,-0.15291596127570126,-0.14554834348208762,0.3422222222222222,0.48103174603174614,1,-0.44531958200810035,-0.3574735671462067,1,1
D08_third_w33,8,third_probe_w33,29,QQQ,10,210,2023-11-02,2024-09-04,29,0.2742635518580856,0.07824104849807687,0.1046783283665951,0.026437279868518238,-0.14724112546969834,-0.15166487627012906,0.4203612479474548,0.5140509031198687,1,-0.19602250336000873,-0.1695852234914905,1,1
D08_third_w33,8,third_probe_w33,30,SOXX,11,231,2025-02-26,2026-01-27,30,0.6222676159829015,0.1711368514401048,0.25197158338061115,0.08083473194050636,-0.19787028190037134,-0.1945372789101173,0.31746031746031744,0.4291746031746032,1,-0.45113076454279666,-0.3702960326022903,1,1
D08_third_w33,8,third_probe_w33,31,SOXX,4,84,2024-11-26,2025-03-31,30,-0.12412360871542705,-0.032152561625399236,-0.041105615484066486,-0.008953053858667251,-0.09531311281221044,-0.12858270513179415,0.17658730158730157,0.33202777777777776,0,0.09197104709002782,0.08301799323136055,0,0
D08_third_w33,8,third_probe_w33,32,SOXX,3,63,2024-07-29,2024-10-24,29,-0.004528432055198928,-0.01717969917744293,-0.02914510031207375,-0.011965401134630817,-0.05077110926622666,-0.07813823831221685,0.09140667761357416,0.21766283524904212,0,-0.012651267122244004,-0.02461666825687482,0,0
D08_third_w33,8,third_probe_w33,33,SOXX,7,147,2025-09-16,2026-04-16,29,0.5731894193346554,0.2428581070521754,0.36647730661962374,0.12361919956744835,-0.1605512081869748,-0.16739454376649335,0.3309875674407695,0.48712409101571663,1,-0.33033131228248,-0.20671211271503165,1,1
D08_third_w33,8,third_probe_w33,34,QQQ,4,84,2024-05-31,2024-09-30,30,0.08613665447903895,-0.02094604149667747,0.0029954324653399273,0.023941473962017394,-0.11243876407913302,-0.11408067266854927,0.3619047619047619,0.4899761904761905,1,-0.10708269597571643,-0.08314122201369903,0,1
D08_third_w33,8,third_probe_w33,35,QQQ,9,189,2025-02-11,2025-11-10,30,0.1848421423831519,0.0778069487759237,0.06925125335436515,-0.008555695421558554,-0.15279406301724527,-0.16303994286026907,0.3052910052910052,0.4211693121693122,0,-0.10703519360722819,-0.11559088902878674,1,1
D08_third_w33,8,third_probe_w33,36,QQQ,3,63,2025-01-14,2025-04-14,30,-0.0928917402537448,-0.014715106421000608,-0.015366237533165527,-0.000651131112164919,-0.0943586033322837,-0.12445315372448403,0.2613756613756614,0.3945978835978836,0,0.0781766338327442,0.07752550272057927,0,0
D08_third_w33,8,third_probe_w33,37,SOXX,10,210,2024-08-26,2025-06-27,30,0.05767020978785542,0.046170386833983716,0.010821376558023177,-0.03534901027596054,-0.14069969891344225,-0.17942642148591317,0.18349206349206346,0.29721111111111115,0,-0.011499822953871704,-0.04684883322983224,1,1
D08_third_w33,8,third_probe_w33,38,SOXX,12,252,2024-07-02,2025-07-03,30,-0.019691750048819512,-0.042699691533501484,-0.07316006035736536,-0.030460368823863875,-0.22362703060876782,-0.27108014467464664,0.1978835978835979,0.3134272486772487,0,-0.023007941484681972,-0.05346831030854585,0,0
D08_third_w33,8,third_probe_w33,39,QQQ,5,105,2024-09-23,2025-02-24,30,0.07798173822976961,0.06547072313479577,0.07677766567040054,0.01130694253560477,-0.09793759599584707,-0.10999224957183837,0.40888888888888886,0.516584126984127,1,-0.012511015094973849,-0.0012040725593690793,1,1
D08_third_w33,8,third_probe_w33,40,QQQ,12,252,2025-05-13,2026-05-13,30,0.3929080380641541,0.10209609867488217,0.14907026146957103,0.046974162794688856,-0.18245185130402916,-0.205273971797236,0.31388888888888894,0.42873412698412694,1,-0.2908119393892719,-0.24383777659458306,1,1
D08_third_w33,8,third_probe_w33,41,SOXX,5,105,2024-12-18,2025-05-21,29,-0.03550491258274213,-0.03958675821020653,-0.07192506848008949,-0.03233831026988296,-0.12360463930904281,-0.16855063546956253,0.1714285714285714,0.2839211822660099,0,-0.0040818456274644005,-0.03642015589734736,0,0
D08_third_w33,8,third_probe_w33,42,QQQ,1,21,2026-06-01,2026-06-30,30,-0.007446386853765863,-0.004137721075456391,0.0028264200164940653,0.006964141091950456,-0.012896127851843646,-0.03100170402393557,0.10793650793650794,0.27660317460317463,1,0.003308665778309472,0.010272806870259929,0,1
D08_third_w33,8,third_probe_w33,43,SOXX,5,105,2025-04-30,2025-09-29,30,0.46913595929254015,0.12020837437946033,0.16930861261009236,0.04910023823063203,-0.11467746009539652,-0.11784666436947032,0.391111111111111,0.4863396825396826,1,-0.34892758491307985,-0.2998273466824478,1,1
D08_third_w33,8,third_probe_w33,44,SOXX,5,105,2024-07-24,2024-12-19,29,-0.07336127646416635,0.014440215493246455,0.004479198965179151,-0.009961016528067305,-0.10254019487332973,-0.1251258784509675,0.1960591133004926,0.3197142857142858,0,0.0878014919574128,0.0778404754293455,1,1
D08_third_w33,8,third_probe_w33,45,SOXX,12,252,2024-03-06,2025-03-07,30,-0.10757483963704584,-0.08439870231549465,-0.08988262097784643,-0.005483918662351775,-0.23166021795046768,-0.25186945714442455,0.24735449735449733,0.38568386243386243,0,0.023176137321551188,0.017692218659199413,0,0
D08_third_w33,8,third_probe_w33,46,SOXX,11,231,2024-02-13,2025-01-14,30,0.07418656590600592,0.02756966561592551,0.053363567071278095,0.025793901455352587,-0.20760107677177955,-0.22851710687457633,0.2522366522366522,0.39271284271284274,1,-0.04661690029008041,-0.020822998834727824,1,1
D08_third_w33,8,third_probe_w33,47,QQQ,12,252,2025-06-12,2026-06-12,30,0.3582275230463974,0.10374190539348917,0.1688273664677666,0.06508546107427744,-0.1650181027476526,-0.18606503559215604,0.28941798941798946,0.41679100529100527,1,-0.2544856176529082,-0.18940015657863077,1,1
D08_third_w33,8,third_probe_w33,48,QQQ,1,21,2025-07-02,2025-07-31,30,0.02579898212369769,0.009147873504681665,0.009824978512522871,0.0006771050078412059,-0.03190240724898848,-0.03903485086841451,0.3682539682539682,0.5023492063492063,1,-0.016651108619016024,-0.01597400361117482,1,1
D08_third_w33,8,third_probe_w33,49,QQQ,6,126,2024-03-22,2024-09-20,30,0.08250098618182977,-0.011823329141226387,0.006384076412927379,0.018207405554153767,-0.1258061830418667,-0.12635818328141896,0.29550264550264543,0.4251455026455027,1,-0.09432431532305616,-0.0761169097689024,0,1
D08_third_w33,8,third_probe_w33,50,QQQ,11,231,2025-04-16,2026-03-18,30,0.3441101199491847,0.036376948153369094,0.06061803647322299,0.024241088319853894,-0.12889573510110175,-0.1445301700940715,0.26536796536796536,0.3841774891774892,1,-0.3077331717958156,-0.2834920834759617,1,1
D08_third_w33,8,third_probe_w33,51,SOXX,12,252,2025-05-09,2026-05-11,30,1.7645874371661052,0.4097080988831326,0.6319402506116947,0.2222321517285621,-0.19101367705129177,-0.19954408051700265,0.3484126984126984,0.47958333333333336,1,-1.3548793382829727,-1.1326471865544105,1,1
D08_third_w33,8,third_probe_w33,52,QQQ,6,126,2024-07-26,2025-01-27,30,0.11403101000835725,0.05681938935261872,0.08985143562812646,0.033032046275507744,-0.12773069541356347,-0.13119737024344877,0.3232804232804233,0.45755026455026454,1,-0.05721162065573853,-0.024179574380230787,1,1
D08_third_w33,8,third_probe_w33,53,SOXX,9,189,2025-02-25,2025-11-21,30,0.27137739698000374,0.056180111741826515,0.06281759295100706,0.006637481209180542,-0.16495208287193883,-0.18291882112411523,0.28395061728395066,0.3941834215167549,1,-0.21519728523817722,-0.20855980402899668,1,1
D08_third_w33,8,third_probe_w33,54,QQQ,10,210,2025-06-10,2026-04-10,30,0.14941279936704488,-0.015405285196039335,-0.023850066326093856,-0.008444781130054521,-0.13625480198106962,-0.15940391916798635,0.2634920634920635,0.3768444444444445,0,-0.16481808456308422,-0.17326286569313873,0,0
D08_third_w33,8,third_probe_w33,55,QQQ,9,189,2024-03-12,2024-12-09,30,0.18252348107739125,0.055664773216138046,0.07595826329874708,0.020293490082609035,-0.12915008536707423,-0.13221174401188585,0.3707231040564374,0.47932627865961197,1,-0.1268587078612532,-0.10656521777864417,1,1
D08_third_w33,8,third_probe_w33,56,SOXX,1,21,2026-03-06,2026-04-06,30,0.06430085839175526,0.002552041162142956,0.01520076563535207,0.012648724473209114,-0.012963321553764555,-0.04901958065567855,0.06984126984126983,0.3186507936507937,1,-0.0617488172296123,-0.04910009275640319,1,1
D08_third_w33,8,third_probe_w33,57,QQQ,11,231,2024-12-30,2025-12-01,30,0.2014930365864087,0.06266015330288494,0.09155472378738443,0.02889457048449949,-0.1598500025072416,-0.1689327390294074,0.2909090909090909,0.41624242424242414,1,-0.13883288328352378,-0.10993831279902429,1,1
D08_third_w33,8,third_probe_w33,58,QQQ,4,84,2025-05-06,2025-09-04,30,0.19622773691571815,0.02277270503400945,0.0340750902809419,0.011302385246932448,-0.07513828177160067,-0.08614322401821885,0.29166666666666663,0.42274999999999985,1,-0.17345503188170872,-0.16215264663477624,1,1
D08_third_w33,8,third_probe_w33,59,SOXX,4,84,2026-02-25,2026-06-25,30,0.7007669266812115,0.09044155816110022,0.23642178029866473,0.1459802221375645,-0.07194405578107436,-0.10508804964758903,0.1384920634920635,0.35246825396825393,1,-0.6103253685201113,-0.4643451463825468,1,1
D08_third_w33,8,third_probe_w33,60,SOXX,1,21,2024-12-26,2025-01-28,29,-0.04487098139039003,-0.03273396754475295,-0.032897995114415005,-0.00016402756966205773,-0.06564789337488112,-0.08446416212429168,0.27586206896551724,0.4221674876847291,0,0.012137013845637083,0.011972986275975026,0,0
D08_third_w33,8,third_probe_w33,61,SOXX,3,63,2024-01-26,2024-04-25,29,0.06710111015930864,0.02188533088741311,0.02283256959545318,0.0009472387080400706,-0.05970782911130342,-0.08858943211960077,0.22167487684729062,0.41151067323481105,1,-0.04521577927189553,-0.04426854056385546,1,1
D08_third_w33,8,third_probe_w33,62,SOXX,3,63,2025-06-20,2025-09-18,29,0.19111850646885342,0.09125785621270052,0.12510955849412997,0.03385170228142945,-0.11324479512224543,-0.11738320674119487,0.48056923918992883,0.5972523262178434,1,-0.0998606502561529,-0.06600894797472345,1,1
D08_third_w33,8,third_probe_w33,63,QQQ,3,63,2025-10-01,2025-12-30,30,0.0281443024583361,-0.007672257166568985,-0.0045025970597796,0.003169660106789385,-0.057252876515231955,-0.06725584594336045,0.25661375661375657,0.35543915343915344,1,-0.035816559624905084,-0.0326468995181157,0,0
D08_third_w33,8,third_probe_w33,64,QQQ,2,42,2024-06-12,2024-08-12,30,-0.046509750935051275,-0.030689981486153213,-0.024218478226017175,0.006471503260136038,-0.07187451483260328,-0.08402616241360299,0.3507936507936508,0.4867222222222223,1,0.015819769448898062,0.0222912727090341,0,0
D08_third_w33,8,third_probe_w33,65,SOXX,7,147,2024-03-27,2024-10-24,29,0.010917916153216245,-0.017449618185238974,-0.015700852063336306,0.0017487661219026673,-0.1614083097554402,-0.18277017924130476,0.2629603565564157,0.39556415669716166,1,-0.02836753433845522,-0.02661876821655255,0,0
D08_third_w33,8,third_probe_w33,66,QQQ,7,147,2024-06-18,2025-01-17,30,0.0802486743430566,0.00029853127965911254,0.030053591645176122,0.02975506036551701,-0.13011363603454423,-0.1305029244626473,0.35124716553287977,0.46162131519274374,1,-0.0799501430633975,-0.05019508269788048,1,1
D08_third_w33,8,third_probe_w33,67,SOXX,6,126,2025-02-27,2025-08-27,30,0.2288069130259598,0.09602472964249355,0.09576046529110152,-0.00026426435139202675,-0.11061219488937407,-0.1370831098950037,0.3126984126984126,0.401047619047619,0,-0.13278218338346626,-0.13304644773485827,1,1
D08_third_w33,8,third_probe_w33,68,SOXX,2,42,2026-01-27,2026-03-26,30,-0.06274182234420844,0.0032193452924548414,-0.00501880479340487,-0.008238150085859711,-0.05896621171963992,-0.09055767900777914,0.19920634920634922,0.3773015873015873,0,0.06596116763666328,0.05772301755080357,1,0
D08_third_w33,8,third_probe_w33,69,SOXX,8,168,2025-08-27,2026-04-28,30,0.752796897064234,0.17512795042041496,0.3122963291137205,0.13716837869330556,-0.17448596435949304,-0.1838648266855535,0.31924603174603183,0.47658531746031757,1,-0.5776689466438191,-0.4405005679505135,1,1
D08_third_w33,8,third_probe_w33,70,SOXX,5,105,2024-09-20,2025-02-21,29,0.005406814450626518,0.003468495639504155,0.005003180369292696,0.0015346847297885405,-0.09789538854854749,-0.1184102439787045,0.187192118226601,0.3263448275862069,1,-0.001938318811122363,-0.0004036340813338224,1,1
D08_third_w33,8,third_probe_w33,71,SOXX,4,84,2025-09-17,2026-01-15,29,0.30628589985012833,0.09548057248306517,0.15311741542973847,0.0576368429466733,-0.13684856978281387,-0.14768648276095825,0.3788998357963875,0.5124712643678161,1,-0.21080532736706314,-0.15316848442038986,1,1
D08_third_w33,8,third_probe_w33,72,QQQ,4,84,2025-06-23,2025-10-20,30,0.1516013225816759,0.03716667462224955,0.05251554587611507,0.015348871253865526,-0.08772548229479836,-0.09847406630828276,0.3146825396825397,0.4377777777777777,1,-0.11443464795942637,-0.09908577670556085,1,1
D08_third_w33,8,third_probe_w33,73,SOXX,10,210,2023-11-28,2024-09-27,30,0.3732977081618618,0.06661678645753953,0.09249415347174386,0.02587736701420433,-0.18894426088698602,-0.19998128023846412,0.3076190476190476,0.44260476190476195,1,-0.30668092170432226,-0.280803554690118,1,1
D08_third_w33,8,third_probe_w33,74,QQQ,9,189,2025-04-09,2026-01-08,30,0.33624069066151074,0.13339435324806054,0.17386644771094753,0.04047209446288699,-0.1364775405035114,-0.145976055715278,0.35555555555555557,0.4610158730158729,1,-0.2028463374134502,-0.1623742429505632,1,1
D08_third_w33,8,third_probe_w33,75,QQQ,12,252,2024-12-19,2025-12-22,30,0.21234993913837386,0.07282488524533995,0.11199346652381849,0.03916858127847854,-0.15411353549119883,-0.18156776056441082,0.2826719576719577,0.4018822751322751,1,-0.1395250538930339,-0.10035647261455537,1,1
D08_third_w33,8,third_probe_w33,76,SOXX,5,105,2024-05-10,2024-10-09,29,0.07166292185798206,0.014436981495001656,0.005329422583690398,-0.009107558911311257,-0.12451546382428642,-0.15909949029315398,0.25155993431855495,0.378791461412151,0,-0.05722594036298041,-0.06633349927429166,1,1
D08_third_w33,8,third_probe_w33,77,SOXX,8,168,2025-08-01,2026-04-01,30,0.4329721592393472,0.15866805757439584,0.23324889542822916,0.07458083785383332,-0.18501848805024199,-0.18689200593348773,0.3426587301587301,0.49489087301587303,1,-0.27430410166495134,-0.19972326381111802,1,1
D08_third_w33,8,third_probe_w33,78,QQQ,7,147,2025-11-12,2026-06-15,30,0.20096913413608264,-0.018947353643036353,0.03321075087725157,0.05215810452028792,-0.12973603679726417,-0.14026565514456674,0.2376417233560091,0.3637301587301588,1,-0.21991648777911899,-0.16775838325883108,0,1
D08_third_w33,8,third_probe_w33,79,SOXX,9,189,2023-12-14,2024-09-16,30,0.16790498618580796,0.0008636282377531334,0.008250235295061924,0.007386607057308791,-0.1882736533618384,-0.2008299389887216,0.3310405643738977,0.47054850088183425,1,-0.16704135794805483,-0.15965475089074604,1,1
D08_third_w33,8,third_probe_w33,80,QQQ,6,126,2024-01-19,2024-07-19,30,0.13164162035706783,0.01752199700392435,0.03389772217819672,0.016375725174272368,-0.11178035471042873,-0.12367431320786583,0.32089947089947096,0.44914550264550257,1,-0.11411962335314349,-0.09774389817887111,1,1
D08_third_w33,8,third_probe_w33,81,QQQ,1,21,2024-11-13,2024-12-12,30,0.027818437813410313,0.02434417817350658,0.028755757588308107,0.004411579414801525,-0.025412970421883403,-0.03266472588922403,0.3349206349206349,0.4381111111111112,1,-0.003474259639903731,0.0009373197748977942,1,1
D08_third_w33,8,third_probe_w33,82,SOXX,10,210,2024-06-21,2025-04-23,30,-0.303438756357962,-0.10953684636102978,-0.15777744733871332,-0.04824060097768354,-0.21927545671237217,-0.27044048006594684,0.1858730158730159,0.30776349206349213,0,0.19390190999693224,0.1456613090192487,0,0
D08_third_w33,8,third_probe_w33,83,QQQ,11,231,2024-05-24,2025-04-28,30,0.03788093693594541,0.02352067792770555,0.04323570286397152,0.01971502493626597,-0.18620256126856274,-0.19594259706060416,0.3011544011544011,0.4257258297258299,1,-0.014360259008239857,0.005354765928026112,1,1
D08_third_w33,8,third_probe_w33,84,SOXX,4,84,2025-03-26,2025-07-25,29,0.21967623083558907,0.08166603233309737,0.07385341854084787,-0.007812613792249498,-0.0830621153910326,-0.09943236429938859,0.3091133004926108,0.36993842364532026,0,-0.1380101985024917,-0.1458228122947412,1,1
D08_third_w33,8,third_probe_w33,85,SOXX,3,63,2024-01-12,2024-04-12,29,0.17490145812316005,0.060582022508329274,0.0818528393803554,0.021270816872026123,-0.07771614238565261,-0.09022686472796447,0.3130815544608648,0.49840175150519966,1,-0.11431943561483077,-0.09304861874280465,1,1
D08_third_w33,8,third_probe_w33,86,QQQ,4,84,2025-08-13,2025-12-10,30,0.08270595883887877,-0.0020598467100503243,0.0077589517498556915,0.009818798459906016,-0.07138796413813867,-0.09025895279579293,0.2472222222222222,0.3907460317460317,1,-0.0847658055489291,-0.07494700708902308,0,1
D08_third_w33,8,third_probe_w33,87,QQQ,9,189,2025-08-12,2026-05-12,30,0.22380163982039725,-0.006650453236212702,0.042394319335218304,0.04904477257143101,-0.14081880209020553,-0.15707859630823737,0.2324514991181658,0.363636684303351,1,-0.23045209305660994,-0.18140732048517894,0,1
D08_third_w33,8,third_probe_w33,88,QQQ,3,63,2023-09-06,2023-12-04,30,0.03239382703262561,-0.018888553611716232,-0.0050518650990679535,0.013836688512648278,-0.08305897001337256,-0.09251625548887553,0.33492063492063484,0.46779365079365076,1,-0.051282380644341846,-0.03744569213169356,0,0
D08_third_w33,8,third_probe_w33,89,QQQ,6,126,2024-03-08,2024-09-06,30,0.025004402915363988,-0.03556560225580011,-0.029047957889953,0.0065176443658471125,-0.13633623776185416,-0.1426002507508273,0.3309523809523809,0.4477619047619047,1,-0.0605700051711641,-0.05405236080531699,0,0
D08_third_w33,8,third_probe_w33,90,SOXX,4,84,2024-02-09,2024-06-10,29,0.16166404920459776,0.028196290271240643,0.052428297043798276,0.024232006772557633,-0.08636595624850572,-0.10401674003334259,0.3066502463054187,0.463115763546798,1,-0.1334677589333571,-0.10923575216079948,1,1
D08_third_w33,8,third_probe_w33,91,QQQ,6,126,2024-12-26,2025-06-30,30,0.04434109236366246,0.007674866909558949,0.021088967023413518,0.01341410011385457,-0.1278377277741782,-0.14771173332658277,0.2677248677248677,0.3839232804232805,1,-0.03666622545410351,-0.023252125340248942,1,1
D08_third_w33,8,third_probe_w33,92,QQQ,2,42,2024-07-11,2024-09-09,30,-0.07616930887243911,-0.0467009139746296,-0.04274468716057962,0.00395622681404998,-0.06533070513067755,-0.08658541074886074,0.2119047619047619,0.39078571428571424,1,0.02946839489780951,0.03342462171185949,0,0
D08_third_w33,8,third_probe_w33,93,QQQ,8,168,2025-09-04,2026-05-05,30,0.18933459993954838,0.056885856392562835,0.10694435890693188,0.050058502514369045,-0.13213284289849453,-0.14132221024551175,0.26369047619047614,0.3778154761904763,1,-0.13244874354698555,-0.0823902410326165,1,1
D08_third_w33,8,third_probe_w33,94,QQQ,11,231,2023-08-28,2024-07-29,29,0.27358869545907205,0.04338844910070174,0.0904604114224254,0.047071962321723664,-0.158549556344278,-0.15386366778838062,0.3985669502910882,0.502704881325571,1,-0.2302002463583703,-0.18312828403664666,1,1
D08_third_w33,8,third_probe_w33,95,SOXX,2,42,2024-10-18,2024-12-17,29,-0.022397322959222588,0.003232917265875716,-0.003420636387435777,-0.006653553653311493,-0.05504839408824857,-0.08322490190890551,0.18308702791461412,0.3166584564860427,0,0.025630240225098303,0.018976686571786812,1,0
D08_third_w33,8,third_probe_w33,96,QQQ,9,189,2024-06-04,2025-03-06,30,0.0794127343756903,0.07355495139825723,0.09165327254762067,0.01809832114936344,-0.16750932370479174,-0.17225021270869176,0.31957671957671957,0.46036507936507937,1,-0.005857782977433071,0.012240538171930368,1,1
D08_third_w33,8,third_probe_w33,97,SOXX,5,105,2025-12-31,2026-06-02,30,1.0102699251297969,0.20892373089805882,0.398638200540126,0.18971446964206717,-0.09511111174694611,-0.12299209417001458,0.24095238095238092,0.42323809523809525,1,-0.801346194231738,-0.6116317245896709,1,1
D08_third_w33,8,third_probe_w33,98,QQQ,4,84,2025-02-28,2025-06-30,30,0.08838198760432037,0.04214933024015496,0.041235950020298735,-0.0009133802198562219,-0.0667824189847802,-0.08907371834319464,0.2035714285714286,0.31475,0,-0.04623265736416541,-0.04714603758402163,1,1
D08_third_w33,8,third_probe_w33,99,SOXX,2,42,2026-05-13,2026-07-14,30,0.07552608567751218,0.007353907599346913,0.000907170986375816,-0.006446736612971097,-0.019491828187119066,-0.09322604836343905,0.08253968253968254,0.3190396825396825,0,-0.06817217807816527,-0.07461891469113636,1,1
D09_lb40,9,dd_lookback40,0,SOXX,4,84,2025-01-15,2025-05-15,29,-0.04268264905560459,-0.025716990511332718,-0.05297307503342398,-0.027256084522091262,-0.09008269398142583,-0.13061160731293506,0.10139573070607558,0.1911945812807882,0,0.016965658544271876,-0.010290425977819387,0,0
D09_lb40,9,dd_lookback40,1,SOXX,4,84,2025-11-26,2026-03-30,29,0.06535932477276907,0.13060434817914052,0.15357524482118282,0.0229708966420423,-0.09666914509833963,-0.1137257766373,0.3259441707717569,0.44047619047619047,1,0.06524502340637145,0.08821592004841375,1,1
D09_lb40,9,dd_lookback40,2,SOXX,12,252,2024-06-12,2025-06-13,30,-0.11229341109132818,-0.08609364403663103,-0.10548375776302804,-0.019390113726397012,-0.23588366404305075,-0.26623588621295147,0.21468253968253967,0.31712962962962965,0,0.02619976705469715,0.006809653328300136,0,0
D09_lb40,9,dd_lookback40,3,QQQ,1,21,2026-01-13,2026-02-11,30,-0.02096638715391519,-0.014627542256874316,-0.021607363969023966,-0.006979821712149651,-0.05458277455918684,-0.0657138537275795,0.4031746031746032,0.45912698412698405,0,0.006338844897040874,-0.000640976815108777,0,0
D09_lb40,9,dd_lookback40,4,QQQ,8,168,2025-02-28,2025-10-28,30,0.2501946013536971,0.07269972065454076,0.11037050985970964,0.03767078920516888,-0.13812305774620287,-0.14316915877521544,0.2779761904761905,0.3898809523809524,1,-0.1774948806991563,-0.13982409149398745,1,1
D09_lb40,9,dd_lookback40,5,SOXX,3,63,2025-03-10,2025-06-06,29,0.11931811258500846,0.023024491089483737,0.011451942765606349,-0.011572548323877389,-0.027145179397823276,-0.05666767698712424,0.08866995073891625,0.16803503010399565,0,-0.09629362149552473,-0.10786616981940211,1,1
D09_lb40,9,dd_lookback40,6,SOXX,12,252,2024-10-18,2025-10-21,30,0.27929057935732526,0.08040498987955062,0.10400789489737168,0.023602905017821058,-0.18728003050003003,-0.1980481789584463,0.2891534391534391,0.3820767195767196,1,-0.19888558947777463,-0.1752826844599536,1,1
D09_lb40,9,dd_lookback40,7,SOXX,5,105,2024-08-02,2024-12-31,30,0.04615473659290337,-0.007383155687375146,-0.007937922881555289,-0.0005547671941801427,-0.09986809917066228,-0.11591723514104804,0.15714285714285714,0.2538095238095238,0,-0.05353789228027851,-0.054092659474458654,0,0
D09_lb40,9,dd_lookback40,8,SOXX,11,231,2024-01-29,2024-12-26,30,0.11728595595420654,-0.014050142007062175,0.0014975814425528904,0.015547723449615065,-0.22765483794891364,-0.2389436229787226,0.2554112554112554,0.36875901875901873,1,-0.13133609796126872,-0.11578837451165365,0,1
D09_lb40,9,dd_lookback40,9,QQQ,7,147,2025-12-22,2026-07-24,30,0.10761391047221691,0.011967165923700219,0.04995392405120849,0.03798675812750828,-0.11138535137425892,-0.12666730794541162,0.2068027210884354,0.3027777777777778,1,-0.0956467445485167,-0.05765998642100842,1,1
D09_lb40,9,dd_lookback40,10,SOXX,11,231,2025-04-30,2026-03-31,30,0.7991728873661996,0.24120132927579618,0.34452021025144397,0.10331888097564779,-0.18151182396438895,-0.18469054183555392,0.32958152958152964,0.4417388167388167,1,-0.5579715580904034,-0.45465267711475565,1,1
D09_lb40,9,dd_lookback40,11,SOXX,7,147,2023-12-07,2024-07-10,30,0.5448438251272811,0.15643696946934116,0.20975639683575129,0.05331942736641013,-0.13145231080705216,-0.13841278713750957,0.34852607709750566,0.4656462585034013,1,-0.38840685565794,-0.3350874282915298,1,1
D09_lb40,9,dd_lookback40,12,QQQ,11,231,2024-03-27,2025-02-27,30,0.12982124242441295,0.006866921906544258,0.020626243265657998,0.01375932135911374,-0.13945240282328086,-0.1396930936185727,0.29913419913419914,0.38225108225108223,1,-0.1229543205178687,-0.10919499915875495,1,1
D09_lb40,9,dd_lookback40,13,QQQ,10,210,2024-09-30,2025-08-01,30,0.1396406940506143,0.13642248264481188,0.15902840927267,0.022605926627858125,-0.13907255241929703,-0.14917085273776884,0.29253968253968254,0.3953571428571429,1,-0.003218211405802418,0.019387715222055707,1,1
D09_lb40,9,dd_lookback40,14,QQQ,9,189,2025-02-11,2025-11-10,30,0.1848421423831519,0.04006495843578965,0.05762246095646841,0.01755750252067876,-0.14697553389521303,-0.14748446099198834,0.3174603174603175,0.41803350970017633,1,-0.14477718394736222,-0.12721968142668347,1,1
D09_lb40,9,dd_lookback40,15,SOXX,2,42,2023-11-10,2024-01-11,29,0.1337866151876319,0.0774943989489612,0.08567782883680325,0.008183429887842056,-0.05469737112963862,-0.06311656428109474,0.4778325123152709,0.5543924466338259,1,-0.056292216238670714,-0.04810878635082866,1,1
D09_lb40,9,dd_lookback40,16,QQQ,8,168,2025-04-17,2025-12-16,30,0.38065075650801794,0.05822628509197105,0.07344854280775442,0.015222257715783373,-0.09045853742073709,-0.10693399031748889,0.22182539682539681,0.33769841269841266,1,-0.3224244714160469,-0.3072022137002635,1,1
D09_lb40,9,dd_lookback40,17,QQQ,3,63,2023-10-12,2024-01-11,29,0.10935443004554912,0.009703347775665807,0.03361352621988799,0.02391017844422218,-0.07684055243996374,-0.07866813776007248,0.3787629994526547,0.4860426929392446,1,-0.09965108226988331,-0.07574090382566113,1,1
D09_lb40,9,dd_lookback40,18,SOXX,7,147,2025-06-02,2025-12-30,29,0.4742072430583639,0.08455874395636237,0.1539825764552825,0.06942383249892012,-0.17907138410292056,-0.17416815779622305,0.4133239502697632,0.5147783251231527,1,-0.38964849910200156,-0.32022466660308146,1,1
D09_lb40,9,dd_lookback40,19,QQQ,2,42,2026-01-20,2026-03-19,30,-0.024734412068352585,-0.003904880697059835,-0.013130092585686788,-0.009225211888626954,-0.04664148075686558,-0.06257677716473971,0.2563492063492063,0.325,0,0.02082953137129275,0.011604319482665796,0,0
D09_lb40,9,dd_lookback40,20,QQQ,2,42,2025-12-30,2026-03-02,30,-0.01830706738570409,0.020542259241984707,0.025909088554569488,0.005366829312584781,-0.05202848290647793,-0.06465068834442432,0.3150793650793651,0.40456349206349207,1,0.03884932662768879,0.044216155940273574,1,1
D09_lb40,9,dd_lookback40,21,QQQ,8,168,2024-02-14,2024-10-14,30,0.15334197720866793,0.01763376201115824,0.0326142009434703,0.01498043893231206,-0.1322396468346643,-0.13552647853036776,0.32797619047619037,0.4245039682539683,1,-0.1357082151975097,-0.12072777626519764,1,1
D09_lb40,9,dd_lookback40,22,QQQ,4,84,2025-10-15,2026-02-13,30,0.000789757805571778,0.041634413714619276,0.05523952215825041,0.013605108443631136,-0.08767623706279756,-0.09467441816997821,0.3873015873015873,0.4864087301587301,1,0.0408446559090475,0.054449764352678634,1,1
D09_lb40,9,dd_lookback40,23,QQQ,3,63,2026-01-08,2026-04-09,30,-0.0153279984002892,-0.00015153970303823558,0.01042760802593014,0.010579147728968376,-0.07822959166317958,-0.09269816451425453,0.2523809523809524,0.3466931216931216,1,0.015176458697250964,0.025755606426219338,0,1
D09_lb40,9,dd_lookback40,24,SOXX,5,105,2026-02-10,2026-07-13,30,0.5770256813269112,0.13659686114321096,0.18495821739289534,0.04836135624968438,-0.06750382261710434,-0.10218399076160427,0.12349206349206351,0.28484126984126984,1,-0.4404288201837003,-0.3920674639340159,1,1
D09_lb40,9,dd_lookback40,25,QQQ,5,105,2026-01-14,2026-06-15,30,0.20238584863226716,0.04480905436171883,0.05995219959110873,0.0151431452293899,-0.0814089650586057,-0.10156503719867106,0.1892063492063492,0.2923809523809524,1,-0.15757679427054833,-0.14243364904115843,1,1
D09_lb40,9,dd_lookback40,26,QQQ,12,252,2025-01-16,2026-01-16,30,0.21698527291142944,0.0058803715805283464,0.02158541229709555,0.015705040716567205,-0.15853139701677746,-0.1654917554110016,0.27777777777777773,0.3787367724867725,1,-0.2111049013309011,-0.1953998606143339,1,1
D09_lb40,9,dd_lookback40,27,SOXX,4,84,2026-03-20,2026-07-21,30,0.6629647609934404,0.09246450214498574,0.168065500529714,0.07560099838472827,-0.045970691350039505,-0.09678863996021603,0.09761904761904759,0.28055555555555556,1,-0.5705002588484547,-0.49489926046372634,1,1
D09_lb40,9,dd_lookback40,28,SOXX,10,210,2023-09-12,2024-07-12,30,0.6054241699570708,0.16010458794897048,0.22654677619176375,0.06644218824279327,-0.15291596127570126,-0.14394990599695306,0.3422222222222222,0.45289682539682535,1,-0.44531958200810035,-0.37887739376530705,1,1
D09_lb40,9,dd_lookback40,29,QQQ,10,210,2023-11-02,2024-09-04,29,0.2742635518580856,0.07824104849807687,0.10478713775527415,0.026546089257197286,-0.14724112546969834,-0.1474653688632171,0.4203612479474548,0.4955665024630543,1,-0.19602250336000873,-0.16947641410281145,1,1
D09_lb40,9,dd_lookback40,30,SOXX,11,231,2025-02-26,2026-01-27,30,0.6222676159829015,0.1711368514401048,0.23503117309296936,0.06389432165286457,-0.19787028190037134,-0.19240023105931214,0.31746031746031744,0.41067821067821075,1,-0.45113076454279666,-0.3872364428899321,1,1
D09_lb40,9,dd_lookback40,31,SOXX,4,84,2024-11-26,2025-03-31,30,-0.12412360871542705,-0.032152561625399236,-0.03842587155712114,-0.006273309931721906,-0.09531311281221044,-0.11766131849326705,0.17658730158730157,0.30178571428571427,0,0.09197104709002782,0.0856977371583059,0,0
D09_lb40,9,dd_lookback40,32,SOXX,3,63,2024-07-29,2024-10-24,29,-0.004528432055198928,-0.01717969917744293,-0.027649138235432063,-0.010469439057989131,-0.05077110926622666,-0.07363022777637748,0.09140667761357416,0.19978106185002736,0,-0.012651267122244004,-0.023120706180233135,0,0
D09_lb40,9,dd_lookback40,33,SOXX,7,147,2025-09-16,2026-04-16,29,0.5731894193346554,0.2428581070521754,0.33505783475281403,0.09219972770063864,-0.1605512081869748,-0.16352289401111048,0.3309875674407695,0.4495660333098757,1,-0.33033131228248,-0.23813158458184136,1,1
D09_lb40,9,dd_lookback40,34,QQQ,4,84,2024-05-31,2024-09-30,30,0.08613665447903895,-0.02094604149667747,-0.0005178517832790219,0.020428189713398447,-0.11243876407913302,-0.1135600488393683,0.3619047619047619,0.4580357142857142,1,-0.10708269597571643,-0.08665450626231798,0,0
D09_lb40,9,dd_lookback40,35,QQQ,9,189,2025-02-11,2025-11-10,30,0.1848421423831519,0.0778069487759237,0.07644696696576402,-0.0013599818101596856,-0.15279406301724527,-0.1560076749924777,0.3052910052910052,0.4011463844797178,0,-0.10703519360722819,-0.10839517541738787,1,1
D09_lb40,9,dd_lookback40,36,QQQ,3,63,2025-01-14,2025-04-14,30,-0.0928917402537448,-0.014715106421000608,-0.015331690896607405,-0.0006165844756067969,-0.0943586033322837,-0.11632049536684115,0.2613756613756614,0.3585978835978835,0,0.0781766338327442,0.0775600493571374,0,0
D09_lb40,9,dd_lookback40,37,SOXX,10,210,2024-08-26,2025-06-27,30,0.05767020978785542,0.046170386833983716,0.0275151533520914,-0.018655233481892314,-0.14069969891344225,-0.16750200704581406,0.18349206349206346,0.2876190476190476,0,-0.011499822953871704,-0.030155056435764018,1,1
D09_lb40,9,dd_lookback40,38,SOXX,12,252,2024-07-02,2025-07-03,30,-0.019691750048819512,-0.042699691533501484,-0.06414636062045624,-0.021446669086954757,-0.22362703060876782,-0.25585805866271166,0.1978835978835979,0.2943121693121693,0,-0.023007941484681972,-0.04445461057163673,0,0
D09_lb40,9,dd_lookback40,39,QQQ,5,105,2024-09-23,2025-02-24,30,0.07798173822976961,0.06547072313479577,0.07453784653477034,0.009067123399974578,-0.09793759599584707,-0.1055578412464962,0.40888888888888886,0.4902380952380952,1,-0.012511015094973849,-0.003443891694999271,1,1
D09_lb40,9,dd_lookback40,40,QQQ,12,252,2025-05-13,2026-05-13,30,0.3929080380641541,0.10209609867488217,0.14083940043318674,0.038743301758304566,-0.18245185130402916,-0.201364215347955,0.31388888888888894,0.41147486772486774,1,-0.2908119393892719,-0.2520686376309673,1,1
D09_lb40,9,dd_lookback40,41,SOXX,5,105,2024-12-18,2025-05-21,29,-0.03550491258274213,-0.03958675821020653,-0.06203244595214073,-0.0224456877419342,-0.12360463930904281,-0.15860871539598617,0.1714285714285714,0.26330049261083743,0,-0.0040818456274644005,-0.0265275333693986,0,0
D09_lb40,9,dd_lookback40,42,QQQ,1,21,2026-06-01,2026-06-30,30,-0.007446386853765863,-0.004137721075456391,0.0016618941394382987,0.00579961521489469,-0.012896127851843646,-0.02780237593292025,0.10793650793650794,0.248015873015873,1,0.003308665778309472,0.009108280993204161,0,1
D09_lb40,9,dd_lookback40,43,SOXX,5,105,2025-04-30,2025-09-29,30,0.46913595929254015,0.12020837437946033,0.16290004662667965,0.042691672247219314,-0.11467746009539652,-0.11790706529846094,0.391111111111111,0.4838888888888889,1,-0.34892758491307985,-0.3062359126658605,1,1
D09_lb40,9,dd_lookback40,44,SOXX,5,105,2024-07-24,2024-12-19,29,-0.07336127646416635,0.014440215493246455,0.009130224810069539,-0.005309990683176917,-0.10254019487332973,-0.11751607719245762,0.1960591133004926,0.30016420361247953,0,0.0878014919574128,0.08249150127423588,1,1
D09_lb40,9,dd_lookback40,45,SOXX,12,252,2024-03-06,2025-03-07,30,-0.10757483963704584,-0.08439870231549465,-0.0846658310221561,-0.00026712870666144306,-0.23166021795046768,-0.2434360531456982,0.24735449735449733,0.3569444444444444,0,0.023176137321551188,0.022909008614889745,0,0
D09_lb40,9,dd_lookback40,46,SOXX,11,231,2024-02-13,2025-01-14,30,0.07418656590600592,0.02756966561592551,0.05133746064238513,0.023767795026459624,-0.20760107677177955,-0.2194797590892409,0.2522366522366522,0.3651154401154401,1,-0.04661690029008041,-0.022849105263620786,1,1
D09_lb40,9,dd_lookback40,47,QQQ,12,252,2025-06-12,2026-06-12,30,0.3582275230463974,0.10374190539348917,0.15570732203177495,0.051965416638285786,-0.1650181027476526,-0.18216301681248587,0.28941798941798946,0.39771825396825394,1,-0.2544856176529082,-0.20252020101462243,1,1
D09_lb40,9,dd_lookback40,48,QQQ,1,21,2025-07-02,2025-07-31,30,0.02579898212369769,0.009147873504681665,0.010141650450159,0.0009937769454773353,-0.03190240724898848,-0.037805884309620494,0.3682539682539682,0.48174603174603176,1,-0.016651108619016024,-0.015657331673538687,1,1
D09_lb40,9,dd_lookback40,49,QQQ,6,126,2024-03-22,2024-09-20,30,0.08250098618182977,-0.011823329141226387,0.0016472031590773447,0.013470532300303732,-0.1258061830418667,-0.12568445030581313,0.29550264550264543,0.3888227513227513,1,-0.09432431532305616,-0.08085378302275242,0,1
D09_lb40,9,dd_lookback40,50,QQQ,11,231,2025-04-16,2026-03-18,30,0.3441101199491847,0.036376948153369094,0.0682713919987293,0.0318944438453602,-0.12889573510110175,-0.13872789299981977,0.26536796536796536,0.369047619047619,1,-0.3077331717958156,-0.27583872795045544,1,1
D09_lb40,9,dd_lookback40,51,SOXX,12,252,2025-05-09,2026-05-11,30,1.7645874371661052,0.4097080988831326,0.5758340735337428,0.16612597465061024,-0.19101367705129177,-0.19324715140071752,0.3484126984126984,0.4550595238095239,1,-1.3548793382829727,-1.1887533636323624,1,1
D09_lb40,9,dd_lookback40,52,QQQ,6,126,2024-07-26,2025-01-27,30,0.11403101000835725,0.05681938935261872,0.0851360610196225,0.02831667166700378,-0.12773069541356347,-0.1296165802505629,0.3232804232804233,0.4255952380952381,1,-0.05721162065573853,-0.02889494898873475,1,1
D09_lb40,9,dd_lookback40,53,SOXX,9,189,2025-02-25,2025-11-21,30,0.27137739698000374,0.056180111741826515,0.06762732987057589,0.011447218128749374,-0.16495208287193883,-0.17555220557070447,0.28395061728395066,0.37998236331569674,1,-0.21519728523817722,-0.20375006710942783,1,1
D09_lb40,9,dd_lookback40,54,QQQ,10,210,2025-06-10,2026-04-10,30,0.14941279936704488,-0.015405285196039335,-0.023663570205865226,-0.00825828500982589,-0.13625480198106962,-0.15397749295442395,0.2634920634920635,0.35039682539682543,0,-0.16481808456308422,-0.17307636957291012,0,0
D09_lb40,9,dd_lookback40,55,QQQ,9,189,2024-03-12,2024-12-09,30,0.18252348107739125,0.055664773216138046,0.06929118705663134,0.013626413840493297,-0.12915008536707423,-0.12931528633254424,0.3707231040564374,0.4513227513227513,1,-0.1268587078612532,-0.1132322940207599,1,1
D09_lb40,9,dd_lookback40,56,SOXX,1,21,2026-03-06,2026-04-06,30,0.06430085839175526,0.002552041162142956,0.012626210655494597,0.010074169493351642,-0.012963321553764555,-0.039966864555208766,0.06984126984126983,0.2551587301587302,1,-0.0617488172296123,-0.05167464773626066,1,1
D09_lb40,9,dd_lookback40,57,QQQ,11,231,2024-12-30,2025-12-01,30,0.2014930365864087,0.06266015330288494,0.0904869394432952,0.02782678614041026,-0.1598500025072416,-0.16012334295568825,0.2909090909090909,0.39191919191919194,1,-0.13883288328352378,-0.11100609714311352,1,1
D09_lb40,9,dd_lookback40,58,QQQ,4,84,2025-05-06,2025-09-04,30,0.19622773691571815,0.02277270503400945,0.035216309595735816,0.012443604561726367,-0.07513828177160067,-0.08295268293792761,0.29166666666666663,0.39930555555555547,1,-0.17345503188170872,-0.16101142731998233,1,1
D09_lb40,9,dd_lookback40,59,SOXX,4,84,2026-02-25,2026-06-25,30,0.7007669266812115,0.09044155816110022,0.2010172969942345,0.11057573883313429,-0.07194405578107436,-0.09628387819982374,0.1384920634920635,0.3028769841269841,1,-0.6103253685201113,-0.499749629686977,1,1
D09_lb40,9,dd_lookback40,60,SOXX,1,21,2024-12-26,2025-01-28,29,-0.04487098139039003,-0.03273396754475295,-0.03183304586487846,0.000900921679874489,-0.06564789337488112,-0.07977941749826373,0.27586206896551724,0.3957307060755337,1,0.012137013845637083,0.013037935525511572,0,0
D09_lb40,9,dd_lookback40,61,SOXX,3,63,2024-01-26,2024-04-25,29,0.06710111015930864,0.02188533088741311,0.023647386370929894,0.0017620554835167841,-0.05970782911130342,-0.0819023088859031,0.22167487684729062,0.37041598248494795,1,-0.04521577927189553,-0.04345372378837875,1,1
D09_lb40,9,dd_lookback40,62,SOXX,3,63,2025-06-20,2025-09-18,29,0.19111850646885342,0.09125785621270052,0.1171786711777404,0.02592081496503988,-0.11324479512224543,-0.11759826834362407,0.48056923918992883,0.5782703886152162,1,-0.0998606502561529,-0.07393983529111302,1,1
D09_lb40,9,dd_lookback40,63,QQQ,3,63,2025-10-01,2025-12-30,30,0.0281443024583361,-0.007672257166568985,-0.006191967319942615,0.0014802898466263698,-0.057252876515231955,-0.06685937151646666,0.25661375661375657,0.34351851851851856,1,-0.035816559624905084,-0.034336269778278715,0,0
D09_lb40,9,dd_lookback40,64,QQQ,2,42,2024-06-12,2024-08-12,30,-0.046509750935051275,-0.030689981486153213,-0.02660013125259757,0.004089850233555643,-0.07187451483260328,-0.08036350694013011,0.3507936507936508,0.4422619047619048,1,0.015819769448898062,0.019909619682453705,0,0
D09_lb40,9,dd_lookback40,65,SOXX,7,147,2024-03-27,2024-10-24,29,0.010917916153216245,-0.017449618185238974,-0.015709187258164583,0.0017404309270743906,-0.1614083097554402,-0.17633572785023865,0.2629603565564157,0.3714520290874971,1,-0.02836753433845522,-0.026627103411380828,0,0
D09_lb40,9,dd_lookback40,66,QQQ,7,147,2024-06-18,2025-01-17,30,0.0802486743430566,0.00029853127965911254,0.025053051830036095,0.024754520550376982,-0.13011363603454423,-0.12902885184341858,0.35124716553287977,0.43327664399092974,1,-0.0799501430633975,-0.05519562251302051,1,1
D09_lb40,9,dd_lookback40,67,SOXX,6,126,2025-02-27,2025-08-27,30,0.2288069130259598,0.09602472964249355,0.10306494438829096,0.007040214745797413,-0.11061219488937407,-0.12725915160714246,0.3126984126984126,0.39854497354497354,1,-0.13278218338346626,-0.12574196863766884,1,1
D09_lb40,9,dd_lookback40,68,SOXX,2,42,2026-01-27,2026-03-26,30,-0.06274182234420844,0.0032193452924548414,0.0003089132563837434,-0.002910432036071098,-0.05896621171963992,-0.082457880689842,0.19920634920634922,0.34365079365079365,0,0.06596116763666328,0.06305073560059218,1,1
D09_lb40,9,dd_lookback40,69,SOXX,8,168,2025-08-27,2026-04-28,30,0.752796897064234,0.17512795042041496,0.2789124096795126,0.10378445925909763,-0.17448596435949304,-0.17775950064734974,0.31924603174603183,0.4395833333333333,1,-0.5776689466438191,-0.47388448738472144,1,1
D09_lb40,9,dd_lookback40,70,SOXX,5,105,2024-09-20,2025-02-21,29,0.005406814450626518,0.003468495639504155,0.009236951901374203,0.005768456261870048,-0.09789538854854749,-0.1130222158817559,0.187192118226601,0.304679802955665,1,-0.001938318811122363,0.003830137450747685,1,1
D09_lb40,9,dd_lookback40,71,SOXX,4,84,2025-09-17,2026-01-15,29,0.30628589985012833,0.09548057248306517,0.13939750811690182,0.043916935633836654,-0.13684856978281387,-0.14286298554023413,0.3788998357963875,0.48019293924466344,1,-0.21080532736706314,-0.1668883917332265,1,1
D09_lb40,9,dd_lookback40,72,QQQ,4,84,2025-06-23,2025-10-20,30,0.1516013225816759,0.03716667462224955,0.04936011166582722,0.01219343704357767,-0.08772548229479836,-0.09591967963956714,0.3146825396825397,0.4202380952380953,1,-0.11443464795942637,-0.1022412109158487,1,1
D09_lb40,9,dd_lookback40,73,SOXX,10,210,2023-11-28,2024-09-27,30,0.3732977081618618,0.06661678645753953,0.09385406512616466,0.02723727866862513,-0.18894426088698602,-0.19350061675874156,0.3076190476190476,0.4143650793650793,1,-0.30668092170432226,-0.27944364303569713,1,1
D09_lb40,9,dd_lookback40,74,QQQ,9,189,2025-04-09,2026-01-08,30,0.33624069066151074,0.13339435324806054,0.18150170495556947,0.04810735170750893,-0.1364775405035114,-0.14211881307549526,0.35555555555555557,0.44766313932980595,1,-0.2028463374134502,-0.15473898570594127,1,1
D09_lb40,9,dd_lookback40,75,QQQ,12,252,2024-12-19,2025-12-22,30,0.21234993913837386,0.07282488524533995,0.11182987305904238,0.03900498781370243,-0.15411353549119883,-0.16617629050525504,0.2826719576719577,0.38134920634920627,1,-0.1395250538930339,-0.10052006607933148,1,1
D09_lb40,9,dd_lookback40,76,SOXX,5,105,2024-05-10,2024-10-09,29,0.07166292185798206,0.014436981495001656,0.009531344368703357,-0.004905637126298299,-0.12451546382428642,-0.15050827022112598,0.25155993431855495,0.3545155993431855,0,-0.05722594036298041,-0.06213157748927871,1,1
D09_lb40,9,dd_lookback40,77,SOXX,8,168,2025-08-01,2026-04-01,30,0.4329721592393472,0.15866805757439584,0.21628638593384672,0.05761832835945088,-0.18501848805024199,-0.1824840232991463,0.3426587301587301,0.4602678571428572,1,-0.27430410166495134,-0.21668577330550046,1,1
D09_lb40,9,dd_lookback40,78,QQQ,7,147,2025-11-12,2026-06-15,30,0.20096913413608264,-0.018947353643036353,0.016799998847644302,0.03574735249068066,-0.12973603679726417,-0.13652605907782972,0.2376417233560091,0.3324829931972789,1,-0.21991648777911899,-0.18416913528843834,0,1
D09_lb40,9,dd_lookback40,79,SOXX,9,189,2023-12-14,2024-09-16,30,0.16790498618580796,0.0008636282377531334,0.009597120874742685,0.008733492636989552,-0.1882736533618384,-0.19264838417460708,0.3310405643738977,0.439021164021164,1,-0.16704135794805483,-0.15830786531106528,1,1
D09_lb40,9,dd_lookback40,80,QQQ,6,126,2024-01-19,2024-07-19,30,0.13164162035706783,0.01752199700392435,0.030257533802540874,0.012735536798616522,-0.11178035471042873,-0.11862008309083719,0.32089947089947096,0.41461640211640205,1,-0.11411962335314349,-0.10138408655452696,1,1
D09_lb40,9,dd_lookback40,81,QQQ,1,21,2024-11-13,2024-12-12,30,0.027818437813410313,0.02434417817350658,0.02849573627655134,0.00415155810304476,-0.025412970421883403,-0.03022083577516286,0.3349206349206349,0.4111111111111111,1,-0.003474259639903731,0.0006772984631410288,1,1
D09_lb40,9,dd_lookback40,82,SOXX,10,210,2024-06-21,2025-04-23,30,-0.303438756357962,-0.10953684636102978,-0.14365242514933294,-0.03411557878830315,-0.21927545671237217,-0.25377560140866373,0.1858730158730159,0.2863492063492063,0,0.19390190999693224,0.1597863312086291,0,0
D09_lb40,9,dd_lookback40,83,QQQ,11,231,2024-05-24,2025-04-28,30,0.03788093693594541,0.02352067792770555,0.042480723616082364,0.018960045688376812,-0.18620256126856274,-0.19122264280886067,0.3011544011544011,0.3974025974025974,1,-0.014360259008239857,0.004599786680136955,1,1
D09_lb40,9,dd_lookback40,84,SOXX,4,84,2025-03-26,2025-07-25,29,0.21967623083558907,0.08166603233309737,0.08034710396299583,-0.0013189283701015436,-0.0830621153910326,-0.09524811371597137,0.3091133004926108,0.37623152709359603,0,-0.1380101985024917,-0.13932912687259325,1,1
D09_lb40,9,dd_lookback40,85,SOXX,3,63,2024-01-12,2024-04-12,29,0.17490145812316005,0.060582022508329274,0.07738142344495916,0.016799400936629884,-0.07771614238565261,-0.08575702974592643,0.3130815544608648,0.4519704433497538,1,-0.11431943561483077,-0.09752003467820089,1,1
D09_lb40,9,dd_lookback40,86,QQQ,4,84,2025-08-13,2025-12-10,30,0.08270595883887877,-0.0020598467100503243,0.007980061038904284,0.010039907748954609,-0.07138796413813867,-0.08646270418177883,0.2472222222222222,0.36775793650793653,1,-0.0847658055489291,-0.07472589779997449,0,1
D09_lb40,9,dd_lookback40,87,QQQ,9,189,2025-08-12,2026-05-12,30,0.22380163982039725,-0.006650453236212702,0.02752365715467475,0.03417411039088745,-0.14081880209020553,-0.15481590624037578,0.2324514991181658,0.33284832451499113,1,-0.23045209305660994,-0.1962779826657225,0,1
D09_lb40,9,dd_lookback40,88,QQQ,3,63,2023-09-06,2023-12-04,30,0.03239382703262561,-0.018888553611716232,-0.006305860913176546,0.012582692698539687,-0.08305897001337256,-0.0874455978751712,0.33492063492063484,0.43439153439153444,1,-0.051282380644341846,-0.038699687945802155,0,0
D09_lb40,9,dd_lookback40,89,QQQ,6,126,2024-03-08,2024-09-06,30,0.025004402915363988,-0.03556560225580011,-0.03190082254433569,0.003664779711464422,-0.13633623776185416,-0.14118985517971752,0.3309523809523809,0.42235449735449737,1,-0.0605700051711641,-0.05690522545969968,0,0
D09_lb40,9,dd_lookback40,90,SOXX,4,84,2024-02-09,2024-06-10,29,0.16166404920459776,0.028196290271240643,0.050513338700513444,0.0223170484292728,-0.08636595624850572,-0.0990511153521788,0.3066502463054187,0.43277914614121515,1,-0.1334677589333571,-0.11115071050408432,1,1
D09_lb40,9,dd_lookback40,91,QQQ,6,126,2024-12-26,2025-06-30,30,0.04434109236366246,0.007674866909558949,0.02322247572751029,0.015547608817951343,-0.1278377277741782,-0.14065617156218208,0.2677248677248677,0.36970899470899465,1,-0.03666622545410351,-0.02111861663615217,1,1
D09_lb40,9,dd_lookback40,92,QQQ,2,42,2024-07-11,2024-09-09,30,-0.07616930887243911,-0.0467009139746296,-0.046036918532163004,0.0006639954424665986,-0.06533070513067755,-0.08106797889964673,0.2119047619047619,0.341468253968254,1,0.02946839489780951,0.030132390340276108,0,0
D09_lb40,9,dd_lookback40,93,QQQ,8,168,2025-09-04,2026-05-05,30,0.18933459993954838,0.056885856392562835,0.09615781392550214,0.03927195753293931,-0.13213284289849453,-0.14005889491405535,0.26369047619047614,0.3552083333333334,1,-0.13244874354698555,-0.09317678601404623,1,1
D09_lb40,9,dd_lookback40,94,QQQ,11,231,2023-08-28,2024-07-29,29,0.27358869545907205,0.04338844910070174,0.08289476867231417,0.03950631957161243,-0.158549556344278,-0.15222483240597098,0.3985669502910882,0.48033288550529935,1,-0.2302002463583703,-0.1906939267867579,1,1
D09_lb40,9,dd_lookback40,95,SOXX,2,42,2024-10-18,2024-12-17,29,-0.022397322959222588,0.003232917265875716,0.001485275261196718,-0.001747642004678998,-0.05504839408824857,-0.07615011609616898,0.18308702791461412,0.2965927750410509,0,0.025630240225098303,0.023882598220419306,1,1
D09_lb40,9,dd_lookback40,96,QQQ,9,189,2024-06-04,2025-03-06,30,0.0794127343756903,0.07355495139825723,0.09032344958560289,0.01676849818734566,-0.16750932370479174,-0.16911515034999097,0.31957671957671957,0.4237213403880071,1,-0.005857782977433071,0.010910715209912589,1,1
D09_lb40,9,dd_lookback40,97,SOXX,5,105,2025-12-31,2026-06-02,30,1.0102699251297969,0.20892373089805882,0.3526205226369289,0.14369679173887007,-0.09511111174694611,-0.11446180766447957,0.24095238095238092,0.38190476190476186,1,-0.801346194231738,-0.657649402492868,1,1
D09_lb40,9,dd_lookback40,98,QQQ,4,84,2025-02-28,2025-06-30,30,0.08838198760432037,0.04214933024015496,0.046811046698892834,0.004661716458737877,-0.0667824189847802,-0.08179380427616754,0.2035714285714286,0.3016865079365079,1,-0.04623265736416541,-0.04157094090542753,1,1
D09_lb40,9,dd_lookback40,99,SOXX,2,42,2026-05-13,2026-07-14,30,0.07552608567751218,0.007353907599346913,0.0030169464325186563,-0.004336961166828256,-0.019491828187119066,-0.07490748152950727,0.08253968253968254,0.2617063492063492,0,-0.06817217807816527,-0.07250913924499353,1,1
D10_lb90,10,dd_lookback90,0,SOXX,4,84,2025-01-15,2025-05-15,29,-0.04268264905560459,-0.025716990511332718,-0.049733771353553065,-0.024016780842220347,-0.09008269398142583,-0.1223115792024965,0.10139573070607558,0.1763136288998358,0,0.016965658544271876,-0.007051122297948471,0,0
D10_lb90,10,dd_lookback90,1,SOXX,4,84,2025-11-26,2026-03-30,29,0.06535932477276907,0.13060434817914052,0.15073643601178846,0.020132087832647944,-0.09666914509833963,-0.11315805309964796,0.3259441707717569,0.4326765188834154,1,0.06524502340637145,0.0853771112390194,1,1
D10_lb90,10,dd_lookback90,2,SOXX,12,252,2024-06-12,2025-06-13,30,-0.11229341109132818,-0.08609364403663103,-0.1104091928861397,-0.024315548849508678,-0.23588366404305075,-0.2656908055059127,0.21468253968253967,0.29755291005291007,0,0.02619976705469715,0.0018842182051884704,0,0
D10_lb90,10,dd_lookback90,3,QQQ,1,21,2026-01-13,2026-02-11,30,-0.02096638715391519,-0.014627542256874316,-0.021458211720641503,-0.006830669463767187,-0.05458277455918684,-0.06546188803922327,0.4031746031746032,0.45753968253968247,0,0.006338844897040874,-0.0004918245667263135,0,0
D10_lb90,10,dd_lookback90,4,QQQ,8,168,2025-02-28,2025-10-28,30,0.2501946013536971,0.07269972065454076,0.10402385728507495,0.03132413663053418,-0.13812305774620287,-0.14505342756884523,0.2779761904761905,0.3813492063492063,1,-0.1774948806991563,-0.14617074406862213,1,1
D10_lb90,10,dd_lookback90,5,SOXX,3,63,2025-03-10,2025-06-06,29,0.11931811258500846,0.023024491089483737,0.009876397150184095,-0.013148093939299643,-0.027145179397823276,-0.049300599106234376,0.08866995073891625,0.1444991789819376,0,-0.09629362149552473,-0.10944171543482437,1,1
D10_lb90,10,dd_lookback90,6,SOXX,12,252,2024-10-18,2025-10-21,30,0.27929057935732526,0.08040498987955062,0.09367059370988072,0.013265603830330097,-0.18728003050003003,-0.20305311334456697,0.2891534391534391,0.3627645502645503,1,-0.19888558947777463,-0.18561998564744453,1,1
D10_lb90,10,dd_lookback90,7,SOXX,5,105,2024-08-02,2024-12-31,30,0.04615473659290337,-0.007383155687375146,-0.012389786998166482,-0.0050066313107913355,-0.09986809917066228,-0.11351785069495278,0.15714285714285714,0.236984126984127,0,-0.05353789228027851,-0.05854452359106985,0,0
D10_lb90,10,dd_lookback90,8,SOXX,11,231,2024-01-29,2024-12-26,30,0.11728595595420654,-0.014050142007062175,-0.002669290017241906,0.011380851989820268,-0.22765483794891364,-0.23868167818464706,0.2554112554112554,0.35465367965367967,1,-0.13133609796126872,-0.11995524597144845,0,0
D10_lb90,10,dd_lookback90,9,QQQ,7,147,2025-12-22,2026-07-24,30,0.10761391047221691,0.011967165923700219,0.05107121049864408,0.03910404457494386,-0.11138535137425892,-0.12119436092541616,0.2068027210884354,0.2910430839002267,1,-0.0956467445485167,-0.05654269997357283,1,1
D10_lb90,10,dd_lookback90,10,SOXX,11,231,2025-04-30,2026-03-31,30,0.7991728873661996,0.24120132927579618,0.3206964177386282,0.07949508846283204,-0.18151182396438895,-0.18276903729556926,0.32958152958152964,0.42283549783549784,1,-0.5579715580904034,-0.4784764696275714,1,1
D10_lb90,10,dd_lookback90,11,SOXX,7,147,2023-12-07,2024-07-10,30,0.5448438251272811,0.15643696946934116,0.2040082970345606,0.04757132756521945,-0.13145231080705216,-0.1364107175548261,0.34852607709750566,0.4560090702947846,1,-0.38840685565794,-0.34083552809272055,1,1
D10_lb90,10,dd_lookback90,12,QQQ,11,231,2024-03-27,2025-02-27,30,0.12982124242441295,0.006866921906544258,0.022794931759465245,0.015928009852920987,-0.13945240282328086,-0.13883341380703182,0.29913419913419914,0.38466810966810966,1,-0.1229543205178687,-0.10702631066494771,1,1
D10_lb90,10,dd_lookback90,13,QQQ,10,210,2024-09-30,2025-08-01,30,0.1396406940506143,0.13642248264481188,0.1608923976117727,0.024469914966960826,-0.13907255241929703,-0.1509067911286971,0.29253968253968254,0.39115079365079364,1,-0.003218211405802418,0.021251703561158408,1,1
D10_lb90,10,dd_lookback90,14,QQQ,9,189,2025-02-11,2025-11-10,30,0.1848421423831519,0.04006495843578965,0.05429387415701905,0.014228915721229397,-0.14697553389521303,-0.1512993873852286,0.3174603174603175,0.4108024691358025,1,-0.14477718394736222,-0.13054826822613283,1,1
D10_lb90,10,dd_lookback90,15,SOXX,2,42,2023-11-10,2024-01-11,29,0.1337866151876319,0.0774943989489612,0.08000233091740613,0.0025079319684449403,-0.05469737112963862,-0.05959628783319052,0.4778325123152709,0.5178571428571429,1,-0.056292216238670714,-0.053784284270225774,1,1
D10_lb90,10,dd_lookback90,16,QQQ,8,168,2025-04-17,2025-12-16,30,0.38065075650801794,0.05822628509197105,0.07125292814990018,0.013026643057929131,-0.09045853742073709,-0.10743237095173111,0.22182539682539681,0.34548611111111105,1,-0.3224244714160469,-0.30939782835811774,1,1
D10_lb90,10,dd_lookback90,17,QQQ,3,63,2023-10-12,2024-01-11,29,0.10935443004554912,0.009703347775665807,0.02758438227172896,0.017881034496063153,-0.07684055243996374,-0.07875784218544057,0.3787629994526547,0.4785166940339355,1,-0.09965108226988331,-0.08177004777382016,1,1
D10_lb90,10,dd_lookback90,18,SOXX,7,147,2025-06-02,2025-12-30,29,0.4742072430583639,0.08455874395636237,0.13949515755356867,0.0549364135972063,-0.17907138410292056,-0.17444040154041277,0.4133239502697632,0.5039291578700446,1,-0.38964849910200156,-0.33471208550479525,1,1
D10_lb90,10,dd_lookback90,19,QQQ,2,42,2026-01-20,2026-03-19,30,-0.024734412068352585,-0.003904880697059835,-0.009644004410861707,-0.005739123713801872,-0.04664148075686558,-0.05787077658047732,0.2563492063492063,0.3206349206349206,0,0.02082953137129275,0.015090407657490878,0,0
D10_lb90,10,dd_lookback90,20,QQQ,2,42,2025-12-30,2026-03-02,30,-0.01830706738570409,0.020542259241984707,0.02932524483598672,0.008782985594002014,-0.05202848290647793,-0.06107380042424201,0.3150793650793651,0.4,1,0.03884932662768879,0.047632312221690815,1,1
D10_lb90,10,dd_lookback90,21,QQQ,8,168,2024-02-14,2024-10-14,30,0.15334197720866793,0.01763376201115824,0.035388051111378216,0.017754289100219978,-0.1322396468346643,-0.13336508310298625,0.32797619047619037,0.43219246031746034,1,-0.1357082151975097,-0.11795392609728972,1,1
D10_lb90,10,dd_lookback90,22,QQQ,4,84,2025-10-15,2026-02-13,30,0.000789757805571778,0.041634413714619276,0.04972105026531695,0.008086636550697676,-0.08767623706279756,-0.09454429609511325,0.3873015873015873,0.4766865079365079,1,0.0408446559090475,0.048931292459745174,1,1
D10_lb90,10,dd_lookback90,23,QQQ,3,63,2026-01-08,2026-04-09,30,-0.0153279984002892,-0.00015153970303823558,0.014121759496897979,0.014273299199936215,-0.07822959166317958,-0.0889370201921098,0.2523809523809524,0.350925925925926,1,0.015176458697250964,0.02944975789718718,0,1
D10_lb90,10,dd_lookback90,24,SOXX,5,105,2026-02-10,2026-07-13,30,0.5770256813269112,0.13659686114321096,0.1820840213184815,0.04548716017527055,-0.06750382261710434,-0.10255623447221701,0.12349206349206351,0.2818253968253968,1,-0.4404288201837003,-0.39494166000842973,1,1
D10_lb90,10,dd_lookback90,25,QQQ,5,105,2026-01-14,2026-06-15,30,0.20238584863226716,0.04480905436171883,0.06346373633398612,0.018654681972267294,-0.0814089650586057,-0.09305207621596653,0.1892063492063492,0.2824603174603174,1,-0.15757679427054833,-0.13892211229828105,1,1
D10_lb90,10,dd_lookback90,26,QQQ,12,252,2025-01-16,2026-01-16,30,0.21698527291142944,0.0058803715805283464,0.028908610981369424,0.023028239400841078,-0.15853139701677746,-0.16693387516299968,0.27777777777777773,0.3843915343915344,1,-0.2111049013309011,-0.18807666193006,1,1
D10_lb90,10,dd_lookback90,27,SOXX,4,84,2026-03-20,2026-07-21,30,0.6629647609934404,0.09246450214498574,0.16769566165435024,0.0752311595093645,-0.045970691350039505,-0.09681345075572063,0.09761904761904759,0.28055555555555556,1,-0.5705002588484547,-0.49526909933909014,1,1
D10_lb90,10,dd_lookback90,28,SOXX,10,210,2023-09-12,2024-07-12,30,0.6054241699570708,0.16010458794897048,0.2221525571564383,0.06204796920746783,-0.15291596127570126,-0.1442527233767926,0.3422222222222222,0.44289682539682546,1,-0.44531958200810035,-0.3832716128006325,1,1
D10_lb90,10,dd_lookback90,29,QQQ,10,210,2023-11-02,2024-09-04,29,0.2742635518580856,0.07824104849807687,0.09930714462436115,0.02106609612628428,-0.14724112546969834,-0.14857725078782497,0.4203612479474548,0.492200328407225,1,-0.19602250336000873,-0.17495640723372446,1,1
D10_lb90,10,dd_lookback90,30,SOXX,11,231,2025-02-26,2026-01-27,30,0.6222676159829015,0.1711368514401048,0.22301913001677837,0.051882278576673574,-0.19787028190037134,-0.19210967666274328,0.31746031746031744,0.3918831168831169,1,-0.45113076454279666,-0.3992484859661231,1,1
D10_lb90,10,dd_lookback90,31,SOXX,4,84,2024-11-26,2025-03-31,30,-0.12412360871542705,-0.032152561625399236,-0.04032559440631795,-0.008173032780918715,-0.09531311281221044,-0.11616702186157551,0.17658730158730157,0.27956349206349207,0,0.09197104709002782,0.0837980143091091,0,0
D10_lb90,10,dd_lookback90,32,SOXX,3,63,2024-07-29,2024-10-24,29,-0.004528432055198928,-0.01717969917744293,-0.025951864916480997,-0.008772165739038065,-0.05077110926622666,-0.07052840833218434,0.09140667761357416,0.18637110016420363,0,-0.012651267122244004,-0.02142343286128207,0,0
D10_lb90,10,dd_lookback90,33,SOXX,7,147,2025-09-16,2026-04-16,29,0.5731894193346554,0.2428581070521754,0.33400142589336673,0.09114331884119134,-0.1605512081869748,-0.164275438830416,0.3309875674407695,0.4420009383063571,1,-0.33033131228248,-0.23918799344128866,1,1
D10_lb90,10,dd_lookback90,34,QQQ,4,84,2024-05-31,2024-09-30,30,0.08613665447903895,-0.02094604149667747,-0.0048301709852948795,0.01611587051138259,-0.11243876407913302,-0.11182566411748149,0.3619047619047619,0.4449404761904762,1,-0.10708269597571643,-0.09096682546433384,0,0
D10_lb90,10,dd_lookback90,35,QQQ,9,189,2025-02-11,2025-11-10,30,0.1848421423831519,0.0778069487759237,0.07789528313871495,8.833436279125084e-05,-0.15279406301724527,-0.1587512679793102,0.3052910052910052,0.4067460317460318,1,-0.10703519360722819,-0.10694685924443693,1,1
D10_lb90,10,dd_lookback90,36,QQQ,3,63,2025-01-14,2025-04-14,30,-0.0928917402537448,-0.014715106421000608,-0.013200564333937773,0.001514542087062835,-0.0943586033322837,-0.11621694036835278,0.2613756613756614,0.3633597883597883,1,0.0781766338327442,0.07969117591980703,0,0
D10_lb90,10,dd_lookback90,37,SOXX,10,210,2024-08-26,2025-06-27,30,0.05767020978785542,0.046170386833983716,0.017146150941124202,-0.029024235892859514,-0.14069969891344225,-0.16372395257723577,0.18349206349206346,0.25956349206349205,0,-0.011499822953871704,-0.040524058846731215,1,1
D10_lb90,10,dd_lookback90,38,SOXX,12,252,2024-07-02,2025-07-03,30,-0.019691750048819512,-0.042699691533501484,-0.06939000235617096,-0.026690310822669476,-0.22362703060876782,-0.25648543155604325,0.1978835978835979,0.2740410052910053,0,-0.023007941484681972,-0.04969825230735145,0,0
D10_lb90,10,dd_lookback90,39,QQQ,5,105,2024-09-23,2025-02-24,30,0.07798173822976961,0.06547072313479577,0.07507253645702586,0.00960181332223009,-0.09793759599584707,-0.10503935364642661,0.40888888888888886,0.49380952380952375,1,-0.012511015094973849,-0.002909201772743758,1,1
D10_lb90,10,dd_lookback90,40,QQQ,12,252,2025-05-13,2026-05-13,30,0.3929080380641541,0.10209609867488217,0.1418059504998023,0.03970985182492012,-0.18245185130402916,-0.19640988311065116,0.31388888888888894,0.41061507936507946,1,-0.2908119393892719,-0.2511020875643518,1,1
D10_lb90,10,dd_lookback90,41,SOXX,5,105,2024-12-18,2025-05-21,29,-0.03550491258274213,-0.03958675821020653,-0.06340718703169979,-0.023820428821493253,-0.12360463930904281,-0.1552878529367279,0.1714285714285714,0.24827586206896549,0,-0.0040818456274644005,-0.027902274448957654,0,0
D10_lb90,10,dd_lookback90,42,QQQ,1,21,2026-06-01,2026-06-30,30,-0.007446386853765863,-0.004137721075456391,0.002109069787257234,0.006246790862713625,-0.012896127851843646,-0.023798873727088707,0.10793650793650794,0.2115079365079365,1,0.003308665778309472,0.009555456641023096,0,1
D10_lb90,10,dd_lookback90,43,SOXX,5,105,2025-04-30,2025-09-29,30,0.46913595929254015,0.12020837437946033,0.1439306614449079,0.023722287065447573,-0.11467746009539652,-0.1168906052570625,0.391111111111111,0.4558730158730159,1,-0.34892758491307985,-0.32520529784763225,1,1
D10_lb90,10,dd_lookback90,44,SOXX,5,105,2024-07-24,2024-12-19,29,-0.07336127646416635,0.014440215493246455,0.00740306654052812,-0.007037148952718335,-0.10254019487332973,-0.11664853031505241,0.1960591133004926,0.280295566502463,0,0.0878014919574128,0.08076434300469447,1,1
D10_lb90,10,dd_lookback90,45,SOXX,12,252,2024-03-06,2025-03-07,30,-0.10757483963704584,-0.08439870231549465,-0.08969931411079778,-0.005300611795303126,-0.23166021795046768,-0.2439721586861207,0.24735449735449733,0.34649470899470897,0,0.023176137321551188,0.017875525526248062,0,0
D10_lb90,10,dd_lookback90,46,SOXX,11,231,2024-02-13,2025-01-14,30,0.07418656590600592,0.02756966561592551,0.04976443286343923,0.02219476724751372,-0.20760107677177955,-0.21983427991302548,0.2522366522366522,0.35533910533910534,1,-0.04661690029008041,-0.024422133042566692,1,1
D10_lb90,10,dd_lookback90,47,QQQ,12,252,2025-06-12,2026-06-12,30,0.3582275230463974,0.10374190539348917,0.15258123836000578,0.048839332966516616,-0.1650181027476526,-0.17690264140325018,0.28941798941798946,0.3808531746031746,1,-0.2544856176529082,-0.2056462846863916,1,1
D10_lb90,10,dd_lookback90,48,QQQ,1,21,2025-07-02,2025-07-31,30,0.02579898212369769,0.009147873504681665,0.009503104511960599,0.00035523100727893366,-0.03190240724898848,-0.038634764072970465,0.3682539682539682,0.4857142857142857,1,-0.016651108619016024,-0.016295877611737092,1,1
D10_lb90,10,dd_lookback90,49,QQQ,6,126,2024-03-22,2024-09-20,30,0.08250098618182977,-0.011823329141226387,0.0016912750569147983,0.013514604198141185,-0.1258061830418667,-0.12437838720372398,0.29550264550264543,0.3876984126984127,1,-0.09432431532305616,-0.08080971112491497,0,1
D10_lb90,10,dd_lookback90,50,QQQ,11,231,2025-04-16,2026-03-18,30,0.3441101199491847,0.036376948153369094,0.05766241248794827,0.021285464334579174,-0.12889573510110175,-0.1385161283054848,0.26536796536796536,0.36796536796536794,1,-0.3077331717958156,-0.28644770746123643,1,1
D10_lb90,10,dd_lookback90,51,SOXX,12,252,2025-05-09,2026-05-11,30,1.7645874371661052,0.4097080988831326,0.5594492908901163,0.14974119200698371,-0.19101367705129177,-0.19200412399612768,0.3484126984126984,0.44206349206349205,1,-1.3548793382829727,-1.205138146275989,1,1
D10_lb90,10,dd_lookback90,52,QQQ,6,126,2024-07-26,2025-01-27,30,0.11403101000835725,0.05681938935261872,0.0847957379728696,0.027976348620250883,-0.12773069541356347,-0.12803856524300836,0.3232804232804233,0.4269179894179895,1,-0.05721162065573853,-0.029235272035487647,1,1
D10_lb90,10,dd_lookback90,53,SOXX,9,189,2025-02-25,2025-11-21,30,0.27137739698000374,0.056180111741826515,0.05134271131552925,-0.004837400426297267,-0.16495208287193883,-0.1740516007667661,0.28395061728395066,0.35264550264550265,0,-0.21519728523817722,-0.22003468566447448,1,1
D10_lb90,10,dd_lookback90,54,QQQ,10,210,2025-06-10,2026-04-10,30,0.14941279936704488,-0.015405285196039335,-0.02106511890153959,-0.005659833705500255,-0.13625480198106962,-0.15120685597230488,0.2634920634920635,0.3595238095238097,0,-0.16481808456308422,-0.17047791826858447,0,0
D10_lb90,10,dd_lookback90,55,QQQ,9,189,2024-03-12,2024-12-09,30,0.18252348107739125,0.055664773216138046,0.06776294470404483,0.012098171487906782,-0.12915008536707423,-0.128474635536768,0.3707231040564374,0.44828042328042345,1,-0.1268587078612532,-0.11476053637334642,1,1
D10_lb90,10,dd_lookback90,56,SOXX,1,21,2026-03-06,2026-04-06,30,0.06430085839175526,0.002552041162142956,0.01223033111311224,0.009678289950969286,-0.012963321553764555,-0.03950992059864814,0.06984126984126983,0.24563492063492062,1,-0.0617488172296123,-0.05207052727864302,1,1
D10_lb90,10,dd_lookback90,57,QQQ,11,231,2024-12-30,2025-12-01,30,0.2014930365864087,0.06266015330288494,0.08915968508767814,0.02649953178479321,-0.1598500025072416,-0.16408013600609236,0.2909090909090909,0.39924242424242423,1,-0.13883288328352378,-0.11233335149873057,1,1
D10_lb90,10,dd_lookback90,58,QQQ,4,84,2025-05-06,2025-09-04,30,0.19622773691571815,0.02277270503400945,0.031129562500693566,0.008356857466684117,-0.07513828177160067,-0.08474705818919853,0.29166666666666663,0.4034722222222221,1,-0.17345503188170872,-0.16509817441502458,1,1
D10_lb90,10,dd_lookback90,59,SOXX,4,84,2026-02-25,2026-06-25,30,0.7007669266812115,0.09044155816110022,0.19854730400080475,0.10810574583970453,-0.07194405578107436,-0.09555274941273441,0.1384920634920635,0.29176587301587303,1,-0.6103253685201113,-0.5022196226804068,1,1
D10_lb90,10,dd_lookback90,60,SOXX,1,21,2024-12-26,2025-01-28,29,-0.04487098139039003,-0.03273396754475295,-0.031940539251382606,0.0007934282933703407,-0.06564789337488112,-0.07876599653434832,0.27586206896551724,0.38628899835796393,1,0.012137013845637083,0.012930442139007424,0,0
D10_lb90,10,dd_lookback90,61,SOXX,3,63,2024-01-26,2024-04-25,29,0.06710111015930864,0.02188533088741311,0.024564606471200155,0.002679275583787045,-0.05970782911130342,-0.07799352822996383,0.22167487684729062,0.3585112205801861,1,-0.04521577927189553,-0.04253650368810849,1,1
D10_lb90,10,dd_lookback90,62,SOXX,3,63,2025-06-20,2025-09-18,29,0.19111850646885342,0.09125785621270052,0.11038297803099455,0.019125121818294025,-0.11324479512224543,-0.11524543820703409,0.48056923918992883,0.5608921729611385,1,-0.0998606502561529,-0.08073552843785888,1,1
D10_lb90,10,dd_lookback90,63,QQQ,3,63,2025-10-01,2025-12-30,30,0.0281443024583361,-0.007672257166568985,-0.003847966980309799,0.003824290186259186,-0.057252876515231955,-0.06432992206820454,0.25661375661375657,0.3457671957671958,1,-0.035816559624905084,-0.0319922694386459,0,0
D10_lb90,10,dd_lookback90,64,QQQ,2,42,2024-06-12,2024-08-12,30,-0.046509750935051275,-0.030689981486153213,-0.0277919046706727,0.0028980768154805124,-0.07187451483260328,-0.08021155035185942,0.3507936507936508,0.4442460317460318,1,0.015819769448898062,0.018717846264378574,0,0
D10_lb90,10,dd_lookback90,65,SOXX,7,147,2024-03-27,2024-10-24,29,0.010917916153216245,-0.017449618185238974,-0.01513931222746743,0.002310305957771543,-0.1614083097554402,-0.174777907240344,0.2629603565564157,0.36236218625381195,1,-0.02836753433845522,-0.026057228380683674,0,0
D10_lb90,10,dd_lookback90,66,QQQ,7,147,2024-06-18,2025-01-17,30,0.0802486743430566,0.00029853127965911254,0.0230614967621986,0.022762965482539487,-0.13011363603454423,-0.12744507757991919,0.35124716553287977,0.4414399092970521,1,-0.0799501430633975,-0.057187177580858006,1,1
D10_lb90,10,dd_lookback90,67,SOXX,6,126,2025-02-27,2025-08-27,30,0.2288069130259598,0.09602472964249355,0.09552936342858663,-0.000495366213906917,-0.11061219488937407,-0.1291828815128061,0.3126984126984126,0.3733465608465608,0,-0.13278218338346626,-0.13327754959737315,1,1
D10_lb90,10,dd_lookback90,68,SOXX,2,42,2026-01-27,2026-03-26,30,-0.06274182234420844,0.0032193452924548414,-0.0015035907332195324,-0.004722936025674374,-0.05896621171963992,-0.0817004874755615,0.19920634920634922,0.3293650793650794,0,0.06596116763666328,0.06123823161098891,1,0
D10_lb90,10,dd_lookback90,69,SOXX,8,168,2025-08-27,2026-04-28,30,0.752796897064234,0.17512795042041496,0.2771662098991137,0.10203825947869877,-0.17448596435949304,-0.17813658956260447,0.31924603174603183,0.4332837301587302,1,-0.5776689466438191,-0.4756306871651203,1,1
D10_lb90,10,dd_lookback90,70,SOXX,5,105,2024-09-20,2025-02-21,29,0.005406814450626518,0.003468495639504155,0.001561241133316345,-0.0019072545061878101,-0.09789538854854749,-0.11056006084469087,0.187192118226601,0.2777504105090312,0,-0.001938318811122363,-0.003845573317310173,1,1
D10_lb90,10,dd_lookback90,71,SOXX,4,84,2025-09-17,2026-01-15,29,0.30628589985012833,0.09548057248306517,0.1400847292940946,0.04460415681102943,-0.13684856978281387,-0.14222412669891513,0.3788998357963875,0.4786535303776684,1,-0.21080532736706314,-0.16620117055603373,1,1
D10_lb90,10,dd_lookback90,72,QQQ,4,84,2025-06-23,2025-10-20,30,0.1516013225816759,0.03716667462224955,0.05043586109657174,0.013269186474322195,-0.08772548229479836,-0.09386546363470688,0.3146825396825397,0.41289682539682543,1,-0.11443464795942637,-0.10116546148510416,1,1
D10_lb90,10,dd_lookback90,73,SOXX,10,210,2023-11-28,2024-09-27,30,0.3732977081618618,0.06661678645753953,0.08562134594484008,0.01900455948730055,-0.18894426088698602,-0.19391935854404446,0.3076190476190476,0.404563492063492,1,-0.30668092170432226,-0.28767636221702175,1,1
D10_lb90,10,dd_lookback90,74,QQQ,9,189,2025-04-09,2026-01-08,30,0.33624069066151074,0.13339435324806054,0.1662374503443548,0.032843097096294266,-0.1364775405035114,-0.14049206639260625,0.35555555555555557,0.4313932980599647,1,-0.2028463374134502,-0.17000324031715594,1,1
D10_lb90,10,dd_lookback90,75,QQQ,12,252,2024-12-19,2025-12-22,30,0.21234993913837386,0.07282488524533995,0.10572962626651972,0.03290474102117977,-0.15411353549119883,-0.17216783336649996,0.2826719576719577,0.3743386243386243,1,-0.1395250538930339,-0.10662031287185414,1,1
D10_lb90,10,dd_lookback90,76,SOXX,5,105,2024-05-10,2024-10-09,29,0.07166292185798206,0.014436981495001656,0.006196066797906377,-0.00824091469709528,-0.12451546382428642,-0.15010172289009316,0.25155993431855495,0.3447454844006568,0,-0.05722594036298041,-0.06546685506007568,1,1
D10_lb90,10,dd_lookback90,77,SOXX,8,168,2025-08-01,2026-04-01,30,0.4329721592393472,0.15866805757439584,0.20736449530592913,0.04869643773153329,-0.18501848805024199,-0.1834291613728019,0.3426587301587301,0.4498511904761905,1,-0.27430410166495134,-0.22560766393341805,1,1
D10_lb90,10,dd_lookback90,78,QQQ,7,147,2025-11-12,2026-06-15,30,0.20096913413608264,-0.018947353643036353,0.018367626076319556,0.037314979719355906,-0.12973603679726417,-0.1345684407233758,0.2376417233560091,0.33792517006802725,1,-0.21991648777911899,-0.18260150805976308,0,1
D10_lb90,10,dd_lookback90,79,SOXX,9,189,2023-12-14,2024-09-16,30,0.16790498618580796,0.0008636282377531334,0.010054755609263614,0.00919112737151048,-0.1882736533618384,-0.19398062497026852,0.3310405643738977,0.43201058201058196,1,-0.16704135794805483,-0.15785023057654435,1,1
D10_lb90,10,dd_lookback90,80,QQQ,6,126,2024-01-19,2024-07-19,30,0.13164162035706783,0.01752199700392435,0.028365119281794884,0.010843122277870532,-0.11178035471042873,-0.11845470288039077,0.32089947089947096,0.4148148148148148,1,-0.11411962335314349,-0.10327650107527295,1,1
D10_lb90,10,dd_lookback90,81,QQQ,1,21,2024-11-13,2024-12-12,30,0.027818437813410313,0.02434417817350658,0.02575153946715279,0.0014073612936462074,-0.025412970421883403,-0.0324303117438913,0.3349206349206349,0.4242063492063492,1,-0.003474259639903731,-0.0020668983462575237,1,1
D10_lb90,10,dd_lookback90,82,SOXX,10,210,2024-06-21,2025-04-23,30,-0.303438756357962,-0.10953684636102978,-0.14630798190471575,-0.03677113554368597,-0.21927545671237217,-0.25431521699329107,0.1858730158730159,0.26682539682539674,0,0.19390190999693224,0.15713077445324627,0,0
D10_lb90,10,dd_lookback90,83,QQQ,11,231,2024-05-24,2025-04-28,30,0.03788093693594541,0.02352067792770555,0.03902557774339345,0.015504899815687898,-0.18620256126856274,-0.19025162128571005,0.3011544011544011,0.3958152958152958,1,-0.014360259008239857,0.0011446408074480413,1,1
D10_lb90,10,dd_lookback90,84,SOXX,4,84,2025-03-26,2025-07-25,29,0.21967623083558907,0.08166603233309737,0.07628789504286469,-0.005378137290232676,-0.0830621153910326,-0.09291998409969864,0.3091133004926108,0.34821428571428564,0,-0.1380101985024917,-0.14338833579272436,1,1
D10_lb90,10,dd_lookback90,85,SOXX,3,63,2024-01-12,2024-04-12,29,0.17490145812316005,0.060582022508329274,0.0763625264333426,0.015780503925013324,-0.07771614238565261,-0.08409932338347913,0.3130815544608648,0.44143404488232063,1,-0.11431943561483077,-0.09853893168981745,1,1
D10_lb90,10,dd_lookback90,86,QQQ,4,84,2025-08-13,2025-12-10,30,0.08270595883887877,-0.0020598467100503243,0.00478813920444117,0.006847985914491494,-0.07138796413813867,-0.0864306706025802,0.2472222222222222,0.3704365079365079,1,-0.0847658055489291,-0.0779178196344376,0,1
D10_lb90,10,dd_lookback90,87,QQQ,9,189,2025-08-12,2026-05-12,30,0.22380163982039725,-0.006650453236212702,0.028238136046843214,0.03488858928305592,-0.14081880209020553,-0.15138283579725073,0.2324514991181658,0.3323192239858906,1,-0.23045209305660994,-0.19556350377355403,0,1
D10_lb90,10,dd_lookback90,88,QQQ,3,63,2023-09-06,2023-12-04,30,0.03239382703262561,-0.018888553611716232,-0.005451716252108155,0.013436837359608076,-0.08305897001337256,-0.08815125178468541,0.33492063492063484,0.44246031746031744,1,-0.051282380644341846,-0.03784554328473377,0,0
D10_lb90,10,dd_lookback90,89,QQQ,6,126,2024-03-08,2024-09-06,30,0.025004402915363988,-0.03556560225580011,-0.03287810934270611,0.002687492913094003,-0.13633623776185416,-0.13992274077595232,0.3309523809523809,0.4125,1,-0.0605700051711641,-0.0578825122580701,0,0
D10_lb90,10,dd_lookback90,90,SOXX,4,84,2024-02-09,2024-06-10,29,0.16166404920459776,0.028196290271240643,0.04840094169654092,0.020204651425300275,-0.08636595624850572,-0.09897670096972826,0.3066502463054187,0.42487684729064046,1,-0.1334677589333571,-0.11326310750805685,1,1
D10_lb90,10,dd_lookback90,91,QQQ,6,126,2024-12-26,2025-06-30,30,0.04434109236366246,0.007674866909558949,0.023985991980894843,0.016311125071335895,-0.1278377277741782,-0.14000323470062967,0.2677248677248677,0.3637566137566137,1,-0.03666622545410351,-0.020355100382767617,1,1
D10_lb90,10,dd_lookback90,92,QQQ,2,42,2024-07-11,2024-09-09,30,-0.07616930887243911,-0.0467009139746296,-0.04740964015978023,-0.0007087261851506238,-0.06533070513067755,-0.08032830575814252,0.2119047619047619,0.3392857142857143,0,0.02946839489780951,0.028759668712658885,0,0
D10_lb90,10,dd_lookback90,93,QQQ,8,168,2025-09-04,2026-05-05,30,0.18933459993954838,0.056885856392562835,0.09442516505147736,0.03753930865891452,-0.13213284289849453,-0.13893253727610938,0.26369047619047614,0.3550099206349207,1,-0.13244874354698555,-0.09490943488807102,1,1
D10_lb90,10,dd_lookback90,94,QQQ,11,231,2023-08-28,2024-07-29,29,0.27358869545907205,0.04338844910070174,0.0772615434259164,0.03387309432521466,-0.158549556344278,-0.1537589332134835,0.3985669502910882,0.4774966412897447,1,-0.2302002463583703,-0.19632715203315565,1,1
D10_lb90,10,dd_lookback90,95,SOXX,2,42,2024-10-18,2024-12-17,29,-0.022397322959222588,0.003232917265875716,-0.0058936575645671865,-0.009126574830442902,-0.05504839408824857,-0.069930532841349,0.18308702791461412,0.2409688013136289,0,0.025630240225098303,0.0165036653946554,1,0
D10_lb90,10,dd_lookback90,96,QQQ,9,189,2024-06-04,2025-03-06,30,0.0794127343756903,0.07355495139825723,0.08691672346959074,0.013361772071333516,-0.16750932370479174,-0.16833369764775277,0.31957671957671957,0.42253086419753083,1,-0.005857782977433071,0.0075039890939004456,1,1
D10_lb90,10,dd_lookback90,97,SOXX,5,105,2025-12-31,2026-06-02,30,1.0102699251297969,0.20892373089805882,0.34968565403089447,0.14076192313283564,-0.09511111174694611,-0.11482693232540647,0.24095238095238092,0.3800793650793651,1,-0.801346194231738,-0.6605842710989024,1,1
D10_lb90,10,dd_lookback90,98,QQQ,4,84,2025-02-28,2025-06-30,30,0.08838198760432037,0.04214933024015496,0.0447560641269605,0.0026067338868055456,-0.0667824189847802,-0.0830542925089388,0.2035714285714286,0.2987103174603174,1,-0.04623265736416541,-0.043625923477359864,1,1
D10_lb90,10,dd_lookback90,99,SOXX,2,42,2026-05-13,2026-07-14,30,0.07552608567751218,0.007353907599346913,0.003016946432518582,-0.004336961166828331,-0.019491828187119066,-0.0749074815295073,0.08253968253968254,0.2617063492063492,0,-0.06817217807816527,-0.0725091392449936,1,1
D11_tight_stop08,11,tight_stop08,0,SOXX,4,84,2025-01-15,2025-05-15,29,-0.04268264905560459,-0.025716990511332718,-0.047393595110057814,-0.021676604598725096,-0.09008269398142583,-0.12112482788470424,0.10139573070607558,0.16902709359605908,0,0.016965658544271876,-0.00471094605445322,0,0
D11_tight_stop08,11,tight_stop08,1,SOXX,4,84,2025-11-26,2026-03-30,29,0.06535932477276907,0.13060434817914052,0.14662546517311545,0.016021116993974932,-0.09666914509833963,-0.1140426297238939,0.3259441707717569,0.42251642036124787,1,0.06524502340637145,0.08126614040034638,1,1
D11_tight_stop08,11,tight_stop08,2,SOXX,12,252,2024-06-12,2025-06-13,30,-0.11229341109132818,-0.08609364403663103,-0.1044156448913803,-0.018322000854749276,-0.23588366404305075,-0.25823706767953847,0.21468253968253967,0.2881944444444444,0,0.02619976705469715,0.007877766199947872,0,0
D11_tight_stop08,11,tight_stop08,3,QQQ,1,21,2026-01-13,2026-02-11,30,-0.02096638715391519,-0.014627542256874316,-0.020442551724625793,-0.005815009467751478,-0.05458277455918684,-0.06298223591485298,0.4031746031746032,0.448015873015873,0,0.006338844897040874,0.000523835429289396,0,0
D11_tight_stop08,11,tight_stop08,4,QQQ,8,168,2025-02-28,2025-10-28,30,0.2501946013536971,0.07269972065454076,0.1025405815661841,0.02984086091164334,-0.13812305774620287,-0.14469186808663395,0.2779761904761905,0.36770833333333336,1,-0.1774948806991563,-0.14765401978751297,1,1
D11_tight_stop08,11,tight_stop08,5,SOXX,3,63,2025-03-10,2025-06-06,29,0.11931811258500846,0.023024491089483737,0.013474778244831549,-0.009549712844652189,-0.027145179397823276,-0.045244270077217076,0.08866995073891625,0.1340996168582375,0,-0.09629362149552473,-0.10584333434017691,1,1
D11_tight_stop08,11,tight_stop08,6,SOXX,12,252,2024-10-18,2025-10-21,30,0.27929057935732526,0.08040498987955062,0.10567670665646538,0.025271716776914754,-0.18728003050003003,-0.19413100399699212,0.2891534391534391,0.36058201058201067,1,-0.19888558947777463,-0.17361387270085987,1,1
D11_tight_stop08,11,tight_stop08,7,SOXX,5,105,2024-08-02,2024-12-31,30,0.04615473659290337,-0.007383155687375146,-0.006189788832798641,0.0011933668545765054,-0.09986809917066228,-0.11066831733847575,0.15714285714285714,0.22841269841269843,1,-0.05353789228027851,-0.052344525425702004,0,0
D11_tight_stop08,11,tight_stop08,8,SOXX,11,231,2024-01-29,2024-12-26,30,0.11728595595420654,-0.014050142007062175,-0.0016302341627832616,0.012419907844278913,-0.22765483794891364,-0.23789725486988156,0.2554112554112554,0.3431818181818181,1,-0.13133609796126872,-0.11891619011698981,0,0
D11_tight_stop08,11,tight_stop08,9,QQQ,7,147,2025-12-22,2026-07-24,30,0.10761391047221691,0.011967165923700219,0.05098943373473486,0.03902226781103464,-0.11138535137425892,-0.12536832343087026,0.2068027210884354,0.2878684807256235,1,-0.0956467445485167,-0.056624476737482055,1,1
D11_tight_stop08,11,tight_stop08,10,SOXX,11,231,2025-04-30,2026-03-31,30,0.7991728873661996,0.24120132927579618,0.32475146698293533,0.08355013770713915,-0.18151182396438895,-0.18605627902683003,0.32958152958152964,0.42117604617604615,1,-0.5579715580904034,-0.4744214203832643,1,1
D11_tight_stop08,11,tight_stop08,11,SOXX,7,147,2023-12-07,2024-07-10,30,0.5448438251272811,0.15643696946934116,0.2002481086100626,0.04381113914072143,-0.13145231080705216,-0.13592592569771875,0.34852607709750566,0.4408730158730159,1,-0.38840685565794,-0.34459571651721854,1,1
D11_tight_stop08,11,tight_stop08,12,QQQ,11,231,2024-03-27,2025-02-27,30,0.12982124242441295,0.006866921906544258,0.01579826868990086,0.008931346783356602,-0.13945240282328086,-0.1419075439039734,0.29913419913419914,0.37629870129870124,1,-0.1229543205178687,-0.11402297373451209,1,1
D11_tight_stop08,11,tight_stop08,13,QQQ,10,210,2024-09-30,2025-08-01,30,0.1396406940506143,0.13642248264481188,0.1605272167986361,0.02410473415382422,-0.13907255241929703,-0.1489552415174516,0.29253968253968254,0.3740873015873015,1,-0.003218211405802418,0.020886522748021802,1,1
D11_tight_stop08,11,tight_stop08,14,QQQ,9,189,2025-02-11,2025-11-10,30,0.1848421423831519,0.04006495843578965,0.04423552982178331,0.0041705713859936586,-0.14697553389521303,-0.1540395290053641,0.3174603174603175,0.39783950617283953,1,-0.14477718394736222,-0.14060661256136858,1,1
D11_tight_stop08,11,tight_stop08,15,SOXX,2,42,2023-11-10,2024-01-11,29,0.1337866151876319,0.0774943989489612,0.08386868730005645,0.006374288351095256,-0.05469737112963862,-0.0600486223073909,0.4778325123152709,0.5244252873563219,1,-0.056292216238670714,-0.04991792788757546,1,1
D11_tight_stop08,11,tight_stop08,16,QQQ,8,168,2025-04-17,2025-12-16,30,0.38065075650801794,0.05822628509197105,0.061910639619909856,0.0036843545279388046,-0.09045853742073709,-0.10366015783737045,0.22182539682539681,0.3159722222222222,1,-0.3224244714160469,-0.3187401168881081,1,1
D11_tight_stop08,11,tight_stop08,17,QQQ,3,63,2023-10-12,2024-01-11,29,0.10935443004554912,0.009703347775665807,0.018149713486525654,0.008446365710859847,-0.07684055243996374,-0.08042134534363311,0.3787629994526547,0.46702244116037217,1,-0.09965108226988331,-0.09120471655902347,1,1
D11_tight_stop08,11,tight_stop08,18,SOXX,7,147,2025-06-02,2025-12-30,29,0.4742072430583639,0.08455874395636237,0.13964740899823488,0.055088665041872514,-0.17907138410292056,-0.1774916099792684,0.4133239502697632,0.4990616936429745,1,-0.38964849910200156,-0.334559834060129,1,1
D11_tight_stop08,11,tight_stop08,19,QQQ,2,42,2026-01-20,2026-03-19,30,-0.024734412068352585,-0.003904880697059835,-0.011138782688251747,-0.0072339019911919124,-0.04664148075686558,-0.0588675390690525,0.2563492063492063,0.3055555555555556,0,0.02082953137129275,0.013595629380100838,0,0
D11_tight_stop08,11,tight_stop08,20,QQQ,2,42,2025-12-30,2026-03-02,30,-0.01830706738570409,0.020542259241984707,0.02797362786545905,0.007431368623474342,-0.05202848290647793,-0.06064417724746339,0.3150793650793651,0.3920634920634921,1,0.03884932662768879,0.04628069525116314,1,1
D11_tight_stop08,11,tight_stop08,21,QQQ,8,168,2024-02-14,2024-10-14,30,0.15334197720866793,0.01763376201115824,0.03162778052454692,0.013994018513388683,-0.1322396468346643,-0.138084392082952,0.32797619047619037,0.41889880952380953,1,-0.1357082151975097,-0.121714196684121,1,1
D11_tight_stop08,11,tight_stop08,22,QQQ,4,84,2025-10-15,2026-02-13,30,0.000789757805571778,0.041634413714619276,0.04751194014578206,0.005877526431162787,-0.08767623706279756,-0.09421738638262357,0.3873015873015873,0.4636904761904762,1,0.0408446559090475,0.046722182340210285,1,1
D11_tight_stop08,11,tight_stop08,23,QQQ,3,63,2026-01-08,2026-04-09,30,-0.0153279984002892,-0.00015153970303823558,0.011746341963834424,0.01189788166687266,-0.07822959166317958,-0.09032822471947975,0.2523809523809524,0.3361111111111111,1,0.015176458697250964,0.027074340364123622,0,1
D11_tight_stop08,11,tight_stop08,24,SOXX,5,105,2026-02-10,2026-07-13,30,0.5770256813269112,0.13659686114321096,0.18099007380822477,0.04439321266501381,-0.06750382261710434,-0.10184499247084484,0.12349206349206351,0.2639682539682539,1,-0.4404288201837003,-0.3960356075186865,1,1
D11_tight_stop08,11,tight_stop08,25,QQQ,5,105,2026-01-14,2026-06-15,30,0.20238584863226716,0.04480905436171883,0.058876378351286826,0.014067323989567997,-0.0814089650586057,-0.09422540055754305,0.1892063492063492,0.25976190476190475,1,-0.15757679427054833,-0.14350947028098032,1,1
D11_tight_stop08,11,tight_stop08,26,QQQ,12,252,2025-01-16,2026-01-16,30,0.21698527291142944,0.0058803715805283464,0.021776741833869274,0.015896370253340928,-0.15853139701677746,-0.1662479764819332,0.27777777777777773,0.3668650793650794,1,-0.2111049013309011,-0.19520853107756017,1,1
D11_tight_stop08,11,tight_stop08,27,SOXX,4,84,2026-03-20,2026-07-21,30,0.6629647609934404,0.09246450214498574,0.16547891208081994,0.0730144099358342,-0.045970691350039505,-0.09393662402620671,0.09761904761904759,0.26894841269841263,1,-0.5705002588484547,-0.49748584891262043,1,1
D11_tight_stop08,11,tight_stop08,28,SOXX,10,210,2023-09-12,2024-07-12,30,0.6054241699570708,0.16010458794897048,0.22351709704725073,0.06341250909828025,-0.15291596127570126,-0.14333839282801558,0.3422222222222222,0.43337301587301597,1,-0.44531958200810035,-0.38190707290982007,1,1
D11_tight_stop08,11,tight_stop08,29,QQQ,10,210,2023-11-02,2024-09-04,29,0.2742635518580856,0.07824104849807687,0.09485451798261746,0.016613469484540594,-0.14724112546969834,-0.14906217477446057,0.4203612479474548,0.4794334975369458,1,-0.19602250336000873,-0.17940903387546814,1,1
D11_tight_stop08,11,tight_stop08,30,SOXX,11,231,2025-02-26,2026-01-27,30,0.6222676159829015,0.1711368514401048,0.2307002544078771,0.059563402967772294,-0.19787028190037134,-0.19648920494493455,0.31746031746031744,0.3909090909090909,1,-0.45113076454279666,-0.39156736157502436,1,1
D11_tight_stop08,11,tight_stop08,31,SOXX,4,84,2024-11-26,2025-03-31,30,-0.12412360871542705,-0.032152561625399236,-0.03747988956154693,-0.005327327936147694,-0.09531311281221044,-0.11783411898118931,0.17658730158730157,0.28125000000000006,0,0.09197104709002782,0.08664371915388011,0,0
D11_tight_stop08,11,tight_stop08,32,SOXX,3,63,2024-07-29,2024-10-24,29,-0.004528432055198928,-0.01717969917744293,-0.024721247949782834,-0.0075415487723399025,-0.05077110926622666,-0.06697934087591519,0.09140667761357416,0.16776135741652984,0,-0.012651267122244004,-0.020192815894583906,0,0
D11_tight_stop08,11,tight_stop08,33,SOXX,7,147,2025-09-16,2026-04-16,29,0.5731894193346554,0.2428581070521754,0.3268301846447733,0.08397207759259792,-0.1605512081869748,-0.16561675999302436,0.3309875674407695,0.4339080459770116,1,-0.33033131228248,-0.24635923468988208,1,1
D11_tight_stop08,11,tight_stop08,34,QQQ,4,84,2024-05-31,2024-09-30,30,0.08613665447903895,-0.02094604149667747,-0.006923666850369218,0.01402237464630825,-0.11243876407913302,-0.11147015547014362,0.3619047619047619,0.44355158730158734,1,-0.10708269597571643,-0.09306032132940817,0,0
D11_tight_stop08,11,tight_stop08,35,QQQ,9,189,2025-02-11,2025-11-10,30,0.1848421423831519,0.0778069487759237,0.06461763447772635,-0.01318931429819735,-0.15279406301724527,-0.16086507038083056,0.3052910052910052,0.3742504409171076,0,-0.10703519360722819,-0.12022450790542553,1,1
D11_tight_stop08,11,tight_stop08,36,QQQ,3,63,2025-01-14,2025-04-14,30,-0.0928917402537448,-0.014715106421000608,-0.012031029963383821,0.002684076457616787,-0.0943586033322837,-0.10984925942091252,0.2613756613756614,0.3416666666666666,1,0.0781766338327442,0.08086071029036099,0,0
D11_tight_stop08,11,tight_stop08,37,SOXX,10,210,2024-08-26,2025-06-27,30,0.05767020978785542,0.046170386833983716,0.030554201915706507,-0.01561618491827721,-0.14069969891344225,-0.15816642872366468,0.18349206349206346,0.2534126984126984,0,-0.011499822953871704,-0.027116007872148913,1,1
D11_tight_stop08,11,tight_stop08,38,SOXX,12,252,2024-07-02,2025-07-03,30,-0.019691750048819512,-0.042699691533501484,-0.06120307071460989,-0.018503379181108406,-0.22362703060876782,-0.24997053706305888,0.1978835978835979,0.26875,0,-0.023007941484681972,-0.04151132066579038,0,0
D11_tight_stop08,11,tight_stop08,39,QQQ,5,105,2024-09-23,2025-02-24,30,0.07798173822976961,0.06547072313479577,0.07164953687680159,0.006178813742005823,-0.09793759599584707,-0.10703635747894179,0.40888888888888886,0.4829365079365079,1,-0.012511015094973849,-0.0063322013529680254,1,1
D11_tight_stop08,11,tight_stop08,40,QQQ,12,252,2025-05-13,2026-05-13,30,0.3929080380641541,0.10209609867488217,0.13318564498083948,0.03108954630595731,-0.18245185130402916,-0.19378198905337102,0.31388888888888894,0.3880621693121693,1,-0.2908119393892719,-0.2597223930833146,1,1
D11_tight_stop08,11,tight_stop08,41,SOXX,5,105,2024-12-18,2025-05-21,29,-0.03550491258274213,-0.03958675821020653,-0.057903493437856515,-0.018316735227649983,-0.12360463930904281,-0.1483785138761897,0.1714285714285714,0.24310344827586206,0,-0.0040818456274644005,-0.022398580855114383,0,0
D11_tight_stop08,11,tight_stop08,42,QQQ,1,21,2026-06-01,2026-06-30,30,-0.007446386853765863,-0.004137721075456391,0.0014736484126260533,0.005611369488082444,-0.012896127851843646,-0.024528432868206825,0.10793650793650794,0.21269841269841272,1,0.003308665778309472,0.008920035266391915,0,1
D11_tight_stop08,11,tight_stop08,43,SOXX,5,105,2025-04-30,2025-09-29,30,0.46913595929254015,0.12020837437946033,0.15168628661583483,0.0314779122363745,-0.11467746009539652,-0.11706064581706549,0.391111111111111,0.4585714285714286,1,-0.34892758491307985,-0.3174496726767053,1,1
D11_tight_stop08,11,tight_stop08,44,SOXX,5,105,2024-07-24,2024-12-19,29,-0.07336127646416635,0.014440215493246455,0.006362783538534692,-0.008077431954711764,-0.10254019487332973,-0.11694735603115909,0.1960591133004926,0.2660098522167488,0,0.0878014919574128,0.07972406000270103,1,1
D11_tight_stop08,11,tight_stop08,45,SOXX,12,252,2024-03-06,2025-03-07,30,-0.10757483963704584,-0.08439870231549465,-0.07921931234628032,0.005179389969214326,-0.23166021795046768,-0.24138409780241724,0.24735449735449733,0.3315145502645502,1,0.023176137321551188,0.028355527290765514,0,0
D11_tight_stop08,11,tight_stop08,46,SOXX,11,231,2024-02-13,2025-01-14,30,0.07418656590600592,0.02756966561592551,0.04321010547980754,0.01564043986388203,-0.20760107677177955,-0.22280738191054594,0.2522366522366522,0.3370490620490621,1,-0.04661690029008041,-0.03097646042619838,1,1
D11_tight_stop08,11,tight_stop08,47,QQQ,12,252,2025-06-12,2026-06-12,30,0.3582275230463974,0.10374190539348917,0.13913298066322863,0.03539107526973946,-0.1650181027476526,-0.17775771840934879,0.28941798941798946,0.37423941798941807,1,-0.2544856176529082,-0.21909454238316875,1,1
D11_tight_stop08,11,tight_stop08,48,QQQ,1,21,2025-07-02,2025-07-31,30,0.02579898212369769,0.009147873504681665,0.009664643627366801,0.0005167701226851361,-0.03190240724898848,-0.03725895543251836,0.3682539682539682,0.46984126984126984,1,-0.016651108619016024,-0.016134338496330888,1,1
D11_tight_stop08,11,tight_stop08,49,QQQ,6,126,2024-03-22,2024-09-20,30,0.08250098618182977,-0.011823329141226387,-0.0019018998493420037,0.009921429291884384,-0.1258061830418667,-0.12587176554364243,0.29550264550264543,0.3796296296296296,1,-0.09432431532305616,-0.08440288603117177,0,0
D11_tight_stop08,11,tight_stop08,50,QQQ,11,231,2025-04-16,2026-03-18,30,0.3441101199491847,0.036376948153369094,0.05109955441116054,0.014722606257791447,-0.12889573510110175,-0.13886382306771275,0.26536796536796536,0.34491341991341995,1,-0.3077331717958156,-0.2930105655380242,1,1
D11_tight_stop08,11,tight_stop08,51,SOXX,12,252,2025-05-09,2026-05-11,30,1.7645874371661052,0.4097080988831326,0.5509569343893187,0.1412488355061861,-0.19101367705129177,-0.19820025643979397,0.3484126984126984,0.4347222222222221,1,-1.3548793382829727,-1.2136305027767866,1,1
D11_tight_stop08,11,tight_stop08,52,QQQ,6,126,2024-07-26,2025-01-27,30,0.11403101000835725,0.05681938935261872,0.07175894092034131,0.014939551567722593,-0.12773069541356347,-0.13070673458368523,0.3232804232804233,0.40972222222222227,1,-0.05721162065573853,-0.04227206908801594,1,1
D11_tight_stop08,11,tight_stop08,53,SOXX,9,189,2025-02-25,2025-11-21,30,0.27137739698000374,0.056180111741826515,0.06573445990427641,0.009554348162449898,-0.16495208287193883,-0.1747405228637679,0.28395061728395066,0.35383597883597884,1,-0.21519728523817722,-0.20564293707572734,1,1
D11_tight_stop08,11,tight_stop08,54,QQQ,10,210,2025-06-10,2026-04-10,30,0.14941279936704488,-0.015405285196039335,-0.023398546155631576,-0.007993260959592241,-0.13625480198106962,-0.15025705579102183,0.2634920634920635,0.3373412698412698,0,-0.16481808456308422,-0.17281134552267646,0,0
D11_tight_stop08,11,tight_stop08,55,QQQ,9,189,2024-03-12,2024-12-09,30,0.18252348107739125,0.055664773216138046,0.06593755059879274,0.01027277738265469,-0.12915008536707423,-0.1297730450751032,0.3707231040564374,0.43902116402116403,1,-0.1268587078612532,-0.11658593047859851,1,1
D11_tight_stop08,11,tight_stop08,56,SOXX,1,21,2026-03-06,2026-04-06,30,0.06430085839175526,0.002552041162142956,0.010973369443948389,0.008421328281805432,-0.012963321553764555,-0.03596369578793117,0.06984126984126983,0.22936507936507938,1,-0.0617488172296123,-0.05332748894780687,1,1
D11_tight_stop08,11,tight_stop08,57,QQQ,11,231,2024-12-30,2025-12-01,30,0.2014930365864087,0.06266015330288494,0.0738908552798167,0.011230701976931767,-0.1598500025072416,-0.16615544480119984,0.2909090909090909,0.37124819624819627,1,-0.13883288328352378,-0.127602181306592,1,1
D11_tight_stop08,11,tight_stop08,58,QQQ,4,84,2025-05-06,2025-09-04,30,0.19622773691571815,0.02277270503400945,0.026700199905062387,0.003927494871052938,-0.07513828177160067,-0.08267064714692474,0.29166666666666663,0.37886904761904755,1,-0.17345503188170872,-0.16952753701065576,1,1
D11_tight_stop08,11,tight_stop08,59,SOXX,4,84,2026-02-25,2026-06-25,30,0.7007669266812115,0.09044155816110022,0.19001904282123297,0.09957748466013275,-0.07194405578107436,-0.09621793906123619,0.1384920634920635,0.27698412698412694,1,-0.6103253685201113,-0.5107478838599786,1,1
D11_tight_stop08,11,tight_stop08,60,SOXX,1,21,2024-12-26,2025-01-28,29,-0.04487098139039003,-0.03273396754475295,-0.03205399827590235,0.000679969268850597,-0.06564789337488112,-0.07910336617062368,0.27586206896551724,0.38382594417077176,1,0.012137013845637083,0.01281698311448768,0,0
D11_tight_stop08,11,tight_stop08,61,SOXX,3,63,2024-01-26,2024-04-25,29,0.06710111015930864,0.02188533088741311,0.024951650747734457,0.003066319860321347,-0.05970782911130342,-0.07615477960630006,0.22167487684729062,0.34304871373836887,1,-0.04521577927189553,-0.042149459411574185,1,1
D11_tight_stop08,11,tight_stop08,62,SOXX,3,63,2025-06-20,2025-09-18,29,0.19111850646885342,0.09125785621270052,0.11379482707890856,0.02253697086620804,-0.11324479512224543,-0.11567905531575785,0.48056923918992883,0.5571975916803503,1,-0.0998606502561529,-0.07732367938994486,1,1
D11_tight_stop08,11,tight_stop08,63,QQQ,3,63,2025-10-01,2025-12-30,30,0.0281443024583361,-0.007672257166568985,-0.004200633162465165,0.00347162400410382,-0.057252876515231955,-0.06312460585691973,0.25661375661375657,0.32579365079365086,1,-0.035816559624905084,-0.03234493562080126,0,0
D11_tight_stop08,11,tight_stop08,64,QQQ,2,42,2024-06-12,2024-08-12,30,-0.046509750935051275,-0.030689981486153213,-0.027830410698623527,0.002859570787529686,-0.07187451483260328,-0.07941318990189086,0.3507936507936508,0.43015873015873024,1,0.015819769448898062,0.018679340236427748,0,0
D11_tight_stop08,11,tight_stop08,65,SOXX,7,147,2024-03-27,2024-10-24,29,0.010917916153216245,-0.017449618185238974,-0.01622141151953728,0.0012282066657016942,-0.1614083097554402,-0.17521870304181802,0.2629603565564157,0.3469974196575181,1,-0.02836753433845522,-0.027139327672753524,0,0
D11_tight_stop08,11,tight_stop08,66,QQQ,7,147,2024-06-18,2025-01-17,30,0.0802486743430566,0.00029853127965911254,0.018980714441824954,0.01868218316216584,-0.13011363603454423,-0.12970545834884065,0.35124716553287977,0.42636054421768704,1,-0.0799501430633975,-0.06126795990123165,1,1
D11_tight_stop08,11,tight_stop08,67,SOXX,6,126,2025-02-27,2025-08-27,30,0.2288069130259598,0.09602472964249355,0.09833202411936476,0.0023072944768712106,-0.11061219488937407,-0.12360911463683161,0.3126984126984126,0.3697089947089947,1,-0.13278218338346626,-0.13047488890659503,1,1
D11_tight_stop08,11,tight_stop08,68,SOXX,2,42,2026-01-27,2026-03-26,30,-0.06274182234420844,0.0032193452924548414,-0.005868573966346883,-0.009087919258801725,-0.05896621171963992,-0.08161924049591848,0.19920634920634922,0.31051587301587313,0,0.06596116763666328,0.05687324837786156,1,0
D11_tight_stop08,11,tight_stop08,69,SOXX,8,168,2025-08-27,2026-04-28,30,0.752796897064234,0.17512795042041496,0.2702624209631446,0.09513447054272967,-0.17448596435949304,-0.18216510246705797,0.31924603174603183,0.42762896825396823,1,-0.5776689466438191,-0.4825344761010894,1,1
D11_tight_stop08,11,tight_stop08,70,SOXX,5,105,2024-09-20,2025-02-21,29,0.005406814450626518,0.003468495639504155,0.007683352899146506,0.00421485725964235,-0.09789538854854749,-0.10921819068090084,0.187192118226601,0.2767651888341543,1,-0.001938318811122363,0.0022765384485199875,1,1
D11_tight_stop08,11,tight_stop08,71,SOXX,4,84,2025-09-17,2026-01-15,29,0.30628589985012833,0.09548057248306517,0.1342649044840801,0.03878433200101493,-0.13684856978281387,-0.14238648821348424,0.3788998357963875,0.4684934318555008,1,-0.21080532736706314,-0.17202099536604823,1,1
D11_tight_stop08,11,tight_stop08,72,QQQ,4,84,2025-06-23,2025-10-20,30,0.1516013225816759,0.03716667462224955,0.048957048749800974,0.011790374127551427,-0.08772548229479836,-0.09483725560820402,0.3146825396825397,0.4046626984126985,1,-0.11443464795942637,-0.10264427383187494,1,1
D11_tight_stop08,11,tight_stop08,73,SOXX,10,210,2023-11-28,2024-09-27,30,0.3732977081618618,0.06661678645753953,0.0786120876986405,0.011995301241100972,-0.18894426088698602,-0.19515864721800902,0.3076190476190476,0.3890873015873016,1,-0.30668092170432226,-0.29468562046322133,1,1
D11_tight_stop08,11,tight_stop08,74,QQQ,9,189,2025-04-09,2026-01-08,30,0.33624069066151074,0.13339435324806054,0.16027622290859705,0.026881869660536517,-0.1364775405035114,-0.1413798918632612,0.35555555555555557,0.4257054673721342,1,-0.2028463374134502,-0.1759644677529137,1,1
D11_tight_stop08,11,tight_stop08,75,QQQ,12,252,2024-12-19,2025-12-22,30,0.21234993913837386,0.07282488524533995,0.09847737299022064,0.025652487744880687,-0.15411353549119883,-0.17001026957722465,0.2826719576719577,0.35896164021164023,1,-0.1395250538930339,-0.11387256614815322,1,1
D11_tight_stop08,11,tight_stop08,76,SOXX,5,105,2024-05-10,2024-10-09,29,0.07166292185798206,0.014436981495001656,0.009608935599035116,-0.00482804589596654,-0.12451546382428642,-0.1472826697309733,0.25155993431855495,0.32931034482758614,0,-0.05722594036298041,-0.06205398625894695,1,1
D11_tight_stop08,11,tight_stop08,77,SOXX,8,168,2025-08-01,2026-04-01,30,0.4329721592393472,0.15866805757439584,0.20902490934673632,0.05035685177234048,-0.18501848805024199,-0.18223891455017774,0.3426587301587301,0.442013888888889,1,-0.27430410166495134,-0.22394724989261086,1,1
D11_tight_stop08,11,tight_stop08,78,QQQ,7,147,2025-11-12,2026-06-15,30,0.20096913413608264,-0.018947353643036353,0.0019189143552143665,0.02086626799825072,-0.12973603679726417,-0.1346163837967073,0.2376417233560091,0.3207482993197279,1,-0.21991648777911899,-0.19905021978086826,0,1
D11_tight_stop08,11,tight_stop08,79,SOXX,9,189,2023-12-14,2024-09-16,30,0.16790498618580796,0.0008636282377531334,0.0020938073593737266,0.001230179121620593,-0.1882736533618384,-0.19574970720926682,0.3310405643738977,0.41388888888888886,1,-0.16704135794805483,-0.16581117882643423,1,1
D11_tight_stop08,11,tight_stop08,80,QQQ,6,126,2024-01-19,2024-07-19,30,0.13164162035706783,0.01752199700392435,0.02885618817962955,0.011334191175705197,-0.11178035471042873,-0.1188971619602446,0.32089947089947096,0.40694444444444444,1,-0.11411962335314349,-0.10278543217743828,1,1
D11_tight_stop08,11,tight_stop08,81,QQQ,1,21,2024-11-13,2024-12-12,30,0.027818437813410313,0.02434417817350658,0.02696159161501396,0.0026174134415073783,-0.025412970421883403,-0.030819039716223778,0.3349206349206349,0.40515873015873016,1,-0.003474259639903731,-0.0008568461983963528,1,1
D11_tight_stop08,11,tight_stop08,82,SOXX,10,210,2024-06-21,2025-04-23,30,-0.303438756357962,-0.10953684636102978,-0.1371112839000595,-0.027574437539029717,-0.21927545671237217,-0.24558501426171883,0.1858730158730159,0.2619047619047619,0,0.19390190999693224,0.16632747245790253,0,0
D11_tight_stop08,11,tight_stop08,83,QQQ,11,231,2024-05-24,2025-04-28,30,0.03788093693594541,0.02352067792770555,0.04165622349294855,0.018135545565242998,-0.18620256126856274,-0.1877723968640558,0.3011544011544011,0.3839105339105338,1,-0.014360259008239857,0.0037752865570031408,1,1
D11_tight_stop08,11,tight_stop08,84,SOXX,4,84,2025-03-26,2025-07-25,29,0.21967623083558907,0.08166603233309737,0.07461990594016985,-0.007046126392927524,-0.0830621153910326,-0.09238051359312036,0.3091133004926108,0.3457512315270936,0,-0.1380101985024917,-0.14505632489541923,1,1
D11_tight_stop08,11,tight_stop08,85,SOXX,3,63,2024-01-12,2024-04-12,29,0.17490145812316005,0.060582022508329274,0.07250037892085882,0.01191835641252955,-0.07771614238565261,-0.08437209844137881,0.3130815544608648,0.429392446633826,1,-0.11431943561483077,-0.10240107920230122,1,1
D11_tight_stop08,11,tight_stop08,86,QQQ,4,84,2025-08-13,2025-12-10,30,0.08270595883887877,-0.0020598467100503243,0.005911021038412138,0.007970867748462462,-0.07138796413813867,-0.08273728159690091,0.2472222222222222,0.3391865079365079,1,-0.0847658055489291,-0.07679493780046663,0,1
D11_tight_stop08,11,tight_stop08,87,QQQ,9,189,2025-08-12,2026-05-12,30,0.22380163982039725,-0.006650453236212702,0.015398926392453915,0.022049379628666616,-0.14081880209020553,-0.1490715955664316,0.2324514991181658,0.3126543209876543,1,-0.23045209305660994,-0.20840271342794334,0,1
D11_tight_stop08,11,tight_stop08,88,QQQ,3,63,2023-09-06,2023-12-04,30,0.03239382703262561,-0.018888553611716232,-0.013368519287548434,0.0055200343241677986,-0.08305897001337256,-0.08949071681889888,0.33492063492063484,0.4231481481481481,1,-0.051282380644341846,-0.04576234632017404,0,0
D11_tight_stop08,11,tight_stop08,89,QQQ,6,126,2024-03-08,2024-09-06,30,0.025004402915363988,-0.03556560225580011,-0.03451546077138547,0.0010501414844146448,-0.13633623776185416,-0.1409349730272116,0.3309523809523809,0.40304232804232804,1,-0.0605700051711641,-0.059519863686749455,0,0
D11_tight_stop08,11,tight_stop08,90,SOXX,4,84,2024-02-09,2024-06-10,29,0.16166404920459776,0.028196290271240643,0.04391527353298611,0.015718983261745468,-0.08636595624850572,-0.09710622197087643,0.3066502463054187,0.4053776683087028,1,-0.1334677589333571,-0.11774877567161166,1,1
D11_tight_stop08,11,tight_stop08,91,QQQ,6,126,2024-12-26,2025-06-30,30,0.04434109236366246,0.007674866909558949,0.017006061686534422,0.009331194776975475,-0.1278377277741782,-0.13737054779809188,0.2677248677248677,0.3418650793650793,1,-0.03666622545410351,-0.027335030677128037,1,1
D11_tight_stop08,11,tight_stop08,92,QQQ,2,42,2024-07-11,2024-09-09,30,-0.07616930887243911,-0.0467009139746296,-0.04666106902885023,3.984494577937564e-05,-0.06533070513067755,-0.0814364450796946,0.2119047619047619,0.3259920634920635,1,0.02946839489780951,0.029508239843588885,0,0
D11_tight_stop08,11,tight_stop08,93,QQQ,8,168,2025-09-04,2026-05-05,30,0.18933459993954838,0.056885856392562835,0.08303733830701805,0.026151481914455217,-0.13213284289849453,-0.13873279554993237,0.26369047619047614,0.33546626984126976,1,-0.13244874354698555,-0.10629726163253032,1,1
D11_tight_stop08,11,tight_stop08,94,QQQ,11,231,2023-08-28,2024-07-29,29,0.27358869545907205,0.04338844910070174,0.07541064190705207,0.03202219280635033,-0.158549556344278,-0.15321478376466005,0.3985669502910882,0.469585012688461,1,-0.2302002463583703,-0.19817805355201998,1,1
D11_tight_stop08,11,tight_stop08,95,SOXX,2,42,2024-10-18,2024-12-17,29,-0.022397322959222588,0.003232917265875716,0.005164953678640021,0.0019320364127643048,-0.05504839408824857,-0.06928830584336004,0.18308702791461412,0.2738095238095238,1,0.025630240225098303,0.027562276637862607,1,1
D11_tight_stop08,11,tight_stop08,96,QQQ,9,189,2024-06-04,2025-03-06,30,0.0794127343756903,0.07355495139825723,0.08598560907459149,0.012430657676334264,-0.16750932370479174,-0.16807621709182582,0.31957671957671957,0.41111111111111115,1,-0.005857782977433071,0.006572874698901193,1,1
D11_tight_stop08,11,tight_stop08,97,SOXX,5,105,2025-12-31,2026-06-02,30,1.0102699251297969,0.20892373089805882,0.34208199559083075,0.13315826469277192,-0.09511111174694611,-0.11427490361456728,0.24095238095238092,0.3627777777777777,1,-0.801346194231738,-0.6681879295389661,1,1
D11_tight_stop08,11,tight_stop08,98,QQQ,4,84,2025-02-28,2025-06-30,30,0.08838198760432037,0.04214933024015496,0.042038932864800205,-0.00011039737535475241,-0.0667824189847802,-0.07936765449323074,0.2035714285714286,0.26984126984126977,0,-0.04623265736416541,-0.04634305473952016,1,1
D11_tight_stop08,11,tight_stop08,99,SOXX,2,42,2026-05-13,2026-07-14,30,0.07552608567751218,0.007353907599346913,0.004414361038579676,-0.002939546560767237,-0.019491828187119066,-0.0719108941588806,0.08253968253968254,0.25376984126984126,0,-0.06817217807816527,-0.0711117246389325,1,1
D12_loose_stop20,12,loose_stop20,0,SOXX,4,84,2025-01-15,2025-05-15,29,-0.04268264905560459,-0.025716990511332718,-0.05405171193772342,-0.028334721426390704,-0.09008269398142583,-0.14314686830950166,0.10139573070607558,0.22300903119868642,0,0.016965658544271876,-0.011369062882118829,0,0
D12_loose_stop20,12,loose_stop20,1,SOXX,4,84,2025-11-26,2026-03-30,29,0.06535932477276907,0.13060434817914052,0.15591187111407495,0.025307522934934434,-0.09666914509833963,-0.11429421960279387,0.3259441707717569,0.4525862068965517,1,0.06524502340637145,0.09055254634130588,1,1
D12_loose_stop20,12,loose_stop20,2,SOXX,12,252,2024-06-12,2025-06-13,30,-0.11229341109132818,-0.08609364403663103,-0.10993105399593808,-0.023837409959307054,-0.23588366404305075,-0.27355305852780604,0.21468253968253967,0.33468915343915356,0,0.02619976705469715,0.002362357095390094,0,0
D12_loose_stop20,12,loose_stop20,3,QQQ,1,21,2026-01-13,2026-02-11,30,-0.02096638715391519,-0.014627542256874316,-0.02135125957865437,-0.006723717321780053,-0.05458277455918684,-0.06864656668396361,0.4031746031746032,0.4797619047619047,0,0.006338844897040874,-0.00038487242473917924,0,0
D12_loose_stop20,12,loose_stop20,4,QQQ,8,168,2025-02-28,2025-10-28,30,0.2501946013536971,0.07269972065454076,0.10481963581675405,0.03211991516221328,-0.13812305774620287,-0.14397466041408638,0.2779761904761905,0.3996527777777778,1,-0.1774948806991563,-0.14537496553694304,1,1
D12_loose_stop20,12,loose_stop20,5,SOXX,3,63,2025-03-10,2025-06-06,29,0.11931811258500846,0.023024491089483737,0.014481089920974686,-0.008543401168509051,-0.027145179397823276,-0.062165491159762006,0.08866995073891625,0.19649698960043788,0,-0.09629362149552473,-0.10483702266403377,1,1
D12_loose_stop20,12,loose_stop20,6,SOXX,12,252,2024-10-18,2025-10-21,30,0.27929057935732526,0.08040498987955062,0.09432357230589256,0.013918582426341933,-0.18728003050003003,-0.2042867399002938,0.2891534391534391,0.3896494708994709,1,-0.19888558947777463,-0.1849670070514327,1,1
D12_loose_stop20,12,loose_stop20,7,SOXX,5,105,2024-08-02,2024-12-31,30,0.04615473659290337,-0.007383155687375146,-0.002839532266992902,0.004543623420382245,-0.09986809917066228,-0.12285535047408554,0.15714285714285714,0.29055555555555557,1,-0.05353789228027851,-0.048994268859896266,0,0
D12_loose_stop20,12,loose_stop20,8,SOXX,11,231,2024-01-29,2024-12-26,30,0.11728595595420654,-0.014050142007062175,0.011595834337859852,0.02564597634492203,-0.22765483794891364,-0.24141453748173772,0.2554112554112554,0.3852453102453103,1,-0.13133609796126872,-0.1056901216163467,0,1
D12_loose_stop20,12,loose_stop20,9,QQQ,7,147,2025-12-22,2026-07-24,30,0.10761391047221691,0.011967165923700219,0.053952701239104735,0.04198553531540451,-0.11138535137425892,-0.12816928511680564,0.2068027210884354,0.3273242630385488,1,-0.0956467445485167,-0.05366120923311218,1,1
D12_loose_stop20,12,loose_stop20,10,SOXX,11,231,2025-04-30,2026-03-31,30,0.7991728873661996,0.24120132927579618,0.3531502950046196,0.1119489657288234,-0.18151182396438895,-0.18132795962053702,0.32958152958152964,0.4475829725829727,1,-0.5579715580904034,-0.44602259236158004,1,1
D12_loose_stop20,12,loose_stop20,11,SOXX,7,147,2023-12-07,2024-07-10,30,0.5448438251272811,0.15643696946934116,0.21238504870761493,0.055948079238273773,-0.13145231080705216,-0.13745596865569404,0.34852607709750566,0.4702380952380951,1,-0.38840685565794,-0.3324587764196662,1,1
D12_loose_stop20,12,loose_stop20,12,QQQ,11,231,2024-03-27,2025-02-27,30,0.12982124242441295,0.006866921906544258,0.027079792405659105,0.020212870499114848,-0.13945240282328086,-0.13930051618870537,0.29913419913419914,0.4009018759018759,1,-0.1229543205178687,-0.10274145001875384,1,1
D12_loose_stop20,12,loose_stop20,13,QQQ,10,210,2024-09-30,2025-08-01,30,0.1396406940506143,0.13642248264481188,0.1606280585348463,0.024205575890034414,-0.13907255241929703,-0.14747931459426475,0.29253968253968254,0.40702380952380957,1,-0.003218211405802418,0.020987364484231996,1,1
D12_loose_stop20,12,loose_stop20,14,QQQ,9,189,2025-02-11,2025-11-10,30,0.1848421423831519,0.04006495843578965,0.047017130594166595,0.006952172158376943,-0.14697553389521303,-0.15340995910543778,0.3174603174603175,0.43276014109347455,1,-0.14477718394736222,-0.1378250117889853,1,1
D12_loose_stop20,12,loose_stop20,15,SOXX,2,42,2023-11-10,2024-01-11,29,0.1337866151876319,0.0774943989489612,0.08718030652445738,0.009685907575496186,-0.05469737112963862,-0.06165138651579801,0.4778325123152709,0.5566502463054187,1,-0.056292216238670714,-0.04660630866317453,1,1
D12_loose_stop20,12,loose_stop20,16,QQQ,8,168,2025-04-17,2025-12-16,30,0.38065075650801794,0.05822628509197105,0.07308954961790239,0.014863264525931334,-0.09045853742073709,-0.10940148084334697,0.22182539682539681,0.36130952380952375,1,-0.3224244714160469,-0.30756120689011557,1,1
D12_loose_stop20,12,loose_stop20,17,QQQ,3,63,2023-10-12,2024-01-11,29,0.10935443004554912,0.009703347775665807,0.030504747967954132,0.020801400192288325,-0.07684055243996374,-0.07805462865807165,0.3787629994526547,0.49343185550082097,1,-0.09965108226988331,-0.07884968207759499,1,1
D12_loose_stop20,12,loose_stop20,18,SOXX,7,147,2025-06-02,2025-12-30,29,0.4742072430583639,0.08455874395636237,0.15219205600211977,0.0676333120457574,-0.17907138410292056,-0.17423409174280854,0.4133239502697632,0.5175932441942294,1,-0.38964849910200156,-0.32201518705624416,1,1
D12_loose_stop20,12,loose_stop20,19,QQQ,2,42,2026-01-20,2026-03-19,30,-0.024734412068352585,-0.003904880697059835,-0.015426194016534186,-0.011521313319474352,-0.04664148075686558,-0.06621750432581244,0.2563492063492063,0.34940476190476194,0,0.02082953137129275,0.009308218051818399,0,0
D12_loose_stop20,12,loose_stop20,20,QQQ,2,42,2025-12-30,2026-03-02,30,-0.01830706738570409,0.020542259241984707,0.02639057681928736,0.005848317577302652,-0.05202848290647793,-0.06595522756186364,0.3150793650793651,0.41805555555555557,1,0.03884932662768879,0.04469764420499145,1,1
D12_loose_stop20,12,loose_stop20,21,QQQ,8,168,2024-02-14,2024-10-14,30,0.15334197720866793,0.01763376201115824,0.0416263688706557,0.02399260685949746,-0.1322396468346643,-0.13431041977030264,0.32797619047619037,0.448859126984127,1,-0.1357082151975097,-0.11171560833801224,1,1
D12_loose_stop20,12,loose_stop20,22,QQQ,4,84,2025-10-15,2026-02-13,30,0.000789757805571778,0.041634413714619276,0.05583203152443336,0.014197617809814086,-0.08767623706279756,-0.09565012230892912,0.3873015873015873,0.49384920634920637,1,0.0408446559090475,0.055042273718861584,1,1
D12_loose_stop20,12,loose_stop20,23,QQQ,3,63,2026-01-08,2026-04-09,30,-0.0153279984002892,-0.00015153970303823558,0.00802221769368289,0.008173757396721127,-0.07822959166317958,-0.09514770458537085,0.2523809523809524,0.3575396825396825,1,0.015176458697250964,0.02335021609397209,0,1
D12_loose_stop20,12,loose_stop20,24,SOXX,5,105,2026-02-10,2026-07-13,30,0.5770256813269112,0.13659686114321096,0.21376757521648854,0.07717071407327758,-0.06750382261710434,-0.10414014721151486,0.12349206349206351,0.31452380952380954,1,-0.4404288201837003,-0.3632581061104227,1,1
D12_loose_stop20,12,loose_stop20,25,QQQ,5,105,2026-01-14,2026-06-15,30,0.20238584863226716,0.04480905436171883,0.06042825579482323,0.015619201433104399,-0.0814089650586057,-0.10144531925495542,0.1892063492063492,0.2981746031746032,1,-0.15757679427054833,-0.14195759283744394,1,1
D12_loose_stop20,12,loose_stop20,26,QQQ,12,252,2025-01-16,2026-01-16,30,0.21698527291142944,0.0058803715805283464,0.02849812236872455,0.022617750788196205,-0.15853139701677746,-0.1697354534200005,0.27777777777777773,0.4014880952380952,1,-0.2111049013309011,-0.18848715054270487,1,1
D12_loose_stop20,12,loose_stop20,27,SOXX,4,84,2026-03-20,2026-07-21,30,0.6629647609934404,0.09246450214498574,0.18706396550567217,0.09459946336068643,-0.045970691350039505,-0.09871049368365761,0.09761904761904759,0.2994047619047619,1,-0.5705002588484547,-0.4759007954877682,1,1
D12_loose_stop20,12,loose_stop20,28,SOXX,10,210,2023-09-12,2024-07-12,30,0.6054241699570708,0.16010458794897048,0.23154095964022117,0.0714363716912507,-0.15291596127570126,-0.1431813001340762,0.3422222222222222,0.46615079365079365,1,-0.44531958200810035,-0.3738832103168497,1,1
D12_loose_stop20,12,loose_stop20,29,QQQ,10,210,2023-11-02,2024-09-04,29,0.2742635518580856,0.07824104849807687,0.09388050651137221,0.015639458013295346,-0.14724112546969834,-0.15415500734595433,0.4203612479474548,0.5041871921182266,1,-0.19602250336000873,-0.1803830453467134,1,1
D12_loose_stop20,12,loose_stop20,30,SOXX,11,231,2025-02-26,2026-01-27,30,0.6222676159829015,0.1711368514401048,0.21477810509302708,0.04364125365292229,-0.19787028190037134,-0.19565111067226446,0.31746031746031744,0.4147186147186147,1,-0.45113076454279666,-0.4074895108898744,1,1
D12_loose_stop20,12,loose_stop20,31,SOXX,4,84,2024-11-26,2025-03-31,30,-0.12412360871542705,-0.032152561625399236,-0.04298926396247468,-0.010836702337075448,-0.09531311281221044,-0.12514785225191105,0.17658730158730157,0.32529761904761906,0,0.09197104709002782,0.08113434475295236,0,0
D12_loose_stop20,12,loose_stop20,32,SOXX,3,63,2024-07-29,2024-10-24,29,-0.004528432055198928,-0.01717969917744293,-0.029891857194588083,-0.012712158017145151,-0.05077110926622666,-0.0810895771503164,0.09140667761357416,0.22646414887794197,0,-0.012651267122244004,-0.025363425139389155,0,0
D12_loose_stop20,12,loose_stop20,33,SOXX,7,147,2025-09-16,2026-04-16,29,0.5731894193346554,0.2428581070521754,0.3463405866656998,0.10348247961352439,-0.1605512081869748,-0.16220702125906328,0.3309875674407695,0.4594768942059583,1,-0.33033131228248,-0.2268488326689556,1,1
D12_loose_stop20,12,loose_stop20,34,QQQ,4,84,2024-05-31,2024-09-30,30,0.08613665447903895,-0.02094604149667747,-0.0019936016825227126,0.018952439814154756,-0.11243876407913302,-0.11371686707689134,0.3619047619047619,0.4680555555555556,1,-0.10708269597571643,-0.08813025616156167,0,0
D12_loose_stop20,12,loose_stop20,35,QQQ,9,189,2025-02-11,2025-11-10,30,0.1848421423831519,0.0778069487759237,0.07124764614049309,-0.006559302635430614,-0.15279406301724527,-0.16067144986325874,0.3052910052910052,0.4135361552028219,0,-0.10703519360722819,-0.1135944962426588,1,1
D12_loose_stop20,12,loose_stop20,36,QQQ,3,63,2025-01-14,2025-04-14,30,-0.0928917402537448,-0.014715106421000608,-0.021091284172846517,-0.006376177751845909,-0.0943586033322837,-0.12378073339101452,0.2613756613756614,0.3752645502645502,0,0.0781766338327442,0.07180045608089829,0,0
D12_loose_stop20,12,loose_stop20,37,SOXX,10,210,2024-08-26,2025-06-27,30,0.05767020978785542,0.046170386833983716,0.01907171800934436,-0.027098668824639356,-0.14069969891344225,-0.17449410106069935,0.18349206349206346,0.3001190476190477,0,-0.011499822953871704,-0.03859849177851106,1,1
D12_loose_stop20,12,loose_stop20,38,SOXX,12,252,2024-07-02,2025-07-03,30,-0.019691750048819512,-0.042699691533501484,-0.061019707343600044,-0.01832001581009856,-0.22362703060876782,-0.26508225325955437,0.1978835978835979,0.32060185185185186,0,-0.023007941484681972,-0.04132795729478053,0,0
D12_loose_stop20,12,loose_stop20,39,QQQ,5,105,2024-09-23,2025-02-24,30,0.07798173822976961,0.06547072313479577,0.07459598076901917,0.009125257634223408,-0.09793759599584707,-0.1055701715202277,0.40888888888888886,0.4934920634920635,1,-0.012511015094973849,-0.003385757460750441,1,1
D12_loose_stop20,12,loose_stop20,40,QQQ,12,252,2025-05-13,2026-05-13,30,0.3929080380641541,0.10209609867488217,0.12653429744037117,0.024438198765489,-0.18245185130402916,-0.2070524680575007,0.31388888888888894,0.4251322751322751,1,-0.2908119393892719,-0.26637374062378294,1,1
D12_loose_stop20,12,loose_stop20,41,SOXX,5,105,2024-12-18,2025-05-21,29,-0.03550491258274213,-0.03958675821020653,-0.06946721510717348,-0.029880456896966945,-0.12360463930904281,-0.1698419346267721,0.1714285714285714,0.28505747126436787,0,-0.0040818456274644005,-0.033962302524431345,0,0
D12_loose_stop20,12,loose_stop20,42,QQQ,1,21,2026-06-01,2026-06-30,30,-0.007446386853765863,-0.004137721075456391,0.0018838444112402061,0.006021565486696597,-0.012896127851843646,-0.028740200078420507,0.10793650793650794,0.26071428571428573,1,0.003308665778309472,0.009330231265006069,0,1
D12_loose_stop20,12,loose_stop20,43,SOXX,5,105,2025-04-30,2025-09-29,30,0.46913595929254015,0.12020837437946033,0.16116417715180356,0.04095580277234323,-0.11467746009539652,-0.1176700437099254,0.391111111111111,0.47865079365079366,1,-0.34892758491307985,-0.3079717821407366,1,1
D12_loose_stop20,12,loose_stop20,44,SOXX,5,105,2024-07-24,2024-12-19,29,-0.07336127646416635,0.014440215493246455,0.016254415346233328,0.0018141998529868728,-0.10254019487332973,-0.12163744620652557,0.1960591133004926,0.3294745484400657,1,0.0878014919574128,0.08961569181039968,1,1
D12_loose_stop20,12,loose_stop20,45,SOXX,12,252,2024-03-06,2025-03-07,30,-0.10757483963704584,-0.08439870231549465,-0.08331968907381451,0.001079013241680138,-0.23166021795046768,-0.24799464183723946,0.24735449735449733,0.3776124338624338,1,0.023176137321551188,0.024255150563231326,0,0
D12_loose_stop20,12,loose_stop20,46,SOXX,11,231,2024-02-13,2025-01-14,30,0.07418656590600592,0.02756966561592551,0.05982187777073596,0.032252212154810445,-0.20760107677177955,-0.22270705385091205,0.2522366522366522,0.3823593073593074,1,-0.04661690029008041,-0.014364688135269962,1,1
D12_loose_stop20,12,loose_stop20,47,QQQ,12,252,2025-06-12,2026-06-12,30,0.3582275230463974,0.10374190539348917,0.1514620845953541,0.04772017920186493,-0.1650181027476526,-0.18417386996772614,0.28941798941798946,0.4116732804232804,1,-0.2544856176529082,-0.20676543845104328,1,1
D12_loose_stop20,12,loose_stop20,48,QQQ,1,21,2025-07-02,2025-07-31,30,0.02579898212369769,0.009147873504681665,0.009365152472561785,0.00021727896788011937,-0.03190240724898848,-0.03864237749081293,0.3682539682539682,0.4865079365079365,1,-0.016651108619016024,-0.016433829651135906,1,1
D12_loose_stop20,12,loose_stop20,49,QQQ,6,126,2024-03-22,2024-09-20,30,0.08250098618182977,-0.011823329141226387,0.008785974807523486,0.020609303948749873,-0.1258061830418667,-0.12435456559445562,0.29550264550264543,0.4066798941798942,1,-0.09432431532305616,-0.07371501137430629,0,1
D12_loose_stop20,12,loose_stop20,50,QQQ,11,231,2025-04-16,2026-03-18,30,0.3441101199491847,0.036376948153369094,0.06561219687439063,0.029235248721021533,-0.12889573510110175,-0.14515923280528137,0.26536796536796536,0.38665223665223664,1,-0.3077331717958156,-0.2784979230747941,1,1
D12_loose_stop20,12,loose_stop20,51,SOXX,12,252,2025-05-09,2026-05-11,30,1.7645874371661052,0.4097080988831326,0.6073833958099673,0.19767529692683466,-0.19101367705129177,-0.19078111644939438,0.3484126984126984,0.46600529100529103,1,-1.3548793382829727,-1.157204041356138,1,1
D12_loose_stop20,12,loose_stop20,52,QQQ,6,126,2024-07-26,2025-01-27,30,0.11403101000835725,0.05681938935261872,0.08561600703149787,0.02879661767887915,-0.12773069541356347,-0.12944916936152845,0.3232804232804233,0.4388227513227514,1,-0.05721162065573853,-0.02841500297685938,1,1
D12_loose_stop20,12,loose_stop20,53,SOXX,9,189,2025-02-25,2025-11-21,30,0.27137739698000374,0.056180111741826515,0.049580443712963565,-0.00659966802886295,-0.16495208287193883,-0.1808997184452691,0.28395061728395066,0.38540564373897707,0,-0.21519728523817722,-0.2217969532670402,1,1
D12_loose_stop20,12,loose_stop20,54,QQQ,10,210,2025-06-10,2026-04-10,30,0.14941279936704488,-0.015405285196039335,-0.029788635032862644,-0.014383349836823309,-0.13625480198106962,-0.16240531389998522,0.2634920634920635,0.3723809523809524,0,-0.16481808456308422,-0.17920143439990752,0,0
D12_loose_stop20,12,loose_stop20,55,QQQ,9,189,2024-03-12,2024-12-09,30,0.18252348107739125,0.055664773216138046,0.06377166605952296,0.008106892843384915,-0.12915008536707423,-0.13332001454912584,0.3707231040564374,0.4646825396825397,1,-0.1268587078612532,-0.11875181501786829,1,1
D12_loose_stop20,12,loose_stop20,56,SOXX,1,21,2026-03-06,2026-04-06,30,0.06430085839175526,0.002552041162142956,0.020010532702558967,0.01745849154041601,-0.012963321553764555,-0.043678765763574594,0.06984126984126983,0.2888888888888889,1,-0.0617488172296123,-0.04429032568919629,1,1
D12_loose_stop20,12,loose_stop20,57,QQQ,11,231,2024-12-30,2025-12-01,30,0.2014930365864087,0.06266015330288494,0.0896357724040187,0.02697561910113376,-0.1598500025072416,-0.1613621748972144,0.2909090909090909,0.4082251082251082,1,-0.13883288328352378,-0.11185726418239002,1,1
D12_loose_stop20,12,loose_stop20,58,QQQ,4,84,2025-05-06,2025-09-04,30,0.19622773691571815,0.02277270503400945,0.03371263037952026,0.010939925345510814,-0.07513828177160067,-0.08511814128149409,0.29166666666666663,0.4176587301587301,1,-0.17345503188170872,-0.16251510653619788,1,1
D12_loose_stop20,12,loose_stop20,59,SOXX,4,84,2026-02-25,2026-06-25,30,0.7007669266812115,0.09044155816110022,0.22167145736426222,0.131229899203162,-0.07194405578107436,-0.09741670023844401,0.1384920634920635,0.3243055555555555,1,-0.6103253685201113,-0.47909546931694935,1,1
D12_loose_stop20,12,loose_stop20,60,SOXX,1,21,2024-12-26,2025-01-28,29,-0.04487098139039003,-0.03273396754475295,-0.03304087943874172,-0.0003069118939887719,-0.06564789337488112,-0.08097063311976062,0.27586206896551724,0.4006568144499179,0,0.012137013845637083,0.011830101951648311,0,0
D12_loose_stop20,12,loose_stop20,61,SOXX,3,63,2024-01-26,2024-04-25,29,0.06710111015930864,0.02188533088741311,0.01987674098740214,-0.00200858990001097,-0.05970782911130342,-0.08603286056079737,0.22167487684729062,0.3791735084838533,0,-0.04521577927189553,-0.047224369171906505,1,1
D12_loose_stop20,12,loose_stop20,62,SOXX,3,63,2025-06-20,2025-09-18,29,0.19111850646885342,0.09125785621270052,0.11587277402737681,0.024614917814676285,-0.11324479512224543,-0.1172102156912749,0.48056923918992883,0.5775862068965517,1,-0.0998606502561529,-0.07524573244147661,1,1
D12_loose_stop20,12,loose_stop20,63,QQQ,3,63,2025-10-01,2025-12-30,30,0.0281443024583361,-0.007672257166568985,-0.00786052374861328,-0.000188266582044295,-0.057252876515231955,-0.06838990227028188,0.25661375661375657,0.360978835978836,0,-0.035816559624905084,-0.03600482620694938,0,0
D12_loose_stop20,12,loose_stop20,64,QQQ,2,42,2024-06-12,2024-08-12,30,-0.046509750935051275,-0.030689981486153213,-0.02901417090810211,0.0016758105780511033,-0.07187451483260328,-0.08586865658603475,0.3507936507936508,0.4625,1,0.015819769448898062,0.017495580026949165,0,0
D12_loose_stop20,12,loose_stop20,65,SOXX,7,147,2024-03-27,2024-10-24,29,0.010917916153216245,-0.017449618185238974,-0.01583936332866993,0.0016102548565690433,-0.1614083097554402,-0.1804942714942654,0.2629603565564157,0.3940300258034249,1,-0.02836753433845522,-0.026757279481886175,0,0
D12_loose_stop20,12,loose_stop20,66,QQQ,7,147,2024-06-18,2025-01-17,30,0.0802486743430566,0.00029853127965911254,0.027438249621281156,0.027139718341622043,-0.13011363603454423,-0.1275358961259286,0.35124716553287977,0.445408163265306,1,-0.0799501430633975,-0.05281042472177545,1,1
D12_loose_stop20,12,loose_stop20,67,SOXX,6,126,2025-02-27,2025-08-27,30,0.2288069130259598,0.09602472964249355,0.09905521238294976,0.0030304827404562112,-0.11061219488937407,-0.1280028849666601,0.3126984126984126,0.40952380952380957,1,-0.13278218338346626,-0.12975170064301003,1,1
D12_loose_stop20,12,loose_stop20,68,SOXX,2,42,2026-01-27,2026-03-26,30,-0.06274182234420844,0.0032193452924548414,0.006395609036092154,0.0031762637436373122,-0.05896621171963992,-0.08196320017505303,0.19920634920634922,0.36190476190476184,1,0.06596116763666328,0.0691374313803006,1,1
D12_loose_stop20,12,loose_stop20,69,SOXX,8,168,2025-08-27,2026-04-28,30,0.752796897064234,0.17512795042041496,0.29616725617530465,0.12103930575488969,-0.17448596435949304,-0.17721738017650213,0.31924603174603183,0.4507936507936508,1,-0.5776689466438191,-0.4566296408889294,1,1
D12_loose_stop20,12,loose_stop20,70,SOXX,5,105,2024-09-20,2025-02-21,29,0.005406814450626518,0.003468495639504155,0.008992050274008245,0.00552355463450409,-0.09789538854854749,-0.1116660777082544,0.187192118226601,0.31888341543513954,1,-0.001938318811122363,0.0035852358233817265,1,1
D12_loose_stop20,12,loose_stop20,71,SOXX,4,84,2025-09-17,2026-01-15,29,0.30628589985012833,0.09548057248306517,0.13840508873539908,0.042924516252333914,-0.13684856978281387,-0.14468347651435082,0.3788998357963875,0.4895320197044335,1,-0.21080532736706314,-0.16788081111472924,1,1
D12_loose_stop20,12,loose_stop20,72,QQQ,4,84,2025-06-23,2025-10-20,30,0.1516013225816759,0.03716667462224955,0.05000109951717798,0.012834424894928434,-0.08772548229479836,-0.09836273192643359,0.3146825396825397,0.4305555555555556,1,-0.11443464795942637,-0.10160022306449792,1,1
D12_loose_stop20,12,loose_stop20,73,SOXX,10,210,2023-11-28,2024-09-27,30,0.3732977081618618,0.06661678645753953,0.10595833295955134,0.03934154650201181,-0.18894426088698602,-0.19939065172878784,0.3076190476190476,0.4315079365079365,1,-0.30668092170432226,-0.26733937520231044,1,1
D12_loose_stop20,12,loose_stop20,74,QQQ,9,189,2025-04-09,2026-01-08,30,0.33624069066151074,0.13339435324806054,0.16930517681140705,0.03591082356334652,-0.1364775405035114,-0.14573126084310573,0.35555555555555557,0.4669312169312169,1,-0.2028463374134502,-0.1669355138501037,1,1
D12_loose_stop20,12,loose_stop20,75,QQQ,12,252,2024-12-19,2025-12-22,30,0.21234993913837386,0.07282488524533995,0.10686228923886715,0.0340374039935272,-0.15411353549119883,-0.1725218919311357,0.2826719576719577,0.4007936507936508,1,-0.1395250538930339,-0.10548764989950671,1,1
D12_loose_stop20,12,loose_stop20,76,SOXX,5,105,2024-05-10,2024-10-09,29,0.07166292185798206,0.014436981495001656,0.010480855725745692,-0.003956125769255964,-0.12451546382428642,-0.1556400243475637,0.25155993431855495,0.3789819376026272,0,-0.05722594036298041,-0.061182066132236375,1,1
D12_loose_stop20,12,loose_stop20,77,SOXX,8,168,2025-08-01,2026-04-01,30,0.4329721592393472,0.15866805757439584,0.2292080757700517,0.07054001819565586,-0.18501848805024199,-0.18011331809127296,0.3426587301587301,0.4694940476190476,1,-0.27430410166495134,-0.20376408346929548,1,1
D12_loose_stop20,12,loose_stop20,78,QQQ,7,147,2025-11-12,2026-06-15,30,0.20096913413608264,-0.018947353643036353,0.014881424484314731,0.033828778127351085,-0.12973603679726417,-0.14151874595755343,0.2376417233560091,0.3459750566893424,1,-0.21991648777911899,-0.1860877096517679,0,1
D12_loose_stop20,12,loose_stop20,79,SOXX,9,189,2023-12-14,2024-09-16,30,0.16790498618580796,0.0008636282377531334,0.01197689448164923,0.011113266243896096,-0.1882736533618384,-0.19815832554484428,0.3310405643738977,0.4505291005291005,1,-0.16704135794805483,-0.15592809170415872,1,1
D12_loose_stop20,12,loose_stop20,80,QQQ,6,126,2024-01-19,2024-07-19,30,0.13164162035706783,0.01752199700392435,0.03336920816108443,0.015847211157160077,-0.11178035471042873,-0.1208278828976141,0.32089947089947096,0.43121693121693117,1,-0.11411962335314349,-0.0982724121959834,1,1
D12_loose_stop20,12,loose_stop20,81,QQQ,1,21,2024-11-13,2024-12-12,30,0.027818437813410313,0.02434417817350658,0.02768404278404193,0.0033398646105353494,-0.025412970421883403,-0.030828606752798488,0.3349206349206349,0.41309523809523807,1,-0.003474259639903731,-0.00013439502936838169,1,1
D12_loose_stop20,12,loose_stop20,82,SOXX,10,210,2024-06-21,2025-04-23,30,-0.303438756357962,-0.10953684636102978,-0.14603017120864545,-0.036493324847615666,-0.21927545671237217,-0.2617882055429518,0.1858730158730159,0.31444444444444447,0,0.19390190999693224,0.15740858514931658,0,0
D12_loose_stop20,12,loose_stop20,83,QQQ,11,231,2024-05-24,2025-04-28,30,0.03788093693594541,0.02352067792770555,0.03778229997570734,0.014261622048001788,-0.18620256126856274,-0.19187329392494673,0.3011544011544011,0.41468253968253965,1,-0.014360259008239857,-9.863696023806878e-05,1,1
D12_loose_stop20,12,loose_stop20,84,SOXX,4,84,2025-03-26,2025-07-25,29,0.21967623083558907,0.08166603233309737,0.0719173213538597,-0.00974871097923767,-0.0830621153910326,-0.0964325700013532,0.3091133004926108,0.37623152709359603,0,-0.1380101985024917,-0.14775890948172937,1,1
D12_loose_stop20,12,loose_stop20,85,SOXX,3,63,2024-01-12,2024-04-12,29,0.17490145812316005,0.060582022508329274,0.077088326458745,0.016506303950415725,-0.07771614238565261,-0.08603509980082194,0.3130815544608648,0.45210727969348663,1,-0.11431943561483077,-0.09781313166441505,1,1
D12_loose_stop20,12,loose_stop20,86,QQQ,4,84,2025-08-13,2025-12-10,30,0.08270595883887877,-0.0020598467100503243,0.00795323742296679,0.010013084133017115,-0.07138796413813867,-0.08809483465896786,0.2472222222222222,0.38878968253968255,1,-0.0847658055489291,-0.07475272141591198,0,1
D12_loose_stop20,12,loose_stop20,87,QQQ,9,189,2025-08-12,2026-05-12,30,0.22380163982039725,-0.006650453236212702,0.02548759215674281,0.03213804539295551,-0.14081880209020553,-0.15898806850152253,0.2324514991181658,0.35427689594356254,1,-0.23045209305660994,-0.19831404766365443,0,1
D12_loose_stop20,12,loose_stop20,88,QQQ,3,63,2023-09-06,2023-12-04,30,0.03239382703262561,-0.018888553611716232,-0.0054199072170614485,0.013468646394654784,-0.08305897001337256,-0.08870725495876358,0.33492063492063484,0.4452380952380952,1,-0.051282380644341846,-0.03781373424968706,0,0
D12_loose_stop20,12,loose_stop20,89,QQQ,6,126,2024-03-08,2024-09-06,30,0.025004402915363988,-0.03556560225580011,-0.030952562571288738,0.004613039684511374,-0.13633623776185416,-0.14065922454379348,0.3309523809523809,0.43068783068783073,1,-0.0605700051711641,-0.05595696548665273,0,0
D12_loose_stop20,12,loose_stop20,90,SOXX,4,84,2024-02-09,2024-06-10,29,0.16166404920459776,0.028196290271240643,0.050805831524780735,0.022609541253540092,-0.08636595624850572,-0.10172837941838206,0.3066502463054187,0.43996305418719217,1,-0.1334677589333571,-0.11085821767981702,1,1
D12_loose_stop20,12,loose_stop20,91,QQQ,6,126,2024-12-26,2025-06-30,30,0.04434109236366246,0.007674866909558949,0.022942952410670518,0.01526808550111157,-0.1278377277741782,-0.14718248837980996,0.2677248677248677,0.3820767195767195,1,-0.03666622545410351,-0.021398139952991942,1,1
D12_loose_stop20,12,loose_stop20,92,QQQ,2,42,2024-07-11,2024-09-09,30,-0.07616930887243911,-0.0467009139746296,-0.04376690958719735,0.00293400438743225,-0.06533070513067755,-0.08324791118779269,0.2119047619047619,0.36765873015873013,1,0.02946839489780951,0.03240239928524176,0,0
D12_loose_stop20,12,loose_stop20,93,QQQ,8,168,2025-09-04,2026-05-05,30,0.18933459993954838,0.056885856392562835,0.09665043052716778,0.03976457413460494,-0.13213284289849453,-0.14243511364260195,0.26369047619047614,0.373313492063492,1,-0.13244874354698555,-0.0926841694123806,1,1
D12_loose_stop20,12,loose_stop20,94,QQQ,11,231,2023-08-28,2024-07-29,29,0.27358869545907205,0.04338844910070174,0.07969764810996467,0.03630919900926293,-0.158549556344278,-0.1523081671866681,0.3985669502910882,0.48596805493357215,1,-0.2302002463583703,-0.1938910473491074,1,1
D12_loose_stop20,12,loose_stop20,95,SOXX,2,42,2024-10-18,2024-12-17,29,-0.022397322959222588,0.003232917265875716,-0.0015578424258486541,-0.00479075969172437,-0.05504839408824857,-0.07683177417542532,0.18308702791461412,0.30008210180623973,0,0.025630240225098303,0.020839480533373932,1,0
D12_loose_stop20,12,loose_stop20,96,QQQ,9,189,2024-06-04,2025-03-06,30,0.0794127343756903,0.07355495139825723,0.09417795149467051,0.020623000096413283,-0.16750932370479174,-0.1684103590175461,0.31957671957671957,0.4394179894179894,1,-0.005857782977433071,0.014765217118980212,1,1
D12_loose_stop20,12,loose_stop20,97,SOXX,5,105,2025-12-31,2026-06-02,30,1.0102699251297969,0.20892373089805882,0.3805986801128355,0.17167494921477666,-0.09511111174694611,-0.11379863627876695,0.24095238095238092,0.3984920634920634,1,-0.801346194231738,-0.6296712450169614,1,1
D12_loose_stop20,12,loose_stop20,98,QQQ,4,84,2025-02-28,2025-06-30,30,0.08838198760432037,0.04214933024015496,0.04398174589296879,0.0018324156528138347,-0.0667824189847802,-0.08629099000854493,0.2035714285714286,0.33353174603174607,1,-0.04623265736416541,-0.044400241711351575,1,1
D12_loose_stop20,12,loose_stop20,99,SOXX,2,42,2026-05-13,2026-07-14,30,0.07552608567751218,0.007353907599346913,0.0048952771118007336,-0.0024586304875461795,-0.019491828187119066,-0.07654164402451495,0.08253968253968254,0.2859126984126984,0,-0.06817217807816527,-0.07063080856571144,1,1
D13_dip08_w20,13,dip08_w20,0,SOXX,4,84,2025-01-15,2025-05-15,29,-0.04268264905560459,-0.025716990511332718,-0.04730890045455193,-0.021591909943219214,-0.09008269398142583,-0.11682287594036021,0.10139573070607558,0.15788177339901477,0,0.016965658544271876,-0.004626251398947338,0,0
D13_dip08_w20,13,dip08_w20,1,SOXX,4,84,2025-11-26,2026-03-30,29,0.06535932477276907,0.13060434817914052,0.14487834515553963,0.014273996976399111,-0.09666914509833963,-0.10843696873335408,0.3259441707717569,0.40410509031198694,1,0.06524502340637145,0.07951902038277056,1,1
D13_dip08_w20,13,dip08_w20,2,SOXX,12,252,2024-06-12,2025-06-13,30,-0.11229341109132818,-0.08609364403663103,-0.1118152840242116,-0.025721639987580577,-0.23588366404305075,-0.2585832304845415,0.21468253968253967,0.2780687830687831,0,0.02619976705469715,0.00047812706711657105,0,0
D13_dip08_w20,13,dip08_w20,3,QQQ,1,21,2026-01-13,2026-02-11,30,-0.02096638715391519,-0.014627542256874316,-0.017644475714424075,-0.0030169334575497597,-0.05458277455918684,-0.06098281192064912,0.4031746031746032,0.4422222222222222,0,0.006338844897040874,0.003321911439491114,0,0
D13_dip08_w20,13,dip08_w20,4,QQQ,8,168,2025-02-28,2025-10-28,30,0.2501946013536971,0.07269972065454076,0.09462493047591526,0.021925209821374497,-0.13812305774620287,-0.14377997791452932,0.2779761904761905,0.36690476190476196,1,-0.1774948806991563,-0.15556967087778184,1,1
D13_dip08_w20,13,dip08_w20,5,SOXX,3,63,2025-03-10,2025-06-06,29,0.11931811258500846,0.023024491089483737,0.014801770898673475,-0.008222720190810263,-0.027145179397823276,-0.04299646901787293,0.08866995073891625,0.13344280240831966,0,-0.09629362149552473,-0.10451634168633499,1,1
D13_dip08_w20,13,dip08_w20,6,SOXX,12,252,2024-10-18,2025-10-21,30,0.27929057935732526,0.08040498987955062,0.09016274599977879,0.009757756120228167,-0.18728003050003003,-0.1938816193677069,0.2891534391534391,0.3538095238095238,1,-0.19888558947777463,-0.18912783335754646,1,1
D13_dip08_w20,13,dip08_w20,7,SOXX,5,105,2024-08-02,2024-12-31,30,0.04615473659290337,-0.007383155687375146,-0.009670275181419925,-0.002287119494044779,-0.09986809917066228,-0.11065120138966282,0.15714285714285714,0.22304761904761902,0,-0.05353789228027851,-0.055825011774323294,0,0
D13_dip08_w20,13,dip08_w20,8,SOXX,11,231,2024-01-29,2024-12-26,30,0.11728595595420654,-0.014050142007062175,-0.00821265933873223,0.005837482668329945,-0.22765483794891364,-0.23698381147227257,0.2554112554112554,0.3298412698412699,1,-0.13133609796126872,-0.12549861529293876,0,0
D13_dip08_w20,13,dip08_w20,9,QQQ,7,147,2025-12-22,2026-07-24,30,0.10761391047221691,0.011967165923700219,0.04381952821497793,0.031852362291277705,-0.11138535137425892,-0.11931370787765742,0.2068027210884354,0.2809977324263039,1,-0.0956467445485167,-0.06379438225723899,1,1
D13_dip08_w20,13,dip08_w20,10,SOXX,11,231,2025-04-30,2026-03-31,30,0.7991728873661996,0.24120132927579618,0.2950647459250045,0.053863416649208296,-0.18151182396438895,-0.1830702823024189,0.32958152958152964,0.4053679653679655,1,-0.5579715580904034,-0.5041081414411952,1,1
D13_dip08_w20,13,dip08_w20,11,SOXX,7,147,2023-12-07,2024-07-10,30,0.5448438251272811,0.15643696946934116,0.19198497825455435,0.03554800878521319,-0.13145231080705216,-0.13488158440120118,0.34852607709750566,0.4322448979591837,1,-0.38840685565794,-0.3528588468727268,1,1
D13_dip08_w20,13,dip08_w20,12,QQQ,11,231,2024-03-27,2025-02-27,30,0.12982124242441295,0.006866921906544258,0.01688532035307559,0.01001839844653133,-0.13945240282328086,-0.14114871863109266,0.29913419913419914,0.3760173160173161,1,-0.1229543205178687,-0.11293592207133736,1,1
D13_dip08_w20,13,dip08_w20,13,QQQ,10,210,2024-09-30,2025-08-01,30,0.1396406940506143,0.13642248264481188,0.15550213178338612,0.01907964913857424,-0.13907255241929703,-0.14854070614171186,0.29253968253968254,0.37822222222222224,1,-0.003218211405802418,0.01586143773277182,1,1
D13_dip08_w20,13,dip08_w20,14,QQQ,9,189,2025-02-11,2025-11-10,30,0.1848421423831519,0.04006495843578965,0.04708020928493506,0.007015250849145407,-0.14697553389521303,-0.15060834651694283,0.3174603174603175,0.39358024691358023,1,-0.14477718394736222,-0.13776193309821683,1,1
D13_dip08_w20,13,dip08_w20,15,SOXX,2,42,2023-11-10,2024-01-11,29,0.1337866151876319,0.0774943989489612,0.08344317390216077,0.005948774953199579,-0.05469737112963862,-0.059482010664098306,0.4778325123152709,0.525615763546798,1,-0.056292216238670714,-0.050343441285471136,1,1
D13_dip08_w20,13,dip08_w20,16,QQQ,8,168,2025-04-17,2025-12-16,30,0.38065075650801794,0.05822628509197105,0.05707711495297717,-0.0011491701389938838,-0.09045853742073709,-0.10622919677023747,0.22182539682539681,0.31642857142857145,0,-0.3224244714160469,-0.32357364155504076,1,1
D13_dip08_w20,13,dip08_w20,17,QQQ,3,63,2023-10-12,2024-01-11,29,0.10935443004554912,0.009703347775665807,0.024190412478404633,0.014487064702738826,-0.07684055243996374,-0.07894660515602926,0.3787629994526547,0.4597701149425287,1,-0.09965108226988331,-0.08516401756714449,1,1
D13_dip08_w20,13,dip08_w20,18,SOXX,7,147,2025-06-02,2025-12-30,29,0.4742072430583639,0.08455874395636237,0.12030898875946835,0.035750244803105985,-0.17907138410292056,-0.1783204848543867,0.4133239502697632,0.48857612010321366,1,-0.38964849910200156,-0.35389825429889554,1,1
D13_dip08_w20,13,dip08_w20,19,QQQ,2,42,2026-01-20,2026-03-19,30,-0.024734412068352585,-0.003904880697059835,-0.009508722941311932,-0.005603842244252097,-0.04664148075686558,-0.057422342018332954,0.2563492063492063,0.30746031746031743,0,0.02082953137129275,0.015225689127040653,0,0
D13_dip08_w20,13,dip08_w20,20,QQQ,2,42,2025-12-30,2026-03-02,30,-0.01830706738570409,0.020542259241984707,0.0281943439528648,0.007652084710880094,-0.05202848290647793,-0.05842147432659596,0.3150793650793651,0.38,1,0.03884932662768879,0.04650141133856889,1,1
D13_dip08_w20,13,dip08_w20,21,QQQ,8,168,2024-02-14,2024-10-14,30,0.15334197720866793,0.01763376201115824,0.02799565688998345,0.01036189487882521,-0.1322396468346643,-0.13594785887791863,0.32797619047619037,0.4073412698412699,1,-0.1357082151975097,-0.12534632031868448,1,1
D13_dip08_w20,13,dip08_w20,22,QQQ,4,84,2025-10-15,2026-02-13,30,0.000789757805571778,0.041634413714619276,0.047390002314943766,0.0057555886003244905,-0.08767623706279756,-0.0924978958861451,0.3873015873015873,0.45944444444444443,1,0.0408446559090475,0.04660024450937199,1,1
D13_dip08_w20,13,dip08_w20,23,QQQ,3,63,2026-01-08,2026-04-09,30,-0.0153279984002892,-0.00015153970303823558,0.01140069623747237,0.011552235940510606,-0.07822959166317958,-0.08761246052559778,0.2523809523809524,0.3299470899470899,1,0.015176458697250964,0.02672869463776157,0,1
D13_dip08_w20,13,dip08_w20,24,SOXX,5,105,2026-02-10,2026-07-13,30,0.5770256813269112,0.13659686114321096,0.17380299182624806,0.0372061306830371,-0.06750382261710434,-0.09478624104924759,0.12349206349206351,0.24273015873015877,1,-0.4404288201837003,-0.4032226895006632,1,1
D13_dip08_w20,13,dip08_w20,25,QQQ,5,105,2026-01-14,2026-06-15,30,0.20238584863226716,0.04480905436171883,0.054307669910848747,0.009498615549129917,-0.0814089650586057,-0.09333719737132214,0.1892063492063492,0.26476190476190475,1,-0.15757679427054833,-0.14807817872141843,1,1
D13_dip08_w20,13,dip08_w20,26,QQQ,12,252,2025-01-16,2026-01-16,30,0.21698527291142944,0.0058803715805283464,0.015734044072624055,0.009853672492095709,-0.15853139701677746,-0.16881451384313415,0.27777777777777773,0.3662433862433863,1,-0.2111049013309011,-0.2012512288388054,1,1
D13_dip08_w20,13,dip08_w20,27,SOXX,4,84,2026-03-20,2026-07-21,30,0.6629647609934404,0.09246450214498574,0.1581314215382484,0.06566691939326268,-0.045970691350039505,-0.08528093446782853,0.09761904761904759,0.24650793650793648,1,-0.5705002588484547,-0.5048333394551919,1,1
D13_dip08_w20,13,dip08_w20,28,SOXX,10,210,2023-09-12,2024-07-12,30,0.6054241699570708,0.16010458794897048,0.2141682775755573,0.05406368962658681,-0.15291596127570126,-0.14399543370262627,0.3422222222222222,0.4162857142857143,1,-0.44531958200810035,-0.39125589238151354,1,1
D13_dip08_w20,13,dip08_w20,29,QQQ,10,210,2023-11-02,2024-09-04,29,0.2742635518580856,0.07824104849807687,0.09584586006360618,0.017604811565529316,-0.14724112546969834,-0.14881734940813576,0.4203612479474548,0.48311986863711015,1,-0.19602250336000873,-0.17841769179447942,1,1
D13_dip08_w20,13,dip08_w20,30,SOXX,11,231,2025-02-26,2026-01-27,30,0.6222676159829015,0.1711368514401048,0.20939272646745763,0.03825587502735284,-0.19787028190037134,-0.1937409247700252,0.31746031746031744,0.3798556998556999,1,-0.45113076454279666,-0.4128748895154438,1,1
D13_dip08_w20,13,dip08_w20,31,SOXX,4,84,2024-11-26,2025-03-31,30,-0.12412360871542705,-0.032152561625399236,-0.038372399167856175,-0.006219837542456939,-0.09531311281221044,-0.11464904724732315,0.17658730158730157,0.2624603174603175,0,0.09197104709002782,0.08575120954757087,0,0
D13_dip08_w20,13,dip08_w20,32,SOXX,3,63,2024-07-29,2024-10-24,29,-0.004528432055198928,-0.01717969917744293,-0.025406877610392894,-0.008227178432949962,-0.05077110926622666,-0.06550782627442549,0.09140667761357416,0.1552271483305966,0,-0.012651267122244004,-0.020878445555193966,0,0
D13_dip08_w20,13,dip08_w20,33,SOXX,7,147,2025-09-16,2026-04-16,29,0.5731894193346554,0.2428581070521754,0.301255894467979,0.05839778741580362,-0.1605512081869748,-0.1645210504011951,0.3309875674407695,0.41773399014778323,1,-0.33033131228248,-0.2719335248666764,1,1
D13_dip08_w20,13,dip08_w20,34,QQQ,4,84,2024-05-31,2024-09-30,30,0.08613665447903895,-0.02094604149667747,-0.006564550064815733,0.014381491431861735,-0.11243876407913302,-0.11217792487807,0.3619047619047619,0.4327777777777779,1,-0.10708269597571643,-0.09270120454385469,0,0
D13_dip08_w20,13,dip08_w20,35,QQQ,9,189,2025-02-11,2025-11-10,30,0.1848421423831519,0.0778069487759237,0.07292421639325157,-0.004882732382672131,-0.15279406301724527,-0.15553768979952973,0.3052910052910052,0.3836331569664903,0,-0.10703519360722819,-0.11191792598990032,1,1
D13_dip08_w20,13,dip08_w20,36,QQQ,3,63,2025-01-14,2025-04-14,30,-0.0928917402537448,-0.014715106421000608,-0.01229552828484104,0.0024195781361595683,-0.0943586033322837,-0.1120630543663989,0.2613756613756614,0.3433862433862434,1,0.0781766338327442,0.08059621196890376,0,0
D13_dip08_w20,13,dip08_w20,37,SOXX,10,210,2024-08-26,2025-06-27,30,0.05767020978785542,0.046170386833983716,0.030902951684662963,-0.015267435149320753,-0.14069969891344225,-0.1542295166815055,0.18349206349206346,0.24380952380952375,0,-0.011499822953871704,-0.026767258103192457,1,1
D13_dip08_w20,13,dip08_w20,38,SOXX,12,252,2024-07-02,2025-07-03,30,-0.019691750048819512,-0.042699691533501484,-0.05939337353924989,-0.016693682005748403,-0.22362703060876782,-0.2453207054000284,0.1978835978835979,0.25878306878306884,0,-0.023007941484681972,-0.039701623490430375,0,0
D13_dip08_w20,13,dip08_w20,39,QQQ,5,105,2024-09-23,2025-02-24,30,0.07798173822976961,0.06547072313479577,0.0765970624325765,0.01112633929778073,-0.09793759599584707,-0.10072784217884181,0.40888888888888886,0.4874285714285714,1,-0.012511015094973849,-0.001384675797193119,1,1
D13_dip08_w20,13,dip08_w20,40,QQQ,12,252,2025-05-13,2026-05-13,30,0.3929080380641541,0.10209609867488217,0.12864475593201083,0.026548657257128655,-0.18245185130402916,-0.1936207857787707,0.31388888888888894,0.3927777777777777,1,-0.2908119393892719,-0.26426328213214323,1,1
D13_dip08_w20,13,dip08_w20,41,SOXX,5,105,2024-12-18,2025-05-21,29,-0.03550491258274213,-0.03958675821020653,-0.06049484196546495,-0.02090808375525842,-0.12360463930904281,-0.14654728031778247,0.1714285714285714,0.23041050903119864,0,-0.0040818456274644005,-0.02498992938272282,0,0
D13_dip08_w20,13,dip08_w20,42,QQQ,1,21,2026-06-01,2026-06-30,30,-0.007446386853765863,-0.004137721075456391,-0.0015619632570017306,0.00257575781845466,-0.012896127851843646,-0.024342080399061983,0.10793650793650794,0.20095238095238097,1,0.003308665778309472,0.005884423596764133,0,0
D13_dip08_w20,13,dip08_w20,43,SOXX,5,105,2025-04-30,2025-09-29,30,0.46913595929254015,0.12020837437946033,0.14172862115572585,0.021520246776265517,-0.11467746009539652,-0.11603606470181818,0.391111111111111,0.4471746031746032,1,-0.34892758491307985,-0.32740733813681433,1,1
D13_dip08_w20,13,dip08_w20,44,SOXX,5,105,2024-07-24,2024-12-19,29,-0.07336127646416635,0.014440215493246455,0.005778374653934244,-0.00866184083931221,-0.10254019487332973,-0.11691320288595937,0.1960591133004926,0.25707717569786537,0,0.0878014919574128,0.07913965111810059,1,1
D13_dip08_w20,13,dip08_w20,45,SOXX,12,252,2024-03-06,2025-03-07,30,-0.10757483963704584,-0.08439870231549465,-0.08778526367061888,-0.003386561355124232,-0.23166021795046768,-0.24425791794045107,0.24735449735449733,0.32047619047619047,0,0.023176137321551188,0.019789575966426956,0,0
D13_dip08_w20,13,dip08_w20,46,SOXX,11,231,2024-02-13,2025-01-14,30,0.07418656590600592,0.02756966561592551,0.03548393125853971,0.007914265642614198,-0.20760107677177955,-0.22047747631570153,0.2522366522366522,0.3265512265512266,1,-0.04661690029008041,-0.03870263464746621,1,1
D13_dip08_w20,13,dip08_w20,47,QQQ,12,252,2025-06-12,2026-06-12,30,0.3582275230463974,0.10374190539348917,0.13638339262584212,0.03264148723235295,-0.1650181027476526,-0.1755882901096048,0.28941798941798946,0.36873015873015874,1,-0.2544856176529082,-0.22184413042055526,1,1
D13_dip08_w20,13,dip08_w20,48,QQQ,1,21,2025-07-02,2025-07-31,30,0.02579898212369769,0.009147873504681665,0.008667992952643888,-0.00047988055203777684,-0.03190240724898848,-0.03768291654308464,0.3682539682539682,0.46888888888888886,0,-0.016651108619016024,-0.017130989171053802,1,1
D13_dip08_w20,13,dip08_w20,49,QQQ,6,126,2024-03-22,2024-09-20,30,0.08250098618182977,-0.011823329141226387,0.0014285717695586952,0.013251900910785082,-0.1258061830418667,-0.12420486786679681,0.29550264550264543,0.3803703703703705,1,-0.09432431532305616,-0.08107241441227107,0,1
D13_dip08_w20,13,dip08_w20,50,QQQ,11,231,2025-04-16,2026-03-18,30,0.3441101199491847,0.036376948153369094,0.05465487945406558,0.018277931300696486,-0.12889573510110175,-0.1387836474382617,0.26536796536796536,0.355064935064935,1,-0.3077331717958156,-0.28945524049511917,1,1
D13_dip08_w20,13,dip08_w20,51,SOXX,12,252,2025-05-09,2026-05-11,30,1.7645874371661052,0.4097080988831326,0.5336938113475963,0.12398571246446372,-0.19101367705129177,-0.19245865036417772,0.3484126984126984,0.4282539682539684,1,-1.3548793382829727,-1.230893625818509,1,1
D13_dip08_w20,13,dip08_w20,52,QQQ,6,126,2024-07-26,2025-01-27,30,0.11403101000835725,0.05681938935261872,0.07914656166009287,0.022327172307474157,-0.12773069541356347,-0.12799710269166872,0.3232804232804233,0.41444444444444445,1,-0.05721162065573853,-0.034884448348264374,1,1
D13_dip08_w20,13,dip08_w20,53,SOXX,9,189,2025-02-25,2025-11-21,30,0.27137739698000374,0.056180111741826515,0.05374792108925741,-0.0024321906525691037,-0.16495208287193883,-0.17277346854941986,0.28395061728395066,0.3451146384479718,0,-0.21519728523817722,-0.21762947589074633,1,1
D13_dip08_w20,13,dip08_w20,54,QQQ,10,210,2025-06-10,2026-04-10,30,0.14941279936704488,-0.015405285196039335,-0.02518296222544882,-0.009777677029409484,-0.13625480198106962,-0.14885238543337628,0.2634920634920635,0.33942857142857147,0,-0.16481808456308422,-0.1745957615924937,0,0
D13_dip08_w20,13,dip08_w20,55,QQQ,9,189,2024-03-12,2024-12-09,30,0.18252348107739125,0.055664773216138046,0.06956371538467133,0.013898942168533289,-0.12915008536707423,-0.12759434248146775,0.3707231040564374,0.4396472663139329,1,-0.1268587078612532,-0.11295976569271991,1,1
D13_dip08_w20,13,dip08_w20,56,SOXX,1,21,2026-03-06,2026-04-06,30,0.06430085839175526,0.002552041162142956,0.009423534537557506,0.00687149337541455,-0.012963321553764555,-0.031407369958265964,0.06984126984126983,0.19714285714285715,1,-0.0617488172296123,-0.054877323854197746,1,1
D13_dip08_w20,13,dip08_w20,57,QQQ,11,231,2024-12-30,2025-12-01,30,0.2014930365864087,0.06266015330288494,0.07640575614184655,0.013745602838961618,-0.1598500025072416,-0.16589733076441926,0.2909090909090909,0.3755844155844156,1,-0.13883288328352378,-0.12508728044456216,1,1
D13_dip08_w20,13,dip08_w20,58,QQQ,4,84,2025-05-06,2025-09-04,30,0.19622773691571815,0.02277270503400945,0.027664275667760987,0.004891570633751539,-0.07513828177160067,-0.0822384233879703,0.29166666666666663,0.37253968253968256,1,-0.17345503188170872,-0.16856346124795718,1,1
D13_dip08_w20,13,dip08_w20,59,SOXX,4,84,2026-02-25,2026-06-25,30,0.7007669266812115,0.09044155816110022,0.17337536531999806,0.08293380715889784,-0.07194405578107436,-0.0919695115846335,0.1384920634920635,0.2590476190476191,1,-0.6103253685201113,-0.5273915613612135,1,1
D13_dip08_w20,13,dip08_w20,60,SOXX,1,21,2024-12-26,2025-01-28,29,-0.04487098139039003,-0.03273396754475295,-0.033156729095377833,-0.00042276155062488663,-0.06564789337488112,-0.07609094064963998,0.27586206896551724,0.3645320197044335,0,0.012137013845637083,0.011714252295012197,0,0
D13_dip08_w20,13,dip08_w20,61,SOXX,3,63,2024-01-26,2024-04-25,29,0.06710111015930864,0.02188533088741311,0.02364949726605485,0.0017641663786417405,-0.05970782911130342,-0.07467167810213081,0.22167487684729062,0.3348659003831417,1,-0.04521577927189553,-0.04345161289325379,1,1
D13_dip08_w20,13,dip08_w20,62,SOXX,3,63,2025-06-20,2025-09-18,29,0.19111850646885342,0.09125785621270052,0.10137918157622923,0.010121325363528708,-0.11324479512224543,-0.11797992957926809,0.48056923918992883,0.5454844006568144,1,-0.0998606502561529,-0.08973932489262419,1,1
D13_dip08_w20,13,dip08_w20,63,QQQ,3,63,2025-10-01,2025-12-30,30,0.0281443024583361,-0.007672257166568985,-0.004950465961914818,0.002721791204654167,-0.057252876515231955,-0.06327562101070835,0.25661375661375657,0.3426455026455026,1,-0.035816559624905084,-0.03309476842025092,0,0
D13_dip08_w20,13,dip08_w20,64,QQQ,2,42,2024-06-12,2024-08-12,30,-0.046509750935051275,-0.030689981486153213,-0.02840913787300686,0.0022808436131463543,-0.07187451483260328,-0.07942975197870807,0.3507936507936508,0.4331746031746032,1,0.015819769448898062,0.018100613062044416,0,0
D13_dip08_w20,13,dip08_w20,65,SOXX,7,147,2024-03-27,2024-10-24,29,0.010917916153216245,-0.017449618185238974,-0.019640573259877867,-0.0021909550746388937,-0.1614083097554402,-0.1734148540621616,0.2629603565564157,0.33572601454374856,0,-0.02836753433845522,-0.030558489413094112,0,0
D13_dip08_w20,13,dip08_w20,66,QQQ,7,147,2024-06-18,2025-01-17,30,0.0802486743430566,0.00029853127965911254,0.017958518315526917,0.017659987035867804,-0.13011363603454423,-0.12720465311000503,0.35124716553287977,0.42517006802721097,1,-0.0799501430633975,-0.062290156027529686,1,1
D13_dip08_w20,13,dip08_w20,67,SOXX,6,126,2025-02-27,2025-08-27,30,0.2288069130259598,0.09602472964249355,0.09645539915256315,0.0004306695100696062,-0.11061219488937407,-0.12319024951907359,0.3126984126984126,0.36687830687830686,1,-0.13278218338346626,-0.13235151387339664,1,1
D13_dip08_w20,13,dip08_w20,68,SOXX,2,42,2026-01-27,2026-03-26,30,-0.06274182234420844,0.0032193452924548414,0.0005377698870976648,-0.0026815754053571765,-0.05896621171963992,-0.07570477871668375,0.19920634920634922,0.28888888888888886,0,0.06596116763666328,0.06327959223130611,1,1
D13_dip08_w20,13,dip08_w20,69,SOXX,8,168,2025-08-27,2026-04-28,30,0.752796897064234,0.17512795042041496,0.24816489923981233,0.07303694881939737,-0.17448596435949304,-0.1770649342614723,0.31924603174603183,0.4096031746031746,1,-0.5776689466438191,-0.5046319978244217,1,1
D13_dip08_w20,13,dip08_w20,70,SOXX,5,105,2024-09-20,2025-02-21,29,0.005406814450626518,0.003468495639504155,0.0015504284330488747,-0.0019180672064552805,-0.09789538854854749,-0.10740311462211946,0.187192118226601,0.2667980295566503,0,-0.001938318811122363,-0.003856386017577643,1,1
D13_dip08_w20,13,dip08_w20,71,SOXX,4,84,2025-09-17,2026-01-15,29,0.30628589985012833,0.09548057248306517,0.12241484837084102,0.026934275887775846,-0.13684856978281387,-0.14049544494494534,0.3788998357963875,0.45623973727422,1,-0.21080532736706314,-0.1838710514792873,1,1
D13_dip08_w20,13,dip08_w20,72,QQQ,4,84,2025-06-23,2025-10-20,30,0.1516013225816759,0.03716667462224955,0.046332367092672765,0.009165692470423217,-0.08772548229479836,-0.09449818839307834,0.3146825396825397,0.4028571428571429,1,-0.11443464795942637,-0.10526895548900314,1,1
D13_dip08_w20,13,dip08_w20,73,SOXX,10,210,2023-11-28,2024-09-27,30,0.3732977081618618,0.06661678645753953,0.07863162011662643,0.012014833659086899,-0.18894426088698602,-0.19394493227425133,0.3076190476190476,0.38031746031746044,1,-0.30668092170432226,-0.29466608804523536,1,1
D13_dip08_w20,13,dip08_w20,74,QQQ,9,189,2025-04-09,2026-01-08,30,0.33624069066151074,0.13339435324806054,0.15450965627766416,0.021115303029603627,-0.1364775405035114,-0.1413265026610147,0.35555555555555557,0.4218342151675485,1,-0.2028463374134502,-0.18173103438384658,1,1
D13_dip08_w20,13,dip08_w20,75,QQQ,12,252,2024-12-19,2025-12-22,30,0.21234993913837386,0.07282488524533995,0.08454877552297325,0.011723890277633306,-0.15411353549119883,-0.1695840388018119,0.2826719576719577,0.35785714285714293,1,-0.1395250538930339,-0.12780116361540061,1,1
D13_dip08_w20,13,dip08_w20,76,SOXX,5,105,2024-05-10,2024-10-09,29,0.07166292185798206,0.014436981495001656,0.008625151551016374,-0.0058118299439852816,-0.12451546382428642,-0.1434649562134644,0.25155993431855495,0.31894909688013134,0,-0.05722594036298041,-0.0630377703069657,1,1
D13_dip08_w20,13,dip08_w20,77,SOXX,8,168,2025-08-01,2026-04-01,30,0.4329721592393472,0.15866805757439584,0.19337207517204058,0.03470401759764474,-0.18501848805024199,-0.18281436065893517,0.3426587301587301,0.42888888888888893,1,-0.27430410166495134,-0.2396000840673066,1,1
D13_dip08_w20,13,dip08_w20,78,QQQ,7,147,2025-11-12,2026-06-15,30,0.20096913413608264,-0.018947353643036353,0.009437820807241449,0.0283851744502778,-0.12973603679726417,-0.13254097540909307,0.2376417233560091,0.3256689342403628,1,-0.21991648777911899,-0.19153131332884119,0,1
D13_dip08_w20,13,dip08_w20,79,SOXX,9,189,2023-12-14,2024-09-16,30,0.16790498618580796,0.0008636282377531334,0.004544100862845591,0.003680472625092457,-0.1882736533618384,-0.19348158496336587,0.3310405643738977,0.4025044091710758,1,-0.16704135794805483,-0.16336088532296236,1,1
D13_dip08_w20,13,dip08_w20,80,QQQ,6,126,2024-01-19,2024-07-19,30,0.13164162035706783,0.01752199700392435,0.02771442084625011,0.01019242384232576,-0.11178035471042873,-0.11760769454439281,0.32089947089947096,0.4064021164021164,1,-0.11411962335314349,-0.10392719951081772,1,1
D13_dip08_w20,13,dip08_w20,81,QQQ,1,21,2024-11-13,2024-12-12,30,0.027818437813410313,0.02434417817350658,0.02665085362661525,0.0023066754531086697,-0.025412970421883403,-0.031182889897147903,0.3349206349206349,0.41238095238095235,1,-0.003474259639903731,-0.0011675841867950613,1,1
D13_dip08_w20,13,dip08_w20,82,SOXX,10,210,2024-06-21,2025-04-23,30,-0.303438756357962,-0.10953684636102978,-0.13804793618358865,-0.02851108982255887,-0.21927545671237217,-0.24232382527768007,0.1858730158730159,0.25015873015873014,0,0.19390190999693224,0.16539082017437337,0,0
D13_dip08_w20,13,dip08_w20,83,QQQ,11,231,2024-05-24,2025-04-28,30,0.03788093693594541,0.02352067792770555,0.03153158456015641,0.008010906632450857,-0.18620256126856274,-0.18925046188726066,0.3011544011544011,0.3757575757575758,1,-0.014360259008239857,-0.006349352375789,1,1
D13_dip08_w20,13,dip08_w20,84,SOXX,4,84,2025-03-26,2025-07-25,29,0.21967623083558907,0.08166603233309737,0.07892508376322636,-0.0027409485698710045,-0.0830621153910326,-0.09000185857790398,0.3091133004926108,0.34983579638752055,0,-0.1380101985024917,-0.1407511470723627,1,1
D13_dip08_w20,13,dip08_w20,85,SOXX,3,63,2024-01-12,2024-04-12,29,0.17490145812316005,0.060582022508329274,0.07220532361245882,0.011623301104129548,-0.07771614238565261,-0.08425103124100985,0.3130815544608648,0.41948549534756435,1,-0.11431943561483077,-0.10269613451070123,1,1
D13_dip08_w20,13,dip08_w20,86,QQQ,4,84,2025-08-13,2025-12-10,30,0.08270595883887877,-0.0020598467100503243,-0.0026676585581090874,-0.0006078118480587632,-0.07138796413813867,-0.08418412044648388,0.2472222222222222,0.33944444444444444,0,-0.0847658055489291,-0.08537361739698786,0,0
D13_dip08_w20,13,dip08_w20,87,QQQ,9,189,2025-08-12,2026-05-12,30,0.22380163982039725,-0.006650453236212702,0.017605988430057916,0.02425644166627062,-0.14081880209020553,-0.15130737414108694,0.2324514991181658,0.3178130511463845,1,-0.23045209305660994,-0.20619565139033932,0,1
D13_dip08_w20,13,dip08_w20,88,QQQ,3,63,2023-09-06,2023-12-04,30,0.03239382703262561,-0.018888553611716232,-0.011086811865481631,0.007801741746234601,-0.08305897001337256,-0.08775278800313885,0.33492063492063484,0.4324867724867724,1,-0.051282380644341846,-0.04348063889810724,0,0
D13_dip08_w20,13,dip08_w20,89,QQQ,6,126,2024-03-08,2024-09-06,30,0.025004402915363988,-0.03556560225580011,-0.03471484352522234,0.000850758730577772,-0.13633623776185416,-0.14108831370560665,0.3309523809523809,0.40322751322751327,1,-0.0605700051711641,-0.05971924644058633,0,0
D13_dip08_w20,13,dip08_w20,90,SOXX,4,84,2024-02-09,2024-06-10,29,0.16166404920459776,0.028196290271240643,0.04280290052453214,0.014606610253291494,-0.08636595624850572,-0.09588761412342194,0.3066502463054187,0.3985221674876847,1,-0.1334677589333571,-0.11886114868006561,1,1
D13_dip08_w20,13,dip08_w20,91,QQQ,6,126,2024-12-26,2025-06-30,30,0.04434109236366246,0.007674866909558949,0.02023740461858411,0.012562537709025164,-0.1278377277741782,-0.1354670128417771,0.2677248677248677,0.3523809523809524,1,-0.03666622545410351,-0.02410368774507835,1,1
D13_dip08_w20,13,dip08_w20,92,QQQ,2,42,2024-07-11,2024-09-09,30,-0.07616930887243911,-0.0467009139746296,-0.04485331181211962,0.0018476021625099814,-0.06533070513067755,-0.07720964573658429,0.2119047619047619,0.313015873015873,1,0.02946839489780951,0.03131599706031949,0,0
D13_dip08_w20,13,dip08_w20,93,QQQ,8,168,2025-09-04,2026-05-05,30,0.18933459993954838,0.056885856392562835,0.08285229717218018,0.025966440779617343,-0.13213284289849453,-0.1387637217379609,0.26369047619047614,0.3415873015873016,1,-0.13244874354698555,-0.1064823027673682,1,1
D13_dip08_w20,13,dip08_w20,94,QQQ,11,231,2023-08-28,2024-07-29,29,0.27358869545907205,0.04338844910070174,0.07030288224664033,0.02691443314593859,-0.158549556344278,-0.15306221556017818,0.3985669502910882,0.4641588296760711,1,-0.2302002463583703,-0.20328581321243172,1,1
D13_dip08_w20,13,dip08_w20,95,SOXX,2,42,2024-10-18,2024-12-17,29,-0.022397322959222588,0.003232917265875716,0.0001950093218512629,-0.003037907944024453,-0.05504839408824857,-0.06869090516914358,0.18308702791461412,0.2573070607553366,0,0.025630240225098303,0.02259233228107385,1,1
D13_dip08_w20,13,dip08_w20,96,QQQ,9,189,2024-06-04,2025-03-06,30,0.0794127343756903,0.07355495139825723,0.0853186024303693,0.011763651032112077,-0.16750932370479174,-0.16770887792527597,0.31957671957671957,0.4062433862433863,1,-0.005857782977433071,0.005905868054679006,1,1
D13_dip08_w20,13,dip08_w20,97,SOXX,5,105,2025-12-31,2026-06-02,30,1.0102699251297969,0.20892373089805882,0.31594296409946315,0.10701923320140433,-0.09511111174694611,-0.10870082429812813,0.24095238095238092,0.3438095238095239,1,-0.801346194231738,-0.6943269610303338,1,1
D13_dip08_w20,13,dip08_w20,98,QQQ,4,84,2025-02-28,2025-06-30,30,0.08838198760432037,0.04214933024015496,0.04910176401375182,0.006952433773596861,-0.0667824189847802,-0.07568330376219726,0.2035714285714286,0.281984126984127,1,-0.04623265736416541,-0.03928022359056855,1,1
D13_dip08_w20,13,dip08_w20,99,SOXX,2,42,2026-05-13,2026-07-14,30,0.07552608567751218,0.007353907599346913,0.003939209702345862,-0.003414697897001051,-0.019491828187119066,-0.062089879939854466,0.08253968253968254,0.2244444444444445,0,-0.06817217807816527,-0.07158687597516632,1,1
D14_dip12_w33,14,dip12_w33,0,SOXX,4,84,2025-01-15,2025-05-15,29,-0.04268264905560459,-0.025716990511332718,-0.0660859115088239,-0.040368920997491176,-0.09008269398142583,-0.14859063067807943,0.10139573070607558,0.22792282430213462,0,0.016965658544271876,-0.023403262453219303,0,0
D14_dip12_w33,14,dip12_w33,1,SOXX,4,84,2025-11-26,2026-03-30,29,0.06535932477276907,0.13060434817914052,0.1704286273875128,0.03982427920837228,-0.09666914509833963,-0.11767931925340357,0.3259441707717569,0.48010673234811163,1,0.06524502340637145,0.10506930261474373,1,1
D14_dip12_w33,14,dip12_w33,2,SOXX,12,252,2024-06-12,2025-06-13,30,-0.11229341109132818,-0.08609364403663103,-0.11352730667491522,-0.027433662638284187,-0.23588366404305075,-0.27638828213006195,0.21468253968253967,0.34864682539682545,0,0.02619976705469715,-0.0012338955835870385,0,0
D14_dip12_w33,14,dip12_w33,3,QQQ,1,21,2026-01-13,2026-02-11,30,-0.02096638715391519,-0.014627542256874316,-0.025655765563440455,-0.011028223306566139,-0.05458277455918684,-0.07051915492958273,0.4031746031746032,0.47022222222222226,0,0.006338844897040874,-0.004689378409525265,0,0
D14_dip12_w33,14,dip12_w33,4,QQQ,8,168,2025-02-28,2025-10-28,30,0.2501946013536971,0.07269972065454076,0.11030059205612422,0.037600871401583455,-0.13812305774620287,-0.14950380612753011,0.2779761904761905,0.40644047619047624,1,-0.1774948806991563,-0.13989400929757287,1,1
D14_dip12_w33,14,dip12_w33,5,SOXX,3,63,2025-03-10,2025-06-06,29,0.11931811258500846,0.023024491089483737,0.0012645166034999176,-0.02175997448598382,-0.027145179397823276,-0.07160786689051689,0.08866995073891625,0.18963875205254513,0,-0.09629362149552473,-0.11805359598150854,1,1
D14_dip12_w33,14,dip12_w33,6,SOXX,12,252,2024-10-18,2025-10-21,30,0.27929057935732526,0.08040498987955062,0.08857104969408572,0.008166059814535095,-0.18728003050003003,-0.21587451115584658,0.2891534391534391,0.40251455026455035,1,-0.19888558947777463,-0.19071952966323955,1,1
D14_dip12_w33,14,dip12_w33,7,SOXX,5,105,2024-08-02,2024-12-31,30,0.04615473659290337,-0.007383155687375146,-0.009292856815562085,-0.0019097011281869391,-0.09986809917066228,-0.13197444128985616,0.15714285714285714,0.30349523809523815,0,-0.05353789228027851,-0.05544759340846545,0,0
D14_dip12_w33,14,dip12_w33,8,SOXX,11,231,2024-01-29,2024-12-26,30,0.11728595595420654,-0.014050142007062175,0.01227324529100596,0.026323387298068136,-0.22765483794891364,-0.2525891367937352,0.2554112554112554,0.40193506493506503,1,-0.13133609796126872,-0.10501271066320059,0,1
D14_dip12_w33,14,dip12_w33,9,QQQ,7,147,2025-12-22,2026-07-24,30,0.10761391047221691,0.011967165923700219,0.06469376238022242,0.05272659645652221,-0.11138535137425892,-0.13646870483413087,0.2068027210884354,0.33266666666666667,1,-0.0956467445485167,-0.04292014809199449,1,1
D14_dip12_w33,14,dip12_w33,10,SOXX,11,231,2025-04-30,2026-03-31,30,0.7991728873661996,0.24120132927579618,0.367927800439886,0.1267264711640898,-0.18151182396438895,-0.18537077592940482,0.32958152958152964,0.4583434343434343,1,-0.5579715580904034,-0.43124508692631364,1,1
D14_dip12_w33,14,dip12_w33,11,SOXX,7,147,2023-12-07,2024-07-10,30,0.5448438251272811,0.15643696946934116,0.21469539147680405,0.058258422007462896,-0.13145231080705216,-0.1415835782176395,0.34852607709750566,0.48217233560090705,1,-0.38840685565794,-0.3301484336504771,1,1
D14_dip12_w33,14,dip12_w33,12,QQQ,11,231,2024-03-27,2025-02-27,30,0.12982124242441295,0.006866921906544258,0.023279284492322097,0.01641236258577784,-0.13945240282328086,-0.14689416207263856,0.29913419913419914,0.39361038961038963,1,-0.1229543205178687,-0.10654195793209086,1,1
D14_dip12_w33,14,dip12_w33,13,QQQ,10,210,2024-09-30,2025-08-01,30,0.1396406940506143,0.13642248264481188,0.15956883162330254,0.02314634897849066,-0.13907255241929703,-0.15857821365800803,0.29253968253968254,0.416368253968254,1,-0.003218211405802418,0.019928137572688243,1,1
D14_dip12_w33,14,dip12_w33,14,QQQ,9,189,2025-02-11,2025-11-10,30,0.1848421423831519,0.04006495843578965,0.05564484845023069,0.015579890014441038,-0.14697553389521303,-0.15597185471206004,0.3174603174603175,0.43985714285714284,1,-0.14477718394736222,-0.1291972939329212,1,1
D14_dip12_w33,14,dip12_w33,15,SOXX,2,42,2023-11-10,2024-01-11,29,0.1337866151876319,0.0774943989489612,0.0891031266499765,0.0116087277010153,-0.05469737112963862,-0.0634030671320991,0.4778325123152709,0.5740147783251232,1,-0.056292216238670714,-0.044683488537655414,1,1
D14_dip12_w33,14,dip12_w33,16,QQQ,8,168,2025-04-17,2025-12-16,30,0.38065075650801794,0.05822628509197105,0.07235068783622728,0.014124402744256227,-0.09045853742073709,-0.11696751068897099,0.22182539682539681,0.3734027777777778,1,-0.3224244714160469,-0.30830006867179066,1,1
D14_dip12_w33,14,dip12_w33,17,QQQ,3,63,2023-10-12,2024-01-11,29,0.10935443004554912,0.009703347775665807,0.029635670903479044,0.019932323127813237,-0.07684055243996374,-0.08087577764294805,0.3787629994526547,0.49147235905856596,1,-0.09965108226988331,-0.07971875914207008,1,1
D14_dip12_w33,14,dip12_w33,18,SOXX,7,147,2025-06-02,2025-12-30,29,0.4742072430583639,0.08455874395636237,0.1660502086026211,0.08149146464625873,-0.17907138410292056,-0.1754590438275301,0.4133239502697632,0.5265751817968567,1,-0.38964849910200156,-0.30815703445574283,1,1
D14_dip12_w33,14,dip12_w33,19,QQQ,2,42,2026-01-20,2026-03-19,30,-0.024734412068352585,-0.003904880697059835,-0.016852211578043303,-0.012947330880983468,-0.04664148075686558,-0.07024941949920406,0.2563492063492063,0.35980158730158734,0,0.02082953137129275,0.007882200490309282,0,0
D14_dip12_w33,14,dip12_w33,20,QQQ,2,42,2025-12-30,2026-03-02,30,-0.01830706738570409,0.020542259241984707,0.030637427484886192,0.010095168242901485,-0.05202848290647793,-0.06938122176932932,0.3150793650793651,0.44236507936507935,1,0.03884932662768879,0.048944494870590285,1,1
D14_dip12_w33,14,dip12_w33,21,QQQ,8,168,2024-02-14,2024-10-14,30,0.15334197720866793,0.01763376201115824,0.046587298806662486,0.028953536795504248,-0.1322396468346643,-0.13442723779706567,0.32797619047619037,0.46128571428571435,1,-0.1357082151975097,-0.10675467840200545,1,1
D14_dip12_w33,14,dip12_w33,22,QQQ,4,84,2025-10-15,2026-02-13,30,0.000789757805571778,0.041634413714619276,0.05500718869986738,0.013372774985248102,-0.08767623706279756,-0.09783899418385987,0.3873015873015873,0.5018849206349206,1,0.0408446559090475,0.0542174308942956,1,1
D14_dip12_w33,14,dip12_w33,23,QQQ,3,63,2026-01-08,2026-04-09,30,-0.0153279984002892,-0.00015153970303823558,0.014466499434175809,0.014618039137214045,-0.07822959166317958,-0.09733213799620415,0.2523809523809524,0.3730317460317459,1,0.015176458697250964,0.029794497834465007,0,1
D14_dip12_w33,14,dip12_w33,24,SOXX,5,105,2026-02-10,2026-07-13,30,0.5770256813269112,0.13659686114321096,0.23206808562788292,0.09547122448467196,-0.06750382261710434,-0.11496184732828517,0.12349206349206351,0.3569015873015873,1,-0.4404288201837003,-0.3449575956990283,1,1
D14_dip12_w33,14,dip12_w33,25,QQQ,5,105,2026-01-14,2026-06-15,30,0.20238584863226716,0.04480905436171883,0.06567355029047102,0.02086449592875219,-0.0814089650586057,-0.10763541661850053,0.1892063492063492,0.3129301587301587,1,-0.15757679427054833,-0.13671229834179616,1,1
D14_dip12_w33,14,dip12_w33,26,QQQ,12,252,2025-01-16,2026-01-16,30,0.21698527291142944,0.0058803715805283464,0.028762564733807335,0.02288219315327899,-0.15853139701677746,-0.17460905173423852,0.27777777777777773,0.41405555555555557,1,-0.2111049013309011,-0.1882227081776221,1,1
D14_dip12_w33,14,dip12_w33,27,SOXX,4,84,2026-03-20,2026-07-21,30,0.6629647609934404,0.09246450214498574,0.19674596866002456,0.10428146651503882,-0.045970691350039505,-0.11570784141408884,0.09761904761904759,0.3447261904761904,1,-0.5705002588484547,-0.4662187923334158,1,1
D14_dip12_w33,14,dip12_w33,28,SOXX,10,210,2023-09-12,2024-07-12,30,0.6054241699570708,0.16010458794897048,0.24429579169067375,0.08419120374170327,-0.15291596127570126,-0.14140286019876525,0.3422222222222222,0.4805603174603174,1,-0.44531958200810035,-0.3611283782663971,1,1
D14_dip12_w33,14,dip12_w33,29,QQQ,10,210,2023-11-02,2024-09-04,29,0.2742635518580856,0.07824104849807687,0.09140714016157343,0.013166091663496568,-0.14724112546969834,-0.15637032409933543,0.4203612479474548,0.506247947454844,1,-0.19602250336000873,-0.18285641169651218,1,1
D14_dip12_w33,14,dip12_w33,30,SOXX,11,231,2025-02-26,2026-01-27,30,0.6222676159829015,0.1711368514401048,0.22026421230700277,0.04912736086689798,-0.19787028190037134,-0.19937639529170595,0.31746031746031744,0.41974603174603176,1,-0.45113076454279666,-0.4020034036758987,1,1
D14_dip12_w33,14,dip12_w33,31,SOXX,4,84,2024-11-26,2025-03-31,30,-0.12412360871542705,-0.032152561625399236,-0.04467229143807188,-0.012519729812672645,-0.09531311281221044,-0.13346548398124708,0.17658730158730157,0.3605753968253969,0,0.09197104709002782,0.07945131727735516,0,0
D14_dip12_w33,14,dip12_w33,32,SOXX,3,63,2024-07-29,2024-10-24,29,-0.004528432055198928,-0.01717969917744293,-0.030968784245057453,-0.013789085067614521,-0.05077110926622666,-0.08687257131101266,0.09140667761357416,0.23969896004378757,0,-0.012651267122244004,-0.026440352189858525,0,0
D14_dip12_w33,14,dip12_w33,33,SOXX,7,147,2025-09-16,2026-04-16,29,0.5731894193346554,0.2428581070521754,0.36830542667459737,0.12544731962242198,-0.1605512081869748,-0.16502145167380158,0.3309875674407695,0.47922824302134664,1,-0.33033131228248,-0.20488399266005802,1,1
D14_dip12_w33,14,dip12_w33,34,QQQ,4,84,2024-05-31,2024-09-30,30,0.08613665447903895,-0.02094604149667747,0.0014871719990245836,0.022433213495702053,-0.11243876407913302,-0.11527828229033212,0.3619047619047619,0.4717738095238095,1,-0.10708269597571643,-0.08464948248001437,0,1
D14_dip12_w33,14,dip12_w33,35,QQQ,9,189,2025-02-11,2025-11-10,30,0.1848421423831519,0.0778069487759237,0.06499839740850391,-0.01280855136741979,-0.15279406301724527,-0.1650275715158292,0.3052910052910052,0.4261164021164021,0,-0.10703519360722819,-0.11984374497464798,1,1
D14_dip12_w33,14,dip12_w33,36,QQQ,3,63,2025-01-14,2025-04-14,30,-0.0928917402537448,-0.014715106421000608,-0.020338610902853955,-0.005623504481853347,-0.0943586033322837,-0.12734730224931326,0.2613756613756614,0.3942486772486771,0,0.0781766338327442,0.07255312935089085,0,0
D14_dip12_w33,14,dip12_w33,37,SOXX,10,210,2024-08-26,2025-06-27,30,0.05767020978785542,0.046170386833983716,0.012474976043449786,-0.03369541079053393,-0.14069969891344225,-0.181782400231214,0.18349206349206346,0.3133444444444444,0,-0.011499822953871704,-0.045195233744405636,1,1
D14_dip12_w33,14,dip12_w33,38,SOXX,12,252,2024-07-02,2025-07-03,30,-0.019691750048819512,-0.042699691533501484,-0.08543495805371079,-0.04273526652020931,-0.22362703060876782,-0.2755834811594472,0.1978835978835979,0.32482010582010584,0,-0.023007941484681972,-0.06574320800489128,0,0
D14_dip12_w33,14,dip12_w33,39,QQQ,5,105,2024-09-23,2025-02-24,30,0.07798173822976961,0.06547072313479577,0.07567139186338653,0.010200668728590767,-0.09793759599584707,-0.11208997301240803,0.40888888888888886,0.5072603174603175,1,-0.012511015094973849,-0.0023103463663830814,1,1
D14_dip12_w33,14,dip12_w33,40,QQQ,12,252,2025-05-13,2026-05-13,30,0.3929080380641541,0.10209609867488217,0.1423927924041156,0.04029669372923342,-0.18245185130402916,-0.21271632859354492,0.31388888888888894,0.44056349206349205,1,-0.2908119393892719,-0.25051524566003847,1,1
D14_dip12_w33,14,dip12_w33,41,SOXX,5,105,2024-12-18,2025-05-21,29,-0.03550491258274213,-0.03958675821020653,-0.07673717984535842,-0.03715042163515189,-0.12360463930904281,-0.1746024889879491,0.1714285714285714,0.2900985221674877,0,-0.0040818456274644005,-0.04123226726261629,0,0
D14_dip12_w33,14,dip12_w33,42,QQQ,1,21,2026-06-01,2026-06-30,30,-0.007446386853765863,-0.004137721075456391,0.0034724585268436064,0.007610179602299997,-0.012896127851843646,-0.03175492857007643,0.10793650793650794,0.284984126984127,1,0.003308665778309472,0.01091884538060947,0,1
D14_dip12_w33,14,dip12_w33,43,SOXX,5,105,2025-04-30,2025-09-29,30,0.46913595929254015,0.12020837437946033,0.16003578612298514,0.039827411743524804,-0.11467746009539652,-0.11756758310469721,0.391111111111111,0.4767015873015873,1,-0.34892758491307985,-0.309100173169555,1,1
D14_dip12_w33,14,dip12_w33,44,SOXX,5,105,2024-07-24,2024-12-19,29,-0.07336127646416635,0.014440215493246455,0.01293612659596206,-0.001504088897284395,-0.10254019487332973,-0.12575941636778254,0.1960591133004926,0.33282758620689645,0,0.0878014919574128,0.08629740306012841,1,1
D14_dip12_w33,14,dip12_w33,45,SOXX,12,252,2024-03-06,2025-03-07,30,-0.10757483963704584,-0.08439870231549465,-0.08628407538109027,-0.001885373065595622,-0.23166021795046768,-0.2508522986984193,0.24735449735449733,0.3915767195767196,0,0.023176137321551188,0.021290764255955566,0,0
D14_dip12_w33,14,dip12_w33,46,SOXX,11,231,2024-02-13,2025-01-14,30,0.07418656590600592,0.02756966561592551,0.05997932016039648,0.03240965454447098,-0.20760107677177955,-0.22975573955475667,0.2522366522366522,0.4002842712842713,1,-0.04661690029008041,-0.014207245745609436,1,1
D14_dip12_w33,14,dip12_w33,47,QQQ,12,252,2025-06-12,2026-06-12,30,0.3582275230463974,0.10374190539348917,0.1716730574301091,0.06793115203661994,-0.1650181027476526,-0.18947491268014124,0.28941798941798946,0.42089417989417993,1,-0.2544856176529082,-0.18655446561628827,1,1
D14_dip12_w33,14,dip12_w33,48,QQQ,1,21,2025-07-02,2025-07-31,30,0.02579898212369769,0.009147873504681665,0.01023774354028172,0.0010898700356000539,-0.03190240724898848,-0.037865191262107585,0.3682539682539682,0.471968253968254,1,-0.016651108619016024,-0.01556123858341597,1,1
D14_dip12_w33,14,dip12_w33,49,QQQ,6,126,2024-03-22,2024-09-20,30,0.08250098618182977,-0.011823329141226387,0.010641518838471002,0.02246484797969739,-0.1258061830418667,-0.12817245188082738,0.29550264550264543,0.4161534391534393,1,-0.09432431532305616,-0.07185946734335877,0,1
D14_dip12_w33,14,dip12_w33,50,QQQ,11,231,2025-04-16,2026-03-18,30,0.3441101199491847,0.036376948153369094,0.06651247032753001,0.030135522174160913,-0.12889573510110175,-0.14733980450078787,0.26536796536796536,0.39346320346320346,1,-0.3077331717958156,-0.27759764962165473,1,1
D14_dip12_w33,14,dip12_w33,51,SOXX,12,252,2025-05-09,2026-05-11,30,1.7645874371661052,0.4097080988831326,0.614623706687956,0.20491560780482337,-0.19101367705129177,-0.19507190500746646,0.3484126984126984,0.47046031746031747,1,-1.3548793382829727,-1.1499637304781491,1,1
D14_dip12_w33,14,dip12_w33,52,QQQ,6,126,2024-07-26,2025-01-27,30,0.11403101000835725,0.05681938935261872,0.09316582432891903,0.03634643497630031,-0.12773069541356347,-0.13175218971688135,0.3232804232804233,0.4486455026455026,1,-0.05721162065573853,-0.020865185679438222,1,1
D14_dip12_w33,14,dip12_w33,53,SOXX,9,189,2025-02-25,2025-11-21,30,0.27137739698000374,0.056180111741826515,0.040744292334332396,-0.015435819407494118,-0.16495208287193883,-0.18744677406291568,0.28395061728395066,0.3894109347442681,0,-0.21519728523817722,-0.23063310464567133,1,1
D14_dip12_w33,14,dip12_w33,54,QQQ,10,210,2025-06-10,2026-04-10,30,0.14941279936704488,-0.015405285196039335,-0.033620286971944205,-0.01821500177590487,-0.13625480198106962,-0.16623438341843128,0.2634920634920635,0.36961587301587306,0,-0.16481808456308422,-0.18303308633898907,0,0
D14_dip12_w33,14,dip12_w33,55,QQQ,9,189,2024-03-12,2024-12-09,30,0.18252348107739125,0.055664773216138046,0.06574757328645905,0.010082800070321009,-0.12915008536707423,-0.13786583565519614,0.3707231040564374,0.4620405643738978,1,-0.1268587078612532,-0.11677590779093219,1,1
D14_dip12_w33,14,dip12_w33,56,SOXX,1,21,2026-03-06,2026-04-06,30,0.06430085839175526,0.002552041162142956,0.02707565107090525,0.024523609908762293,-0.012963321553764555,-0.048612693276484646,0.06984126984126983,0.3443174603174604,1,-0.0617488172296123,-0.03722520732085001,1,1
D14_dip12_w33,14,dip12_w33,57,QQQ,11,231,2024-12-30,2025-12-01,30,0.2014930365864087,0.06266015330288494,0.08345046351238387,0.02079031020949894,-0.1598500025072416,-0.1715776168178593,0.2909090909090909,0.4106709956709957,1,-0.13883288328352378,-0.11804257307402484,1,1
D14_dip12_w33,14,dip12_w33,58,QQQ,4,84,2025-05-06,2025-09-04,30,0.19622773691571815,0.02277270503400945,0.03387242388978726,0.011099718855777815,-0.07513828177160067,-0.08711108157884248,0.29166666666666663,0.4169880952380952,1,-0.17345503188170872,-0.1623553130259309,1,1
D14_dip12_w33,14,dip12_w33,59,SOXX,4,84,2026-02-25,2026-06-25,30,0.7007669266812115,0.09044155816110022,0.26384967940656695,0.17340812124546673,-0.07194405578107436,-0.10274792836365097,0.1384920634920635,0.37067063492063496,1,-0.6103253685201113,-0.4369172472746446,1,1
D14_dip12_w33,14,dip12_w33,60,SOXX,1,21,2024-12-26,2025-01-28,29,-0.04487098139039003,-0.03273396754475295,-0.035101461461747314,-0.0023674939169943676,-0.06564789337488112,-0.08408540682396407,0.27586206896551724,0.40807881773399013,0,0.012137013845637083,0.009769519928642716,0,0
D14_dip12_w33,14,dip12_w33,61,SOXX,3,63,2024-01-26,2024-04-25,29,0.06710111015930864,0.02188533088741311,0.018888702586918632,-0.0029966283004944777,-0.05970782911130342,-0.09272510343560393,0.22167487684729062,0.4077175697865352,0,-0.04521577927189553,-0.04821240757239001,1,1
D14_dip12_w33,14,dip12_w33,62,SOXX,3,63,2025-06-20,2025-09-18,29,0.19111850646885342,0.09125785621270052,0.12188332904057705,0.030625472827876532,-0.11324479512224543,-0.11711713109012341,0.48056923918992883,0.5874986316365626,1,-0.0998606502561529,-0.06923517742827637,1,1
D14_dip12_w33,14,dip12_w33,63,QQQ,3,63,2025-10-01,2025-12-30,30,0.0281443024583361,-0.007672257166568985,-0.008953684940438663,-0.0012814277738696775,-0.057252876515231955,-0.07165300413510096,0.25661375661375657,0.37324867724867716,0,-0.035816559624905084,-0.03709798739877476,0,0
D14_dip12_w33,14,dip12_w33,64,QQQ,2,42,2024-06-12,2024-08-12,30,-0.046509750935051275,-0.030689981486153213,-0.030684786949004228,5.194537148985046e-06,-0.07187451483260328,-0.08820345156759886,0.3507936507936508,0.4676031746031747,1,0.015819769448898062,0.015824963986047047,0,0
D14_dip12_w33,14,dip12_w33,65,SOXX,7,147,2024-03-27,2024-10-24,29,0.010917916153216245,-0.017449618185238974,-0.016891602580682605,0.0005580156045563688,-0.1614083097554402,-0.18515267835947133,0.2629603565564157,0.4047759793572602,1,-0.02836753433845522,-0.02780951873389885,0,0
D14_dip12_w33,14,dip12_w33,66,QQQ,7,147,2024-06-18,2025-01-17,30,0.0802486743430566,0.00029853127965911254,0.03905669760833817,0.03875816632867906,-0.13011363603454423,-0.13164537660933526,0.35124716553287977,0.4612471655328798,1,-0.0799501430633975,-0.04119197673471843,1,1
D14_dip12_w33,14,dip12_w33,67,SOXX,6,126,2025-02-27,2025-08-27,30,0.2288069130259598,0.09602472964249355,0.0944799808383291,-0.001544748804164442,-0.11061219488937407,-0.13846049924479967,0.3126984126984126,0.41300793650793655,0,-0.13278218338346626,-0.1343269321876307,1,1
D14_dip12_w33,14,dip12_w33,68,SOXX,2,42,2026-01-27,2026-03-26,30,-0.06274182234420844,0.0032193452924548414,0.014705517325367786,0.011486172032912944,-0.05896621171963992,-0.0863534041848463,0.19920634920634922,0.3969444444444445,1,0.06596116763666328,0.07744733966957623,1,1
D14_dip12_w33,14,dip12_w33,69,SOXX,8,168,2025-08-27,2026-04-28,30,0.752796897064234,0.17512795042041496,0.31238732488475296,0.137259374464338,-0.17448596435949304,-0.18141703813359752,0.31924603174603183,0.46938293650793655,1,-0.5776689466438191,-0.44040957217948107,1,1
D14_dip12_w33,14,dip12_w33,70,SOXX,5,105,2024-09-20,2025-02-21,29,0.005406814450626518,0.003468495639504155,0.01025176535120574,0.006783269711701585,-0.09789538854854749,-0.11729721882996973,0.187192118226601,0.33219704433497543,1,-0.001938318811122363,0.004844950900579221,1,1
D14_dip12_w33,14,dip12_w33,71,SOXX,4,84,2025-09-17,2026-01-15,29,0.30628589985012833,0.09548057248306517,0.14326787943442726,0.04778730695136209,-0.13684856978281387,-0.14734464724258267,0.3788998357963875,0.49946633825944164,1,-0.21080532736706314,-0.16301802041570107,1,1
D14_dip12_w33,14,dip12_w33,72,QQQ,4,84,2025-06-23,2025-10-20,30,0.1516013225816759,0.03716667462224955,0.05460223851841399,0.017435563896164442,-0.08772548229479836,-0.0986688830824673,0.3146825396825397,0.44759920634920636,1,-0.11443464795942637,-0.09699908406326192,1,1
D14_dip12_w33,14,dip12_w33,73,SOXX,10,210,2023-11-28,2024-09-27,30,0.3732977081618618,0.06661678645753953,0.1006728029072516,0.03405601644971207,-0.18894426088698602,-0.2059587832018845,0.3076190476190476,0.44333809523809525,1,-0.30668092170432226,-0.2726249052546102,1,1
D14_dip12_w33,14,dip12_w33,74,QQQ,9,189,2025-04-09,2026-01-08,30,0.33624069066151074,0.13339435324806054,0.18410592908631632,0.05071157583825578,-0.1364775405035114,-0.1489211301255436,0.35555555555555557,0.4757407407407407,1,-0.2028463374134502,-0.15213476157519443,1,1
D14_dip12_w33,14,dip12_w33,75,QQQ,12,252,2024-12-19,2025-12-22,30,0.21234993913837386,0.07282488524533995,0.11262878012207773,0.039803894876737786,-0.15411353549119883,-0.18137869744007115,0.2826719576719577,0.4109179894179895,1,-0.1395250538930339,-0.09972115901629612,1,1
D14_dip12_w33,14,dip12_w33,76,SOXX,5,105,2024-05-10,2024-10-09,29,0.07166292185798206,0.014436981495001656,0.0033601561610223764,-0.01107682533397928,-0.12451546382428642,-0.1641719274275713,0.25155993431855495,0.3841018062397373,0,-0.05722594036298041,-0.06830276569695969,1,1
D14_dip12_w33,14,dip12_w33,77,SOXX,8,168,2025-08-01,2026-04-01,30,0.4329721592393472,0.15866805757439584,0.2458214450726337,0.08715338749823787,-0.18501848805024199,-0.1823781961985042,0.3426587301587301,0.49482539682539683,1,-0.27430410166495134,-0.18715071416671347,1,1
D14_dip12_w33,14,dip12_w33,78,QQQ,7,147,2025-11-12,2026-06-15,30,0.20096913413608264,-0.018947353643036353,0.024751281957252753,0.04369863560028911,-0.12973603679726417,-0.144587493773487,0.2376417233560091,0.35041043083900225,1,-0.21991648777911899,-0.17621785217882988,0,1
D14_dip12_w33,14,dip12_w33,79,SOXX,9,189,2023-12-14,2024-09-16,30,0.16790498618580796,0.0008636282377531334,0.011339980994270627,0.010476352756517494,-0.1882736533618384,-0.2086514479932802,0.3310405643738977,0.4651940035273369,1,-0.16704135794805483,-0.15656500519153732,1,1
D14_dip12_w33,14,dip12_w33,80,QQQ,6,126,2024-01-19,2024-07-19,30,0.13164162035706783,0.01752199700392435,0.03111538286716586,0.013593385863241509,-0.11178035471042873,-0.12209137767513971,0.32089947089947096,0.43832010582010583,1,-0.11411962335314349,-0.10052623748990197,1,1
D14_dip12_w33,14,dip12_w33,81,QQQ,1,21,2024-11-13,2024-12-12,30,0.027818437813410313,0.02434417817350658,0.02719080077864696,0.002846622605140379,-0.025412970421883403,-0.031116911774506633,0.3349206349206349,0.41034920634920635,1,-0.003474259639903731,-0.0006276370347633523,1,1
D14_dip12_w33,14,dip12_w33,82,SOXX,10,210,2024-06-21,2025-04-23,30,-0.303438756357962,-0.10953684636102978,-0.16230497248363826,-0.05276812612260848,-0.21927545671237217,-0.27423168073260146,0.1858730158730159,0.32180158730158737,0,0.19390190999693224,0.14113378387432376,0,0
D14_dip12_w33,14,dip12_w33,83,QQQ,11,231,2024-05-24,2025-04-28,30,0.03788093693594541,0.02352067792770555,0.036801305216985956,0.013280627289280405,-0.18620256126856274,-0.1991839631738177,0.3011544011544011,0.42001154401154406,1,-0.014360259008239857,-0.001079631718959452,1,1
D14_dip12_w33,14,dip12_w33,84,SOXX,4,84,2025-03-26,2025-07-25,29,0.21967623083558907,0.08166603233309737,0.0698083298078918,-0.011857702525205571,-0.0830621153910326,-0.10031773888563991,0.3091133004926108,0.3695320197044335,0,-0.1380101985024917,-0.14986790102769726,1,1
D14_dip12_w33,14,dip12_w33,85,SOXX,3,63,2024-01-12,2024-04-12,29,0.17490145812316005,0.060582022508329274,0.07912564138358312,0.018543618875253846,-0.07771614238565261,-0.08791630663120806,0.3130815544608648,0.4720306513409961,1,-0.11431943561483077,-0.09577581673957693,1,1
D14_dip12_w33,14,dip12_w33,86,QQQ,4,84,2025-08-13,2025-12-10,30,0.08270595883887877,-0.0020598467100503243,0.005459684152916773,0.007519530862967097,-0.07138796413813867,-0.09199639915141915,0.2472222222222222,0.39925793650793645,1,-0.0847658055489291,-0.077246274685962,0,1
D14_dip12_w33,14,dip12_w33,87,QQQ,9,189,2025-08-12,2026-05-12,30,0.22380163982039725,-0.006650453236212702,0.028893346432713574,0.035543799668926276,-0.14081880209020553,-0.1646893187575444,0.2324514991181658,0.3554885361552029,1,-0.23045209305660994,-0.19490829338768367,0,1
D14_dip12_w33,14,dip12_w33,88,QQQ,3,63,2023-09-06,2023-12-04,30,0.03239382703262561,-0.018888553611716232,-0.004318000012440167,0.014570553599276066,-0.08305897001337256,-0.09229343951471979,0.33492063492063484,0.4526031746031745,1,-0.051282380644341846,-0.03671182704506578,0,0
D14_dip12_w33,14,dip12_w33,89,QQQ,6,126,2024-03-08,2024-09-06,30,0.025004402915363988,-0.03556560225580011,-0.0327526014277339,0.002813000828066209,-0.13633623776185416,-0.14442224421562985,0.3309523809523809,0.42794444444444435,1,-0.0605700051711641,-0.05775700434309789,0,0
D14_dip12_w33,14,dip12_w33,90,SOXX,4,84,2024-02-09,2024-06-10,29,0.16166404920459776,0.028196290271240643,0.05498531072450055,0.02678902045325991,-0.08636595624850572,-0.10662441796234919,0.3066502463054187,0.46108374384236456,1,-0.1334677589333571,-0.10667873848009721,1,1
D14_dip12_w33,14,dip12_w33,91,QQQ,6,126,2024-12-26,2025-06-30,30,0.04434109236366246,0.007674866909558949,0.02801552787256255,0.0203406609630036,-0.1278377277741782,-0.14959066960752215,0.2677248677248677,0.3926534391534392,1,-0.03666622545410351,-0.01632556449109991,1,1
D14_dip12_w33,14,dip12_w33,92,QQQ,2,42,2024-07-11,2024-09-09,30,-0.07616930887243911,-0.0467009139746296,-0.043942514523160815,0.0027583994514687876,-0.06533070513067755,-0.08536602291602069,0.2119047619047619,0.3703571428571428,1,0.02946839489780951,0.0322267943492783,0,0
D14_dip12_w33,14,dip12_w33,93,QQQ,8,168,2025-09-04,2026-05-05,30,0.18933459993954838,0.056885856392562835,0.10037580286126371,0.04348994646870088,-0.13213284289849453,-0.14572567095710293,0.26369047619047614,0.3789285714285714,1,-0.13244874354698555,-0.08895879707828466,1,1
D14_dip12_w33,14,dip12_w33,94,QQQ,11,231,2023-08-28,2024-07-29,29,0.27358869545907205,0.04338844910070174,0.08280034476074596,0.03941189566004422,-0.158549556344278,-0.15451654320475916,0.3985669502910882,0.49413345275414244,1,-0.2302002463583703,-0.1907883506983261,1,1
D14_dip12_w33,14,dip12_w33,95,SOXX,2,42,2024-10-18,2024-12-17,29,-0.022397322959222588,0.003232917265875716,-0.0044022774609827845,-0.0076351947268585,-0.05504839408824857,-0.08223080009540885,0.18308702791461412,0.33183087027914615,0,0.025630240225098303,0.017995045498239805,1,0
D14_dip12_w33,14,dip12_w33,96,QQQ,9,189,2024-06-04,2025-03-06,30,0.0794127343756903,0.07355495139825723,0.09804347009604145,0.02448851869778422,-0.16750932370479174,-0.17416074223255418,0.31957671957671957,0.4365608465608466,1,-0.005857782977433071,0.01863073572035115,1,1
D14_dip12_w33,14,dip12_w33,97,SOXX,5,105,2025-12-31,2026-06-02,30,1.0102699251297969,0.20892373089805882,0.42961652555406854,0.22069279465600972,-0.09511111174694611,-0.11619198291309817,0.24095238095238092,0.43067619047619055,1,-0.801346194231738,-0.5806533995757284,1,1
D14_dip12_w33,14,dip12_w33,98,QQQ,4,84,2025-02-28,2025-06-30,30,0.08838198760432037,0.04214933024015496,0.042345992233782846,0.00019666199362788905,-0.0667824189847802,-0.09003080357309552,0.2035714285714286,0.33399999999999996,1,-0.04623265736416541,-0.04603599537053752,1,1
D14_dip12_w33,14,dip12_w33,99,SOXX,2,42,2026-05-13,2026-07-14,30,0.07552608567751218,0.007353907599346913,0.002415214301520774,-0.00493869329782614,-0.019491828187119066,-0.09386148475444184,0.08253968253968254,0.3292539682539682,0,-0.06817217807816527,-0.0731108713759914,1,1
D15_dip15_lb90,15,dip15_lb90,0,SOXX,4,84,2025-01-15,2025-05-15,29,-0.04268264905560459,-0.025716990511332718,-0.05185239297254562,-0.0261354024612129,-0.09008269398142583,-0.1290679579458443,0.10139573070607558,0.18318965517241378,0,0.016965658544271876,-0.009169743916941024,0,0
D15_dip15_lb90,15,dip15_lb90,1,SOXX,4,84,2025-11-26,2026-03-30,29,0.06535932477276907,0.13060434817914052,0.1609960468348005,0.030391698655659993,-0.09666914509833963,-0.1117429367559585,0.3259441707717569,0.4356527093596058,1,0.06524502340637145,0.09563672206203144,1,1
D15_dip15_lb90,15,dip15_lb90,2,SOXX,12,252,2024-06-12,2025-06-13,30,-0.11229341109132818,-0.08609364403663103,-0.11349338237450929,-0.02739973833787826,-0.23588366404305075,-0.2626295211825325,0.21468253968253967,0.30009920634920645,0,0.02619976705469715,-0.0011999712831811116,0,0
D15_dip15_lb90,15,dip15_lb90,3,QQQ,1,21,2026-01-13,2026-02-11,30,-0.02096638715391519,-0.014627542256874316,-0.0228672828729377,-0.008239740616063385,-0.05458277455918684,-0.06601435010684906,0.4031746031746032,0.44404761904761897,0,0.006338844897040874,-0.0019008957190225113,0,0
D15_dip15_lb90,15,dip15_lb90,4,QQQ,8,168,2025-02-28,2025-10-28,30,0.2501946013536971,0.07269972065454076,0.09949348071245755,0.026793760057916782,-0.13812305774620287,-0.14370256413678612,0.2779761904761905,0.37073412698412694,1,-0.1774948806991563,-0.15070112064123953,1,1
D15_dip15_lb90,15,dip15_lb90,5,SOXX,3,63,2025-03-10,2025-06-06,29,0.11931811258500846,0.023024491089483737,0.004359993533579306,-0.018664497555904432,-0.027145179397823276,-0.05782153413196436,0.08866995073891625,0.16146688560481665,0,-0.09629362149552473,-0.11495811905142915,1,1
D15_dip15_lb90,15,dip15_lb90,6,SOXX,12,252,2024-10-18,2025-10-21,30,0.27929057935732526,0.08040498987955062,0.07186034610378313,-0.008544643775767496,-0.18728003050003003,-0.2038646332663499,0.2891534391534391,0.35985449735449737,0,-0.19888558947777463,-0.20743023325354215,1,1
D15_dip15_lb90,15,dip15_lb90,7,SOXX,5,105,2024-08-02,2024-12-31,30,0.04615473659290337,-0.007383155687375146,-0.005011433351813395,0.002371722335561751,-0.09986809917066228,-0.1196190911682546,0.15714285714285714,0.26492063492063495,1,-0.05353789228027851,-0.05116616994471676,0,0
D15_dip15_lb90,15,dip15_lb90,8,SOXX,11,231,2024-01-29,2024-12-26,30,0.11728595595420654,-0.014050142007062175,-0.002506002486132212,0.011544139520929964,-0.22765483794891364,-0.2427763434999298,0.2554112554112554,0.34743867243867244,1,-0.13133609796126872,-0.11979195844033876,0,0
D15_dip15_lb90,15,dip15_lb90,9,QQQ,7,147,2025-12-22,2026-07-24,30,0.10761391047221691,0.011967165923700219,0.03745127610066233,0.025484110176962112,-0.11138535137425892,-0.12621750587675026,0.2068027210884354,0.2789682539682539,1,-0.0956467445485167,-0.07016263437155458,1,1
D15_dip15_lb90,15,dip15_lb90,10,SOXX,11,231,2025-04-30,2026-03-31,30,0.7991728873661996,0.24120132927579618,0.3307805842067547,0.08957925493095853,-0.18151182396438895,-0.17770382171752963,0.32958152958152964,0.41554834054834056,1,-0.5579715580904034,-0.4683923031594449,1,1
D15_dip15_lb90,15,dip15_lb90,11,SOXX,7,147,2023-12-07,2024-07-10,30,0.5448438251272811,0.15643696946934116,0.1835884409536469,0.027151471484305745,-0.13145231080705216,-0.13723190983435227,0.34852607709750566,0.4309523809523809,1,-0.38840685565794,-0.36125538417363423,1,1
D15_dip15_lb90,15,dip15_lb90,12,QQQ,11,231,2024-03-27,2025-02-27,30,0.12982124242441295,0.006866921906544258,0.020427582597745606,0.013560660691201348,-0.13945240282328086,-0.14134709962834355,0.29913419913419914,0.358008658008658,1,-0.1229543205178687,-0.10939365982666735,1,1
D15_dip15_lb90,15,dip15_lb90,13,QQQ,10,210,2024-09-30,2025-08-01,30,0.1396406940506143,0.13642248264481188,0.15017724443357292,0.013754761788761033,-0.13907255241929703,-0.1485867800710739,0.29253968253968254,0.3802777777777779,1,-0.003218211405802418,0.010536550382958615,1,1
D15_dip15_lb90,15,dip15_lb90,14,QQQ,9,189,2025-02-11,2025-11-10,30,0.1848421423831519,0.04006495843578965,0.05380739416521941,0.013742435729429757,-0.14697553389521303,-0.14879144320358798,0.3174603174603175,0.39951499118165784,1,-0.14477718394736222,-0.13103474821793248,1,1
D15_dip15_lb90,15,dip15_lb90,15,SOXX,2,42,2023-11-10,2024-01-11,29,0.1337866151876319,0.0774943989489612,0.08440925621388815,0.006914857264926952,-0.05469737112963862,-0.06109995452678417,0.4778325123152709,0.5472085385878489,1,-0.056292216238670714,-0.04937735897374376,1,1
D15_dip15_lb90,15,dip15_lb90,16,QQQ,8,168,2025-04-17,2025-12-16,30,0.38065075650801794,0.05822628509197105,0.07462923829547922,0.016402953203508173,-0.09045853742073709,-0.10733160302391755,0.22182539682539681,0.3272321428571428,1,-0.3224244714160469,-0.3060215182125387,1,1
D15_dip15_lb90,15,dip15_lb90,17,QQQ,3,63,2023-10-12,2024-01-11,29,0.10935443004554912,0.009703347775665807,0.023282111090111114,0.013578763314445307,-0.07684055243996374,-0.07793769807007284,0.3787629994526547,0.4347290640394088,1,-0.09965108226988331,-0.08607231895543802,1,1
D15_dip15_lb90,15,dip15_lb90,18,SOXX,7,147,2025-06-02,2025-12-30,29,0.4742072430583639,0.08455874395636237,0.13632670794347634,0.051767963987113974,-0.17907138410292056,-0.17355796405271984,0.4133239502697632,0.4868637110016421,1,-0.38964849910200156,-0.3378805351148876,1,1
D15_dip15_lb90,15,dip15_lb90,19,QQQ,2,42,2026-01-20,2026-03-19,30,-0.024734412068352585,-0.003904880697059835,-0.011828103367677844,-0.00792322267061801,-0.04664148075686558,-0.060573095254165446,0.2563492063492063,0.31547619047619047,0,0.02082953137129275,0.01290630870067474,0,0
D15_dip15_lb90,15,dip15_lb90,20,QQQ,2,42,2025-12-30,2026-03-02,30,-0.01830706738570409,0.020542259241984707,0.02524459711800927,0.004702337876024563,-0.05202848290647793,-0.0623297879041924,0.3150793650793651,0.3932539682539683,1,0.03884932662768879,0.04355166450371336,1,1
D15_dip15_lb90,15,dip15_lb90,21,QQQ,8,168,2024-02-14,2024-10-14,30,0.15334197720866793,0.01763376201115824,0.04176844811451786,0.024134686103359622,-0.1322396468346643,-0.13242658509566158,0.32797619047619037,0.41810515873015874,1,-0.1357082151975097,-0.11157352909415008,1,1
D15_dip15_lb90,15,dip15_lb90,22,QQQ,4,84,2025-10-15,2026-02-13,30,0.000789757805571778,0.041634413714619276,0.04954022442983909,0.007905810715219813,-0.08767623706279756,-0.09589183820460088,0.3873015873015873,0.46537698412698414,1,0.0408446559090475,0.04875046662426731,1,1
D15_dip15_lb90,15,dip15_lb90,23,QQQ,3,63,2026-01-08,2026-04-09,30,-0.0153279984002892,-0.00015153970303823558,0.008576492603550975,0.00872803230658921,-0.07822959166317958,-0.09091455671343424,0.2523809523809524,0.32724867724867723,1,0.015176458697250964,0.023904491003840175,0,1
D15_dip15_lb90,15,dip15_lb90,24,SOXX,5,105,2026-02-10,2026-07-13,30,0.5770256813269112,0.13659686114321096,0.21648591073826334,0.07988904959505239,-0.06750382261710434,-0.10099249693954399,0.12349206349206351,0.29365079365079366,1,-0.4404288201837003,-0.3605397705886479,1,1
D15_dip15_lb90,15,dip15_lb90,25,QQQ,5,105,2026-01-14,2026-06-15,30,0.20238584863226716,0.04480905436171883,0.05127515941957507,0.00646610505785624,-0.0814089650586057,-0.09535760677154255,0.1892063492063492,0.261031746031746,1,-0.15757679427054833,-0.1511106892126921,1,1
D15_dip15_lb90,15,dip15_lb90,26,QQQ,12,252,2025-01-16,2026-01-16,30,0.21698527291142944,0.0058803715805283464,0.03213000463658932,0.026249633056060973,-0.15853139701677746,-0.16708947680548253,0.27777777777777773,0.3638227513227513,1,-0.2111049013309011,-0.1848552682748401,1,1
D15_dip15_lb90,15,dip15_lb90,27,SOXX,4,84,2026-03-20,2026-07-21,30,0.6629647609934404,0.09246450214498574,0.1670265526819076,0.07456205053692187,-0.045970691350039505,-0.09500273968370192,0.09761904761904759,0.2741071428571429,1,-0.5705002588484547,-0.4959382083115328,1,1
D15_dip15_lb90,15,dip15_lb90,28,SOXX,10,210,2023-09-12,2024-07-12,30,0.6054241699570708,0.16010458794897048,0.20335936937600577,0.04325478142703529,-0.15291596127570126,-0.14415766370918273,0.3422222222222222,0.41980158730158734,1,-0.44531958200810035,-0.4020648005810651,1,1
D15_dip15_lb90,15,dip15_lb90,29,QQQ,10,210,2023-11-02,2024-09-04,29,0.2742635518580856,0.07824104849807687,0.089006339555347,0.01076529105727013,-0.14724112546969834,-0.1498623473562367,0.4203612479474548,0.47385057471264375,1,-0.19602250336000873,-0.18525721230273862,1,1
D15_dip15_lb90,15,dip15_lb90,30,SOXX,11,231,2025-02-26,2026-01-27,30,0.6222676159829015,0.1711368514401048,0.2053911883207023,0.03425433688059751,-0.19787028190037134,-0.19625024064096047,0.31746031746031744,0.3852453102453102,1,-0.45113076454279666,-0.4168764276621992,1,1
D15_dip15_lb90,15,dip15_lb90,31,SOXX,4,84,2024-11-26,2025-03-31,30,-0.12412360871542705,-0.032152561625399236,-0.03875290326086534,-0.006600341635466106,-0.09531311281221044,-0.11855732430820476,0.17658730158730157,0.2836309523809524,0,0.09197104709002782,0.08537070545456171,0,0
D15_dip15_lb90,15,dip15_lb90,32,SOXX,3,63,2024-07-29,2024-10-24,29,-0.004528432055198928,-0.01717969917744293,-0.027681360316167972,-0.01050166113872504,-0.05077110926622666,-0.0774505735168454,0.09140667761357416,0.1984126984126984,0,-0.012651267122244004,-0.023152928260969045,0,0
D15_dip15_lb90,15,dip15_lb90,33,SOXX,7,147,2025-09-16,2026-04-16,29,0.5731894193346554,0.2428581070521754,0.3481870478525551,0.10532894080037972,-0.1605512081869748,-0.16007064810904464,0.3309875674407695,0.4322073657049027,1,-0.33033131228248,-0.22500237148210028,1,1
D15_dip15_lb90,15,dip15_lb90,34,QQQ,4,84,2024-05-31,2024-09-30,30,0.08613665447903895,-0.02094604149667747,-0.005011600570710103,0.015934440925967366,-0.11243876407913302,-0.11346400717790664,0.3619047619047619,0.43303571428571425,1,-0.10708269597571643,-0.09114825504974906,0,0
D15_dip15_lb90,15,dip15_lb90,35,QQQ,9,189,2025-02-11,2025-11-10,30,0.1848421423831519,0.0778069487759237,0.07633175690069915,-0.0014751918752245463,-0.15279406301724527,-0.15628885843086707,0.3052910052910052,0.40912698412698406,0,-0.10703519360722819,-0.10851038548245273,1,1
D15_dip15_lb90,15,dip15_lb90,36,QQQ,3,63,2025-01-14,2025-04-14,30,-0.0928917402537448,-0.014715106421000608,-0.022053098246584628,-0.00733799182558402,-0.0943586033322837,-0.11839267218306068,0.2613756613756614,0.34894179894179894,0,0.0781766338327442,0.07083864200716017,0,0
D15_dip15_lb90,15,dip15_lb90,37,SOXX,10,210,2024-08-26,2025-06-27,30,0.05767020978785542,0.046170386833983716,0.0132428860515155,-0.032927500782468214,-0.14069969891344225,-0.16321150579083718,0.18349206349206346,0.2656349206349206,0,-0.011499822953871704,-0.04442732373633992,1,1
D15_dip15_lb90,15,dip15_lb90,38,SOXX,12,252,2024-07-02,2025-07-03,30,-0.019691750048819512,-0.042699691533501484,-0.07226838358585512,-0.029568692052353636,-0.22362703060876782,-0.25414457151296604,0.1978835978835979,0.2855489417989418,0,-0.023007941484681972,-0.05257663353703561,0,0
D15_dip15_lb90,15,dip15_lb90,39,QQQ,5,105,2024-09-23,2025-02-24,30,0.07798173822976961,0.06547072313479577,0.0719702613168685,0.006499538182072731,-0.09793759599584707,-0.10619947248551259,0.40888888888888886,0.4751587301587302,1,-0.012511015094973849,-0.0060114769129011175,1,1
D15_dip15_lb90,15,dip15_lb90,40,QQQ,12,252,2025-05-13,2026-05-13,30,0.3929080380641541,0.10209609867488217,0.1277734093597468,0.025677310684864618,-0.18245185130402916,-0.2047151371296074,0.31388888888888894,0.40112433862433866,1,-0.2908119393892719,-0.2651346287044073,1,1
D15_dip15_lb90,15,dip15_lb90,41,SOXX,5,105,2024-12-18,2025-05-21,29,-0.03550491258274213,-0.03958675821020653,-0.06403049170741724,-0.024443733497210712,-0.12360463930904281,-0.15539634434170993,0.1714285714285714,0.24926108374384237,0,-0.0040818456274644005,-0.028525579124675113,0,0
D15_dip15_lb90,15,dip15_lb90,42,QQQ,1,21,2026-06-01,2026-06-30,30,-0.007446386853765863,-0.004137721075456391,0.0012637937862607178,0.005401514861717109,-0.012896127851843646,-0.022265387389183898,0.10793650793650794,0.1936507936507936,1,0.003308665778309472,0.00871018064002658,0,1
D15_dip15_lb90,15,dip15_lb90,43,SOXX,5,105,2025-04-30,2025-09-29,30,0.46913595929254015,0.12020837437946033,0.13754502241585664,0.017336648036396313,-0.11467746009539652,-0.11660865474974637,0.391111111111111,0.4419047619047619,1,-0.34892758491307985,-0.3315909368766835,1,1
D15_dip15_lb90,15,dip15_lb90,44,SOXX,5,105,2024-07-24,2024-12-19,29,-0.07336127646416635,0.014440215493246455,0.011788022676723018,-0.002652192816523437,-0.10254019487332973,-0.11958903833342381,0.1960591133004926,0.29458128078817725,0,0.0878014919574128,0.08514929914088937,1,1
D15_dip15_lb90,15,dip15_lb90,45,SOXX,12,252,2024-03-06,2025-03-07,30,-0.10757483963704584,-0.08439870231549465,-0.08303213434907954,0.0013665679664151137,-0.23166021795046768,-0.2443000976233387,0.24735449735449733,0.3400462962962963,1,0.023176137321551188,0.0245427052879663,0,0
D15_dip15_lb90,15,dip15_lb90,46,SOXX,11,231,2024-02-13,2025-01-14,30,0.07418656590600592,0.02756966561592551,0.039049712149486944,0.011480046533561435,-0.20760107677177955,-0.22276642962077828,0.2522366522366522,0.34018759018759026,1,-0.04661690029008041,-0.035136853756518975,1,1
D15_dip15_lb90,15,dip15_lb90,47,QQQ,12,252,2025-06-12,2026-06-12,30,0.3582275230463974,0.10374190539348917,0.15184864336569526,0.04810673797220609,-0.1650181027476526,-0.17904847748151778,0.28941798941798946,0.3776455026455027,1,-0.2544856176529082,-0.20637887968070212,1,1
D15_dip15_lb90,15,dip15_lb90,48,QQQ,1,21,2025-07-02,2025-07-31,30,0.02579898212369769,0.009147873504681665,0.009755623255640333,0.000607749750958668,-0.03190240724898848,-0.03593038243784014,0.3682539682539682,0.4404761904761905,1,-0.016651108619016024,-0.016043358868057356,1,1
D15_dip15_lb90,15,dip15_lb90,49,QQQ,6,126,2024-03-22,2024-09-20,30,0.08250098618182977,-0.011823329141226387,0.007540737498280751,0.019364066639507137,-0.1258061830418667,-0.12423238329312987,0.29550264550264543,0.36772486772486773,1,-0.09432431532305616,-0.07496024868354902,0,1
D15_dip15_lb90,15,dip15_lb90,50,QQQ,11,231,2025-04-16,2026-03-18,30,0.3441101199491847,0.036376948153369094,0.06198280112197317,0.025605852968604077,-0.12889573510110175,-0.14177927265205595,0.26536796536796536,0.3652958152958153,1,-0.3077331717958156,-0.28212731882721154,1,1
D15_dip15_lb90,15,dip15_lb90,51,SOXX,12,252,2025-05-09,2026-05-11,30,1.7645874371661052,0.4097080988831326,0.5723738354767474,0.16266573659361477,-0.19101367705129177,-0.18663300942008282,0.3484126984126984,0.4349206349206349,1,-1.3548793382829727,-1.1922136016893579,1,1
D15_dip15_lb90,15,dip15_lb90,52,QQQ,6,126,2024-07-26,2025-01-27,30,0.11403101000835725,0.05681938935261872,0.08921611666929982,0.032396727316681105,-0.12773069541356347,-0.127828500945627,0.3232804232804233,0.4152777777777778,1,-0.05721162065573853,-0.024814893339057426,1,1
D15_dip15_lb90,15,dip15_lb90,53,SOXX,9,189,2025-02-25,2025-11-21,30,0.27137739698000374,0.056180111741826515,0.03524965735298936,-0.020930454388837158,-0.16495208287193883,-0.1795116950763816,0.28395061728395066,0.35418871252204587,0,-0.21519728523817722,-0.2361277396270144,1,1
D15_dip15_lb90,15,dip15_lb90,54,QQQ,10,210,2025-06-10,2026-04-10,30,0.14941279936704488,-0.015405285196039335,-0.02718861066519997,-0.011783325469160635,-0.13625480198106962,-0.15463392759062083,0.2634920634920635,0.3453968253968255,0,-0.16481808456308422,-0.17660141003224486,0,0
D15_dip15_lb90,15,dip15_lb90,55,QQQ,9,189,2024-03-12,2024-12-09,30,0.18252348107739125,0.055664773216138046,0.06692853443533027,0.011263761219192224,-0.12915008536707423,-0.13147138399570937,0.3707231040564374,0.43302469135802474,1,-0.1268587078612532,-0.11559494664206098,1,1
D15_dip15_lb90,15,dip15_lb90,56,SOXX,1,21,2026-03-06,2026-04-06,30,0.06430085839175526,0.002552041162142956,0.019933696682298045,0.01738165552015509,-0.012963321553764555,-0.042781924813349484,0.06984126984126983,0.2702380952380953,1,-0.0617488172296123,-0.04436716170945721,1,1
D15_dip15_lb90,15,dip15_lb90,57,QQQ,11,231,2024-12-30,2025-12-01,30,0.2014930365864087,0.06266015330288494,0.07568685600266052,0.013026702699775586,-0.1598500025072416,-0.16311044843976266,0.2909090909090909,0.3747474747474748,1,-0.13883288328352378,-0.1258061805837482,1,1
D15_dip15_lb90,15,dip15_lb90,58,QQQ,4,84,2025-05-06,2025-09-04,30,0.19622773691571815,0.02277270503400945,0.03185736011180551,0.009084655077796062,-0.07513828177160067,-0.08420279053121087,0.29166666666666663,0.3816468253968254,1,-0.17345503188170872,-0.16437037680391264,1,1
D15_dip15_lb90,15,dip15_lb90,59,SOXX,4,84,2026-02-25,2026-06-25,30,0.7007669266812115,0.09044155816110022,0.21719747047574947,0.12675591231464925,-0.07194405578107436,-0.09546585487966618,0.1384920634920635,0.296329365079365,1,-0.6103253685201113,-0.4835694562054621,1,1
D15_dip15_lb90,15,dip15_lb90,60,SOXX,1,21,2024-12-26,2025-01-28,29,-0.04487098139039003,-0.03273396754475295,-0.0315848492860748,0.001149118258678146,-0.06564789337488112,-0.07494931468026009,0.27586206896551724,0.3567323481116585,1,0.012137013845637083,0.01328613210431523,0,0
D15_dip15_lb90,15,dip15_lb90,61,SOXX,3,63,2024-01-26,2024-04-25,29,0.06710111015930864,0.02188533088741311,0.018443926457374048,-0.003441404430039062,-0.05970782911130342,-0.0822151966459675,0.22167487684729062,0.3186918445539135,0,-0.04521577927189553,-0.04865718370193459,1,1
D15_dip15_lb90,15,dip15_lb90,62,SOXX,3,63,2025-06-20,2025-09-18,29,0.19111850646885342,0.09125785621270052,0.10397584094260848,0.012717984729907955,-0.11324479512224543,-0.11741226669301383,0.48056923918992883,0.5466611932129173,1,-0.0998606502561529,-0.08714266552624494,1,1
D15_dip15_lb90,15,dip15_lb90,63,QQQ,3,63,2025-10-01,2025-12-30,30,0.0281443024583361,-0.007672257166568985,-0.009480151543558609,-0.0018078943769896235,-0.057252876515231955,-0.0665059431517072,0.25661375661375657,0.33452380952380956,0,-0.035816559624905084,-0.03762445400189471,0,0
D15_dip15_lb90,15,dip15_lb90,64,QQQ,2,42,2024-06-12,2024-08-12,30,-0.046509750935051275,-0.030689981486153213,-0.032390981838686904,-0.0017010003525336909,-0.07187451483260328,-0.0826529482685371,0.3507936507936508,0.4236111111111111,0,0.015819769448898062,0.014118769096364371,0,0
D15_dip15_lb90,15,dip15_lb90,65,SOXX,7,147,2024-03-27,2024-10-24,29,0.010917916153216245,-0.017449618185238974,-0.018994730948639883,-0.0015451127634009097,-0.1614083097554402,-0.17753324524655548,0.2629603565564157,0.35262725779967163,0,-0.02836753433845522,-0.029912647101856128,0,0
D15_dip15_lb90,15,dip15_lb90,66,QQQ,7,147,2024-06-18,2025-01-17,30,0.0802486743430566,0.00029853127965911254,0.024178467441373034,0.02387993616171392,-0.13011363603454423,-0.13029471424760514,0.35124716553287977,0.418140589569161,1,-0.0799501430633975,-0.05607020690168357,1,1
D15_dip15_lb90,15,dip15_lb90,67,SOXX,6,126,2025-02-27,2025-08-27,30,0.2288069130259598,0.09602472964249355,0.09024546075351703,-0.0057792688889765215,-0.11061219488937407,-0.1275535214832364,0.3126984126984126,0.3804232804232804,0,-0.13278218338346626,-0.13856145227244276,1,1
D15_dip15_lb90,15,dip15_lb90,68,SOXX,2,42,2026-01-27,2026-03-26,30,-0.06274182234420844,0.0032193452924548414,0.011495179477921787,0.008275834185466945,-0.05896621171963992,-0.07963151041558177,0.19920634920634922,0.34464285714285714,1,0.06596116763666328,0.07423700182213022,1,1
D15_dip15_lb90,15,dip15_lb90,69,SOXX,8,168,2025-08-27,2026-04-28,30,0.752796897064234,0.17512795042041496,0.2812738840774213,0.10614593365700636,-0.17448596435949304,-0.17503377191916353,0.31924603174603183,0.42301587301587296,1,-0.5776689466438191,-0.4715230129868127,1,1
D15_dip15_lb90,15,dip15_lb90,70,SOXX,5,105,2024-09-20,2025-02-21,29,0.005406814450626518,0.003468495639504155,0.00671465142788041,0.003246155788376255,-0.09789538854854749,-0.11041664354857797,0.187192118226601,0.2811986863711002,1,-0.001938318811122363,0.0013078369772538921,1,1
D15_dip15_lb90,15,dip15_lb90,71,SOXX,4,84,2025-09-17,2026-01-15,29,0.30628589985012833,0.09548057248306517,0.12886716027283587,0.0333865877897707,-0.13684856978281387,-0.14327055530157054,0.3788998357963875,0.45617816091954017,1,-0.21080532736706314,-0.17741873957729246,1,1
D15_dip15_lb90,15,dip15_lb90,72,QQQ,4,84,2025-06-23,2025-10-20,30,0.1516013225816759,0.03716667462224955,0.048840385230311006,0.01167371060806146,-0.08772548229479836,-0.09434935470768292,0.3146825396825397,0.3927579365079365,1,-0.11443464795942637,-0.1027609373513649,1,1
D15_dip15_lb90,15,dip15_lb90,73,SOXX,10,210,2023-11-28,2024-09-27,30,0.3732977081618618,0.06661678645753953,0.08867393632353619,0.02205714986599666,-0.18894426088698602,-0.20086104230689197,0.3076190476190476,0.3927777777777778,1,-0.30668092170432226,-0.2846237718383256,1,1
D15_dip15_lb90,15,dip15_lb90,74,QQQ,9,189,2025-04-09,2026-01-08,30,0.33624069066151074,0.13339435324806054,0.17497024739857026,0.04157589415050972,-0.1364775405035114,-0.14315706411706083,0.35555555555555557,0.4334656084656085,1,-0.2028463374134502,-0.1612704432629405,1,1
D15_dip15_lb90,15,dip15_lb90,75,QQQ,12,252,2024-12-19,2025-12-22,30,0.21234993913837386,0.07282488524533995,0.10265742403082262,0.02983253878548267,-0.15411353549119883,-0.17155029275307113,0.2826719576719577,0.3669312169312169,1,-0.1395250538930339,-0.10969251510755124,1,1
D15_dip15_lb90,15,dip15_lb90,76,SOXX,5,105,2024-05-10,2024-10-09,29,0.07166292185798206,0.014436981495001656,0.004753625696299216,-0.009683355798702439,-0.12451546382428642,-0.1500734628214217,0.25155993431855495,0.3376026272577997,0,-0.05722594036298041,-0.06690929616168285,1,1
D15_dip15_lb90,15,dip15_lb90,77,SOXX,8,168,2025-08-01,2026-04-01,30,0.4329721592393472,0.15866805757439584,0.21638979839766778,0.057721740823271944,-0.18501848805024199,-0.18123162460391018,0.3426587301587301,0.4383928571428572,1,-0.27430410166495134,-0.2165823608416794,1,1
D15_dip15_lb90,15,dip15_lb90,78,QQQ,7,147,2025-11-12,2026-06-15,30,0.20096913413608264,-0.018947353643036353,0.00211274038632151,0.021060094029357865,-0.12973603679726417,-0.13986829906066958,0.2376417233560091,0.3126984126984127,1,-0.21991648777911899,-0.19885639374976113,0,1
D15_dip15_lb90,15,dip15_lb90,79,SOXX,9,189,2023-12-14,2024-09-16,30,0.16790498618580796,0.0008636282377531334,0.003969194196615877,0.0031055659588627433,-0.1882736533618384,-0.20197165176241463,0.3310405643738977,0.41234567901234576,1,-0.16704135794805483,-0.1639357919891921,1,1
D15_dip15_lb90,15,dip15_lb90,80,QQQ,6,126,2024-01-19,2024-07-19,30,0.13164162035706783,0.01752199700392435,0.024217784686278852,0.006695787682354501,-0.11178035471042873,-0.11871980879225273,0.32089947089947096,0.39371693121693124,1,-0.11411962335314349,-0.10742383567078898,1,1
D15_dip15_lb90,15,dip15_lb90,81,QQQ,1,21,2024-11-13,2024-12-12,30,0.027818437813410313,0.02434417817350658,0.025547272282711482,0.0012030941092049004,-0.025412970421883403,-0.030246694211155993,0.3349206349206349,0.3880952380952381,1,-0.003474259639903731,-0.0022711655306988307,1,1
D15_dip15_lb90,15,dip15_lb90,82,SOXX,10,210,2024-06-21,2025-04-23,30,-0.303438756357962,-0.10953684636102978,-0.1414002250652902,-0.031863378704260426,-0.21927545671237217,-0.24971396394734227,0.1858730158730159,0.2788888888888889,0,0.19390190999693224,0.16203853129267182,0,0
D15_dip15_lb90,15,dip15_lb90,83,QQQ,11,231,2024-05-24,2025-04-28,30,0.03788093693594541,0.02352067792770555,0.028907519997235884,0.005386842069530332,-0.18620256126856274,-0.19304810664917793,0.3011544011544011,0.3848845598845599,1,-0.014360259008239857,-0.008973416938709525,1,1
D15_dip15_lb90,15,dip15_lb90,84,SOXX,4,84,2025-03-26,2025-07-25,29,0.21967623083558907,0.08166603233309737,0.06934018715488044,-0.01232584517821693,-0.0830621153910326,-0.0949191242721613,0.3091133004926108,0.3566297208538588,0,-0.1380101985024917,-0.15033604368070863,1,1
D15_dip15_lb90,15,dip15_lb90,85,SOXX,3,63,2024-01-12,2024-04-12,29,0.17490145812316005,0.060582022508329274,0.06586456793050692,0.005282545422177647,-0.07771614238565261,-0.08551757996729324,0.3130815544608648,0.3920361247947455,1,-0.11431943561483077,-0.10903689019265313,1,1
D15_dip15_lb90,15,dip15_lb90,86,QQQ,4,84,2025-08-13,2025-12-10,30,0.08270595883887877,-0.0020598467100503243,0.003816844453509035,0.005876691163559359,-0.07138796413813867,-0.08559608420996459,0.2472222222222222,0.3525793650793651,1,-0.0847658055489291,-0.07888911438536973,0,1
D15_dip15_lb90,15,dip15_lb90,87,QQQ,9,189,2025-08-12,2026-05-12,30,0.22380163982039725,-0.006650453236212702,0.00257635632188441,0.009226809558097113,-0.14081880209020553,-0.15866899134329382,0.2324514991181658,0.31128747795414463,1,-0.23045209305660994,-0.22122528349851284,0,1
D15_dip15_lb90,15,dip15_lb90,88,QQQ,3,63,2023-09-06,2023-12-04,30,0.03239382703262561,-0.018888553611716232,-0.008489548877932455,0.010399004733783777,-0.08305897001337256,-0.08865997436849378,0.33492063492063484,0.4096560846560847,1,-0.051282380644341846,-0.040883375910558066,0,0
D15_dip15_lb90,15,dip15_lb90,89,QQQ,6,126,2024-03-08,2024-09-06,30,0.025004402915363988,-0.03556560225580011,-0.031278984331096014,0.0042866179247040975,-0.13633623776185416,-0.1364334826352662,0.3309523809523809,0.396494708994709,1,-0.0605700051711641,-0.05628338724646,0,0
D15_dip15_lb90,15,dip15_lb90,90,SOXX,4,84,2024-02-09,2024-06-10,29,0.16166404920459776,0.028196290271240643,0.042493069595544844,0.0142967793243042,-0.08636595624850572,-0.09950910807019697,0.3066502463054187,0.38433908045977005,1,-0.1334677589333571,-0.11917097960905292,1,1
D15_dip15_lb90,15,dip15_lb90,91,QQQ,6,126,2024-12-26,2025-06-30,30,0.04434109236366246,0.007674866909558949,0.022813085629344008,0.01513821871978506,-0.1278377277741782,-0.1416673667610218,0.2677248677248677,0.3472883597883598,1,-0.03666622545410351,-0.021528006734318452,1,1
D15_dip15_lb90,15,dip15_lb90,92,QQQ,2,42,2024-07-11,2024-09-09,30,-0.07616930887243911,-0.0467009139746296,-0.04130575969963582,0.005395154274993784,-0.06533070513067755,-0.07784366967138102,0.2119047619047619,0.3156746031746031,1,0.02946839489780951,0.03486354917280329,0,0
D15_dip15_lb90,15,dip15_lb90,93,QQQ,8,168,2025-09-04,2026-05-05,30,0.18933459993954838,0.056885856392562835,0.08674706129120222,0.02986120489863938,-0.13213284289849453,-0.1435913929597271,0.26369047619047614,0.3464285714285714,1,-0.13244874354698555,-0.10258753864834616,1,1
D15_dip15_lb90,15,dip15_lb90,94,QQQ,11,231,2023-08-28,2024-07-29,29,0.27358869545907205,0.04338844910070174,0.06994826107947724,0.0265598119787755,-0.158549556344278,-0.1546497325849513,0.3985669502910882,0.45174652933273624,1,-0.2302002463583703,-0.2036404343795948,1,1
D15_dip15_lb90,15,dip15_lb90,95,SOXX,2,42,2024-10-18,2024-12-17,29,-0.022397322959222588,0.003232917265875716,-0.004615836315687489,-0.007848753581563206,-0.05504839408824857,-0.07184108659081177,0.18308702791461412,0.2592364532019705,0,0.025630240225098303,0.0177814866435351,1,0
D15_dip15_lb90,15,dip15_lb90,96,QQQ,9,189,2024-06-04,2025-03-06,30,0.0794127343756903,0.07355495139825723,0.0925314494562748,0.01897649805801757,-0.16750932370479174,-0.17024092013818592,0.31957671957671957,0.3947089947089947,1,-0.005857782977433071,0.0131187150805845,1,1
D15_dip15_lb90,15,dip15_lb90,97,SOXX,5,105,2025-12-31,2026-06-02,30,1.0102699251297969,0.20892373089805882,0.36140397090434395,0.15248024000628513,-0.09511111174694611,-0.11034430707324952,0.24095238095238092,0.3757142857142856,1,-0.801346194231738,-0.6488659542254529,1,1
D15_dip15_lb90,15,dip15_lb90,98,QQQ,4,84,2025-02-28,2025-06-30,30,0.08838198760432037,0.04214933024015496,0.043944339374121295,0.0017950091339663382,-0.0667824189847802,-0.0828960148942497,0.2035714285714286,0.3124007936507936,1,-0.04623265736416541,-0.04443764823019907,1,1
D15_dip15_lb90,15,dip15_lb90,99,SOXX,2,42,2026-05-13,2026-07-14,30,0.07552608567751218,0.007353907599346913,0.0070874581814419375,-0.0002664494179049756,-0.019491828187119066,-0.07352967080746217,0.08253968253968254,0.25952380952380955,0,-0.06817217807816527,-0.06843862749607024,1,1
D16_s12_vol175,16,s12_like_s14_vol175,0,SOXX,4,84,2025-01-15,2025-05-15,29,-0.04268264905560459,-0.06171742257477137,-0.08591405505343672,-0.024196632478665346,-0.1483364213098468,-0.18237054682828818,0.16584564860426929,0.24805008210180626,0,-0.019034773519166777,-0.04323140599783212,0,0
D16_s12_vol175,16,s12_like_s14_vol175,1,SOXX,4,84,2025-11-26,2026-03-30,29,0.06535932477276907,0.15288827310965708,0.15352519227271327,0.0006369191630561932,-0.1578689497048376,-0.17060315391523748,0.5036945812807881,0.5876436781609194,1,0.08752894833688801,0.0881658674999442,1,1
D16_s12_vol175,16,s12_like_s14_vol175,2,SOXX,12,252,2024-06-12,2025-06-13,30,-0.11229341109132818,-0.1375708211817613,-0.1587192940431909,-0.021148472861429596,-0.3006151350791376,-0.3234076297596955,0.2985449735449735,0.37800925925925927,0,-0.025277410090433133,-0.04642588295186273,0,0
D16_s12_vol175,16,s12_like_s14_vol175,3,QQQ,1,21,2026-01-13,2026-02-11,30,-0.02096638715391519,-0.0059788514197535395,-0.013220817578058748,-0.007241966158305208,-0.06282115324429163,-0.07323612973428091,0.5174603174603174,0.5698412698412698,0,0.01498753573416165,0.007745569575856441,0,0
D16_s12_vol175,16,s12_like_s14_vol175,4,QQQ,8,168,2025-02-28,2025-10-28,30,0.2501946013536971,0.10447240466411091,0.1263282878414,0.02185588317728908,-0.15078229440612947,-0.15806176737332991,0.3442460317460318,0.442063492063492,1,-0.1457221966895862,-0.1238663135122971,1,1
D16_s12_vol175,16,s12_like_s14_vol175,5,SOXX,3,63,2025-03-10,2025-06-06,29,0.11931811258500846,0.02257869182758241,0.007505767582647136,-0.015072924244935275,-0.05250784630535868,-0.07292567955980885,0.14723590585659552,0.2044334975369458,0,-0.09673942075742606,-0.11181234500236133,1,1
D16_s12_vol175,16,s12_like_s14_vol175,6,SOXX,12,252,2024-10-18,2025-10-21,30,0.27929057935732526,0.12845449429470981,0.12930947494419043,0.0008549806494806134,-0.2120076579677483,-0.2278423526678273,0.3772486772486772,0.4471891534391534,1,-0.15083608506261545,-0.14998110441313484,1,1
D16_s12_vol175,16,s12_like_s14_vol175,7,SOXX,5,105,2024-08-02,2024-12-31,30,0.04615473659290337,-0.034329545642814444,-0.030779659543391957,0.0035498860994224862,-0.12537152702236257,-0.13579283472759088,0.25936507936507935,0.33904761904761904,1,-0.08048428223571781,-0.07693439613629532,0,0
D16_s12_vol175,16,s12_like_s14_vol175,8,SOXX,11,231,2024-01-29,2024-12-26,30,0.11728595595420654,-0.019672625085722397,-0.0030443677351986204,0.016628257350523777,-0.2763797115743735,-0.28174936676226375,0.3447330447330447,0.4365440115440115,1,-0.13695858103992894,-0.12033032368940516,0,0
D16_s12_vol175,16,s12_like_s14_vol175,9,QQQ,7,147,2025-12-22,2026-07-24,30,0.10761391047221691,0.10469358401565125,0.12732084884801934,0.022627264832368085,-0.15378956266730798,-0.16123377592698895,0.3519274376417233,0.41921768707482987,1,-0.002920326456565661,0.019706938375802424,1,1
D16_s12_vol175,16,s12_like_s14_vol175,10,SOXX,11,231,2025-04-30,2026-03-31,30,0.7991728873661996,0.28043547811036207,0.3631861977203894,0.08275071961002733,-0.22460017140920055,-0.22068143449462715,0.4678210678210678,0.5493867243867243,1,-0.5187374092558376,-0.4359866896458102,1,1
D16_s12_vol175,16,s12_like_s14_vol175,11,SOXX,7,147,2023-12-07,2024-07-10,30,0.5448438251272811,0.18270188208765725,0.22949777474217392,0.04679589265451667,-0.15416983256660513,-0.15515195841435753,0.43492063492063493,0.5369614512471655,1,-0.3621419430396239,-0.3153460503851072,1,1
D16_s12_vol175,16,s12_like_s14_vol175,12,QQQ,11,231,2024-03-27,2025-02-27,30,0.12982124242441295,-0.009333644215383408,0.009387168007907742,0.01872081222329115,-0.1643729472334404,-0.1635333214233256,0.40375180375180375,0.4866161616161616,1,-0.13915488663979636,-0.12043407441650521,0,1
D16_s12_vol175,16,s12_like_s14_vol175,13,QQQ,10,210,2024-09-30,2025-08-01,30,0.1396406940506143,0.12337426516175168,0.12308018647611038,-0.0002940786856412969,-0.1860736344498241,-0.1951815567653408,0.3923809523809524,0.4788888888888889,0,-0.016266428888862622,-0.01656050757450392,1,1
D16_s12_vol175,16,s12_like_s14_vol175,14,QQQ,9,189,2025-02-11,2025-11-10,30,0.1848421423831519,0.05263326078257464,0.05698487983227685,0.004351619049702209,-0.16195045618287468,-0.1670869880659636,0.3940035273368607,0.47874779541446205,1,-0.13220888160057725,-0.12785726255087504,1,1
D16_s12_vol175,16,s12_like_s14_vol175,15,SOXX,2,42,2023-11-10,2024-01-11,29,0.1337866151876319,0.07746369020281885,0.08573676503481535,0.008273074831996505,-0.05927424222286063,-0.06559057721566706,0.5057471264367815,0.5687602627257801,1,-0.05632292498481306,-0.048049850152816556,1,1
D16_s12_vol175,16,s12_like_s14_vol175,16,QQQ,8,168,2025-04-17,2025-12-16,30,0.38065075650801794,0.09333971052226805,0.10182951903926234,0.008489808516994282,-0.10450907096779032,-0.11932144367999079,0.3105158730158731,0.408829365079365,1,-0.28731104598574986,-0.2788212374687556,1,1
D16_s12_vol175,16,s12_like_s14_vol175,17,QQQ,3,63,2023-10-12,2024-01-11,29,0.10935443004554912,0.026131139422953864,0.04066979934523928,0.014538659922285417,-0.08017640122890651,-0.08433400001375378,0.43678160919540227,0.5276409414340449,1,-0.08322329062259526,-0.06868463070030983,1,1
D16_s12_vol175,16,s12_like_s14_vol175,18,SOXX,7,147,2025-06-02,2025-12-30,29,0.4742072430583639,0.13512854455064033,0.20093216105217127,0.06580361650153094,-0.20334447747903497,-0.19531024408621483,0.5362420830401126,0.6127140511376964,1,-0.3390786985077236,-0.27327508200619266,1,1
D16_s12_vol175,16,s12_like_s14_vol175,19,QQQ,2,42,2026-01-20,2026-03-19,30,-0.024734412068352585,-0.004160968287569344,-0.01412221216796354,-0.009961243880394195,-0.06712979599858393,-0.07811738348380383,0.3873015873015873,0.4396825396825397,0,0.02057344378078324,0.010612199900389046,0,0
D16_s12_vol175,16,s12_like_s14_vol175,20,QQQ,2,42,2025-12-30,2026-03-02,30,-0.01830706738570409,0.04177296708922403,0.04390051715475123,0.0021275500655272006,-0.07478030605100346,-0.0811109791784454,0.42857142857142866,0.4932539682539682,1,0.06008003447492812,0.06220758454045532,1,1
D16_s12_vol175,16,s12_like_s14_vol175,21,QQQ,8,168,2024-02-14,2024-10-14,30,0.15334197720866793,0.028560895128349313,0.04782900522893878,0.019268110100589465,-0.1491706036647198,-0.1468322324008686,0.4123015873015873,0.5052579365079366,1,-0.12478108208031863,-0.10551297197972916,1,1
D16_s12_vol175,16,s12_like_s14_vol175,22,QQQ,4,84,2025-10-15,2026-02-13,30,0.000789757805571778,0.06846967244394281,0.07541336985802506,0.006943697414082253,-0.10920437012371376,-0.11258094387736789,0.5257936507936508,0.5986111111111111,1,0.06767991463837103,0.07462361205245328,1,1
D16_s12_vol175,16,s12_like_s14_vol175,23,QQQ,3,63,2026-01-08,2026-04-09,30,-0.0153279984002892,0.0005190582496165922,0.007697616091542418,0.007178557841925825,-0.1239302409532992,-0.13112973524009675,0.4153439153439153,0.48306878306878315,1,0.01584705664990579,0.023025614491831617,1,1
D16_s12_vol175,16,s12_like_s14_vol175,24,SOXX,5,105,2026-02-10,2026-07-13,30,0.5770256813269112,0.2754590625113667,0.31048800593923265,0.035028943427865944,-0.14742771874152913,-0.16012492760784428,0.31936507936507935,0.4446825396825396,1,-0.30156661881554453,-0.2665376753876786,1,1
D16_s12_vol175,16,s12_like_s14_vol175,25,QQQ,5,105,2026-01-14,2026-06-15,30,0.20238584863226716,0.02802352839194373,0.03836123874216993,0.010337710350226199,-0.1363214618582807,-0.1512992346034297,0.3419047619047619,0.4306349206349206,1,-0.17436232024032344,-0.16402460989009723,1,1
D16_s12_vol175,16,s12_like_s14_vol175,26,QQQ,12,252,2025-01-16,2026-01-16,30,0.21698527291142944,0.016343190606560816,0.02471378603300942,0.008370595426448604,-0.17440415360474104,-0.182455588043954,0.3780423280423281,0.4640542328042328,1,-0.20064208230486863,-0.19227148687842002,1,1
D16_s12_vol175,16,s12_like_s14_vol175,27,SOXX,4,84,2026-03-20,2026-07-21,30,0.6629647609934404,0.29313321468815584,0.3459504037216405,0.052817189033484646,-0.10370604017859986,-0.12912130680532705,0.27142857142857146,0.4155753968253968,1,-0.36983154630528453,-0.3170143572717999,1,1
D16_s12_vol175,16,s12_like_s14_vol175,28,SOXX,10,210,2023-09-12,2024-07-12,30,0.6054241699570708,0.17938568875454478,0.247944475651636,0.06855878689709122,-0.16939917955244568,-0.15968453544087088,0.4217460317460317,0.5178174603174603,1,-0.4260384812025261,-0.3574796943054348,1,1
D16_s12_vol175,16,s12_like_s14_vol175,29,QQQ,10,210,2023-11-02,2024-09-04,29,0.2742635518580856,0.1000981148822053,0.11905584461289737,0.01895772973069207,-0.15636178419608432,-0.15609499709410019,0.4735632183908046,0.5385057471264367,1,-0.1741654369758803,-0.15520770724518823,1,1
D16_s12_vol175,16,s12_like_s14_vol175,30,SOXX,11,231,2025-02-26,2026-01-27,30,0.6222676159829015,0.25512554558076866,0.30270524876971877,0.047579703188950107,-0.21904012385870134,-0.2125280065475694,0.41587301587301584,0.4868686868686869,1,-0.3671420704021328,-0.3195623672131827,1,1
D16_s12_vol175,16,s12_like_s14_vol175,31,SOXX,4,84,2024-11-26,2025-03-31,30,-0.12412360871542705,-0.044349725757610384,-0.0529849035105848,-0.00863517775297442,-0.1451444447530745,-0.1598571185353794,0.24404761904761904,0.3505952380952381,0,0.07977388295781666,0.07113870520484225,0,0
D16_s12_vol175,16,s12_like_s14_vol175,32,SOXX,3,63,2024-07-29,2024-10-24,29,-0.004528432055198928,-0.04779701513901369,-0.05260212482943214,-0.004805109690418453,-0.09094643500350603,-0.10324057158281949,0.1888341543513957,0.2727148330596606,0,-0.04326858308381476,-0.04807369277423321,0,0
D16_s12_vol175,16,s12_like_s14_vol175,33,SOXX,7,147,2025-09-16,2026-04-16,29,0.5731894193346554,0.3684546890758402,0.42617266722714675,0.057717978151306526,-0.2022744570107124,-0.1995621774547848,0.48651184611775744,0.5774689186019235,1,-0.20473473025881517,-0.14701675210750864,1,1
D16_s12_vol175,16,s12_like_s14_vol175,34,QQQ,4,84,2024-05-31,2024-09-30,30,0.08613665447903895,-0.018423706890619045,-0.0035470359246387194,0.014876670965980325,-0.12584313865197455,-0.12303848934321793,0.44325396825396823,0.5346230158730159,1,-0.104560361369658,-0.08968369040367767,0,0
D16_s12_vol175,16,s12_like_s14_vol175,35,QQQ,9,189,2025-02-11,2025-11-10,30,0.1848421423831519,0.07854952845563613,0.06868078150221309,-0.009868746953423047,-0.17276580418514678,-0.18337330350805844,0.37918871252204583,0.4586419753086419,0,-0.10629261392751575,-0.1161613608809388,1,1
D16_s12_vol175,16,s12_like_s14_vol175,36,QQQ,3,63,2025-01-14,2025-04-14,30,-0.0928917402537448,-0.025000492320955137,-0.023550246745075127,0.0014502455758800097,-0.1271636421144156,-0.14400974865918412,0.36190476190476184,0.4506613756613757,1,0.06789124793278967,0.06934149350866968,0,0
D16_s12_vol175,16,s12_like_s14_vol175,37,SOXX,10,210,2024-08-26,2025-06-27,30,0.05767020978785542,-0.0013946051562417092,-0.030189411658327597,-0.028794806502085886,-0.1975740950103623,-0.22524079666929825,0.27920634920634924,0.35571428571428587,0,-0.05906481494409713,-0.08785962144618302,0,0
D16_s12_vol175,16,s12_like_s14_vol175,38,SOXX,12,252,2024-07-02,2025-07-03,30,-0.019691750048819512,-0.09177832307364149,-0.11793294596048334,-0.026154622886841852,-0.29121486083208087,-0.31850273071869045,0.2837301587301588,0.3606150793650793,0,-0.07208657302482198,-0.09824119591166383,0,0
D16_s12_vol175,16,s12_like_s14_vol175,39,QQQ,5,105,2024-09-23,2025-02-24,30,0.07798173822976961,0.07343465695402578,0.082488373930351,0.009053716976325218,-0.12100567083686577,-0.12796440715895005,0.5022222222222221,0.5723809523809525,1,-0.004547081275743839,0.0045066357005813795,1,1
D16_s12_vol175,16,s12_like_s14_vol175,40,QQQ,12,252,2025-05-13,2026-05-13,30,0.3929080380641541,0.1355649237531797,0.17025850260343275,0.034693578850253065,-0.2164576608639095,-0.22430995215151836,0.39100529100529113,0.46917989417989414,1,-0.2573431143109744,-0.22264953546072133,1,1
D16_s12_vol175,16,s12_like_s14_vol175,41,SOXX,5,105,2024-12-18,2025-05-21,29,-0.03550491258274213,-0.08125436451669105,-0.1041923416746617,-0.02293797715797065,-0.1779288142771051,-0.20860386530738345,0.24499178981937605,0.3313628899835796,0,-0.045749451933948915,-0.06868742909191956,0,0
D16_s12_vol175,16,s12_like_s14_vol175,42,QQQ,1,21,2026-06-01,2026-06-30,30,-0.007446386853765863,0.011905261872024512,0.015017424049561804,0.003112162177537292,-0.026251077346253527,-0.03903750537227544,0.2206349206349206,0.3361111111111111,1,0.019351648725790375,0.022463810903327667,1,1
D16_s12_vol175,16,s12_like_s14_vol175,43,SOXX,5,105,2025-04-30,2025-09-29,30,0.46913595929254015,0.13184127707959833,0.16947555152559382,0.037634274445995486,-0.13158763686471422,-0.12916726962082675,0.4536507936507936,0.5242857142857144,1,-0.3372946822129418,-0.29966040776694636,1,1
D16_s12_vol175,16,s12_like_s14_vol175,44,SOXX,5,105,2024-07-24,2024-12-19,29,-0.07336127646416635,-0.021558563878440525,-0.027575916873551418,-0.006017352995110893,-0.14652735597463581,-0.1594735112125284,0.32052545155993434,0.39958949096880125,0,0.05180271258572582,0.04578535959061493,0,0
D16_s12_vol175,16,s12_like_s14_vol175,45,SOXX,12,252,2024-03-06,2025-03-07,30,-0.10757483963704584,-0.10080998211001228,-0.10442491972907059,-0.0036149376190583032,-0.2924202022823664,-0.2943795653295791,0.3595238095238094,0.45224867724867723,0,0.006764857527033555,0.0031499199079752516,0,0
D16_s12_vol175,16,s12_like_s14_vol175,46,SOXX,11,231,2024-02-13,2025-01-14,30,0.07418656590600592,-0.0298492146055112,-0.002211200177253758,0.027638014428257442,-0.2816435509090271,-0.28462376170245,0.37359307359307353,0.46320346320346323,1,-0.10403578051151711,-0.07639776608325968,0,0
D16_s12_vol175,16,s12_like_s14_vol175,47,QQQ,12,252,2025-06-12,2026-06-12,30,0.3582275230463974,0.15731392635027686,0.2071655640500291,0.04985163769975223,-0.19991746963990195,-0.20451645185556486,0.39470899470899473,0.48052248677248677,1,-0.20091359669612052,-0.1510619589963683,1,1
D16_s12_vol175,16,s12_like_s14_vol175,48,QQQ,1,21,2025-07-02,2025-07-31,30,0.02579898212369769,0.0065338646542168295,0.006236464858761907,-0.0002973997954549227,-0.03634956072863178,-0.040748559815297763,0.43492063492063493,0.5162698412698412,0,-0.01926511746948086,-0.019562517264935783,1,1
D16_s12_vol175,16,s12_like_s14_vol175,49,QQQ,6,126,2024-03-22,2024-09-20,30,0.08250098618182977,0.004231574826065739,0.018667581468176913,0.014436006642111174,-0.1407085229086011,-0.14149896942406023,0.40925925925925927,0.5007275132275132,1,-0.07826941135576403,-0.06383340471365286,1,1
D16_s12_vol175,16,s12_like_s14_vol175,50,QQQ,11,231,2025-04-16,2026-03-18,30,0.3441101199491847,0.039368736294982595,0.05817944413398557,0.018810707839002974,-0.15990124718120816,-0.163185578091,0.3479076479076479,0.43430735930735925,1,-0.3047413836542021,-0.28593067581519915,1,1
D16_s12_vol175,16,s12_like_s14_vol175,51,SOXX,12,252,2025-05-09,2026-05-11,30,1.7645874371661052,0.7343795581102784,0.8653571922819557,0.1309776341716773,-0.22613219662088463,-0.22375829202590455,0.48584656084656086,0.5653769841269842,1,-1.0302078790558267,-0.8992302448841495,1,1
D16_s12_vol175,16,s12_like_s14_vol175,52,QQQ,6,126,2024-07-26,2025-01-27,30,0.11403101000835725,0.09169006326331447,0.10731805618381542,0.015627992920500947,-0.14652535459536942,-0.14554300191658165,0.4494708994708994,0.5368386243386243,1,-0.022340946745042778,-0.006712953824541831,1,1
D16_s12_vol175,16,s12_like_s14_vol175,53,SOXX,9,189,2025-02-25,2025-11-21,30,0.27137739698000374,0.07458521967170094,0.07358453028623485,-0.0010006893854660887,-0.19800618125663647,-0.1973753738953304,0.3841269841269842,0.4567901234567902,0,-0.19679217730830278,-0.1977928666937689,1,1
D16_s12_vol175,16,s12_like_s14_vol175,54,QQQ,10,210,2025-06-10,2026-04-10,30,0.14941279936704488,-0.002108491567000226,-0.00944019551991716,-0.007331703952916934,-0.15325891418690732,-0.1685969281312514,0.3312698412698412,0.413095238095238,0,-0.1515212909340451,-0.15885299488696203,0,0
D16_s12_vol175,16,s12_like_s14_vol175,55,QQQ,9,189,2024-03-12,2024-12-09,30,0.18252348107739125,0.09873253688863466,0.10763198847827309,0.008899451589638424,-0.14555826651278975,-0.14503186581500777,0.46543209876543207,0.5383597883597884,1,-0.08379094418875659,-0.07489149259911816,1,1
D16_s12_vol175,16,s12_like_s14_vol175,56,SOXX,1,21,2026-03-06,2026-04-06,30,0.06430085839175526,0.01903396592525183,0.029263553013825067,0.010229587088573237,-0.02239518527847376,-0.045622116451019164,0.1365079365079365,0.30119047619047623,1,-0.04526689246650342,-0.03503730537793019,1,1
D16_s12_vol175,16,s12_like_s14_vol175,57,QQQ,11,231,2024-12-30,2025-12-01,30,0.2014930365864087,0.09087200867485143,0.10202012655205153,0.011148117877200103,-0.17469463041000224,-0.17908616891346732,0.3668109668109668,0.453030303030303,1,-0.11062102791155728,-0.09947291003435718,1,1
D16_s12_vol175,16,s12_like_s14_vol175,58,QQQ,4,84,2025-05-06,2025-09-04,30,0.19622773691571815,0.03141706852045379,0.03833744116989634,0.006920372649442549,-0.08730920234869353,-0.09242130819873072,0.4162698412698412,0.5015873015873015,1,-0.16481066839526437,-0.1578902957458218,1,1
D16_s12_vol175,16,s12_like_s14_vol175,59,SOXX,4,84,2026-02-25,2026-06-25,30,0.7007669266812115,0.2788749756159,0.3553324943195498,0.07645751870364975,-0.13538455322396192,-0.14499110223565934,0.3488095238095238,0.46815476190476196,1,-0.4218919510653115,-0.34543443236166177,1,1
D16_s12_vol175,16,s12_like_s14_vol175,60,SOXX,1,21,2024-12-26,2025-01-28,29,-0.04487098139039003,-0.03219940870210366,-0.03633821315969476,-0.0041388044575911,-0.07068829950461397,-0.08271999490485023,0.32183908045977005,0.41666666666666663,0,0.012671572688286371,0.008532768230695272,0,0
D16_s12_vol175,16,s12_like_s14_vol175,61,SOXX,3,63,2024-01-26,2024-04-25,29,0.06710111015930864,0.01581580330934295,0.017427682971524396,0.0016118796621814452,-0.0833473061397644,-0.10060569728726879,0.31800766283524906,0.44950738916256155,1,-0.05128530684996569,-0.049673427187784246,1,1
D16_s12_vol175,16,s12_like_s14_vol175,62,SOXX,3,63,2025-06-20,2025-09-18,29,0.19111850646885342,0.10119653163919565,0.12215529877782573,0.020958767138630083,-0.12325003251977229,-0.12465777859042064,0.5462506841817187,0.6228790366721401,1,-0.08992197482965777,-0.06896320769102769,1,1
D16_s12_vol175,16,s12_like_s14_vol175,63,QQQ,3,63,2025-10-01,2025-12-30,30,0.0281443024583361,-0.009121201346135265,-0.00891658356852241,0.000204617777612855,-0.07038678725017286,-0.0765452207864883,0.34708994708994706,0.40952380952380957,1,-0.03726550380447137,-0.03706088602685851,0,0
D16_s12_vol175,16,s12_like_s14_vol175,64,QQQ,2,42,2024-06-12,2024-08-12,30,-0.046509750935051275,-0.03150483796333723,-0.026202673320849003,0.005302164642488227,-0.07886047906881798,-0.08743599147089513,0.3857142857142858,0.48690476190476184,1,0.015004912971714045,0.020307077614202272,0,0
D16_s12_vol175,16,s12_like_s14_vol175,65,SOXX,7,147,2024-03-27,2024-10-24,29,0.010917916153216245,-0.033329781039456746,-0.02982974119323763,0.0035000398462191155,-0.21003302258793424,-0.21307488730717555,0.35726014543748535,0.4448745015247479,1,-0.04424769719267299,-0.04074765734645387,0,0
D16_s12_vol175,16,s12_like_s14_vol175,66,QQQ,7,147,2024-06-18,2025-01-17,30,0.0802486743430566,0.02530004037921084,0.038030004988617395,0.012729964609406556,-0.15161705187559413,-0.14812722385414273,0.44965986394557816,0.5168367346938776,1,-0.054948633963845764,-0.04221866935443921,1,1
D16_s12_vol175,16,s12_like_s14_vol175,67,SOXX,6,126,2025-02-27,2025-08-27,30,0.2288069130259598,0.09426602271598608,0.09125010929597267,-0.003015913420013408,-0.14034353917654227,-0.15204969808248295,0.38068783068783063,0.4464947089947089,0,-0.1345408903099737,-0.13755680372998713,1,1
D16_s12_vol175,16,s12_like_s14_vol175,68,SOXX,2,42,2026-01-27,2026-03-26,30,-0.06274182234420844,-0.01603904407903889,-0.018658322986434408,-0.002619278907395519,-0.12689550256854293,-0.14006127744042624,0.41269841269841273,0.5132936507936509,0,0.04670277826516955,0.04408349935777403,0,0
D16_s12_vol175,16,s12_like_s14_vol175,69,SOXX,8,168,2025-08-27,2026-04-28,30,0.752796897064234,0.3491471031037678,0.4342808019359705,0.08513369883220273,-0.22323105693366121,-0.22268661628130715,0.4918650793650794,0.5838789682539682,1,-0.40364979396046624,-0.3185160951282635,1,1
D16_s12_vol175,16,s12_like_s14_vol175,70,SOXX,5,105,2024-09-20,2025-02-21,29,0.005406814450626518,-0.01378705811625072,-0.011486843174660526,0.0023002149415901948,-0.13245966753763602,-0.14272655196064432,0.3195402298850574,0.41009852216748766,1,-0.01919387256687724,-0.016893657625287044,0,0
D16_s12_vol175,16,s12_like_s14_vol175,71,SOXX,4,84,2025-09-17,2026-01-15,29,0.30628589985012833,0.19096404299766354,0.22187493320438947,0.03091089020672594,-0.17042159687325373,-0.1729501699035783,0.575944170771757,0.6452175697865352,1,-0.1153218568524648,-0.08441096664573886,1,1
D16_s12_vol175,16,s12_like_s14_vol175,72,QQQ,4,84,2025-06-23,2025-10-20,30,0.1516013225816759,0.05967138833163522,0.06906377871919107,0.009392390387555856,-0.09254109799385611,-0.09976162686155012,0.40317460317460324,0.48948412698412697,1,-0.0919299342500407,-0.08253754386248484,1,1
D16_s12_vol175,16,s12_like_s14_vol175,73,SOXX,10,210,2023-11-28,2024-09-27,30,0.3732977081618618,0.043955210620832526,0.07226330992530862,0.028308099304476093,-0.2345405371207148,-0.23105985048927105,0.3996825396825397,0.49246031746031754,1,-0.3293424975410293,-0.3010343982365532,1,1
D16_s12_vol175,16,s12_like_s14_vol175,74,QQQ,9,189,2025-04-09,2026-01-08,30,0.33624069066151074,0.17086284949634623,0.1937135598238309,0.022850710327484675,-0.15021615648877354,-0.15232317366039913,0.4269841269841269,0.5007054673721341,1,-0.16537784116516452,-0.14252713083767984,1,1
D16_s12_vol175,16,s12_like_s14_vol175,75,QQQ,12,252,2024-12-19,2025-12-22,30,0.21234993913837386,0.0987150424165458,0.1304653385993346,0.031750296182788795,-0.1898238766960765,-0.19533033731247998,0.37658730158730147,0.4629298941798942,1,-0.11363489672182805,-0.08188460053903926,1,1
D16_s12_vol175,16,s12_like_s14_vol175,76,SOXX,5,105,2024-05-10,2024-10-09,29,0.07166292185798206,-0.008879944341218485,-0.012190020452161918,-0.0033100761109434336,-0.17352878544029307,-0.18485022669279674,0.3464696223316914,0.4252052545155993,0,-0.08054286619920055,-0.08385294231014398,0,0
D16_s12_vol175,16,s12_like_s14_vol175,77,SOXX,8,168,2025-08-01,2026-04-01,30,0.4329721592393472,0.21576494026342644,0.263551742407269,0.04778680214384254,-0.22947919623843183,-0.22396454804202487,0.4886904761904762,0.5797619047619047,1,-0.21720721897592074,-0.1694204168320782,1,1
D16_s12_vol175,16,s12_like_s14_vol175,78,QQQ,7,147,2025-11-12,2026-06-15,30,0.20096913413608264,0.02580631090953772,0.05320319634359461,0.027396885434056894,-0.15579075854695246,-0.15777933500857577,0.36598639455782295,0.4418367346938776,1,-0.17516282322654492,-0.14776593779248803,1,1
D16_s12_vol175,16,s12_like_s14_vol175,79,SOXX,9,189,2023-12-14,2024-09-16,30,0.16790498618580796,-0.027383562277133323,-0.012383967571278288,0.014999594705855036,-0.23372578310484118,-0.23295599747915574,0.4342151675485008,0.5274691358024692,1,-0.19528854846294127,-0.18028895375708626,0,0
D16_s12_vol175,16,s12_like_s14_vol175,80,QQQ,6,126,2024-01-19,2024-07-19,30,0.13164162035706783,0.01988743644016192,0.031198385363942538,0.01131094892378062,-0.12781350160890817,-0.134678220795251,0.3986772486772487,0.4861111111111111,1,-0.11175418391690592,-0.1004432349931253,1,1
D16_s12_vol175,16,s12_like_s14_vol175,81,QQQ,1,21,2024-11-13,2024-12-12,30,0.027818437813410313,0.005977740046993892,0.007736567931908378,0.0017588278849144864,-0.058733315781917546,-0.06159908008205458,0.638095238095238,0.6880952380952381,1,-0.021840697766416423,-0.020081869881501936,1,1
D16_s12_vol175,16,s12_like_s14_vol175,82,SOXX,10,210,2024-06-21,2025-04-23,30,-0.303438756357962,-0.15434934619801352,-0.18493065174127624,-0.030581305543262716,-0.27552694401049294,-0.3011061529965589,0.2604761904761904,0.34488095238095245,0,0.1490894101599485,0.11850810461668579,0,0
D16_s12_vol175,16,s12_like_s14_vol175,83,QQQ,11,231,2024-05-24,2025-04-28,30,0.03788093693594541,0.11150857254983834,0.12085721591473002,0.009348643364891676,-0.2180281766028506,-0.2208058951086255,0.42193362193362194,0.5033189033189033,1,0.07362763561389293,0.08297627897878461,1,1
D16_s12_vol175,16,s12_like_s14_vol175,84,SOXX,4,84,2025-03-26,2025-07-25,29,0.21967623083558907,0.0965940899754137,0.08308856143275445,-0.013505528542659254,-0.09672712209816244,-0.10802214423236625,0.39080459770114945,0.4254926108374384,0,-0.12308214086017537,-0.13658766940283462,1,1
D16_s12_vol175,16,s12_like_s14_vol175,85,SOXX,3,63,2024-01-12,2024-04-12,29,0.17490145812316005,0.04771222754535736,0.06667587067168615,0.01896364312632879,-0.11134043074126945,-0.1135569310117076,0.4373289545703339,0.5571975916803503,1,-0.12718923057780268,-0.1082255874514739,1,1
D16_s12_vol175,16,s12_like_s14_vol175,86,QQQ,4,84,2025-08-13,2025-12-10,30,0.08270595883887877,0.0031792235468457923,0.010359898499633051,0.0071806749527872585,-0.07854166334335133,-0.08978845238451146,0.29404761904761906,0.39652777777777787,1,-0.07952673529203298,-0.07234606033924572,1,1
D16_s12_vol175,16,s12_like_s14_vol175,87,QQQ,9,189,2025-08-12,2026-05-12,30,0.22380163982039725,-0.009378649902796788,0.016647479228027708,0.026026129130824496,-0.16328295358661488,-0.17469060503435982,0.2911816578483245,0.3820987654320988,1,-0.23318028972319405,-0.20715416059236955,0,1
D16_s12_vol175,16,s12_like_s14_vol175,88,QQQ,3,63,2023-09-06,2023-12-04,30,0.03239382703262561,-0.015112393633505158,-0.006604266676125078,0.00850812695738008,-0.08586960837805628,-0.09255251242843447,0.3756613756613757,0.4691798941798942,1,-0.04750622066613077,-0.03899809370875069,0,0
D16_s12_vol175,16,s12_like_s14_vol175,89,QQQ,6,126,2024-03-08,2024-09-06,30,0.025004402915363988,-0.038627852324342085,-0.0323772035138984,0.006250648810443682,-0.14611769486530665,-0.14893452237670737,0.39259259259259255,0.4752645502645504,1,-0.06363225523970607,-0.05738160642926239,0,0
D16_s12_vol175,16,s12_like_s14_vol175,90,SOXX,4,84,2024-02-09,2024-06-10,29,0.16166404920459776,0.035398761174522876,0.05243839432730089,0.01703963315277801,-0.10505336030503705,-0.11155245096230995,0.43308702791461406,0.534688013136289,1,-0.1262652880300749,-0.10922565487729688,1,1
D16_s12_vol175,16,s12_like_s14_vol175,91,QQQ,6,126,2024-12-26,2025-06-30,30,0.04434109236366246,0.022244985865981486,0.02874111399465455,0.006496128128673062,-0.15023295081701235,-0.15955798441038194,0.36984126984126975,0.45059523809523816,1,-0.022096106497680974,-0.015599978369007911,1,1
D16_s12_vol175,16,s12_like_s14_vol175,92,QQQ,2,42,2024-07-11,2024-09-09,30,-0.07616930887243911,-0.05619932259323686,-0.05282115905217029,0.00337816354106657,-0.09082435452731051,-0.09996722528351755,0.34206349206349207,0.46468253968253964,1,0.019969986279202254,0.023348149820268824,0,0
D16_s12_vol175,16,s12_like_s14_vol175,93,QQQ,8,168,2025-09-04,2026-05-05,30,0.18933459993954838,0.09094299562125538,0.1269452473662491,0.03600225174499372,-0.15402250231305073,-0.15810335634171374,0.3591269841269842,0.4354166666666666,1,-0.098391604318293,-0.06238935257329928,1,1
D16_s12_vol175,16,s12_like_s14_vol175,94,QQQ,11,231,2023-08-28,2024-07-29,29,0.27358869545907205,0.06113293300154536,0.09759834084618006,0.0364654078446347,-0.16329498121006145,-0.15780300000008796,0.4663382594417077,0.5427675772503359,1,-0.21245576245752668,-0.17599035461289197,1,1
D16_s12_vol175,16,s12_like_s14_vol175,95,SOXX,2,42,2024-10-18,2024-12-17,29,-0.022397322959222588,-0.01284850788586051,-0.017715629852953697,-0.004867121967093187,-0.08798019382487245,-0.10156771232167931,0.33251231527093594,0.4154351395730706,0,0.009548815073362077,0.00468169310626889,0,0
D16_s12_vol175,16,s12_like_s14_vol175,96,QQQ,9,189,2024-06-04,2025-03-06,30,0.0794127343756903,0.09008822644662585,0.10697101462646753,0.01688278817984168,-0.1940856339627496,-0.19249019505646123,0.4315696649029982,0.5240299823633158,1,0.010675492070935558,0.027558280250777237,1,1
D16_s12_vol175,16,s12_like_s14_vol175,97,SOXX,5,105,2025-12-31,2026-06-02,30,1.0102699251297969,0.4760850317809522,0.5629801325957181,0.08689510081476592,-0.15552668076733525,-0.16495194556494736,0.44190476190476186,0.5407142857142857,1,-0.5341848933488447,-0.44728979253407875,1,1
D16_s12_vol175,16,s12_like_s14_vol175,98,QQQ,4,84,2025-02-28,2025-06-30,30,0.08838198760432037,0.05187740689024516,0.03541479027365198,-0.016462616616593186,-0.08893054028683513,-0.10337572172377113,0.2849206349206349,0.3613095238095238,0,-0.036504580714075203,-0.05296719733066839,1,1
D16_s12_vol175,16,s12_like_s14_vol175,99,SOXX,2,42,2026-05-13,2026-07-14,30,0.07552608567751218,0.03620419303173796,0.023180143342209237,-0.013024049689528725,-0.08909406666600936,-0.11896985075995786,0.2777777777777778,0.406547619047619,0,-0.039321892645774216,-0.052345942335302945,1,1
D17_rs3,17,rs_thr03,0,SOXX,4,84,2025-01-15,2025-05-15,29,-0.04268264905560459,-0.019779530253882533,-0.04846261884390397,-0.02868308859002144,-0.0964176542579658,-0.1321605206949591,0.11453201970443352,0.194068144499179,0,0.02290311880172206,-0.00577996978829938,0,0
D17_rs3,17,rs_thr03,1,SOXX,4,84,2025-11-26,2026-03-30,29,0.06535932477276907,0.11919593216283031,0.14016126190350983,0.020965329740679522,-0.10452975365832198,-0.1211074801036676,0.34236453201970446,0.45320197044334976,1,0.05383660739006124,0.07480193713074076,1,1
D17_rs3,17,rs_thr03,2,SOXX,12,252,2024-06-12,2025-06-13,30,-0.11229341109132818,-0.08105065263110364,-0.10301333978382576,-0.02196268715272212,-0.2505923673266321,-0.27504173892358963,0.23082010582010584,0.3191798941798942,0,0.031242758460224535,0.009280071307502413,0,0
D17_rs3,17,rs_thr03,3,QQQ,1,21,2026-01-13,2026-02-11,30,-0.02096638715391519,-0.014987731961331822,-0.02154709368968793,-0.0065593617283561095,-0.05584949202574301,-0.0660807927330411,0.42698412698412697,0.4761904761904761,0,0.005978655192583367,-0.0005807065357727424,0,0
D17_rs3,17,rs_thr03,4,QQQ,8,168,2025-02-28,2025-10-28,30,0.2501946013536971,0.08159370718193013,0.11147326705046089,0.02987955986853076,-0.14363452372663954,-0.14822653790654255,0.3194444444444445,0.41711309523809514,1,-0.16860089417176696,-0.1387213343032362,1,1
D17_rs3,17,rs_thr03,5,SOXX,3,63,2025-03-10,2025-06-06,29,0.11931811258500846,0.024248912778728458,0.00868434114928707,-0.015564571629441387,-0.027177433856056473,-0.052269649221975266,0.09031198686371099,0.14463601532567047,0,-0.09506919980628001,-0.1106337714357214,1,1
D17_rs3,17,rs_thr03,6,SOXX,12,252,2024-10-18,2025-10-21,30,0.27929057935732526,0.10301611237932583,0.11309228583425916,0.010076173454933335,-0.1852114469266232,-0.19569551970242635,0.315079365079365,0.38875661375661363,1,-0.17627446697799942,-0.1661982935230661,1,1
D17_rs3,17,rs_thr03,7,SOXX,5,105,2024-08-02,2024-12-31,30,0.04615473659290337,-0.003828195405265744,-0.0013728754403380765,0.0024553199649276674,-0.102477777281996,-0.11516763508974663,0.17968253968253967,0.2691269841269841,1,-0.04998293199816911,-0.04752761203324144,0,0
D17_rs3,17,rs_thr03,8,SOXX,11,231,2024-01-29,2024-12-26,30,0.11728595595420654,-0.012945102724876726,0.008921860333857187,0.021866963058733913,-0.24202224707940254,-0.2471251042384685,0.2884559884559884,0.39300144300144296,1,-0.13023105867908327,-0.10836409562034936,0,1
D17_rs3,17,rs_thr03,9,QQQ,7,147,2025-12-22,2026-07-24,30,0.10761391047221691,0.01946854419648369,0.05749657826607806,0.038028034069594374,-0.11702663963193077,-0.13004389385578183,0.22834467120181406,0.3170634920634921,1,-0.08814536627573322,-0.05011733220613885,1,1
D17_rs3,17,rs_thr03,10,SOXX,11,231,2025-04-30,2026-03-31,30,0.7991728873661996,0.25081684407283006,0.3427004022852051,0.09188355821237504,-0.18659640268269298,-0.18739700116257538,0.35194805194805195,0.4492063492063492,1,-0.5483560432933696,-0.45647248508099453,1,1
D17_rs3,17,rs_thr03,11,SOXX,7,147,2023-12-07,2024-07-10,30,0.5448438251272811,0.16672061462100154,0.21401247269462473,0.04729185807362318,-0.1581728562474751,-0.15973110118810815,0.42108843537414964,0.5133786848072562,1,-0.3781232105062796,-0.3308313524326564,1,1
D17_rs3,17,rs_thr03,12,QQQ,11,231,2024-03-27,2025-02-27,30,0.12982124242441295,0.00045145216723148823,0.014759738514621727,0.014308286347390238,-0.16095567944250902,-0.15868686438968035,0.3471861471861472,0.4222222222222222,1,-0.12936979025718146,-0.11506150390979122,1,1
D17_rs3,17,rs_thr03,13,QQQ,10,210,2024-09-30,2025-08-01,30,0.1396406940506143,0.14717953229177647,0.16134506815060867,0.014165535858832207,-0.14966198835680852,-0.16193825844279255,0.3368253968253969,0.4237301587301586,1,0.007538838241162166,0.021704374099994372,1,1
D17_rs3,17,rs_thr03,14,QQQ,9,189,2025-02-11,2025-11-10,30,0.1848421423831519,0.05363171092120774,0.06334182769002275,0.00971011676881501,-0.1479205609214602,-0.14995951516603523,0.3548500881834215,0.4419312169312169,1,-0.13121043146194414,-0.12150031469312914,1,1
D17_rs3,17,rs_thr03,15,SOXX,2,42,2023-11-10,2024-01-11,29,0.1337866151876319,0.08182556944941986,0.08754239544626548,0.005716825996845615,-0.07632958571460627,-0.07904917953284532,0.6387520525451561,0.6802134646962232,1,-0.051961045738212044,-0.04624421974136643,1,1
D17_rs3,17,rs_thr03,16,QQQ,8,168,2025-04-17,2025-12-16,30,0.38065075650801794,0.06145700569146095,0.07088847894393566,0.009431473252474704,-0.0975683110410263,-0.11213259843773668,0.24960317460317458,0.35391865079365076,1,-0.319193750816557,-0.30976227756408226,1,1
D17_rs3,17,rs_thr03,17,QQQ,3,63,2023-10-12,2024-01-11,29,0.10935443004554912,0.01120401009222257,0.028426327725164794,0.017222317632942224,-0.08568122835529521,-0.08695364598295528,0.428024083196497,0.518472906403941,1,-0.09815041995332655,-0.08092810232038433,1,1
D17_rs3,17,rs_thr03,18,SOXX,7,147,2025-06-02,2025-12-30,29,0.4742072430583639,0.08151346476157705,0.14404862823118822,0.06253516346961117,-0.18795027519941007,-0.1828482334765013,0.4482758620689656,0.5331339432324654,1,-0.39269377829678687,-0.3301586148271757,1,1
D17_rs3,17,rs_thr03,19,QQQ,2,42,2026-01-20,2026-03-19,30,-0.024734412068352585,-0.0026039482924857396,-0.01035669785198768,-0.00775274955950194,-0.046310012421809134,-0.05918416978262675,0.2626984126984127,0.32539682539682535,0,0.022130463775866846,0.014377714216364905,0,0
D17_rs3,17,rs_thr03,20,QQQ,2,42,2025-12-30,2026-03-02,30,-0.01830706738570409,0.021571339317090408,0.030014622363105505,0.008443283046015097,-0.05460426384988794,-0.06276506415630265,0.3626984126984128,0.4353174603174603,1,0.039878406702794494,0.0483216897488096,1,1
D17_rs3,17,rs_thr03,21,QQQ,8,168,2024-02-14,2024-10-14,30,0.15334197720866793,0.011856171831624577,0.029059348273029844,0.017203176441405267,-0.1508941058084416,-0.14701644142953052,0.3873015873015872,0.4753968253968255,1,-0.14148580537704336,-0.12428262893563809,1,1
D17_rs3,17,rs_thr03,22,QQQ,4,84,2025-10-15,2026-02-13,30,0.000789757805571778,0.047388719752502986,0.05559463401506892,0.008205914262565936,-0.09228604121428334,-0.09852746099986266,0.4166666666666667,0.49861111111111106,1,0.04659896194693121,0.054804876209497144,1,1
D17_rs3,17,rs_thr03,23,QQQ,3,63,2026-01-08,2026-04-09,30,-0.0153279984002892,0.0011294573313643068,0.012676740750338634,0.011547283418974328,-0.08022691173640044,-0.09143526838417237,0.26666666666666666,0.3543650793650793,1,0.016457455731653508,0.028004739150627834,1,1
D17_rs3,17,rs_thr03,24,SOXX,5,105,2026-02-10,2026-07-13,30,0.5770256813269112,0.1362755821098638,0.18850366075419514,0.05222807864433135,-0.07490936611867655,-0.10911819897966281,0.13619047619047622,0.29571428571428565,1,-0.44075009921704744,-0.3885220205727161,1,1
D17_rs3,17,rs_thr03,25,QQQ,5,105,2026-01-14,2026-06-15,30,0.20238584863226716,0.0416123278553325,0.058907470413313526,0.01729514255798103,-0.08432281455035502,-0.10061877806206977,0.20857142857142857,0.3038095238095238,1,-0.16077352077693466,-0.14347837821895365,1,1
D17_rs3,17,rs_thr03,26,QQQ,12,252,2025-01-16,2026-01-16,30,0.21698527291142944,0.01949305229660841,0.03415134003105556,0.014658287734447155,-0.1612215959344179,-0.16958342964966386,0.30634920634920637,0.4008928571428571,1,-0.19749222061482102,-0.18283393288037386,1,1
D17_rs3,17,rs_thr03,27,SOXX,4,84,2026-03-20,2026-07-21,30,0.6629647609934404,0.09220936489792605,0.16712079948359418,0.07491143458566812,-0.04964744933466925,-0.09799909997647477,0.0996031746031746,0.28045634920634915,1,-0.5707553960955143,-0.4958439615098462,1,1
D17_rs3,17,rs_thr03,28,SOXX,10,210,2023-09-12,2024-07-12,30,0.6054241699570708,0.16187076362173708,0.2282719288927362,0.06640116527099912,-0.17642693987219235,-0.16384816588258394,0.4177777777777777,0.5073412698412698,1,-0.44355340633533374,-0.37715224106433465,1,1
D17_rs3,17,rs_thr03,29,QQQ,10,210,2023-11-02,2024-09-04,29,0.2742635518580856,0.0708393577758516,0.0889706338446021,0.018131276068750507,-0.16147006200635491,-0.16236707690676636,0.4510673234811166,0.5177750410509031,1,-0.203424194082234,-0.1852929180134835,1,1
D17_rs3,17,rs_thr03,30,SOXX,11,231,2025-02-26,2026-01-27,30,0.6222676159829015,0.19253132069654333,0.24760564239667773,0.055074321700134404,-0.2016444709838088,-0.19648395482321704,0.3385281385281385,0.41720779220779225,1,-0.42973629528635815,-0.3746619735862238,1,1
D17_rs3,17,rs_thr03,31,SOXX,4,84,2024-11-26,2025-03-31,30,-0.12412360871542705,-0.024874192365658486,-0.030892751501101642,-0.006018559135443156,-0.09741481132359572,-0.1184662312476371,0.18690476190476188,0.30248015873015877,0,0.09924941634976855,0.0932308572143254,0,0
D17_rs3,17,rs_thr03,32,SOXX,3,63,2024-07-29,2024-10-24,29,-0.004528432055198928,-0.01792704268630172,-0.025230699568833205,-0.007303656882531484,-0.06213358086061049,-0.07731415252576807,0.11220580186097426,0.20963327859879582,0,-0.013398610631102793,-0.020702267513634277,0,0
D17_rs3,17,rs_thr03,33,SOXX,7,147,2025-09-16,2026-04-16,29,0.5731894193346554,0.23456787549610522,0.32837247136647796,0.09380459587037274,-0.1661365958557101,-0.16886446512235698,0.339666901243256,0.4563687543983111,1,-0.33862154383855014,-0.24481694796817743,1,1
D17_rs3,17,rs_thr03,34,QQQ,4,84,2024-05-31,2024-09-30,30,0.08613665447903895,-0.018264687653608686,-0.00042970400976514165,0.017834983643843543,-0.11635572265914845,-0.11608865513471647,0.3960317460317461,0.4906746031746032,1,-0.10440134213264764,-0.08656635848880409,0,0
D17_rs3,17,rs_thr03,35,QQQ,9,189,2025-02-11,2025-11-10,30,0.1848421423831519,0.08426263711716929,0.07577839755205767,-0.008484239565111615,-0.1575187898130394,-0.16120409264557936,0.3449735449735449,0.42610229276895945,0,-0.1005795052659826,-0.10906374483109421,1,1
D17_rs3,17,rs_thr03,36,QQQ,3,63,2025-01-14,2025-04-14,30,-0.0928917402537448,-0.007453736794860951,-0.008926580020570406,-0.0014728432257094552,-0.09777463314143947,-0.1191481553439231,0.2835978835978835,0.3810846560846561,0,0.08543800345888385,0.0839651602331744,0,0
D17_rs3,17,rs_thr03,37,SOXX,10,210,2024-08-26,2025-06-27,30,0.05767020978785542,0.05174965457666543,0.022018341571791646,-0.029731313004873784,-0.14635517774690007,-0.17107297809876745,0.20333333333333328,0.2847222222222222,0,-0.00592055521118999,-0.035651868216063774,1,1
D17_rs3,17,rs_thr03,38,SOXX,12,252,2024-07-02,2025-07-03,30,-0.019691750048819512,-0.025898864087548955,-0.0518002511678347,-0.025901387080285748,-0.2337992213950602,-0.2632608224354986,0.22037037037037038,0.30419973544973544,0,-0.006207114038729443,-0.03210850111901519,0,0
D17_rs3,17,rs_thr03,39,QQQ,5,105,2024-09-23,2025-02-24,30,0.07798173822976961,0.07592791241003422,0.08259588866499473,0.006667976254960517,-0.10314064397198423,-0.10872661192883656,0.4536507936507937,0.5252380952380952,1,-0.0020538258197354,0.004614150435225117,1,1
D17_rs3,17,rs_thr03,40,QQQ,12,252,2025-05-13,2026-05-13,30,0.3929080380641541,0.11275619581036578,0.14461885261322754,0.031862656802861766,-0.1905656129851528,-0.20437929693655818,0.3617724867724868,0.4393518518518519,1,-0.2801518422537883,-0.24828918545092654,1,1
D17_rs3,17,rs_thr03,41,SOXX,5,105,2024-12-18,2025-05-21,29,-0.03550491258274213,-0.03592905583701376,-0.06237674734115777,-0.026447691504144014,-0.12606645148208268,-0.15744015935684524,0.18193760262725783,0.26247947454844006,0,-0.0004241432542716264,-0.02687183475841564,0,0
D17_rs3,17,rs_thr03,42,QQQ,1,21,2026-06-01,2026-06-30,30,-0.007446386853765863,-0.0035351291780535755,0.0015248011342722985,0.005059930312325874,-0.013384866443533911,-0.02735608325807285,0.13968253968253966,0.2654761904761905,1,0.003911257675712288,0.008971187988038162,0,1
D17_rs3,17,rs_thr03,43,SOXX,5,105,2025-04-30,2025-09-29,30,0.46913595929254015,0.13246572078434946,0.16475677651567774,0.03229105573132829,-0.12240843737492989,-0.12266412985799248,0.4279365079365079,0.48936507936507934,1,-0.33667023850819067,-0.3043791827768624,1,1
D17_rs3,17,rs_thr03,44,SOXX,5,105,2024-07-24,2024-12-19,29,-0.07336127646416635,0.02037470076570061,0.016509665611887814,-0.003865035153812795,-0.113564426112439,-0.1251866695986157,0.22364532019704433,0.3214285714285714,0,0.09373597722986696,0.08987094207605416,1,1
D17_rs3,17,rs_thr03,45,SOXX,12,252,2024-03-06,2025-03-07,30,-0.10757483963704584,-0.08316366284357372,-0.0832428592009471,-7.919635737337061e-05,-0.24421276059061642,-0.25166289298672156,0.27645502645502645,0.37523148148148155,0,0.024411176793472114,0.024331980436098744,0,0
D17_rs3,17,rs_thr03,46,SOXX,11,231,2024-02-13,2025-01-14,30,0.07418656590600592,0.027940111225681224,0.0589346933266881,0.03099458210100688,-0.22953693202671854,-0.23648700178319004,0.2920634920634921,0.39278499278499274,1,-0.04624645468032469,-0.015251872579317816,1,1
D17_rs3,17,rs_thr03,47,QQQ,12,252,2025-06-12,2026-06-12,30,0.3582275230463974,0.1097609611306309,0.15615335586790033,0.04639239473726943,-0.16502459827143717,-0.17882934112574056,0.3198412698412698,0.41435185185185186,1,-0.2484665619157665,-0.20207416717849705,1,1
D17_rs3,17,rs_thr03,48,QQQ,1,21,2025-07-02,2025-07-31,30,0.02579898212369769,0.01334053399775629,0.012952975644986845,-0.00038755835276944525,-0.03476319449978457,-0.04008929775679231,0.4380952380952381,0.5345238095238095,0,-0.012458448125941398,-0.012846006478710844,1,1
D17_rs3,17,rs_thr03,49,QQQ,6,126,2024-03-22,2024-09-20,30,0.08250098618182977,-0.01401010132765585,-0.0009599126375404943,0.013050188690115356,-0.13367899762908125,-0.13273599437578626,0.31878306878306867,0.4095238095238096,1,-0.09651108750948562,-0.08346089881937027,0,0
D17_rs3,17,rs_thr03,50,QQQ,11,231,2025-04-16,2026-03-18,30,0.3441101199491847,0.04197960400653385,0.05767507955119216,0.015695475544658312,-0.13750688329171495,-0.14566392590186875,0.3157287157287157,0.39653679653679663,1,-0.3021305159426509,-0.28643504039799256,1,1
D17_rs3,17,rs_thr03,51,SOXX,12,252,2025-05-09,2026-05-11,30,1.7645874371661052,0.408728881260117,0.5719764680225141,0.1632475867623971,-0.20708286593595815,-0.20709518575166191,0.37195767195767193,0.4661375661375662,1,-1.3558585559059881,-1.192610969143591,1,1
D17_rs3,17,rs_thr03,52,QQQ,6,126,2024-07-26,2025-01-27,30,0.11403101000835725,0.06257503543177603,0.08640746710696448,0.023832431675188448,-0.12887778925989976,-0.13035168198353073,0.34894179894179894,0.44550264550264557,1,-0.051455974576581215,-0.027623542901392767,1,1
D17_rs3,17,rs_thr03,53,SOXX,9,189,2025-02-25,2025-11-21,30,0.27137739698000374,0.058195001588565956,0.06146901904660013,0.003274017458034177,-0.169495070063586,-0.18018781919293375,0.29982363315696653,0.37949735449735456,1,-0.2131823953914378,-0.2099083779334036,1,1
D17_rs3,17,rs_thr03,54,QQQ,10,210,2025-06-10,2026-04-10,30,0.14941279936704488,-0.015338818098901079,-0.021717747107646238,-0.006378929008745159,-0.14414536842563788,-0.15828052913431934,0.30015873015873024,0.3841269841269842,0,-0.16475161746594597,-0.17113054647469111,0,0
D17_rs3,17,rs_thr03,55,QQQ,9,189,2024-03-12,2024-12-09,30,0.18252348107739125,0.05830279962287411,0.0723177668800922,0.01401496725721809,-0.1372644466829435,-0.1373154997406106,0.40687830687830684,0.48073192239858903,1,-0.12422068145451715,-0.11020571419729905,1,1
D17_rs3,17,rs_thr03,56,SOXX,1,21,2026-03-06,2026-04-06,30,0.06430085839175526,-0.000621157723136323,0.010628843666477032,0.011250001389613355,-0.017684224618204795,-0.04279613736735734,0.0841269841269841,0.2658730158730159,1,-0.06492201611489158,-0.05367201472527822,0,1
D17_rs3,17,rs_thr03,57,QQQ,11,231,2024-12-30,2025-12-01,30,0.2014930365864087,0.06757756473339976,0.08799659451888457,0.020419029785484807,-0.1691935054179781,-0.17475969504322278,0.3292929292929293,0.4195165945165945,1,-0.13391547185300895,-0.11349644206752414,1,1
D17_rs3,17,rs_thr03,58,QQQ,4,84,2025-05-06,2025-09-04,30,0.19622773691571815,0.02028259612671847,0.028972852200636712,0.008690256073918243,-0.08993754926301646,-0.09349537266748893,0.37182539682539684,0.4612103174603173,1,-0.1759451407889997,-0.16725488471508143,1,1
D17_rs3,17,rs_thr03,59,SOXX,4,84,2026-02-25,2026-06-25,30,0.7007669266812115,0.08960153579440651,0.2050810491122403,0.11547951331783378,-0.07724611565987043,-0.10092610463605625,0.1476190476190476,0.3094246031746032,1,-0.611165390886805,-0.49568587756897126,1,1
D17_rs3,17,rs_thr03,60,SOXX,1,21,2024-12-26,2025-01-28,29,-0.04487098139039003,-0.028282457452646726,-0.028747980036466902,-0.0004655225838201757,-0.06693010392623892,-0.08069576128024877,0.30706075533661736,0.4166666666666667,0,0.016588523937743304,0.01612300135392313,0,0
D17_rs3,17,rs_thr03,61,SOXX,3,63,2024-01-26,2024-04-25,29,0.06710111015930864,0.0030982214579172605,0.006915806153601215,0.0038175846956839546,-0.08161153415920051,-0.09564764048472628,0.26546250684181716,0.39244663382594414,1,-0.06400288870139138,-0.06018530400570743,1,1
D17_rs3,17,rs_thr03,62,SOXX,3,63,2025-06-20,2025-09-18,29,0.19111850646885342,0.1020215109604879,0.1260439739643353,0.024022463003847416,-0.11430457960902099,-0.11575401275586224,0.507936507936508,0.5882594417077176,1,-0.08909699550836553,-0.06507453250451811,1,1
D17_rs3,17,rs_thr03,63,QQQ,3,63,2025-10-01,2025-12-30,30,0.0281443024583361,-0.009683922720516951,-0.0081181613042412,0.0015657614162757506,-0.0638984892867754,-0.07055566056511513,0.30687830687830686,0.3722222222222222,1,-0.03782822517885305,-0.0362624637625773,0,0
D17_rs3,17,rs_thr03,64,QQQ,2,42,2024-06-12,2024-08-12,30,-0.046509750935051275,-0.032105084729168225,-0.027127335333828644,0.004977749395339581,-0.08433446525028945,-0.09057437492682491,0.41825396825396827,0.5049603174603176,1,0.01440466620588305,0.01938241560122263,0,0
D17_rs3,17,rs_thr03,65,SOXX,7,147,2024-03-27,2024-10-24,29,0.010917916153216245,-0.027787722431095573,-0.024148376110706374,0.0036393463203891994,-0.1852078020764381,-0.19214418781318762,0.30236922355148954,0.39444053483462355,1,-0.03870563858431182,-0.03506629226392262,0,0
D17_rs3,17,rs_thr03,66,QQQ,7,147,2024-06-18,2025-01-17,30,0.0802486743430566,-0.0026212875562007503,0.01735011762994325,0.019971405186144,-0.14523018862034043,-0.14077091442468354,0.4045351473922903,0.47817460317460303,1,-0.08286996189925736,-0.06289855671311335,0,1
D17_rs3,17,rs_thr03,67,SOXX,6,126,2025-02-27,2025-08-27,30,0.2288069130259598,0.09837521504606084,0.0965451373771625,-0.001830077668898339,-0.12324856354856585,-0.13411024777291952,0.34497354497354493,0.4026455026455027,0,-0.13043169797989895,-0.1322617756487973,1,1
D17_rs3,17,rs_thr03,68,SOXX,2,42,2026-01-27,2026-03-26,30,-0.06274182234420844,0.00044350023908365694,-0.005069785052246615,-0.005513285291330272,-0.06319446905514138,-0.08594374822595219,0.2150793650793651,0.3513888888888889,0,0.0631853225832921,0.057672037291961825,1,0
D17_rs3,17,rs_thr03,69,SOXX,8,168,2025-08-27,2026-04-28,30,0.752796897064234,0.16884954668463012,0.27352769649915015,0.10467814981452003,-0.18509591375995102,-0.19034949661990588,0.339484126984127,0.45292658730158725,1,-0.5839473503796039,-0.4792692005650839,1,1
D17_rs3,17,rs_thr03,70,SOXX,5,105,2024-09-20,2025-02-21,29,0.005406814450626518,0.0023639100446837757,0.0033710334781870705,0.0010071234335032949,-0.10382381954586463,-0.11627795591920238,0.22528735632183908,0.31978653530377665,1,-0.0030429044059427424,-0.0020357809724394476,1,1
D17_rs3,17,rs_thr03,71,SOXX,4,84,2025-09-17,2026-01-15,29,0.30628589985012833,0.10192170083822084,0.1445416434064527,0.04261994256823186,-0.13558055003705616,-0.1427162377418832,0.38546798029556645,0.4860426929392446,1,-0.2043641990119075,-0.16174425644367563,1,1
D17_rs3,17,rs_thr03,72,QQQ,4,84,2025-06-23,2025-10-20,30,0.1516013225816759,0.04371699806466612,0.05464124757951624,0.010924249514850118,-0.09299668745981256,-0.09979575401911397,0.36111111111111105,0.45148809523809524,1,-0.1078843245170098,-0.09696007500215967,1,1
D17_rs3,17,rs_thr03,73,SOXX,10,210,2023-11-28,2024-09-27,30,0.3732977081618618,0.05450855247857554,0.0806763795434379,0.026167827064862356,-0.21009287348553782,-0.21309955382888626,0.3582539682539682,0.4540873015873016,1,-0.31878915568328625,-0.29262132861842394,1,1
D17_rs3,17,rs_thr03,74,QQQ,9,189,2025-04-09,2026-01-08,30,0.33624069066151074,0.14581419933786993,0.17624296232267617,0.030428762984806235,-0.13665949270640532,-0.14301624469261945,0.3763668430335097,0.4548500881834215,1,-0.1904264913236408,-0.15999772833883458,1,1
D17_rs3,17,rs_thr03,75,QQQ,12,252,2024-12-19,2025-12-22,30,0.21234993913837386,0.087164347317812,0.11486598666728236,0.027701639349470356,-0.16096659407887728,-0.17619007047730575,0.3091269841269841,0.3957671957671957,1,-0.12518559182056185,-0.0974839524710915,1,1
D17_rs3,17,rs_thr03,76,SOXX,5,105,2024-05-10,2024-10-09,29,0.07166292185798206,0.011887616350152782,0.010881581939009849,-0.0010060344111429333,-0.13540484864964591,-0.1558501258243886,0.2696223316912972,0.36732348111658447,0,-0.05977530550782928,-0.060781339918972214,1,1
D17_rs3,17,rs_thr03,77,SOXX,8,168,2025-08-01,2026-04-01,30,0.4329721592393472,0.1628365305061831,0.21779625003554198,0.05495971952935888,-0.19423739893857922,-0.19225042233996,0.3623015873015873,0.47127976190476184,1,-0.2701356287331641,-0.2151759092038052,1,1
D17_rs3,17,rs_thr03,78,QQQ,7,147,2025-11-12,2026-06-15,30,0.20096913413608264,-0.0296437401552523,0.00971067821107944,0.03935441836633174,-0.14232120037786383,-0.14776719273648642,0.27823129251700685,0.37256235827664397,1,-0.23061287429133492,-0.1912584559250032,0,1
D17_rs3,17,rs_thr03,79,SOXX,9,189,2023-12-14,2024-09-16,30,0.16790498618580796,-0.026128908428495915,-0.011123349274924817,0.015005559153571098,-0.2078796212461683,-0.21256788421981027,0.37830687830687837,0.4768518518518519,1,-0.19403389461430387,-0.17902833546073277,0,0
D17_rs3,17,rs_thr03,80,QQQ,6,126,2024-01-19,2024-07-19,30,0.13164162035706783,0.012539892291592655,0.023715148754460683,0.011175256462868028,-0.12375740446105848,-0.12986231417663277,0.3764550264550265,0.45628306878306885,1,-0.11910172806547518,-0.10792647160260715,1,1
D17_rs3,17,rs_thr03,81,QQQ,1,21,2024-11-13,2024-12-12,30,0.027818437813410313,0.025734208595087116,0.029885766698131845,0.004151558103044729,-0.025412970421883386,-0.030220835775162873,0.3428571428571428,0.419047619047619,1,-0.0020842292183231963,0.0020673288847215324,1,1
D17_rs3,17,rs_thr03,82,SOXX,10,210,2024-06-21,2025-04-23,30,-0.303438756357962,-0.10490779000229869,-0.13694810081890688,-0.032040310816608186,-0.23140481311502417,-0.2610642953197295,0.20682539682539683,0.29896825396825394,0,0.19853096635566334,0.16649065553905515,0,0
D17_rs3,17,rs_thr03,83,QQQ,11,231,2024-05-24,2025-04-28,30,0.03788093693594541,0.02427538238744351,0.03827995306830686,0.01400457068086335,-0.19339260543056067,-0.19833198897904092,0.32929292929292936,0.41810966810966804,1,-0.013605554548501899,0.0003990161323614502,1,1
D17_rs3,17,rs_thr03,84,SOXX,4,84,2025-03-26,2025-07-25,29,0.21967623083558907,0.08732639114863797,0.0783104564645239,-0.00901593468411406,-0.08864257330692342,-0.09545470481817005,0.3440065681444992,0.38115763546798026,0,-0.1323498396869511,-0.14136577437106518,1,1
D17_rs3,17,rs_thr03,85,SOXX,3,63,2024-01-12,2024-04-12,29,0.17490145812316005,0.056835725572320986,0.07451044717219608,0.0176747215998751,-0.09195016123511002,-0.09337064330650056,0.365079365079365,0.48002189381499727,1,-0.11806573255083906,-0.10039101095096396,1,1
D17_rs3,17,rs_thr03,86,QQQ,4,84,2025-08-13,2025-12-10,30,0.08270595883887877,-0.00038894541899906117,0.0052851240328181445,0.0056740694518172055,-0.07682251926972901,-0.09014637954549881,0.28214285714285714,0.38075396825396834,1,-0.08309490425787783,-0.07742083480606063,0,1
D17_rs3,17,rs_thr03,87,QQQ,9,189,2025-08-12,2026-05-12,30,0.22380163982039725,-0.003346451213074542,0.031308132598330665,0.03465458381140521,-0.1421689959687052,-0.15255598855522798,0.24938271604938272,0.3455908289241622,1,-0.22714809103347178,-0.1924935072220666,0,1
D17_rs3,17,rs_thr03,88,QQQ,3,63,2023-09-06,2023-12-04,30,0.03239382703262561,-0.0191947793539716,-0.00983785393575372,0.00935692541821788,-0.08654274743437769,-0.09189255199815274,0.3629629629629629,0.4562169312169312,1,-0.05158860638659721,-0.04223168096837933,0,0
D17_rs3,17,rs_thr03,89,QQQ,6,126,2024-03-08,2024-09-06,30,0.025004402915363988,-0.03264074936970946,-0.02942712273104112,0.003213626638668341,-0.14213402570279912,-0.14544067101708863,0.3716931216931217,0.45509259259259255,1,-0.05764515228507345,-0.054431525646405104,0,0
D17_rs3,17,rs_thr03,90,SOXX,4,84,2024-02-09,2024-06-10,29,0.16166404920459776,0.02730589252235247,0.04577720962711458,0.018471317104762113,-0.09948610998902545,-0.10714819168353819,0.36247947454844004,0.46982758620689663,1,-0.1343581566822453,-0.11588683957748318,1,1
D17_rs3,17,rs_thr03,91,QQQ,6,126,2024-12-26,2025-06-30,30,0.04434109236366246,0.009435045624725021,0.01953779683092215,0.010102751206197129,-0.13350127062394357,-0.14594198088074484,0.2912698412698413,0.3779761904761904,1,-0.034906046738937435,-0.02480329553274031,1,1
D17_rs3,17,rs_thr03,92,QQQ,2,42,2024-07-11,2024-09-09,30,-0.07616930887243911,-0.055933134543520294,-0.04947137109494346,0.006461763448576831,-0.08095485160397511,-0.0909518407295251,0.26031746031746034,0.38829365079365086,1,0.02023617432891882,0.02669793777749565,0,0
D17_rs3,17,rs_thr03,93,QQQ,8,168,2025-09-04,2026-05-05,30,0.18933459993954838,0.06739298030454029,0.10261627217942622,0.03522329187488593,-0.13585047175419263,-0.1407067524123457,0.2952380952380952,0.378125,1,-0.12194161963500809,-0.08671832776012216,1,1
D17_rs3,17,rs_thr03,94,QQQ,11,231,2023-08-28,2024-07-29,29,0.27358869545907205,0.04799120695019579,0.08030726170272803,0.03231605475253224,-0.15922920482634162,-0.15644853483505483,0.4421555456038214,0.5154873861770413,1,-0.22559748850887626,-0.19328143375634402,1,1
D17_rs3,17,rs_thr03,95,SOXX,2,42,2024-10-18,2024-12-17,29,-0.022397322959222588,0.004422512447006058,0.0007193951134867316,-0.0037031173335193264,-0.05771961637782455,-0.07534377788330013,0.21182266009852216,0.30685550082101803,0,0.026819835406228645,0.02311671807270932,1,1
D17_rs3,17,rs_thr03,96,QQQ,9,189,2024-06-04,2025-03-06,30,0.0794127343756903,0.07486319113812766,0.0880175858743711,0.013154394736243441,-0.1744570309391853,-0.1769915243467884,0.3514991181657848,0.45361552028218693,1,-0.004549543237562639,0.008604851498680802,1,1
D17_rs3,17,rs_thr03,97,SOXX,5,105,2025-12-31,2026-06-02,30,1.0102699251297969,0.2179264359221394,0.36028374586355993,0.14235730994142054,-0.09825024413915627,-0.11705842506797523,0.25396825396825395,0.3854761904761904,1,-0.7923434892076575,-0.6499861792662369,1,1
D17_rs3,17,rs_thr03,98,QQQ,4,84,2025-02-28,2025-06-30,30,0.08838198760432037,0.05452796661588945,0.052812297126209246,-0.0017156694896802022,-0.07119062823159851,-0.0850054409686582,0.24246031746031746,0.3244047619047619,0,-0.03385402098843092,-0.03556969047811112,1,1
D17_rs3,17,rs_thr03,99,SOXX,2,42,2026-05-13,2026-07-14,30,0.07552608567751218,0.00735390759934691,0.0030169464325187152,-0.004336961166828194,-0.019491828187119073,-0.07490748152950726,0.08253968253968254,0.2617063492063492,0,-0.06817217807816527,-0.07250913924499346,1,1
D18_rs8,18,rs_thr08,0,SOXX,4,84,2025-01-15,2025-05-15,29,-0.04268264905560459,-0.04058035758471529,-0.06414457829879376,-0.023564220714078474,-0.08136522388795554,-0.12655912809654318,0.08292282430213467,0.16717980295566506,0,0.002102291470889306,-0.021461929243189168,0,0
D18_rs8,18,rs_thr08,1,SOXX,4,84,2025-11-26,2026-03-30,29,0.06535932477276907,0.14384996986065798,0.1633333284876816,0.019483358627023606,-0.07828713762611433,-0.10306891685599767,0.29022988505747127,0.4160509031198686,1,0.07849064508788892,0.09797400371491252,1,1
D18_rs8,18,rs_thr08,2,SOXX,12,252,2024-06-12,2025-06-13,30,-0.11229341109132818,-0.08323916131071266,-0.10712320572293174,-0.023884044412219085,-0.20750023875585824,-0.23925466784916818,0.16468253968253962,0.2671626984126984,0,0.02905424978061552,0.0051702053683964355,0,0
D18_rs8,18,rs_thr08,3,QQQ,1,21,2026-01-13,2026-02-11,30,-0.02096638715391519,-0.014570066271300123,-0.020831207853006815,-0.006261141581706693,-0.048279975340350376,-0.06008212791503761,0.31746031746031744,0.3817460317460316,0,0.006396320882615067,0.00013517930090837377,0,0
D18_rs8,18,rs_thr08,4,QQQ,8,168,2025-02-28,2025-10-28,30,0.2501946013536971,0.07225035482633471,0.10655877128567612,0.034308416459341406,-0.12088304088859854,-0.13209994872073258,0.2388888888888889,0.3596726190476191,1,-0.17794424652736238,-0.14363583006802097,1,1
D18_rs8,18,rs_thr08,5,SOXX,3,63,2025-03-10,2025-06-06,29,0.11931811258500846,0.0042651121675688665,-0.0032567335529507867,-0.007521845720519654,-0.020587292743079036,-0.04677758156346521,0.04542966611932129,0.10987958401751506,0,-0.1150530004174396,-0.12257484613795924,1,0
D18_rs8,18,rs_thr08,6,SOXX,12,252,2024-10-18,2025-10-21,30,0.27929057935732526,0.037100300543234724,0.0654133307488008,0.02831303020556608,-0.17917846194600295,-0.1920362697932455,0.2296296296296296,0.32466931216931216,1,-0.24219027881409055,-0.21387724860852447,1,1
D18_rs8,18,rs_thr08,7,SOXX,5,105,2024-08-02,2024-12-31,30,0.04615473659290337,0.002714138305750176,0.004049245321344097,0.001335107015593921,-0.08459347146422797,-0.10328475798184354,0.13460317460317459,0.23373015873015876,1,-0.043440598287153194,-0.04210549127155927,1,1
D18_rs8,18,rs_thr08,8,SOXX,11,231,2024-01-29,2024-12-26,30,0.11728595595420654,0.010974268809119803,0.019653238141969922,0.008678969332850119,-0.18806890980127042,-0.20996700616873495,0.19047619047619044,0.3098484848484848,1,-0.10631168714508674,-0.09763271781223662,1,1
D18_rs8,18,rs_thr08,9,QQQ,7,147,2025-12-22,2026-07-24,30,0.10761391047221691,0.012682036090313693,0.052511239465880676,0.03982920337556698,-0.09634301302450814,-0.11604375070847059,0.17528344671201818,0.27908163265306124,1,-0.09493187438190322,-0.055102671006336236,1,1
D18_rs8,18,rs_thr08,10,SOXX,11,231,2025-04-30,2026-03-31,30,0.7991728873661996,0.18765328543505858,0.29163859321792246,0.10398530778286388,-0.164419431148081,-0.17219077001614316,0.26392496392496395,0.3844155844155844,1,-0.6115196019311411,-0.5075342941482772,1,1
D18_rs8,18,rs_thr08,11,SOXX,7,147,2023-12-07,2024-07-10,30,0.5448438251272811,0.12187900641023412,0.17208417218674282,0.0502051657765087,-0.1018816605377397,-0.11788215353357767,0.25283446712018137,0.38078231292517006,1,-0.422964818717047,-0.3727596529405383,1,1
D18_rs8,18,rs_thr08,12,QQQ,11,231,2024-03-27,2025-02-27,30,0.12982124242441295,0.0012132410698494022,0.020658536035154888,0.019445294965305487,-0.12338076973082582,-0.1283872053022918,0.21962481962481958,0.337987012987013,1,-0.12860800135456354,-0.10916270638925807,1,1
D18_rs8,18,rs_thr08,13,QQQ,10,210,2024-09-30,2025-08-01,30,0.1396406940506143,0.1466403352715194,0.1626751125546756,0.016034777283156193,-0.12362295391223592,-0.13193024218501392,0.2606349206349206,0.3596428571428571,1,0.006999641220905101,0.023034418504061294,1,1
D18_rs8,18,rs_thr08,14,QQQ,9,189,2025-02-11,2025-11-10,30,0.1848421423831519,0.02599739422003152,0.038767815752807085,0.012770421532775564,-0.12904688571217982,-0.13719676166938957,0.24144620811287476,0.3506613756613756,1,-0.15884474816312036,-0.1460743266303448,1,1
D18_rs8,18,rs_thr08,15,SOXX,2,42,2023-11-10,2024-01-11,29,0.1337866151876319,0.05570068510125262,0.06546741923866388,0.009766734137411262,-0.044203604275180275,-0.05289343298816182,0.376847290640394,0.4589490968801314,1,-0.07808593008637929,-0.06831919594896803,1,1
D18_rs8,18,rs_thr08,16,QQQ,8,168,2025-04-17,2025-12-16,30,0.38065075650801794,0.06078592794317836,0.07103567691967987,0.010249748976501508,-0.07466032354845444,-0.09223790945549858,0.18154761904761904,0.2946428571428571,1,-0.31986482856483955,-0.30961507958833806,1,1
D18_rs8,18,rs_thr08,17,QQQ,3,63,2023-10-12,2024-01-11,29,0.10935443004554912,0.011280675367088173,0.028278568787415154,0.01699789342032698,-0.05175203739230483,-0.060315935514007026,0.23973727422003283,0.35426929392446627,1,-0.09807375467846095,-0.08107586125813397,1,1
D18_rs8,18,rs_thr08,18,SOXX,7,147,2025-06-02,2025-12-30,29,0.4742072430583639,0.018192946829245497,0.0842049466039471,0.06601199977470161,-0.15554225590537926,-0.16043126625325854,0.29580107905231057,0.41414496833216047,1,-0.45601429622911843,-0.3900022964544168,1,1
D18_rs8,18,rs_thr08,19,QQQ,2,42,2026-01-20,2026-03-19,30,-0.024734412068352585,-0.005735949191630078,-0.014492547541518892,-0.008756598349888813,-0.03873719122517906,-0.055773986807258084,0.19603174603174606,0.27123015873015877,0,0.018998462876722508,0.010241864526833693,0,0
D18_rs8,18,rs_thr08,20,QQQ,2,42,2025-12-30,2026-03-02,30,-0.01830706738570409,0.025623124129811315,0.0327474522426624,0.007124328112851085,-0.03972208084938846,-0.053187938085420314,0.2706349206349207,0.35496031746031753,1,0.0439301915155154,0.05105451962836649,1,1
D18_rs8,18,rs_thr08,21,QQQ,8,168,2024-02-14,2024-10-14,30,0.15334197720866793,0.009075371387565227,0.03401651073712538,0.024941139349560153,-0.1102614704157741,-0.12111002142115229,0.23849206349206353,0.37966269841269834,1,-0.1442666058211027,-0.11932546647154255,1,1
D18_rs8,18,rs_thr08,22,QQQ,4,84,2025-10-15,2026-02-13,30,0.000789757805571778,0.037305671421771304,0.04711413992141532,0.009808468499644014,-0.07203960118908279,-0.08238469666228224,0.3293650793650794,0.43432539682539684,1,0.036515913616199526,0.04632438211584354,1,1
D18_rs8,18,rs_thr08,23,QQQ,3,63,2026-01-08,2026-04-09,30,-0.0153279984002892,-0.00047918039819099624,0.01154926951030311,0.012028449908494106,-0.0659382776652257,-0.08229292236416384,0.18677248677248676,0.29748677248677247,1,0.014848818002098203,0.02687726791059231,0,1
D18_rs8,18,rs_thr08,24,SOXX,5,105,2026-02-10,2026-07-13,30,0.5770256813269112,0.1277890108193283,0.1768668321772194,0.0490778213578911,-0.06170012516893994,-0.10173100319003667,0.1012698412698413,0.27206349206349206,1,-0.4492366705075829,-0.4001588491496918,1,1
D18_rs8,18,rs_thr08,25,QQQ,5,105,2026-01-14,2026-06-15,30,0.20238584863226716,0.03603268012211972,0.05694293406061478,0.020910253938495056,-0.06892067288581073,-0.08961607291505898,0.14825396825396825,0.25849206349206344,1,-0.16635316851014745,-0.14544291457165237,1,1
D18_rs8,18,rs_thr08,26,QQQ,12,252,2025-01-16,2026-01-16,30,0.21698527291142944,0.018320106440987836,0.03492397011120489,0.016603863670217055,-0.1314201520105104,-0.14351437074123616,0.216005291005291,0.3291997354497354,1,-0.1986651664704416,-0.18206130280022453,1,1
D18_rs8,18,rs_thr08,27,SOXX,4,84,2026-03-20,2026-07-21,30,0.6629647609934404,0.09345220969383478,0.16857780398326191,0.07512559428942714,-0.04088885701553801,-0.09300176550859898,0.08968253968253966,0.2740079365079365,1,-0.5695125512996055,-0.49438695701017843,1,1
D18_rs8,18,rs_thr08,28,SOXX,10,210,2023-09-12,2024-07-12,30,0.6054241699570708,0.1364778387847104,0.20252232725104666,0.06604448846633626,-0.11391071793118822,-0.11667299556499468,0.2382539682539683,0.3612301587301587,1,-0.4689463311723604,-0.40290184270602414,1,1
D18_rs8,18,rs_thr08,29,QQQ,10,210,2023-11-02,2024-09-04,29,0.2742635518580856,0.06829414619147191,0.08808241809135219,0.019788271899880278,-0.12914088381604935,-0.13627983855704964,0.32266009852216737,0.41005747126436776,1,-0.2059694056666137,-0.1861811337667334,1,1
D18_rs8,18,rs_thr08,30,SOXX,11,231,2025-02-26,2026-01-27,30,0.6222676159829015,0.12200593647638792,0.19182631275962866,0.06982037628324074,-0.18109352069846776,-0.1818043222311468,0.25295815295815294,0.3530303030303031,1,-0.5002616795065136,-0.4304413032232728,1,1
D18_rs8,18,rs_thr08,31,SOXX,4,84,2024-11-26,2025-03-31,30,-0.12412360871542705,-0.035645863854819736,-0.04332647805151939,-0.007680614196699652,-0.08078208749402682,-0.11244433069701273,0.13730158730158729,0.26279761904761906,0,0.0884777448606073,0.08079713066390766,0,0
D18_rs8,18,rs_thr08,32,SOXX,3,63,2024-07-29,2024-10-24,29,-0.004528432055198928,-0.010158257078022162,-0.02062917840941368,-0.01047092133139152,-0.04286076202754116,-0.06568182386062761,0.08319649698960044,0.18253968253968253,0,-0.005629825022823234,-0.016100746354214754,0,0
D18_rs8,18,rs_thr08,33,SOXX,7,147,2025-09-16,2026-04-16,29,0.5731894193346554,0.2435388889706702,0.3403850890311832,0.096846200060513,-0.1436071222233093,-0.14922646593027258,0.2913441238564391,0.41954022988505746,1,-0.3296505303639852,-0.2328043303034722,1,1
D18_rs8,18,rs_thr08,34,QQQ,4,84,2024-05-31,2024-09-30,30,0.08613665447903895,-0.029040884193617045,-0.0072652114654590426,0.021775672728158002,-0.09702829118815949,-0.10266941169199541,0.2690476190476191,0.40952380952380946,1,-0.115177538672656,-0.093401865944498,0,0
D18_rs8,18,rs_thr08,35,QQQ,9,189,2025-02-11,2025-11-10,30,0.1848421423831519,0.05658546032678231,0.053286083289289,-0.0032993770374933062,-0.1342010619085777,-0.15037823549113005,0.24673721340388005,0.3479717813051147,0,-0.1282566820563696,-0.1315560590938629,1,1
D18_rs8,18,rs_thr08,36,QQQ,3,63,2025-01-14,2025-04-14,30,-0.0928917402537448,-0.012516578650576116,-0.011748531848236243,0.000768046802339873,-0.07563090485953,-0.10375030921415425,0.21534391534391528,0.33187830687830683,1,0.08037516160316868,0.08114320840550857,0,0
D18_rs8,18,rs_thr08,37,SOXX,10,210,2024-08-26,2025-06-27,30,0.05767020978785542,0.031689501332294305,0.0034651868782717863,-0.028224314454022518,-0.12374689224849285,-0.1585627377539448,0.14825396825396825,0.24214285714285716,0,-0.025980708455561115,-0.054205022909583636,1,1
D18_rs8,18,rs_thr08,38,SOXX,12,252,2024-07-02,2025-07-03,30,-0.019691750048819512,-0.054365653164745474,-0.07022619797241876,-0.015860544807673287,-0.20018083827925412,-0.23424152791501737,0.1582010582010582,0.2613756613756613,0,-0.03467390311592596,-0.05053444792359925,0,0
D18_rs8,18,rs_thr08,39,QQQ,5,105,2024-09-23,2025-02-24,30,0.07798173822976961,0.0662212254870786,0.07554579926026553,0.009324573773186934,-0.08013664509455287,-0.09398438890645601,0.3438095238095238,0.4504761904761905,1,-0.01176051274269102,-0.0024359389695040867,1,1
D18_rs8,18,rs_thr08,40,QQQ,12,252,2025-05-13,2026-05-13,30,0.3929080380641541,0.09062227127660866,0.12265421280168716,0.0320319415250785,-0.17227711788259173,-0.18768836627105032,0.260978835978836,0.35767195767195764,1,-0.30228576678754543,-0.27025382526246694,1,1
D18_rs8,18,rs_thr08,41,SOXX,5,105,2024-12-18,2025-05-21,29,-0.03550491258274213,-0.047092157203900316,-0.06833642157144734,-0.021244264367547026,-0.11572953009229049,-0.15145849744796444,0.14417077175697865,0.23472906403940888,0,-0.011587244621158184,-0.03283150898870521,0,0
D18_rs8,18,rs_thr08,42,QQQ,1,21,2026-06-01,2026-06-30,30,-0.007446386853765863,-0.0030220582529956667,0.0018219222616919475,0.004843980514687614,-0.008593631132187588,-0.023674236398403162,0.052380952380952375,0.19682539682539685,1,0.004424328600770196,0.00926830911545781,0,1
D18_rs8,18,rs_thr08,43,SOXX,5,105,2025-04-30,2025-09-29,30,0.46913595929254015,0.06701896758735544,0.11072843904039884,0.043709471453043394,-0.10262726863848345,-0.10521670008521755,0.3025396825396825,0.3917460317460317,1,-0.4021169917051847,-0.3584075202521413,1,1
D18_rs8,18,rs_thr08,44,SOXX,5,105,2024-07-24,2024-12-19,29,-0.07336127646416635,0.022138433838783875,0.014053537935771158,-0.008084895903012717,-0.08630062045118159,-0.10475865243442908,0.1737274220032841,0.2855500821018062,0,0.09549971030295022,0.08741481439993751,1,1
D18_rs8,18,rs_thr08,45,SOXX,12,252,2024-03-06,2025-03-07,30,-0.10757483963704584,-0.06321790175282589,-0.07773852638695672,-0.014520624634130827,-0.2010574227136283,-0.22259913718423502,0.1851851851851852,0.30625,0,0.044356937884219946,0.02983631325008912,0,0
D18_rs8,18,rs_thr08,46,SOXX,11,231,2024-02-13,2025-01-14,30,0.07418656590600592,0.04112117984883679,0.05622150297180692,0.015100323122970126,-0.17802385941471072,-0.19962151975843412,0.19451659451659448,0.3111832611832612,1,-0.033065386057169126,-0.017965062934199,1,1
D18_rs8,18,rs_thr08,47,QQQ,12,252,2025-06-12,2026-06-12,30,0.3582275230463974,0.09883317538339617,0.1462417703552333,0.04740859497183714,-0.14332185139582057,-0.16159585025090653,0.22208994708994706,0.3302579365079365,1,-0.2593943476630012,-0.21198575269116407,1,1
D18_rs8,18,rs_thr08,48,QQQ,1,21,2025-07-02,2025-07-31,30,0.02579898212369769,0.00850451065278163,0.008825191623566198,0.0003206809707845676,-0.022117209585259638,-0.030600463912396576,0.2873015873015873,0.4107142857142857,1,-0.01729447147091606,-0.01697379050013149,1,1
D18_rs8,18,rs_thr08,49,QQQ,6,126,2024-03-22,2024-09-20,30,0.08250098618182977,-0.009825751257144189,0.008702046034168338,0.01852779729131253,-0.10498364097619257,-0.1098827244685805,0.2357142857142857,0.35224867724867714,1,-0.09232673743897396,-0.07379894014766143,0,1
D18_rs8,18,rs_thr08,50,QQQ,11,231,2025-04-16,2026-03-18,30,0.3441101199491847,0.03823873462163814,0.05753723045535631,0.01929849583371817,-0.10745727201550413,-0.12086166116246386,0.2011544011544012,0.29823232323232324,1,-0.3058713853275466,-0.2865728894938284,1,1
D18_rs8,18,rs_thr08,51,SOXX,12,252,2025-05-09,2026-05-11,30,1.7645874371661052,0.3665258900625163,0.530215420180113,0.16368953011759674,-0.17577790144434308,-0.1819233352241592,0.30185185185185187,0.4134589947089947,1,-1.3980615471035889,-1.2343720169859922,1,1
D18_rs8,18,rs_thr08,52,QQQ,6,126,2024-07-26,2025-01-27,30,0.11403101000835725,0.04839696349211451,0.07615892266507436,0.02776195917295985,-0.11407358397074956,-0.11762942394822531,0.273015873015873,0.3904100529100529,1,-0.06563404651624274,-0.03787208734328289,1,1
D18_rs8,18,rs_thr08,53,SOXX,9,189,2025-02-25,2025-11-21,30,0.27137739698000374,0.02563154714678787,0.035090093182118885,0.009458546035331014,-0.15021512787378258,-0.16798846877276477,0.22539682539682537,0.317636684303351,1,-0.24574584983321587,-0.23628730379788485,1,1
D18_rs8,18,rs_thr08,54,QQQ,10,210,2025-06-10,2026-04-10,30,0.14941279936704488,-0.018023836092676885,-0.021559260603384534,-0.0035354245107076486,-0.11594014139891119,-0.13601576779358032,0.19634920634920638,0.30246031746031743,0,-0.16743663545972176,-0.1709720599704294,0,0
D18_rs8,18,rs_thr08,55,QQQ,9,189,2024-03-12,2024-12-09,30,0.18252348107739125,0.05736855694843544,0.07112655977699821,0.013758002828562765,-0.10731605946567345,-0.11483565533559963,0.29400352733686064,0.3993386243386244,1,-0.1251549241289558,-0.11139692130039304,1,1
D18_rs8,18,rs_thr08,56,SOXX,1,21,2026-03-06,2026-04-06,30,0.06430085839175526,0.0025520411621429667,0.01218121427603334,0.009629173113890372,-0.012963321553764555,-0.041030491252281864,0.06984126984126983,0.26825396825396824,1,-0.06174881722961229,-0.05211964411572192,1,1
D18_rs8,18,rs_thr08,57,QQQ,11,231,2024-12-30,2025-12-01,30,0.2014930365864087,0.05491720726642151,0.08059239324224204,0.02567518597582053,-0.13549720727692538,-0.14793243029309316,0.22741702741702743,0.3334054834054834,1,-0.1465758293199872,-0.12090064334416667,1,1
D18_rs8,18,rs_thr08,58,QQQ,4,84,2025-05-06,2025-09-04,30,0.19622773691571815,0.020244344262737506,0.028482556118242065,0.008238211855504558,-0.049666783312807654,-0.06304053387906668,0.18293650793650798,0.29672619047619053,1,-0.17598339265298066,-0.16774518079747608,1,1
D18_rs8,18,rs_thr08,59,SOXX,4,84,2026-02-25,2026-06-25,30,0.7007669266812115,0.07920179254601445,0.19008606469451325,0.1108842721484988,-0.06611382828448256,-0.09375762534655761,0.11507936507936509,0.28869047619047616,1,-0.6215651341351971,-0.5106808619866983,1,1
D18_rs8,18,rs_thr08,60,SOXX,1,21,2024-12-26,2025-01-28,29,-0.04487098139039003,-0.047346845812629185,-0.04617870007093261,0.0011681457416965746,-0.0627836132894959,-0.07792998265452664,0.20525451559934316,0.3341543513957307,1,-0.0024758644222391546,-0.00130771868054258,0,0
D18_rs8,18,rs_thr08,61,SOXX,3,63,2024-01-26,2024-04-25,29,0.06710111015930864,0.03141109779074779,0.028827475733900713,-0.00258362205684708,-0.03994309958076059,-0.06821317310435654,0.15708812260536398,0.30610290093048714,0,-0.03569001236856085,-0.03827363442540793,1,1
D18_rs8,18,rs_thr08,62,SOXX,3,63,2025-06-20,2025-09-18,29,0.19111850646885342,0.05006782013095627,0.07821595946898362,0.028148139338027345,-0.09342141993618566,-0.102431603450274,0.34099616858237547,0.4519704433497537,1,-0.14105068633789714,-0.1129025469998698,1,1
D18_rs8,18,rs_thr08,63,QQQ,3,63,2025-10-01,2025-12-30,30,0.0281443024583361,-0.013846881635057024,-0.009631944746365176,0.004214936888691848,-0.05492769914751694,-0.06300064401257453,0.2291005291005291,0.3202380952380953,1,-0.04199118409339313,-0.037776247204701276,0,0
D18_rs8,18,rs_thr08,64,QQQ,2,42,2024-06-12,2024-08-12,30,-0.046509750935051275,-0.027250816813215648,-0.022126636918582722,0.005124179894632926,-0.05784147327950809,-0.07117649203855313,0.2492063492063492,0.3827380952380952,1,0.019258934121835627,0.024383114016468553,0,0
D18_rs8,18,rs_thr08,65,SOXX,7,147,2024-03-27,2024-10-24,29,0.010917916153216245,-0.026869432057825944,-0.02464941737275701,0.002220014685068935,-0.1414314156700915,-0.1629874815847175,0.1893033075299085,0.31057940417546337,1,-0.03778734821104219,-0.03556733352597326,0,0
D18_rs8,18,rs_thr08,66,QQQ,7,147,2024-06-18,2025-01-17,30,0.0802486743430566,-0.0022723948760366946,0.02256124135748382,0.024833636233520515,-0.11769746482407592,-0.11770662659196374,0.30725623582766437,0.4100340136054422,1,-0.0825210692190933,-0.05768743298557279,0,1
D18_rs8,18,rs_thr08,67,SOXX,6,126,2025-02-27,2025-08-27,30,0.2288069130259598,0.05947480221886561,0.06614530210822066,0.006670499889355044,-0.10233755610590926,-0.12339525008443436,0.2473544973544973,0.321957671957672,1,-0.16933211080709418,-0.16266161091773912,1,1
D18_rs8,18,rs_thr08,68,SOXX,2,42,2026-01-27,2026-03-26,30,-0.06274182234420844,0.012169576036089228,0.006653447844461735,-0.005516128191627494,-0.04721720023203009,-0.07530991918197368,0.17698412698412697,0.3313492063492064,0,0.07491139838029767,0.06939527018867017,1,1
D18_rs8,18,rs_thr08,69,SOXX,8,168,2025-08-27,2026-04-28,30,0.752796897064234,0.16566257680775207,0.27128634144477626,0.10562376463702419,-0.15520897730458916,-0.16372367758628933,0.27559523809523806,0.4053571428571428,1,-0.5871343202564819,-0.48151055561945777,1,1
D18_rs8,18,rs_thr08,70,SOXX,5,105,2024-09-20,2025-02-21,29,0.005406814450626518,-0.007727497295850202,-0.008785755720016884,-0.001058258424166682,-0.09220109642401889,-0.11292989061899741,0.16124794745484403,0.274055829228243,0,-0.01313431174647672,-0.014192570170643402,0,0
D18_rs8,18,rs_thr08,71,SOXX,4,84,2025-09-17,2026-01-15,29,0.30628589985012833,0.0806580269115019,0.12757780836485505,0.046919781453353154,-0.11487864359852719,-0.1285831215726176,0.320607553366174,0.43739737274220036,1,-0.22562787293862643,-0.17870809148527328,1,1
D18_rs8,18,rs_thr08,72,QQQ,4,84,2025-06-23,2025-10-20,30,0.1516013225816759,0.03930003246115064,0.049490365667260644,0.010190333206110007,-0.06534385564315746,-0.08098296159105714,0.23452380952380955,0.35605158730158737,1,-0.11230129012052528,-0.10211095691441527,1,1
D18_rs8,18,rs_thr08,73,SOXX,10,210,2023-11-28,2024-09-27,30,0.3732977081618618,0.0526098689482294,0.0730756008430504,0.020465731894820996,-0.15895048665632486,-0.17509280116500983,0.23444444444444448,0.3528968253968253,1,-0.3206878392136324,-0.3002221073188114,1,1
D18_rs8,18,rs_thr08,74,QQQ,9,189,2025-04-09,2026-01-08,30,0.33624069066151074,0.10877596676898775,0.14373946687899827,0.03496350011001052,-0.1155001039270743,-0.12849782694382939,0.2848324514991182,0.38161375661375657,1,-0.22746472389252298,-0.19250122378251247,1,1
D18_rs8,18,rs_thr08,75,QQQ,12,252,2024-12-19,2025-12-22,30,0.21234993913837386,0.06753858807131494,0.09726294167796208,0.029724353606647144,-0.1285073300913281,-0.15281632175777382,0.22380952380952382,0.3197420634920635,1,-0.14481135106705892,-0.11508699746041177,1,1
D18_rs8,18,rs_thr08,76,SOXX,5,105,2024-05-10,2024-10-09,29,0.07166292185798206,0.0016061093573741716,-2.4879166027994674e-05,-0.0016309885234021663,-0.10223110718146683,-0.1350387809710758,0.1917898193760262,0.3160919540229885,0,-0.0700568125006079,-0.07168780102401005,1,0
D18_rs8,18,rs_thr08,77,SOXX,8,168,2025-08-01,2026-04-01,30,0.4329721592393472,0.1467131942658419,0.20977967116548601,0.06306647689964412,-0.16465901130126354,-0.16991669772385276,0.2982142857142857,0.42604166666666676,1,-0.2862589649735053,-0.22319248807386116,1,1
D18_rs8,18,rs_thr08,78,QQQ,7,147,2025-11-12,2026-06-15,30,0.20096913413608264,-0.0085320899066875,0.026532097635225835,0.03506418754191334,-0.10581799779397869,-0.12173537301140035,0.20294784580498865,0.3098072562358276,1,-0.20950122404277013,-0.1744370365008568,0,1
D18_rs8,18,rs_thr08,79,SOXX,9,189,2023-12-14,2024-09-16,30,0.16790498618580796,0.008295834653700141,0.017413643161550647,0.009117808507850506,-0.1522765319776024,-0.17085324074109673,0.2368606701940035,0.35859788359788364,1,-0.1596091515321078,-0.15049134302425732,1,1
D18_rs8,18,rs_thr08,80,QQQ,6,126,2024-01-19,2024-07-19,30,0.13164162035706783,0.003936828237714869,0.016343063326537233,0.012406235088822364,-0.08269151374297673,-0.09996101165507115,0.1978835978835979,0.3231481481481481,1,-0.12770479211935296,-0.1152985570305306,1,1
D18_rs8,18,rs_thr08,81,QQQ,1,21,2024-11-13,2024-12-12,30,0.027818437813410313,0.025236994638241472,0.02857553088206886,0.0033385362438273884,-0.022827642233639575,-0.02991295656802353,0.3079365079365079,0.40119047619047615,1,-0.0025814431751688405,0.000757093068658548,1,1
D18_rs8,18,rs_thr08,82,SOXX,10,210,2024-06-21,2025-04-23,30,-0.303438756357962,-0.08483905420809433,-0.12252316068552006,-0.03768410647742573,-0.18850084815353982,-0.2239342104959103,0.1492063492063492,0.2524603174603175,0,0.21859970214986768,0.18091559567244198,0,0
D18_rs8,18,rs_thr08,83,QQQ,11,231,2024-05-24,2025-04-28,30,0.03788093693594541,0.0045080963527956465,0.025936987391181696,0.02142889103838605,-0.1770451849801656,-0.18353029402089208,0.2567099567099567,0.36504329004329,1,-0.033372840583149765,-0.011943949544763712,1,1
D18_rs8,18,rs_thr08,84,SOXX,4,84,2025-03-26,2025-07-25,29,0.21967623083558907,0.04765079455682186,0.049387637111607464,0.0017368425547856017,-0.07146510736994581,-0.08783888972182234,0.23193760262725777,0.2868431855500821,1,-0.1720254362787672,-0.1702885937239816,1,1
D18_rs8,18,rs_thr08,85,SOXX,3,63,2024-01-12,2024-04-12,29,0.17490145812316005,0.06836316699068512,0.08270373546976037,0.01434056847907525,-0.058468904890463774,-0.07218291788159024,0.23371647509578544,0.37712096332785994,1,-0.10653829113247493,-0.09219772265339968,1,1
D18_rs8,18,rs_thr08,86,QQQ,4,84,2025-08-13,2025-12-10,30,0.08270595883887877,0.00516406837627339,0.009606202448462334,0.004442134072188944,-0.0501743597267068,-0.07022180255461867,0.19642857142857142,0.3215277777777777,1,-0.07754189046260537,-0.07309975639041644,1,1
D18_rs8,18,rs_thr08,87,QQQ,9,189,2025-08-12,2026-05-12,30,0.22380163982039725,0.006574084661125786,0.03728513646281537,0.030711051801689586,-0.11846483119598024,-0.13528262182254408,0.17813051146384482,0.29462081128747797,1,-0.21722755515927147,-0.18651650335758188,1,1
D18_rs8,18,rs_thr08,88,QQQ,3,63,2023-09-06,2023-12-04,30,0.03239382703262561,-0.023113543987682537,-0.01064958200181177,0.012463961985870766,-0.07358055800237372,-0.08256998897707728,0.25873015873015875,0.38042328042328044,1,-0.055507371020308144,-0.04304340903443738,0,0
D18_rs8,18,rs_thr08,89,QQQ,6,126,2024-03-08,2024-09-06,30,0.025004402915363988,-0.031168209059707866,-0.025692379722300283,0.0054758293374075825,-0.11635728616704417,-0.1259850848732705,0.24365079365079365,0.3594576719576719,1,-0.056172611975071854,-0.05069678263766427,0,0
D18_rs8,18,rs_thr08,90,SOXX,4,84,2024-02-09,2024-06-10,29,0.16166404920459776,0.0436723750963292,0.0592762331994847,0.015603858103155496,-0.04792627452771862,-0.06947113470706484,0.18760262725779972,0.3231732348111659,1,-0.11799167410826855,-0.10238781600511307,1,1
D18_rs8,18,rs_thr08,91,QQQ,6,126,2024-12-26,2025-06-30,30,0.04434109236366246,0.01137324924762445,0.023508492328405444,0.012135243080780993,-0.10567114738216637,-0.1229940767544046,0.2185185185185185,0.3173280423280423,1,-0.03296784311603801,-0.020832600035257016,1,1
D18_rs8,18,rs_thr08,92,QQQ,2,42,2024-07-11,2024-09-09,30,-0.07616930887243911,-0.04251091078041185,-0.041252851728787815,0.0012580590516240373,-0.05744608058596703,-0.07742868503397053,0.1587301587301587,0.3134920634920635,1,0.03365839809202726,0.0349164571436513,0,0
D18_rs8,18,rs_thr08,93,QQQ,8,168,2025-09-04,2026-05-05,30,0.18933459993954838,0.06137336170210724,0.09939219503495152,0.038018833332844275,-0.11766306627350241,-0.12796047156873602,0.21448412698412697,0.31914682539682543,1,-0.12796123823744113,-0.08994240490459686,1,1
D18_rs8,18,rs_thr08,94,QQQ,11,231,2023-08-28,2024-07-29,29,0.27358869545907205,0.052942645764319465,0.0913231115791627,0.03838046581484324,-0.11654195198669867,-0.12072961760809132,0.24690252276459176,0.36796536796536794,1,-0.2206460496947526,-0.18226558387990935,1,1
D18_rs8,18,rs_thr08,95,SOXX,2,42,2024-10-18,2024-12-17,29,-0.022397322959222588,0.007505336464325753,0.005008895921209409,-0.0024964405431163435,-0.04201003136539352,-0.06587905494956177,0.13464696223316913,0.25041050903119877,0,0.02990265942354834,0.027406218880431998,1,1
D18_rs8,18,rs_thr08,96,QQQ,9,189,2024-06-04,2025-03-06,30,0.0794127343756903,0.06240938455446679,0.0839027530913959,0.02149336853692911,-0.14601855139471337,-0.15151499737246846,0.27037037037037037,0.3923280423280423,1,-0.017003349821223507,0.004490018715705604,1,1
D18_rs8,18,rs_thr08,97,SOXX,5,105,2025-12-31,2026-06-02,30,1.0102699251297969,0.1830360716196099,0.3341254900836405,0.1510894184640306,-0.09109894387882328,-0.11420655629871038,0.2146031746031746,0.36666666666666664,1,-0.827233853510187,-0.6761444350461563,1,1
D18_rs8,18,rs_thr08,98,QQQ,4,84,2025-02-28,2025-06-30,30,0.08838198760432037,0.039830028090333744,0.04188202432690406,0.0020519962365703193,-0.06010033633524275,-0.0790865062211521,0.17777777777777776,0.2701388888888889,1,-0.04855195951398662,-0.046499963277416304,1,1
D18_rs8,18,rs_thr08,99,SOXX,2,42,2026-05-13,2026-07-14,30,0.07552608567751218,0.008595709395921617,0.003459013138068697,-0.005136696257852919,-0.011766730204034381,-0.07126562600943287,0.06031746031746032,0.24484126984126983,0,-0.06693037628159056,-0.07206707253944349,1,1
D19_fast_ma,19,ma5_20_dip10,0,SOXX,4,84,2025-01-15,2025-05-15,29,-0.04268264905560459,-0.025647409508026832,-0.05271463025595496,-0.027067220747928125,-0.09261644896560876,-0.12612517074412216,0.09031198686371102,0.1687192118226601,0,0.01703523954757776,-0.010031981200350364,0,0
D19_fast_ma,19,ma5_20_dip10,1,SOXX,4,84,2025-11-26,2026-03-30,29,0.06535932477276907,0.07075817905296736,0.09738759379637728,0.02662941474340992,-0.10295697756794335,-0.11581735195584723,0.2524630541871921,0.37284482758620696,1,0.00539885428019829,0.03202826902360821,1,1
D19_fast_ma,19,ma5_20_dip10,2,SOXX,12,252,2024-06-12,2025-06-13,30,-0.11229341109132818,-0.08821906274231998,-0.1162745361250395,-0.02805547338271952,-0.2169826081944887,-0.2466847749343191,0.17711640211640212,0.27294973544973544,0,0.024074348349008193,-0.003981125033711327,0,0
D19_fast_ma,19,ma5_20_dip10,3,QQQ,1,21,2026-01-13,2026-02-11,30,-0.02096638715391519,-0.0032771965016823814,-0.009138345488452722,-0.005861148986770341,-0.03363128247854354,-0.04393248289981185,0.253968253968254,0.3039682539682539,0,0.017689190652232806,0.011828041665462467,0,0
D19_fast_ma,19,ma5_20_dip10,4,QQQ,8,168,2025-02-28,2025-10-28,30,0.2501946013536971,0.09769498047828283,0.11701881737350482,0.01932383689522199,-0.11972748800304135,-0.13262336620561302,0.22619047619047622,0.3310019841269841,1,-0.15249962087541424,-0.13317578398019225,1,1
D19_fast_ma,19,ma5_20_dip10,5,SOXX,3,63,2025-03-10,2025-06-06,29,0.11931811258500846,0.013510005341160288,0.002404469341691121,-0.011105535999469167,-0.03472090239421505,-0.057962540748023816,0.09523809523809523,0.1470990695128626,0,-0.10580810724384818,-0.11691364324331734,1,1
D19_fast_ma,19,ma5_20_dip10,6,SOXX,12,252,2024-10-18,2025-10-21,30,0.27929057935732526,0.03945014360153031,0.05145995500876355,0.012009811407233235,-0.160637603603593,-0.1789705852150184,0.22910052910052908,0.3129298941798942,1,-0.23984043575579495,-0.22783062434856172,1,1
D19_fast_ma,19,ma5_20_dip10,7,SOXX,5,105,2024-08-02,2024-12-31,30,0.04615473659290337,-0.045923536458057884,-0.04179666060814537,0.0041268758499125174,-0.11572607028896463,-0.12430897841467724,0.15333333333333332,0.24404761904761904,1,-0.09207827305096125,-0.08795139720104873,0,0
D19_fast_ma,19,ma5_20_dip10,8,SOXX,11,231,2024-01-29,2024-12-26,30,0.11728595595420654,0.014227646843504945,0.029709909009317283,0.015482262165812338,-0.19860366518903458,-0.21632115112223607,0.20966810966810973,0.31998556998557004,1,-0.1030583091107016,-0.08757604694488927,1,1
D19_fast_ma,19,ma5_20_dip10,9,QQQ,7,147,2025-12-22,2026-07-24,30,0.10761391047221691,0.003909150658407079,0.042735212948602684,0.038826062290195605,-0.09830226465274024,-0.11627291441708945,0.1655328798185941,0.26224489795918365,1,-0.10370475981380983,-0.06487869752361422,1,1
D19_fast_ma,19,ma5_20_dip10,10,SOXX,11,231,2025-04-30,2026-03-31,30,0.7991728873661996,0.16498875803089355,0.25600159507084785,0.0910128370399543,-0.15250144164136234,-0.1550632180809662,0.2477633477633478,0.3567460317460318,1,-0.6341841293353061,-0.5431712922953518,1,1
D19_fast_ma,19,ma5_20_dip10,11,SOXX,7,147,2023-12-07,2024-07-10,30,0.5448438251272811,0.13495168059206072,0.1898915139017631,0.05493983330970237,-0.11252363910832885,-0.11957063838162524,0.22743764172335598,0.35612244897959183,1,-0.4098921445352204,-0.35495231122551807,1,1
D19_fast_ma,19,ma5_20_dip10,12,QQQ,11,231,2024-03-27,2025-02-27,30,0.12982124242441295,0.011315517355208977,0.02128146136787206,0.009965944012663083,-0.11368375422963796,-0.12694822972686706,0.2226551226551227,0.31161616161616157,1,-0.11850572506920398,-0.10853978105654088,1,1
D19_fast_ma,19,ma5_20_dip10,13,QQQ,10,210,2024-09-30,2025-08-01,30,0.1396406940506143,0.11156107844166477,0.11783883681352017,0.006277758371855402,-0.12618617300737292,-0.14175567073737597,0.22809523809523807,0.326468253968254,1,-0.028079615608949532,-0.02180185723709413,1,1
D19_fast_ma,19,ma5_20_dip10,14,QQQ,9,189,2025-02-11,2025-11-10,30,0.1848421423831519,0.012156328842018576,0.01802396251770069,0.005867633675682113,-0.13346124483478114,-0.14072326765138257,0.2324514991181658,0.3312169312169312,1,-0.1726858135411333,-0.1668181798654512,1,1
D19_fast_ma,19,ma5_20_dip10,15,SOXX,2,42,2023-11-10,2024-01-11,29,0.1337866151876319,0.04813501189871527,0.057206812488863786,0.009071800590148518,-0.051310545204780095,-0.059307895626626014,0.33661740558292286,0.41420361247947457,1,-0.08565160328891663,-0.07657980269876813,1,1
D19_fast_ma,19,ma5_20_dip10,16,QQQ,8,168,2025-04-17,2025-12-16,30,0.38065075650801794,0.047591821236520206,0.0574510550296654,0.009859233793145197,-0.08177074465871703,-0.09627175999357676,0.17202380952380952,0.27852182539682535,1,-0.3330589352714977,-0.32319970147835253,1,1
D19_fast_ma,19,ma5_20_dip10,17,QQQ,3,63,2023-10-12,2024-01-11,29,0.10935443004554912,-0.0202606922300849,-0.004089290914340542,0.016171401315744356,-0.07696349360008291,-0.07701839865734333,0.28516694033935414,0.3846469622331691,1,-0.12961512227563401,-0.11344372095988967,0,0
D19_fast_ma,19,ma5_20_dip10,18,SOXX,7,147,2025-06-02,2025-12-30,29,0.4742072430583639,0.07412548242792871,0.13149671688403017,0.057371234456101455,-0.15113493038478037,-0.15031142266250033,0.3190241613886934,0.4186019235280318,1,-0.4000817606304352,-0.34271052617433373,1,1
D19_fast_ma,19,ma5_20_dip10,19,QQQ,2,42,2026-01-20,2026-03-19,30,-0.024734412068352585,-0.0050703275990407765,-0.00883939980490635,-0.003769072205865573,-0.036161855491795215,-0.04776542180741612,0.1833333333333333,0.2553571428571429,0,0.01966408446931181,0.015895012263446237,0,0
D19_fast_ma,19,ma5_20_dip10,20,QQQ,2,42,2025-12-30,2026-03-02,30,-0.01830706738570409,0.02414323407800774,0.030492276416130018,0.006349042338122279,-0.037863823715839295,-0.049193649254706116,0.26349206349206356,0.3470238095238095,1,0.04245030146371183,0.04879934380183411,1,1
D19_fast_ma,19,ma5_20_dip10,21,QQQ,8,168,2024-02-14,2024-10-14,30,0.15334197720866793,0.014894789509809707,0.027973572946602188,0.01307878343679248,-0.10545531645956571,-0.11575483531041589,0.23115079365079366,0.3384920634920634,1,-0.13844718769885822,-0.12536840426206575,1,1
D19_fast_ma,19,ma5_20_dip10,22,QQQ,4,84,2025-10-15,2026-02-13,30,0.000789757805571778,0.02506794900383928,0.03132551127975404,0.006257562275914761,-0.07092721598437818,-0.08150814216290184,0.28214285714285714,0.3810515873015872,1,0.0242781911982675,0.03053575347418226,1,1
D19_fast_ma,19,ma5_20_dip10,23,QQQ,3,63,2026-01-08,2026-04-09,30,-0.0153279984002892,0.004655208665316801,0.019207545121398995,0.014552336456082194,-0.05642585881435584,-0.07250632182105678,0.18783068783068782,0.2993386243386243,1,0.019983207065606003,0.034535543521688195,1,1
D19_fast_ma,19,ma5_20_dip10,24,SOXX,5,105,2026-02-10,2026-07-13,30,0.5770256813269112,0.15243055354184787,0.1961317718709737,0.043701218329125824,-0.05569568755205208,-0.0927726152951774,0.10888888888888888,0.2654761904761905,1,-0.42459512778506336,-0.38089390945593754,1,1
D19_fast_ma,19,ma5_20_dip10,25,QQQ,5,105,2026-01-14,2026-06-15,30,0.20238584863226716,0.053897951332355754,0.0708148233109608,0.016916871978605044,-0.06043528758242849,-0.07758270789135185,0.1457142857142857,0.24880952380952379,1,-0.1484878972999114,-0.13157102532130638,1,1
D19_fast_ma,19,ma5_20_dip10,26,QQQ,12,252,2025-01-16,2026-01-16,30,0.21698527291142944,-0.002776962466762741,0.007530781214449533,0.010307743681212274,-0.14527321651035766,-0.1551834916400327,0.21256613756613757,0.3140542328042327,1,-0.21976223537819217,-0.2094544916969799,0,1
D19_fast_ma,19,ma5_20_dip10,27,SOXX,4,84,2026-03-20,2026-07-21,30,0.6629647609934404,0.110788022019863,0.1794763756314274,0.0686883536115644,-0.046397905053232456,-0.095178624424089,0.09007936507936508,0.26289682539682535,1,-0.5521767389735773,-0.483488385362013,1,1
D19_fast_ma,19,ma5_20_dip10,28,SOXX,10,210,2023-09-12,2024-07-12,30,0.6054241699570708,0.10998584658821402,0.18453404594704062,0.0745481993588266,-0.14153802214755318,-0.12495420297507583,0.24634920634920635,0.37007936507936506,1,-0.4954383233688568,-0.42089012401003023,1,1
D19_fast_ma,19,ma5_20_dip10,29,QQQ,10,210,2023-11-02,2024-09-04,29,0.2742635518580856,0.010909879547080191,0.03460238249301959,0.0236925029459394,-0.13819927019831832,-0.14236039851748683,0.2845648604269294,0.3595238095238095,1,-0.2633536723110054,-0.239661169365066,1,1
D19_fast_ma,19,ma5_20_dip10,30,SOXX,11,231,2025-02-26,2026-01-27,30,0.6222676159829015,0.10673000529753547,0.16226174364731827,0.0555317383497828,-0.16850213712203502,-0.1680989037346645,0.23636363636363633,0.32965367965367964,1,-0.515537610685366,-0.4600058723355832,1,1
D19_fast_ma,19,ma5_20_dip10,31,SOXX,4,84,2024-11-26,2025-03-31,30,-0.12412360871542705,-0.023441925917837662,-0.02890591843912222,-0.005463992521284558,-0.10892448023944938,-0.12682229196506578,0.17817460317460318,0.3010912698412698,0,0.10068168279758938,0.09521769027630483,0,0
D19_fast_ma,19,ma5_20_dip10,32,SOXX,3,63,2024-07-29,2024-10-24,29,-0.004528432055198928,-0.017570909081739815,-0.02945014481277514,-0.011879235731035324,-0.04278328709478802,-0.06765623360147902,0.07224958949096881,0.15982484948002187,0,-0.013042477026540888,-0.024921712757576212,0,0
D19_fast_ma,19,ma5_20_dip10,33,SOXX,7,147,2025-09-16,2026-04-16,29,0.5731894193346554,0.16359404272658337,0.26083054997373323,0.09723650724714986,-0.14291336093230764,-0.14671404525173648,0.25310813980764724,0.3814215341308938,1,-0.409595376608072,-0.31235886936092216,1,1
D19_fast_ma,19,ma5_20_dip10,34,QQQ,4,84,2024-05-31,2024-09-30,30,0.08613665447903895,-0.017206651597206326,-0.006976553639963642,0.010230097957242685,-0.08855651248822646,-0.09582605704981113,0.27420634920634923,0.3662698412698413,1,-0.10334330607624528,-0.0931132081190026,0,0
D19_fast_ma,19,ma5_20_dip10,35,QQQ,9,189,2025-02-11,2025-11-10,30,0.1848421423831519,0.059201679505892515,0.04885896063479641,-0.010342718871096106,-0.13372752866660287,-0.14746134355248258,0.2278659611992945,0.3180335097001763,0,-0.12564046287725938,-0.13598318174835547,1,1
D19_fast_ma,19,ma5_20_dip10,36,QQQ,3,63,2025-01-14,2025-04-14,30,-0.0928917402537448,-0.011563633665992109,-0.017344062705740886,-0.005780429039748777,-0.08595036738396325,-0.11025162674896581,0.228042328042328,0.3220899470899471,0,0.08132810658775269,0.07554767754800391,0,0
D19_fast_ma,19,ma5_20_dip10,37,SOXX,10,210,2024-08-26,2025-06-27,30,0.05767020978785542,-0.0010955855950147623,-0.017213916146590437,-0.016118330551575674,-0.14525879946048892,-0.16837155703217493,0.1492063492063492,0.23988095238095233,0,-0.05876579538287018,-0.07488412593444585,0,0
D19_fast_ma,19,ma5_20_dip10,38,SOXX,12,252,2024-07-02,2025-07-03,30,-0.019691750048819512,-0.051318728558293406,-0.07575826484931585,-0.02443953629102244,-0.20470942245819346,-0.24446893849126503,0.16706349206349205,0.2581679894179894,0,-0.031626978509473894,-0.056066514800496334,0,0
D19_fast_ma,19,ma5_20_dip10,39,QQQ,5,105,2024-09-23,2025-02-24,30,0.07798173822976961,0.05104451984502668,0.05468597322820982,0.003641453383183141,-0.08367595219813981,-0.09408188335857655,0.3082539682539683,0.39380952380952383,1,-0.026937218384742938,-0.023295765001559797,1,1
D19_fast_ma,19,ma5_20_dip10,40,QQQ,12,252,2025-05-13,2026-05-13,30,0.3929080380641541,0.09688158966475605,0.11743801052942529,0.020556420864669245,-0.1584004881678003,-0.17403797398360007,0.241005291005291,0.33111772486772495,1,-0.29602644839939807,-0.2754700275347288,1,1
D19_fast_ma,19,ma5_20_dip10,41,SOXX,5,105,2024-12-18,2025-05-21,29,-0.03550491258274213,-0.02265740530440605,-0.05089979962107155,-0.0282423943166655,-0.11106030746637484,-0.14536429795824615,0.14154351395730705,0.22471264367816096,0,0.012847507278336081,-0.015394887038329419,0,0
D19_fast_ma,19,ma5_20_dip10,42,QQQ,1,21,2026-06-01,2026-06-30,30,-0.007446386853765863,-0.0051973971245189285,-0.0014367959796137476,0.003760601144905181,-0.01389054560660294,-0.028252847227599676,0.09841269841269841,0.2150793650793651,1,0.0022489897292469344,0.006009590874152116,0,0
D19_fast_ma,19,ma5_20_dip10,43,SOXX,5,105,2025-04-30,2025-09-29,30,0.46913595929254015,0.05811805075330421,0.09475384281118622,0.03663579205788201,-0.1052048325838141,-0.10659508923402192,0.2885714285714285,0.3700793650793651,1,-0.4110179085392359,-0.37438211648135394,1,1
D19_fast_ma,19,ma5_20_dip10,44,SOXX,5,105,2024-07-24,2024-12-19,29,-0.07336127646416635,-0.02417690541342481,-0.0328765835372137,-0.008699678123788888,-0.11371428439794538,-0.13060156293592515,0.17077175697865352,0.2616584564860427,0,0.04918437105074154,0.04048469292695265,0,0
D19_fast_ma,19,ma5_20_dip10,45,SOXX,12,252,2024-03-06,2025-03-07,30,-0.10757483963704584,-0.06318662808173431,-0.055718319142163415,0.007468308939570893,-0.2193280916492735,-0.2344376928369651,0.20423280423280424,0.3146494708994709,1,0.04438821155531153,0.05185652049488242,0,0
D19_fast_ma,19,ma5_20_dip10,46,SOXX,11,231,2024-02-13,2025-01-14,30,0.07418656590600592,0.036092973544215465,0.051576184778824176,0.015483211234608711,-0.18009102263868523,-0.19979822319252843,0.21053391053391055,0.31890331890331886,1,-0.038093592361790454,-0.022610381127181743,1,1
D19_fast_ma,19,ma5_20_dip10,47,QQQ,12,252,2025-06-12,2026-06-12,30,0.3582275230463974,0.0942734384873643,0.1372933385894548,0.0430199001020905,-0.14552686322217365,-0.16055437384440552,0.21335978835978833,0.31574074074074077,1,-0.2639540845590331,-0.22093418445694257,1,1
D19_fast_ma,19,ma5_20_dip10,48,QQQ,1,21,2025-07-02,2025-07-31,30,0.02579898212369769,0.006484659638502237,0.0069835317569152695,0.0004988721184130329,-0.027839742201380257,-0.03305340574406674,0.2857142857142857,0.3773809523809524,1,-0.01931432248519545,-0.01881545036678242,1,1
D19_fast_ma,19,ma5_20_dip10,49,QQQ,6,126,2024-03-22,2024-09-20,30,0.08250098618182977,-0.0011920201867092269,0.008353516568782674,0.0095455367554919,-0.09872910223333299,-0.10856691471739296,0.21534391534391534,0.31415343915343913,1,-0.083693006368539,-0.07414746961304709,0,1
D19_fast_ma,19,ma5_20_dip10,50,QQQ,11,231,2025-04-16,2026-03-18,30,0.3441101199491847,0.01943180085367818,0.032272367663701985,0.012840566810023806,-0.11586382089000553,-0.13126430665235186,0.19725829725829724,0.2943722943722944,1,-0.32467831909550654,-0.3118377522854827,1,1
D19_fast_ma,19,ma5_20_dip10,51,SOXX,12,252,2025-05-09,2026-05-11,30,1.7645874371661052,0.30282842843587365,0.4588666307730701,0.15603820233719645,-0.1625735772629578,-0.16972427895653705,0.2579365079365079,0.3641865079365079,1,-1.4617590087302315,-1.305720806393035,1,1
D19_fast_ma,19,ma5_20_dip10,52,QQQ,6,126,2024-07-26,2025-01-27,30,0.11403101000835725,0.04245776436765237,0.06061421329605147,0.0181564489283991,-0.11015653598548841,-0.1149824237632843,0.2579365079365079,0.36104497354497345,1,-0.07157324564070489,-0.05341679671230578,1,1
D19_fast_ma,19,ma5_20_dip10,53,SOXX,9,189,2025-02-25,2025-11-21,30,0.27137739698000374,0.04740593713990456,0.04158799819062319,-0.0058179389492813705,-0.12847574882618276,-0.14752000903235843,0.20934744268077604,0.29836860670194004,0,-0.22397145984009917,-0.22978939878938054,1,1
D19_fast_ma,19,ma5_20_dip10,54,QQQ,10,210,2025-06-10,2026-04-10,30,0.14941279936704488,-0.013783687019154285,-0.018052477760195137,-0.004268790741040852,-0.11455240744457701,-0.13344525440839516,0.19999999999999998,0.2936111111111111,0,-0.16319648638619916,-0.16746527712724002,0,0
D19_fast_ma,19,ma5_20_dip10,55,QQQ,9,189,2024-03-12,2024-12-09,30,0.18252348107739125,0.005038223110798942,0.02233753781157949,0.017299314700780548,-0.11476773160778977,-0.11636093565018202,0.24126984126984127,0.32716049382716045,1,-0.1774852579665923,-0.16018594326581176,1,1
D19_fast_ma,19,ma5_20_dip10,56,SOXX,1,21,2026-03-06,2026-04-06,30,0.06430085839175526,0.006293468831924924,0.01582074127539609,0.009527272443471166,-0.015961434705557973,-0.04178327703341124,0.06666666666666667,0.24325396825396825,1,-0.058007389559830334,-0.04848011711635916,1,1
D19_fast_ma,19,ma5_20_dip10,57,QQQ,11,231,2024-12-30,2025-12-01,30,0.2014930365864087,0.10644290958630315,0.1156424361711098,0.009199526584806647,-0.13713145742862012,-0.14862512443199172,0.23434343434343435,0.32590187590187586,1,-0.09505012700010557,-0.08585060041529892,1,1
D19_fast_ma,19,ma5_20_dip10,58,QQQ,4,84,2025-05-06,2025-09-04,30,0.19622773691571815,0.025608149234651014,0.033028162842639076,0.007420013607988062,-0.05896608709918126,-0.06586014816256375,0.21785714285714286,0.32212301587301584,1,-0.17061958768106714,-0.16319957407307908,1,1
D19_fast_ma,19,ma5_20_dip10,59,SOXX,4,84,2026-02-25,2026-06-25,30,0.7007669266812115,0.11671112983082467,0.21727981281970551,0.10056868298888084,-0.06421665944182178,-0.09163505009205143,0.13293650793650794,0.2889880952380952,1,-0.5840557968503869,-0.483487113861506,1,1
D19_fast_ma,19,ma5_20_dip10,60,SOXX,1,21,2024-12-26,2025-01-28,29,-0.04487098139039003,-0.03516292814669512,-0.034646841405745255,0.0005160867409498629,-0.06351114328637127,-0.0784755444399308,0.2183908045977011,0.36494252873563215,1,0.009708053243694913,0.010224139984644776,0,0
D19_fast_ma,19,ma5_20_dip10,61,SOXX,3,63,2024-01-26,2024-04-25,29,0.06710111015930864,0.023391146758364845,0.018670310779904796,-0.004720835978460049,-0.03269091139093173,-0.06377346912695275,0.13136288998357964,0.28379857690202515,0,-0.043709963400943797,-0.048430799379403845,1,1
D19_fast_ma,19,ma5_20_dip10,62,SOXX,3,63,2025-06-20,2025-09-18,29,0.19111850646885342,0.06557390609735658,0.08549628985148426,0.01992238375412768,-0.08265555314411735,-0.09147530164725247,0.34975369458128075,0.4430760810071155,1,-0.12554460037149684,-0.10562221661736916,1,1
D19_fast_ma,19,ma5_20_dip10,63,QQQ,3,63,2025-10-01,2025-12-30,30,0.0281443024583361,-0.013415104745677538,-0.010940344047175081,0.0024747606985024567,-0.05019307490606071,-0.058448190133873666,0.19682539682539685,0.27592592592592596,1,-0.04155940720401364,-0.03908464650551118,0,0
D19_fast_ma,19,ma5_20_dip10,64,QQQ,2,42,2024-06-12,2024-08-12,30,-0.046509750935051275,-0.012925029967944783,-0.016017172561207254,-0.0030921425932624712,-0.05318387065451522,-0.0680897290122247,0.2492063492063492,0.35416666666666674,0,0.03358472096710649,0.03049257837384402,0,0
D19_fast_ma,19,ma5_20_dip10,65,SOXX,7,147,2024-03-27,2024-10-24,29,0.010917916153216245,0.01058590422800628,0.017600497738762856,0.0070145935107565754,-0.14780484909246722,-0.16403407838212136,0.22144030025803424,0.32963875205254517,1,-0.0003320119252099643,0.006682581585546611,1,1
D19_fast_ma,19,ma5_20_dip10,66,QQQ,7,147,2024-06-18,2025-01-17,30,0.0802486743430566,-0.011982263636032775,0.00821701716788471,0.020199280803917485,-0.11089510537183586,-0.11424414805453362,0.24988662131519274,0.3393424036281179,1,-0.09223093797908938,-0.07203165717517189,0,1
D19_fast_ma,19,ma5_20_dip10,67,SOXX,6,126,2025-02-27,2025-08-27,30,0.2288069130259598,0.06032912601051436,0.056807780486722956,-0.0035213455237914013,-0.09386030777464152,-0.11558356590830582,0.23227513227513227,0.2988756613756614,0,-0.16847778701544544,-0.17199913253923682,1,1
D19_fast_ma,19,ma5_20_dip10,68,SOXX,2,42,2026-01-27,2026-03-26,30,-0.06274182234420844,-0.000531895962199395,-0.006919347754885134,-0.006387451792685739,-0.05049214423471833,-0.07697559878253071,0.14920634920634923,0.2908730158730159,0,0.06220992638200905,0.05582247458932331,0,0
D19_fast_ma,19,ma5_20_dip10,69,SOXX,8,168,2025-08-27,2026-04-28,30,0.752796897064234,0.14096350646173889,0.23751502144841227,0.09655151498667339,-0.14213919302568526,-0.1523019125552367,0.2523809523809523,0.37430555555555556,1,-0.6118333906024951,-0.5152818756158217,1,1
D19_fast_ma,19,ma5_20_dip10,70,SOXX,5,105,2024-09-20,2025-02-21,29,0.005406814450626518,-0.009496826852419586,-0.0020742297000971204,0.007422597152322466,-0.09641409389230801,-0.11117867943154097,0.16748768472906403,0.28062397372742204,1,-0.014903641303046104,-0.0074810441507236385,0,0
D19_fast_ma,19,ma5_20_dip10,71,SOXX,4,84,2025-09-17,2026-01-15,29,0.30628589985012833,0.056394581532594065,0.10052232829324804,0.04412774676065398,-0.11435160147564018,-0.1251657385676702,0.28407224958949095,0.39306239737274223,1,-0.24989131831753425,-0.2057635715568803,1,1
D19_fast_ma,19,ma5_20_dip10,72,QQQ,4,84,2025-06-23,2025-10-20,30,0.1516013225816759,0.03704143606787656,0.04638030208312834,0.00933886601525178,-0.0712804062406019,-0.0800045762370069,0.2369047619047619,0.3375,1,-0.11455988651379935,-0.10522102049854756,1,1
D19_fast_ma,19,ma5_20_dip10,73,SOXX,10,210,2023-11-28,2024-09-27,30,0.3732977081618618,0.09483716487908042,0.10387551339697383,0.00903834851789341,-0.15672885219401805,-0.16916514766201363,0.22079365079365082,0.32325396825396824,1,-0.27846054328278136,-0.269422194764888,1,1
D19_fast_ma,19,ma5_20_dip10,74,QQQ,9,189,2025-04-09,2026-01-08,30,0.33624069066151074,0.10117142658390955,0.1276580106540879,0.026486584070178357,-0.12045097492642393,-0.12532137600634946,0.26895943562610225,0.3555555555555555,1,-0.2350692640776012,-0.20858268000742283,1,1
D19_fast_ma,19,ma5_20_dip10,75,QQQ,12,252,2024-12-19,2025-12-22,30,0.21234993913837386,0.09622634771073045,0.10163680808002429,0.0054104603692938374,-0.14161839280462984,-0.16391446980592758,0.2091269841269841,0.29847883597883595,1,-0.1161235914276434,-0.11071313105834957,1,1
D19_fast_ma,19,ma5_20_dip10,76,SOXX,5,105,2024-05-10,2024-10-09,29,0.07166292185798206,0.03832229425737878,0.034534054635087276,-0.003788239622291502,-0.10208317076673575,-0.1280160693332954,0.20853858784893264,0.30878489326765185,0,-0.03334062760060329,-0.03712886722289479,1,1
D19_fast_ma,19,ma5_20_dip10,77,SOXX,8,168,2025-08-01,2026-04-01,30,0.4329721592393472,0.06497405553709404,0.13335299965838393,0.06837894412128989,-0.15322211323851728,-0.15015347289087358,0.23551587301587298,0.36780753968253965,1,-0.36799810370225317,-0.29961915958096325,1,1
D19_fast_ma,19,ma5_20_dip10,78,QQQ,7,147,2025-11-12,2026-06-15,30,0.20096913413608264,0.002141421715124562,0.02892192286691834,0.026780501151793777,-0.10651971924701442,-0.12290641571410868,0.1875283446712018,0.2873015873015873,1,-0.19882771242095806,-0.1720472112691643,1,1
D19_fast_ma,19,ma5_20_dip10,79,SOXX,9,189,2023-12-14,2024-09-16,30,0.16790498618580796,0.02753217873303395,0.03265782021373671,0.0051256414807027625,-0.15614148719863968,-0.16843980427025265,0.2372134038800706,0.34805996472663137,1,-0.140372807452774,-0.13524716597207126,1,1
D19_fast_ma,19,ma5_20_dip10,80,QQQ,6,126,2024-01-19,2024-07-19,30,0.13164162035706783,0.009958683645921958,0.025648717864935822,0.015690034219013865,-0.09119066373023524,-0.09708225394917944,0.2256613756613756,0.32566137566137565,1,-0.12168293671114588,-0.10599290249213202,1,1
D19_fast_ma,19,ma5_20_dip10,81,QQQ,1,21,2024-11-13,2024-12-12,30,0.027818437813410313,0.021011300579881632,0.024678379358438963,0.0036670787785573304,-0.023224235422854022,-0.029939980407253992,0.27619047619047615,0.3714285714285714,1,-0.00680713723352868,-0.00314005845497135,1,1
D19_fast_ma,19,ma5_20_dip10,82,SOXX,10,210,2024-06-21,2025-04-23,30,-0.303438756357962,-0.10304098902184702,-0.14427518589574065,-0.041234196873893625,-0.19535823396779461,-0.23955179866794374,0.15984126984126984,0.25496031746031744,0,0.200397767336115,0.15916357046222138,0,0
D19_fast_ma,19,ma5_20_dip10,83,QQQ,11,231,2024-05-24,2025-04-28,30,0.03788093693594541,-0.002455151797391834,0.010343423944694603,0.012798575742086437,-0.16040583992763296,-0.1775235788033937,0.24040404040404037,0.3356060606060606,1,-0.040336088733337244,-0.027537512991250804,0,1
D19_fast_ma,19,ma5_20_dip10,84,SOXX,4,84,2025-03-26,2025-07-25,29,0.21967623083558907,0.06898177921345197,0.05499905990682256,-0.013982719306629414,-0.07584727614656692,-0.08896498978120425,0.24425287356321834,0.2878694581280788,0,-0.1506944516221371,-0.16467717092876652,1,1
D19_fast_ma,19,ma5_20_dip10,85,SOXX,3,63,2024-01-12,2024-04-12,29,0.17490145812316005,0.030720870958032064,0.048974622719892696,0.018253751761860632,-0.04894796973249845,-0.06492212530248496,0.16803503010399565,0.32484948002189384,1,-0.144180587165128,-0.12592683540326735,1,1
D19_fast_ma,19,ma5_20_dip10,86,QQQ,4,84,2025-08-13,2025-12-10,30,0.08270595883887877,0.014750491619025582,0.0160902414704298,0.0013397498514042191,-0.06074122826962712,-0.07778176235362165,0.19166666666666668,0.30882936507936504,1,-0.06795546721985318,-0.06661571736844897,1,1
D19_fast_ma,19,ma5_20_dip10,87,QQQ,9,189,2025-08-12,2026-05-12,30,0.22380163982039725,0.006136291451272594,0.03383434729439341,0.02769805584312082,-0.11213861129178734,-0.13251965127517512,0.17583774250440917,0.2776014109347443,1,-0.21766534836912466,-0.18996729252600383,1,1
D19_fast_ma,19,ma5_20_dip10,88,QQQ,3,63,2023-09-06,2023-12-04,30,0.03239382703262561,-0.03321333188291754,-0.02599945918152018,0.0072138727013973634,-0.06913222971735525,-0.07577137257418985,0.23862433862433857,0.3394179894179894,1,-0.06560715891554315,-0.05839328621414579,0,0
D19_fast_ma,19,ma5_20_dip10,89,QQQ,6,126,2024-03-08,2024-09-06,30,0.025004402915363988,-0.014872228097554214,-0.013432164526732467,0.0014400635708217476,-0.10352514645287661,-0.1141577383249291,0.21349206349206348,0.3043650793650794,1,-0.039876631012918204,-0.038436567442096455,0,0
D19_fast_ma,19,ma5_20_dip10,90,SOXX,4,84,2024-02-09,2024-06-10,29,0.16166404920459776,0.049524183021544876,0.07103332896117284,0.021509145939627966,-0.07456966191757781,-0.08328308861167302,0.24178981937602628,0.36042692939244664,1,-0.11213986618305288,-0.09063072024342492,1,1
D19_fast_ma,19,ma5_20_dip10,91,QQQ,6,126,2024-12-26,2025-06-30,30,0.04434109236366246,-0.004441934303209561,0.001146054558884805,0.005587988862094366,-0.11808645283129424,-0.13411409070318756,0.21931216931216932,0.3021825396825396,1,-0.04878302666687202,-0.04319503780477765,0,1
D19_fast_ma,19,ma5_20_dip10,92,QQQ,2,42,2024-07-11,2024-09-09,30,-0.07616930887243911,-0.03585887574774487,-0.03655650296349196,-0.0006976272157470861,-0.05296582795968681,-0.07128968261634645,0.16825396825396824,0.29623015873015873,0,0.04031043312469424,0.039612805908947155,0,0
D19_fast_ma,19,ma5_20_dip10,93,QQQ,8,168,2025-09-04,2026-05-05,30,0.18933459993954838,0.075784571676474,0.09647903389064513,0.020694462214171136,-0.12219792056424651,-0.13173231315551437,0.20912698412698416,0.3020833333333333,1,-0.11355002826307438,-0.09285556604890324,1,1
D19_fast_ma,19,ma5_20_dip10,94,QQQ,11,231,2023-08-28,2024-07-29,29,0.27358869545907205,0.00677138572102699,0.04806668883785012,0.041295303116823126,-0.14280017909549325,-0.13437533900706156,0.2624272279444693,0.348559486490521,1,-0.26681730973804507,-0.22552200662122193,1,1
D19_fast_ma,19,ma5_20_dip10,95,SOXX,2,42,2024-10-18,2024-12-17,29,-0.022397322959222588,-0.003140275802993766,-0.007336270589448887,-0.004195994786455121,-0.05754675509745008,-0.07432729681438782,0.20114942528735635,0.30808702791461406,0,0.01925704715622882,0.0150610523697737,0,0
D19_fast_ma,19,ma5_20_dip10,96,QQQ,9,189,2024-06-04,2025-03-06,30,0.0794127343756903,0.06794599749544038,0.07521598303448693,0.00726998553904655,-0.13241864942386725,-0.1373825738649745,0.24320987654320986,0.35066137566137573,1,-0.01146673688024992,-0.00419675134120337,1,1
D19_fast_ma,19,ma5_20_dip10,97,SOXX,5,105,2025-12-31,2026-06-02,30,1.0102699251297969,0.14333729331318326,0.2825904759916382,0.13925318267845496,-0.08349778608345844,-0.10546634627513495,0.1949206349206349,0.3326984126984126,1,-0.8669326318166136,-0.7276794491381586,1,1
D19_fast_ma,19,ma5_20_dip10,98,QQQ,4,84,2025-02-28,2025-06-30,30,0.08838198760432037,0.035543712468835,0.03747920959297853,0.00193549712414353,-0.058000298798526445,-0.07141839252190206,0.1634920634920635,0.2468253968253968,1,-0.05283827513548537,-0.05090277801134184,1,1
D19_fast_ma,19,ma5_20_dip10,99,SOXX,2,42,2026-05-13,2026-07-14,30,0.07552608567751218,0.005158475215172782,-0.0005837262864959596,-0.005742201501668742,-0.012311368401114879,-0.07173928666529514,0.034126984126984124,0.2130952380952381,0,-0.0703676104623394,-0.07610981196400814,1,0
D20_conserv,20,dip12_w20_stop08,0,SOXX,4,84,2025-01-15,2025-05-15,29,-0.04268264905560459,-0.025716990511332718,-0.04137032684296445,-0.01565333633163173,-0.09008269398142583,-0.11320855917871597,0.10139573070607558,0.15591133004926108,0,0.016965658544271876,0.0013123222126401463,0,0
D20_conserv,20,dip12_w20_stop08,1,SOXX,4,84,2025-11-26,2026-03-30,29,0.06535932477276907,0.13060434817914052,0.14918221391724573,0.018577865738105215,-0.09666914509833963,-0.1065025405056777,0.3259441707717569,0.4073891625615764,1,0.06524502340637145,0.08382288914447666,1,1
D20_conserv,20,dip12_w20_stop08,2,SOXX,12,252,2024-06-12,2025-06-13,30,-0.11229341109132818,-0.08609364403663103,-0.09781182898647985,-0.011718184949848817,-0.23588366404305075,-0.25084439174362416,0.21468253968253967,0.2752645502645503,0,0.02619976705469715,0.014481582104848331,0,0
D20_conserv,20,dip12_w20_stop08,3,QQQ,1,21,2026-01-13,2026-02-11,30,-0.02096638715391519,-0.014627542256874316,-0.020265375735730996,-0.00563783347885668,-0.05458277455918684,-0.061215197063546105,0.4031746031746032,0.4307936507936508,0,0.006338844897040874,0.0007010114181841935,0,0
D20_conserv,20,dip12_w20_stop08,4,QQQ,8,168,2025-02-28,2025-10-28,30,0.2501946013536971,0.07269972065454076,0.0941572059871734,0.021457485332632642,-0.13812305774620287,-0.14281614791576283,0.2779761904761905,0.33714285714285713,1,-0.1774948806991563,-0.15603739536652367,1,1
D20_conserv,20,dip12_w20_stop08,5,SOXX,3,63,2025-03-10,2025-06-06,29,0.11931811258500846,0.023024491089483737,0.014892432522300157,-0.00813205856718358,-0.027145179397823276,-0.04212119374820933,0.08866995073891625,0.12818828680897643,0,-0.09629362149552473,-0.1044256800627083,1,1
D20_conserv,20,dip12_w20_stop08,6,SOXX,12,252,2024-10-18,2025-10-21,30,0.27929057935732526,0.08040498987955062,0.09539956565685573,0.014994575777305105,-0.18728003050003003,-0.1913446421281898,0.2891534391534391,0.34325396825396826,1,-0.19888558947777463,-0.18389101370046954,1,1
D20_conserv,20,dip12_w20_stop08,7,SOXX,5,105,2024-08-02,2024-12-31,30,0.04615473659290337,-0.007383155687375146,-0.008138944704558526,-0.0007557890171833804,-0.09986809917066228,-0.1107954690496628,0.15714285714285714,0.21384126984126983,0,-0.05353789228027851,-0.05429368129746189,0,0
D20_conserv,20,dip12_w20_stop08,8,SOXX,11,231,2024-01-29,2024-12-26,30,0.11728595595420654,-0.014050142007062175,-0.0017188890967154257,0.01233125291034675,-0.22765483794891364,-0.2350554479558287,0.2554112554112554,0.3248196248196249,1,-0.13133609796126872,-0.11900484505092197,0,0
D20_conserv,20,dip12_w20_stop08,9,QQQ,7,147,2025-12-22,2026-07-24,30,0.10761391047221691,0.011967165923700219,0.04411823292924521,0.03215106700554499,-0.11138535137425892,-0.12190877429339576,0.2068027210884354,0.2677551020408163,1,-0.0956467445485167,-0.0634956775429717,1,1
D20_conserv,20,dip12_w20_stop08,10,SOXX,11,231,2025-04-30,2026-03-31,30,0.7991728873661996,0.24120132927579618,0.3036397216371852,0.06243839236138904,-0.18151182396438895,-0.18255210767898353,0.32958152958152964,0.39717171717171723,1,-0.5579715580904034,-0.4955331657290144,1,1
D20_conserv,20,dip12_w20_stop08,11,SOXX,7,147,2023-12-07,2024-07-10,30,0.5448438251272811,0.15643696946934116,0.1868180684314621,0.030381098962120934,-0.13145231080705216,-0.1319685563721774,0.34852607709750566,0.415374149659864,1,-0.38840685565794,-0.35802575669581904,1,1
D20_conserv,20,dip12_w20_stop08,12,QQQ,11,231,2024-03-27,2025-02-27,30,0.12982124242441295,0.006866921906544258,0.014572674746822448,0.0077057528402781905,-0.13945240282328086,-0.14031056310290246,0.29913419913419914,0.34528138528138536,1,-0.1229543205178687,-0.11524856767759051,1,1
D20_conserv,20,dip12_w20_stop08,13,QQQ,10,210,2024-09-30,2025-08-01,30,0.1396406940506143,0.13642248264481188,0.157154601560959,0.020732118916147124,-0.13907255241929703,-0.14442092025199965,0.29253968253968254,0.35492063492063497,1,-0.003218211405802418,0.017513907510344706,1,1
D20_conserv,20,dip12_w20_stop08,14,QQQ,9,189,2025-02-11,2025-11-10,30,0.1848421423831519,0.04006495843578965,0.048328496764401326,0.008263538328611673,-0.14697553389521303,-0.14925240913338442,0.3174603174603175,0.3789065255731923,1,-0.14477718394736222,-0.13651364561875057,1,1
D20_conserv,20,dip12_w20_stop08,15,SOXX,2,42,2023-11-10,2024-01-11,29,0.1337866151876319,0.0774943989489612,0.08104939151495412,0.003554992565992926,-0.05469737112963862,-0.05929392995268674,0.4778325123152709,0.5178981937602627,1,-0.056292216238670714,-0.05273722367267779,1,1
D20_conserv,20,dip12_w20_stop08,16,QQQ,8,168,2025-04-17,2025-12-16,30,0.38065075650801794,0.05822628509197105,0.06228369051163583,0.004057405419664775,-0.09045853742073709,-0.1016772422820061,0.22182539682539681,0.2993253968253969,1,-0.3224244714160469,-0.3183670659963821,1,1
D20_conserv,20,dip12_w20_stop08,17,QQQ,3,63,2023-10-12,2024-01-11,29,0.10935443004554912,0.009703347775665807,0.015377426674719238,0.0056740788990534315,-0.07684055243996374,-0.07794656830286052,0.3787629994526547,0.4341543513957307,1,-0.09965108226988331,-0.09397700337082988,1,1
D20_conserv,20,dip12_w20_stop08,18,SOXX,7,147,2025-06-02,2025-12-30,29,0.4742072430583639,0.08455874395636237,0.12717256895419524,0.042613824997832866,-0.17907138410292056,-0.17676412488469462,0.4133239502697632,0.4752990851513019,1,-0.38964849910200156,-0.34703467410416866,1,1
D20_conserv,20,dip12_w20_stop08,19,QQQ,2,42,2026-01-20,2026-03-19,30,-0.024734412068352585,-0.003904880697059835,-0.009705684550243657,-0.005800803853183822,-0.04664148075686558,-0.05692212276904026,0.2563492063492063,0.29841269841269835,0,0.02082953137129275,0.015028727518108928,0,0
D20_conserv,20,dip12_w20_stop08,20,QQQ,2,42,2025-12-30,2026-03-02,30,-0.01830706738570409,0.020542259241984707,0.026139692000671143,0.005597432758686436,-0.05202848290647793,-0.059414803967029785,0.3150793650793651,0.37460317460317466,1,0.03884932662768879,0.04444675938637523,1,1
D20_conserv,20,dip12_w20_stop08,21,QQQ,8,168,2024-02-14,2024-10-14,30,0.15334197720866793,0.01763376201115824,0.03482187918562605,0.01718811717446781,-0.1322396468346643,-0.13070347307825056,0.32797619047619037,0.39746031746031757,1,-0.1357082151975097,-0.11852009802304189,1,1
D20_conserv,20,dip12_w20_stop08,22,QQQ,4,84,2025-10-15,2026-02-13,30,0.000789757805571778,0.041634413714619276,0.049045139150974644,0.0074107254363553685,-0.08767623706279756,-0.09113232487058338,0.3873015873015873,0.44595238095238093,1,0.0408446559090475,0.048255381345402866,1,1
D20_conserv,20,dip12_w20_stop08,23,QQQ,3,63,2026-01-08,2026-04-09,30,-0.0153279984002892,-0.00015153970303823558,0.010240077654968368,0.010391617358006604,-0.07822959166317958,-0.087696065741445,0.2523809523809524,0.31693121693121695,1,0.015176458697250964,0.025568076055257568,0,1
D20_conserv,20,dip12_w20_stop08,24,SOXX,5,105,2026-02-10,2026-07-13,30,0.5770256813269112,0.13659686114321096,0.17713923857713584,0.04054237743392489,-0.06750382261710434,-0.09193817445413315,0.12349206349206351,0.2406349206349207,1,-0.4404288201837003,-0.39988644274977536,1,1
D20_conserv,20,dip12_w20_stop08,25,QQQ,5,105,2026-01-14,2026-06-15,30,0.20238584863226716,0.04480905436171883,0.05305742711477638,0.00824837275305755,-0.0814089650586057,-0.09422873554783905,0.1892063492063492,0.241968253968254,1,-0.15757679427054833,-0.1493284215174908,1,1
D20_conserv,20,dip12_w20_stop08,26,QQQ,12,252,2025-01-16,2026-01-16,30,0.21698527291142944,0.0058803715805283464,0.015844211710648568,0.009963840130120222,-0.15853139701677746,-0.16485204458145872,0.27777777777777773,0.3451851851851852,1,-0.2111049013309011,-0.20114106120078087,1,1
D20_conserv,20,dip12_w20_stop08,27,SOXX,4,84,2026-03-20,2026-07-21,30,0.6629647609934404,0.09246450214498574,0.14979477555486695,0.05733027340988121,-0.045970691350039505,-0.08168910609946618,0.09761904761904759,0.23349206349206347,1,-0.5705002588484547,-0.5131699854385734,1,1
D20_conserv,20,dip12_w20_stop08,28,SOXX,10,210,2023-09-12,2024-07-12,30,0.6054241699570708,0.16010458794897048,0.20357163829226405,0.04346705034329357,-0.15291596127570126,-0.14228507685994726,0.3422222222222222,0.4112698412698413,1,-0.44531958200810035,-0.4018525316648068,1,1
D20_conserv,20,dip12_w20_stop08,29,QQQ,10,210,2023-11-02,2024-09-04,29,0.2742635518580856,0.07824104849807687,0.09207433004750552,0.013833281549428658,-0.14724112546969834,-0.14530919801768008,0.4203612479474548,0.46338259441707713,1,-0.19602250336000873,-0.18218922181058006,1,1
D20_conserv,20,dip12_w20_stop08,30,SOXX,11,231,2025-02-26,2026-01-27,30,0.6222676159829015,0.1711368514401048,0.20608800853662643,0.034951157096521634,-0.19787028190037134,-0.19616469063238398,0.31746031746031744,0.36972582972582985,1,-0.45113076454279666,-0.416179607446275,1,1
D20_conserv,20,dip12_w20_stop08,31,SOXX,4,84,2024-11-26,2025-03-31,30,-0.12412360871542705,-0.032152561625399236,-0.033939250209539897,-0.001786688584140661,-0.09531311281221044,-0.11145808399532454,0.17658730158730157,0.26261904761904764,0,0.09197104709002782,0.09018435850588716,0,0
D20_conserv,20,dip12_w20_stop08,32,SOXX,3,63,2024-07-29,2024-10-24,29,-0.004528432055198928,-0.01717969917744293,-0.025266147708243744,-0.008086448530800813,-0.05077110926622666,-0.06719273724310806,0.09140667761357416,0.15489874110563767,0,-0.012651267122244004,-0.020737715653044816,0,0
D20_conserv,20,dip12_w20_stop08,33,SOXX,7,147,2025-09-16,2026-04-16,29,0.5731894193346554,0.2428581070521754,0.3081213013934946,0.06526319434131919,-0.1605512081869748,-0.16125664187281757,0.3309875674407695,0.4118226600985222,1,-0.33033131228248,-0.2650681179411608,1,1
D20_conserv,20,dip12_w20_stop08,34,QQQ,4,84,2024-05-31,2024-09-30,30,0.08613665447903895,-0.02094604149667747,-0.00971531629760931,0.011230725199068158,-0.11243876407913302,-0.11294064990200615,0.3619047619047619,0.41857142857142854,1,-0.10708269597571643,-0.09585197077664827,0,0
D20_conserv,20,dip12_w20_stop08,35,QQQ,9,189,2025-02-11,2025-11-10,30,0.1848421423831519,0.0778069487759237,0.07019106192000459,-0.007615886855919116,-0.15279406301724527,-0.1581557409189691,0.3052910052910052,0.36215167548500893,0,-0.10703519360722819,-0.1146510804631473,1,1
D20_conserv,20,dip12_w20_stop08,36,QQQ,3,63,2025-01-14,2025-04-14,30,-0.0928917402537448,-0.014715106421000608,-0.014557151503436283,0.00015795491756432495,-0.0943586033322837,-0.10642442592121905,0.2613756613756614,0.31999999999999995,1,0.0781766338327442,0.07833458875030852,0,0
D20_conserv,20,dip12_w20_stop08,37,SOXX,10,210,2024-08-26,2025-06-27,30,0.05767020978785542,0.046170386833983716,0.03499092257767291,-0.011179464256310806,-0.14069969891344225,-0.15156244842340877,0.18349206349206346,0.24079365079365084,0,-0.011499822953871704,-0.02267928721018251,1,1
D20_conserv,20,dip12_w20_stop08,38,SOXX,12,252,2024-07-02,2025-07-03,30,-0.019691750048819512,-0.042699691533501484,-0.06241975272203358,-0.019720061188532097,-0.22362703060876782,-0.24209266896168413,0.1978835978835979,0.250952380952381,0,-0.023007941484681972,-0.04272800267321407,0,0
D20_conserv,20,dip12_w20_stop08,39,QQQ,5,105,2024-09-23,2025-02-24,30,0.07798173822976961,0.06547072313479577,0.06943659566152717,0.003965872526731404,-0.09793759599584707,-0.10551609643253643,0.40888888888888886,0.46133333333333326,1,-0.012511015094973849,-0.008545142568242445,1,1
D20_conserv,20,dip12_w20_stop08,40,QQQ,12,252,2025-05-13,2026-05-13,30,0.3929080380641541,0.10209609867488217,0.12736211066580339,0.02526601199092121,-0.18245185130402916,-0.1918539042711,0.31388888888888894,0.3753439153439153,1,-0.2908119393892719,-0.2655459273983507,1,1
D20_conserv,20,dip12_w20_stop08,41,SOXX,5,105,2024-12-18,2025-05-21,29,-0.03550491258274213,-0.03958675821020653,-0.05294685216987967,-0.013360093959673136,-0.12360463930904281,-0.14074038765726235,0.1714285714285714,0.2264696223316913,0,-0.0040818456274644005,-0.017441939587137537,0,0
D20_conserv,20,dip12_w20_stop08,42,QQQ,1,21,2026-06-01,2026-06-30,30,-0.007446386853765863,-0.004137721075456391,0.0007709101560685383,0.004908631231524929,-0.012896127851843646,-0.022147556202003715,0.10793650793650794,0.19555555555555554,1,0.003308665778309472,0.0082172970098344,0,1
D20_conserv,20,dip12_w20_stop08,43,SOXX,5,105,2025-04-30,2025-09-29,30,0.46913595929254015,0.12020837437946033,0.14265991661611252,0.02245154223665219,-0.11467746009539652,-0.11596368074459525,0.391111111111111,0.4393650793650794,1,-0.34892758491307985,-0.3264760426764276,1,1
D20_conserv,20,dip12_w20_stop08,44,SOXX,5,105,2024-07-24,2024-12-19,29,-0.07336127646416635,0.014440215493246455,0.009394645485622353,-0.005045570007624102,-0.10254019487332973,-0.11449827817710201,0.1960591133004926,0.2523481116584565,0,0.0878014919574128,0.0827559219497887,1,1
D20_conserv,20,dip12_w20_stop08,45,SOXX,12,252,2024-03-06,2025-03-07,30,-0.10757483963704584,-0.08439870231549465,-0.08336621081396442,0.0010324915015302305,-0.23166021795046768,-0.23829232644562595,0.24735449735449733,0.3134126984126985,1,0.023176137321551188,0.02420862882308142,0,0
D20_conserv,20,dip12_w20_stop08,46,SOXX,11,231,2024-02-13,2025-01-14,30,0.07418656590600592,0.02756966561592551,0.04139230311674305,0.013822637500817542,-0.20760107677177955,-0.21751158883581603,0.2522366522366522,0.3192496392496392,1,-0.04661690029008041,-0.03279426278926287,1,1
D20_conserv,20,dip12_w20_stop08,47,QQQ,12,252,2025-06-12,2026-06-12,30,0.3582275230463974,0.10374190539348917,0.13706027052396588,0.033318365130476715,-0.1650181027476526,-0.17301981966308141,0.28941798941798946,0.3557407407407408,1,-0.2544856176529082,-0.2211672525224315,1,1
D20_conserv,20,dip12_w20_stop08,48,QQQ,1,21,2025-07-02,2025-07-31,30,0.02579898212369769,0.009147873504681665,0.009807806081100653,0.0006599325764189874,-0.03190240724898848,-0.035523934308227804,0.3682539682539682,0.4311111111111111,1,-0.016651108619016024,-0.015991176042597036,1,1
D20_conserv,20,dip12_w20_stop08,49,QQQ,6,126,2024-03-22,2024-09-20,30,0.08250098618182977,-0.011823329141226387,-0.00035834689739008645,0.0114649822438363,-0.1258061830418667,-0.12256026182889258,0.29550264550264543,0.3597354497354497,1,-0.09432431532305616,-0.08285933307921986,0,0
D20_conserv,20,dip12_w20_stop08,50,QQQ,11,231,2025-04-16,2026-03-18,30,0.3441101199491847,0.036376948153369094,0.050413385916395,0.014036437763025905,-0.12889573510110175,-0.13570987588721345,0.26536796536796536,0.32900432900432897,1,-0.3077331717958156,-0.29369673403278973,1,1
D20_conserv,20,dip12_w20_stop08,51,SOXX,12,252,2025-05-09,2026-05-11,30,1.7645874371661052,0.4097080988831326,0.5150161761379886,0.10530807725485597,-0.19101367705129177,-0.19076362387278242,0.3484126984126984,0.4114814814814815,1,-1.3548793382829727,-1.2495712610281167,1,1
D20_conserv,20,dip12_w20_stop08,52,QQQ,6,126,2024-07-26,2025-01-27,30,0.11403101000835725,0.05681938935261872,0.07206964937386062,0.015250260021241906,-0.12773069541356347,-0.12776989393738925,0.3232804232804233,0.38285714285714284,1,-0.05721162065573853,-0.041961360634496625,1,1
D20_conserv,20,dip12_w20_stop08,53,SOXX,9,189,2025-02-25,2025-11-21,30,0.27137739698000374,0.056180111741826515,0.05767054116414177,0.0014904294223152537,-0.16495208287193883,-0.17198246832082079,0.28395061728395066,0.33358024691358035,1,-0.21519728523817722,-0.21370685581586196,1,1
D20_conserv,20,dip12_w20_stop08,54,QQQ,10,210,2025-06-10,2026-04-10,30,0.14941279936704488,-0.015405285196039335,-0.02180727607762189,-0.006401990881582553,-0.13625480198106962,-0.14688421798500884,0.2634920634920635,0.3175238095238095,0,-0.16481808456308422,-0.17122007544466677,0,0
D20_conserv,20,dip12_w20_stop08,55,QQQ,9,189,2024-03-12,2024-12-09,30,0.18252348107739125,0.055664773216138046,0.06651228987101471,0.010847516654876661,-0.12915008536707423,-0.12631182982547753,0.3707231040564374,0.4163315696649031,1,-0.1268587078612532,-0.11601119120637654,1,1
D20_conserv,20,dip12_w20_stop08,56,SOXX,1,21,2026-03-06,2026-04-06,30,0.06430085839175526,0.002552041162142956,0.014800885765055893,0.012248844602912937,-0.012963321553764555,-0.0309468528027587,0.06984126984126983,0.21111111111111114,1,-0.0617488172296123,-0.04949997262669936,1,1
D20_conserv,20,dip12_w20_stop08,57,QQQ,11,231,2024-12-30,2025-12-01,30,0.2014930365864087,0.06266015330288494,0.06689991229338635,0.004239758990501413,-0.1598500025072416,-0.16779003685152583,0.2909090909090909,0.3475613275613275,1,-0.13883288328352378,-0.13459312429302236,1,1
D20_conserv,20,dip12_w20_stop08,58,QQQ,4,84,2025-05-06,2025-09-04,30,0.19622773691571815,0.02277270503400945,0.02785727127506873,0.005084566241059282,-0.07513828177160067,-0.08018989844405168,0.29166666666666663,0.35269841269841273,1,-0.17345503188170872,-0.16837046564064942,1,1
D20_conserv,20,dip12_w20_stop08,59,SOXX,4,84,2026-02-25,2026-06-25,30,0.7007669266812115,0.09044155816110022,0.16799611244525153,0.07755455428415131,-0.07194405578107436,-0.08932696989301589,0.1384920634920635,0.2523809523809523,1,-0.6103253685201113,-0.53277081423596,1,1
D20_conserv,20,dip12_w20_stop08,60,SOXX,1,21,2024-12-26,2025-01-28,29,-0.04487098139039003,-0.03273396754475295,-0.03301244679869433,-0.00027847925394137996,-0.06564789337488112,-0.07541496209707382,0.27586206896551724,0.34679802955665023,0,0.012137013845637083,0.011858534591695703,0,0
D20_conserv,20,dip12_w20_stop08,61,SOXX,3,63,2024-01-26,2024-04-25,29,0.06710111015930864,0.02188533088741311,0.023274129751730092,0.0013887988643169827,-0.05970782911130342,-0.07500216255857081,0.22167487684729062,0.3240284619594964,1,-0.04521577927189553,-0.04382698040757855,1,1
D20_conserv,20,dip12_w20_stop08,62,SOXX,3,63,2025-06-20,2025-09-18,29,0.19111850646885342,0.09125785621270052,0.10794571731312211,0.016687861100421586,-0.11324479512224543,-0.11440551305814031,0.48056923918992883,0.535632183908046,1,-0.0998606502561529,-0.08317278915573131,1,1
D20_conserv,20,dip12_w20_stop08,63,QQQ,3,63,2025-10-01,2025-12-30,30,0.0281443024583361,-0.007672257166568985,-0.006737335810860086,0.000934921355708899,-0.057252876515231955,-0.06379284910986184,0.25661375661375657,0.3124867724867724,1,-0.035816559624905084,-0.034881638269196186,0,0
D20_conserv,20,dip12_w20_stop08,64,QQQ,2,42,2024-06-12,2024-08-12,30,-0.046509750935051275,-0.030689981486153213,-0.027670494479046903,0.00301948700710631,-0.07187451483260328,-0.07707965330225959,0.3507936507936508,0.4142857142857143,1,0.015819769448898062,0.018839256456004372,0,0
D20_conserv,20,dip12_w20_stop08,65,SOXX,7,147,2024-03-27,2024-10-24,29,0.010917916153216245,-0.017449618185238974,-0.019336863872166883,-0.0018872456869279096,-0.1614083097554402,-0.17121605719913696,0.2629603565564157,0.3277504105090312,0,-0.02836753433845522,-0.030254780025383128,0,0
D20_conserv,20,dip12_w20_stop08,66,QQQ,7,147,2024-06-18,2025-01-17,30,0.0802486743430566,0.00029853127965911254,0.0201358404113422,0.019837309131683085,-0.13011363603454423,-0.1306319514422593,0.35124716553287977,0.4093877551020408,1,-0.0799501430633975,-0.060112833931714404,1,1
D20_conserv,20,dip12_w20_stop08,67,SOXX,6,126,2025-02-27,2025-08-27,30,0.2288069130259598,0.09602472964249355,0.09984467560043726,0.0038199459579437156,-0.11061219488937407,-0.12012003209912442,0.3126984126984126,0.3632275132275132,1,-0.13278218338346626,-0.12896223742552254,1,1
D20_conserv,20,dip12_w20_stop08,68,SOXX,2,42,2026-01-27,2026-03-26,30,-0.06274182234420844,0.0032193452924548414,0.003572185353013202,0.0003528400605583605,-0.05896621171963992,-0.07408505842203185,0.19920634920634922,0.29428571428571426,1,0.06596116763666328,0.06631400769722165,1,1
D20_conserv,20,dip12_w20_stop08,69,SOXX,8,168,2025-08-27,2026-04-28,30,0.752796897064234,0.17512795042041496,0.2501498706039263,0.07502192018351134,-0.17448596435949304,-0.17634051532419767,0.31924603174603183,0.3985714285714286,1,-0.5776689466438191,-0.5026470264603078,1,1
D20_conserv,20,dip12_w20_stop08,70,SOXX,5,105,2024-09-20,2025-02-21,29,0.005406814450626518,0.003468495639504155,0.006508553375422497,0.003040057735918342,-0.09789538854854749,-0.10669018153377414,0.187192118226601,0.25254515599343186,1,-0.001938318811122363,0.001101738924795979,1,1
D20_conserv,20,dip12_w20_stop08,71,SOXX,4,84,2025-09-17,2026-01-15,29,0.30628589985012833,0.09548057248306517,0.12272199448805117,0.027241422004986,-0.13684856978281387,-0.13956096226101097,0.3788998357963875,0.4429392446633825,1,-0.21080532736706314,-0.18356390536207717,1,1
D20_conserv,20,dip12_w20_stop08,72,QQQ,4,84,2025-06-23,2025-10-20,30,0.1516013225816759,0.03716667462224955,0.04796562758888463,0.010798952966635085,-0.08772548229479836,-0.09266383562000806,0.3146825396825397,0.3896825396825397,1,-0.11443464795942637,-0.10363569499279128,1,1
D20_conserv,20,dip12_w20_stop08,73,SOXX,10,210,2023-11-28,2024-09-27,30,0.3732977081618618,0.06661678645753953,0.07265989703971464,0.006043110582175104,-0.18894426088698602,-0.19333515606009627,0.3076190476190476,0.3689841269841271,1,-0.30668092170432226,-0.30063781112214716,1,1
D20_conserv,20,dip12_w20_stop08,74,QQQ,9,189,2025-04-09,2026-01-08,30,0.33624069066151074,0.13339435324806054,0.16353768315840847,0.030143329910347932,-0.1364775405035114,-0.1404859366751919,0.35555555555555557,0.41276895943562614,1,-0.2028463374134502,-0.17270300750310227,1,1
D20_conserv,20,dip12_w20_stop08,75,QQQ,12,252,2024-12-19,2025-12-22,30,0.21234993913837386,0.07282488524533995,0.09436826668490751,0.021543381439567563,-0.15411353549119883,-0.1651081746097245,0.2826719576719577,0.3427777777777778,1,-0.1395250538930339,-0.11798167245346634,1,1
D20_conserv,20,dip12_w20_stop08,76,SOXX,5,105,2024-05-10,2024-10-09,29,0.07166292185798206,0.014436981495001656,0.009249464084760285,-0.005187517410241371,-0.12451546382428642,-0.1420420683544249,0.25155993431855495,0.30922824302134655,0,-0.05722594036298041,-0.062413457773221784,1,1
D20_conserv,20,dip12_w20_stop08,77,SOXX,8,168,2025-08-01,2026-04-01,30,0.4329721592393472,0.15866805757439584,0.19886944776355414,0.040201390189158304,-0.18501848805024199,-0.17906267147454316,0.3426587301587301,0.42007936507936516,1,-0.27430410166495134,-0.23410271147579303,1,1
D20_conserv,20,dip12_w20_stop08,78,QQQ,7,147,2025-11-12,2026-06-15,30,0.20096913413608264,-0.018947353643036353,-0.002881768431448036,0.016065585211588317,-0.12973603679726417,-0.13215328222049644,0.2376417233560091,0.2912471655328798,1,-0.21991648777911899,-0.20385090256753066,0,0
D20_conserv,20,dip12_w20_stop08,79,SOXX,9,189,2023-12-14,2024-09-16,30,0.16790498618580796,0.0008636282377531334,0.0002604181194205838,-0.0006032101183325496,-0.1882736533618384,-0.1958940620604434,0.3310405643738977,0.3958377425044092,0,-0.16704135794805483,-0.16764456806638736,1,1
D20_conserv,20,dip12_w20_stop08,80,QQQ,6,126,2024-01-19,2024-07-19,30,0.13164162035706783,0.01752199700392435,0.021337376610624525,0.0038153796067001734,-0.11178035471042873,-0.11617336365233304,0.32089947089947096,0.3808465608465608,1,-0.11411962335314349,-0.1103042437464433,1,1
D20_conserv,20,dip12_w20_stop08,81,QQQ,1,21,2024-11-13,2024-12-12,30,0.027818437813410313,0.02434417817350658,0.025489814035299367,0.0011456358617927855,-0.025412970421883403,-0.02880111922038784,0.3349206349206349,0.3742857142857143,1,-0.003474259639903731,-0.0023286237781109456,1,1
D20_conserv,20,dip12_w20_stop08,82,SOXX,10,210,2024-06-21,2025-04-23,30,-0.303438756357962,-0.10953684636102978,-0.1346140332342964,-0.025077186873266627,-0.21927545671237217,-0.23830526452700612,0.1858730158730159,0.24371428571428572,0,0.19390190999693224,0.16882472312366562,0,0
D20_conserv,20,dip12_w20_stop08,83,QQQ,11,231,2024-05-24,2025-04-28,30,0.03788093693594541,0.02352067792770555,0.03405302517791867,0.010532347250213115,-0.18620256126856274,-0.18745377516189446,0.3011544011544011,0.3601731601731603,1,-0.014360259008239857,-0.003827911758026742,1,1
D20_conserv,20,dip12_w20_stop08,84,SOXX,4,84,2025-03-26,2025-07-25,29,0.21967623083558907,0.08166603233309737,0.07595113740115492,-0.005714894931942452,-0.0830621153910326,-0.08969300935174948,0.3091133004926108,0.3374384236453202,0,-0.1380101985024917,-0.14372509343443415,1,1
D20_conserv,20,dip12_w20_stop08,85,SOXX,3,63,2024-01-12,2024-04-12,29,0.17490145812316005,0.060582022508329274,0.06982496302887213,0.009242940520542857,-0.07771614238565261,-0.08222801498097697,0.3130815544608648,0.397591680350301,1,-0.11431943561483077,-0.10507649509428792,1,1
D20_conserv,20,dip12_w20_stop08,86,QQQ,4,84,2025-08-13,2025-12-10,30,0.08270595883887877,-0.0020598467100503243,0.003746232235562885,0.005806078945613209,-0.07138796413813867,-0.08044603366174125,0.2472222222222222,0.3221428571428572,1,-0.0847658055489291,-0.07895972660331588,0,1
D20_conserv,20,dip12_w20_stop08,87,QQQ,9,189,2025-08-12,2026-05-12,30,0.22380163982039725,-0.006650453236212702,0.004680018834106192,0.011330472070318894,-0.14081880209020553,-0.14878013852856062,0.2324514991181658,0.28811287477954145,1,-0.23045209305660994,-0.21912162098629107,0,1
D20_conserv,20,dip12_w20_stop08,88,QQQ,3,63,2023-09-06,2023-12-04,30,0.03239382703262561,-0.018888553611716232,-0.012939862730942756,0.005948690880773476,-0.08305897001337256,-0.08711333611005556,0.33492063492063484,0.3983068783068784,1,-0.051282380644341846,-0.045333689763568365,0,0
D20_conserv,20,dip12_w20_stop08,89,QQQ,6,126,2024-03-08,2024-09-06,30,0.025004402915363988,-0.03556560225580011,-0.03345245328588968,0.002113148969910432,-0.13633623776185416,-0.13848449475905056,0.3309523809523809,0.37767195767195777,1,-0.0605700051711641,-0.05845685620125367,0,0
D20_conserv,20,dip12_w20_stop08,90,SOXX,4,84,2024-02-09,2024-06-10,29,0.16166404920459776,0.028196290271240643,0.03932476495461017,0.011128474683369523,-0.08636595624850572,-0.09492054185221102,0.3066502463054187,0.3801313628899836,1,-0.1334677589333571,-0.12233928424998759,1,1
D20_conserv,20,dip12_w20_stop08,91,QQQ,6,126,2024-12-26,2025-06-30,30,0.04434109236366246,0.007674866909558949,0.020835477730733305,0.013160610821174357,-0.1278377277741782,-0.13230112283217524,0.2677248677248677,0.32809523809523816,1,-0.03666622545410351,-0.023505614632929155,1,1
D20_conserv,20,dip12_w20_stop08,92,QQQ,2,42,2024-07-11,2024-09-09,30,-0.07616930887243911,-0.0467009139746296,-0.04392454389811711,0.002776370076512491,-0.06533070513067755,-0.0751442069307817,0.2119047619047619,0.28984126984126984,1,0.02946839489780951,0.032244764974322,0,0
D20_conserv,20,dip12_w20_stop08,93,QQQ,8,168,2025-09-04,2026-05-05,30,0.18933459993954838,0.056885856392562835,0.07647355893922682,0.019587702546663983,-0.13213284289849453,-0.13718899628669598,0.26369047619047614,0.3157936507936508,1,-0.13244874354698555,-0.11286104100032156,1,1
D20_conserv,20,dip12_w20_stop08,94,QQQ,11,231,2023-08-28,2024-07-29,29,0.27358869545907205,0.04338844910070174,0.060844389431357886,0.017455940330656144,-0.158549556344278,-0.15533135194460826,0.3985669502910882,0.44651440513509494,1,-0.2302002463583703,-0.21274430602771416,1,1
D20_conserv,20,dip12_w20_stop08,95,SOXX,2,42,2024-10-18,2024-12-17,29,-0.022397322959222588,0.003232917265875716,0.0008831197398020522,-0.0023497975260736636,-0.05504839408824857,-0.06689668311353954,0.18308702791461412,0.25073891625615763,0,0.025630240225098303,0.02328044269902464,1,1
D20_conserv,20,dip12_w20_stop08,96,QQQ,9,189,2024-06-04,2025-03-06,30,0.0794127343756903,0.07355495139825723,0.08391705866871035,0.010362107270453128,-0.16750932370479174,-0.16809034026756195,0.31957671957671957,0.3782716049382716,1,-0.005857782977433071,0.004504324293020057,1,1
D20_conserv,20,dip12_w20_stop08,97,SOXX,5,105,2025-12-31,2026-06-02,30,1.0102699251297969,0.20892373089805882,0.3142077531168993,0.10528402221884048,-0.09511111174694611,-0.10597700113423504,0.24095238095238092,0.33422222222222225,1,-0.801346194231738,-0.6960621720128976,1,1
D20_conserv,20,dip12_w20_stop08,98,QQQ,4,84,2025-02-28,2025-06-30,30,0.08838198760432037,0.04214933024015496,0.04259120244809209,0.00044187220793713566,-0.0667824189847802,-0.0758850210322934,0.2035714285714286,0.2557142857142857,1,-0.04623265736416541,-0.045790785156228274,1,1
D20_conserv,20,dip12_w20_stop08,99,SOXX,2,42,2026-05-13,2026-07-14,30,0.07552608567751218,0.007353907599346913,0.00542962570297797,-0.0019242818963689434,-0.019491828187119066,-0.06086048940030712,0.08253968253968254,0.21015873015873018,0,-0.06817217807816527,-0.0700964599745342,1,1
