episode,win_start,win_end,qqq_ret,qqq_depth_reported,run,n_names,mean_ret,median_ret,mean_sharpe,mean_mdd,mean_vs_qqq,pct_positive,pct_beat_qqq,mean_trades,mean_exposure
EP1_2025crash,2025-02-19,2025-04-08,-0.2276830534342097,-0.2277,0,30,-0.0620039078409261,-0.0513707414038613,-2.065393394683683,-0.0784350195173675,0.1656791455932835,0.0666666666666666,1.0,1.5666666666666669,0.3285714285714285
EP1_2025crash,2025-02-19,2025-04-08,-0.2276830534342097,-0.2277,1,30,-0.0989107007506856,-0.1024172589944638,-2.757556223632188,-0.1131858681107686,0.1287723526835241,0.0,0.9,1.7333333333333334,0.2942857142857142
EP1_2025crash,2025-02-19,2025-04-08,-0.2276830534342097,-0.2277,2,30,-0.0603428006760295,-0.0297940376252028,-1.7940109112682627,-0.0795316912458376,0.1673402527581801,0.1333333333333333,0.9333333333333332,1.8,0.3114285714285714
EP1_2025crash,2025-02-19,2025-04-08,-0.2276830534342097,-0.2277,3,30,-0.0741236143179158,-0.0590226511624277,-2.236568355662316,-0.0992062596453343,0.1535594391162939,0.0333333333333333,0.9333333333333332,1.9666666666666663,0.38
EP1_2025crash,2025-02-19,2025-04-08,-0.2276830534342097,-0.2277,4,30,-0.0679905027789844,-0.0317989432002636,-1.9478535578533824,-0.0886291496337165,0.1596925506552252,0.0666666666666666,0.9333333333333332,1.7,0.2914285714285714
EP1_2025crash,2025-02-19,2025-04-08,-0.2276830534342097,-0.2277,5,30,-0.0577319852727667,-0.0434648473105637,-1.7965950159133512,-0.0788221943508181,0.169951068161443,0.1666666666666666,1.0,1.8333333333333333,0.3295238095238095
EP1_2025crash,2025-02-19,2025-04-08,-0.2276830534342097,-0.2277,6,30,-0.0541089621401507,-0.0267346404498226,-1.4739657767736625,-0.0755503644236507,0.1735740912940589,0.0666666666666666,1.0,1.5666666666666669,0.3342857142857143
EP1_2025crash,2025-02-19,2025-04-08,-0.2276830534342097,-0.2277,7,30,-0.071083557997647,-0.0644598718625623,-2.201286137495288,-0.0883511859871629,0.1565994954365626,0.0666666666666666,0.9666666666666668,1.6666666666666667,0.2523809523809524
EP1_2025crash,2025-02-19,2025-04-08,-0.2276830534342097,-0.2277,8,30,-0.0646059145150145,-0.0507005369027865,-2.1783199133511744,-0.0804108800058794,0.1630771389191951,0.0666666666666666,1.0,1.7333333333333334,0.3180952380952381
EP1_2025crash,2025-02-19,2025-04-08,-0.2276830534342097,-0.2277,9,30,-0.0707000087283731,-0.0627676868459324,-2.4502271279033123,-0.0886968022732001,0.1569830447058365,0.0,1.0,1.5333333333333334,0.3438095238095238
EP1_2025crash,2025-02-19,2025-04-08,-0.2276830534342097,-0.2277,10,30,-0.0769713001686264,-0.0609508964567586,-2.567123835553913,-0.092695272844748,0.1507117532655832,0.0666666666666666,0.9666666666666668,1.7666666666666666,0.2980952380952381
EP1_2025crash,2025-02-19,2025-04-08,-0.2276830534342097,-0.2277,11,30,-0.0626780990352422,-0.0562789508626416,-2.165100435981535,-0.0840081930881624,0.1650049543989674,0.0333333333333333,1.0,1.8333333333333333,0.3571428571428571
EP1_2025crash,2025-02-19,2025-04-08,-0.2276830534342097,-0.2277,12,30,-0.0675056096006387,-0.0669892062652803,-2.100869833466572,-0.0870875224815388,0.1601774438335709,0.0666666666666666,1.0,1.6666666666666667,0.3085714285714285
EP1_2025crash,2025-02-19,2025-04-08,-0.2276830534342097,-0.2277,13,30,-0.0538501465440909,-0.0233487288229701,-1.5712175825108046,-0.0739840146241305,0.1738329068901188,0.0666666666666666,0.9666666666666668,1.5,0.2428571428571428
EP1_2025crash,2025-02-19,2025-04-08,-0.2276830534342097,-0.2277,14,30,-0.0700348603734555,-0.0440715649875179,-2.5408746899131485,-0.0821291437152303,0.1576481930607541,0.0333333333333333,1.0,1.7333333333333334,0.2514285714285714
EP1_2025crash,2025-02-19,2025-04-08,-0.2276830534342097,-0.2277,15,30,-0.0337411946881313,0.0,-1.0962615864597345,-0.0549939155031265,0.1939418587460783,0.1666666666666666,1.0,1.5333333333333334,0.3028571428571428
EP1_2025crash,2025-02-19,2025-04-08,-0.2276830534342097,-0.2277,16,30,-0.0476774166788516,-0.0273435161826515,-1.7139476577869466,-0.067466297515054,0.180005636755358,0.1,0.9666666666666668,1.6333333333333333,0.3161904761904762
EP1_2025crash,2025-02-19,2025-04-08,-0.2276830534342097,-0.2277,17,30,-0.0569978555457735,-0.0317989432002636,-2.009914448136407,-0.0669809930414067,0.1706851978884361,0.0,0.9666666666666668,1.5,0.2399999999999999
EP1_2025crash,2025-02-19,2025-04-08,-0.2276830534342097,-0.2277,18,30,-0.0566107093181647,-0.0391236345973941,-1.6404198066918498,-0.0795678731910186,0.171072344116045,0.0666666666666666,1.0,1.5333333333333334,0.3485714285714286
EP1_2025crash,2025-02-19,2025-04-08,-0.2276830534342097,-0.2277,19,30,-0.0726702812408782,-0.0595896479080383,-2.3845369858936247,-0.0877606073016948,0.1550127721933314,0.1,0.9666666666666668,1.3666666666666667,0.3114285714285714
EP1_2025crash,2025-02-19,2025-04-08,-0.2276830534342097,-0.2277,20,30,-0.0725407446686059,-0.0440715649875179,-2.194082928684681,-0.088436497582573,0.1551423087656037,0.0666666666666666,0.9333333333333332,1.5,0.2514285714285714
EP1_2025crash,2025-02-19,2025-04-08,-0.2276830534342097,-0.2277,21,30,-0.0454583622464069,-0.0256369596767198,-1.646459681886609,-0.0608660084926749,0.1822246911878027,0.0333333333333333,1.0,1.3,0.2057142857142856
EP1_2025crash,2025-02-19,2025-04-08,-0.2276830534342097,-0.2277,22,30,-0.0407348131548722,-0.0052937221093287,-1.5251671079840057,-0.0614494343150382,0.1869482402793374,0.0666666666666666,1.0,1.2333333333333334,0.2961904761904762
EP1_2025crash,2025-02-19,2025-04-08,-0.2276830534342097,-0.2277,23,30,-0.0667733926043748,-0.055711954117031,-2.2902112241895995,-0.0836082801474976,0.1609096608298348,0.0666666666666666,0.9333333333333332,1.7,0.3952380952380952
EP1_2025crash,2025-02-19,2025-04-08,-0.2276830534342097,-0.2277,24,30,-0.071102128513929,-0.055711954117031,-2.1522611722815217,-0.0934358996912421,0.1565809249202806,0.1333333333333333,0.9666666666666668,2.066666666666667,0.3695238095238095
EP1_2025crash,2025-02-19,2025-04-08,-0.2276830534342097,-0.2277,25,30,-0.0751698417544731,-0.0893399643355026,-2.086766273716558,-0.0942057113852705,0.1525132116797365,0.1,0.9666666666666668,1.7,0.2752380952380952
EP1_2025crash,2025-02-19,2025-04-08,-0.2276830534342097,-0.2277,26,30,-0.0605774636529377,-0.0381189850801085,-1.9049451696830029,-0.0790658348830104,0.1671055897812719,0.0333333333333333,1.0,1.6666666666666667,0.2895238095238095
EP1_2025crash,2025-02-19,2025-04-08,-0.2276830534342097,-0.2277,27,30,-0.0603580414220954,-0.0345194866754072,-1.997043453941952,-0.0813304545751847,0.1673250120121143,0.0666666666666666,1.0,1.6,0.2847619047619047
EP1_2025crash,2025-02-19,2025-04-08,-0.2276830534342097,-0.2277,28,30,-0.0734656858619083,-0.0609508964567586,-2.299595734478444,-0.088695557156056,0.1542173675723014,0.0333333333333333,0.9333333333333332,1.4333333333333331,0.2733333333333333
EP1_2025crash,2025-02-19,2025-04-08,-0.2276830534342097,-0.2277,29,30,-0.0490873503853548,-0.0260287676670061,-1.6479029575760715,-0.0673527114172674,0.1785957030488548,0.0666666666666666,1.0,1.5333333333333334,0.2323809523809523
EP1_2025crash,2025-02-19,2025-04-08,-0.2276830534342097,-0.2277,30,30,-0.0662210726497247,-0.0440715649875179,-2.265268430906241,-0.0795802647756672,0.1614619807844849,0.0666666666666666,0.9666666666666668,1.4666666666666666,0.2361904761904761
EP1_2025crash,2025-02-19,2025-04-08,-0.2276830534342097,-0.2277,31,30,-0.0588064455861881,-0.0482310461480941,-2.148079099891651,-0.0734433087820478,0.1688766078480215,0.1,0.9666666666666668,1.8,0.2847619047619047
EP1_2025crash,2025-02-19,2025-04-08,-0.2276830534342097,-0.2277,32,30,-0.0712451600037351,-0.0791881381287341,-2.353510278668122,-0.0860338707987082,0.1564378934304745,0.1,0.9666666666666668,1.8,0.2942857142857143
EP1_2025crash,2025-02-19,2025-04-08,-0.2276830534342097,-0.2277,33,30,-0.072728340866233,-0.0462000550137775,-2.3246594318795606,-0.0868635097556444,0.1549547125679767,0.0333333333333333,0.9333333333333332,1.6333333333333333,0.2895238095238095
EP1_2025crash,2025-02-19,2025-04-08,-0.2276830534342097,-0.2277,34,30,-0.0520328921685443,-0.0219121943496307,-1.485058787635851,-0.0826691126305446,0.1756501612656653,0.1,1.0,1.7333333333333334,0.3580952380952381
EP1_2025crash,2025-02-19,2025-04-08,-0.2276830534342097,-0.2277,35,30,-0.0637924871051915,-0.0585667100647405,-2.1983872186440605,-0.083433430565395,0.1638905663290182,0.0666666666666666,1.0,1.9,0.3761904761904763
EP1_2025crash,2025-02-19,2025-04-08,-0.2276830534342097,-0.2277,36,30,-0.0597287894224761,-0.0371049981108967,-1.7162177867338722,-0.0803741819056581,0.1679542640117335,0.0,0.9666666666666668,1.6666666666666667,0.3419047619047619
EP1_2025crash,2025-02-19,2025-04-08,-0.2276830534342097,-0.2277,37,30,-0.0785162168144434,-0.0685400713841528,-2.4502050815633507,-0.1010755400320751,0.1491668366197663,0.0666666666666666,0.9666666666666668,2.1,0.3609523809523809
EP1_2025crash,2025-02-19,2025-04-08,-0.2276830534342097,-0.2277,38,30,-0.0522440574781218,-0.0277716810614466,-1.6410266335226735,-0.0698740432784193,0.1754389959560878,0.1,0.9666666666666668,1.5666666666666669,0.3409523809523809
EP1_2025crash,2025-02-19,2025-04-08,-0.2276830534342097,-0.2277,39,30,-0.0574020969543881,-0.0599129308982229,-2.0772963283849952,-0.0750875837187694,0.1702809564798215,0.0666666666666666,1.0,1.8,0.3114285714285714
EP1_2025crash,2025-02-19,2025-04-08,-0.2276830534342097,-0.2277,40,30,-0.098862705965801,-0.1031418409962779,-2.8033766283846635,-0.1172191639158169,0.1288203474684086,0.1,0.9,2.0,0.3438095238095237
EP1_2025crash,2025-02-19,2025-04-08,-0.2276830534342097,-0.2277,41,30,-0.0654689174173659,-0.0461025561218345,-2.1527819236265886,-0.084990418644124,0.1622141360168437,0.0666666666666666,0.9666666666666668,1.7666666666666666,0.3238095238095237
EP1_2025crash,2025-02-19,2025-04-08,-0.2276830534342097,-0.2277,42,30,-0.0596745911814006,-0.0404844212306358,-1.7392233732469442,-0.0816830789211641,0.168008462252809,0.0666666666666666,0.9666666666666668,1.5666666666666669,0.3190476190476191
EP1_2025crash,2025-02-19,2025-04-08,-0.2276830534342097,-0.2277,43,30,-0.0783421893408042,-0.0555717181850532,-2.237490160843252,-0.0939196584628474,0.1493408640934054,0.0333333333333333,0.9666666666666668,1.5,0.2447619047619048
EP1_2025crash,2025-02-19,2025-04-08,-0.2276830534342097,-0.2277,44,30,-0.065155377016342,-0.0579568111271698,-2.178939111739308,-0.0830838696695591,0.1625276764178676,0.0666666666666666,1.0,2.0,0.3104761904761905
EP1_2025crash,2025-02-19,2025-04-08,-0.2276830534342097,-0.2277,45,30,-0.0387521570070031,-0.0148624248860517,-1.3542169948060945,-0.0621063651045203,0.1889308964272065,0.1,1.0,1.5,0.3295238095238095
EP1_2025crash,2025-02-19,2025-04-08,-0.2276830534342097,-0.2277,46,30,-0.05967110077201,-0.0454323516207597,-1.9632060657076904,-0.0779921082510695,0.1680119526621997,0.0333333333333333,0.9666666666666668,1.8,0.2771428571428571
EP1_2025crash,2025-02-19,2025-04-08,-0.2276830534342097,-0.2277,47,30,-0.0609002228386619,-0.0470643457152651,-2.0319373864785053,-0.0771375424169045,0.1667828305955477,0.1,1.0,1.3666666666666667,0.3314285714285715
EP1_2025crash,2025-02-19,2025-04-08,-0.2276830534342097,-0.2277,48,30,-0.0671665134028204,-0.055711954117031,-2.238619789315474,-0.0825473328150376,0.1605165400313892,0.0333333333333333,0.9666666666666668,1.8,0.3123809523809523
EP1_2025crash,2025-02-19,2025-04-08,-0.2276830534342097,-0.2277,49,30,-0.0648787715414261,-0.0532989866981922,-2.094385154286857,-0.087146626556879,0.1628042818927835,0.1333333333333333,1.0,1.9666666666666663,0.2761904761904761
EP1_2025crash,2025-02-19,2025-04-08,-0.2276830534342097,-0.2277,50,30,-0.0640231944189382,-0.0554274767244518,-2.048690634998594,-0.0847681983279448,0.1636598590152714,0.1,1.0,1.6666666666666667,0.3638095238095238
EP1_2025crash,2025-02-19,2025-04-08,-0.2276830534342097,-0.2277,51,30,-0.0572206840543004,-0.0316736762778759,-1.8651897980505785,-0.0719016458097144,0.1704623693799093,0.1,0.9666666666666668,1.6333333333333333,0.2523809523809523
EP1_2025crash,2025-02-19,2025-04-08,-0.2276830534342097,-0.2277,52,30,-0.0661247654663631,-0.0590226511624277,-2.550492033222783,-0.0817973476481408,0.1615582879678465,0.0666666666666666,1.0,1.7,0.3266666666666667
EP1_2025crash,2025-02-19,2025-04-08,-0.2276830534342097,-0.2277,53,30,-0.0743638125204988,-0.0277716810614466,-2.0074137546966258,-0.0861141601440549,0.1533192409137108,0.0,0.9,1.5666666666666669,0.2942857142857142
EP1_2025crash,2025-02-19,2025-04-08,-0.2276830534342097,-0.2277,54,30,-0.0699877215931883,-0.0688710078520625,-2.2846674861921814,-0.0895240476057373,0.1576953318410213,0.1,0.9666666666666668,2.0,0.3333333333333333
EP1_2025crash,2025-02-19,2025-04-08,-0.2276830534342097,-0.2277,55,30,-0.0663375978586444,-0.0328129301694754,-1.9212278771770808,-0.0878964933592764,0.1613454555755652,0.0333333333333333,0.9666666666666668,1.7666666666666666,0.3323809523809524
EP1_2025crash,2025-02-19,2025-04-08,-0.2276830534342097,-0.2277,56,30,-0.0531221524300824,-0.0274478725699434,-1.6061299117550498,-0.0693704836484917,0.1745609010041272,0.0333333333333333,0.9666666666666668,1.3666666666666667,0.3028571428571427
EP1_2025crash,2025-02-19,2025-04-08,-0.2276830534342097,-0.2277,57,30,-0.0556129328967043,-0.0274478725699434,-1.8812162582601395,-0.0702220701508823,0.1720701205375053,0.0666666666666666,0.9666666666666668,1.2666666666666666,0.2971428571428571
EP1_2025crash,2025-02-19,2025-04-08,-0.2276830534342097,-0.2277,58,30,-0.0699566518289379,-0.0486540492759255,-2.115557887617926,-0.0971800018636957,0.1577264016052717,0.0666666666666666,0.9666666666666668,2.033333333333333,0.3952380952380952
EP1_2025crash,2025-02-19,2025-04-08,-0.2276830534342097,-0.2277,59,30,-0.0547248987306878,-0.0440839196353372,-1.816252422773636,-0.0757549040080832,0.1729581547035218,0.0666666666666666,1.0,1.6,0.3457142857142857
EP1_2025crash,2025-02-19,2025-04-08,-0.2276830534342097,-0.2277,60,30,-0.0791787857467803,-0.0641289353946527,-2.2946312710195693,-0.1014524465235247,0.1485042676874293,0.0,0.9333333333333332,1.6333333333333333,0.4019047619047619
EP1_2025crash,2025-02-19,2025-04-08,-0.2276830534342097,-0.2277,61,30,-0.0676304607217787,-0.0624394550290218,-1.834945091538904,-0.0935410450091994,0.1600525927124309,0.0666666666666666,0.9666666666666668,1.8666666666666667,0.4209523809523809
EP1_2025crash,2025-02-19,2025-04-08,-0.2276830534342097,-0.2277,62,30,-0.0644365621959225,-0.0345194866754072,-1.811571986546307,-0.0821986239908855,0.1632464912382871,0.0333333333333333,0.9666666666666668,1.7,0.299047619047619
EP1_2025crash,2025-02-19,2025-04-08,-0.2276830534342097,-0.2277,63,30,-0.0672045114860603,-0.0414984081998476,-2.037014854717336,-0.0812603794697238,0.1604785419481494,0.0666666666666666,0.9666666666666668,1.7,0.28
EP1_2025crash,2025-02-19,2025-04-08,-0.2276830534342097,-0.2277,64,30,-0.0651693731827924,-0.047333590227485,-1.9941634759443545,-0.0840566785077603,0.1625136802514173,0.1,0.9666666666666668,1.5666666666666669,0.2895238095238095
EP1_2025crash,2025-02-19,2025-04-08,-0.2276830534342097,-0.2277,65,30,-0.0762863614009161,-0.055711954117031,-2.1694004835722827,-0.0966426769700738,0.1513966920332935,0.0666666666666666,0.9666666666666668,1.9666666666666663,0.3495238095238094
EP1_2025crash,2025-02-19,2025-04-08,-0.2276830534342097,-0.2277,66,30,-0.0649864649543888,-0.0704226458167744,-2.1178442007635248,-0.0795226342108669,0.1626965884798208,0.1,1.0,1.7,0.3085714285714286
EP1_2025crash,2025-02-19,2025-04-08,-0.2276830534342097,-0.2277,67,30,-0.0444458556633619,-0.0219121943496307,-1.4854201252739114,-0.063705581338186,0.1832371977708478,0.1,1.0,1.4666666666666666,0.3142857142857143
EP1_2025crash,2025-02-19,2025-04-08,-0.2276830534342097,-0.2277,68,30,-0.0676909191628516,-0.055711954117031,-2.3961894532559045,-0.0831252599682971,0.159992134271358,0.0333333333333333,0.9666666666666668,1.5,0.2942857142857142
EP1_2025crash,2025-02-19,2025-04-08,-0.2276830534342097,-0.2277,69,30,-0.0576141436197702,-0.0500148359091673,-1.9263323913877188,-0.0738644192325744,0.1700689098144395,0.0666666666666666,1.0,1.8333333333333333,0.3133333333333333
EP1_2025crash,2025-02-19,2025-04-08,-0.2276830534342097,-0.2277,70,30,-0.0492839524847733,-0.0233487288229701,-1.7834315804799126,-0.064962359294312,0.1783991009494363,0.0333333333333333,1.0,1.2,0.2619047619047619
EP1_2025crash,2025-02-19,2025-04-08,-0.2276830534342097,-0.2277,71,30,-0.0518813905784471,-0.0345194866754072,-1.736461363418873,-0.0656020769856323,0.1758016628557626,0.0333333333333333,0.9666666666666668,1.3666666666666667,0.3047619047619047
EP1_2025crash,2025-02-19,2025-04-08,-0.2276830534342097,-0.2277,72,30,-0.0707306963279349,-0.0685400713841528,-2.494883663968118,-0.0886808960922443,0.1569523571062748,0.1333333333333333,1.0,1.9,0.3676190476190477
EP1_2025crash,2025-02-19,2025-04-08,-0.2276830534342097,-0.2277,73,30,-0.0574488238209652,-0.0401376215666058,-1.8385683365006904,-0.0774305297947872,0.1702342296132444,0.1333333333333333,0.9666666666666668,1.6333333333333333,0.3066666666666666
EP1_2025crash,2025-02-19,2025-04-08,-0.2276830534342097,-0.2277,74,30,-0.0712410636966031,-0.0632236279436196,-2.0543513145594043,-0.0815787850635815,0.1564419897376066,0.0333333333333333,0.9333333333333332,1.7333333333333334,0.3142857142857143
EP1_2025crash,2025-02-19,2025-04-08,-0.2276830534342097,-0.2277,75,30,-0.0902171797832715,-0.0898945981107421,-2.4944381418527533,-0.1150608039941989,0.1374658736509381,0.0333333333333333,0.9666666666666668,2.0,0.3923809523809524
EP1_2025crash,2025-02-19,2025-04-08,-0.2276830534342097,-0.2277,76,30,-0.0623131817227215,-0.028780050655991,-1.7527009033734506,-0.083006323881162,0.1653698717114881,0.1333333333333333,0.9666666666666668,1.9,0.3314285714285713
EP1_2025crash,2025-02-19,2025-04-08,-0.2276830534342097,-0.2277,77,30,-0.0670226951082026,-0.0461025561218345,-2.300402691980304,-0.0743443213326747,0.1606603583260071,0.0,1.0,1.6333333333333333,0.2561904761904762
EP1_2025crash,2025-02-19,2025-04-08,-0.2276830534342097,-0.2277,78,30,-0.0720726298266614,-0.0748309561665737,-2.266482058840755,-0.0947911842123028,0.1556104236075482,0.0666666666666666,1.0,2.0,0.3780952380952381
EP1_2025crash,2025-02-19,2025-04-08,-0.2276830534342097,-0.2277,79,30,-0.0678140974070453,-0.0595896479080383,-1.9456688846814336,-0.0845808026228781,0.1598689560271644,0.0333333333333333,1.0,1.5,0.3628571428571428
EP1_2025crash,2025-02-19,2025-04-08,-0.2276830534342097,-0.2277,80,30,-0.0646383459638563,-0.032497130111651,-1.9297705755404704,-0.080318006886535,0.1630447074703533,0.0333333333333333,1.0,1.3,0.2961904761904761
EP1_2025crash,2025-02-19,2025-04-08,-0.2276830534342097,-0.2277,81,30,-0.0834069366441754,-0.0898945981107421,-2.576399290421911,-0.1052801156808436,0.1442761167900343,0.1,1.0,2.1,0.3990476190476191
EP1_2025crash,2025-02-19,2025-04-08,-0.2276830534342097,-0.2277,82,30,-0.0825257244065479,-0.079081723818722,-2.5695566347614247,-0.0940008785377686,0.1451573290276617,0.0333333333333333,0.9666666666666668,1.7,0.2904761904761905
EP1_2025crash,2025-02-19,2025-04-08,-0.2276830534342097,-0.2277,83,30,-0.0748852372095239,-0.044851623028355,-2.0426204427805,-0.0990120741396952,0.1527978162246857,0.1,0.9,2.0,0.3885714285714286
EP1_2025crash,2025-02-19,2025-04-08,-0.2276830534342097,-0.2277,84,30,-0.0567582343083677,-0.0412521246236536,-1.9652801656498249,-0.0729413976499213,0.1709248191258419,0.0,0.9666666666666668,1.5333333333333334,0.2895238095238095
EP1_2025crash,2025-02-19,2025-04-08,-0.2276830534342097,-0.2277,85,30,-0.0721523111603932,-0.0609508964567586,-2.280315550919417,-0.0888757221441498,0.1555307422738165,0.0666666666666666,0.9666666666666668,1.9,0.3609523809523809
EP1_2025crash,2025-02-19,2025-04-08,-0.2276830534342097,-0.2277,86,30,-0.0508057864824169,-0.0075351067840731,-1.6267075781265483,-0.0623730760470133,0.1768772669517928,0.0666666666666666,1.0,1.2333333333333334,0.2171428571428571
EP1_2025crash,2025-02-19,2025-04-08,-0.2276830534342097,-0.2277,87,30,-0.0800664514075439,-0.055711954117031,-2.446695854517192,-0.0902732740850558,0.1476166020266657,0.0,0.9333333333333332,1.7666666666666666,0.3314285714285713
EP1_2025crash,2025-02-19,2025-04-08,-0.2276830534342097,-0.2277,88,30,-0.0725123139061687,-0.0599279586134607,-2.175275260582084,-0.0795894052073949,0.1551707395280409,0.0,0.9333333333333332,1.4333333333333331,0.2371428571428571
EP1_2025crash,2025-02-19,2025-04-08,-0.2276830534342097,-0.2277,89,30,-0.065773496564705,-0.026439502975399,-1.781224234575067,-0.0918253167133964,0.1619095568695046,0.1,0.9333333333333332,1.5666666666666669,0.338095238095238
EP1_2025crash,2025-02-19,2025-04-08,-0.2276830534342097,-0.2277,90,30,-0.0581081019767608,-0.0558500179368047,-1.896390825762185,-0.0819492911943826,0.1695749514574487,0.1333333333333333,0.9666666666666668,1.7666666666666666,0.3895238095238095
EP1_2025crash,2025-02-19,2025-04-08,-0.2276830534342097,-0.2277,91,30,-0.0653628681354269,-0.0461025561218345,-1.932183208445582,-0.086744620392774,0.1623201852987827,0.0666666666666666,0.9333333333333332,1.6333333333333333,0.2904761904761904
EP1_2025crash,2025-02-19,2025-04-08,-0.2276830534342097,-0.2277,92,30,-0.0702751627843959,-0.0440715649875179,-2.131941226397709,-0.0961772821753283,0.1574078906498137,0.0666666666666666,0.9666666666666668,2.066666666666667,0.397142857142857
EP1_2025crash,2025-02-19,2025-04-08,-0.2276830534342097,-0.2277,93,30,-0.0618561683051024,-0.0500148359091673,-2.09068501774522,-0.0838498735462269,0.1658268851291072,0.0333333333333333,0.9666666666666668,1.7,0.3733333333333333
EP1_2025crash,2025-02-19,2025-04-08,-0.2276830534342097,-0.2277,94,30,-0.0599554424493834,-0.0277716810614466,-1.665574081957588,-0.0775689589040236,0.1677276109848262,0.0666666666666666,0.9333333333333332,1.4333333333333331,0.3438095238095239
EP1_2025crash,2025-02-19,2025-04-08,-0.2276830534342097,-0.2277,95,30,-0.0905379665242279,-0.0704226458167744,-2.698558160208888,-0.1112551389337029,0.1371450869099817,0.0333333333333333,0.9333333333333332,2.2333333333333334,0.3904761904761905
EP1_2025crash,2025-02-19,2025-04-08,-0.2276830534342097,-0.2277,96,30,-0.0676236363409923,-0.0391236345973941,-2.0150236776393737,-0.0852514661972944,0.1600594170932174,0.0333333333333333,0.9666666666666668,1.6,0.2495238095238095
EP1_2025crash,2025-02-19,2025-04-08,-0.2276830534342097,-0.2277,97,30,-0.0849072373754424,-0.0669892062652803,-2.4927685653135927,-0.1024213437855135,0.1427758160587673,0.0666666666666666,0.9333333333333332,1.8333333333333333,0.3219047619047618
EP1_2025crash,2025-02-19,2025-04-08,-0.2276830534342097,-0.2277,98,30,-0.0543481653679177,-0.022722423519739,-1.5289902909278774,-0.069904675347027,0.173334888066292,0.0,0.9333333333333332,1.3,0.3104761904761904
EP1_2025crash,2025-02-19,2025-04-08,-0.2276830534342097,-0.2277,99,30,-0.0723483438511591,-0.0554274767244518,-2.357776836553967,-0.0880449459028319,0.1553347095830505,0.0666666666666666,0.9666666666666668,1.8,0.3361904761904762
EP2_2025_2026_grind,2025-10-29,2026-03-30,-0.1196437227677439,-0.1196,0,30,-0.024487855303585,-0.0282205870874437,-0.4003865116091178,-0.144837835384946,0.0951558674641588,0.4,0.6333333333333333,3.533333333333333,0.3759615384615385
EP2_2025_2026_grind,2025-10-29,2026-03-30,-0.1196437227677439,-0.1196,1,30,0.010565336392776,0.0,-0.130855731974937,-0.1163887671853596,0.1302090591605199,0.4333333333333333,0.7,2.933333333333333,0.3733974358974359
EP2_2025_2026_grind,2025-10-29,2026-03-30,-0.1196437227677439,-0.1196,2,30,-0.0140252596218892,-0.0161330743666557,-0.2902723701039474,-0.1273850560986967,0.1056184631458547,0.3666666666666666,0.7333333333333333,3.3,0.3477564102564103
EP2_2025_2026_grind,2025-10-29,2026-03-30,-0.1196437227677439,-0.1196,3,30,-0.0254540374561366,-0.0009541767278979,-0.3221871048420006,-0.1379280603704131,0.0941896853116072,0.4333333333333333,0.6666666666666666,3.433333333333333,0.3673076923076924
EP2_2025_2026_grind,2025-10-29,2026-03-30,-0.1196437227677439,-0.1196,4,30,-0.0332916700142134,-0.0301951305761806,-0.5545012363966961,-0.1175461718393085,0.0863520527535305,0.2666666666666666,0.7,3.3,0.3064102564102564
EP2_2025_2026_grind,2025-10-29,2026-03-30,-0.1196437227677439,-0.1196,5,30,-0.0225378863913862,-0.0314232301769123,-0.2665376877192045,-0.1276484928130621,0.0971058363763577,0.3666666666666666,0.7666666666666667,3.966666666666667,0.3557692307692308
EP2_2025_2026_grind,2025-10-29,2026-03-30,-0.1196437227677439,-0.1196,6,30,0.0249195393610324,-0.0009541767278979,-0.0791113236582566,-0.1219312556770396,0.1445632621287764,0.4666666666666667,0.8,3.566666666666667,0.3942307692307693
EP2_2025_2026_grind,2025-10-29,2026-03-30,-0.1196437227677439,-0.1196,7,30,-0.0133234572378767,-0.0203996912165577,-0.2068124201149543,-0.1230593392332768,0.1063202655298672,0.3333333333333333,0.7333333333333333,3.6,0.3102564102564102
EP2_2025_2026_grind,2025-10-29,2026-03-30,-0.1196437227677439,-0.1196,8,30,-0.0528161015326528,-0.0569848939344597,-0.6487798282768662,-0.1452670880843203,0.0668276212350911,0.3,0.6333333333333333,3.7,0.3288461538461539
EP2_2025_2026_grind,2025-10-29,2026-03-30,-0.1196437227677439,-0.1196,9,30,-0.0539932840736051,-0.0343052924515664,-0.7325652182084045,-0.1238626440182213,0.0656504386941388,0.3,0.6666666666666666,3.1333333333333333,0.3022435897435897
EP2_2025_2026_grind,2025-10-29,2026-03-30,-0.1196437227677439,-0.1196,10,30,-0.0220330232192981,-0.0330070601000561,-0.3797303923085212,-0.1395400654876458,0.0976106995484457,0.4,0.7,3.7,0.3804487179487179
EP2_2025_2026_grind,2025-10-29,2026-03-30,-0.1196437227677439,-0.1196,11,30,-0.0350541109669477,-0.0615230069899128,-0.5908196688601278,-0.1371810410533257,0.0845896118007961,0.3,0.6666666666666666,3.5,0.3525641025641026
EP2_2025_2026_grind,2025-10-29,2026-03-30,-0.1196437227677439,-0.1196,12,30,0.0042726447589391,0.0,0.0804892624966148,-0.12134885490904,0.1239163675266831,0.4333333333333333,0.7333333333333333,3.1333333333333333,0.3775641025641025
EP2_2025_2026_grind,2025-10-29,2026-03-30,-0.1196437227677439,-0.1196,13,30,0.021825697144232,0.0230987416198804,0.1941655088968834,-0.1182204069584142,0.141469419911976,0.5333333333333333,0.8333333333333334,3.466666666666667,0.3878205128205129
EP2_2025_2026_grind,2025-10-29,2026-03-30,-0.1196437227677439,-0.1196,14,30,-0.0213416468546994,-0.0288968982246703,-0.419578106802332,-0.1315842173647846,0.0983020759130445,0.3333333333333333,0.6333333333333333,3.2333333333333334,0.3487179487179486
EP2_2025_2026_grind,2025-10-29,2026-03-30,-0.1196437227677439,-0.1196,15,30,-0.0014318668155797,0.0071289211558105,-0.0771297457975154,-0.1326888781951192,0.1182118559521641,0.5,0.8,3.8333333333333335,0.4237179487179487
EP2_2025_2026_grind,2025-10-29,2026-03-30,-0.1196437227677439,-0.1196,16,30,-0.0201824920541294,-0.03442828018838,-0.3853226372822894,-0.1244723543726556,0.0994612307136144,0.3666666666666666,0.7666666666666667,3.2666666666666666,0.325
EP2_2025_2026_grind,2025-10-29,2026-03-30,-0.1196437227677439,-0.1196,17,30,0.0269664740816494,-0.0242011718911751,-0.0643302561629631,-0.1180805543818595,0.1466101968493934,0.4333333333333333,0.8333333333333334,3.6666666666666665,0.398076923076923
EP2_2025_2026_grind,2025-10-29,2026-03-30,-0.1196437227677439,-0.1196,18,30,0.0029086952899691,-0.0301951305761806,-0.4683416055072419,-0.1182986844633466,0.1225524180577131,0.3333333333333333,0.8,3.5,0.3387820512820514
EP2_2025_2026_grind,2025-10-29,2026-03-30,-0.1196437227677439,-0.1196,19,30,0.0074444279062683,-0.0173276085428043,-0.2033066743143502,-0.1196149630460372,0.1270881506740123,0.3666666666666666,0.8333333333333334,3.1666666666666665,0.3544871794871794
EP2_2025_2026_grind,2025-10-29,2026-03-30,-0.1196437227677439,-0.1196,20,30,-0.023120040739896,-0.0335177851744853,-0.5715073217032806,-0.1299021295867964,0.0965236820278478,0.3333333333333333,0.6666666666666666,3.033333333333333,0.3573717948717949
EP2_2025_2026_grind,2025-10-29,2026-03-30,-0.1196437227677439,-0.1196,21,30,0.0075134316207837,0.0,-0.0230901913045002,-0.1151194061933137,0.1271571543885276,0.4333333333333333,0.8,3.733333333333333,0.3291666666666666
EP2_2025_2026_grind,2025-10-29,2026-03-30,-0.1196437227677439,-0.1196,22,30,-0.0321305117852594,-0.0602553095810354,-0.5319822379095649,-0.144128397020446,0.0875132109824844,0.3333333333333333,0.7,3.8333333333333335,0.3737179487179488
EP2_2025_2026_grind,2025-10-29,2026-03-30,-0.1196437227677439,-0.1196,23,30,-0.0483007319165725,-0.037501124298151,-0.6305661980174436,-0.1176960000429522,0.0713429908511713,0.2333333333333333,0.7,3.3,0.3092948717948719
EP2_2025_2026_grind,2025-10-29,2026-03-30,-0.1196437227677439,-0.1196,24,30,0.014273737963709,0.0013809998249583,0.0040151802646785,-0.1263478795595704,0.1339174607314529,0.5,0.8,3.466666666666667,0.3689102564102564
EP2_2025_2026_grind,2025-10-29,2026-03-30,-0.1196437227677439,-0.1196,25,30,-0.0188161315064016,-0.0009541767278979,-0.2771267038973827,-0.1100495817314762,0.1008275912613423,0.3666666666666666,0.7666666666666667,3.566666666666667,0.3092948717948717
EP2_2025_2026_grind,2025-10-29,2026-03-30,-0.1196437227677439,-0.1196,26,30,-0.0452637156152778,-0.0310060663835375,-0.6741013677944199,-0.111389033816872,0.074380007152466,0.3,0.7666666666666667,3.5,0.2881410256410255
EP2_2025_2026_grind,2025-10-29,2026-03-30,-0.1196437227677439,-0.1196,27,30,-0.004800905409882,-0.0215268554322576,-0.2938246243055072,-0.1007533805156742,0.1148428173578618,0.3,0.7666666666666667,3.1,0.2983974358974359
EP2_2025_2026_grind,2025-10-29,2026-03-30,-0.1196437227677439,-0.1196,28,30,-0.0553093353771864,-0.0315959466732955,-0.6403172247254988,-0.1480230761201872,0.0643343873905574,0.3,0.7333333333333333,4.3,0.3564102564102563
EP2_2025_2026_grind,2025-10-29,2026-03-30,-0.1196437227677439,-0.1196,29,30,-0.0285903763781932,-0.0228268060218418,-0.3381535295001868,-0.1405031241882252,0.0910533463895506,0.4,0.7,3.566666666666667,0.3724358974358974
EP2_2025_2026_grind,2025-10-29,2026-03-30,-0.1196437227677439,-0.1196,30,30,-0.0477722401055854,-0.042334451529754,-0.6723586581202132,-0.1258100530275128,0.0718714826621584,0.2666666666666666,0.7333333333333333,2.966666666666667,0.2971153846153845
EP2_2025_2026_grind,2025-10-29,2026-03-30,-0.1196437227677439,-0.1196,31,30,-0.0375931576891441,-0.0496022148213933,-0.5702495278966627,-0.1301393146958109,0.0820505650785998,0.3333333333333333,0.7,3.633333333333333,0.314102564102564
EP2_2025_2026_grind,2025-10-29,2026-03-30,-0.1196437227677439,-0.1196,32,30,-0.0398232826525201,-0.0151488571608926,-0.4847900557684712,-0.1251021963677201,0.0798204401152237,0.3333333333333333,0.7,3.3,0.3169871794871795
EP2_2025_2026_grind,2025-10-29,2026-03-30,-0.1196437227677439,-0.1196,33,30,-0.0408963980349545,-0.0695704167825458,-0.5057892737662832,-0.1387753126879211,0.0787473247327894,0.3333333333333333,0.7,3.4,0.3397435897435897
EP2_2025_2026_grind,2025-10-29,2026-03-30,-0.1196437227677439,-0.1196,34,30,-0.0317591570093189,-0.0296317005142043,-0.2711401686331223,-0.1319424189239438,0.0878845657584249,0.3666666666666666,0.7666666666666667,3.966666666666667,0.3567307692307693
EP2_2025_2026_grind,2025-10-29,2026-03-30,-0.1196437227677439,-0.1196,35,30,0.0025918778673164,-0.037501124298151,-0.2038534306330588,-0.1343279231533314,0.1222356006350604,0.4,0.7333333333333333,3.3,0.3903846153846153
EP2_2025_2026_grind,2025-10-29,2026-03-30,-0.1196437227677439,-0.1196,36,30,-0.0199206978744545,-0.0228268060218418,-0.4514595790631675,-0.151958621230907,0.0997230248932893,0.3,0.7,3.3666666666666667,0.375
EP2_2025_2026_grind,2025-10-29,2026-03-30,-0.1196437227677439,-0.1196,37,30,-0.0174508855854623,-0.0364292739048986,-0.6297524944970576,-0.1108727295386999,0.1021928371822815,0.3333333333333333,0.6666666666666666,3.033333333333333,0.2772435897435897
EP2_2025_2026_grind,2025-10-29,2026-03-30,-0.1196437227677439,-0.1196,38,30,0.001357302305022,-0.0050797659198547,-0.2552599141762458,-0.0913708142987248,0.1210010250727659,0.3333333333333333,0.8333333333333334,2.833333333333333,0.2724358974358974
EP2_2025_2026_grind,2025-10-29,2026-03-30,-0.1196437227677439,-0.1196,39,30,-0.0015597479259098,0.0,-0.0651295408185732,-0.1136900204420316,0.118083974841834,0.4333333333333333,0.8,3.2333333333333334,0.3528846153846154
EP2_2025_2026_grind,2025-10-29,2026-03-30,-0.1196437227677439,-0.1196,40,30,0.0118518501341991,0.0,-0.0711499275751608,-0.1041255115154774,0.131495572901943,0.4333333333333333,0.8333333333333334,3.466666666666667,0.3416666666666667
EP2_2025_2026_grind,2025-10-29,2026-03-30,-0.1196437227677439,-0.1196,41,30,-0.0019423231007957,-0.0149004937375201,-0.1491148850392495,-0.1043801931609961,0.1177013996669481,0.3666666666666666,0.7666666666666667,3.2,0.3064102564102564
EP2_2025_2026_grind,2025-10-29,2026-03-30,-0.1196437227677439,-0.1196,42,30,0.0203040164275305,-0.0137059595613716,0.0337936447227166,-0.1169726454467644,0.1399477391952744,0.3666666666666666,0.8333333333333334,3.1,0.3448717948717948
EP2_2025_2026_grind,2025-10-29,2026-03-30,-0.1196437227677439,-0.1196,43,30,0.0013002567810506,0.0,-0.048789060434041,-0.1183006534740284,0.1209439795487945,0.4666666666666667,0.7666666666666667,3.6666666666666665,0.3477564102564103
EP2_2025_2026_grind,2025-10-29,2026-03-30,-0.1196437227677439,-0.1196,44,30,0.0050803886648323,-0.0050797659198547,-0.1807768018623446,-0.10519334923897,0.1247241114325763,0.3666666666666666,0.8333333333333334,3.3,0.3628205128205128
EP2_2025_2026_grind,2025-10-29,2026-03-30,-0.1196437227677439,-0.1196,45,30,-0.0596910034144776,-0.037501124298151,-0.7933058234890372,-0.135271334555493,0.0599527193532662,0.2666666666666666,0.7,3.933333333333333,0.3368589743589744
EP2_2025_2026_grind,2025-10-29,2026-03-30,-0.1196437227677439,-0.1196,46,30,-0.0257488866072019,-0.0301951305761806,-0.5448283675451012,-0.1085815266505862,0.0938948361605419,0.2333333333333333,0.7333333333333333,2.8666666666666667,0.2525641025641026
EP2_2025_2026_grind,2025-10-29,2026-03-30,-0.1196437227677439,-0.1196,47,30,-0.0004083931970795,-0.0113540660158579,0.0162029510726564,-0.117131181911964,0.1192353295706644,0.4,0.8,3.6666666666666665,0.3782051282051282
EP2_2025_2026_grind,2025-10-29,2026-03-30,-0.1196437227677439,-0.1196,48,30,-0.0154790291060963,-0.0062743000960032,-0.2715721392491813,-0.109804747751659,0.1041646936616475,0.4,0.7666666666666667,3.533333333333333,0.2772435897435897
EP2_2025_2026_grind,2025-10-29,2026-03-30,-0.1196437227677439,-0.1196,49,30,0.0237882821245862,0.0,0.0799024869844791,-0.114919989245002,0.1434320048923301,0.4333333333333333,0.8,2.8666666666666667,0.3608974358974359
EP2_2025_2026_grind,2025-10-29,2026-03-30,-0.1196437227677439,-0.1196,50,30,-0.010675384694862,-0.011053308446801,-0.275742361323785,-0.1159022388274823,0.1089683380728818,0.4,0.7,3.2333333333333334,0.3217948717948717
EP2_2025_2026_grind,2025-10-29,2026-03-30,-0.1196437227677439,-0.1196,51,30,-0.0304732588803794,0.0,-0.3841646273879154,-0.1283360332312068,0.0891704638873644,0.4,0.7333333333333333,3.1333333333333333,0.3448717948717948
EP2_2025_2026_grind,2025-10-29,2026-03-30,-0.1196437227677439,-0.1196,52,30,-0.0013736654083599,-0.0151488571608926,-0.2472871047999306,-0.1439300410609151,0.1182700573593839,0.4666666666666667,0.7333333333333333,3.8333333333333335,0.4160256410256409
EP2_2025_2026_grind,2025-10-29,2026-03-30,-0.1196437227677439,-0.1196,53,30,0.0109318884742269,0.0,0.020821430803129,-0.1189357494535678,0.1305756112419709,0.4333333333333333,0.8,3.2,0.3891025641025641
EP2_2025_2026_grind,2025-10-29,2026-03-30,-0.1196437227677439,-0.1196,54,30,-0.0412208865498431,-0.0262021656076937,-0.5924207654849066,-0.1270534494295482,0.0784228362179007,0.3333333333333333,0.7666666666666667,4.0,0.341025641025641
EP2_2025_2026_grind,2025-10-29,2026-03-30,-0.1196437227677439,-0.1196,55,30,-0.0124020506361265,-0.011053308446801,-0.2051554930906014,-0.1291526847254203,0.1072416721316173,0.4333333333333333,0.6666666666666666,3.8,0.3352564102564103
EP2_2025_2026_grind,2025-10-29,2026-03-30,-0.1196437227677439,-0.1196,56,30,-0.0170019030549378,-0.0196795020883179,-0.3500584908501848,-0.1090138926402116,0.1026418197128061,0.3666666666666666,0.7666666666666667,3.5,0.2900641025641025
EP2_2025_2026_grind,2025-10-29,2026-03-30,-0.1196437227677439,-0.1196,57,30,0.0259244785091074,0.0230987416198804,0.2705946878562352,-0.1000102417713551,0.1455682012768513,0.5666666666666667,0.8,3.1,0.3307692307692307
EP2_2025_2026_grind,2025-10-29,2026-03-30,-0.1196437227677439,-0.1196,58,30,0.0109667393884012,0.0020491552359558,-0.0402739554751016,-0.1557803766702176,0.1306104621561452,0.5,0.8333333333333334,4.066666666666666,0.4490384615384616
EP2_2025_2026_grind,2025-10-29,2026-03-30,-0.1196437227677439,-0.1196,59,30,0.0482303771959766,0.018843376739116,0.2158970164186818,-0.1189065530716442,0.1678740999637206,0.5333333333333333,0.8333333333333334,3.033333333333333,0.3871794871794872
EP2_2025_2026_grind,2025-10-29,2026-03-30,-0.1196437227677439,-0.1196,60,30,-0.0513884811142869,-0.042334451529754,-0.7685099402536579,-0.142126779701828,0.0682552416534569,0.2666666666666666,0.6333333333333333,3.466666666666667,0.3169871794871794
EP2_2025_2026_grind,2025-10-29,2026-03-30,-0.1196437227677439,-0.1196,61,30,-0.0066427013267052,-0.0203699217301112,-0.2387562924142381,-0.1149330408518207,0.1130010214410386,0.4,0.7666666666666667,3.8333333333333335,0.3403846153846153
EP2_2025_2026_grind,2025-10-29,2026-03-30,-0.1196437227677439,-0.1196,62,30,-0.016215665843133,-0.012007485174699,-0.4308584186840593,-0.1221183198726801,0.1034280569246109,0.3,0.7666666666666667,3.2,0.3176282051282051
EP2_2025_2026_grind,2025-10-29,2026-03-30,-0.1196437227677439,-0.1196,63,30,-0.04847726936057,-0.0414239565158593,-0.5753025618779367,-0.1352377554392288,0.0711664534071738,0.3,0.6666666666666666,3.333333333333333,0.3205128205128205
EP2_2025_2026_grind,2025-10-29,2026-03-30,-0.1196437227677439,-0.1196,64,30,-0.0525071241857698,-0.0330070601000561,-0.5991759941964341,-0.1481391134134273,0.067136598581974,0.3666666666666666,0.7,3.2333333333333334,0.3314102564102564
EP2_2025_2026_grind,2025-10-29,2026-03-30,-0.1196437227677439,-0.1196,65,30,-0.0055090493803811,-0.0161330743666557,-0.3888271292077322,-0.1194604861806148,0.1141346733873628,0.3666666666666666,0.7333333333333333,3.2333333333333334,0.3105769230769231
EP2_2025_2026_grind,2025-10-29,2026-03-30,-0.1196437227677439,-0.1196,66,30,-0.0279981184006314,-0.0355187788910039,-0.3213708941691673,-0.1263923387050478,0.0916456043671125,0.3,0.7666666666666667,4.033333333333333,0.3224358974358974
EP2_2025_2026_grind,2025-10-29,2026-03-30,-0.1196437227677439,-0.1196,67,30,-0.01047156609737,-0.0137059595613716,-0.1471766164772623,-0.1377637761438434,0.1091721566703738,0.4333333333333333,0.6666666666666666,3.533333333333333,0.408974358974359
EP2_2025_2026_grind,2025-10-29,2026-03-30,-0.1196437227677439,-0.1196,68,30,0.0309317030966783,0.0230018825959892,0.1035091358790405,-0.1424612971652017,0.1505754258644222,0.5,0.8,4.133333333333334,0.4301282051282052
EP2_2025_2026_grind,2025-10-29,2026-03-30,-0.1196437227677439,-0.1196,69,30,-0.0347344984413741,-0.0237750508024095,-0.41101515399403,-0.1314838043153302,0.0849092243263698,0.3333333333333333,0.6666666666666666,3.1333333333333333,0.3003205128205127
EP2_2025_2026_grind,2025-10-29,2026-03-30,-0.1196437227677439,-0.1196,70,30,-0.0275609022630872,0.0,-0.2385006265102434,-0.1657011096416279,0.0920828205046566,0.4666666666666667,0.6,4.166666666666667,0.4022435897435897
EP2_2025_2026_grind,2025-10-29,2026-03-30,-0.1196437227677439,-0.1196,71,30,-0.0033612234917411,-0.0382281246692747,-0.2420696307152515,-0.1480332478931468,0.1162824992760027,0.4666666666666667,0.6333333333333333,3.8333333333333335,0.3721153846153846
EP2_2025_2026_grind,2025-10-29,2026-03-30,-0.1196437227677439,-0.1196,72,30,-0.0745110378334405,-0.0974132044873358,-0.8743085412543853,-0.1613919767819801,0.0451326849343034,0.3,0.5666666666666667,3.6,0.3144230769230769
EP2_2025_2026_grind,2025-10-29,2026-03-30,-0.1196437227677439,-0.1196,73,30,-0.0374313496538462,-0.042334451529754,-0.5357064111260275,-0.1452217693398254,0.0822123731138976,0.3333333333333333,0.6666666666666666,3.733333333333333,0.3759615384615384
EP2_2025_2026_grind,2025-10-29,2026-03-30,-0.1196437227677439,-0.1196,74,30,0.0063682037854905,-0.0050797659198547,-0.2685931568514321,-0.1177983751955232,0.1260119265532344,0.4,0.7666666666666667,3.533333333333333,0.3426282051282051
EP2_2025_2026_grind,2025-10-29,2026-03-30,-0.1196437227677439,-0.1196,75,30,-0.0043620951779795,-0.0289115113859645,-0.2231065786642638,-0.1334594808832632,0.1152816275897643,0.4333333333333333,0.6333333333333333,3.533333333333333,0.3753205128205128
EP2_2025_2026_grind,2025-10-29,2026-03-30,-0.1196437227677439,-0.1196,76,30,-0.044528921741563,-0.0310060663835375,-0.7170496357560854,-0.1263048781373701,0.0751148010261808,0.2666666666666666,0.6,3.1333333333333333,0.2971153846153846
EP2_2025_2026_grind,2025-10-29,2026-03-30,-0.1196437227677439,-0.1196,77,30,-0.0300898763259521,-0.0569848939344597,-0.5594479673407476,-0.1279798685200651,0.0895538464417917,0.2333333333333333,0.7333333333333333,3.2,0.3179487179487179
EP2_2025_2026_grind,2025-10-29,2026-03-30,-0.1196437227677439,-0.1196,78,30,0.0417038394975733,0.0127694957147316,0.1026883654658756,-0.1099509059813172,0.1613475622653172,0.5,0.8333333333333334,3.433333333333333,0.4003205128205128
EP2_2025_2026_grind,2025-10-29,2026-03-30,-0.1196437227677439,-0.1196,79,30,-0.0197052096681508,0.0,-0.2794147137354738,-0.1372973589984378,0.099938513099593,0.4666666666666667,0.7333333333333333,3.633333333333333,0.3557692307692308
EP2_2025_2026_grind,2025-10-29,2026-03-30,-0.1196437227677439,-0.1196,80,30,-0.001972511139181,-0.0249213610194148,-0.156489212263042,-0.1291299250854931,0.1176712116285629,0.4,0.7,3.4,0.3583333333333334
EP2_2025_2026_grind,2025-10-29,2026-03-30,-0.1196437227677439,-0.1196,81,30,-0.0225485983664349,-0.0414239565158593,-0.4537262524302619,-0.1257756664490484,0.0970951244013089,0.3333333333333333,0.7,3.033333333333333,0.2977564102564102
EP2_2025_2026_grind,2025-10-29,2026-03-30,-0.1196437227677439,-0.1196,82,30,-0.0530004735870252,-0.0499852644270617,-0.5599062469544492,-0.1396468363318183,0.0666432491807186,0.3666666666666666,0.6333333333333333,3.566666666666667,0.3400641025641026
EP2_2025_2026_grind,2025-10-29,2026-03-30,-0.1196437227677439,-0.1196,83,30,-0.0359360155471379,-0.0643686212048368,-0.6976822679714965,-0.1359958828608291,0.0837077072206059,0.2333333333333333,0.6333333333333333,3.6666666666666665,0.3038461538461538
EP2_2025_2026_grind,2025-10-29,2026-03-30,-0.1196437227677439,-0.1196,84,30,-0.0228072740409263,-0.0062743000960032,-0.3004309590123168,-0.1193708855951854,0.0968364487268175,0.3666666666666666,0.7666666666666667,3.333333333333333,0.3471153846153846
EP2_2025_2026_grind,2025-10-29,2026-03-30,-0.1196437227677439,-0.1196,85,30,-0.0063915522303553,0.0,-0.0898511096044855,-0.1209491892463857,0.1132521705373885,0.4333333333333333,0.7333333333333333,3.4,0.325
EP2_2025_2026_grind,2025-10-29,2026-03-30,-0.1196437227677439,-0.1196,86,30,-0.0114171992942326,-0.0330070601000561,-0.5405530347781122,-0.1280248969997065,0.1082265234735113,0.3666666666666666,0.7333333333333333,3.433333333333333,0.2878205128205129
EP2_2025_2026_grind,2025-10-29,2026-03-30,-0.1196437227677439,-0.1196,87,30,-0.0295579295885717,-0.029594952956777,-0.5688415973265453,-0.1415050485653054,0.0900857931791721,0.4,0.7,3.966666666666667,0.332051282051282
EP2_2025_2026_grind,2025-10-29,2026-03-30,-0.1196437227677439,-0.1196,88,30,-0.0340610142196522,-0.0242011718911751,-0.5359227171564619,-0.1285899368038459,0.0855827085480916,0.3666666666666666,0.7,3.2666666666666666,0.3567307692307692
EP2_2025_2026_grind,2025-10-29,2026-03-30,-0.1196437227677439,-0.1196,89,30,-0.0207941559623018,0.0,-0.3652324449142323,-0.1159470562836804,0.098849566805442,0.4,0.7333333333333333,3.333333333333333,0.2996794871794871
EP2_2025_2026_grind,2025-10-29,2026-03-30,-0.1196437227677439,-0.1196,90,30,-0.0570901696702948,-0.0602553095810354,-0.8977719918739132,-0.1304821360788842,0.062553553097449,0.2333333333333333,0.6,3.5,0.2554487179487179
EP2_2025_2026_grind,2025-10-29,2026-03-30,-0.1196437227677439,-0.1196,91,30,-0.0468456127675247,-0.0552360857132452,-0.5710929705522381,-0.1358192583760951,0.0727981100002191,0.3666666666666666,0.6666666666666666,3.566666666666667,0.3205128205128205
EP2_2025_2026_grind,2025-10-29,2026-03-30,-0.1196437227677439,-0.1196,92,30,-0.0369966415459721,-0.0289115113859645,-0.4662771378792991,-0.1324409556336119,0.0826470812217718,0.3666666666666666,0.7333333333333333,3.3666666666666667,0.3362179487179488
EP2_2025_2026_grind,2025-10-29,2026-03-30,-0.1196437227677439,-0.1196,93,30,0.0123875547177923,0.0,-0.176369173125565,-0.116126649293624,0.1320312774855362,0.4333333333333333,0.7666666666666667,3.433333333333333,0.3483974358974359
EP2_2025_2026_grind,2025-10-29,2026-03-30,-0.1196437227677439,-0.1196,94,30,-0.0034781769141752,-0.013147863444374,-0.0064450595785094,-0.1223178358255312,0.1161655458535686,0.4,0.8,3.5,0.3881410256410256
EP2_2025_2026_grind,2025-10-29,2026-03-30,-0.1196437227677439,-0.1196,95,30,-0.0083517835951145,-0.0362028919466407,-0.4090317857680965,-0.1176153542886304,0.1112919391726293,0.3666666666666666,0.8333333333333334,3.566666666666667,0.3589743589743589
EP2_2025_2026_grind,2025-10-29,2026-03-30,-0.1196437227677439,-0.1196,96,30,-0.0064299947219701,-0.0060339426477526,-0.0908222350645711,-0.1248961344429854,0.1132137280457738,0.4333333333333333,0.8333333333333334,3.633333333333333,0.4253205128205128
EP2_2025_2026_grind,2025-10-29,2026-03-30,-0.1196437227677439,-0.1196,97,30,-0.0096923675998828,-0.0009541767278979,-0.2622264560746737,-0.109429934146644,0.109951355167861,0.3666666666666666,0.7666666666666667,3.033333333333333,0.328525641025641
EP2_2025_2026_grind,2025-10-29,2026-03-30,-0.1196437227677439,-0.1196,98,30,-0.0303011975178789,-0.03442828018838,-0.5377611510660008,-0.1262444751583296,0.089342525249865,0.4,0.6,3.8333333333333335,0.3237179487179487
EP2_2025_2026_grind,2025-10-29,2026-03-30,-0.1196437227677439,-0.1196,99,30,0.0202815950479126,-0.0161330743666557,-0.0669058949556435,-0.1342494480407077,0.1399253178156566,0.4333333333333333,0.7666666666666667,3.3666666666666667,0.3923076923076923
EP3_2026_jun_jul,2026-06-02,2026-07-29,-0.1121780690839455,-0.1122,0,30,0.0040136572113218,0.0,0.2230962685617264,-0.0869011041745931,0.1161917262952674,0.4333333333333333,0.8666666666666667,1.4,0.3562499999999999
EP3_2026_jun_jul,2026-06-02,2026-07-29,-0.1121780690839455,-0.1122,1,30,0.0122953665041816,0.0,0.144094823775177,-0.08074667313313,0.1244734355881271,0.4,0.9,1.5,0.3479166666666666
EP3_2026_jun_jul,2026-06-02,2026-07-29,-0.1121780690839455,-0.1122,2,30,-0.0060541655473522,0.0,-0.1590865210419054,-0.0832481599327841,0.1061239035365933,0.4,0.8333333333333334,1.5666666666666669,0.3983333333333334
EP3_2026_jun_jul,2026-06-02,2026-07-29,-0.1121780690839455,-0.1122,3,30,-0.004772772571243,0.0,0.0473248174943251,-0.1081108056546317,0.1074052965127025,0.4333333333333333,0.8666666666666667,1.5333333333333334,0.4816666666666666
EP3_2026_jun_jul,2026-06-02,2026-07-29,-0.1121780690839455,-0.1122,4,30,-0.0058121649644209,0.0,-0.2164293343049931,-0.0983286508704816,0.1063659041195246,0.3666666666666666,0.8666666666666667,1.4,0.4133333333333333
EP3_2026_jun_jul,2026-06-02,2026-07-29,-0.1121780690839455,-0.1122,5,30,-0.0112601972546118,0.0,-0.2310493506685961,-0.1019595899049066,0.1009178718293337,0.4333333333333333,0.8,1.9333333333333331,0.4000000000000001
EP3_2026_jun_jul,2026-06-02,2026-07-29,-0.1121780690839455,-0.1122,6,30,0.0071594622693203,0.0,0.3240921184692852,-0.1010594950888919,0.1193375313532659,0.4666666666666667,0.8666666666666667,1.6333333333333333,0.4875
EP3_2026_jun_jul,2026-06-02,2026-07-29,-0.1121780690839455,-0.1122,7,30,0.0001614842443219,0.0,0.0514033761603915,-0.0942152025706947,0.1123395533282675,0.4333333333333333,0.8333333333333334,1.3666666666666667,0.3849999999999999
EP3_2026_jun_jul,2026-06-02,2026-07-29,-0.1121780690839455,-0.1122,8,30,0.0041035988895192,0.0,-0.0170375529319454,-0.1033329453189994,0.1162816679734647,0.4666666666666667,0.8333333333333334,1.7666666666666666,0.42375
EP3_2026_jun_jul,2026-06-02,2026-07-29,-0.1121780690839455,-0.1122,9,30,0.0019200457732883,0.0,-0.0832567042444843,-0.0927513202646719,0.1140981148572338,0.4333333333333333,0.8,1.5,0.4008333333333333
EP3_2026_jun_jul,2026-06-02,2026-07-29,-0.1121780690839455,-0.1122,10,30,0.0129920588710351,0.0004904439425188,0.395978668122634,-0.0824544539255147,0.1251701279549806,0.5,0.8333333333333334,1.5666666666666669,0.3708333333333333
EP3_2026_jun_jul,2026-06-02,2026-07-29,-0.1121780690839455,-0.1122,11,30,0.0263958225675943,0.0,0.3942513026583605,-0.0974932203060476,0.1385738916515398,0.4666666666666667,0.8333333333333334,1.6333333333333333,0.4308333333333334
EP3_2026_jun_jul,2026-06-02,2026-07-29,-0.1121780690839455,-0.1122,12,30,-0.000627124517561,-0.0196771633748388,-0.1423858360844665,-0.0818001140941076,0.1115509445663844,0.3333333333333333,0.8333333333333334,1.6,0.3375
EP3_2026_jun_jul,2026-06-02,2026-07-29,-0.1121780690839455,-0.1122,13,30,0.0409651556386884,0.0125879246336744,0.5846530466797766,-0.0702603485138112,0.153143224722634,0.5333333333333333,0.9333333333333332,1.5,0.3833333333333333
EP3_2026_jun_jul,2026-06-02,2026-07-29,-0.1121780690839455,-0.1122,14,30,0.0126884793465154,0.0,-0.0739771101599635,-0.0731448751978232,0.1248665484304609,0.3333333333333333,0.9333333333333332,1.3666666666666667,0.2975
EP3_2026_jun_jul,2026-06-02,2026-07-29,-0.1121780690839455,-0.1122,15,30,0.019711602799603,0.0087138774563458,0.4193938156458193,-0.0941449022021737,0.1318896718835485,0.5,0.8333333333333334,1.5666666666666669,0.4212499999999999
EP3_2026_jun_jul,2026-06-02,2026-07-29,-0.1121780690839455,-0.1122,16,30,0.0213997816761781,0.008476785375021,0.3660084475434163,-0.0815927715543459,0.1335778507601237,0.5,0.9,1.5,0.3925
EP3_2026_jun_jul,2026-06-02,2026-07-29,-0.1121780690839455,-0.1122,17,30,0.0065022530395215,0.0,0.0427236746442576,-0.0750777040138445,0.1186803221234671,0.3666666666666666,0.9,1.5,0.3116666666666666
EP3_2026_jun_jul,2026-06-02,2026-07-29,-0.1121780690839455,-0.1122,18,30,0.0004369038334712,0.0,0.1055923196875642,-0.0879495251546633,0.1126149729174168,0.3666666666666666,0.8666666666666667,1.4666666666666666,0.3629166666666666
EP3_2026_jun_jul,2026-06-02,2026-07-29,-0.1121780690839455,-0.1122,19,30,0.0157596015918364,0.0096627826195986,0.1885958909905362,-0.0896910536757806,0.127937670675782,0.5,0.9,1.8,0.415
EP3_2026_jun_jul,2026-06-02,2026-07-29,-0.1121780690839455,-0.1122,20,30,-0.0054286771077053,-0.0001999999999999,0.1087345052935104,-0.0915453827976629,0.1067493919762402,0.3666666666666666,0.8333333333333334,1.5666666666666669,0.4129166666666666
EP3_2026_jun_jul,2026-06-02,2026-07-29,-0.1121780690839455,-0.1122,21,30,0.0207911109247591,0.024198510976676,0.6669938285194336,-0.0903692311775593,0.1329691800087046,0.5,0.8666666666666667,1.6333333333333333,0.4633333333333334
EP3_2026_jun_jul,2026-06-02,2026-07-29,-0.1121780690839455,-0.1122,22,30,-0.0118307604676381,-0.0172666406816998,-0.4230710720784508,-0.1140119616586973,0.1003473086163073,0.4,0.8,2.0,0.4766666666666666
EP3_2026_jun_jul,2026-06-02,2026-07-29,-0.1121780690839455,-0.1122,23,30,0.0190108485383996,0.0089672293175399,0.5817046601789464,-0.1109916159548865,0.1311889176223452,0.5333333333333333,0.9,1.6333333333333333,0.5158333333333333
EP3_2026_jun_jul,2026-06-02,2026-07-29,-0.1121780690839455,-0.1122,24,30,0.0128509162264354,0.0112153408167613,0.2390549697899272,-0.0829950193533223,0.125028985310381,0.5,0.8666666666666667,1.7,0.4591666666666665
EP3_2026_jun_jul,2026-06-02,2026-07-29,-0.1121780690839455,-0.1122,25,30,-0.0045895187484876,0.0,-0.0229110901374218,-0.0836470264437296,0.1075885503354579,0.3666666666666666,0.8333333333333334,1.4666666666666666,0.4033333333333333
EP3_2026_jun_jul,2026-06-02,2026-07-29,-0.1121780690839455,-0.1122,26,30,0.0073013774846888,0.0,0.1902471460482439,-0.0824974914389039,0.1194794465686343,0.3666666666666666,0.9,1.6666666666666667,0.3625
EP3_2026_jun_jul,2026-06-02,2026-07-29,-0.1121780690839455,-0.1122,27,30,-0.0048583927202357,0.0004904439425188,0.0807471528968471,-0.1202599761336909,0.1073196763637098,0.5,0.8,1.9333333333333331,0.5408333333333333
EP3_2026_jun_jul,2026-06-02,2026-07-29,-0.1121780690839455,-0.1122,28,30,0.0053273999230393,0.0,0.010475439942315,-0.0944451751015023,0.1175054690069849,0.4666666666666667,0.8,1.5666666666666669,0.4175
EP3_2026_jun_jul,2026-06-02,2026-07-29,-0.1121780690839455,-0.1122,29,30,-0.0265084610682466,-0.0001999999999999,-0.7084482192148651,-0.0975786697921085,0.0856696080156989,0.2333333333333333,0.8,1.6,0.3191666666666666
EP3_2026_jun_jul,2026-06-02,2026-07-29,-0.1121780690839455,-0.1122,30,30,0.0254339624340138,0.0090575949363919,0.2388950348543106,-0.090447273039267,0.1376120315179594,0.5,0.9333333333333332,1.7,0.3958333333333333
EP3_2026_jun_jul,2026-06-02,2026-07-29,-0.1121780690839455,-0.1122,31,30,0.0085791828823001,0.0,0.1537559246491904,-0.0731840658451192,0.1207572519662456,0.4,0.8333333333333334,1.2666666666666666,0.3520833333333333
EP3_2026_jun_jul,2026-06-02,2026-07-29,-0.1121780690839455,-0.1122,32,30,0.0180713090637801,0.0,0.415432375297655,-0.0906466193881072,0.1302493781477257,0.4333333333333333,0.9,1.8666666666666667,0.39
EP3_2026_jun_jul,2026-06-02,2026-07-29,-0.1121780690839455,-0.1122,33,30,0.053395040105384,0.053189156069886,0.9645347227542148,-0.0682295027614019,0.1655731091893297,0.6,0.9666666666666668,1.3333333333333333,0.4174999999999999
EP3_2026_jun_jul,2026-06-02,2026-07-29,-0.1121780690839455,-0.1122,34,30,0.0208244842263458,0.0183766600759445,0.7190022786651349,-0.0925688493255359,0.1330025533102914,0.5666666666666667,0.8666666666666667,1.5333333333333334,0.4179166666666667
EP3_2026_jun_jul,2026-06-02,2026-07-29,-0.1121780690839455,-0.1122,35,30,-0.0051420559296203,0.0,0.0130059090885621,-0.0790843209274083,0.1070360131543251,0.3666666666666666,0.9,1.5666666666666669,0.3825
EP3_2026_jun_jul,2026-06-02,2026-07-29,-0.1121780690839455,-0.1122,36,30,0.013896567116973,0.0,0.3182545087110551,-0.0805037337812356,0.1260746362009185,0.4666666666666667,0.9,1.4333333333333331,0.4125
EP3_2026_jun_jul,2026-06-02,2026-07-29,-0.1121780690839455,-0.1122,37,30,-0.0335997349870055,-0.0295256279287008,-0.9952961113031408,-0.0926942358740994,0.07857833409694,0.2666666666666666,0.7666666666666667,1.6666666666666667,0.3541666666666666
EP3_2026_jun_jul,2026-06-02,2026-07-29,-0.1121780690839455,-0.1122,38,30,-0.0031466278105235,0.0,-0.1709025667319422,-0.0839267775295515,0.1090314412734219,0.4333333333333333,0.8,1.6,0.32
EP3_2026_jun_jul,2026-06-02,2026-07-29,-0.1121780690839455,-0.1122,39,30,-0.0166548965327522,-0.0108846461021865,-0.2351293744104516,-0.0988766790746476,0.0955231725511933,0.3666666666666666,0.8333333333333334,1.7666666666666666,0.4637499999999999
EP3_2026_jun_jul,2026-06-02,2026-07-29,-0.1121780690839455,-0.1122,40,30,0.019057861509351,0.0004904439425188,0.4118733412609683,-0.0983939306975568,0.1312359305932966,0.5,0.8333333333333334,1.4333333333333331,0.4029166666666667
EP3_2026_jun_jul,2026-06-02,2026-07-29,-0.1121780690839455,-0.1122,41,30,0.0007803866469424,0.0,0.1141001188788134,-0.0596643743190008,0.112958455730888,0.4333333333333333,0.8666666666666667,1.3666666666666667,0.3020833333333333
EP3_2026_jun_jul,2026-06-02,2026-07-29,-0.1121780690839455,-0.1122,42,30,-0.0222551471146165,-0.0017600531655904,-0.4024523730585436,-0.088583261409959,0.0899229219693289,0.2666666666666666,0.8666666666666667,1.7666666666666666,0.3491666666666665
EP3_2026_jun_jul,2026-06-02,2026-07-29,-0.1121780690839455,-0.1122,43,30,0.0167264198134837,0.0,0.1646624372785551,-0.0703624764929212,0.1289044888974292,0.4333333333333333,0.9666666666666668,1.5333333333333334,0.3654166666666666
EP3_2026_jun_jul,2026-06-02,2026-07-29,-0.1121780690839455,-0.1122,44,30,-0.009629102216634,0.0,-0.5245214429462799,-0.0896047605486315,0.1025489668673115,0.3666666666666666,0.9,1.4333333333333331,0.4016666666666666
EP3_2026_jun_jul,2026-06-02,2026-07-29,-0.1121780690839455,-0.1122,45,30,-0.0047335343235936,0.0,0.0001938129727973,-0.0842732495616953,0.1074445347603518,0.4333333333333333,0.8333333333333334,1.7,0.3483333333333334
EP3_2026_jun_jul,2026-06-02,2026-07-29,-0.1121780690839455,-0.1122,46,30,0.0314265100846837,0.0338938700534562,0.9332238738524388,-0.0813999517013205,0.1436045791686293,0.5666666666666667,0.9,1.8666666666666667,0.4416666666666665
EP3_2026_jun_jul,2026-06-02,2026-07-29,-0.1121780690839455,-0.1122,47,30,0.0074263126678072,0.0,-0.0696808023969378,-0.0877277388620113,0.1196043817517528,0.4,0.8666666666666667,1.5,0.3833333333333333
EP3_2026_jun_jul,2026-06-02,2026-07-29,-0.1121780690839455,-0.1122,48,30,-0.0076835513598543,0.0,-0.1941002647315472,-0.0886442118190794,0.1044945177240912,0.3666666666666666,0.8333333333333334,1.8666666666666667,0.39875
EP3_2026_jun_jul,2026-06-02,2026-07-29,-0.1121780690839455,-0.1122,49,30,-0.0201998849820874,-0.0019438337617059,-0.3245523720272652,-0.100552418813043,0.091978184101858,0.3666666666666666,0.7666666666666667,1.6666666666666667,0.40875
EP3_2026_jun_jul,2026-06-02,2026-07-29,-0.1121780690839455,-0.1122,50,30,-0.0019859313301739,-0.0015600531655905,-0.0052946013674621,-0.098127033921802,0.1101921377537716,0.4333333333333333,0.8666666666666667,1.9666666666666663,0.4208333333333333
EP3_2026_jun_jul,2026-06-02,2026-07-29,-0.1121780690839455,-0.1122,51,30,0.0312155537519268,0.0098493691919341,0.3765319192185447,-0.0764769893786552,0.1433936228358724,0.5333333333333333,0.9333333333333332,1.3666666666666667,0.4241666666666666
EP3_2026_jun_jul,2026-06-02,2026-07-29,-0.1121780690839455,-0.1122,52,30,0.0185254558982333,0.0,0.5477314035894219,-0.086849038842826,0.1307035249821789,0.4666666666666667,0.8333333333333334,1.6,0.4041666666666667
EP3_2026_jun_jul,2026-06-02,2026-07-29,-0.1121780690839455,-0.1122,53,30,-0.0062342424336352,0.0,-0.0110942139493014,-0.0942027230276991,0.1059438266503103,0.3333333333333333,0.8333333333333334,1.3,0.3508333333333333
EP3_2026_jun_jul,2026-06-02,2026-07-29,-0.1121780690839455,-0.1122,54,30,-0.0020753780254893,0.0,0.1359573097342233,-0.0990389925666427,0.1101026910584562,0.4333333333333333,0.8333333333333334,1.5,0.4083333333333332
EP3_2026_jun_jul,2026-06-02,2026-07-29,-0.1121780690839455,-0.1122,55,30,0.0105829084762926,0.0,0.0653377368702081,-0.0948143448786572,0.1227609775602381,0.4,0.8666666666666667,1.4333333333333331,0.3841666666666666
EP3_2026_jun_jul,2026-06-02,2026-07-29,-0.1121780690839455,-0.1122,56,30,-0.0167934611067981,-0.0106976573710597,-0.5540234630142976,-0.1009874873730761,0.0953846079771474,0.3666666666666666,0.7666666666666667,2.0,0.4566666666666666
EP3_2026_jun_jul,2026-06-02,2026-07-29,-0.1121780690839455,-0.1122,57,30,0.0189941972153669,0.0,0.4531842298365758,-0.0887409432203342,0.1311722662993125,0.4666666666666667,0.8666666666666667,1.7,0.3904166666666667
EP3_2026_jun_jul,2026-06-02,2026-07-29,-0.1121780690839455,-0.1122,58,30,-0.0122707201658535,-0.0019438337617059,-0.160224652485827,-0.0914683405645061,0.099907348918092,0.3,0.8,1.4666666666666666,0.3662499999999999
EP3_2026_jun_jul,2026-06-02,2026-07-29,-0.1121780690839455,-0.1122,59,30,-0.0088867897454274,0.0,-0.0746118223972761,-0.0830920104249959,0.103291279338518,0.3666666666666666,0.7666666666666667,1.4,0.3525
EP3_2026_jun_jul,2026-06-02,2026-07-29,-0.1121780690839455,-0.1122,60,30,0.0038185898250007,0.0,0.1003274073949696,-0.1014495561978742,0.1159966589089463,0.4666666666666667,0.8333333333333334,1.9333333333333331,0.3954166666666666
EP3_2026_jun_jul,2026-06-02,2026-07-29,-0.1121780690839455,-0.1122,61,30,0.0029019623631029,0.0,0.4849033519266038,-0.093097611581536,0.1150800314470485,0.4666666666666667,0.8666666666666667,1.7,0.4445833333333333
EP3_2026_jun_jul,2026-06-02,2026-07-29,-0.1121780690839455,-0.1122,62,30,0.0144685881519855,0.0,0.3037096806909937,-0.0752165355242909,0.1266466572359311,0.4666666666666667,0.8666666666666667,1.4666666666666666,0.37875
EP3_2026_jun_jul,2026-06-02,2026-07-29,-0.1121780690839455,-0.1122,63,30,-0.0031985297393826,0.0,-0.1674784460446323,-0.0960288546119523,0.1089795393445629,0.4,0.8333333333333334,1.6333333333333333,0.3933333333333333
EP3_2026_jun_jul,2026-06-02,2026-07-29,-0.1121780690839455,-0.1122,64,30,0.0042619235875166,0.0,0.3864982035183201,-0.0796939130272734,0.1164399926714621,0.3666666666666666,0.9,1.8333333333333333,0.3854166666666666
EP3_2026_jun_jul,2026-06-02,2026-07-29,-0.1121780690839455,-0.1122,65,30,0.0207900990770935,0.0,0.187551652518655,-0.0822517786908048,0.1329681681610391,0.4333333333333333,0.9,1.8333333333333333,0.3775
EP3_2026_jun_jul,2026-06-02,2026-07-29,-0.1121780690839455,-0.1122,66,30,0.0280769018335157,0.0,0.4093591949807293,-0.0752134007499592,0.1402549709174613,0.4666666666666667,0.9,1.2333333333333334,0.3749999999999999
EP3_2026_jun_jul,2026-06-02,2026-07-29,-0.1121780690839455,-0.1122,67,30,-0.0237281630449884,-0.0111895935778001,-0.6141766227772709,-0.0915539269127288,0.0884499060389571,0.2666666666666666,0.7333333333333333,1.4333333333333331,0.3416666666666667
EP3_2026_jun_jul,2026-06-02,2026-07-29,-0.1121780690839455,-0.1122,68,30,0.0246724254252938,0.0096627826195986,0.2667979684006771,-0.0895424089634365,0.1368504945092394,0.5,0.9333333333333332,1.5333333333333334,0.4033333333333333
EP3_2026_jun_jul,2026-06-02,2026-07-29,-0.1121780690839455,-0.1122,69,30,-0.0250044858919044,-0.0077298236310515,-0.3351717956084484,-0.0954037470530115,0.0871735831920411,0.2666666666666666,0.8,1.6666666666666667,0.3683333333333333
EP3_2026_jun_jul,2026-06-02,2026-07-29,-0.1121780690839455,-0.1122,70,30,-0.0001870642269447,-0.0121321733879296,-0.0510170329079675,-0.0849241275863183,0.1119910048570008,0.3333333333333333,0.8,1.6333333333333333,0.3695833333333332
EP3_2026_jun_jul,2026-06-02,2026-07-29,-0.1121780690839455,-0.1122,71,30,0.0282630535783075,0.001372583816913,0.3833667516865174,-0.0793230064581978,0.1404411226622531,0.5,0.9333333333333332,1.4333333333333331,0.4199999999999999
EP3_2026_jun_jul,2026-06-02,2026-07-29,-0.1121780690839455,-0.1122,72,30,-0.0124409197678432,0.0,-0.0546112292894356,-0.1086362474401144,0.0997371493161023,0.3666666666666666,0.8333333333333334,1.8,0.4837499999999999
EP3_2026_jun_jul,2026-06-02,2026-07-29,-0.1121780690839455,-0.1122,73,30,0.008961464147207,0.0,0.0496955263392511,-0.0891590497937498,0.1211395332311526,0.4666666666666667,0.9,1.8333333333333333,0.4441666666666666
EP3_2026_jun_jul,2026-06-02,2026-07-29,-0.1121780690839455,-0.1122,74,30,0.0034939685663925,0.0,0.1632467818278696,-0.1001397512128316,0.1156720376503381,0.4666666666666667,0.8666666666666667,1.6666666666666667,0.4983333333333332
EP3_2026_jun_jul,2026-06-02,2026-07-29,-0.1121780690839455,-0.1122,75,30,-0.0253432337215699,-0.0001999999999999,-0.2367429366740967,-0.1008243567436443,0.0868348353623756,0.4,0.7666666666666667,1.9,0.3866666666666666
EP3_2026_jun_jul,2026-06-02,2026-07-29,-0.1121780690839455,-0.1122,76,30,0.0086599280274706,0.0,0.2006064857135308,-0.0937919650279573,0.1208379971114161,0.4,0.8333333333333334,1.8,0.4091666666666667
EP3_2026_jun_jul,2026-06-02,2026-07-29,-0.1121780690839455,-0.1122,77,30,-0.038878590557871,-0.0209860969221624,-0.8345993264807618,-0.1046453332619545,0.0732994785260745,0.3333333333333333,0.7333333333333333,1.8666666666666667,0.3808333333333333
EP3_2026_jun_jul,2026-06-02,2026-07-29,-0.1121780690839455,-0.1122,78,30,0.0003758253958794,0.0,-0.076329573025387,-0.0845798391340896,0.112553894479825,0.4,0.8666666666666667,1.5333333333333334,0.4291666666666666
EP3_2026_jun_jul,2026-06-02,2026-07-29,-0.1121780690839455,-0.1122,79,30,0.0067885885392966,0.0,0.248396767194869,-0.0948308399435551,0.1189666576232422,0.4,0.8333333333333334,1.4333333333333331,0.44
EP3_2026_jun_jul,2026-06-02,2026-07-29,-0.1121780690839455,-0.1122,80,30,0.0364309883742818,0.0396697350744236,0.7493660969668456,-0.0752674382492259,0.1486090574582274,0.5333333333333333,0.9666666666666668,1.3666666666666667,0.4366666666666666
EP3_2026_jun_jul,2026-06-02,2026-07-29,-0.1121780690839455,-0.1122,81,30,-0.0100377105813131,-0.0170276066386685,-0.3636376373229654,-0.0911732989512674,0.1021403585026324,0.3,0.8333333333333334,1.4666666666666666,0.3824999999999999
EP3_2026_jun_jul,2026-06-02,2026-07-29,-0.1121780690839455,-0.1122,82,30,0.0072331209234917,0.0,0.0827858858819938,-0.1008055550444639,0.1194111900074372,0.4666666666666667,0.8333333333333334,1.7,0.4708333333333332
EP3_2026_jun_jul,2026-06-02,2026-07-29,-0.1121780690839455,-0.1122,83,30,0.0007486782257716,0.0,0.0285423489258986,-0.0815318423154563,0.1129267473097172,0.3666666666666666,0.9,1.6666666666666667,0.4254166666666666
EP3_2026_jun_jul,2026-06-02,2026-07-29,-0.1121780690839455,-0.1122,84,30,0.016742878430048,0.0,0.2774363283246516,-0.0726456087036656,0.1289209475139936,0.3333333333333333,0.9333333333333332,1.5,0.3483333333333334
EP3_2026_jun_jul,2026-06-02,2026-07-29,-0.1121780690839455,-0.1122,85,30,0.0270968305394716,0.0,0.5928695232890984,-0.0576546487801794,0.1392748996234172,0.4666666666666667,0.9333333333333332,1.1666666666666667,0.3404166666666666
EP3_2026_jun_jul,2026-06-02,2026-07-29,-0.1121780690839455,-0.1122,86,30,-0.012893953008204,-0.0019438337617059,-0.0733003698409247,-0.1004375757183264,0.0992841160757415,0.3666666666666666,0.8,1.7666666666666666,0.4216666666666667
EP3_2026_jun_jul,2026-06-02,2026-07-29,-0.1121780690839455,-0.1122,87,30,-0.0011473817284703,0.0,-0.121842688855199,-0.0971258269904594,0.1110306873554752,0.4,0.8,1.7,0.3941666666666665
EP3_2026_jun_jul,2026-06-02,2026-07-29,-0.1121780690839455,-0.1122,88,30,0.0020363700432489,0.0,-0.0172589411572943,-0.0860083935208128,0.1142144391271944,0.4666666666666667,0.8333333333333334,1.2666666666666666,0.4325
EP3_2026_jun_jul,2026-06-02,2026-07-29,-0.1121780690839455,-0.1122,89,30,-0.0153926638073464,-0.0035038869272964,-0.240040566132021,-0.0981353601042536,0.0967854052765991,0.2666666666666666,0.8333333333333334,1.5333333333333334,0.4358333333333333
EP3_2026_jun_jul,2026-06-02,2026-07-29,-0.1121780690839455,-0.1122,90,30,0.028595794179364,0.0,0.3920139702324589,-0.0801597976932486,0.1407738632633096,0.4,0.9333333333333332,1.4666666666666666,0.425
EP3_2026_jun_jul,2026-06-02,2026-07-29,-0.1121780690839455,-0.1122,91,30,-0.0234646171072685,-0.0015600531655905,-0.516840969088085,-0.1056682840023368,0.0887134519766769,0.3,0.8333333333333334,1.4,0.4095833333333332
EP3_2026_jun_jul,2026-06-02,2026-07-29,-0.1121780690839455,-0.1122,92,30,0.0054007305173516,0.0,0.0586415847131208,-0.0801452830672624,0.1175787996012972,0.4,0.9,1.5666666666666669,0.4308333333333332
EP3_2026_jun_jul,2026-06-02,2026-07-29,-0.1121780690839455,-0.1122,93,30,-0.0228379586050504,-0.0071262399210972,-0.5996387683314619,-0.0982297414038412,0.089340110478895,0.4,0.8,1.7333333333333334,0.4808333333333333
EP3_2026_jun_jul,2026-06-02,2026-07-29,-0.1121780690839455,-0.1122,94,30,0.0090417630006028,0.0018630277594319,0.0637004361210213,-0.0878317173188559,0.1212198320845484,0.5333333333333333,0.8666666666666667,1.5666666666666669,0.435
EP3_2026_jun_jul,2026-06-02,2026-07-29,-0.1121780690839455,-0.1122,95,30,-0.0051910768277967,0.0,0.2677640433612049,-0.079730714195982,0.1069869922561488,0.4,0.8666666666666667,1.5,0.3329166666666666
EP3_2026_jun_jul,2026-06-02,2026-07-29,-0.1121780690839455,-0.1122,96,30,-0.0180653844348487,-0.0077298236310515,-0.664190285173937,-0.1032006239086451,0.0941126846490968,0.2666666666666666,0.7666666666666667,1.5333333333333334,0.4175
EP3_2026_jun_jul,2026-06-02,2026-07-29,-0.1121780690839455,-0.1122,97,30,-0.0170359722942906,-0.005902239942795,-0.3423328832858421,-0.0997317596629601,0.0951420967896549,0.2666666666666666,0.8333333333333334,1.5666666666666669,0.3366666666666667
EP3_2026_jun_jul,2026-06-02,2026-07-29,-0.1121780690839455,-0.1122,98,30,0.0211028477559902,0.0100864612732589,0.463462851516035,-0.0924292183494671,0.1332809168399358,0.5333333333333333,0.9333333333333332,1.5666666666666669,0.4820833333333333
EP3_2026_jun_jul,2026-06-02,2026-07-29,-0.1121780690839455,-0.1122,99,30,-0.0056237918999944,-0.0015600531655905,-0.2580393378274579,-0.0925091769939787,0.1065542771839511,0.3666666666666666,0.8666666666666667,1.6333333333333333,0.35
EP4_2024_aug_sep,2024-08-21,2024-09-06,-0.07007241889065075,-0.0701,0,30,-0.004825797875118502,0.0,-0.04042662547234621,-0.014660350826895378,0.06524662101553225,0.16666666666666666,0.9666666666666667,0.2,0.2888888888888889
EP4_2024_aug_sep,2024-08-21,2024-09-06,-0.07007241889065075,-0.0701,1,30,-0.01726781219154367,0.0,-0.7479527145558232,-0.02818828840622522,0.052804606699107075,0.16666666666666666,0.9,0.3333333333333333,0.325
EP4_2024_aug_sep,2024-08-21,2024-09-06,-0.07007241889065075,-0.0701,2,30,-0.014701993505256509,0.0,-1.146218172143011,-0.024116915128366993,0.05537042538539424,0.16666666666666666,0.9,0.26666666666666666,0.2888888888888889
EP4_2024_aug_sep,2024-08-21,2024-09-06,-0.07007241889065075,-0.0701,3,30,-0.012789221270884776,0.0,-0.19056703976309747,-0.01874658243274629,0.05728319761976597,0.06666666666666667,0.9333333333333333,0.23333333333333334,0.18055555555555555
EP4_2024_aug_sep,2024-08-21,2024-09-06,-0.07007241889065075,-0.0701,4,30,-0.009158522598910401,0.0,-0.27649074563619364,-0.018542376971328916,0.06091389629174034,0.16666666666666666,0.9333333333333333,0.23333333333333334,0.23055555555555557
EP4_2024_aug_sep,2024-08-21,2024-09-06,-0.07007241889065075,-0.0701,5,30,-0.021597085786026437,0.0,-0.6999917098443048,-0.029145141163431806,0.048475333104624305,0.13333333333333333,0.9,0.26666666666666666,0.3
EP4_2024_aug_sep,2024-08-21,2024-09-06,-0.07007241889065075,-0.0701,6,30,-0.011340486644735163,0.0,-0.9139415727526833,-0.017176727249140666,0.05873193224591558,0.1,0.9666666666666667,0.3,0.2222222222222222
EP4_2024_aug_sep,2024-08-21,2024-09-06,-0.07007241889065075,-0.0701,7,30,-0.03809100512722407,0.0,-1.7647245810723098,-0.042910335742122316,0.031981413763426676,0.06666666666666667,0.8,0.43333333333333335,0.28055555555555556
EP4_2024_aug_sep,2024-08-21,2024-09-06,-0.07007241889065075,-0.0701,8,30,-0.01927879642863315,0.0,-0.6684484741625355,-0.027238526950236652,0.050793622462017594,0.1,0.9,0.23333333333333334,0.24999999999999997
EP4_2024_aug_sep,2024-08-21,2024-09-06,-0.07007241889065075,-0.0701,9,30,-0.012295660506078417,0.0,-0.18178987450009912,-0.019458856495193126,0.05777675838457233,0.13333333333333333,0.8666666666666667,0.3,0.18333333333333332
EP4_2024_aug_sep,2024-08-21,2024-09-06,-0.07007241889065075,-0.0701,10,30,-0.0029773862741100943,0.0,-0.04183469672722513,-0.01481109293221695,0.06709503261654065,0.23333333333333334,0.9666666666666667,0.26666666666666666,0.3361111111111111
EP4_2024_aug_sep,2024-08-21,2024-09-06,-0.07007241889065075,-0.0701,11,30,-0.012326397819489335,0.0,-0.8657943735444947,-0.01808085356684947,0.05774602107116141,0.1,0.9333333333333333,0.2,0.21944444444444444
EP4_2024_aug_sep,2024-08-21,2024-09-06,-0.07007241889065075,-0.0701,12,30,-0.007612582464260224,0.0,-0.5009702670404238,-0.01494567282126363,0.062459836426390525,0.06666666666666667,0.9666666666666667,0.2,0.1861111111111111
EP4_2024_aug_sep,2024-08-21,2024-09-06,-0.07007241889065075,-0.0701,13,30,-0.02001985735049604,0.0,-1.3524694240567399,-0.02333654853853055,0.05005256154015471,0.03333333333333333,0.9333333333333333,0.16666666666666666,0.24444444444444444
EP4_2024_aug_sep,2024-08-21,2024-09-06,-0.07007241889065075,-0.0701,14,30,-0.008656099521827014,0.0,0.003488068657400959,-0.018791801707802987,0.06141631936882373,0.2,0.9666666666666667,0.23333333333333334,0.325
EP4_2024_aug_sep,2024-08-21,2024-09-06,-0.07007241889065075,-0.0701,15,30,-0.014717995158810403,0.0,-0.5370898887021199,-0.02215334330388924,0.05535442373184034,0.1,0.9333333333333333,0.26666666666666666,0.24444444444444446
EP4_2024_aug_sep,2024-08-21,2024-09-06,-0.07007241889065075,-0.0701,16,30,-0.013902183588736095,0.0,-0.5499193599452844,-0.024130458784401235,0.05617023530191465,0.16666666666666666,0.9333333333333333,0.2,0.38333333333333325
EP4_2024_aug_sep,2024-08-21,2024-09-06,-0.07007241889065075,-0.0701,17,30,-0.013369888051093378,0.0,-0.6592069388439419,-0.020729314226822202,0.05670253083955737,0.16666666666666666,0.9333333333333333,0.2,0.2777777777777778
EP4_2024_aug_sep,2024-08-21,2024-09-06,-0.07007241889065075,-0.0701,18,30,-0.001986923796782784,0.0,0.31243895605779565,-0.012493695237861764,0.06808549509386796,0.23333333333333334,0.9666666666666667,0.13333333333333333,0.3222222222222222
EP4_2024_aug_sep,2024-08-21,2024-09-06,-0.07007241889065075,-0.0701,19,30,-0.01465473753400034,0.0,0.054477308937343066,-0.026209167980847367,0.05541768135665041,0.16666666666666666,0.9333333333333333,0.3,0.21944444444444447
EP4_2024_aug_sep,2024-08-21,2024-09-06,-0.07007241889065075,-0.0701,20,30,-0.02277957844556484,0.0,-1.0259583908734833,-0.030854406906447897,0.0472928404450859,0.13333333333333333,0.8666666666666667,0.3333333333333333,0.28611111111111115
EP4_2024_aug_sep,2024-08-21,2024-09-06,-0.07007241889065075,-0.0701,21,30,-0.01911270293231702,0.0,-0.5223835366565869,-0.03025351660942691,0.05095971595833372,0.23333333333333334,0.8666666666666667,0.3,0.38888888888888895
EP4_2024_aug_sep,2024-08-21,2024-09-06,-0.07007241889065075,-0.0701,22,30,-0.013553459848019393,0.0,-0.4998981959338568,-0.02378474591481224,0.05651895904263135,0.2,0.9,0.26666666666666666,0.32222222222222224
EP4_2024_aug_sep,2024-08-21,2024-09-06,-0.07007241889065075,-0.0701,23,30,-0.012242614622013237,0.0,-0.7568278876347836,-0.019604685117026035,0.05782980426863751,0.1,0.9333333333333333,0.26666666666666666,0.275
EP4_2024_aug_sep,2024-08-21,2024-09-06,-0.07007241889065075,-0.0701,24,30,-0.021021949970529245,0.0,-1.247540524344284,-0.0250679545340237,0.0490504689201215,0.03333333333333333,0.9,0.2,0.2222222222222222
EP4_2024_aug_sep,2024-08-21,2024-09-06,-0.07007241889065075,-0.0701,25,30,-0.01824896590526399,0.0,-1.083967028876207,-0.023278881581736632,0.05182345298538675,0.03333333333333333,0.9333333333333333,0.23333333333333334,0.24166666666666667
EP4_2024_aug_sep,2024-08-21,2024-09-06,-0.07007241889065075,-0.0701,26,30,-0.028646784015888906,0.0,-1.0353793166299388,-0.03792370352909371,0.041425634874761835,0.13333333333333333,0.9,0.26666666666666666,0.3194444444444445
EP4_2024_aug_sep,2024-08-21,2024-09-06,-0.07007241889065075,-0.0701,27,30,-0.015530988241372161,0.0,-0.993900430749451,-0.026584731903816567,0.054541430649278584,0.16666666666666666,0.9333333333333333,0.43333333333333335,0.3222222222222222
EP4_2024_aug_sep,2024-08-21,2024-09-06,-0.07007241889065075,-0.0701,28,30,-0.016649793929214982,0.0,-0.9757597257438181,-0.022727056511923412,0.053422624961435766,0.06666666666666667,0.9333333333333333,0.36666666666666664,0.175
EP4_2024_aug_sep,2024-08-21,2024-09-06,-0.07007241889065075,-0.0701,29,30,-0.003638989280086872,0.0,0.3423500155229953,-0.011656685372374154,0.06643342961056388,0.16666666666666666,0.9666666666666667,0.06666666666666667,0.26666666666666666
EP4_2024_aug_sep,2024-08-21,2024-09-06,-0.07007241889065075,-0.0701,30,30,-0.01317622625586014,0.0,-0.5838949474287968,-0.020108776377467098,0.05689619263479061,0.1,0.9,0.23333333333333334,0.2222222222222222
EP4_2024_aug_sep,2024-08-21,2024-09-06,-0.07007241889065075,-0.0701,31,30,-0.022035587837115102,0.0,-1.7422932533003972,-0.0266877233385094,0.04803683105353564,0.03333333333333333,0.9,0.3,0.18055555555555555
EP4_2024_aug_sep,2024-08-21,2024-09-06,-0.07007241889065075,-0.0701,32,30,-0.005757661474939827,0.0,-0.07062833427469979,-0.01635014886442121,0.06431475741571092,0.2,0.9333333333333333,0.16666666666666666,0.2361111111111111
EP4_2024_aug_sep,2024-08-21,2024-09-06,-0.07007241889065075,-0.0701,33,30,-0.01669647595510471,0.0,-0.41123654175970376,-0.022621261363912317,0.05337594293554604,0.1,0.9,0.2,0.20277777777777778
EP4_2024_aug_sep,2024-08-21,2024-09-06,-0.07007241889065075,-0.0701,34,30,-0.04072724335851943,0.0,-1.8112112026834954,-0.047441701257962474,0.029345175532131312,0.06666666666666667,0.8,0.4666666666666667,0.2361111111111111
EP4_2024_aug_sep,2024-08-21,2024-09-06,-0.07007241889065075,-0.0701,35,30,-0.013216427661970105,0.0,-0.9732337351862212,-0.01613929812315644,0.05685599122868064,0.03333333333333333,0.9666666666666667,0.23333333333333334,0.1722222222222222
EP4_2024_aug_sep,2024-08-21,2024-09-06,-0.07007241889065075,-0.0701,36,30,-0.022348543834949598,0.0,-1.612334711029079,-0.02828215595286243,0.04772387505570115,0.06666666666666667,0.9,0.43333333333333335,0.25833333333333336
EP4_2024_aug_sep,2024-08-21,2024-09-06,-0.07007241889065075,-0.0701,37,30,-0.007994160826294009,0.0,-0.09086492278216035,-0.019259595502998248,0.06207825806435674,0.2,0.9666666666666667,0.26666666666666666,0.275
EP4_2024_aug_sep,2024-08-21,2024-09-06,-0.07007241889065075,-0.0701,38,30,-0.0134796374740074,0.0,-1.7711328197373803,-0.017719345097499888,0.05659278141664335,0.06666666666666667,1.0,0.26666666666666666,0.2833333333333333
EP4_2024_aug_sep,2024-08-21,2024-09-06,-0.07007241889065075,-0.0701,39,30,-0.006503755586305945,0.0,-0.5052664272209756,-0.011656872417967923,0.0635686633043448,0.1,0.9666666666666667,0.1,0.21388888888888888
EP4_2024_aug_sep,2024-08-21,2024-09-06,-0.07007241889065075,-0.0701,40,30,-0.03883397993710473,0.0,-1.8289494402409732,-0.044288701346514095,0.031238438953546013,0.1,0.8333333333333334,0.36666666666666664,0.3361111111111111
EP4_2024_aug_sep,2024-08-21,2024-09-06,-0.07007241889065075,-0.0701,41,30,-0.01870829351821205,0.0,-0.7583976553709153,-0.024138656275428046,0.051364125372438695,0.1,0.9333333333333333,0.13333333333333333,0.2583333333333333
EP4_2024_aug_sep,2024-08-21,2024-09-06,-0.07007241889065075,-0.0701,42,30,-0.03873205584072347,0.0,-1.7531888775310343,-0.0438824319781484,0.031340363049927274,0.06666666666666667,0.8,0.4,0.24444444444444444
EP4_2024_aug_sep,2024-08-21,2024-09-06,-0.07007241889065075,-0.0701,43,30,-0.0310681662544711,0.0,-1.1532690554425764,-0.0385401155094919,0.03900425263617964,0.1,0.8666666666666667,0.36666666666666664,0.20277777777777778
EP4_2024_aug_sep,2024-08-21,2024-09-06,-0.07007241889065075,-0.0701,44,30,-0.021122644930035385,0.0,-0.5984603223564811,-0.030668332104222408,0.04894977396061536,0.13333333333333333,0.9,0.36666666666666664,0.21111111111111108
EP4_2024_aug_sep,2024-08-21,2024-09-06,-0.07007241889065075,-0.0701,45,30,-0.02806503078517871,0.0,-0.6624634487319233,-0.03663511773975781,0.042007388105472034,0.16666666666666666,0.8666666666666667,0.3333333333333333,0.3222222222222222
EP4_2024_aug_sep,2024-08-21,2024-09-06,-0.07007241889065075,-0.0701,46,30,-0.020731429602032437,0.0,-1.493940575989753,-0.024638312404648945,0.04934098928861831,0.03333333333333333,0.9,0.43333333333333335,0.175
EP4_2024_aug_sep,2024-08-21,2024-09-06,-0.07007241889065075,-0.0701,47,30,-0.016278114483032177,0.0,-0.944796397307131,-0.027380455793584366,0.053794304407618565,0.2,0.9333333333333333,0.36666666666666664,0.32222222222222224
EP4_2024_aug_sep,2024-08-21,2024-09-06,-0.07007241889065075,-0.0701,48,30,-0.018574084014607976,0.0,-0.6946924700532805,-0.026517324886472668,0.05149833487604277,0.13333333333333333,0.8666666666666667,0.2,0.275
EP4_2024_aug_sep,2024-08-21,2024-09-06,-0.07007241889065075,-0.0701,49,30,-0.012972439829579626,0.0,0.08273157441402115,-0.022257619526911566,0.057099979061071116,0.2,0.9333333333333333,0.16666666666666666,0.28055555555555556
EP4_2024_aug_sep,2024-08-21,2024-09-06,-0.07007241889065075,-0.0701,50,30,-0.012364267049483561,0.0,-0.8796566468255715,-0.01797796862539894,0.057708151841167184,0.1,0.9333333333333333,0.26666666666666666,0.2472222222222222
EP4_2024_aug_sep,2024-08-21,2024-09-06,-0.07007241889065075,-0.0701,51,30,-0.013668443228613632,0.0,0.08120603551882837,-0.02693932988622509,0.056403975662037115,0.23333333333333334,0.9333333333333333,0.26666666666666666,0.4
EP4_2024_aug_sep,2024-08-21,2024-09-06,-0.07007241889065075,-0.0701,52,30,-0.02007820368363753,0.0,-0.8240403955331013,-0.026387285379099613,0.049994215207013214,0.1,0.8666666666666667,0.3,0.2527777777777777
EP4_2024_aug_sep,2024-08-21,2024-09-06,-0.07007241889065075,-0.0701,53,30,-0.031059120634271156,0.0,-1.4366385473406498,-0.037076979436988365,0.039013298256379586,0.06666666666666667,0.9,0.3,0.27777777777777773
EP4_2024_aug_sep,2024-08-21,2024-09-06,-0.07007241889065075,-0.0701,54,30,-0.01712249339102431,0.0,-1.066622098962011,-0.02329230800672542,0.05294992549962643,0.06666666666666667,0.8666666666666667,0.36666666666666664,0.24444444444444446
EP4_2024_aug_sep,2024-08-21,2024-09-06,-0.07007241889065075,-0.0701,55,30,-0.01111764134441929,0.0,-0.5682103899786678,-0.019973179799155763,0.058954777546231456,0.13333333333333333,0.9666666666666667,0.23333333333333334,0.24444444444444444
EP4_2024_aug_sep,2024-08-21,2024-09-06,-0.07007241889065075,-0.0701,56,30,-0.01142071476503428,0.0,-0.5546358366986557,-0.018756862483428,0.05865170412561647,0.1,0.9666666666666667,0.23333333333333334,0.2555555555555556
EP4_2024_aug_sep,2024-08-21,2024-09-06,-0.07007241889065075,-0.0701,57,30,-0.01564574134641685,0.0,-0.9840818338529336,-0.02118498194958889,0.054426677544233894,0.06666666666666667,0.9,0.23333333333333334,0.24444444444444444
EP4_2024_aug_sep,2024-08-21,2024-09-06,-0.07007241889065075,-0.0701,58,30,-0.020376024557346804,0.0,-1.525062180631579,-0.024324178711155234,0.049696394333303945,0.03333333333333333,0.9333333333333333,0.3333333333333333,0.21944444444444444
EP4_2024_aug_sep,2024-08-21,2024-09-06,-0.07007241889065075,-0.0701,59,30,-0.020153892419880814,0.0,-0.667816051308032,-0.026442074097084604,0.04991852647076993,0.1,0.9333333333333333,0.3,0.23333333333333336
EP4_2024_aug_sep,2024-08-21,2024-09-06,-0.07007241889065075,-0.0701,60,30,-0.024579762177708367,0.0,-0.9169241209850434,-0.03706517866192472,0.04549265671294238,0.23333333333333334,0.8666666666666667,0.4,0.37499999999999994
EP4_2024_aug_sep,2024-08-21,2024-09-06,-0.07007241889065075,-0.0701,61,30,-0.029560170429538554,0.0,-1.1082614144885212,-0.03885612087577918,0.04051224846111219,0.13333333333333333,0.9,0.4,0.33333333333333337
EP4_2024_aug_sep,2024-08-21,2024-09-06,-0.07007241889065075,-0.0701,62,30,-0.012064103218349654,0.0,-0.8514182635230941,-0.020071835334480863,0.058008315672301095,0.13333333333333333,0.9333333333333333,0.23333333333333334,0.2611111111111111
EP4_2024_aug_sep,2024-08-21,2024-09-06,-0.07007241889065075,-0.0701,63,30,-0.004240929606044123,0.0,-0.0885747063045385,-0.012861841164458921,0.06583148928460662,0.16666666666666666,0.9666666666666667,0.16666666666666666,0.24166666666666667
EP4_2024_aug_sep,2024-08-21,2024-09-06,-0.07007241889065075,-0.0701,64,30,-0.024039828948717794,0.0,-0.9778455975364314,-0.0302685618089717,0.04603258994193295,0.06666666666666667,0.9,0.23333333333333334,0.24444444444444444
EP4_2024_aug_sep,2024-08-21,2024-09-06,-0.07007241889065075,-0.0701,65,30,-0.034835389393488604,0.0,-1.836375504309747,-0.039726071224732,0.03523702949716214,0.1,0.8666666666666667,0.26666666666666666,0.3416666666666667
EP4_2024_aug_sep,2024-08-21,2024-09-06,-0.07007241889065075,-0.0701,66,30,-0.019843755395294822,0.0,-0.9579294651543847,-0.02595180897396158,0.05022866349535592,0.13333333333333333,0.9333333333333333,0.16666666666666666,0.2722222222222222
EP4_2024_aug_sep,2024-08-21,2024-09-06,-0.07007241889065075,-0.0701,67,30,-0.01144177058885047,0.0,-0.43458386852907316,-0.015401091847370037,0.05863064830180027,0.06666666666666667,0.9666666666666667,0.1,0.1583333333333333
EP4_2024_aug_sep,2024-08-21,2024-09-06,-0.07007241889065075,-0.0701,68,30,-0.02355545589536938,0.0,-1.4342163457266652,-0.031533531373179075,0.046516962995281366,0.13333333333333333,0.9,0.43333333333333335,0.3583333333333333
EP4_2024_aug_sep,2024-08-21,2024-09-06,-0.07007241889065075,-0.0701,69,30,-0.035422231875095696,0.0,-1.832107966568426,-0.04094913835202733,0.03465018701555505,0.06666666666666667,0.8666666666666667,0.43333333333333335,0.2833333333333333
EP4_2024_aug_sep,2024-08-21,2024-09-06,-0.07007241889065075,-0.0701,70,30,-0.0023615538499618173,0.0,-0.26579489920762356,-0.009724527208757664,0.06771086504068893,0.1,1.0,0.16666666666666666,0.19444444444444448
EP4_2024_aug_sep,2024-08-21,2024-09-06,-0.07007241889065075,-0.0701,71,30,-0.012863654013563198,0.0,-0.515322355275597,-0.020777990655614153,0.05720876487708755,0.16666666666666666,0.9333333333333333,0.23333333333333334,0.3277777777777777
EP4_2024_aug_sep,2024-08-21,2024-09-06,-0.07007241889065075,-0.0701,72,30,-0.02284684426891256,0.0,-1.1879788078933708,-0.03413971611915813,0.04722557462173818,0.16666666666666666,0.9,0.4666666666666667,0.325
EP4_2024_aug_sep,2024-08-21,2024-09-06,-0.07007241889065075,-0.0701,73,30,-0.0213313802005824,0.0,-1.1833211324587782,-0.02350710501099198,0.04874103869006835,0.03333333333333333,0.9,0.23333333333333334,0.16388888888888886
EP4_2024_aug_sep,2024-08-21,2024-09-06,-0.07007241889065075,-0.0701,74,30,-0.011989696462758636,0.0,-0.22756069910990556,-0.020689020456069407,0.05808272242789211,0.16666666666666666,0.9333333333333333,0.2,0.3138888888888889
EP4_2024_aug_sep,2024-08-21,2024-09-06,-0.07007241889065075,-0.0701,75,30,-0.02595675946329559,0.0,-0.8302519611513955,-0.03641526372680999,0.04411565942735515,0.16666666666666666,0.9,0.3333333333333333,0.3027777777777778
EP4_2024_aug_sep,2024-08-21,2024-09-06,-0.07007241889065075,-0.0701,76,30,-0.015433049178003588,0.0,-1.1511568269499128,-0.024618231526575284,0.05463936971264716,0.1,0.9666666666666667,0.4,0.28888888888888886
EP4_2024_aug_sep,2024-08-21,2024-09-06,-0.07007241889065075,-0.0701,77,30,-0.015440324818256683,0.0,-1.4078810582415329,-0.019181392976446793,0.05463209407239406,0.03333333333333333,0.9333333333333333,0.13333333333333333,0.25
EP4_2024_aug_sep,2024-08-21,2024-09-06,-0.07007241889065075,-0.0701,78,30,-0.017409294639002437,0.0,-0.4793212752832775,-0.025501649088586854,0.052663124251648305,0.1,0.9666666666666667,0.16666666666666666,0.3194444444444445
EP4_2024_aug_sep,2024-08-21,2024-09-06,-0.07007241889065075,-0.0701,79,30,-0.014707190144514786,0.0,-0.4575627090225561,-0.02210813289601341,0.05536522874613596,0.13333333333333333,0.9,0.16666666666666666,0.275
EP4_2024_aug_sep,2024-08-21,2024-09-06,-0.07007241889065075,-0.0701,80,30,-0.013813545541061152,0.0,-0.8071666490143896,-0.021021857838721503,0.056258873349589594,0.1,0.9,0.3,0.18055555555555555
EP4_2024_aug_sep,2024-08-21,2024-09-06,-0.07007241889065075,-0.0701,81,30,-0.03584604177465951,0.0,-1.8166430042667443,-0.04046729420313338,0.03422637711599123,0.06666666666666667,0.8,0.3,0.25833333333333336
EP4_2024_aug_sep,2024-08-21,2024-09-06,-0.07007241889065075,-0.0701,82,30,-0.039710012027859586,0.0,-1.6857101490633777,-0.04779840245783977,0.03036240686279116,0.13333333333333333,0.8333333333333334,0.43333333333333335,0.34722222222222227
EP4_2024_aug_sep,2024-08-21,2024-09-06,-0.07007241889065075,-0.0701,83,30,-0.022577990680429354,0.0,-0.8045476654445243,-0.030027847514761872,0.04749442821022139,0.1,0.9333333333333333,0.3333333333333333,0.16944444444444443
EP4_2024_aug_sep,2024-08-21,2024-09-06,-0.07007241889065075,-0.0701,84,30,-0.00034037405102934997,0.0,0.17153733472379828,-0.011605072777451701,0.0697320448396214,0.16666666666666666,1.0,0.16666666666666666,0.23055555555555557
EP4_2024_aug_sep,2024-08-21,2024-09-06,-0.07007241889065075,-0.0701,85,30,-0.01722681860155569,0.0,-0.7480635449383481,-0.02651471074380288,0.05284560028909506,0.16666666666666666,0.8666666666666667,0.4,0.26666666666666666
EP4_2024_aug_sep,2024-08-21,2024-09-06,-0.07007241889065075,-0.0701,86,30,-0.015383058040994416,0.0,-1.210238026976037,-0.020322598868986557,0.05468936084965633,0.1,0.9,0.26666666666666666,0.2472222222222222
EP4_2024_aug_sep,2024-08-21,2024-09-06,-0.07007241889065075,-0.0701,87,30,-0.008384935677074653,0.0,-0.21381066894043427,-0.018948690551568923,0.06168748321357609,0.16666666666666666,0.9333333333333333,0.3333333333333333,0.23333333333333334
EP4_2024_aug_sep,2024-08-21,2024-09-06,-0.07007241889065075,-0.0701,88,30,-0.02175045735067762,0.0,-0.8075936214365103,-0.025499001225328298,0.048321961539973125,0.06666666666666667,0.9,0.16666666666666666,0.1583333333333333
EP4_2024_aug_sep,2024-08-21,2024-09-06,-0.07007241889065075,-0.0701,89,30,-0.005798860660271362,0.0,0.07735594073823313,-0.015066817237396286,0.06427355823037938,0.16666666666666666,0.9333333333333333,0.23333333333333334,0.24444444444444444
EP4_2024_aug_sep,2024-08-21,2024-09-06,-0.07007241889065075,-0.0701,90,30,-0.021360723832421394,0.0,-0.855884826674118,-0.025089541459647927,0.04871169505822935,0.06666666666666667,0.9,0.26666666666666666,0.18888888888888883
EP4_2024_aug_sep,2024-08-21,2024-09-06,-0.07007241889065075,-0.0701,91,30,-0.004308959761099725,0.0,0.06320135729234096,-0.016552204073583324,0.06576345912955102,0.16666666666666666,0.9666666666666667,0.3333333333333333,0.2361111111111111
EP4_2024_aug_sep,2024-08-21,2024-09-06,-0.07007241889065075,-0.0701,92,30,-0.023869873023236177,0.0,-0.8523268785310801,-0.031263581987479375,0.04620254586741457,0.13333333333333333,0.9,0.23333333333333334,0.34722222222222227
EP4_2024_aug_sep,2024-08-21,2024-09-06,-0.07007241889065075,-0.0701,93,30,-0.015194693725915254,0.0,-1.010125223073515,-0.020479783517278763,0.05487772516473549,0.1,0.9,0.23333333333333334,0.21388888888888888
EP4_2024_aug_sep,2024-08-21,2024-09-06,-0.07007241889065075,-0.0701,94,30,-0.008265523097076193,0.0,-0.5270705629337293,-0.016622404531050468,0.061806895793574554,0.16666666666666666,0.9333333333333333,0.3,0.26944444444444443
EP4_2024_aug_sep,2024-08-21,2024-09-06,-0.07007241889065075,-0.0701,95,30,-0.028426364860808285,0.0,-1.747146236385897,-0.03103097738205189,0.041646054029842464,0.0,0.8666666666666667,0.36666666666666664,0.16944444444444443
EP4_2024_aug_sep,2024-08-21,2024-09-06,-0.07007241889065075,-0.0701,96,30,-0.009309471580531643,0.0,-0.5849765592164151,-0.016401026670316007,0.0607629473101191,0.16666666666666666,0.9333333333333333,0.2,0.26666666666666666
EP4_2024_aug_sep,2024-08-21,2024-09-06,-0.07007241889065075,-0.0701,97,30,-0.02099115512488483,0.0,-1.2809468372567383,-0.027775596710604106,0.049081263765765916,0.1,0.9666666666666667,0.3333333333333333,0.28055555555555556
EP4_2024_aug_sep,2024-08-21,2024-09-06,-0.07007241889065075,-0.0701,98,30,-0.017482906272251218,0.0,-1.0128928651369284,-0.027355051052204104,0.05258951261839953,0.13333333333333333,0.8666666666666667,0.4,0.29444444444444445
EP4_2024_aug_sep,2024-08-21,2024-09-06,-0.07007241889065075,-0.0701,99,30,-0.023612335644837636,0.0,-1.526443475102415,-0.03102497510285921,0.046460083245813105,0.13333333333333333,0.9,0.4,0.3333333333333333
EP5_2024_dec_jan,2024-12-16,2025-01-14,-0.0599727424455215,-0.06,0,30,-0.0320271843102751,0.0,-1.5521763676306564,-0.0395311403080589,0.0279455581352464,0.0666666666666666,0.7666666666666667,0.8,0.3070175438596491
EP5_2024_dec_jan,2024-12-16,2025-01-14,-0.0599727424455215,-0.06,1,30,-0.0328007998722306,-0.0103648990397727,-2.323661165482872,-0.0401129931410767,0.0271719425732908,0.0,0.7333333333333333,1.0333333333333334,0.2964912280701754
EP5_2024_dec_jan,2024-12-16,2025-01-14,-0.0599727424455215,-0.06,2,30,-0.0249918629188474,0.0,-0.9609695129090796,-0.0380512049123505,0.0349808795266741,0.0666666666666666,0.8333333333333334,0.6333333333333333,0.3035087719298245
EP5_2024_dec_jan,2024-12-16,2025-01-14,-0.0599727424455215,-0.06,3,30,-0.0277177712276226,0.0,-0.9731828747034758,-0.0396084718238232,0.0322549712178989,0.1,0.8333333333333334,0.7666666666666667,0.3280701754385964
EP5_2024_dec_jan,2024-12-16,2025-01-14,-0.0599727424455215,-0.06,4,30,-0.0261407145625399,0.0,-1.702601937816938,-0.0295762106628086,0.0338320278829815,0.0,0.8,0.8,0.2280701754385964
EP5_2024_dec_jan,2024-12-16,2025-01-14,-0.0599727424455215,-0.06,5,30,-0.0235414670083273,0.0,-1.177822799706067,-0.0380213011880021,0.0364312754371942,0.0333333333333333,0.8333333333333334,0.8,0.3403508771929824
EP5_2024_dec_jan,2024-12-16,2025-01-14,-0.0599727424455215,-0.06,6,30,-0.0325890484864802,0.0,-2.342724173179559,-0.0361514682909237,0.0273836939590412,0.0,0.7333333333333333,0.8333333333333334,0.2421052631578947
EP5_2024_dec_jan,2024-12-16,2025-01-14,-0.0599727424455215,-0.06,7,30,-0.0245788878575955,0.0,-1.9057843364990803,-0.0351687317430034,0.035393854587926,0.1,0.8333333333333334,0.9,0.2982456140350877
EP5_2024_dec_jan,2024-12-16,2025-01-14,-0.0599727424455215,-0.06,8,30,-0.0194912082656331,0.0,-0.9706683538920756,-0.034098520511929,0.0404815341798883,0.0666666666666666,0.9,0.8,0.3157894736842104
EP5_2024_dec_jan,2024-12-16,2025-01-14,-0.0599727424455215,-0.06,9,30,-0.0222584140611074,-0.0114174898544628,-1.4582888900676176,-0.0340472525710241,0.0377143283844141,0.0,0.9,0.9666666666666668,0.331578947368421
EP5_2024_dec_jan,2024-12-16,2025-01-14,-0.0599727424455215,-0.06,10,30,-0.0334674921558727,-0.0076921995707506,-1.6739634396800782,-0.040963240218119,0.0265052502896487,0.0333333333333333,0.7666666666666667,0.9,0.3228070175438596
EP5_2024_dec_jan,2024-12-16,2025-01-14,-0.0599727424455215,-0.06,11,30,-0.0157013066681177,0.0,-0.6928814960443755,-0.028701401427218,0.0442714357774037,0.0666666666666666,0.9,0.6666666666666666,0.2666666666666666
EP5_2024_dec_jan,2024-12-16,2025-01-14,-0.0599727424455215,-0.06,12,30,-0.0275995885644062,0.0,-1.5548946356641715,-0.0352652005237783,0.0323731538811153,0.0333333333333333,0.8,0.8333333333333334,0.2649122807017544
EP5_2024_dec_jan,2024-12-16,2025-01-14,-0.0599727424455215,-0.06,13,30,-0.0183656555687156,-0.002672699469022,-1.0647074332081683,-0.0310464147411393,0.0416070868768059,0.0333333333333333,0.9,0.8666666666666667,0.3631578947368421
EP5_2024_dec_jan,2024-12-16,2025-01-14,-0.0599727424455215,-0.06,14,30,-0.0193896276847858,0.0,-1.4267966908297782,-0.0236007841974564,0.0405831147607357,0.0,0.8333333333333334,0.6333333333333333,0.2
EP5_2024_dec_jan,2024-12-16,2025-01-14,-0.0599727424455215,-0.06,15,30,-0.0279635434771462,-0.0074046974310067,-1.2970319560239612,-0.0451885199316358,0.0320091989683752,0.0333333333333333,0.8,0.9,0.3614035087719298
EP5_2024_dec_jan,2024-12-16,2025-01-14,-0.0599727424455215,-0.06,16,30,-0.0282948013172696,-0.0051052201811679,-1.533232233265867,-0.0379599660158347,0.0316779411282518,0.0,0.8666666666666667,0.9333333333333332,0.3017543859649123
EP5_2024_dec_jan,2024-12-16,2025-01-14,-0.0599727424455215,-0.06,17,30,-0.0216438368656092,0.0,-1.447635759617686,-0.0295556172044272,0.0383289055799123,0.0333333333333333,0.8666666666666667,0.8333333333333334,0.2298245614035087
EP5_2024_dec_jan,2024-12-16,2025-01-14,-0.0599727424455215,-0.06,18,30,-0.0297043723409423,0.0,-1.716475473641755,-0.0341624889769928,0.0302683701045792,0.0,0.7666666666666667,0.7,0.2649122807017544
EP5_2024_dec_jan,2024-12-16,2025-01-14,-0.0599727424455215,-0.06,19,30,-0.0231504341380283,-0.0047319979619846,-1.4252417477611263,-0.0354555001711744,0.0368223083074932,0.0666666666666666,0.8333333333333334,0.9333333333333332,0.3035087719298245
EP5_2024_dec_jan,2024-12-16,2025-01-14,-0.0599727424455215,-0.06,20,30,-0.0358881603808039,-0.0118668037996983,-2.1522037304256068,-0.0400690328826214,0.0240845820647175,0.0,0.7666666666666667,0.9,0.2859649122807017
EP5_2024_dec_jan,2024-12-16,2025-01-14,-0.0599727424455215,-0.06,21,30,-0.0207038693458503,0.0,-1.356500223891164,-0.0284055937175246,0.0392688730996711,0.0333333333333333,0.9,0.9333333333333332,0.2807017543859649
EP5_2024_dec_jan,2024-12-16,2025-01-14,-0.0599727424455215,-0.06,22,30,-0.0303730639831389,-0.0074046974310067,-1.437535584350637,-0.0419708961407936,0.0295996784623826,0.0333333333333333,0.8,0.9,0.3140350877192982
EP5_2024_dec_jan,2024-12-16,2025-01-14,-0.0599727424455215,-0.06,23,30,-0.0381618351646367,-0.0047319979619846,-1.7028716758161755,-0.045967036305182,0.0218109072808848,0.0,0.7666666666666667,0.8666666666666667,0.2982456140350877
EP5_2024_dec_jan,2024-12-16,2025-01-14,-0.0599727424455215,-0.06,24,30,-0.025091376110186,0.0,-1.5409887926704446,-0.0364762558469422,0.0348813663353355,0.0333333333333333,0.8333333333333334,0.8333333333333334,0.2614035087719298
EP5_2024_dec_jan,2024-12-16,2025-01-14,-0.0599727424455215,-0.06,25,30,-0.0344840288717247,-0.0001999999999999,-1.9828256164414169,-0.0404646469345711,0.0254887135737967,0.0,0.8,0.9,0.2912280701754385
EP5_2024_dec_jan,2024-12-16,2025-01-14,-0.0599727424455215,-0.06,26,30,-0.0295229410077144,0.0,-1.8386756529868329,-0.0384570614742616,0.030449801437807,0.0333333333333333,0.7666666666666667,0.9333333333333332,0.2859649122807017
EP5_2024_dec_jan,2024-12-16,2025-01-14,-0.0599727424455215,-0.06,27,30,-0.0301660473578817,-0.0001999999999999,-1.9522695085894488,-0.0379256544177554,0.0298066950876397,0.0666666666666666,0.8333333333333334,1.0,0.2894736842105263
EP5_2024_dec_jan,2024-12-16,2025-01-14,-0.0599727424455215,-0.06,28,30,-0.0371939717775869,-0.0001999999999999,-1.7576129532428448,-0.0450288851252028,0.0227787706679345,0.0,0.7333333333333333,0.9,0.2614035087719298
EP5_2024_dec_jan,2024-12-16,2025-01-14,-0.0599727424455215,-0.06,29,30,-0.0364390667044375,-0.0051052201811679,-1.8229333433117785,-0.0458799736419832,0.0235336757410839,0.0333333333333333,0.7666666666666667,0.9666666666666668,0.3368421052631579
EP5_2024_dec_jan,2024-12-16,2025-01-14,-0.0599727424455215,-0.06,30,30,-0.0167691090785316,0.0,-1.0531735481917777,-0.0278471364726754,0.0432036333669898,0.0666666666666666,0.8666666666666667,0.7,0.2719298245614034
EP5_2024_dec_jan,2024-12-16,2025-01-14,-0.0599727424455215,-0.06,31,30,-0.0250849430971264,0.0,-1.1576154279942517,-0.0329192326179917,0.034887799348395,0.0,0.8,0.6666666666666666,0.2192982456140351
EP5_2024_dec_jan,2024-12-16,2025-01-14,-0.0599727424455215,-0.06,32,30,-0.0341400449835734,0.0,-1.5573727774627468,-0.0429801257834051,0.025832697461948,0.0,0.7333333333333333,0.8,0.2964912280701754
EP5_2024_dec_jan,2024-12-16,2025-01-14,-0.0599727424455215,-0.06,33,30,-0.0236480248495943,0.0,-1.7712156676109398,-0.0317995854914121,0.0363247175959271,0.0333333333333333,0.8333333333333334,0.7666666666666667,0.207017543859649
EP5_2024_dec_jan,2024-12-16,2025-01-14,-0.0599727424455215,-0.06,34,30,-0.0222504807442996,0.0,-1.037750601398573,-0.0310063437541281,0.0377222617012219,0.0666666666666666,0.8333333333333334,0.6333333333333333,0.2385964912280701
EP5_2024_dec_jan,2024-12-16,2025-01-14,-0.0599727424455215,-0.06,35,30,-0.0218996635442719,0.0,-0.8002668178229129,-0.0288886230158009,0.0380730789012495,0.0333333333333333,0.8666666666666667,0.5666666666666667,0.1894736842105263
EP5_2024_dec_jan,2024-12-16,2025-01-14,-0.0599727424455215,-0.06,36,30,-0.0207918730194,0.0,-1.2979203977756593,-0.0270654457813659,0.0391808694261214,0.1,0.8666666666666667,0.7,0.1947368421052631
EP5_2024_dec_jan,2024-12-16,2025-01-14,-0.0599727424455215,-0.06,37,30,-0.039069755045996,-0.0219128231130811,-2.0655481035607752,-0.0437392446939159,0.0209029873995254,0.0,0.7666666666666667,1.1666666666666667,0.2754385964912281
EP5_2024_dec_jan,2024-12-16,2025-01-14,-0.0599727424455215,-0.06,38,30,-0.0262998377952362,0.0,-1.0551963413423993,-0.0339017172427698,0.0336729046502852,0.0666666666666666,0.8666666666666667,0.6,0.1982456140350877
EP5_2024_dec_jan,2024-12-16,2025-01-14,-0.0599727424455215,-0.06,39,30,-0.0328199506942966,0.0,-1.3947562050123363,-0.0373815570777881,0.0271527917512249,0.0,0.8,0.7,0.2491228070175438
EP5_2024_dec_jan,2024-12-16,2025-01-14,-0.0599727424455215,-0.06,40,30,-0.0191428177639036,0.0,-1.2196198372088825,-0.0301365021874659,0.0408299246816178,0.1,0.8,0.7,0.2912280701754386
EP5_2024_dec_jan,2024-12-16,2025-01-14,-0.0599727424455215,-0.06,41,30,-0.0215290175038235,0.0,-0.9460551103858617,-0.027866099358066,0.0384437249416979,0.0333333333333333,0.9,0.8333333333333334,0.2368421052631578
EP5_2024_dec_jan,2024-12-16,2025-01-14,-0.0599727424455215,-0.06,42,30,-0.0224709549138389,0.0,-1.1701366944319562,-0.0337075823960211,0.0375017875316826,0.0,0.8333333333333334,0.8333333333333334,0.287719298245614
EP5_2024_dec_jan,2024-12-16,2025-01-14,-0.0599727424455215,-0.06,43,30,-0.0190023637089205,0.0,-1.3034572430814166,-0.0292461309444629,0.040970378736601,0.0333333333333333,0.9,0.8,0.2543859649122806
EP5_2024_dec_jan,2024-12-16,2025-01-14,-0.0599727424455215,-0.06,44,30,-0.0252395448866261,0.0,-1.6292906224051258,-0.0345479708045398,0.0347331975588954,0.0666666666666666,0.8666666666666667,1.0,0.3263157894736841
EP5_2024_dec_jan,2024-12-16,2025-01-14,-0.0599727424455215,-0.06,45,30,-0.021940173107248,0.0,-1.437355715997231,-0.033367439436311,0.0380325693382734,0.0333333333333333,0.9,0.8333333333333334,0.3017543859649123
EP5_2024_dec_jan,2024-12-16,2025-01-14,-0.0599727424455215,-0.06,46,30,-0.027559024453629,-0.0127974197519186,-1.4228970528415303,-0.0385257704678878,0.0324137179918924,0.0,0.8333333333333334,1.0333333333333334,0.3526315789473683
EP5_2024_dec_jan,2024-12-16,2025-01-14,-0.0599727424455215,-0.06,47,30,-0.0270686604953867,-0.0051052201811679,-1.3116833238841294,-0.0393515155490773,0.0329040819501347,0.0333333333333333,0.8,0.8666666666666667,0.3052631578947368
EP5_2024_dec_jan,2024-12-16,2025-01-14,-0.0599727424455215,-0.06,48,30,-0.0219507122056293,0.0,-0.6540368256969323,-0.0314326640286765,0.0380220302398922,0.0666666666666666,0.8333333333333334,0.5,0.2192982456140351
EP5_2024_dec_jan,2024-12-16,2025-01-14,-0.0599727424455215,-0.06,49,30,-0.0321371223823264,0.0,-1.4270729541494809,-0.0433686242612101,0.027835620063195,0.0666666666666666,0.7666666666666667,0.7666666666666667,0.3017543859649123
EP5_2024_dec_jan,2024-12-16,2025-01-14,-0.0599727424455215,-0.06,50,30,-0.0207247061117231,0.0,-1.4368552689104612,-0.0276968440855961,0.0392480363337983,0.0666666666666666,0.9333333333333332,0.9,0.2631578947368421
EP5_2024_dec_jan,2024-12-16,2025-01-14,-0.0599727424455215,-0.06,51,30,-0.0385566403555306,0.0,-1.973694885195443,-0.0441142270641607,0.0214161020899908,0.0,0.6666666666666666,0.7666666666666667,0.3017543859649123
EP5_2024_dec_jan,2024-12-16,2025-01-14,-0.0599727424455215,-0.06,52,30,-0.0371048313501662,-0.00777791965019,-1.5704915446592151,-0.0472786756695854,0.0228679110953553,0.0333333333333333,0.7666666666666667,1.0,0.3385964912280702
EP5_2024_dec_jan,2024-12-16,2025-01-14,-0.0599727424455215,-0.06,53,30,-0.0272343033668582,0.0,-1.3930614652020097,-0.0334541602879611,0.0327384390786632,0.0333333333333333,0.8333333333333334,0.8,0.3052631578947368
EP5_2024_dec_jan,2024-12-16,2025-01-14,-0.0599727424455215,-0.06,54,30,-0.0151494482247868,0.0,-1.0152290864997124,-0.0216226436555517,0.0448232942207346,0.0333333333333333,0.9333333333333332,0.7333333333333333,0.2017543859649122
EP5_2024_dec_jan,2024-12-16,2025-01-14,-0.0599727424455215,-0.06,55,30,-0.0270257266864316,-0.0122400260188816,-1.649699606738385,-0.0346051708959295,0.0329470157590898,0.0333333333333333,0.8333333333333334,1.0333333333333334,0.3017543859649123
EP5_2024_dec_jan,2024-12-16,2025-01-14,-0.0599727424455215,-0.06,56,30,-0.0237568910527178,0.0,-1.452235107913871,-0.0349478434003249,0.0362158513928036,0.0333333333333333,0.8333333333333334,0.7666666666666667,0.2964912280701755
EP5_2024_dec_jan,2024-12-16,2025-01-14,-0.0599727424455215,-0.06,57,30,-0.0223831867814164,0.0,-0.9789727567421784,-0.0380641035310252,0.037589555664105,0.1333333333333333,0.8333333333333334,0.8,0.287719298245614
EP5_2024_dec_jan,2024-12-16,2025-01-14,-0.0599727424455215,-0.06,58,30,-0.0326627919274525,0.0,-1.404949049733394,-0.039257980801849,0.027309950518069,0.0333333333333333,0.7666666666666667,0.7333333333333333,0.2684210526315789
EP5_2024_dec_jan,2024-12-16,2025-01-14,-0.0599727424455215,-0.06,59,30,-0.0225579790685873,0.0,-0.7512179303443917,-0.0388228948244247,0.0374147633769342,0.0666666666666666,0.8333333333333334,0.6666666666666666,0.2929824561403508
EP5_2024_dec_jan,2024-12-16,2025-01-14,-0.0599727424455215,-0.06,60,30,-0.026889978422011,-0.0098372181431526,-1.472287668871504,-0.0409290535283821,0.0330827640235105,0.0333333333333333,0.8,0.9333333333333332,0.4210526315789474
EP5_2024_dec_jan,2024-12-16,2025-01-14,-0.0599727424455215,-0.06,61,30,-0.020113504753655,0.0,-1.2070985671096683,-0.027100913097921,0.0398592376918664,0.0,0.8666666666666667,0.7333333333333333,0.2912280701754385
EP5_2024_dec_jan,2024-12-16,2025-01-14,-0.0599727424455215,-0.06,62,30,-0.0203578654517855,0.0,-1.3962484291912705,-0.0287705576598855,0.0396148769937359,0.0333333333333333,0.8666666666666667,0.8333333333333334,0.1929824561403508
EP5_2024_dec_jan,2024-12-16,2025-01-14,-0.0599727424455215,-0.06,63,30,-0.0232970180166212,0.0,-1.541261547579357,-0.028300573147562,0.0366757244289003,0.0333333333333333,0.8333333333333334,0.8333333333333334,0.2
EP5_2024_dec_jan,2024-12-16,2025-01-14,-0.0599727424455215,-0.06,64,30,-0.0111263714539423,0.0,-0.8031711474559593,-0.018425292657635,0.0488463709915791,0.0666666666666666,0.9,0.6666666666666666,0.2614035087719298
EP5_2024_dec_jan,2024-12-16,2025-01-14,-0.0599727424455215,-0.06,65,30,-0.0148276642437539,0.0,-1.1417395245036166,-0.0213511149461211,0.0451450782017676,0.0333333333333333,0.9,0.6,0.1842105263157895
EP5_2024_dec_jan,2024-12-16,2025-01-14,-0.0599727424455215,-0.06,66,30,-0.0319909025824425,-0.0047319979619846,-1.465000667439166,-0.0447942764231463,0.027981839863079,0.0666666666666666,0.7666666666666667,0.9333333333333332,0.3666666666666667
EP5_2024_dec_jan,2024-12-16,2025-01-14,-0.0599727424455215,-0.06,67,30,-0.020443320008175,0.0,-0.937758603129194,-0.0348983888603135,0.0395294224373464,0.1,0.8333333333333334,0.7333333333333333,0.3140350877192981
EP5_2024_dec_jan,2024-12-16,2025-01-14,-0.0599727424455215,-0.06,68,30,-0.0287213077051311,0.0,-1.4460531403193742,-0.0416758083951767,0.0312514347403904,0.0333333333333333,0.8,0.7666666666666667,0.256140350877193
EP5_2024_dec_jan,2024-12-16,2025-01-14,-0.0599727424455215,-0.06,69,30,-0.0368320023663911,-0.0068854918924782,-1.725497223037005,-0.0468756203826599,0.0231407400791303,0.0666666666666666,0.7333333333333333,1.0666666666666669,0.3385964912280702
EP5_2024_dec_jan,2024-12-16,2025-01-14,-0.0599727424455215,-0.06,70,30,-0.0252427154944791,0.0,-1.4596988382149785,-0.0313809343848582,0.0347300269510423,0.0,0.8333333333333334,0.7666666666666667,0.2070175438596491
EP5_2024_dec_jan,2024-12-16,2025-01-14,-0.0599727424455215,-0.06,71,30,-0.0178665102564304,0.0,-0.9947809031813428,-0.0317383835400636,0.0421062321890911,0.0666666666666666,0.9,0.7333333333333333,0.3456140350877193
EP5_2024_dec_jan,2024-12-16,2025-01-14,-0.0599727424455215,-0.06,72,30,-0.0244149015102653,0.0,-1.278664473024974,-0.0316301072649307,0.0355578409352561,0.0666666666666666,0.8,0.7,0.2070175438596491
EP5_2024_dec_jan,2024-12-16,2025-01-14,-0.0599727424455215,-0.06,73,30,-0.0363302319281585,-0.0117907120736462,-1.3654277040444742,-0.0567077961676921,0.023642510517363,0.0666666666666666,0.7333333333333333,0.9666666666666668,0.4070175438596491
EP5_2024_dec_jan,2024-12-16,2025-01-14,-0.0599727424455215,-0.06,74,30,-0.0146942718823832,0.0,-1.222598763363864,-0.0233458872430879,0.0452784705631382,0.0666666666666666,0.9333333333333332,0.8666666666666667,0.2649122807017544
EP5_2024_dec_jan,2024-12-16,2025-01-14,-0.0599727424455215,-0.06,75,30,-0.020177029887968,0.0,-1.209603394211738,-0.0244914552789237,0.0397957125575534,0.0,0.8666666666666667,0.6,0.1333333333333333
EP5_2024_dec_jan,2024-12-16,2025-01-14,-0.0599727424455215,-0.06,76,30,-0.020974626907899,0.0,-1.382858129673063,-0.0316231326225515,0.0389981155376225,0.0666666666666666,0.8,0.7333333333333333,0.3333333333333333
EP5_2024_dec_jan,2024-12-16,2025-01-14,-0.0599727424455215,-0.06,77,30,-0.0314146620189447,0.0,-1.7156710333059055,-0.0392001433728074,0.0285580804265768,0.0333333333333333,0.7666666666666667,0.8,0.2614035087719298
EP5_2024_dec_jan,2024-12-16,2025-01-14,-0.0599727424455215,-0.06,78,30,-0.0217045898277518,0.0,-1.5149158662492703,-0.0289336175465618,0.0382681526177696,0.0333333333333333,0.8333333333333334,0.7333333333333333,0.2701754385964912
EP5_2024_dec_jan,2024-12-16,2025-01-14,-0.0599727424455215,-0.06,79,30,-0.0233184491505043,0.0,-1.238946823111604,-0.0312928007322664,0.0366542932950172,0.0333333333333333,0.8333333333333334,0.9,0.2280701754385964
EP5_2024_dec_jan,2024-12-16,2025-01-14,-0.0599727424455215,-0.06,80,30,-0.0393685962029402,0.0,-1.905061645783891,-0.050111313825375,0.0206041462425812,0.0333333333333333,0.7666666666666667,0.9,0.3192982456140351
EP5_2024_dec_jan,2024-12-16,2025-01-14,-0.0599727424455215,-0.06,81,30,-0.020128253810417,0.0,-1.677138049121642,-0.0268048044769572,0.0398444886351044,0.0,0.8666666666666667,0.8,0.2035087719298245
EP5_2024_dec_jan,2024-12-16,2025-01-14,-0.0599727424455215,-0.06,82,30,-0.0363722345029205,0.0,-1.5997865313844983,-0.0482647093776571,0.0236005079426009,0.0333333333333333,0.7666666666666667,0.9333333333333332,0.2824561403508772
EP5_2024_dec_jan,2024-12-16,2025-01-14,-0.0599727424455215,-0.06,83,30,-0.0345834984386851,-0.0051052201811679,-2.0354061342972494,-0.0458462604327935,0.0253892440068364,0.0333333333333333,0.7666666666666667,0.8666666666666667,0.3385964912280702
EP5_2024_dec_jan,2024-12-16,2025-01-14,-0.0599727424455215,-0.06,84,30,-0.03311136645817,-0.0098372181431526,-2.3632624370575974,-0.0396556296215942,0.0268613759873514,0.0,0.7333333333333333,1.0666666666666669,0.2824561403508772
EP5_2024_dec_jan,2024-12-16,2025-01-14,-0.0599727424455215,-0.06,85,30,-0.0234697220402928,0.0,-1.3132489706857962,-0.0366099428271769,0.0365030204052287,0.0666666666666666,0.8333333333333334,0.8,0.3298245614035088
EP5_2024_dec_jan,2024-12-16,2025-01-14,-0.0599727424455215,-0.06,86,30,-0.0286722845502626,-0.0051052201811679,-1.5655298900746095,-0.0390389543750469,0.0313004578952589,0.0333333333333333,0.8,0.9,0.2964912280701754
EP5_2024_dec_jan,2024-12-16,2025-01-14,-0.0599727424455215,-0.06,87,30,-0.031577667049872,-0.0074046974310067,-1.9866366357378784,-0.0427987004573541,0.0283950753956494,0.0,0.7333333333333333,0.9,0.3105263157894737
EP5_2024_dec_jan,2024-12-16,2025-01-14,-0.0599727424455215,-0.06,88,30,-0.0168432767304913,0.0,-1.343509412911953,-0.0214838706360138,0.0431294657150301,0.0333333333333333,0.9333333333333332,0.8666666666666667,0.1508771929824561
EP5_2024_dec_jan,2024-12-16,2025-01-14,-0.0599727424455215,-0.06,89,30,-0.0223492533745201,0.0,-1.8887055741287304,-0.029172408281656,0.0376234890710013,0.0333333333333333,0.8666666666666667,0.9,0.2385964912280701
EP5_2024_dec_jan,2024-12-16,2025-01-14,-0.0599727424455215,-0.06,90,30,-0.0394100438383393,-0.0073348058377136,-1.9265764190958727,-0.0526002122698071,0.0205626986071822,0.0666666666666666,0.6666666666666666,0.9666666666666668,0.368421052631579
EP5_2024_dec_jan,2024-12-16,2025-01-14,-0.0599727424455215,-0.06,91,30,-0.0221397872481126,0.0,-1.303346321853978,-0.0341974537896751,0.0378329551974088,0.0,0.8666666666666667,0.7666666666666667,0.2596491228070176
EP5_2024_dec_jan,2024-12-16,2025-01-14,-0.0599727424455215,-0.06,92,30,-0.0210231413100101,0.0,-1.1703873545941692,-0.0376448016039772,0.0389496011355114,0.1333333333333333,0.8333333333333334,0.7666666666666667,0.3912280701754386
EP5_2024_dec_jan,2024-12-16,2025-01-14,-0.0599727424455215,-0.06,93,30,-0.0252647635451085,0.0,-1.3580491440119635,-0.0348302889581499,0.0347079789004129,0.0333333333333333,0.8333333333333334,0.6333333333333333,0.2087719298245614
EP5_2024_dec_jan,2024-12-16,2025-01-14,-0.0599727424455215,-0.06,94,30,-0.0217304829907356,0.0,-1.1904670466468523,-0.0293146321283897,0.0382422594547859,0.0,0.8333333333333334,0.7,0.219298245614035
EP5_2024_dec_jan,2024-12-16,2025-01-14,-0.0599727424455215,-0.06,95,30,-0.0277332582416088,0.0,-1.355075383225728,-0.0354518980004294,0.0322394842039126,0.0666666666666666,0.8333333333333334,0.8666666666666667,0.2508771929824561
EP5_2024_dec_jan,2024-12-16,2025-01-14,-0.0599727424455215,-0.06,96,30,-0.036730853384769,0.0,-1.6645942031725305,-0.0464659514940478,0.0232418890607524,0.0666666666666666,0.7333333333333333,0.9,0.2982456140350877
EP5_2024_dec_jan,2024-12-16,2025-01-14,-0.0599727424455215,-0.06,97,30,-0.0350873406305706,-0.0127974197519186,-1.6988538018890849,-0.0457680077870549,0.0248854018149509,0.0,0.8333333333333334,1.0333333333333334,0.3298245614035088
EP5_2024_dec_jan,2024-12-16,2025-01-14,-0.0599727424455215,-0.06,98,30,-0.0203742805886419,0.0,-1.5046138172040562,-0.0249443784646183,0.0395984618568795,0.0,0.8666666666666667,0.7666666666666667,0.2035087719298245
EP5_2024_dec_jan,2024-12-16,2025-01-14,-0.0599727424455215,-0.06,99,30,-0.0300957149824694,0.0,-1.837170227960056,-0.0360029573710924,0.029877027463052,0.0333333333333333,0.7333333333333333,0.9333333333333332,0.2578947368421053
