scheme,scheme_id,note,run,universe,months,eval_days,win_start,win_end,n_names,bench_ret,mean_ret,median_ret,mean_sharpe,mean_mdd,mean_vs_bench,pct_positive,pct_beat_bench,mean_trades,mean_exposure
S01_baseline,1,baseline,0,QQQ,1,21,2025-11-20,2025-12-19,30,0.053579682230214365,-0.0025981658611298236,0.0,-0.4326333420356103,-0.029087519582616315,-0.056177848091344185,0.23333333333333334,0.03333333333333333,0.9333333333333333,0.273015873015873
S01_baseline,1,baseline,1,SOX,3,63,2026-03-02,2026-05-29,30,0.6174710256930269,0.07107269349731554,0.018512677220694163,0.49967587965585436,-0.12716409760083672,-0.5463983321957113,0.5,0.0,2.8,0.37407407407407406
S01_baseline,1,baseline,2,SOX,5,105,2025-12-18,2026-05-20,30,0.7827370590814902,0.3449256099961028,0.2841926321895083,1.466652066395526,-0.15672608875228056,-0.4378114490853874,0.8333333333333334,0.1,4.333333333333333,0.46666666666666673
S01_baseline,1,baseline,3,QQQ,3,63,2026-04-13,2026-07-13,30,0.1540875915731792,0.02689276767008808,0.0,0.527257510660618,-0.0813702295040719,-0.1271948239030911,0.4,0.1,1.9666666666666666,0.2566137566137566
S01_baseline,1,baseline,4,QQQ,4,84,2026-03-16,2026-07-15,30,0.198298988307277,0.0647213311560114,0.018338226145071523,0.28223728074651877,-0.10395692597717293,-0.1335776571512656,0.5333333333333333,0.23333333333333334,3.2,0.2611111111111111
S01_baseline,1,baseline,5,QQQ,4,84,2026-03-31,2026-07-30,30,0.18559408841879899,0.054447005360576776,0.002917335567954593,0.4824667878622523,-0.10329351299604364,-0.13114708305822217,0.5333333333333333,0.16666666666666666,3.1666666666666665,0.2995238095238096
S01_baseline,1,baseline,6,SOX,4,84,2025-12-02,2026-04-02,30,0.12375222781732442,0.11648743530271898,0.05642585479034368,0.49136036836302033,-0.13653716495532445,-0.007264792514605452,0.6,0.4,3.1333333333333333,0.44682539682539685
S01_baseline,1,baseline,7,SOX,5,105,2026-02-12,2026-07-15,30,0.5814393888363869,0.19290419086767602,0.08989935343141164,0.9129715741332327,-0.12398855824927368,-0.3885351979687109,0.7,0.13333333333333333,3.433333333333333,0.2714285714285714
S01_baseline,1,baseline,8,QQQ,4,84,2026-03-26,2026-07-27,30,0.19010377870340256,0.12979351760561222,0.035784341489607074,0.710783642794225,-0.10307371879402186,-0.06031026109779036,0.5666666666666667,0.23333333333333334,2.4,0.3182539682539682
S01_baseline,1,baseline,9,QQQ,6,126,2025-12-12,2026-06-15,30,0.2155697721095251,0.13144129102602314,0.08312825666813262,0.42493661217655065,-0.12208362561029666,-0.08412848108350195,0.6,0.3,4.5,0.32380952380952377
S01_baseline,1,baseline,10,SOX,4,84,2025-12-18,2026-04-21,30,0.44144355724199347,0.2524064520145339,0.15256682856249004,1.457777916493445,-0.13522794778809846,-0.1890371052274596,0.7666666666666667,0.2,4.2,0.4166666666666667
S01_baseline,1,baseline,11,QQQ,1,21,2026-05-22,2026-06-23,30,-0.004328266317644047,-0.0025909540004527536,0.0,-0.40565643050478023,-0.047967500328286526,0.0017373123171912938,0.23333333333333334,0.6666666666666666,0.9333333333333333,0.29523809523809524
S01_baseline,1,baseline,12,QQQ,5,105,2026-02-03,2026-07-06,30,0.1751877418375951,0.0754245615408756,0.03463836844110346,0.5949944384720752,-0.0991268368363911,-0.09976318029671952,0.6,0.16666666666666666,3.4,0.2320634920634921
S01_baseline,1,baseline,13,QQQ,6,126,2026-01-05,2026-07-07,30,0.1506742303165851,0.1019694596916896,0.040506965683671514,0.47879483633954945,-0.1180649843949157,-0.04870477062489549,0.7333333333333333,0.23333333333333334,4.1,0.28042328042328035
S01_baseline,1,baseline,14,QQQ,6,126,2025-11-14,2026-05-18,30,0.16230450246980266,0.02865395868117876,0.025277995809467768,0.02011215544924784,-0.12813843071278544,-0.1336505437886239,0.5666666666666667,0.16666666666666666,4.566666666666666,0.29126984126984123
S01_baseline,1,baseline,15,SOX,6,126,2025-12-03,2026-06-04,30,0.9523368242325079,0.3155065811856385,0.22755139385175527,1.240102285756014,-0.16376734443905935,-0.6368302430468694,0.8,0.1,4.9,0.41296296296296303
S01_baseline,1,baseline,16,QQQ,3,63,2025-10-16,2026-01-15,30,0.037652509684045876,-0.01682149669954448,-0.012362739920691923,-0.6068464975822891,-0.08483460324042477,-0.05447400638359035,0.26666666666666666,0.23333333333333334,2.1666666666666665,0.3031746031746031
S01_baseline,1,baseline,17,QQQ,3,63,2025-12-26,2026-03-27,30,-0.09713353014174231,-0.018933258141576117,-0.013450156389382573,-0.6957411500461599,-0.09468679258832627,0.0782002720001662,0.36666666666666664,0.7333333333333333,2.7666666666666666,0.3185185185185185
S01_baseline,1,baseline,18,QQQ,3,63,2025-10-10,2026-01-09,30,0.0643890640324265,0.01604288275930983,0.004404527217044429,0.007426994984276355,-0.08062111219904344,-0.04834618127311667,0.5333333333333333,0.26666666666666666,2.8,0.35449735449735453
S01_baseline,1,baseline,19,QQQ,1,21,2026-04-10,2026-05-08,30,0.16390909869939163,0.06661983058460014,0.0,1.2744108478881688,-0.026840827249753573,-0.09728926811479151,0.3333333333333333,0.16666666666666666,0.7333333333333333,0.2253968253968254
S01_baseline,1,baseline,20,QQQ,5,105,2026-01-06,2026-06-05,30,0.1323810712644058,0.013820205051382954,-0.010196835297854145,-0.056238578606838986,-0.11957459730297562,-0.11856086621302285,0.4,0.2,3.066666666666667,0.2933333333333333
S01_baseline,1,baseline,21,QQQ,2,42,2026-04-10,2026-06-09,30,0.15834513324509358,0.0281542329121389,0.0,0.2525571967627926,-0.04045815463082968,-0.1301909003329547,0.26666666666666666,0.13333333333333333,0.8333333333333334,0.13968253968253966
S01_baseline,1,baseline,22,QQQ,1,21,2026-03-06,2026-04-06,30,-0.017520480139253114,-0.025840941376401336,0.0,-1.4988355305850258,-0.04612245892828862,-0.00832046123714822,0.06666666666666667,0.6,1.0333333333333334,0.2365079365079365
S01_baseline,1,baseline,23,QQQ,2,42,2025-12-05,2026-02-05,30,-0.04425522654567304,-0.016129399896433697,0.0,-0.5779278194887749,-0.0544138968837202,0.028125826649239346,0.16666666666666666,0.7666666666666667,1.2,0.30158730158730157
S01_baseline,1,baseline,24,SOX,3,63,2025-12-29,2026-03-30,30,0.015265534100073808,0.11941849915022047,0.06579135923838286,0.7789303594490812,-0.1246061740571056,0.10415296505014666,0.7,0.6,2.8666666666666667,0.4518518518518518
S01_baseline,1,baseline,25,QQQ,1,21,2026-06-23,2026-07-22,30,-0.011630419034791895,-0.0158599427348915,-0.00020000000000003348,-1.1575890798513568,-0.06094882607398562,-0.004229523700099606,0.16666666666666666,0.6,1.1333333333333333,0.3793650793650794
S01_baseline,1,baseline,26,SOX,2,42,2026-04-30,2026-06-30,30,0.3892690068984983,0.1256767130505462,0.023448543526668364,1.4662301684716563,-0.08515191165820159,-0.2635922938479521,0.6333333333333333,0.1,1.7333333333333334,0.3333333333333333
S01_baseline,1,baseline,27,QQQ,6,126,2026-01-26,2026-07-27,30,0.09316443448298051,0.07248155729325435,0.016131822717026956,0.44611490388028346,-0.10891200563397763,-0.020682877189726154,0.5333333333333333,0.3,3.066666666666667,0.19650793650793652
S01_baseline,1,baseline,28,QQQ,6,126,2025-10-28,2026-04-29,30,0.047932829404818245,0.017672605064302307,0.0,0.09070399887114346,-0.11796485094169198,-0.030260224340515937,0.4666666666666667,0.36666666666666664,5.166666666666667,0.2965608465608465
S01_baseline,1,baseline,29,SOX,6,126,2026-01-23,2026-07-24,30,0.5305187986610824,0.21824731302843575,0.06873270964527434,0.666473821447138,-0.140503761035764,-0.3122714856326468,0.6333333333333333,0.16666666666666666,4.2,0.2661375661375661
S01_baseline,1,baseline,30,SOX,4,84,2026-02-19,2026-06-18,30,0.7989765146119903,0.1505435120181911,0.052797165526344614,0.6874842797893269,-0.13483656720281803,-0.6484330025937992,0.5666666666666667,0.0,3.066666666666667,0.2908730158730159
S01_baseline,1,baseline,31,SOX,6,126,2025-10-20,2026-04-21,30,0.43897314691265166,0.16180578282132763,0.061691480158571066,0.546415014126697,-0.16316699191992245,-0.277167364091324,0.6,0.13333333333333333,4.766666666666667,0.3362433862433863
S01_baseline,1,baseline,32,QQQ,1,21,2026-05-20,2026-06-18,30,0.03851920725354496,0.03488758295763773,0.0,0.6638609779841709,-0.04938107209500587,-0.0036316242959072284,0.3,0.23333333333333334,0.8666666666666667,0.2523809523809524
S01_baseline,1,baseline,33,QQQ,1,21,2026-05-12,2026-06-10,30,-0.019158941484444525,0.016485414010803032,0.0,0.38500256444204817,-0.04908396045368937,0.03564435549524756,0.26666666666666666,0.8333333333333334,0.6666666666666666,0.30158730158730157
S01_baseline,1,baseline,34,QQQ,3,63,2025-10-13,2026-01-12,30,0.043135568945508185,0.004785600859505061,-0.004163145726874928,0.0705558261319294,-0.08868172021578459,-0.03834996808600312,0.36666666666666664,0.3,2.6333333333333333,0.3465608465608466
S01_baseline,1,baseline,35,QQQ,5,105,2026-03-02,2026-07-30,30,0.12674771519668493,0.03287330144006596,0.0,0.08223524972484896,-0.1158653522626168,-0.09387441375661898,0.4666666666666667,0.16666666666666666,3.2,0.26791666666666664
S01_baseline,1,baseline,36,SOX,5,105,2025-11-18,2026-04-21,30,0.522044868823031,0.14842229447757624,0.06011017809408448,0.6570834310534616,-0.14551669195504785,-0.3736225743454547,0.6,0.1,4.133333333333334,0.38031746031746033
S01_baseline,1,baseline,37,SOX,4,84,2026-03-24,2026-07-23,30,0.6172124170679847,0.19613987603904937,0.14597027307135235,1.3576376663978467,-0.1120895450319128,-0.4210725410289354,0.7333333333333333,0.03333333333333333,2.3,0.3214285714285715
S01_baseline,1,baseline,38,QQQ,3,63,2025-10-20,2026-01-20,30,-0.0044093933230131555,0.00971999196647459,0.0,-0.09873272324216137,-0.06478614425583752,0.014129385289487746,0.43333333333333335,0.5333333333333333,2.1333333333333333,0.30423280423280424
S01_baseline,1,baseline,39,QQQ,1,21,2025-12-09,2026-01-08,30,-0.006048386306410247,0.018534439101187614,0.0,0.33053808132799145,-0.03236198017431313,0.02458282540759786,0.36666666666666664,0.8,0.7333333333333333,0.4492063492063492
S01_baseline,1,baseline,40,QQQ,4,84,2025-12-31,2026-05-01,30,0.0987939124472359,0.03345095784546451,0.0,-0.05374693567939661,-0.11764808602137257,-0.06534295460177139,0.43333333333333335,0.26666666666666666,3.033333333333333,0.2880952380952381
S01_baseline,1,baseline,41,QQQ,3,63,2025-11-18,2026-02-19,30,0.013310957671084811,0.04116719249947279,0.014314968148601781,0.23561199127589574,-0.09031665959097725,0.02785623482838799,0.5666666666666667,0.5,3.1666666666666665,0.43650793650793657
S01_baseline,1,baseline,42,SOX,1,21,2026-04-15,2026-05-13,30,0.31461207190634655,0.10091888820961073,0.06921067865160002,2.201929385610714,-0.062264762127118164,-0.21369318369673587,0.6,0.06666666666666667,0.9,0.5746031746031746
S01_baseline,1,baseline,43,SOX,6,126,2026-02-03,2026-08-04,30,0.570424974009125,0.14314550313313704,0.05951244886538487,0.5636701704661725,-0.13456369330832654,-0.4272794708759879,0.6333333333333333,0.06666666666666667,3.8666666666666667,0.23439153439153443
S01_baseline,1,baseline,44,QQQ,3,63,2026-03-03,2026-06-01,30,0.23620562778575316,-0.0029451005957119468,-0.03726498807307155,-0.752151855185868,-0.09027402860182886,-0.23915072838146514,0.2,0.1,2.033333333333333,0.25925925925925924
S01_baseline,1,baseline,45,SOX,1,21,2026-05-12,2026-06-10,30,0.04945841800328932,0.032015975015916597,0.0,-0.013681769188679424,-0.07991639171532665,-0.017442442987372724,0.4,0.23333333333333334,1.0666666666666667,0.3952380952380952
S01_baseline,1,baseline,46,QQQ,3,63,2026-01-21,2026-04-21,30,0.04683329650346568,-0.00736549893223339,0.0,-0.19314774657844713,-0.07912004914817443,-0.054198795435699075,0.26666666666666666,0.2,2.3,0.2423280423280423
S01_baseline,1,baseline,47,QQQ,3,63,2025-12-09,2026-03-11,30,-0.02652116695094686,0.0275491082154776,0.0,-0.0010696428298146506,-0.09292454208911526,0.054070275166424465,0.43333333333333335,0.6666666666666666,2.4,0.36825396825396817
S01_baseline,1,baseline,48,SOX,1,21,2026-04-17,2026-05-15,30,0.22325654840946219,0.0811634157252362,0.04909550061427859,1.9480473117177957,-0.08255912820480975,-0.142093132684226,0.6666666666666666,0.16666666666666666,1.2333333333333334,0.6222222222222221
S01_baseline,1,baseline,49,SOX,3,63,2025-12-29,2026-03-30,30,0.015265534100073808,0.11784457357618479,0.08315493033077848,0.7336692619604481,-0.1320364570991843,0.10257903947611098,0.6333333333333333,0.5666666666666667,3.033333333333333,0.4677248677248676
S01_baseline,1,baseline,50,SOX,4,84,2026-02-19,2026-06-18,30,0.7989765146119903,0.16535712927539786,0.05915809190257537,0.654009158324534,-0.13036773076142724,-0.6336193853365925,0.5666666666666667,0.03333333333333333,3.3666666666666667,0.3194444444444444
S01_baseline,1,baseline,51,SOX,3,63,2026-02-02,2026-05-01,30,0.32137839226606824,0.09954711647354827,0.0075075463934182185,1.0101993705100545,-0.12678051787240177,-0.22183127579251996,0.5333333333333333,0.2,2.933333333333333,0.34391534391534395
S01_baseline,1,baseline,52,SOX,1,21,2025-10-28,2025-11-25,29,-0.06854981874254262,-0.004331235007990142,0.0,-0.4085606076254358,-0.05238292857169984,0.06421858373455248,0.10344827586206896,0.8275862068965517,0.7931034482758621,0.25123152709359603
S01_baseline,1,baseline,53,SOX,5,105,2026-01-30,2026-07-01,30,0.7336254149468011,0.19068892960727413,0.06998917580322506,0.7143856926087776,-0.1248718630286548,-0.542936485339527,0.6666666666666666,0.1,3.6,0.2796825396825397
S01_baseline,1,baseline,54,SOX,3,63,2026-04-07,2026-07-07,30,0.5871635017095274,0.19231966461273892,0.10863421714126353,1.4143135587466278,-0.10629721042746502,-0.3948438370967884,0.6,0.03333333333333333,2.0,0.32539682539682535
S01_baseline,1,baseline,55,QQQ,4,84,2025-11-17,2026-03-19,30,-0.01636005142895991,-0.02559065292953433,-0.011773497575040814,-0.44872996754089056,-0.1010278915280052,-0.00923060150057442,0.3333333333333333,0.5,2.966666666666667,0.2924603174603174
S01_baseline,1,baseline,56,QQQ,1,21,2026-02-13,2026-03-16,30,-0.0025583859533216957,-0.015025252448434312,0.0,-1.0584577185223414,-0.035727803625106996,-0.012466866495112616,0.06666666666666667,0.5333333333333333,0.8666666666666667,0.2920634920634921
S01_baseline,1,baseline,57,SOX,2,42,2026-06-04,2026-08-04,30,-0.09996760982493191,-0.04445264174187966,-0.00019999999999997797,-0.5095070496584684,-0.08945417312587778,0.055514968083052244,0.16666666666666666,0.7333333333333333,1.5666666666666667,0.17301587301587298
S01_baseline,1,baseline,58,SOX,3,63,2025-12-17,2026-03-19,30,0.19345648012704064,0.16754835342953445,0.1252081274222434,1.0357508710847003,-0.10841399792334135,-0.0259081266975062,0.7333333333333333,0.26666666666666666,2.533333333333333,0.4931216931216931
S01_baseline,1,baseline,59,SOX,3,63,2025-10-30,2026-01-30,30,0.13554688673971715,0.1018936015318362,0.06576587042210458,0.9853004772315329,-0.08119537441962234,-0.03365328520788095,0.6333333333333333,0.3,1.9666666666666666,0.35714285714285715
S01_baseline,1,baseline,60,SOX,5,105,2025-12-24,2026-05-27,30,0.8433638259991032,0.32086104032346113,0.233202965625125,1.3373671979673187,-0.15460556538430856,-0.5225027856756421,0.8,0.06666666666666667,4.533333333333333,0.41777777777777775
S01_baseline,1,baseline,61,QQQ,6,126,2025-11-14,2026-05-18,30,0.16230450246980266,0.07777540635446582,0.04130763124968295,0.41062469487442815,-0.13788850063319336,-0.0845290961153368,0.6,0.26666666666666666,4.533333333333333,0.344973544973545
S01_baseline,1,baseline,62,SOX,1,21,2025-10-22,2025-11-19,29,-0.008869215654012219,0.023674068615218192,0.0,-0.06792217581336465,-0.053281586121088166,0.032543284269230414,0.20689655172413793,0.7931034482758621,0.7586206896551724,0.31362889983579645
S01_baseline,1,baseline,63,SOX,5,105,2026-01-27,2026-06-26,30,0.682191476610537,0.17051604160461692,0.05915809190257537,0.6551181572702499,-0.1418820615817878,-0.5116754350059202,0.6,0.1,4.233333333333333,0.293015873015873
S01_baseline,1,baseline,64,SOX,2,42,2026-06-01,2026-07-30,30,-0.1174276400101516,0.0009466817592203174,0.0,-0.0036495556970658058,-0.0828251886375301,0.11837432176937195,0.3,0.9,1.4,0.17698412698412697
S01_baseline,1,baseline,65,SOX,2,42,2025-11-13,2026-01-14,30,0.14861522423376083,0.04544974348360733,0.004268602779673003,0.5546729428973768,-0.06805637343507641,-0.10316548075015348,0.5,0.2,1.4333333333333333,0.3619047619047619
S01_baseline,1,baseline,66,QQQ,4,84,2026-01-05,2026-05-05,30,0.10433740383412182,0.06181594371943007,0.005540943822665123,0.3542915768225962,-0.10080412181074869,-0.04252146011469175,0.5333333333333333,0.3,2.966666666666667,0.23888888888888893
S01_baseline,1,baseline,67,SOX,3,63,2025-10-08,2026-01-07,30,0.11602532027090895,0.07090738154617846,0.03493888507979037,0.6925957558219583,-0.10943602714638005,-0.045117938724730494,0.6,0.3,2.8,0.36931216931216926
S01_baseline,1,baseline,68,QQQ,3,63,2026-03-12,2026-06-10,30,0.16291853197597006,0.01706732415762706,-0.0031469580170758737,-0.5373875889597365,-0.10128491525043432,-0.145851207818343,0.3,0.16666666666666666,2.0,0.27195767195767195
S01_baseline,1,baseline,69,SOX,3,63,2026-02-10,2026-05-11,30,0.5169115193757234,0.15868625358558777,0.08258080106336152,1.1221375687949444,-0.12153385196728221,-0.3582252657901356,0.6333333333333333,0.13333333333333333,2.8333333333333335,0.33968253968253964
S01_baseline,1,baseline,70,SOX,2,42,2026-04-20,2026-06-17,30,0.4369890603712372,0.11068808060592689,0.048439671069450574,1.3411464185776616,-0.08923864576856665,-0.3263009797653103,0.6333333333333333,0.0,1.8,0.342063492063492
S01_baseline,1,baseline,71,QQQ,4,84,2025-11-25,2026-03-27,30,-0.07369946136455985,-0.007829760542095898,0.0,-0.29644436535713614,-0.08132348777470999,0.06586970082246395,0.36666666666666664,0.7666666666666667,2.6666666666666665,0.2837301587301587
S01_baseline,1,baseline,72,QQQ,1,21,2026-07-06,2026-08-03,29,-0.03147394893538902,0.008827728205730342,0.0,0.07053523097735694,-0.059732330822082604,0.04030167714111936,0.41379310344827586,0.7241379310344828,1.1379310344827587,0.4351395730706075
S01_baseline,1,baseline,73,SOX,1,21,2025-11-21,2025-12-22,29,0.12352831263385533,0.00036769828361030827,0.0,0.1010947577866095,-0.06306540606008823,-0.12316061435024502,0.3793103448275862,0.06896551724137931,0.9655172413793104,0.3563218390804598
S01_baseline,1,baseline,74,SOX,5,105,2025-11-20,2026-04-23,30,0.6483335132629424,0.2180305262484831,0.1351080918537918,0.9063703318457971,-0.13355743697988884,-0.4303029870144594,0.6666666666666666,0.13333333333333333,3.8333333333333335,0.3628571428571429
S01_baseline,1,baseline,75,QQQ,5,105,2026-02-13,2026-07-16,30,0.17558307182151967,0.032323562116856074,-0.005616810108918124,0.24239043131851282,-0.09732245868461362,-0.14325950970466358,0.43333333333333335,0.1,2.966666666666667,0.24825396825396825
S01_baseline,1,baseline,76,QQQ,5,105,2025-11-06,2026-04-09,30,0.00012518616434498142,-0.006848236477817334,-0.009249808605778675,-0.3159352828463202,-0.11135983608032642,-0.0069734226421623155,0.4,0.4,3.9,0.3104761904761905
S01_baseline,1,baseline,77,SOX,1,21,2025-11-19,2025-12-18,30,0.038556640839108036,-0.032972589214970725,-0.026733757510488176,-1.5163285850511086,-0.06954678366295648,-0.07152923005407877,0.13333333333333333,0.06666666666666667,1.0333333333333334,0.3238095238095238
S01_baseline,1,baseline,78,SOX,5,105,2026-01-06,2026-06-05,30,0.644899105329503,0.24005920167635927,0.1288659702087267,1.200330858917209,-0.15271698747101933,-0.40483990365314365,0.7333333333333333,0.13333333333333333,3.8333333333333335,0.40571428571428575
S01_baseline,1,baseline,79,QQQ,4,84,2025-10-23,2026-02-24,30,-0.00315580813168137,-0.012762800029496982,0.0,-0.3363590799868109,-0.097652755678892,-0.009606991897815612,0.36666666666666664,0.5333333333333333,2.9,0.282936507936508
S01_baseline,1,baseline,80,QQQ,3,63,2026-05-05,2026-08-04,30,0.06313795697250413,0.034505767922562804,0.0,0.46707599574079484,-0.1154350535075149,-0.02863218904994132,0.4666666666666667,0.2,2.4,0.3648656898656898
S01_baseline,1,baseline,81,QQQ,3,63,2026-05-01,2026-07-31,30,0.021651026375153704,0.051796334853665124,0.0009766642650664847,0.49847524982103597,-0.08055656092603689,0.030145308478511417,0.5,0.4,1.9333333333333333,0.25555555555555554
S01_baseline,1,baseline,82,SOX,1,21,2026-01-12,2026-02-10,30,0.0638111573646396,0.026778691399384453,0.001724763312067945,0.815774762617946,-0.06312614438128245,-0.03703246596525514,0.5,0.26666666666666666,1.4,0.45873015873015877
S01_baseline,1,baseline,83,SOX,2,42,2026-04-29,2026-06-29,30,0.3659008759031672,0.16354545137720866,0.04075592648560222,1.5015331803872136,-0.06872573861630947,-0.20235542452595862,0.6666666666666666,0.2,1.6333333333333333,0.35238095238095235
S01_baseline,1,baseline,84,QQQ,4,84,2025-09-29,2026-01-28,30,0.05896781537670104,0.02726519694236367,-0.006725459668476763,-0.0022247751086694302,-0.0725674977234163,-0.03170261843433737,0.3,0.2,2.5,0.2920634920634921
S01_baseline,1,baseline,85,SOX,5,105,2026-02-27,2026-07-29,30,0.32137568720837417,0.16144759623432534,0.20029407634465246,0.5616387546406736,-0.14864427530419047,-0.15992809097404884,0.6,0.3,3.8,0.2546031746031746
S01_baseline,1,baseline,86,QQQ,2,42,2026-03-11,2026-05-08,30,0.17185871894096194,0.014350169686546344,-0.00020000000000003348,-0.3611563132698848,-0.058937436815408646,-0.1575085492544156,0.3333333333333333,0.1,1.5,0.226984126984127
S01_baseline,1,baseline,87,QQQ,3,63,2025-10-24,2026-01-26,30,0.014853128471267407,-0.016076481245441993,0.0,-0.429351568756481,-0.06958262597373457,-0.0309296097167094,0.36666666666666664,0.3333333333333333,2.3333333333333335,0.2899470899470899
S01_baseline,1,baseline,88,QQQ,2,42,2025-10-27,2025-12-24,30,-0.005343515024027634,0.0024984585880245434,0.0,0.14739765595171467,-0.06400524433072989,0.007841973612052178,0.3333333333333333,0.6666666666666666,1.9,0.3595238095238095
S01_baseline,1,baseline,89,SOX,5,105,2026-02-25,2026-07-27,30,0.40432970743629215,0.11994711566584283,0.06885032306076289,0.49613656761078634,-0.14250034768056377,-0.2843825917704493,0.5666666666666667,0.1,3.3,0.2530158730158731
S01_baseline,1,baseline,90,QQQ,1,21,2025-12-16,2026-01-15,30,0.017705218899959796,0.006442589447061731,0.0,0.0999473234746041,-0.028681584326777372,-0.011262629452898066,0.26666666666666666,0.23333333333333334,0.7333333333333333,0.3539682539682539
S01_baseline,1,baseline,91,QQQ,4,84,2025-10-01,2026-01-30,30,0.03219429313126332,0.017233799733156883,0.0,0.17657525884522188,-0.09700952724902637,-0.014960493398106433,0.43333333333333335,0.4,3.6333333333333333,0.36626984126984125
S01_baseline,1,baseline,92,SOX,3,63,2026-03-05,2026-06-03,30,0.823955794568481,0.19760039283878422,0.1941784334717901,1.4096876094201296,-0.09872569423394031,-0.6263554017296968,0.6666666666666666,0.0,2.466666666666667,0.36666666666666664
S01_baseline,1,baseline,93,QQQ,4,84,2025-12-12,2026-04-15,30,0.04140347556509405,0.022571918608288506,0.0,-0.09627760864520643,-0.10496782430169069,-0.018831556956805544,0.43333333333333335,0.36666666666666664,3.2,0.2968253968253968
S01_baseline,1,baseline,94,SOX,6,126,2025-12-02,2026-06-03,30,1.0372538641346893,0.37092058126953326,0.26012771622333364,1.4049721724697974,-0.16475590986547864,-0.6663332828651563,0.8333333333333334,0.1,4.7,0.45582010582010585
S01_baseline,1,baseline,95,QQQ,3,63,2025-12-29,2026-03-30,30,-0.09967629287498458,0.008700470416176782,0.0,-0.2072392374628925,-0.07817508681715776,0.10837676329116137,0.3333333333333333,0.9333333333333333,2.3333333333333335,0.282010582010582
S01_baseline,1,baseline,96,SOX,5,105,2025-11-11,2026-04-14,30,0.3622750263869938,0.12338458642254159,0.05414273380032397,0.45856808949162814,-0.14945121714106308,-0.23889043996445228,0.5666666666666667,0.16666666666666666,4.0,0.3393650793650794
S01_baseline,1,baseline,97,QQQ,3,63,2025-12-15,2026-03-17,30,-0.010568813171725533,0.007193730831183946,0.0,-0.09487245227304747,-0.06564697822715179,0.01776254400290948,0.26666666666666666,0.7333333333333333,1.9333333333333333,0.264021164021164
S01_baseline,1,baseline,98,SOX,3,63,2026-02-10,2026-05-11,30,0.5169115193757234,0.13875314271549727,0.07663700392834794,1.1207679996832027,-0.11628868409294807,-0.3781583766602262,0.6333333333333333,0.1,2.9,0.30793650793650784
S01_baseline,1,baseline,99,QQQ,6,126,2025-12-22,2026-06-24,30,0.1503333880697204,0.1102928659515286,0.021641943317463497,0.42962071402391705,-0.14900892176704275,-0.04004052211819179,0.5333333333333333,0.3333333333333333,4.533333333333333,0.2838624338624338
S02_fast_ma,2,fast_ma,0,QQQ,2,42,2025-12-30,2026-03-02,30,-0.01830706738570409,0.021048633811949723,0.0,-0.22952976295830865,-0.05043584303782914,0.03935570119765381,0.36666666666666664,0.6333333333333333,2.1666666666666665,0.28809523809523807
S02_fast_ma,2,fast_ma,1,QQQ,6,126,2025-11-11,2026-05-13,30,0.1527796119738951,0.032518795020266465,0.0,-0.09433738039923716,-0.10556552149370542,-0.12026081695362865,0.4666666666666667,0.1,5.6,0.2288359788359788
S02_fast_ma,2,fast_ma,2,QQQ,4,84,2025-12-10,2026-04-13,30,-0.013774556410480865,0.009680706942555647,0.0,0.08422502500860232,-0.06801696400628535,0.02345526335303651,0.4666666666666667,0.6666666666666666,4.0,0.24126984126984127
S02_fast_ma,2,fast_ma,3,QQQ,2,42,2025-12-29,2026-02-27,30,-0.02187247588800212,0.004610063769683355,0.0,-0.3278241859594831,-0.05331769838420619,0.026482539657685475,0.3,0.6333333333333333,1.9333333333333333,0.2563492063492063
S02_fast_ma,2,fast_ma,4,QQQ,5,105,2026-02-11,2026-07-14,30,0.17660674801085774,0.054526039512701234,0.021257020296727602,0.396199309815583,-0.0780456552587801,-0.1220807084981565,0.5666666666666667,0.13333333333333333,3.6333333333333333,0.18380952380952384
S02_fast_ma,2,fast_ma,5,SOX,1,21,2026-05-06,2026-06-04,30,0.18910167696580138,0.031606647309852555,0.0,0.2583200741992512,-0.042460815644430376,-0.15749502965594886,0.26666666666666666,0.1,0.9333333333333333,0.24603174603174602
S02_fast_ma,2,fast_ma,6,SOX,6,126,2025-12-01,2026-06-02,30,1.0418959983100886,0.18474849842843116,0.10410212344855407,0.7859317197430477,-0.14785190620626334,-0.8571474998816576,0.7,0.0,6.066666666666666,0.3317460317460317
S02_fast_ma,2,fast_ma,7,SOX,2,42,2026-01-09,2026-03-11,30,0.04048293395479541,0.02337425883215554,0.0,0.3952687929187064,-0.07793244365806598,-0.017108675122639867,0.3,0.23333333333333334,2.2,0.27460317460317457
S02_fast_ma,2,fast_ma,8,QQQ,2,42,2026-04-16,2026-06-15,30,0.16164696977401416,0.01920421799090967,0.0,-0.06444460609220692,-0.06474938732380787,-0.1424427517831045,0.36666666666666664,0.1,1.8,0.2007936507936508
S02_fast_ma,2,fast_ma,9,SOX,6,126,2026-01-21,2026-07-22,30,0.5974211386911072,0.174936636017258,0.07793404806211512,0.8964935279380767,-0.12391077876802202,-0.42248450267384924,0.7666666666666667,0.06666666666666667,5.4,0.2272486772486772
S02_fast_ma,2,fast_ma,10,SOX,3,63,2026-02-17,2026-05-15,30,0.4369761928323892,0.13043981663745943,0.009147564393873986,0.9049166624745719,-0.09990915557874278,-0.3065363761949298,0.5333333333333333,0.06666666666666667,2.566666666666667,0.26296296296296295
S02_fast_ma,2,fast_ma,11,QQQ,1,21,2026-04-23,2026-05-21,30,0.09684997367544534,0.016842406821774483,0.0,0.13622018368693453,-0.04358874447586229,-0.08000756685367087,0.2,0.16666666666666666,0.8666666666666667,0.2619047619047619
S02_fast_ma,2,fast_ma,12,QQQ,4,84,2026-02-09,2026-06-09,30,0.15366990498947897,0.05858977563565266,0.0,0.33613201852512214,-0.0751689548877323,-0.09508012935382629,0.4666666666666667,0.16666666666666666,3.2,0.18333333333333338
S02_fast_ma,2,fast_ma,13,QQQ,5,105,2025-10-20,2026-03-20,30,-0.04697983753590851,-0.00011861756821075856,-0.004488917792151104,-0.5796807797348049,-0.07884529656358706,0.046861219967697744,0.43333333333333335,0.6333333333333333,4.0,0.20539682539682538
S02_fast_ma,2,fast_ma,14,QQQ,4,84,2025-10-17,2026-02-18,30,0.004372245728628821,0.01728574110522057,-0.0015177131189231807,-0.08684467317991776,-0.053106597439359846,0.012913495376591748,0.3,0.3,2.5,0.2003968253968254
S02_fast_ma,2,fast_ma,15,SOX,2,42,2025-12-08,2026-02-06,30,0.11593758434320178,0.018020634489858075,-0.02088972883009871,-0.009804537885532356,-0.09793388441662856,-0.0979169498533437,0.3333333333333333,0.16666666666666666,2.566666666666667,0.3944444444444445
S02_fast_ma,2,fast_ma,16,SOX,4,84,2025-10-23,2026-02-24,30,0.24568987311101642,0.009791050865967595,0.0,0.05750985534578627,-0.1165734981176898,-0.2358988222450488,0.43333333333333335,0.06666666666666667,3.6666666666666665,0.2400793650793651
S02_fast_ma,2,fast_ma,17,SOX,5,105,2026-02-02,2026-07-02,30,0.6074683472812843,0.12559882994539515,0.046850250259442006,0.6758989759698006,-0.11620959467766977,-0.4818695173358891,0.6666666666666666,0.06666666666666667,4.0,0.19555555555555554
S02_fast_ma,2,fast_ma,18,QQQ,6,126,2026-02-03,2026-08-04,30,0.17686230267347236,0.08756686899096934,0.016234558826733525,0.43551865934003214,-0.11826543374020229,-0.08929543368250302,0.5666666666666667,0.2,4.6,0.20608465608465612
S02_fast_ma,2,fast_ma,19,SOX,3,63,2025-10-14,2026-01-13,29,0.19624523269158112,-0.005683777167270287,0.0,-0.33009900025633304,-0.08819961326339415,-0.2019290098588514,0.27586206896551724,0.10344827586206896,2.3448275862068964,0.20853858784893267
S02_fast_ma,2,fast_ma,20,QQQ,2,42,2026-05-08,2026-07-09,30,0.0180601374570446,0.056823412812911415,0.0,0.22194858964193645,-0.053883782306047755,0.038763275355866815,0.43333333333333335,0.36666666666666664,1.5666666666666667,0.21746031746031746
S02_fast_ma,2,fast_ma,21,QQQ,5,105,2025-12-08,2026-05-08,30,0.14218663388473285,0.053488325882041346,-0.0004872706789467163,-0.05636833650451043,-0.08068233844373816,-0.08869830800269149,0.4666666666666667,0.13333333333333333,4.133333333333334,0.1907936507936508
S02_fast_ma,2,fast_ma,22,QQQ,3,63,2026-03-05,2026-06-03,30,0.2237414698057245,0.023809684740478943,0.0,-0.2829871669677016,-0.07101102364301705,-0.19993178506524556,0.26666666666666666,0.06666666666666667,1.8666666666666667,0.1481481481481481
S02_fast_ma,2,fast_ma,23,QQQ,2,42,2026-05-20,2026-07-21,30,-0.004768912516587509,0.01887662631502052,0.0,-0.2493922464531648,-0.054580197545299955,0.02364553883160803,0.3,0.6333333333333333,1.8333333333333333,0.20793650793650795
S02_fast_ma,2,fast_ma,24,SOX,1,21,2026-04-16,2026-05-14,30,0.3056534306629073,0.07808232641504347,0.01859915902494258,1.986325713381561,-0.06274915558826565,-0.22757110424786384,0.5333333333333333,0.06666666666666667,1.2333333333333334,0.5031746031746032
S02_fast_ma,2,fast_ma,25,SOX,1,21,2025-11-11,2025-12-10,30,0.07176008039144177,0.012175698268234215,0.0,0.6289105449986206,-0.02837135752282994,-0.05958438212320756,0.43333333333333335,0.23333333333333334,0.9,0.19206349206349208
S02_fast_ma,2,fast_ma,26,SOX,1,21,2026-01-08,2026-02-06,30,0.09052517345593203,0.034061636819509876,0.0,0.7462264809519644,-0.06328764146841752,-0.05646353663642215,0.4666666666666667,0.2,1.3666666666666667,0.407936507936508
S02_fast_ma,2,fast_ma,27,SOX,6,126,2025-12-10,2026-06-11,30,0.8592992994619526,0.1624032428114727,0.09099683525210844,0.609480589500757,-0.1505213615553305,-0.6968960566504799,0.7,0.0,6.5,0.2907407407407407
S02_fast_ma,2,fast_ma,28,QQQ,1,21,2025-09-30,2025-10-28,30,0.05421653616699196,-0.006212906139130485,0.0,-0.5459082525003139,-0.03825722049663445,-0.06042944230612245,0.13333333333333333,0.1,1.2,0.2698412698412698
S02_fast_ma,2,fast_ma,29,QQQ,4,84,2026-03-26,2026-07-27,30,0.19010377870340256,0.06398511109816413,0.0,-0.10790008097693622,-0.08730476228413413,-0.12611866760523843,0.4666666666666667,0.13333333333333333,3.6,0.20634920634920634
S02_fast_ma,2,fast_ma,30,SOX,3,63,2025-11-24,2026-02-25,30,0.3036404809673894,0.052609166060936574,-0.0037205969940670713,0.39213922539679846,-0.11297368183962704,-0.2510313149064528,0.43333333333333335,0.1,3.2,0.3539682539682538
S02_fast_ma,2,fast_ma,31,SOX,4,84,2026-03-20,2026-07-21,30,0.6629647609934404,0.20317233452730102,0.1281984668222128,1.373484598449621,-0.09840870445140087,-0.4597924264661394,0.7666666666666667,0.06666666666666667,2.466666666666667,0.25912698412698415
S02_fast_ma,2,fast_ma,32,SOX,5,105,2025-12-15,2026-05-15,30,0.7099386095424811,0.23242810043075732,0.10541125587563982,1.1223252499278684,-0.1363148726295195,-0.47751050911172377,0.8333333333333334,0.06666666666666667,5.866666666666666,0.373968253968254
S02_fast_ma,2,fast_ma,33,QQQ,1,21,2026-03-05,2026-04-02,30,-0.038088372410799654,-0.01757594974154719,0.0,-1.3693781287484101,-0.026919226737606345,0.020512422669252465,0.1,0.8,0.9,0.11587301587301588
S02_fast_ma,2,fast_ma,34,SOX,1,21,2026-05-20,2026-06-18,30,0.22956247910239447,0.0331464263318503,0.0,1.3209299918949653,-0.029897989438131555,-0.19641605277054416,0.36666666666666664,0.03333333333333333,1.0333333333333334,0.1587301587301587
S02_fast_ma,2,fast_ma,35,SOX,4,84,2026-03-10,2026-07-09,30,0.7187650811215558,0.19689496067914966,0.10752514169772887,1.2491688966543932,-0.10738168046720738,-0.521870120442406,0.8,0.06666666666666667,3.2333333333333334,0.2472222222222222
S02_fast_ma,2,fast_ma,36,SOX,2,42,2025-09-29,2025-11-25,29,0.05447522034882879,-0.005046745256331182,0.0,-0.5615190982752813,-0.07728532811845462,-0.059521965605159974,0.2413793103448276,0.06896551724137931,1.9310344827586208,0.21592775041050907
S02_fast_ma,2,fast_ma,37,SOX,4,84,2025-12-03,2026-04-06,30,0.11461230685363732,0.03958630483488931,-0.025874292223899364,0.14822957636748252,-0.14339959831227553,-0.07502600201874803,0.4,0.3333333333333333,4.6,0.3357142857142857
S02_fast_ma,2,fast_ma,38,QQQ,5,105,2026-01-12,2026-06-11,30,0.1448637920460598,0.08542228601070069,0.014598232088923746,0.3052973321820171,-0.07081652193535598,-0.059441506035359144,0.5333333333333333,0.2,3.2666666666666666,0.153015873015873
S02_fast_ma,2,fast_ma,39,QQQ,4,84,2025-12-01,2026-04-01,30,-0.05082783849625683,-0.006922374349028345,-0.026358758872612686,-0.6213954029465663,-0.08362390234296206,0.043905464147228485,0.3333333333333333,0.6,3.933333333333333,0.25515873015873014
S02_fast_ma,2,fast_ma,40,SOX,4,84,2025-10-10,2026-02-10,30,0.29396286339430455,0.09872876158349267,0.0,0.1615321394844545,-0.09597536780762983,-0.19523410181081186,0.4,0.13333333333333333,4.3,0.27420634920634923
S02_fast_ma,2,fast_ma,41,SOX,5,105,2026-02-25,2026-07-27,30,0.40432970743629215,0.11799802927698465,0.040806496702935235,0.5043715838738214,-0.1216595834868536,-0.28633167815930755,0.5333333333333333,0.1,4.1,0.19619047619047617
S02_fast_ma,2,fast_ma,42,SOX,2,42,2025-11-17,2026-01-16,30,0.2095210329407058,0.0135738564842941,0.0,0.15997328390167842,-0.07285783328348291,-0.19594717645641171,0.3333333333333333,0.03333333333333333,1.9,0.28968253968253965
S02_fast_ma,2,fast_ma,43,SOX,4,84,2026-01-02,2026-05-04,30,0.47389043541895925,0.15110187630726338,0.07260377956954756,1.0787653515182714,-0.1206941699162838,-0.3227885591116959,0.7,0.1,4.2,0.31666666666666665
S02_fast_ma,2,fast_ma,44,SOX,2,42,2025-11-03,2026-01-02,29,0.018709397251551296,-0.03148913450789429,-0.004811204722570017,-0.7315565935647471,-0.08910270199786977,-0.050198531759445573,0.20689655172413793,0.10344827586206896,1.793103448275862,0.25123152709359603
S02_fast_ma,2,fast_ma,45,QQQ,2,42,2025-11-18,2026-01-20,30,0.02101837753300506,-0.00793263766401519,-0.0003144985217667373,-0.6817598801543832,-0.04490206798136008,-0.02895101519702025,0.23333333333333334,0.2,1.9,0.2214285714285714
S02_fast_ma,2,fast_ma,46,QQQ,2,42,2026-04-30,2026-06-30,30,0.1040364955314863,0.008522631090947638,0.0,-0.04422761132826701,-0.05773551341520618,-0.09551386444053866,0.23333333333333334,0.1,1.4333333333333333,0.18095238095238095
S02_fast_ma,2,fast_ma,47,QQQ,1,21,2026-01-16,2026-02-17,30,-0.032128326991142875,0.007252002933980698,0.0,-0.0034111649110753523,-0.019266212962509386,0.03938032992512356,0.23333333333333334,0.9,1.0333333333333334,0.20952380952380953
S02_fast_ma,2,fast_ma,48,QQQ,4,84,2026-03-23,2026-07-22,30,0.20089300698508628,0.0070190543377564914,-0.0001494682249514323,0.10792467635218522,-0.10124983893400259,-0.19387395264732982,0.43333333333333335,0.03333333333333333,2.9,0.2257936507936508
S02_fast_ma,2,fast_ma,49,QQQ,5,105,2025-10-20,2026-03-20,30,-0.04697983753590851,-0.019772683897879024,-0.02299452851740058,-0.5821962431963568,-0.10071462042451486,0.027207153638029485,0.36666666666666664,0.6666666666666666,5.233333333333333,0.2555555555555556
S02_fast_ma,2,fast_ma,50,QQQ,2,42,2026-01-21,2026-03-20,30,-0.055526733619593704,-0.022488614900267247,-0.02087779132984524,-0.5087674540251659,-0.05828202391242188,0.03303811871932646,0.13333333333333333,0.7666666666666667,1.9666666666666666,0.21190476190476187
S02_fast_ma,2,fast_ma,51,QQQ,2,42,2026-02-12,2026-04-14,30,0.04786984818446349,-0.0021542261588050208,0.0,-0.13158851501751215,-0.03756020680130326,-0.05002407434326851,0.23333333333333334,0.1,1.4333333333333333,0.19523809523809527
S02_fast_ma,2,fast_ma,52,SOX,5,105,2026-01-13,2026-06-12,30,0.7900311906833462,0.23089929252648875,0.15611489351515506,1.070719027863049,-0.14277296031937345,-0.5591318981568575,0.7333333333333333,0.1,5.466666666666667,0.3171428571428572
S02_fast_ma,2,fast_ma,53,SOX,6,126,2026-01-23,2026-07-24,30,0.5305187986610824,0.19721548743055897,0.13338723598337998,0.6281055661265669,-0.11948453352596602,-0.3333033112305234,0.6666666666666666,0.1,4.9,0.19365079365079366
S02_fast_ma,2,fast_ma,54,QQQ,6,126,2025-11-24,2026-05-27,30,0.20845863038608625,0.03501018607176605,-0.02478705168878731,-0.08854269071866562,-0.09653049130534545,-0.17344844431432016,0.36666666666666664,0.16666666666666666,4.8,0.20105820105820102
S02_fast_ma,2,fast_ma,55,SOX,5,105,2025-12-19,2026-05-21,30,0.7512201857346004,0.19699717586048954,0.09603033870705935,0.9929800303323284,-0.12004242392618397,-0.5542230098741108,0.6666666666666666,0.1,4.9,0.29174603174603175
S02_fast_ma,2,fast_ma,56,QQQ,4,84,2025-11-04,2026-03-06,30,-0.03024196181016514,-0.015678856683073172,0.0,-0.4576478348859906,-0.07135014921855945,0.014563105127091969,0.36666666666666664,0.6666666666666666,3.466666666666667,0.2388888888888889
S02_fast_ma,2,fast_ma,57,SOX,4,84,2026-02-25,2026-06-25,30,0.7007670678766698,0.14315578779537147,0.048928967183706096,0.7916261011292386,-0.10476165827746027,-0.5576112800812982,0.5666666666666667,0.03333333333333333,3.6,0.21626984126984122
S02_fast_ma,2,fast_ma,58,SOX,1,21,2026-01-29,2026-02-27,30,-0.024478772624997536,0.01241671116431062,0.0,0.3706664096307968,-0.04198015085191143,0.03689548378930816,0.3,0.8,1.0666666666666667,0.31111111111111106
S02_fast_ma,2,fast_ma,59,SOX,6,126,2025-09-29,2026-03-30,30,0.15433411382016882,0.08199481463064846,-0.005677663641604158,0.050441426906863616,-0.1550336474786407,-0.07233929918952035,0.4666666666666667,0.26666666666666666,6.233333333333333,0.27169312169312165
S02_fast_ma,2,fast_ma,60,QQQ,3,63,2025-12-31,2026-04-01,30,-0.04763590208088819,0.011229604346103584,0.0,-0.20521216698302752,-0.051366830621462536,0.05886550642699178,0.36666666666666664,0.7333333333333333,2.7,0.20793650793650792
S02_fast_ma,2,fast_ma,61,SOX,3,63,2026-05-07,2026-08-06,30,0.0820800255785783,0.04837494204533788,0.0,-0.16877979454558015,-0.06157014633042799,-0.0337050835332404,0.36666666666666664,0.3,1.8666666666666667,0.12063492063492062
S02_fast_ma,2,fast_ma,62,QQQ,2,42,2026-02-20,2026-04-21,30,0.05967785940352188,-0.008508840084302416,0.0,-0.15038573592041976,-0.05106941087826752,-0.06818669948782428,0.2,0.13333333333333333,1.7333333333333334,0.17063492063492064
S02_fast_ma,2,fast_ma,63,SOX,6,126,2026-01-28,2026-07-29,30,0.29142614888092955,0.15408584414522444,0.05780720297654163,0.843986139143787,-0.12567446505211358,-0.1373403047357051,0.6666666666666666,0.2,5.033333333333333,0.21560846560846555
S02_fast_ma,2,fast_ma,64,QQQ,5,105,2026-01-02,2026-06-03,30,0.21533864434495809,0.08733796357090179,0.03705843038711354,0.2050482914239409,-0.0933932532574538,-0.12800068077405627,0.5666666666666667,0.16666666666666666,3.7666666666666666,0.2038095238095238
S02_fast_ma,2,fast_ma,65,QQQ,6,126,2025-09-30,2026-03-31,30,-0.03617377722303072,-0.02753258230782716,-0.05365298966889964,-0.6338445388695957,-0.09639256758135945,0.008641194915203565,0.26666666666666666,0.43333333333333335,4.733333333333333,0.2044973544973545
S02_fast_ma,2,fast_ma,66,SOX,3,63,2026-04-27,2026-07-27,30,0.1340882200556297,0.003498962169746663,0.0,-0.1091567067302169,-0.09359140748915408,-0.13058925788588302,0.36666666666666664,0.13333333333333333,2.2333333333333334,0.17460317460317462
S02_fast_ma,2,fast_ma,67,QQQ,3,63,2026-04-06,2026-07-06,30,0.2295910251884461,0.12095488802736104,0.0,0.7136623644999476,-0.06955836222700884,-0.10863613716108506,0.43333333333333335,0.23333333333333334,2.6,0.22698412698412698
S02_fast_ma,2,fast_ma,68,QQQ,3,63,2025-11-28,2026-03-02,30,-0.01675667344751164,-0.0026417860312642,0.0,-0.46404166374741534,-0.06673642558248245,0.014114887416247439,0.36666666666666664,0.5333333333333333,2.8,0.27037037037037037
S02_fast_ma,2,fast_ma,69,QQQ,5,105,2025-12-23,2026-05-26,30,0.1753563087449559,0.06597363140819903,-2.6387641877734236e-05,0.04807719445775264,-0.10178361367367335,-0.10938267733675687,0.4666666666666667,0.16666666666666666,4.733333333333333,0.24952380952380956
S02_fast_ma,2,fast_ma,70,QQQ,1,21,2026-01-21,2026-02-19,30,-0.02078614196315698,-0.0038297866361580502,0.0,-0.05262218543006731,-0.028293689957633355,0.016956355326998927,0.23333333333333334,0.8,1.2,0.23174603174603176
S02_fast_ma,2,fast_ma,71,SOX,4,84,2026-01-23,2026-05-22,30,0.5597491266618595,0.14731879812740656,0.07968834189269669,0.97269649406711,-0.11599065228189391,-0.41243032853445294,0.7333333333333333,0.0,4.866666666666666,0.2896825396825397
S02_fast_ma,2,fast_ma,72,SOX,2,42,2026-04-10,2026-06-09,30,0.4540611601744293,0.19289469534497303,0.08473891159304991,1.9085826778621036,-0.09245207507676771,-0.2611664648294563,0.7333333333333333,0.16666666666666666,2.033333333333333,0.4000000000000001
S02_fast_ma,2,fast_ma,73,QQQ,2,42,2025-12-19,2026-02-20,30,-0.012082751494745247,0.014828850838005957,0.0,0.06642928167911272,-0.045586820189042206,0.026911602332751205,0.36666666666666664,0.6333333333333333,2.1333333333333333,0.2611111111111111
S02_fast_ma,2,fast_ma,74,QQQ,6,126,2025-10-01,2026-04-01,30,-0.02892570501652314,-0.038657837322833295,-0.03262409547594508,-0.5026853079322922,-0.10659940704668099,-0.009732132306310148,0.3,0.5,5.766666666666667,0.19232804232804232
S02_fast_ma,2,fast_ma,75,SOX,5,105,2025-12-24,2026-05-27,30,0.8433638259991032,0.18086699722584051,0.10663385814169923,0.8813433700349601,-0.13476914440989515,-0.6624968287732627,0.7333333333333333,0.03333333333333333,5.933333333333334,0.33587301587301593
S02_fast_ma,2,fast_ma,76,QQQ,2,42,2026-01-09,2026-03-11,30,-0.030256233422579326,0.002014923476513427,0.0,-0.006968048261131784,-0.04322486208771148,0.032271156899092754,0.3333333333333333,0.7333333333333333,2.033333333333333,0.3055555555555555
S02_fast_ma,2,fast_ma,77,SOX,2,42,2026-02-03,2026-04-02,30,-0.0168406374424519,-0.00320212718585412,0.0,-0.31624940706437593,-0.07778735641530134,0.01363851025659778,0.3,0.7,2.2,0.2150793650793651
S02_fast_ma,2,fast_ma,78,SOX,4,84,2025-12-01,2026-04-01,30,0.14254651120854445,0.04155111713475384,0.0,0.19978071430830965,-0.13954005953932955,-0.1009953940737906,0.4666666666666667,0.26666666666666666,3.933333333333333,0.3107142857142857
S02_fast_ma,2,fast_ma,79,QQQ,4,84,2026-03-13,2026-07-14,30,0.2150330261145419,0.03590871325826629,0.012295400756570651,0.2102114419995496,-0.08450623434879058,-0.17912431285627556,0.5666666666666667,0.06666666666666667,3.3333333333333335,0.19285714285714287
S02_fast_ma,2,fast_ma,80,SOX,5,105,2026-01-26,2026-06-25,30,0.8243572444775638,0.1560673257577254,0.10503999993499435,0.9116409118184465,-0.11892885715416558,-0.6682899187198384,0.7,0.0,4.766666666666667,0.24476190476190476
S02_fast_ma,2,fast_ma,81,SOX,4,84,2025-11-11,2026-03-13,30,0.12419260774404117,0.019937675653315137,-0.009211559908061606,-0.21884391211968834,-0.12806418501595793,-0.10425493209072603,0.4,0.23333333333333334,4.4,0.28849206349206347
S02_fast_ma,2,fast_ma,82,QQQ,5,105,2025-12-29,2026-05-29,30,0.1906533570757316,0.059351170091392076,0.0006404857282666931,-0.08582284837587155,-0.08995781947288044,-0.13130218698433951,0.5,0.13333333333333333,4.033333333333333,0.18634920634920635
S02_fast_ma,2,fast_ma,83,SOX,2,42,2025-12-15,2026-02-13,30,0.19183789042528154,0.0796773905645042,0.0,0.7511552313821845,-0.06604380403512321,-0.11216049986077734,0.4666666666666667,0.16666666666666666,2.433333333333333,0.34920634920634924
S02_fast_ma,2,fast_ma,84,SOX,2,42,2025-10-07,2025-12-04,30,0.0864459503076711,0.018870308509468803,-4.815155533360871e-05,-0.6183317484059951,-0.061223012680646664,-0.0675756417982023,0.26666666666666666,0.16666666666666666,2.2,0.17698412698412697
S02_fast_ma,2,fast_ma,85,SOX,1,21,2026-06-17,2026-07-17,30,-0.12992510871184704,-0.021543255507970708,0.0,-0.6627474790307725,-0.04285795418604041,0.10838185320387635,0.03333333333333333,0.9,0.6666666666666666,0.08571428571428572
S02_fast_ma,2,fast_ma,86,QQQ,2,42,2026-03-25,2026-05-22,30,0.22067975008188445,0.0756473638969808,0.0,0.729120125426406,-0.0503224409253676,-0.14503238618490363,0.3333333333333333,0.16666666666666666,1.4,0.22857142857142856
S02_fast_ma,2,fast_ma,87,QQQ,3,63,2026-02-27,2026-05-28,30,0.21281016150768028,0.036113002727656204,0.0,-0.08451851085546529,-0.05601704311095432,-0.1766971587800241,0.3,0.1,1.7333333333333334,0.16560846560846562
S02_fast_ma,2,fast_ma,88,QQQ,1,21,2025-12-19,2026-01-21,30,3.89160915457154e-05,0.0036344016701086853,0.0,-1.1220409252057133,-0.0366522429136531,0.00359548557856297,0.3333333333333333,0.3333333333333333,1.3333333333333333,0.3365079365079364
S02_fast_ma,2,fast_ma,89,QQQ,3,63,2025-12-16,2026-03-18,30,-0.02629086618907206,4.6393707443067216e-05,-0.0052331049720228395,-0.3274060971452497,-0.06019721945556021,0.026337259896515128,0.3333333333333333,0.6333333333333333,3.066666666666667,0.2878306878306878
S02_fast_ma,2,fast_ma,90,SOX,3,63,2025-11-11,2026-02-11,30,0.2221846046740068,0.037122155202646154,0.0,0.18718311717902938,-0.1088903690708665,-0.1850624494713606,0.4,0.1,3.033333333333333,0.3058201058201057
S02_fast_ma,2,fast_ma,91,QQQ,4,84,2026-03-03,2026-07-01,30,0.2082887050104809,0.03873877861743688,0.0,-0.08944370061616615,-0.09404229442283407,-0.169549926393044,0.4666666666666667,0.13333333333333333,4.0,0.1861111111111111
S02_fast_ma,2,fast_ma,92,QQQ,3,63,2026-03-19,2026-06-17,30,0.21989307502863875,0.03463446928607055,0.0,-0.1892872435107331,-0.05291914115328085,-0.18525860574256814,0.3,0.06666666666666667,1.6333333333333333,0.14074074074074072
S02_fast_ma,2,fast_ma,93,QQQ,1,21,2025-12-02,2025-12-31,30,-0.011090867923889025,-0.003616324132363217,-0.004019638616301557,-1.2750838817584045,-0.035200568155709856,0.007474543791525808,0.13333333333333333,0.6,1.2,0.3142857142857142
S02_fast_ma,2,fast_ma,94,SOX,1,21,2026-04-27,2026-05-26,30,0.2518171344840421,0.046714308054112,0.0,-0.017490978805302444,-0.0641236052249955,-0.20510282642993005,0.36666666666666664,0.1,1.4333333333333333,0.37460317460317455
S02_fast_ma,2,fast_ma,95,QQQ,5,105,2025-12-05,2026-05-07,30,0.11388494743877131,0.012005447374311699,-0.022594731629471898,-0.2482834922584964,-0.09052149166453603,-0.1018795000644596,0.26666666666666666,0.16666666666666666,3.6333333333333333,0.20666666666666664
S02_fast_ma,2,fast_ma,96,QQQ,1,21,2026-04-28,2026-05-27,30,0.10934534705425558,0.05477240740339271,0.0,0.39908284921036824,-0.04315815637543009,-0.05457293965086288,0.3333333333333333,0.16666666666666666,1.3333333333333333,0.29523809523809524
S02_fast_ma,2,fast_ma,97,QQQ,1,21,2026-02-03,2026-03-04,30,-0.009359083299254944,0.0055271871027454235,0.0,-0.31151849940274245,-0.020705228784505238,0.014886270402000367,0.26666666666666666,0.7,0.9333333333333333,0.26031746031746034
S02_fast_ma,2,fast_ma,98,SOX,4,84,2025-12-31,2026-05-01,30,0.5475243488954307,0.17132930024884818,0.06667315174225841,1.1296964834189884,-0.11111992954213211,-0.3761950486465825,0.6666666666666666,0.06666666666666667,3.7666666666666666,0.3051587301587302
S02_fast_ma,2,fast_ma,99,SOX,2,42,2025-12-15,2026-02-13,30,0.19183789042528154,0.08849951979726399,0.003134084508097379,0.650200759207006,-0.06812352412903597,-0.10333837062801755,0.5,0.2,2.566666666666667,0.42301587301587307
S03_ma_8_30,3,ma_8_30,0,SOX,4,84,2026-03-02,2026-06-30,30,0.8220686448503605,0.06216229700200324,0.0,0.1505127471924286,-0.12892901858902595,-0.7599063478483571,0.4666666666666667,0.0,3.2333333333333334,0.2650793650793651
S03_ma_8_30,3,ma_8_30,1,QQQ,4,84,2025-12-05,2026-04-08,30,-0.028528285595864955,-0.009151727861766545,-0.0028770162343588757,-0.2170548102046259,-0.08563145800715438,0.01937655773409841,0.3,0.6333333333333333,3.2666666666666666,0.29682539682539677
S03_ma_8_30,3,ma_8_30,2,SOX,4,84,2026-03-19,2026-07-20,30,0.541413537840155,0.1581217065874159,0.12793113355830543,1.1431883488669143,-0.11290416230452092,-0.38329183125273913,0.7,0.03333333333333333,2.3,0.282936507936508
S03_ma_8_30,3,ma_8_30,3,QQQ,2,42,2025-12-03,2026-02-03,30,-0.009952672147657604,0.03552468720337691,-0.0038895444617156882,-0.10338231134529799,-0.05842144609678179,0.04547735935103454,0.26666666666666666,0.5666666666666667,1.6333333333333333,0.40079365079365087
S03_ma_8_30,3,ma_8_30,4,SOX,4,84,2025-12-12,2026-04-15,30,0.34465301155264294,0.2051385556744537,0.13271330523752956,0.7470303413173958,-0.1325312959960772,-0.13951445587818925,0.8,0.26666666666666666,4.033333333333333,0.4630952380952381
S03_ma_8_30,3,ma_8_30,5,QQQ,3,63,2026-01-09,2026-04-10,30,-0.02363278260108903,0.005612538140801656,0.0,-0.39020954595403484,-0.06889247914061351,0.029245320741890686,0.4,0.7,2.8333333333333335,0.19629629629629633
S03_ma_8_30,3,ma_8_30,6,QQQ,6,126,2026-01-12,2026-07-14,30,0.1502294283863379,0.058635493447055494,-0.0010459046178861175,0.20888400052942685,-0.12627866894730827,-0.0915939349392824,0.4666666666666667,0.26666666666666666,5.133333333333334,0.276984126984127
S03_ma_8_30,3,ma_8_30,7,QQQ,1,21,2025-09-30,2025-10-28,30,0.05421653616699196,0.0017197528712433593,0.0,-0.06925402407101396,-0.02891192704324157,-0.0524967832957486,0.16666666666666666,0.06666666666666667,0.6666666666666666,0.27777777777777773
S03_ma_8_30,3,ma_8_30,8,QQQ,5,105,2025-10-02,2026-03-04,30,0.009586513651374196,0.02869385450457586,0.0,0.23765473533981143,-0.09596677359273884,0.019107340853201663,0.4666666666666667,0.4666666666666667,3.8333333333333335,0.32412698412698404
S03_ma_8_30,3,ma_8_30,9,SOX,1,21,2025-10-27,2025-11-24,29,-0.07031041376763691,-0.0013559695005008218,0.0,-0.16943416957653018,-0.044321444408153415,0.0689544442671361,0.10344827586206896,0.8275862068965517,0.8620689655172413,0.20853858784893267
S03_ma_8_30,3,ma_8_30,10,QQQ,6,126,2025-11-05,2026-05-07,30,0.11781657461604356,-0.0554369543978644,-0.05318642310577293,-0.8948676586043018,-0.10964040442125222,-0.17325352901390795,0.23333333333333334,0.0,4.1,0.21084656084656087
S03_ma_8_30,3,ma_8_30,11,SOX,5,105,2025-11-11,2026-04-14,30,0.3622750263869938,0.1068934167643817,0.010638631707575508,0.19285568849964732,-0.16830700921341518,-0.25538160962261214,0.5333333333333333,0.23333333333333334,4.666666666666667,0.3714285714285714
S03_ma_8_30,3,ma_8_30,12,QQQ,6,126,2026-01-14,2026-07-16,30,0.14213045687209025,0.010744198993099644,-0.03248333157782063,0.025038255898823143,-0.13133688492504828,-0.13138625787899064,0.4666666666666667,0.2,4.233333333333333,0.27566137566137555
S03_ma_8_30,3,ma_8_30,13,QQQ,2,42,2025-10-30,2025-12-30,30,-0.00929952847750648,-0.02143951295673567,-0.0014578732084252755,-0.6887110403442667,-0.07064890447316287,-0.012139984479229189,0.3,0.5666666666666667,1.9666666666666666,0.33571428571428563
S03_ma_8_30,3,ma_8_30,14,SOX,5,105,2025-12-18,2026-05-20,30,0.7827370590814902,0.2442795904219693,0.186856367721425,1.1702473246555445,-0.14595582609683905,-0.5384574686595209,0.8,0.03333333333333333,4.666666666666667,0.4142857142857143
S03_ma_8_30,3,ma_8_30,15,SOX,6,126,2025-10-28,2026-04-29,30,0.48111989000240474,0.15088375265741233,0.03999280456602239,0.500403370847959,-0.159469021609317,-0.33023613734499235,0.6,0.13333333333333333,5.2,0.3375661375661376
S03_ma_8_30,3,ma_8_30,16,QQQ,4,84,2026-01-30,2026-06-01,30,0.19587148327606996,0.07844972733203161,0.026437857248737706,0.313514687089301,-0.08689059819707357,-0.11742175594403834,0.5666666666666667,0.16666666666666666,3.1,0.23174603174603176
S03_ma_8_30,3,ma_8_30,17,SOX,2,42,2025-12-24,2026-02-25,30,0.20206431491894605,0.17024868839452248,0.16480587904814004,1.825752095160933,-0.08103079489177133,-0.03181562652442359,0.6333333333333333,0.4,2.3333333333333335,0.5341269841269842
S03_ma_8_30,3,ma_8_30,18,SOX,6,126,2025-12-12,2026-06-15,30,1.1038384205343448,0.298473361370997,0.16075430439806082,0.9087570569631911,-0.15687911596970708,-0.8053650591633479,0.8,0.0,5.566666666666666,0.3944444444444445
S03_ma_8_30,3,ma_8_30,19,SOX,5,105,2025-12-17,2026-05-19,30,0.7426147109287915,0.30768334979246287,0.22396398124423234,1.2611128695228484,-0.15922614803230564,-0.43493136113632863,0.8333333333333334,0.1,5.133333333333334,0.4704761904761904
S03_ma_8_30,3,ma_8_30,20,SOX,4,84,2025-11-14,2026-03-18,30,0.174942577491225,0.10081780499266206,0.0609378940383708,0.35437488900329556,-0.12342302390884018,-0.07412477249856293,0.5666666666666667,0.3,3.3333333333333335,0.417063492063492
S03_ma_8_30,3,ma_8_30,21,QQQ,3,63,2026-01-20,2026-04-20,30,0.06503550110287892,0.005522841075162392,0.0,-0.44861647687188466,-0.07174676737617716,-0.05951266002771653,0.36666666666666664,0.23333333333333334,2.033333333333333,0.21640211640211635
S03_ma_8_30,3,ma_8_30,22,SOX,6,126,2025-11-25,2026-05-28,30,1.012327159108564,0.28743309250442584,0.2451778335177337,1.107656830269648,-0.15154795017506498,-0.7248940666041382,0.7666666666666667,0.0,4.766666666666667,0.41693121693121693
S03_ma_8_30,3,ma_8_30,23,QQQ,2,42,2026-05-04,2026-07-02,30,0.06019361510389598,0.01050893910881792,0.0,-0.2206479865830787,-0.06912236694564262,-0.049684675995078066,0.3333333333333333,0.2,1.7333333333333334,0.20873015873015874
S03_ma_8_30,3,ma_8_30,24,SOX,3,63,2026-01-30,2026-04-30,30,0.33330730818050824,0.09507085438492234,0.01667795319321319,0.34408046737556014,-0.13835620023449602,-0.23823645379558586,0.5666666666666667,0.23333333333333334,3.6,0.34126984126984117
S03_ma_8_30,3,ma_8_30,25,QQQ,3,63,2026-04-13,2026-07-13,30,0.1540875915731792,0.10851700595379994,0.0,0.6708240574646152,-0.07873233775613207,-0.04557058561937926,0.4666666666666667,0.23333333333333334,1.9666666666666666,0.27248677248677244
S03_ma_8_30,3,ma_8_30,26,QQQ,2,42,2026-05-18,2026-07-17,30,-0.013863302667955435,0.04913356147889027,0.02089395631508395,0.7689477625226608,-0.06646101612672634,0.0629968641468457,0.5333333333333333,0.8333333333333334,1.6,0.32460317460317456
S03_ma_8_30,3,ma_8_30,27,SOX,3,63,2026-04-15,2026-07-15,30,0.3824060937108007,0.15435397755964653,0.10565410342493442,1.1922673116713343,-0.10799746362516836,-0.22805211615115414,0.6333333333333333,0.13333333333333333,2.2333333333333334,0.34603174603174597
S03_ma_8_30,3,ma_8_30,28,QQQ,5,105,2025-12-15,2026-05-15,30,0.16411449668003852,0.06636179510589116,0.0,0.17914880404563244,-0.09268624693448378,-0.09775270157414737,0.4666666666666667,0.2,3.7,0.24380952380952378
S03_ma_8_30,3,ma_8_30,29,SOX,5,105,2026-01-15,2026-06-16,30,0.7551899894727114,0.14768007907915193,0.05338706557796258,0.8194708864952277,-0.15241398512783225,-0.6075099103935595,0.6,0.03333333333333333,5.0,0.3587301587301587
S03_ma_8_30,3,ma_8_30,30,QQQ,5,105,2026-02-10,2026-07-13,30,0.16673036694159848,0.04193783317550966,0.0,0.10776361107789008,-0.11891696826478365,-0.12479253376608883,0.43333333333333335,0.2,3.7666666666666666,0.24095238095238092
S03_ma_8_30,3,ma_8_30,31,SOX,4,84,2025-12-17,2026-04-20,30,0.4648081147109824,0.28725349467291605,0.18320770417506504,1.3277818347952661,-0.1278426067952711,-0.17755462003806632,0.7,0.3333333333333333,4.0,0.41785714285714287
S03_ma_8_30,3,ma_8_30,32,SOX,1,21,2026-04-08,2026-05-06,30,0.3684395820271613,0.15942211608769732,0.12099089947009323,3.91924623961694,-0.06425862831617526,-0.209017465939464,0.6666666666666666,0.1,0.9666666666666667,0.5476190476190476
S03_ma_8_30,3,ma_8_30,33,QQQ,5,105,2025-11-25,2026-04-28,30,0.0826707158642972,-0.019906678116333402,-0.046036942115456725,-0.5481170423411144,-0.13155776057502222,-0.10257739398063061,0.3,0.2,4.566666666666666,0.3263492063492064
S03_ma_8_30,3,ma_8_30,34,SOX,4,84,2026-02-10,2026-06-10,30,0.5418251383582835,0.13723259722073847,0.0551871989060736,0.6509337686422542,-0.13321441773104772,-0.4045925411375451,0.5666666666666667,0.13333333333333333,3.6,0.27976190476190477
S03_ma_8_30,3,ma_8_30,35,QQQ,4,84,2026-01-22,2026-05-21,30,0.1524759147743775,0.027363203708512467,0.0,-0.07559748847020728,-0.10647427212956737,-0.12511271106586502,0.43333333333333335,0.13333333333333333,2.7,0.226984126984127
S03_ma_8_30,3,ma_8_30,36,SOX,5,105,2025-12-18,2026-05-20,30,0.7827370590814902,0.29935306310700066,0.22146909058869513,1.4072951664089655,-0.1563850618889373,-0.4833839959744894,0.8666666666666667,0.1,5.066666666666666,0.4546031746031745
S03_ma_8_30,3,ma_8_30,37,SOX,3,63,2026-04-23,2026-07-23,30,0.25057088393943183,0.09276938538653434,0.0074007004353872086,0.8190583955070321,-0.10906534857988467,-0.15780149855289746,0.5333333333333333,0.23333333333333334,2.1666666666666665,0.26455026455026454
S03_ma_8_30,3,ma_8_30,38,SOX,5,105,2026-02-03,2026-07-06,30,0.6842511295711191,0.15212138741541376,0.07459858167540756,0.62271783589084,-0.14762706473055395,-0.5321297421557054,0.6333333333333333,0.03333333333333333,4.266666666666667,0.26
S03_ma_8_30,3,ma_8_30,39,QQQ,4,84,2025-12-10,2026-04-13,30,-0.013774556410480865,-0.0015302241119499627,-0.009009291227244476,0.03548885335558057,-0.08844652743145688,0.012244332298530902,0.4,0.5333333333333333,3.566666666666667,0.2698412698412698
S03_ma_8_30,3,ma_8_30,40,SOX,5,105,2025-12-24,2026-05-27,30,0.8433638259991032,0.22110476372872193,0.14780227912386212,0.959798160797508,-0.1577528096223878,-0.6222590622703813,0.7,0.06666666666666667,4.6,0.39587301587301593
S03_ma_8_30,3,ma_8_30,41,SOX,3,63,2026-02-11,2026-05-12,30,0.43339212808502814,0.09628060736844983,0.019377172979745505,0.8846672726737169,-0.11471941917599082,-0.3371115207165783,0.6,0.1,2.7666666666666666,0.29470899470899464
S03_ma_8_30,3,ma_8_30,42,SOX,6,126,2025-11-26,2026-05-29,30,0.9570503950794977,0.23400043223831496,0.1596164895161839,0.9169771949096484,-0.15103917048930787,-0.7230499628411828,0.7333333333333333,0.0,4.733333333333333,0.3862433862433862
S03_ma_8_30,3,ma_8_30,43,QQQ,3,63,2026-03-20,2026-06-18,30,0.2740162240805819,0.10094522300466734,0.0,0.3710167132469641,-0.08315960347741977,-0.17307100107591455,0.43333333333333335,0.23333333333333334,2.533333333333333,0.25767195767195766
S03_ma_8_30,3,ma_8_30,44,SOX,5,105,2026-01-09,2026-06-10,30,0.648043063748174,0.18890592046673196,0.05643761420658233,0.8814593196129211,-0.1452284471490536,-0.459137143281442,0.7,0.13333333333333333,4.633333333333334,0.3536507936507937
S03_ma_8_30,3,ma_8_30,45,SOX,2,42,2025-10-22,2025-12-19,29,0.05673207549445358,-0.0017486742671272378,0.0,-0.44116454726223736,-0.08580527396539378,-0.058480749761580825,0.3793103448275862,0.10344827586206896,1.5862068965517242,0.25779967159277506
S03_ma_8_30,3,ma_8_30,46,SOX,3,63,2026-01-07,2026-04-08,30,0.1407805110795719,0.05672508353929303,0.0018290949801256229,0.3402474621085947,-0.1297593959053678,-0.08405542754027888,0.5,0.26666666666666666,3.1333333333333333,0.37037037037037035
S03_ma_8_30,3,ma_8_30,47,QQQ,4,84,2026-02-04,2026-06-04,30,0.22417481952743645,0.02773364522881594,0.0,-0.0062191220794515665,-0.09294132735021415,-0.1964411742986205,0.4,0.06666666666666667,2.2,0.19841269841269843
S03_ma_8_30,3,ma_8_30,48,QQQ,4,84,2026-02-11,2026-06-11,30,0.1711180656927569,0.01690898153068734,-0.00019999999999997797,-0.2643649386339596,-0.07060531380678842,-0.15420908416206955,0.36666666666666664,0.06666666666666667,2.7666666666666666,0.16746031746031745
S03_ma_8_30,3,ma_8_30,49,SOX,6,126,2025-10-09,2026-04-10,30,0.33500451886430804,0.13099985228979347,-0.004088594850763627,0.13500707733245274,-0.16614594292162058,-0.2040046665745146,0.4666666666666667,0.16666666666666666,5.8,0.31746031746031744
S03_ma_8_30,3,ma_8_30,50,SOX,4,84,2025-09-30,2026-01-29,30,0.3339449377704993,0.09703451057058082,0.06514365749284223,0.6554541965281594,-0.1224336401586388,-0.23691042719991848,0.6,0.13333333333333333,4.066666666666666,0.35238095238095235
S03_ma_8_30,3,ma_8_30,51,QQQ,3,63,2026-02-04,2026-05-05,30,0.12665206780411475,0.027187251248515985,-0.0029448521058875188,-0.14497395022903514,-0.0988879666470338,-0.09946481655559877,0.36666666666666664,0.16666666666666666,2.8,0.25132275132275134
S03_ma_8_30,3,ma_8_30,52,SOX,4,84,2026-03-25,2026-07-24,30,0.5271840224723114,0.18061197364907536,0.09639478916237076,1.1198192278619155,-0.11563609990843557,-0.3465720488232361,0.6666666666666666,0.06666666666666667,2.433333333333333,0.275
S03_ma_8_30,3,ma_8_30,53,QQQ,5,105,2025-11-24,2026-04-27,30,0.10041050295595944,0.01824280880313665,-0.009028567303747403,-0.11616834011013255,-0.0919794846625017,-0.08216769415282275,0.36666666666666664,0.2,2.8666666666666667,0.2526984126984127
S03_ma_8_30,3,ma_8_30,54,QQQ,1,21,2026-04-02,2026-05-01,30,0.1524326152513671,0.03688327730936429,0.0,0.7167601821173871,-0.02893008530246005,-0.11554933794200282,0.23333333333333334,0.1,1.0,0.2396825396825397
S03_ma_8_30,3,ma_8_30,55,SOX,5,105,2025-11-05,2026-04-08,30,0.21508245960252204,0.06533420815157424,0.02430863899556812,0.34276393488185947,-0.16252277231604734,-0.1497482514509478,0.5333333333333333,0.16666666666666666,4.633333333333334,0.33936507936507937
S03_ma_8_30,3,ma_8_30,56,QQQ,6,126,2025-11-13,2026-05-15,30,0.16820904354308586,0.005492042033486958,0.0,-0.16172489046543925,-0.10913960183838363,-0.1627170015095989,0.4666666666666667,0.1,4.266666666666667,0.23994708994708994
S03_ma_8_30,3,ma_8_30,57,QQQ,3,63,2026-05-05,2026-08-04,30,0.06313795697250413,0.027877486087326188,0.0,0.14203150205824275,-0.10248838431649372,-0.03526047088517794,0.3333333333333333,0.23333333333333334,2.6,0.2597883597883598
S03_ma_8_30,3,ma_8_30,58,QQQ,2,42,2026-03-27,2026-05-27,30,0.2966155917444111,0.03881287644773835,0.0,-0.02924166501134797,-0.05804374136519792,-0.25780271529667276,0.3333333333333333,0.13333333333333333,1.3666666666666667,0.21825396825396823
S03_ma_8_30,3,ma_8_30,59,SOX,3,63,2026-03-02,2026-05-29,30,0.6174710256930269,0.08279275717655477,0.08851682209497569,0.7256031528098342,-0.11489571231250746,-0.5346782685164722,0.6333333333333333,0.0,2.8333333333333335,0.338095238095238
S03_ma_8_30,3,ma_8_30,60,SOX,2,42,2025-11-21,2026-01-23,30,0.27465585408986115,0.07599005610402876,0.06898186414137053,1.1548933806127464,-0.0786451959753476,-0.19866579798583234,0.6666666666666666,0.1,1.4,0.5174603174603175
S03_ma_8_30,3,ma_8_30,61,SOX,3,63,2026-03-04,2026-06-02,30,0.7725384307881751,0.14536444808392257,0.09602746847119814,1.1009795864937932,-0.1025750310194352,-0.6271739827042524,0.6333333333333333,0.03333333333333333,3.1333333333333333,0.3433862433862434
S03_ma_8_30,3,ma_8_30,62,QQQ,2,42,2025-12-16,2026-02-17,30,-0.01581575565412041,0.05393387874510817,0.0,0.6334562716501629,-0.06273753486837054,0.0697496343992286,0.4666666666666667,0.7,1.6333333333333333,0.46349206349206357
S03_ma_8_30,3,ma_8_30,63,SOX,5,105,2025-12-29,2026-05-29,30,0.8650289879145312,0.29055693495389695,0.22761699885341236,1.423811675160401,-0.15170084458757327,-0.5744720529606341,0.8333333333333334,0.06666666666666667,4.7,0.4209523809523809
S03_ma_8_30,3,ma_8_30,64,SOX,5,105,2025-12-22,2026-05-22,30,0.7695534085388023,0.27331598614693386,0.20462320836642278,1.3723835837816971,-0.15321006006704221,-0.4962374223918685,0.8333333333333334,0.1,5.0,0.43396825396825395
S03_ma_8_30,3,ma_8_30,65,SOX,5,105,2025-10-09,2026-03-11,30,0.1805755468500585,0.11634368264246392,-0.003565273777836553,0.1932310234750844,-0.14774604785771026,-0.06423186420759461,0.4666666666666667,0.3333333333333333,5.1,0.3561904761904762
S03_ma_8_30,3,ma_8_30,66,QQQ,2,42,2026-05-06,2026-07-07,30,0.02075343580941813,0.05107477978988864,0.0,0.5784502690906226,-0.05752124124871186,0.030321343980470518,0.4,0.36666666666666664,1.7,0.26031746031746034
S03_ma_8_30,3,ma_8_30,67,SOX,3,63,2026-02-19,2026-05-19,30,0.3968244565014418,0.0863759964019585,0.0,0.45041518332271624,-0.12492743042970854,-0.3104484600994833,0.4666666666666667,0.1,3.0,0.3174603174603175
S03_ma_8_30,3,ma_8_30,68,QQQ,3,63,2026-04-22,2026-07-22,30,0.07787258173732514,0.050708427113844684,0.0073653413091196995,0.05602476311301781,-0.09019188556183216,-0.02716415462348046,0.5,0.2,2.466666666666667,0.30161375661375656
S03_ma_8_30,3,ma_8_30,69,QQQ,6,126,2025-10-02,2026-04-02,30,-0.03179266278202153,-0.02598478900833133,-0.022006869382469763,-0.35168547522009125,-0.1262151315997332,0.005807873773690201,0.4,0.5333333333333333,5.666666666666667,0.29470899470899464
S03_ma_8_30,3,ma_8_30,70,SOX,6,126,2025-12-17,2026-06-18,30,1.2443213421607373,0.368198163892927,0.24669027317910586,1.2867350584542008,-0.14606837289251787,-0.8761231782678103,0.8333333333333334,0.0,4.966666666666667,0.38756613756613756
S03_ma_8_30,3,ma_8_30,71,SOX,6,126,2025-12-02,2026-06-03,30,1.0372538641346893,0.241030354173226,0.13370228237860282,0.8724694463906523,-0.15652396040021072,-0.7962235099614632,0.7,0.0,4.733333333333333,0.3838624338624338
S03_ma_8_30,3,ma_8_30,72,QQQ,1,21,2025-10-24,2025-11-21,30,-0.04380167504320631,0.006405461661131473,0.0,-0.04593156364420665,-0.03273077081233679,0.0502071367043378,0.2,0.8666666666666667,1.0,0.28888888888888886
S03_ma_8_30,3,ma_8_30,73,SOX,1,21,2025-10-14,2025-11-11,30,0.057771521391730696,0.02870722004069552,0.0,0.2756981252266961,-0.024353199521782633,-0.029064301351035177,0.3,0.1,1.0333333333333334,0.2126984126984127
S03_ma_8_30,3,ma_8_30,74,SOX,5,105,2025-12-31,2026-06-02,30,1.0102699251297969,0.34677769872939146,0.24692598760424023,1.4850640756491589,-0.1483461751964905,-0.6634922264004054,0.8666666666666667,0.06666666666666667,4.266666666666667,0.4025396825396825
S03_ma_8_30,3,ma_8_30,75,SOX,3,63,2026-04-10,2026-07-10,30,0.5044389175378232,0.19221592654489025,0.1254069615248402,1.5062071891150555,-0.11001817163666233,-0.312222990992933,0.7333333333333333,0.1,2.3,0.362962962962963
S03_ma_8_30,3,ma_8_30,76,QQQ,2,42,2026-02-27,2026-04-28,30,0.0841263616088046,-0.04281184688906044,-0.01776357714654575,-1.3673402985581506,-0.061971945753902406,-0.12693820849786505,0.1,0.0,1.5333333333333334,0.1722222222222222
S03_ma_8_30,3,ma_8_30,77,SOX,1,21,2026-03-16,2026-04-14,30,0.18842974997345796,0.032205474973509805,0.0,1.0536855445357307,-0.029656936006412518,-0.15622427499994812,0.36666666666666664,0.1,0.6333333333333333,0.15396825396825395
S03_ma_8_30,3,ma_8_30,78,SOX,2,42,2026-04-06,2026-06-03,30,0.789247263360265,0.23774896171998267,0.14423617823765011,2.2972116020721867,-0.08060196992421079,-0.5514983016402824,0.6666666666666666,0.03333333333333333,1.4666666666666666,0.453968253968254
S03_ma_8_30,3,ma_8_30,79,QQQ,6,126,2025-10-27,2026-04-28,30,0.04957459035132139,-0.009853098308156887,-0.043467297364376656,-0.18711632406551512,-0.12389939747663835,-0.05942768865947827,0.36666666666666664,0.23333333333333334,4.6,0.2923280423280424
S03_ma_8_30,3,ma_8_30,80,QQQ,2,42,2026-04-23,2026-06-23,30,0.096733757308898,0.01300892796494098,0.0,-0.19479449194992354,-0.06133405408458567,-0.08372482934395702,0.23333333333333334,0.13333333333333333,1.5,0.2357142857142857
S03_ma_8_30,3,ma_8_30,81,SOX,2,42,2026-06-02,2026-07-31,30,-0.1651023830072499,-0.041475468696060926,0.0,-0.052191860445945884,-0.07878812539345365,0.12362691431118895,0.13333333333333333,0.8333333333333334,1.4333333333333333,0.10793650793650793
S03_ma_8_30,3,ma_8_30,82,SOX,2,42,2025-11-28,2026-01-29,30,0.2187745327601469,0.1281822415183856,0.061181006980080554,1.8133445323069555,-0.0758271132335247,-0.09059229124176135,0.7,0.2,1.6,0.55
S03_ma_8_30,3,ma_8_30,83,QQQ,1,21,2026-07-02,2026-07-31,29,-0.03453548441582088,0.0027375240453381706,0.0,-0.3373169615119373,-0.05070321641004636,0.03727300846115905,0.27586206896551724,0.6896551724137931,1.3793103448275863,0.30541871921182256
S03_ma_8_30,3,ma_8_30,84,SOX,4,84,2026-02-20,2026-06-22,30,0.8243464089092334,0.13398434700983644,0.040099088450778586,0.6699685675062844,-0.1322336117914224,-0.6903620618993969,0.5,0.03333333333333333,3.566666666666667,0.28214285714285714
S03_ma_8_30,3,ma_8_30,85,QQQ,6,126,2025-12-16,2026-06-17,30,0.1840672055710777,0.028805872297040746,-0.03389867916618783,-0.3219619576143061,-0.12962777553573154,-0.15526133327403696,0.3333333333333333,0.16666666666666666,4.3,0.2714285714285714
S03_ma_8_30,3,ma_8_30,86,QQQ,4,84,2025-12-03,2026-04-06,30,-0.05375733906904234,-0.01496579103863277,-0.03882791164380145,-0.45690628171818365,-0.10367169089856307,0.03879154803040958,0.26666666666666666,0.5,3.0,0.28055555555555556
S03_ma_8_30,3,ma_8_30,87,QQQ,4,84,2026-02-24,2026-06-24,30,0.1717932209534314,0.04970036011402882,0.0,0.15269225730568423,-0.08522980623671544,-0.12209286083940261,0.4666666666666667,0.13333333333333333,2.7666666666666666,0.21071428571428577
S03_ma_8_30,3,ma_8_30,88,QQQ,3,63,2025-11-06,2026-02-06,30,-0.0020183014160357615,-0.006599220409939081,0.0,-0.4905600642151427,-0.0769988036644035,-0.00458091899390332,0.3333333333333333,0.6,2.3666666666666667,0.3058201058201058
S03_ma_8_30,3,ma_8_30,89,SOX,5,105,2025-11-12,2026-04-15,30,0.34380060221356157,0.10245321045561753,0.020023164731735266,0.3810939400287549,-0.16306639574526502,-0.24134739175794404,0.5666666666666667,0.23333333333333334,5.066666666666666,0.33587301587301577
S03_ma_8_30,3,ma_8_30,90,SOX,1,21,2026-06-12,2026-07-14,30,-0.04706132724204226,-0.03210670031422248,0.0,-0.5115095587773564,-0.0485979979001187,0.014954626927819781,0.03333333333333333,0.8,0.6666666666666666,0.1015873015873016
S03_ma_8_30,3,ma_8_30,91,QQQ,4,84,2025-12-01,2026-04-01,30,-0.05082783849625683,0.002345276416936463,0.0,-0.1067340333077775,-0.09811348050942244,0.05317311491319329,0.4,0.7,3.466666666666667,0.3051587301587302
S03_ma_8_30,3,ma_8_30,92,SOX,1,21,2026-06-18,2026-07-20,30,-0.1803268361206325,-0.02736800867840745,0.0,-0.49112282346799135,-0.04009655821511473,0.152958827442225,0.03333333333333333,0.9666666666666667,0.6333333333333333,0.10634920634920635
S03_ma_8_30,3,ma_8_30,93,QQQ,2,42,2026-01-23,2026-03-24,30,-0.06102847048860305,-0.003741559613305656,0.0,-0.4712398292085526,-0.03734357981268361,0.05728691087529739,0.26666666666666666,0.8666666666666667,1.5,0.19444444444444445
S03_ma_8_30,3,ma_8_30,94,QQQ,1,21,2025-11-12,2025-12-11,30,0.007245376201505005,-0.0028028494248619343,0.0,-0.5489902366141018,-0.03658494167333232,-0.01004822562636694,0.23333333333333334,0.23333333333333334,1.0,0.28095238095238095
S03_ma_8_30,3,ma_8_30,95,SOX,3,63,2026-02-09,2026-05-08,30,0.4758072834191005,0.159792736649589,0.06384394081322742,1.2877361366963693,-0.11191352630970636,-0.31601454676951146,0.6666666666666666,0.16666666666666666,3.3333333333333335,0.31746031746031744
S03_ma_8_30,3,ma_8_30,96,QQQ,1,21,2025-10-17,2025-11-14,30,0.00816308065766358,-0.005526679494967113,0.0,-0.350605338962305,-0.019181359876525052,-0.013689760152630692,0.06666666666666667,0.06666666666666667,0.4,0.16825396825396824
S03_ma_8_30,3,ma_8_30,97,QQQ,6,126,2025-11-18,2026-05-20,30,0.1989892326028575,0.0655474652756158,0.01900759080918113,0.20662843196848799,-0.12215605469000604,-0.13344176732724172,0.5333333333333333,0.2,4.833333333333333,0.29338624338624336
S03_ma_8_30,3,ma_8_30,98,SOX,4,84,2026-02-17,2026-06-16,30,0.6715198074699273,0.13832549664018642,0.06892679797730294,0.7521173745227919,-0.12655582478903585,-0.5331943108297409,0.6333333333333333,0.06666666666666667,3.433333333333333,0.2801587301587301
S03_ma_8_30,3,ma_8_30,99,SOX,5,105,2025-11-07,2026-04-10,30,0.3160030768172257,0.05828595694056423,0.014999416397064036,0.1696180324176807,-0.1515347974711757,-0.2577171198766615,0.5333333333333333,0.2,4.266666666666667,0.3311111111111111
S04_ma_10_30,4,ma_10_30,0,QQQ,4,84,2025-11-05,2026-03-09,30,-0.023644241500080376,-0.053743233936786136,-0.04220203076886253,-0.9028756484700489,-0.09789359680673057,-0.03009899243670577,0.16666666666666666,0.43333333333333335,2.6,0.25198412698412703
S04_ma_10_30,4,ma_10_30,1,QQQ,3,63,2025-11-06,2026-02-06,30,-0.0020183014160357615,-0.012619360209740511,0.0,-0.5639360828049457,-0.06749028924323412,-0.01060105879370475,0.4,0.5666666666666667,2.7333333333333334,0.2693121693121693
S04_ma_10_30,4,ma_10_30,2,SOX,5,105,2025-10-20,2026-03-20,30,0.13732583632036888,0.15126053045606086,0.030800718849604225,0.4928544669004474,-0.1314728173825942,0.013934694135691999,0.5666666666666667,0.4,3.6,0.34222222222222226
S04_ma_10_30,4,ma_10_30,3,SOX,2,42,2026-03-27,2026-05-27,30,0.7434770125086341,0.21741175723429187,0.1653019092377861,2.190833612914552,-0.08730003080604015,-0.5260652552743423,0.6666666666666666,0.03333333333333333,1.3666666666666667,0.48492063492063486
S04_ma_10_30,4,ma_10_30,4,QQQ,4,84,2026-03-31,2026-07-30,30,0.18559408841879899,0.09305288361663445,0.03172384522430083,0.6133479139492566,-0.11666929666260856,-0.09254120480216453,0.6,0.23333333333333334,3.1333333333333333,0.31746031746031744
S04_ma_10_30,4,ma_10_30,5,QQQ,2,42,2026-04-28,2026-06-26,30,0.07565423432275487,0.037270945123690426,0.0,0.41104557169688555,-0.05867806646406388,-0.03838328919906443,0.36666666666666664,0.2,1.4333333333333333,0.24523809523809523
S04_ma_10_30,4,ma_10_30,6,SOX,6,126,2025-11-06,2026-05-08,30,0.7525492085960703,0.16661304725443704,0.08046299817962232,0.6358010434020402,-0.17526787083270456,-0.5859361613416334,0.7666666666666667,0.06666666666666667,5.433333333333334,0.36111111111111105
S04_ma_10_30,4,ma_10_30,7,QQQ,5,105,2026-01-14,2026-06-15,30,0.20238584863226716,0.031063973653794243,0.0,0.10514270946404017,-0.10343847583783555,-0.17132187497847293,0.4666666666666667,0.13333333333333333,3.5,0.2311111111111111
S04_ma_10_30,4,ma_10_30,8,SOX,1,21,2025-11-28,2025-12-29,29,0.030421808300148623,-0.004947702954446269,0.0,-0.3328891687827817,-0.057230268000402,-0.03536951125459489,0.2413793103448276,0.20689655172413793,0.7586206896551724,0.4679802955665024
S04_ma_10_30,4,ma_10_30,9,QQQ,4,84,2026-03-17,2026-07-16,30,0.17287447372802855,0.02672975492303652,0.0,0.11859001189622737,-0.09501264439374164,-0.14614471880499202,0.4666666666666667,0.1,2.8,0.24960317460317458
S04_ma_10_30,4,ma_10_30,10,SOX,3,63,2026-02-02,2026-05-01,30,0.32137839226606824,0.10952207196065936,0.02523862931159948,0.9260974444101765,-0.12354081091960158,-0.2118563203054089,0.5666666666666667,0.16666666666666666,3.7,0.31693121693121695
S04_ma_10_30,4,ma_10_30,11,QQQ,6,126,2025-12-24,2026-06-26,30,0.13504447957853727,-0.029106117708138823,-0.0029310950499140676,-0.4869736239343471,-0.11552869948640089,-0.16415059728667605,0.3333333333333333,0.06666666666666667,3.566666666666667,0.1928571428571428
S04_ma_10_30,4,ma_10_30,12,QQQ,3,63,2026-01-23,2026-04-23,30,0.047407160702689355,0.018334742951439265,-0.0018594095025649127,-0.10486332171902327,-0.07984334957295035,-0.02907241775125009,0.4,0.3,2.966666666666667,0.2751322751322752
S04_ma_10_30,4,ma_10_30,13,SOX,3,63,2026-02-02,2026-05-01,30,0.32137839226606824,0.07979823693050123,0.02523862931159948,0.7804886443307717,-0.1264255960178213,-0.241580155335567,0.5666666666666667,0.1,3.6333333333333333,0.30634920634920637
S04_ma_10_30,4,ma_10_30,14,QQQ,6,126,2025-12-29,2026-06-30,30,0.18887829386607957,0.08803818500603136,0.022784725469649825,0.19988257589006034,-0.1552348890683512,-0.10084010886004822,0.5333333333333333,0.3,4.833333333333333,0.3023809523809523
S04_ma_10_30,4,ma_10_30,15,QQQ,3,63,2026-02-23,2026-05-21,30,0.18955617683264459,-0.010105353949875695,-0.0069450267810067245,-0.3381700002876764,-0.08213310269659108,-0.1996615307825202,0.3333333333333333,0.06666666666666667,2.1666666666666665,0.21798941798941796
S04_ma_10_30,4,ma_10_30,16,SOX,1,21,2026-05-07,2026-06-05,30,0.0962914906206711,0.03298254407253065,0.0,-0.648450404533638,-0.08376040732945089,-0.06330894654814047,0.36666666666666664,0.2,1.1666666666666667,0.42539682539682544
S04_ma_10_30,4,ma_10_30,17,SOX,4,84,2025-12-15,2026-04-16,30,0.3650389372950007,0.1885770918806867,0.08663496511250868,0.9939138343527134,-0.1303853439931609,-0.176461845414314,0.7333333333333333,0.26666666666666666,3.8,0.41825396825396827
S04_ma_10_30,4,ma_10_30,18,SOX,3,63,2026-04-22,2026-07-22,30,0.28722194298153436,0.0826168184665965,0.02457098221190701,0.8553049727777985,-0.12174824909159888,-0.2046051245149379,0.6,0.16666666666666666,2.2,0.27671957671957675
S04_ma_10_30,4,ma_10_30,19,SOX,2,42,2026-03-24,2026-05-21,30,0.538648962565847,0.22609853844539288,0.1505890291485248,2.3600372848735627,-0.0937407356770995,-0.3125504241204542,0.7333333333333333,0.13333333333333333,1.4666666666666666,0.4984126984126984
S04_ma_10_30,4,ma_10_30,20,SOX,6,126,2025-12-24,2026-06-26,30,0.9291296252812065,0.3295892585742124,0.2185938534612566,1.2850361329514326,-0.1477100232959609,-0.5995403667069942,0.8333333333333334,0.1,4.833333333333333,0.3772486772486772
S04_ma_10_30,4,ma_10_30,21,QQQ,4,84,2026-01-16,2026-05-18,30,0.13763968099251334,-0.001087419819040018,-0.017772630259635713,-0.5016105243766182,-0.08668895119511184,-0.13872710081155332,0.3333333333333333,0.06666666666666667,3.466666666666667,0.21746031746031744
S04_ma_10_30,4,ma_10_30,22,QQQ,6,126,2025-11-10,2026-05-12,30,0.13769257973244708,-9.849257884146553e-05,-0.012023300884364263,-0.20129980302361936,-0.13278482052687499,-0.13779107231128854,0.4,0.2,5.2,0.3047619047619047
S04_ma_10_30,4,ma_10_30,23,QQQ,5,105,2025-11-13,2026-04-16,30,0.05539729205802524,-0.012264157832667998,-0.04325948733858681,-0.37940404007202155,-0.10665087236185723,-0.06766144989069325,0.3,0.3,3.1,0.2634920634920635
S04_ma_10_30,4,ma_10_30,24,SOX,5,105,2025-11-17,2026-04-20,30,0.47559394241639996,0.1973969242726082,0.01081064844073365,0.6540852495875907,-0.15040480497089365,-0.27819701814379183,0.5333333333333333,0.2,4.366666666666666,0.3790476190476191
S04_ma_10_30,4,ma_10_30,25,SOX,6,126,2025-10-06,2026-04-07,30,0.20850352132103223,0.11469111511308956,0.021802445289859973,0.17724974854569406,-0.16177887247079192,-0.09381240620794265,0.5666666666666667,0.26666666666666666,5.633333333333334,0.3216931216931217
S04_ma_10_30,4,ma_10_30,26,SOX,1,21,2026-04-21,2026-05-19,30,0.18074629026656952,0.06207155026841755,0.004589327782611008,1.2294960628450367,-0.08073580138430363,-0.11867473999815198,0.5,0.2,1.3,0.5047619047619047
S04_ma_10_30,4,ma_10_30,27,QQQ,1,21,2025-11-12,2025-12-11,30,0.007245376201505005,-0.009144112618473484,0.0,-0.2371133703409673,-0.03282155482583201,-0.01638948881997849,0.13333333333333333,0.13333333333333333,0.9333333333333333,0.20317460317460317
S04_ma_10_30,4,ma_10_30,28,QQQ,5,105,2025-10-09,2026-03-11,30,-0.003646797857501216,-0.011862077309058201,-0.012269671901445234,-0.12080030713892989,-0.10456590396006345,-0.008215279451556985,0.4,0.5,3.7,0.2942857142857143
S04_ma_10_30,4,ma_10_30,29,QQQ,5,105,2025-10-02,2026-03-04,30,0.009586513651374196,0.016659818460277982,0.0,0.1063656030216098,-0.09966589281960898,0.007073304808903788,0.4666666666666667,0.4666666666666667,4.0,0.3301587301587301
S04_ma_10_30,4,ma_10_30,30,QQQ,2,42,2026-05-21,2026-07-22,30,-0.011735141398162008,-0.005846376080081498,0.0,-0.31405666208235833,-0.08231458969417904,0.00588876531808051,0.36666666666666664,0.6,1.6666666666666667,0.2945054945054945
S04_ma_10_30,4,ma_10_30,31,SOX,4,84,2025-10-06,2026-02-04,30,0.1473992431939659,0.1246204026809312,0.04637718756268738,0.7914735740821813,-0.1147089193388628,-0.022778840513034714,0.6333333333333333,0.4,3.433333333333333,0.39642857142857146
S04_ma_10_30,4,ma_10_30,32,QQQ,3,63,2025-12-23,2026-03-25,30,-0.05392737415498772,0.026504723783701396,0.0019051504896022697,0.13463295444996912,-0.07436684564313016,0.08043209793868912,0.5333333333333333,0.9333333333333333,2.8,0.29682539682539677
S04_ma_10_30,4,ma_10_30,33,SOX,4,84,2025-12-30,2026-04-30,30,0.514247157121204,0.24559904866272358,0.13415569850446074,1.3160518035066697,-0.142740064621214,-0.2686481084584803,0.7333333333333333,0.2,3.533333333333333,0.40396825396825403
S04_ma_10_30,4,ma_10_30,34,SOX,3,63,2026-03-10,2026-06-08,30,0.68767768221241,0.17789719928113015,0.07440162552572138,1.2495196401401583,-0.10712199652622406,-0.5097804829312799,0.6,0.06666666666666667,2.7333333333333334,0.37407407407407406
S04_ma_10_30,4,ma_10_30,35,QQQ,6,126,2025-10-10,2026-04-13,30,0.04998286435992627,-0.0027633779665969397,-0.013852900504898846,-0.2651907572954439,-0.13243352711388923,-0.05274624232652321,0.36666666666666664,0.3,5.6,0.2645502645502645
S04_ma_10_30,4,ma_10_30,36,SOX,5,105,2025-10-15,2026-03-17,30,0.18536519106480465,0.09402616497142156,-0.013443614519436597,0.14310118867457555,-0.15259692729257168,-0.0913390260933831,0.4666666666666667,0.3,4.566666666666666,0.3504761904761905
S04_ma_10_30,4,ma_10_30,37,QQQ,4,84,2026-03-26,2026-07-27,30,0.19010377870340256,0.018194414494873464,-0.00937006291562309,-0.18165923379674814,-0.10249175268852287,-0.17190936420852912,0.4,0.1,2.4,0.24444444444444444
S04_ma_10_30,4,ma_10_30,38,SOX,3,63,2026-03-12,2026-06-10,30,0.6410055559503296,0.1543198448439611,0.0650852047693532,1.0152397391912793,-0.1108653980909708,-0.48668571110636866,0.6333333333333333,0.06666666666666667,3.066666666666667,0.3566137566137566
S04_ma_10_30,4,ma_10_30,39,QQQ,1,21,2026-04-17,2026-05-15,30,0.09259467479693173,0.041758672442350625,0.0,0.6252146276888112,-0.03730030091819637,-0.0508360023545811,0.4,0.23333333333333334,0.9666666666666667,0.36031746031746026
S04_ma_10_30,4,ma_10_30,40,QQQ,2,42,2025-11-28,2026-01-29,30,0.017748673738741116,0.030941499267230492,-0.0006730189925769903,-0.11500019055530547,-0.05747181858369193,0.013192825528489372,0.3333333333333333,0.3333333333333333,1.9,0.4
S04_ma_10_30,4,ma_10_30,41,SOX,5,105,2026-01-02,2026-06-03,30,0.9639112178873173,0.305341139381103,0.22159226112490138,1.4502585248462943,-0.1479969510633641,-0.6585700785062143,0.8333333333333334,0.06666666666666667,4.466666666666667,0.3777777777777778
S04_ma_10_30,4,ma_10_30,42,SOX,3,63,2025-11-04,2026-02-04,30,0.11680304547789455,0.08120007815820793,0.06813382225559306,0.5947392407934774,-0.11117962478353374,-0.03560296731968662,0.5666666666666667,0.4666666666666667,2.433333333333333,0.42592592592592576
S04_ma_10_30,4,ma_10_30,43,SOX,4,84,2025-10-20,2026-02-19,30,0.2163748974340578,0.16833709414493203,0.09425497497489999,0.8460729188812918,-0.11674873905840119,-0.0480378032891258,0.5666666666666667,0.36666666666666664,3.066666666666667,0.36666666666666675
S04_ma_10_30,4,ma_10_30,44,QQQ,2,42,2026-04-09,2026-06-08,30,0.17351965111678624,0.06957179709399529,0.0,0.29013607903731675,-0.06565777833551864,-0.10394785402279094,0.3,0.2,1.5333333333333334,0.2547619047619048
S04_ma_10_30,4,ma_10_30,45,SOX,3,63,2025-12-11,2026-03-13,30,0.05495814889159867,0.07168915932433292,0.0,0.05783476055150153,-0.125521291451776,0.01673101043273425,0.4666666666666667,0.4,2.6333333333333333,0.44338624338624333
S04_ma_10_30,4,ma_10_30,46,SOX,5,105,2026-02-04,2026-07-07,30,0.6716872458350869,0.20122383117229797,0.08973821484912625,0.8357639011253766,-0.14824892013469781,-0.47046341466278896,0.6666666666666666,0.1,4.6,0.2815873015873016
S04_ma_10_30,4,ma_10_30,47,QQQ,5,105,2025-12-08,2026-05-08,30,0.14218663388473285,0.016196144111957637,-0.019728622756050695,-0.28290562568144667,-0.1267935678468005,-0.12599048977277522,0.43333333333333335,0.16666666666666666,4.1,0.3092063492063492
S04_ma_10_30,4,ma_10_30,48,QQQ,4,84,2026-04-01,2026-07-31,30,0.1787339851211347,0.17620718007175312,0.012623619771908956,0.7793970122700551,-0.10953061704112223,-0.0025268050493816086,0.6333333333333333,0.23333333333333334,2.6666666666666665,0.3432003432003432
S04_ma_10_30,4,ma_10_30,49,QQQ,5,105,2026-01-05,2026-06-04,30,0.19992860322081452,0.10450306970421085,0.031421811336827754,0.6152129429000169,-0.12014920982200046,-0.09542553351660367,0.6,0.26666666666666666,4.433333333333334,0.29269841269841274
S04_ma_10_30,4,ma_10_30,50,QQQ,6,126,2026-01-26,2026-07-27,30,0.09316443448298051,0.056811585108066706,0.014303427315163653,0.40918822591243426,-0.10641438196998694,-0.03635284937491381,0.5666666666666667,0.3333333333333333,4.3,0.23248677248677246
S04_ma_10_30,4,ma_10_30,51,QQQ,4,84,2025-12-01,2026-04-01,30,-0.05082783849625683,-0.009133500134793415,0.0,-0.27696077418311005,-0.09098595666696382,0.04169433836146341,0.36666666666666664,0.6333333333333333,3.1666666666666665,0.29801587301587307
S04_ma_10_30,4,ma_10_30,52,QQQ,6,126,2025-12-10,2026-06-11,30,0.14553515505929093,0.040492217539800764,0.0,-0.030438651804694204,-0.12006975946294375,-0.10504293751949015,0.4666666666666667,0.2,4.966666666666667,0.2605820105820106
S04_ma_10_30,4,ma_10_30,53,QQQ,2,42,2026-01-16,2026-03-18,30,-0.04242981557588932,-0.012829595189740068,0.0,-0.4415314233275088,-0.0597469361204891,0.029600220386149248,0.2,0.8,1.7333333333333334,0.25079365079365085
S04_ma_10_30,4,ma_10_30,54,QQQ,5,105,2025-11-17,2026-04-20,30,0.07418069343854561,-0.011671600287784027,-0.0401997238597,-0.31533551114520925,-0.10936921767353656,-0.08585229372632965,0.3333333333333333,0.16666666666666666,3.0,0.27936507936507937
S04_ma_10_30,4,ma_10_30,55,QQQ,5,105,2025-10-15,2026-03-17,30,0.003100745071922928,-0.018947223342383947,-0.03870235180668846,-0.3105958504817798,-0.0983043205001912,-0.022047968414306875,0.36666666666666664,0.36666666666666664,3.933333333333333,0.2923809523809524
S04_ma_10_30,4,ma_10_30,56,QQQ,6,126,2026-01-14,2026-07-16,30,0.14213045687209025,0.06893929069639299,0.0,0.16192210722212047,-0.11732973920382099,-0.07319116617569726,0.4666666666666667,0.2,4.0,0.22089947089947087
S04_ma_10_30,4,ma_10_30,57,QQQ,6,126,2025-10-23,2026-04-24,30,0.09006759679818166,-0.013863073322068023,-0.039406368174692175,-0.14105276182736806,-0.14807175719763174,-0.10393067012024966,0.43333333333333335,0.23333333333333334,5.133333333333334,0.31587301587301586
S04_ma_10_30,4,ma_10_30,58,SOX,4,84,2026-03-17,2026-07-16,30,0.5598880834743656,0.18074268726795858,0.11754980401349502,1.3682402790291521,-0.10313368278380737,-0.37914539620640697,0.7333333333333333,0.06666666666666667,2.3,0.28134920634920635
S04_ma_10_30,4,ma_10_30,59,QQQ,1,21,2026-03-13,2026-04-13,30,0.041178542984749544,-0.016596023746627223,0.0,-0.7972965135585687,-0.04446025870866548,-0.05777456673137677,0.23333333333333334,0.1,1.2,0.2
S04_ma_10_30,4,ma_10_30,60,SOX,6,126,2025-10-08,2026-04-09,30,0.3014281534479444,0.15300696329798757,0.04780610342833702,0.6612323166610211,-0.1504013564665897,-0.14842119014995678,0.7,0.3,5.333333333333333,0.3367724867724868
S04_ma_10_30,4,ma_10_30,61,QQQ,5,105,2026-02-25,2026-07-27,30,0.10872843377959507,0.04999075688661867,0.0007715969282365842,0.28224902648601125,-0.12719444263660365,-0.05873767689297639,0.5,0.3,4.266666666666667,0.2873015873015873
S04_ma_10_30,4,ma_10_30,62,SOX,5,105,2026-02-05,2026-07-08,30,0.7007023849320608,0.20258808144806373,0.09725037651713753,0.9537071006274774,-0.13695233829808534,-0.4981143034839971,0.6666666666666666,0.1,3.933333333333333,0.2946031746031746
S04_ma_10_30,4,ma_10_30,63,SOX,6,126,2026-01-21,2026-07-22,30,0.5974211386911072,0.1726125727880587,0.06145032541018003,0.8506657559727441,-0.14188821324407583,-0.4248085659030485,0.6333333333333333,0.1,4.3,0.27169312169312165
S04_ma_10_30,4,ma_10_30,64,SOX,2,42,2026-03-19,2026-05-18,30,0.4575837143634356,0.1965342380187266,0.1513330154058833,2.069025307557499,-0.09507503599514194,-0.261049476344709,0.7666666666666667,0.13333333333333333,1.3333333333333333,0.4396825396825397
S04_ma_10_30,4,ma_10_30,65,QQQ,4,84,2026-01-29,2026-05-29,30,0.17446101571622186,0.035150685936672206,-0.009755563771301268,-0.18430199233903896,-0.07751073511266067,-0.13931032977954963,0.36666666666666664,0.1,2.7,0.171031746031746
S04_ma_10_30,4,ma_10_30,66,QQQ,6,126,2025-12-03,2026-06-04,30,0.19081859510169052,0.01373416108831376,5.87543899658316e-05,-0.13838402924045748,-0.1259433603262739,-0.17708443401337673,0.5,0.13333333333333333,5.066666666666666,0.2605820105820106
S04_ma_10_30,4,ma_10_30,67,QQQ,3,63,2026-02-27,2026-05-28,30,0.21281016150768028,-0.012267123030173984,-0.013289746179285966,-0.4405080145816348,-0.08592116703107842,-0.22507728453785428,0.23333333333333334,0.0,2.2666666666666666,0.21904761904761905
S04_ma_10_30,4,ma_10_30,68,SOX,2,42,2026-05-27,2026-07-27,30,-0.084231444774727,-0.027642054030587417,-0.0014363694652663184,-0.5233903216102678,-0.10053162972157395,0.05658939074413958,0.2,0.8333333333333334,1.6,0.19126984126984128
S04_ma_10_30,4,ma_10_30,69,SOX,6,126,2025-11-20,2026-05-22,30,1.008388067311781,0.25531766449755494,0.16702630643421135,0.9036087118228389,-0.1698307056959438,-0.7530704028142262,0.7666666666666667,0.06666666666666667,4.966666666666667,0.38915343915343914
S04_ma_10_30,4,ma_10_30,70,SOX,3,63,2026-02-11,2026-05-12,30,0.43339212808502814,0.07442877887876548,0.05547436849592979,0.9649685272149742,-0.11687408440400585,-0.35896334920626266,0.5666666666666667,0.06666666666666667,3.3333333333333335,0.3142857142857143
S04_ma_10_30,4,ma_10_30,71,SOX,1,21,2026-03-20,2026-04-20,30,0.2557515864490181,0.07929089116406102,0.01114219623740953,2.4239771552155127,-0.03303664342511275,-0.17646069528495711,0.5333333333333333,0.13333333333333333,0.8333333333333334,0.27301587301587293
S04_ma_10_30,4,ma_10_30,72,SOX,6,126,2025-10-15,2026-04-16,30,0.41425131037185237,0.21329180386003002,0.06321605128939511,0.7468248565412846,-0.13100833022618788,-0.2009595065118224,0.6666666666666666,0.2,4.633333333333334,0.29470899470899475
S04_ma_10_30,4,ma_10_30,73,QQQ,6,126,2026-01-06,2026-07-08,30,0.14388356408779868,0.06677136197565484,0.005381760130123592,0.38015776372973914,-0.10908954451326239,-0.0771122021121438,0.5,0.16666666666666666,4.4,0.25026455026455025
S04_ma_10_30,4,ma_10_30,74,SOX,3,63,2025-12-02,2026-03-04,30,0.1294426902991177,0.10948261002326604,0.013964944259760692,0.5123223377976598,-0.11485386482507515,-0.019960080275851656,0.5,0.4,2.1666666666666665,0.4439153439153439
S04_ma_10_30,4,ma_10_30,75,SOX,6,126,2025-11-11,2026-05-13,30,0.793630383884891,0.17654753082630173,0.0864857539118431,0.6097369546534183,-0.16870512688332295,-0.6170828530585893,0.7333333333333333,0.06666666666666667,5.0,0.36507936507936506
S04_ma_10_30,4,ma_10_30,76,QQQ,3,63,2026-01-02,2026-04-02,30,-0.04469334226329402,-0.010074478356694032,-0.003113460002831636,-0.0768611166066442,-0.10362923361390462,0.03461886390659999,0.43333333333333335,0.6666666666666666,2.6333333333333333,0.3328042328042328
S04_ma_10_30,4,ma_10_30,77,QQQ,6,126,2026-01-28,2026-07-29,30,0.04749147748901561,0.09144880221330555,0.07130361142970565,0.4238795013638953,-0.1237964444995457,0.04395732472428994,0.6,0.5333333333333333,4.133333333333334,0.2753968253968254
S04_ma_10_30,4,ma_10_30,78,QQQ,6,126,2025-10-28,2026-04-29,30,0.047932829404818245,-0.028658510598963214,-0.03650743918142457,-0.5074454676652717,-0.11293551609906623,-0.07659134000378144,0.4,0.26666666666666666,4.4,0.24021164021164018
S04_ma_10_30,4,ma_10_30,79,SOX,6,126,2025-11-20,2026-05-22,30,1.008388067311781,0.29670930559793546,0.20341770410378712,1.1146177286164412,-0.15647278280090088,-0.7116787617138459,0.7666666666666667,0.06666666666666667,4.2,0.39497354497354503
S04_ma_10_30,4,ma_10_30,80,SOX,2,42,2026-04-22,2026-06-22,30,0.5177549463551454,0.10003942492625965,0.027525338060428117,1.2604780303695433,-0.09908022867599679,-0.41771552142888574,0.5333333333333333,0.03333333333333333,1.8,0.3825396825396826
S04_ma_10_30,4,ma_10_30,81,SOX,3,63,2025-10-22,2026-01-22,30,0.22894765972879672,0.11895240048485543,0.027849450567059786,0.8163312226078092,-0.09526146521545584,-0.10999525924394128,0.5666666666666667,0.23333333333333334,2.1,0.3423280423280423
S04_ma_10_30,4,ma_10_30,82,SOX,5,105,2026-03-03,2026-07-31,30,0.5097705234468746,0.11107564078503292,0.06956502125065622,0.3376732991362922,-0.11330172877999496,-0.39869488266184167,0.6,0.03333333333333333,3.7666666666666666,0.22476190476190477
S04_ma_10_30,4,ma_10_30,83,SOX,3,63,2025-10-16,2026-01-15,30,0.16864172204614092,0.1142258942666233,0.07257582574268273,1.2104184849823418,-0.07891101981456088,-0.05441582777951761,0.6666666666666666,0.3333333333333333,1.8666666666666667,0.3100529100529101
S04_ma_10_30,4,ma_10_30,84,QQQ,1,21,2026-04-27,2026-05-26,30,0.09943851408148685,0.014985926844736541,0.0,-0.3908275980620798,-0.03673267364993848,-0.08445258723675031,0.2,0.03333333333333333,0.8,0.2619047619047619
S04_ma_10_30,4,ma_10_30,85,SOX,3,63,2026-03-11,2026-06-09,30,0.6442642952560536,0.16595657630884694,0.08751380565505018,1.275398391764729,-0.10841419779245816,-0.47830771894720664,0.6,0.06666666666666667,2.8,0.37354497354497357
S04_ma_10_30,4,ma_10_30,86,SOX,2,42,2025-12-12,2026-02-12,30,0.17542065172961707,0.17655269793047096,0.18172863586537458,1.407968585203796,-0.08634236881191143,0.0011320462008538941,0.6333333333333333,0.5333333333333333,2.033333333333333,0.6253968253968253
S04_ma_10_30,4,ma_10_30,87,QQQ,6,126,2025-12-30,2026-07-01,30,0.17346972537719885,0.05357643301442747,0.024525411610731518,0.2398129406959,-0.0995960273666532,-0.1198932923627714,0.5333333333333333,0.2,4.0,0.20820105820105816
S04_ma_10_30,4,ma_10_30,88,QQQ,6,126,2025-12-04,2026-06-05,30,0.13471362524037267,0.06337388371356177,-0.009325028234835275,-0.14538786756469083,-0.11814335355481671,-0.0713397415268109,0.43333333333333335,0.2,4.2,0.27671957671957675
S04_ma_10_30,4,ma_10_30,89,QQQ,1,21,2026-01-29,2026-02-27,30,-0.03517456307352229,-0.007019226848189479,0.0,-0.20199070876606004,-0.029440347580971138,0.028155336225332814,0.23333333333333334,0.8333333333333334,0.9333333333333333,0.23174603174603173
S04_ma_10_30,4,ma_10_30,90,SOX,5,105,2025-11-18,2026-04-21,30,0.522044868823031,0.10850755095648155,0.01081064844073365,0.3691639252649797,-0.14535843611361549,-0.4135373178665494,0.5333333333333333,0.13333333333333333,4.733333333333333,0.3419047619047619
S04_ma_10_30,4,ma_10_30,91,SOX,3,63,2026-03-31,2026-06-30,30,0.9505394578193211,0.2995215752430543,0.21532828097896806,1.9899710903820884,-0.10946331473460953,-0.6510178825762668,0.7333333333333333,0.06666666666666667,2.0,0.37513227513227515
S04_ma_10_30,4,ma_10_30,92,SOX,3,63,2025-12-24,2026-03-26,30,0.07484346591507296,0.07894462814693866,0.024946671856250213,0.5279207395599139,-0.12945952707999844,0.004101162231865681,0.5666666666666667,0.36666666666666664,3.5,0.40634920634920635
S04_ma_10_30,4,ma_10_30,93,QQQ,4,84,2026-02-20,2026-06-22,30,0.21498093957087772,-0.0024763488673036904,-0.008824103866405919,-0.2637429946878603,-0.09877257333238051,-0.2174572884381814,0.23333333333333334,0.1,2.8333333333333335,0.2388888888888889
S04_ma_10_30,4,ma_10_30,94,QQQ,6,126,2025-11-24,2026-05-27,30,0.20845863038608625,0.01984560819458904,-0.0240090628125596,-0.12493552220846985,-0.12838881288516366,-0.1886130221914972,0.36666666666666664,0.13333333333333333,3.9,0.2391534391534391
S04_ma_10_30,4,ma_10_30,95,SOX,1,21,2026-01-15,2026-02-13,30,0.05171689022810333,0.052413041455930946,0.00981222818202998,1.6827520251817951,-0.06719175618251924,0.0006961512278276165,0.5666666666666667,0.36666666666666664,1.5333333333333334,0.5158730158730159
S04_ma_10_30,4,ma_10_30,96,QQQ,5,105,2025-11-20,2026-04-23,30,0.11510188328358972,0.03846820592158938,0.003345727222709649,0.13672518086548202,-0.10471178770676004,-0.07663367736200034,0.5,0.23333333333333334,3.6666666666666665,0.32476190476190475
S04_ma_10_30,4,ma_10_30,97,QQQ,6,126,2025-11-05,2026-05-07,30,0.11781657461604356,0.01912732048508176,-0.007488014626710893,-0.23198002017539493,-0.12793140324308844,-0.09868925413096179,0.4,0.2,4.933333333333334,0.2608465608465608
S04_ma_10_30,4,ma_10_30,98,SOX,1,21,2026-05-13,2026-06-11,30,0.11099967115129994,0.005358696111212746,0.0,-0.12033845299927273,-0.07174277070929636,-0.10564097504008721,0.3333333333333333,0.13333333333333333,1.1,0.3634920634920634
S04_ma_10_30,4,ma_10_30,99,QQQ,1,21,2025-12-26,2026-01-27,30,0.011604537674297255,0.005607921709711742,0.0,-0.29802614145927253,-0.04478537284608027,-0.005996615964585513,0.3333333333333333,0.26666666666666666,1.2333333333333334,0.4365079365079365
S05_ma_12_40,5,ma_12_40,0,QQQ,4,84,2026-04-07,2026-08-05,30,0.22001431971541607,0.027507943977352328,0.0,0.23930153888727462,-0.10445877738992024,-0.19250637573806373,0.43333333333333335,0.1,2.1666666666666665,0.2503968253968254
S05_ma_12_40,5,ma_12_40,1,SOX,1,21,2026-03-26,2026-04-24,30,0.40367955782023013,0.12098695885803815,0.044637246670105046,3.1511654190819596,-0.023409147792427996,-0.28269259896219195,0.6,0.1,0.9333333333333333,0.3777777777777778
S05_ma_12_40,5,ma_12_40,2,SOX,1,21,2026-06-12,2026-07-14,30,-0.04706132724204226,-0.023546018715680326,0.0,-0.5067723601699118,-0.0725592219926364,0.023515308526361935,0.1,0.7666666666666667,0.9333333333333333,0.26666666666666666
S05_ma_12_40,5,ma_12_40,3,SOX,2,42,2026-02-06,2026-04-08,30,0.06346493298109812,0.016651553718797615,0.0,0.4688710178742334,-0.0888878117969247,-0.04681337926230052,0.3,0.2,1.9333333333333333,0.2944444444444444
S05_ma_12_40,5,ma_12_40,4,QQQ,5,105,2026-02-25,2026-07-27,30,0.10872843377959507,0.03220410964349044,-0.0083843962788272,0.007559749788413713,-0.10731792453806187,-0.07652432413610463,0.4,0.23333333333333334,3.1333333333333333,0.2692063492063491
S05_ma_12_40,5,ma_12_40,5,QQQ,4,84,2026-03-11,2026-07-10,30,0.19670091568073822,0.09315490046661985,0.0,0.3517603000528979,-0.08924664902268589,-0.10354601521411837,0.4666666666666667,0.23333333333333334,2.6333333333333333,0.24007936507936503
S05_ma_12_40,5,ma_12_40,6,SOX,1,21,2026-01-05,2026-02-03,30,0.08671326750252062,0.10062527502110602,0.0787497461582608,2.7607800953487196,-0.051338046495174545,0.013912007518585411,0.6666666666666666,0.5,0.9666666666666667,0.6523809523809524
S05_ma_12_40,5,ma_12_40,7,QQQ,6,126,2026-01-13,2026-07-15,30,0.14881636115780306,0.06335725258211485,0.05250221761183993,0.36059909069918245,-0.13036386347050272,-0.0854591085756882,0.6,0.23333333333333334,4.333333333333333,0.3140211640211641
S05_ma_12_40,5,ma_12_40,8,QQQ,6,126,2025-11-11,2026-05-13,30,0.1527796119738951,0.029074165424819078,-0.02799431408330194,-0.15450879699082065,-0.13008301643937875,-0.12370544654907603,0.4,0.2,4.5,0.26455026455026454
S05_ma_12_40,5,ma_12_40,9,QQQ,6,126,2025-10-07,2026-04-08,30,0.005171232540085446,-0.04688194437402249,-0.03353027938585329,-0.6044177918631988,-0.1290361082346231,-0.05205317691410793,0.23333333333333334,0.23333333333333334,3.933333333333333,0.267989417989418
S05_ma_12_40,5,ma_12_40,10,QQQ,2,42,2026-02-24,2026-04-23,30,0.07299483558629571,-0.004982135469838911,0.0,-0.46643825173482495,-0.04885783490292592,-0.07797697105613462,0.23333333333333334,0.16666666666666666,1.5,0.18253968253968247
S05_ma_12_40,5,ma_12_40,11,SOX,1,21,2025-11-07,2025-12-08,29,0.062436399816205856,0.0007088218603159519,0.0,0.45501950862120727,-0.041350361365417324,-0.061727577955889894,0.27586206896551724,0.10344827586206896,0.896551724137931,0.23316912972085382
S05_ma_12_40,5,ma_12_40,12,SOX,6,126,2025-12-30,2026-07-01,30,0.9688914475978105,0.30667110046507295,0.22421678716339088,1.3204687925930227,-0.1534177051303292,-0.6622203471327375,0.9,0.03333333333333333,4.466666666666667,0.35634920634920625
S05_ma_12_40,5,ma_12_40,13,SOX,2,42,2025-10-17,2025-12-16,29,0.029371584771975545,0.01105106454223354,0.0,-0.3624281596614327,-0.06640261493205704,-0.018320520229742003,0.27586206896551724,0.13793103448275862,1.5172413793103448,0.2430213464696223
S05_ma_12_40,5,ma_12_40,14,QQQ,3,63,2025-10-06,2026-01-05,30,0.01822612687042291,-0.012215052852438835,0.0,-0.09659597440115889,-0.07914280728511844,-0.030441179722861745,0.4,0.3333333333333333,2.3333333333333335,0.3195767195767195
S05_ma_12_40,5,ma_12_40,15,QQQ,2,42,2026-05-04,2026-07-02,30,0.06019361510389598,0.047587009929749305,0.01671218477307046,0.7787828890346117,-0.06488353270871723,-0.012606605174146671,0.5666666666666667,0.3,1.6333333333333333,0.2944444444444444
S05_ma_12_40,5,ma_12_40,16,QQQ,1,21,2026-06-16,2026-07-16,30,-0.031710439745032626,0.013986207116437414,0.0,0.29463592882206585,-0.046371305891761534,0.045696646861470035,0.3,0.8333333333333334,0.9,0.3603174603174603
S05_ma_12_40,5,ma_12_40,17,SOX,5,105,2026-02-26,2026-07-28,30,0.37891348628810806,0.11535816598982077,0.06932117071652388,0.3462491686598783,-0.12450628252584833,-0.26355532029828727,0.6,0.13333333333333333,3.433333333333333,0.25111111111111106
S05_ma_12_40,5,ma_12_40,18,SOX,6,126,2025-10-17,2026-04-20,30,0.4519881329203801,0.18189901323935734,0.12369279326047544,0.7684043088396708,-0.12954273088983734,-0.2700891196810228,0.6666666666666666,0.1,3.8333333333333335,0.2804232804232804
S05_ma_12_40,5,ma_12_40,19,QQQ,6,126,2026-01-08,2026-07-10,30,0.17205203438076722,0.023904535208375193,0.02640083103010049,0.1415400315891901,-0.14774154205549464,-0.14814749917239206,0.5666666666666667,0.2,4.133333333333334,0.3042328042328043
S05_ma_12_40,5,ma_12_40,20,QQQ,5,105,2026-01-06,2026-06-05,30,0.1323810712644058,0.03375748185789496,-0.00827376972858429,0.1683866215562557,-0.12026181592802322,-0.09862358940651082,0.4666666666666667,0.23333333333333334,3.533333333333333,0.2603174603174603
S05_ma_12_40,5,ma_12_40,21,QQQ,2,42,2026-05-07,2026-07-08,30,0.024868117690069358,0.04674731084660191,0.019257896576199363,0.7139265284525365,-0.054091368204828356,0.02187919315653255,0.5333333333333333,0.43333333333333335,1.5666666666666667,0.26825396825396824
S05_ma_12_40,5,ma_12_40,22,QQQ,6,126,2025-11-04,2026-05-06,30,0.1264349282234174,0.010976156267252013,-0.01753412959020073,-0.32816242387720607,-0.12470847284583714,-0.11545877195616541,0.4666666666666667,0.2,4.0,0.3071428571428571
S05_ma_12_40,5,ma_12_40,23,QQQ,1,21,2026-06-24,2026-07-23,30,-0.026258722344920882,0.005970061382464916,0.0,0.3940178520178776,-0.059064556039098014,0.032228783727385794,0.3333333333333333,0.8,0.9666666666666667,0.4623716153127918
S05_ma_12_40,5,ma_12_40,24,SOX,3,63,2026-02-10,2026-05-11,30,0.5169115193757234,0.11373803687256728,0.061290400015390434,0.9242942955683464,-0.12764986200484477,-0.4031734825031561,0.6,0.1,2.7,0.33915343915343915
S05_ma_12_40,5,ma_12_40,25,SOX,3,63,2025-12-19,2026-03-23,30,0.12336937055362207,0.20292533150061537,0.178657729227917,1.5522208119617387,-0.1123027929755727,0.07955596094699331,0.7666666666666667,0.5666666666666667,3.1333333333333333,0.5169312169312169
S05_ma_12_40,5,ma_12_40,26,QQQ,4,84,2026-02-17,2026-06-16,30,0.21533397141026023,0.03633347002886695,-0.006416719449379826,0.05942731500388812,-0.10162936441165679,-0.17900050138139328,0.36666666666666664,0.13333333333333333,2.3,0.23650793650793653
S05_ma_12_40,5,ma_12_40,27,QQQ,4,84,2026-03-20,2026-07-21,30,0.2209119901753267,0.023944104278870382,0.0012704745217616553,0.19341007348151606,-0.09167400048995494,-0.19696788589645634,0.5,0.1,2.3666666666666667,0.2785714285714286
S05_ma_12_40,5,ma_12_40,28,SOX,5,105,2025-12-03,2026-05-05,30,0.5636640753600646,0.31314848595216127,0.22552689383612456,1.4902258805443864,-0.14602940473531073,-0.25051558940790325,0.8333333333333334,0.16666666666666666,3.9,0.44857142857142857
S05_ma_12_40,5,ma_12_40,29,QQQ,5,105,2025-10-14,2026-03-16,30,0.005273420593681077,-0.018876813073678184,-0.012123932235030832,-0.18255128174464821,-0.10142974433857962,-0.02415023366735926,0.3,0.3,2.8666666666666667,0.22698412698412704
S05_ma_12_40,5,ma_12_40,30,QQQ,5,105,2025-10-01,2026-03-03,30,-0.001483497072456763,0.00720231597528865,-0.02727840923418068,-0.0961776250529986,-0.12725590031025272,0.008685813047745412,0.36666666666666664,0.4,4.266666666666667,0.35301587301587306
S05_ma_12_40,5,ma_12_40,31,SOX,3,63,2025-10-14,2026-01-13,29,0.19624523269158112,0.11040180796436752,0.0681283520219822,1.113675683682414,-0.07789306415178315,-0.08584342472721357,0.6551724137931034,0.2413793103448276,1.9310344827586208,0.3076081007115489
S05_ma_12_40,5,ma_12_40,32,QQQ,1,21,2026-02-06,2026-03-09,30,-0.0031001579933559453,-0.0032459918244159875,0.0,-0.10724072196250668,-0.026890281992983583,-0.00014583383106004193,0.2,0.8,0.8666666666666667,0.21904761904761905
S05_ma_12_40,5,ma_12_40,33,QQQ,1,21,2026-02-19,2026-03-19,30,-0.01731637192364932,-0.014978343354678932,0.0,-1.3279597838058275,-0.023383747495551478,0.002338028568970389,0.03333333333333333,0.7333333333333333,0.6333333333333333,0.2015873015873016
S05_ma_12_40,5,ma_12_40,34,SOX,2,42,2026-02-05,2026-04-07,30,0.051821989838227944,0.008828801933464421,0.0,0.11147903972927785,-0.1044745809952716,-0.042993187904763516,0.3333333333333333,0.16666666666666666,2.0,0.33015873015873015
S05_ma_12_40,5,ma_12_40,35,SOX,3,63,2025-12-03,2026-03-05,30,0.09340205814437863,0.1640590778811548,0.10247445549934941,1.1838302329197972,-0.10065280425042751,0.07065701973677621,0.6333333333333333,0.5333333333333333,2.2666666666666666,0.548148148148148
S05_ma_12_40,5,ma_12_40,36,SOX,3,63,2025-11-05,2026-02-05,30,0.08460641574038563,0.07834168576110447,0.02562370882290088,0.9365496725493365,-0.09810990497128348,-0.006264729979281166,0.5,0.43333333333333335,2.0,0.4158730158730159
S05_ma_12_40,5,ma_12_40,37,QQQ,2,42,2026-02-10,2026-04-10,30,0.0006060197360127084,-0.029917879874417817,0.0,-0.7844330957416774,-0.0767477220057007,-0.030523899610430526,0.3,0.3,1.7666666666666666,0.27698412698412694
S05_ma_12_40,5,ma_12_40,38,SOX,3,63,2025-10-23,2026-01-23,30,0.18606147994154187,0.10069525939712272,0.04653736047222101,1.1082056412011383,-0.09943403897020536,-0.08536622054441917,0.6666666666666666,0.23333333333333334,2.2666666666666666,0.37989417989417984
S05_ma_12_40,5,ma_12_40,39,SOX,6,126,2025-12-16,2026-06-17,30,1.026956148452106,0.32034701837423957,0.18108230279104576,1.0660634713832444,-0.15977164660859292,-0.7066091300778664,0.8,0.06666666666666667,4.6,0.43915343915343913
S05_ma_12_40,5,ma_12_40,40,SOX,1,21,2025-12-16,2026-01-15,30,0.13848748600095173,0.12589501549753337,0.12609620699589508,2.9431076640228175,-0.038362638300409944,-0.012592470503418348,0.7333333333333333,0.43333333333333335,0.8333333333333334,0.6714285714285715
S05_ma_12_40,5,ma_12_40,41,QQQ,5,105,2025-10-20,2026-03-20,30,-0.04697983753590851,-0.04624445052776741,-0.036860019520280396,-0.7199924138684077,-0.12590192097102706,0.00073538700814109,0.26666666666666666,0.5333333333333333,3.7,0.2841269841269842
S05_ma_12_40,5,ma_12_40,42,QQQ,3,63,2026-02-18,2026-05-18,30,0.16669142626710487,0.01169480679494835,0.0,0.0034315279739335863,-0.06749278938497809,-0.1549966194721565,0.3,0.1,1.6,0.21164021164021166
S05_ma_12_40,5,ma_12_40,43,QQQ,1,21,2026-04-29,2026-05-28,30,0.11190047642691625,0.030294756337240398,0.0,0.834499583324613,-0.021701256864976908,-0.08160572008967583,0.26666666666666666,0.06666666666666667,0.5333333333333333,0.1904761904761905
S05_ma_12_40,5,ma_12_40,44,SOX,2,42,2025-10-08,2025-12-05,29,0.06126086284874255,0.0199154522170051,0.0,0.14017347227094307,-0.06092832606950083,-0.04134541063173745,0.20689655172413793,0.13793103448275862,1.896551724137931,0.2110016420361248
S05_ma_12_40,5,ma_12_40,45,SOX,3,63,2025-12-11,2026-03-13,30,0.05495814889159867,0.14588847848776057,0.0669733309951055,0.7954826806048135,-0.11748252193962488,0.09093032959616189,0.6666666666666666,0.5666666666666667,1.9666666666666666,0.5333333333333333
S05_ma_12_40,5,ma_12_40,46,QQQ,4,84,2026-02-17,2026-06-16,30,0.21533397141026023,0.016865593807141404,-0.007785030477586163,-0.31782060230298775,-0.07536408142869183,-0.1984683776031188,0.23333333333333334,0.06666666666666667,2.033333333333333,0.17896825396825397
S05_ma_12_40,5,ma_12_40,47,SOX,6,126,2025-10-23,2026-04-24,30,0.5892295681363808,0.30638793036211376,0.15420294908158205,1.2316270422168303,-0.15781120036287138,-0.28284163777426713,0.8333333333333334,0.13333333333333333,4.933333333333334,0.38253968253968246
S05_ma_12_40,5,ma_12_40,48,QQQ,1,21,2026-06-01,2026-06-30,30,-0.007446386853765863,0.03233137290377368,0.0,0.7087073540547316,-0.0561386816513306,0.03977775975753954,0.36666666666666664,0.8,1.1333333333333333,0.34761904761904755
S05_ma_12_40,5,ma_12_40,49,SOX,2,42,2025-12-02,2026-02-02,30,0.16631476557062586,0.14393660273359704,0.09550148714860285,1.7608076444347547,-0.07693945805770565,-0.022378162837028818,0.6333333333333333,0.4,1.1333333333333333,0.5579365079365081
S05_ma_12_40,5,ma_12_40,50,SOX,4,84,2025-10-22,2026-02-23,30,0.25767373174469577,0.23284244553186279,0.15420294908158205,1.297375481460343,-0.10047490260129403,-0.024831286212832957,0.6666666666666666,0.36666666666666664,2.5,0.39365079365079353
S05_ma_12_40,5,ma_12_40,51,QQQ,1,21,2026-02-03,2026-03-04,30,-0.009359083299254944,0.008485105630287466,0.0,0.24025784924842955,-0.03086763247132137,0.017844188929542412,0.23333333333333334,0.7,1.3333333333333333,0.3571428571428571
S05_ma_12_40,5,ma_12_40,52,QQQ,1,21,2025-11-19,2025-12-18,30,0.015403420985448113,-0.005491108300168864,0.0,-0.4639125700346985,-0.02805606485423988,-0.020894529285616976,0.16666666666666666,0.1,0.6,0.20476190476190478
S05_ma_12_40,5,ma_12_40,53,QQQ,2,42,2026-05-04,2026-07-02,30,0.06019361510389598,0.03986915218634066,0.0,0.40947942849193514,-0.07168589047062303,-0.02032446291755532,0.4666666666666667,0.23333333333333334,1.5666666666666667,0.342063492063492
S05_ma_12_40,5,ma_12_40,54,SOX,2,42,2025-12-12,2026-02-12,30,0.17542065172961707,0.1926135478969412,0.17401341625085787,1.774174327960437,-0.0665673588246899,0.017192896167324147,0.6333333333333333,0.5,1.4,0.592063492063492
S05_ma_12_40,5,ma_12_40,55,QQQ,5,105,2026-01-15,2026-06-16,30,0.17530353983363178,0.07212998221438328,-0.0013752996478381685,0.010797341298406133,-0.12523101864417766,-0.1031735576192485,0.4666666666666667,0.16666666666666666,3.7333333333333334,0.24063492063492067
S05_ma_12_40,5,ma_12_40,56,QQQ,6,126,2025-11-21,2026-05-26,30,0.2407730810269626,0.0034662230999720914,0.0,-0.2933336519720147,-0.1040645273983891,-0.23730685792699052,0.36666666666666664,0.06666666666666667,3.6333333333333333,0.24417989417989416
S05_ma_12_40,5,ma_12_40,57,QQQ,6,126,2025-09-30,2026-03-31,30,-0.03617377722303072,-0.032518885028478293,-0.04383652065528182,-0.3537472273582163,-0.1421779840821927,0.0036548921945524283,0.3333333333333333,0.5,4.433333333333334,0.271957671957672
S05_ma_12_40,5,ma_12_40,58,SOX,4,84,2026-03-11,2026-07-10,30,0.7012318767969596,0.20498661953997663,0.08199174086650751,1.1186607079059272,-0.11429187643686424,-0.49624525725698304,0.6666666666666666,0.03333333333333333,3.2,0.2805555555555556
S05_ma_12_40,5,ma_12_40,59,QQQ,2,42,2026-05-26,2026-07-24,30,-0.06202844866377155,-0.0025700486182298737,0.0,0.20567221137881878,-0.08245668896143261,0.0594584000455417,0.3333333333333333,0.7666666666666667,1.4333333333333333,0.32927927927927925
S05_ma_12_40,5,ma_12_40,60,SOX,2,42,2026-01-23,2026-03-24,30,-0.010095147239102875,0.04638110034989653,0.0,0.3021063913410422,-0.09466318859621213,0.056476247588999405,0.43333333333333335,0.7,2.1333333333333333,0.3801587301587301
S05_ma_12_40,5,ma_12_40,61,QQQ,3,63,2026-01-27,2026-04-27,30,0.053772680016382246,0.017104109305518398,-0.00816637158982969,-0.3943781185809717,-0.07755402686469247,-0.03666857071086385,0.4,0.23333333333333334,2.7666666666666666,0.2497354497354497
S05_ma_12_40,5,ma_12_40,62,QQQ,2,42,2026-03-04,2026-05-01,30,0.10519871120324598,0.01973731332889032,0.0,-0.1578670175307117,-0.07765669362455764,-0.08546139787435567,0.36666666666666664,0.13333333333333333,2.033333333333333,0.29523809523809524
S05_ma_12_40,5,ma_12_40,63,QQQ,3,63,2026-01-16,2026-04-17,30,0.045726599168506965,-0.03420955298082139,-0.008435353524756384,-0.7143945536186208,-0.09851106132373184,-0.07993615214932834,0.26666666666666666,0.16666666666666666,2.2666666666666666,0.25873015873015875
S05_ma_12_40,5,ma_12_40,64,QQQ,2,42,2026-05-15,2026-07-16,30,-0.003123330350319309,0.08096017481194591,0.05098261130756865,0.7443563829500389,-0.0574467618372549,0.08408350516226519,0.6,0.8333333333333334,1.7666666666666666,0.3079365079365079
S05_ma_12_40,5,ma_12_40,65,SOX,1,21,2025-12-31,2026-01-30,30,0.14992524341794122,0.1494964319752897,0.1307031471197977,2.935869738965925,-0.05639332428296663,-0.0004288114426515222,0.7,0.4666666666666667,1.0666666666666667,0.692063492063492
S05_ma_12_40,5,ma_12_40,66,SOX,6,126,2025-11-28,2026-06-01,30,0.9313906532026859,0.2620767671526499,0.23389323603139212,1.0323657527086665,-0.1521979569162905,-0.6693138860500358,0.7,0.03333333333333333,4.066666666666666,0.3965608465608465
S05_ma_12_40,5,ma_12_40,67,QQQ,2,42,2026-03-11,2026-05-08,30,0.17185871894096194,0.05956427284977035,0.0,0.20214749637650056,-0.050051718390226235,-0.11229444609119159,0.4,0.2,1.8666666666666667,0.21746031746031746
S05_ma_12_40,5,ma_12_40,68,SOX,6,126,2025-11-03,2026-05-05,30,0.5686332851582758,0.26099053162998265,0.13904090821672932,1.1495137188258986,-0.16969485488255084,-0.3076427535282932,0.7666666666666667,0.2,5.033333333333333,0.3949735449735449
S05_ma_12_40,5,ma_12_40,69,SOX,1,21,2025-10-03,2025-10-31,29,0.09497785979553508,-0.01386708084866131,0.0,-0.6214641036978334,-0.05938693044153588,-0.10884494064419639,0.2413793103448276,0.10344827586206896,1.5172413793103448,0.3070607553366174
S05_ma_12_40,5,ma_12_40,70,QQQ,6,126,2026-01-08,2026-07-10,30,0.17205203438076722,0.04380650530244437,0.02615222654546323,0.115239202590109,-0.13466092570606245,-0.12824552907832285,0.5666666666666667,0.26666666666666666,4.766666666666667,0.24444444444444444
S05_ma_12_40,5,ma_12_40,71,QQQ,3,63,2026-02-03,2026-05-04,30,0.09279250161923835,0.02387980520945609,0.0,-0.03934891036390029,-0.04441107326640121,-0.06891269640978227,0.2,0.06666666666666667,1.3,0.1693121693121693
S05_ma_12_40,5,ma_12_40,72,SOX,5,105,2025-12-08,2026-05-08,30,0.667039672107381,0.2572956068187732,0.2136485660101941,1.2312950074856017,-0.13739832832180213,-0.4097440652886078,0.8,0.1,4.3,0.4193650793650793
S05_ma_12_40,5,ma_12_40,73,SOX,6,126,2025-11-14,2026-05-18,30,0.722246423685857,0.1671962413372743,0.12455419014751257,0.6841146727490021,-0.16382510557825522,-0.5550501823485827,0.7,0.06666666666666667,4.766666666666667,0.3701058201058201
S05_ma_12_40,5,ma_12_40,74,QQQ,1,21,2026-07-01,2026-07-30,29,-0.05739343339910963,0.005102964750225509,0.0,-0.04058917122157238,-0.03350040058763571,0.06249639814933515,0.27586206896551724,0.896551724137931,1.0344827586206897,0.3201970443349754
S05_ma_12_40,5,ma_12_40,75,SOX,4,84,2026-02-24,2026-06-24,30,0.6632315072002657,0.15544211677036882,0.12582967077949048,0.8733468971075601,-0.12898384559163845,-0.5077893904298969,0.6,0.03333333333333333,3.2666666666666666,0.29087301587301595
S05_ma_12_40,5,ma_12_40,76,QQQ,3,63,2026-02-27,2026-05-28,30,0.21281016150768028,0.017576439794746494,0.0,-0.03805675828896041,-0.0823113281184875,-0.1952337217129338,0.36666666666666664,0.06666666666666667,1.9333333333333333,0.2650793650793651
S05_ma_12_40,5,ma_12_40,77,SOX,1,21,2026-02-17,2026-03-17,30,-0.03852128566314783,-0.03822977652108174,0.0,-1.6411632905722735,-0.0647407702673307,0.00029150914206608943,0.1,0.5666666666666667,1.0333333333333334,0.30793650793650795
S05_ma_12_40,5,ma_12_40,78,SOX,4,84,2026-03-11,2026-07-10,30,0.7012318767969596,0.1696839810706593,0.07583193469117278,1.153407404765041,-0.12154368000654113,-0.5315478957263003,0.6666666666666666,0.0,3.3666666666666667,0.32500000000000007
S05_ma_12_40,5,ma_12_40,79,SOX,2,42,2026-01-14,2026-03-16,30,0.017866788219712992,0.047471561145024,0.006766593041010571,0.5942510721854661,-0.09869833185423889,0.029604772925311006,0.5333333333333333,0.43333333333333335,1.9666666666666666,0.45079365079365075
S05_ma_12_40,5,ma_12_40,80,QQQ,6,126,2025-10-31,2026-05-04,30,0.07237117072340404,-0.030937816830496165,-0.05997973832830067,-0.5875659715342221,-0.12065722793989968,-0.10330898755390022,0.3,0.16666666666666666,4.6,0.2677248677248677
S05_ma_12_40,5,ma_12_40,81,QQQ,5,105,2025-12-15,2026-05-15,30,0.16411449668003852,0.017233348548797493,-0.01185589485177474,-0.23324419993632625,-0.10830216380071457,-0.14688114813124103,0.4,0.1,2.7666666666666666,0.2584126984126984
S05_ma_12_40,5,ma_12_40,82,SOX,5,105,2025-12-18,2026-05-20,30,0.7827370590814902,0.33861364778893216,0.2247335636096195,1.6613208518987255,-0.1464988445011269,-0.44412341129255795,0.9333333333333333,0.1,4.3,0.45015873015873004
S05_ma_12_40,5,ma_12_40,83,QQQ,3,63,2025-12-18,2026-03-20,30,-0.04317785435836541,0.017616047429725504,0.0,0.12762130066670657,-0.07774548762410453,0.060793901788090916,0.4,0.7333333333333333,2.566666666666667,0.31005291005290997
S05_ma_12_40,5,ma_12_40,84,QQQ,3,63,2026-04-14,2026-07-14,30,0.14616760869996304,0.06666091662594945,0.006665041473386091,0.6669836866032769,-0.056882347943194786,-0.07950669207401359,0.5,0.1,1.7,0.27619047619047615
S05_ma_12_40,5,ma_12_40,85,SOX,1,21,2026-03-04,2026-04-01,30,-0.008172991300146037,-0.03199481633697659,-0.021393483559220383,-1.0064994803101235,-0.06820633165352354,-0.023821825036830554,0.06666666666666667,0.43333333333333335,1.2666666666666666,0.2936507936507936
S05_ma_12_40,5,ma_12_40,86,QQQ,5,105,2025-10-01,2026-03-03,30,-0.001483497072456763,-0.01211109788258246,-0.005998089636594761,-0.1880535394204204,-0.11745127826627512,-0.010627600810125697,0.43333333333333335,0.5,3.7333333333333334,0.36031746031746026
S05_ma_12_40,5,ma_12_40,87,QQQ,4,84,2025-11-19,2026-03-23,30,-0.017287005361245833,-0.028220041896907796,-0.03068188362995289,-0.6296415367930766,-0.10077444175429845,-0.010933036535661963,0.26666666666666666,0.4666666666666667,3.2333333333333334,0.2936507936507936
S05_ma_12_40,5,ma_12_40,88,QQQ,4,84,2026-02-24,2026-06-24,30,0.1717932209534314,0.03708573854723734,0.0,-0.08169910119050908,-0.11250911772386823,-0.13470748240619407,0.4,0.2,2.7333333333333334,0.2388888888888889
S05_ma_12_40,5,ma_12_40,89,SOX,5,105,2025-10-13,2026-03-13,30,0.16476086971231152,0.20066385368078443,0.08259901889207488,0.8743859193466308,-0.13510423705730584,0.03590298396847295,0.7,0.4,3.8333333333333335,0.4107936507936508
S05_ma_12_40,5,ma_12_40,90,QQQ,1,21,2025-10-24,2025-11-21,30,-0.04380167504320631,-0.003662134610221361,0.0,0.1518725609249313,-0.032972569568283386,0.040139540432984955,0.23333333333333334,0.8,0.8,0.2857142857142857
S05_ma_12_40,5,ma_12_40,91,QQQ,3,63,2026-04-10,2026-07-10,30,0.18858277168553128,0.0504065365192382,0.0,0.273566038606441,-0.0783930572459384,-0.13817623516629307,0.36666666666666664,0.16666666666666666,1.6333333333333333,0.253968253968254
S05_ma_12_40,5,ma_12_40,92,SOX,4,84,2025-11-28,2026-03-31,30,0.10987511194723121,0.12191865858058207,0.08404933505070955,0.7575460385563791,-0.13225888582431247,0.012043546633350862,0.6666666666666666,0.43333333333333335,3.2333333333333334,0.44325396825396823
S05_ma_12_40,5,ma_12_40,93,QQQ,4,84,2026-01-09,2026-05-11,30,0.1396941553755362,0.0009873281689449342,0.0,-0.0999549801914104,-0.08373464222506648,-0.13870682720659125,0.43333333333333335,0.06666666666666667,2.7,0.2742063492063492
S05_ma_12_40,5,ma_12_40,94,QQQ,1,21,2026-04-13,2026-05-11,30,0.15533123110812963,0.05864703773228868,0.0,0.8990679557818012,-0.025190207120316967,-0.09668419337584094,0.23333333333333334,0.16666666666666666,0.7,0.27936507936507937
S05_ma_12_40,5,ma_12_40,95,SOX,6,126,2025-12-09,2026-06-10,30,0.7382199722563447,0.3035723358006693,0.2136485660101941,1.0639705908342987,-0.14913191236704526,-0.4346476364556754,0.7333333333333333,0.16666666666666666,4.733333333333333,0.3949735449735449
S05_ma_12_40,5,ma_12_40,96,SOX,6,126,2025-11-10,2026-05-12,30,0.7121335120848225,0.22218842938758154,0.15905623229940113,0.9738578070049754,-0.1678788930522433,-0.48994508269724096,0.7333333333333333,0.06666666666666667,4.533333333333333,0.40238095238095234
S05_ma_12_40,5,ma_12_40,97,SOX,5,105,2025-10-17,2026-03-19,30,0.1830113643542326,0.13322927272163698,0.007689440287990457,0.4958610776076412,-0.13091696319395776,-0.04978209163259559,0.5333333333333333,0.3333333333333333,3.5,0.3657142857142857
S05_ma_12_40,5,ma_12_40,98,QQQ,5,105,2025-11-19,2026-04-22,30,0.0948726065866734,0.013971491384269896,-0.010136111144138427,-0.07028576747017651,-0.11530115970135972,-0.0809011152024035,0.4666666666666667,0.26666666666666666,3.1333333333333333,0.33174603174603173
S05_ma_12_40,5,ma_12_40,99,QQQ,1,21,2025-12-19,2026-01-21,30,3.89160915457154e-05,0.008480869161839906,0.0,0.01091971433119827,-0.034094044293647395,0.008441953070294191,0.2,0.2,0.8333333333333334,0.3603174603174603
S06_slow_ma,6,slow_ma,0,SOX,1,21,2026-06-30,2026-07-29,30,-0.27429928067750964,-0.04207719920478135,0.0,-0.7406480918657924,-0.04932569742272649,0.2322220814727283,0.06666666666666667,0.9333333333333333,0.6,0.14126984126984127
S06_slow_ma,6,slow_ma,1,SOX,1,21,2025-12-18,2026-01-20,30,0.15515000518875355,0.1443533912742606,0.12326490318914884,3.9262498562106316,-0.0348670338895345,-0.010796613914492966,0.7333333333333333,0.4,1.0333333333333334,0.6698412698412698
S06_slow_ma,6,slow_ma,2,SOX,2,42,2025-11-03,2026-01-02,29,0.018709397251551296,0.01062743824307073,0.0,0.11252668126040608,-0.0640685169690547,-0.008081959008480567,0.41379310344827586,0.3103448275862069,1.0344827586206897,0.29720853858784896
S06_slow_ma,6,slow_ma,3,SOX,1,21,2026-01-08,2026-02-06,30,0.09052517345593203,0.05635412285428266,0.0,1.1147308194109358,-0.05292035222483582,-0.03417105060164937,0.43333333333333335,0.26666666666666666,1.1,0.4714285714285715
S06_slow_ma,6,slow_ma,4,SOX,6,126,2026-01-14,2026-07-16,30,0.6001172329057745,0.2041837363748875,0.06695813483864488,0.8393243417576196,-0.14778141579352105,-0.39593349653088705,0.6666666666666666,0.13333333333333333,4.2,0.3005291005291006
S06_slow_ma,6,slow_ma,5,QQQ,3,63,2025-12-08,2026-03-10,30,-0.025192084097121592,0.01275680402667629,0.0,-0.17694729589494612,-0.08624603432246887,0.03794888812379788,0.3333333333333333,0.7,2.033333333333333,0.35978835978835977
S06_slow_ma,6,slow_ma,6,SOX,2,42,2026-02-26,2026-04-27,30,0.27715978171531397,0.07198879398668928,0.03663541802844483,0.5775977875414614,-0.08225780086063311,-0.20517098772862472,0.5333333333333333,0.16666666666666666,1.8666666666666667,0.2912698412698413
S06_slow_ma,6,slow_ma,7,QQQ,3,63,2025-12-05,2026-03-09,30,-0.02707831728851906,-0.01597102740348617,-0.00019999999999997797,-0.5766760915828961,-0.09022871888123264,0.01110728988503289,0.3,0.5666666666666667,2.066666666666667,0.31058201058201057
S06_slow_ma,6,slow_ma,8,SOX,3,63,2025-12-01,2026-03-03,30,0.12916107226947915,0.17584041550092508,0.1468631032116573,1.2510937765344619,-0.1123386368361394,0.046679343231445895,0.6333333333333333,0.5333333333333333,2.2333333333333334,0.557142857142857
S06_slow_ma,6,slow_ma,9,SOX,1,21,2026-03-02,2026-03-30,30,-0.11949755449759225,-0.0517648699672779,-0.04037236724909826,-1.5989725997670508,-0.07928685681048443,0.06773268453031435,0.03333333333333333,0.9,1.0666666666666667,0.3253968253968253
S06_slow_ma,6,slow_ma,10,SOX,6,126,2025-11-11,2026-05-13,30,0.793630383884891,0.3054324741941329,0.21396723630529313,1.2466419250291692,-0.1611170245881969,-0.488197909690758,0.8666666666666667,0.1,4.466666666666667,0.43650793650793657
S06_slow_ma,6,slow_ma,11,SOX,3,63,2026-03-16,2026-06-12,30,0.7660283383550617,0.23557418256681112,0.08617255109211341,1.8632723427487201,-0.11676077761209827,-0.5304541557882506,0.7666666666666667,0.0,2.2333333333333334,0.437037037037037
S06_slow_ma,6,slow_ma,12,SOX,6,126,2025-10-17,2026-04-20,30,0.4519881329203801,0.21441115866311358,0.13474675007668035,0.9280559474952533,-0.1453489744140424,-0.2375769742572665,0.7333333333333333,0.13333333333333333,4.633333333333334,0.3547619047619047
S06_slow_ma,6,slow_ma,13,SOX,3,63,2026-04-29,2026-07-29,30,0.03384704571560038,0.11916323350771595,0.04480332652935026,0.9576367363170305,-0.11110576066976054,0.08531618779211556,0.6333333333333333,0.5333333333333333,2.0,0.23809523809523805
S06_slow_ma,6,slow_ma,14,QQQ,3,63,2026-02-13,2026-05-14,30,0.1973312327688066,0.0110726464617052,0.0,-0.07283565906868518,-0.05886982967984268,-0.18625858630710138,0.2,0.06666666666666667,1.4666666666666666,0.18835978835978834
S06_slow_ma,6,slow_ma,15,QQQ,1,21,2025-10-31,2025-12-01,30,-0.01891681237786258,-0.00876905269090588,0.0,-0.09385592102872531,-0.038569610512356016,0.010147759686956699,0.16666666666666666,0.8333333333333334,0.5666666666666667,0.26825396825396824
S06_slow_ma,6,slow_ma,16,QQQ,4,84,2026-04-01,2026-07-31,30,0.1787339851211347,0.15681246586465966,0.04237079678677613,1.0421525380222012,-0.10396810611417746,-0.021921519256475022,0.6333333333333333,0.23333333333333334,2.3,0.3265873015873016
S06_slow_ma,6,slow_ma,17,SOX,1,21,2026-01-02,2026-02-02,30,0.12432657118294888,0.10724038494147294,0.07687737451773224,2.9219338853889893,-0.05408320126833074,-0.017086186241475936,0.6666666666666666,0.4666666666666667,1.1333333333333333,0.6174603174603175
S06_slow_ma,6,slow_ma,18,SOX,3,63,2026-02-05,2026-05-06,30,0.5330602041589019,0.13147334412212447,0.07089287589888793,1.0263358639686386,-0.12198620169936776,-0.40158686003677746,0.6666666666666666,0.06666666666666667,2.8666666666666667,0.30423280423280413
S06_slow_ma,6,slow_ma,19,SOX,3,63,2025-12-08,2026-03-10,30,0.08487786248415352,0.07770676639667752,0.007570711947902153,0.5834711117357192,-0.13099184062883154,-0.007171096087475992,0.5333333333333333,0.36666666666666664,2.3666666666666667,0.526984126984127
S06_slow_ma,6,slow_ma,20,QQQ,3,63,2025-11-12,2026-02-12,30,-0.0316644806623938,0.018866761711259568,0.0,0.1503510281881896,-0.07672489923602256,0.050531242373653376,0.4,0.8,1.8333333333333333,0.3423280423280423
S06_slow_ma,6,slow_ma,21,QQQ,2,42,2025-11-20,2026-01-22,30,0.06127985465491781,0.042602930908937894,0.0,0.4434759391523927,-0.05751303248864323,-0.018676923745979915,0.43333333333333335,0.26666666666666666,1.1666666666666667,0.3801587301587302
S06_slow_ma,6,slow_ma,22,SOX,2,42,2025-12-02,2026-02-02,30,0.16631476557062586,0.11484139428677291,0.052349808299198664,1.6541680527364224,-0.06067134239414273,-0.05147337128385295,0.6666666666666666,0.3333333333333333,1.3,0.47777777777777775
S06_slow_ma,6,slow_ma,23,SOX,3,63,2026-02-10,2026-05-11,30,0.5169115193757234,0.09734461574556248,0.07663700392834794,0.9067694049426055,-0.1314572899036241,-0.4195669036301609,0.6333333333333333,0.03333333333333333,2.7333333333333334,0.36825396825396817
S06_slow_ma,6,slow_ma,24,SOX,2,42,2026-06-03,2026-08-03,30,-0.1750242226317983,-0.03467255745157311,0.0,-0.3445468237055335,-0.07882586706408408,0.14035166518022518,0.16666666666666666,0.9333333333333333,1.3333333333333333,0.16984126984126982
S06_slow_ma,6,slow_ma,25,QQQ,3,63,2025-12-02,2026-03-04,30,-0.01682175044729739,-0.005526577716577389,0.0,-0.1202854103442545,-0.07980850547459432,0.011295172730720001,0.26666666666666666,0.6333333333333333,1.9,0.33756613756613757
S06_slow_ma,6,slow_ma,26,QQQ,4,84,2025-12-17,2026-04-20,30,0.07999528634678099,0.003771470775956524,-0.0046876661679626785,-0.21760622766439494,-0.10661904627098139,-0.07622381557082449,0.4,0.23333333333333334,2.8666666666666667,0.37460317460317455
S06_slow_ma,6,slow_ma,27,QQQ,6,126,2025-11-07,2026-05-11,30,0.17281054345739233,-0.00973269620403463,-0.007380681419573765,-0.22227449733851878,-0.11704401270810948,-0.18254323966142696,0.3,0.03333333333333333,3.1333333333333333,0.24708994708994708
S06_slow_ma,6,slow_ma,28,QQQ,4,84,2025-10-27,2026-02-26,30,-0.028762014813751402,-0.03920182082639452,-0.04682623281150833,-0.6900855838050112,-0.1036595471396998,-0.010439806012643115,0.2,0.4666666666666667,2.7333333333333334,0.26626984126984127
S06_slow_ma,6,slow_ma,29,QQQ,1,21,2025-10-27,2025-11-24,30,-0.03650761481125453,0.00028576581539454155,0.0,-0.08369090535618212,-0.040642201360543126,0.03679338062664907,0.26666666666666666,0.9,0.7666666666666667,0.2952380952380952
S06_slow_ma,6,slow_ma,30,SOX,3,63,2025-10-13,2026-01-12,29,0.1613508523378704,0.08489240451746471,0.05967085054651644,1.221642422090894,-0.07738798923931889,-0.07645844782040567,0.6896551724137931,0.27586206896551724,1.5862068965517242,0.32129173508483855
S06_slow_ma,6,slow_ma,31,SOX,3,63,2026-01-09,2026-04-10,30,0.17658664228394727,0.08863561642479745,0.0,0.7113451068001503,-0.11602808342094532,-0.08795102585914982,0.43333333333333335,0.26666666666666666,2.466666666666667,0.37671957671957673
S06_slow_ma,6,slow_ma,32,SOX,6,126,2026-01-23,2026-07-24,30,0.5305187986610824,0.21672471884599892,0.19376218502641518,0.9070080442464261,-0.1494658295014623,-0.3137940798150835,0.7,0.16666666666666666,4.1,0.31640211640211635
S06_slow_ma,6,slow_ma,33,QQQ,4,84,2025-12-01,2026-04-01,30,-0.05082783849625683,-0.0028127150284990576,0.0,-0.2610101064977966,-0.09027297988176823,0.04801512346775778,0.3,0.7333333333333333,2.533333333333333,0.26111111111111107
S06_slow_ma,6,slow_ma,34,SOX,4,84,2025-12-19,2026-04-22,30,0.4410327035353976,0.25723710566737834,0.14907328805194442,1.5329334943062458,-0.13438109008796648,-0.1837955978680192,0.7666666666666667,0.2,3.1,0.46230158730158727
S06_slow_ma,6,slow_ma,35,SOX,4,84,2025-11-06,2026-03-10,30,0.14052585018356356,0.10342233701486642,0.053612635785904805,0.5618584321609933,-0.13014176571835998,-0.037103513168697165,0.5666666666666667,0.36666666666666664,2.7333333333333334,0.41031746031746036
S06_slow_ma,6,slow_ma,36,QQQ,1,21,2025-10-20,2025-11-17,30,-0.012885497614646302,-0.006313777519404921,0.0,0.10610294542930654,-0.04384590810269472,0.006571720095241381,0.16666666666666666,0.7666666666666667,0.5,0.3142857142857143
S06_slow_ma,6,slow_ma,37,SOX,6,126,2025-11-26,2026-05-29,30,0.9570503950794977,0.28520191076902,0.3022876935486556,1.235558087052534,-0.16500711208797678,-0.6718484843104778,0.7666666666666667,0.03333333333333333,4.033333333333333,0.4042328042328041
S06_slow_ma,6,slow_ma,38,SOX,2,42,2026-04-30,2026-06-30,30,0.3892690068984983,0.12710593804306253,0.05975782596953627,1.573369490887944,-0.07552032413156594,-0.2621630688554358,0.6333333333333333,0.1,1.7,0.2785714285714285
S06_slow_ma,6,slow_ma,39,QQQ,1,21,2026-03-05,2026-04-02,30,-0.038088372410799654,-0.003205081440927819,0.0,-1.0318925771969598,-0.035754781275514104,0.03488329096987184,0.16666666666666666,0.8,0.8666666666666667,0.265079365079365
S06_slow_ma,6,slow_ma,40,SOX,5,105,2025-12-02,2026-05-04,30,0.5289331602772682,0.27150406115985104,0.17640950508024678,1.2991560653566223,-0.16022532069100856,-0.2574290991174172,0.7666666666666667,0.2,3.533333333333333,0.5003174603174603
S06_slow_ma,6,slow_ma,41,SOX,4,84,2025-11-18,2026-03-20,30,0.20298350046719715,0.10122602821457806,0.0,0.41943778998383313,-0.11980253449662287,-0.1017574722526191,0.4666666666666667,0.23333333333333334,2.6666666666666665,0.4011904761904762
S06_slow_ma,6,slow_ma,42,SOX,6,126,2025-10-30,2026-05-01,30,0.5281745196921701,0.18163674206526342,0.0832341771061278,0.7439901313925934,-0.14723326649813778,-0.34653777762690663,0.7333333333333333,0.13333333333333333,4.266666666666667,0.35105820105820107
S06_slow_ma,6,slow_ma,43,QQQ,5,105,2026-02-20,2026-07-22,30,0.16130735400444873,0.029676927674760857,-0.009469045263763742,0.05435077174151547,-0.12744071662310105,-0.13163042632968788,0.36666666666666664,0.16666666666666666,2.8333333333333335,0.26634920634920634
S06_slow_ma,6,slow_ma,44,SOX,6,126,2025-10-03,2026-04-06,30,0.23166343217211383,0.19754654272020336,0.04490472115940636,0.6143346313351008,-0.1542179068908548,-0.03411688945191046,0.6666666666666666,0.3333333333333333,4.866666666666666,0.391005291005291
S06_slow_ma,6,slow_ma,45,SOX,3,63,2026-02-18,2026-05-18,30,0.38627475867734296,0.07241689172514108,0.02928599158241474,0.4158118506852371,-0.11335239241225666,-0.31385786695220186,0.5666666666666667,0.03333333333333333,2.4,0.29470899470899475
S06_slow_ma,6,slow_ma,46,SOX,1,21,2025-10-24,2025-11-21,29,-0.08460079230577355,-0.0025423348771565165,0.0,-0.3573218158925335,-0.042052583669463434,0.08205845742861702,0.06896551724137931,0.896551724137931,0.5517241379310345,0.21510673234811162
S06_slow_ma,6,slow_ma,47,QQQ,3,63,2026-01-12,2026-04-13,30,-0.014352552888903247,-0.027916153635894902,0.0,-0.5957248134653178,-0.08767357116936476,-0.013563600746991655,0.23333333333333334,0.5333333333333333,2.0,0.2735449735449736
S06_slow_ma,6,slow_ma,48,QQQ,2,42,2026-03-20,2026-05-19,30,0.2067735715113066,0.0661798525429009,0.0,0.7659163807080677,-0.0346138965196004,-0.1405937189684057,0.36666666666666664,0.16666666666666666,0.9333333333333333,0.19047619047619052
S06_slow_ma,6,slow_ma,49,QQQ,5,105,2026-02-19,2026-07-21,30,0.1775964217210937,-0.0004241917260511004,0.0,-0.04537504024136577,-0.07509903751897481,-0.1780206134471448,0.4,0.0,2.466666666666667,0.16476190476190478
S06_slow_ma,6,slow_ma,50,QQQ,1,21,2026-02-09,2026-03-10,30,-0.010662155701014697,0.0054861086676118625,0.0,0.1645415298164225,-0.029237857729817313,0.01614826436862656,0.3,0.8666666666666667,0.8666666666666667,0.31587301587301586
S06_slow_ma,6,slow_ma,51,SOX,2,42,2026-01-05,2026-03-05,30,0.06193800705015895,0.08409647185782816,0.0,0.863707054308415,-0.09333188923470884,0.022158464807669212,0.4666666666666667,0.36666666666666664,1.6,0.49126984126984125
S06_slow_ma,6,slow_ma,52,QQQ,3,63,2025-12-26,2026-03-27,30,-0.09713353014174231,0.020476422126706015,0.0,0.07084666781236522,-0.08996777783726324,0.11760995226844834,0.43333333333333335,0.8,2.5,0.3687830687830687
S06_slow_ma,6,slow_ma,53,SOX,2,42,2026-03-04,2026-05-01,30,0.3645164496108595,0.1004203356603524,0.03307066931012137,1.4586489014968858,-0.09879101243143432,-0.2640961139505071,0.6,0.1,2.0,0.3984126984126985
S06_slow_ma,6,slow_ma,54,SOX,6,126,2025-12-04,2026-06-05,30,0.766011266484566,0.3639208586550787,0.29879088166247925,1.3113259043536303,-0.15422891404266653,-0.4020904078294872,0.7666666666666667,0.16666666666666666,4.2,0.49391534391534386
S06_slow_ma,6,slow_ma,55,SOX,5,105,2025-10-08,2026-03-10,30,0.1638416893277732,0.1664651616360099,0.08337424022860818,0.7475862685947811,-0.13067210164217935,0.0026234723082367148,0.6333333333333333,0.4,3.7666666666666666,0.3787301587301588
S06_slow_ma,6,slow_ma,56,QQQ,2,42,2026-04-21,2026-06-18,30,0.14944210181132234,0.04882771610230852,0.0,-0.11334690927065214,-0.0511965880224621,-0.10061438570901382,0.3333333333333333,0.2,1.1666666666666667,0.2809523809523809
S06_slow_ma,6,slow_ma,57,SOX,4,84,2026-03-23,2026-07-22,30,0.6512190604152013,0.22177113131745943,0.14645797250935577,1.3354509957068288,-0.11869758040019447,-0.4294479290977418,0.6666666666666666,0.06666666666666667,2.066666666666667,0.3123015873015873
S06_slow_ma,6,slow_ma,58,QQQ,4,84,2025-12-03,2026-04-06,30,-0.05375733906904234,-0.031117024003481233,0.0,-0.5202208035594051,-0.10146039684059763,0.022640315065561103,0.26666666666666666,0.6333333333333333,2.3333333333333335,0.2865079365079365
S06_slow_ma,6,slow_ma,59,SOX,3,63,2025-11-04,2026-02-04,30,0.11680304547789455,0.08960147180831225,0.03667512853034138,0.8195991649728939,-0.11397296639729618,-0.027201573669582275,0.6,0.36666666666666664,1.7666666666666666,0.4645502645502646
S06_slow_ma,6,slow_ma,60,SOX,3,63,2025-11-13,2026-02-13,30,0.22738129096308923,0.17804433314693077,0.15205205601503902,1.480929375001345,-0.09233620570236187,-0.049336957816158454,0.6666666666666666,0.36666666666666664,1.9666666666666666,0.4804232804232805
S06_slow_ma,6,slow_ma,61,SOX,6,126,2025-12-23,2026-06-25,30,1.0523422275776206,0.3519095286710282,0.22017427891206076,1.2042478541195178,-0.16092379623584027,-0.7004326989065924,0.7666666666666667,0.03333333333333333,4.6,0.4486772486772487
S06_slow_ma,6,slow_ma,62,QQQ,1,21,2026-01-06,2026-02-04,30,-0.028343721896610496,-0.01866152198517321,0.0,-0.5027752265223758,-0.0600759120980745,0.009682199911437287,0.3333333333333333,0.6333333333333333,1.6,0.39047619047619037
S06_slow_ma,6,slow_ma,63,QQQ,4,84,2025-11-24,2026-03-26,30,-0.049418875078361846,0.008639907603568423,0.0,-0.22123420971294594,-0.09415695358846704,0.05805878268193029,0.3333333333333333,0.7,2.1333333333333333,0.31388888888888883
S06_slow_ma,6,slow_ma,64,SOX,2,42,2025-10-27,2025-12-24,29,0.008249695381776334,0.0052574670684698566,0.0,-0.05956702020837796,-0.09054469427311435,-0.0029922283133064775,0.3448275862068966,0.27586206896551724,1.1379310344827587,0.35550082101806235
S06_slow_ma,6,slow_ma,65,SOX,6,126,2025-11-28,2026-06-01,30,0.9313906532026859,0.28966823302822997,0.26580126597744846,1.0626404787379522,-0.15523914585610785,-0.6417224201744559,0.7333333333333333,0.03333333333333333,4.3,0.41772486772486767
S06_slow_ma,6,slow_ma,66,SOX,5,105,2025-12-03,2026-05-05,30,0.5636640753600646,0.2607825411416531,0.16345562606710518,1.234707874470898,-0.13486655554370844,-0.3028815342184115,0.7666666666666667,0.1,3.566666666666667,0.4149206349206349
S06_slow_ma,6,slow_ma,67,SOX,3,63,2025-12-05,2026-03-09,30,0.08876157954605124,0.117798949126642,0.053867772788582124,0.7407404483826477,-0.12522045136772458,0.02903736958059077,0.5333333333333333,0.36666666666666664,2.2,0.5248677248677248
S06_slow_ma,6,slow_ma,68,QQQ,3,63,2025-11-12,2026-02-12,30,-0.0316644806623938,0.021403853231854193,0.0,-0.14145971472041127,-0.09156586848870406,0.053068333894248,0.4666666666666667,0.7,2.3333333333333335,0.3703703703703704
S06_slow_ma,6,slow_ma,69,QQQ,5,105,2025-10-27,2026-03-27,30,-0.10201551207157666,-0.0023581216066587327,-0.004013866182594916,-0.3590708832329072,-0.10882010590360534,0.09965739046491792,0.36666666666666664,0.7666666666666667,3.6333333333333333,0.3438095238095238
S06_slow_ma,6,slow_ma,70,SOX,6,126,2025-12-16,2026-06-17,30,1.026956148452106,0.35454287768094467,0.2261421951154634,1.2450109850107356,-0.16068635189598682,-0.6724132707711611,0.8,0.06666666666666667,4.833333333333333,0.42407407407407405
S06_slow_ma,6,slow_ma,71,QQQ,5,105,2026-02-06,2026-07-09,30,0.18918700857884652,0.044487735897233566,0.0006196794184141208,0.22187976615840077,-0.09747845769754251,-0.14469927268161295,0.5,0.13333333333333333,2.7333333333333334,0.21460317460317457
S06_slow_ma,6,slow_ma,72,QQQ,2,42,2026-03-26,2026-05-26,30,0.2727306029238643,0.03423734388483126,0.0,0.24424451825481827,-0.03141245235300516,-0.23849325903903296,0.3333333333333333,0.03333333333333333,1.1,0.20079365079365083
S06_slow_ma,6,slow_ma,73,QQQ,3,63,2026-02-09,2026-05-08,30,0.15921141357167667,0.016319658343738077,0.0,0.13549314050711989,-0.07368059874517603,-0.14289175522793857,0.4,0.06666666666666667,2.0,0.23227513227513227
S06_slow_ma,6,slow_ma,74,QQQ,3,63,2026-04-22,2026-07-22,30,0.07787258173732514,0.047997343316285176,0.0,0.5833837227559859,-0.06618595384184915,-0.02987523842103996,0.43333333333333335,0.3333333333333333,1.7,0.23544973544973544
S06_slow_ma,6,slow_ma,75,SOX,5,105,2026-02-05,2026-07-08,30,0.7007023849320608,0.19126198876727935,0.118285046202807,1.0021150308906672,-0.1325141277970827,-0.5094403961647814,0.7333333333333333,0.06666666666666667,3.6333333333333333,0.2933333333333333
S06_slow_ma,6,slow_ma,76,QQQ,5,105,2026-01-15,2026-06-16,30,0.17530353983363178,0.08664422314380496,0.0,0.2617996361955656,-0.08584407254431636,-0.0886593166898268,0.43333333333333335,0.23333333333333334,3.1,0.24317460317460313
S06_slow_ma,6,slow_ma,77,SOX,5,105,2026-02-26,2026-07-28,30,0.37891348628810806,0.16729065468726415,0.1532224084710896,0.6436824142146518,-0.1407243047002345,-0.21162283160084389,0.6333333333333333,0.23333333333333334,3.466666666666667,0.2923809523809523
S06_slow_ma,6,slow_ma,78,SOX,3,63,2026-02-12,2026-05-13,30,0.503884655175306,0.11465486680388887,0.057387869427766414,0.5203481502639875,-0.12078030931000824,-0.38922978837141725,0.6,0.06666666666666667,2.8,0.3444444444444444
S06_slow_ma,6,slow_ma,79,SOX,3,63,2025-10-13,2026-01-12,29,0.1613508523378704,0.08687219352055536,0.05967085054651644,1.2550358521836602,-0.07905003526621353,-0.07447865881731505,0.7241379310344828,0.27586206896551724,1.6206896551724137,0.32238642583470173
S06_slow_ma,6,slow_ma,80,SOX,2,42,2025-12-02,2026-02-02,30,0.16631476557062586,0.12351820113943533,0.05022932046927664,1.6944182031037112,-0.06172942092786308,-0.04279656443119052,0.6333333333333333,0.3,1.0666666666666667,0.5007936507936507
S06_slow_ma,6,slow_ma,81,QQQ,5,105,2025-11-20,2026-04-23,30,0.11510188328358972,-0.0019839010322186415,0.0,-0.3387521238802847,-0.10163459952648907,-0.11708578431580836,0.43333333333333335,0.1,3.2666666666666666,0.27174603174603174
S06_slow_ma,6,slow_ma,82,SOX,3,63,2026-04-13,2026-07-13,30,0.4081275668336355,0.13857503098457163,0.09085430680857554,1.2747626614741305,-0.11232549537232851,-0.26955253584906386,0.7,0.1,2.2666666666666666,0.34761904761904766
S06_slow_ma,6,slow_ma,83,SOX,3,63,2025-10-01,2025-12-30,29,0.10504013228513487,0.029716951731672814,0.0,-0.026774532516175186,-0.08912007739217577,-0.07532318055346204,0.3103448275862069,0.1724137931034483,2.1724137931034484,0.32950191570881227
S06_slow_ma,6,slow_ma,84,QQQ,2,42,2025-11-25,2026-01-27,30,0.037860923421893844,0.043513393750841116,0.0004785573735524018,0.8960760899552016,-0.05752042359999431,0.005652470328947279,0.5333333333333333,0.3333333333333333,1.6,0.4920634920634921
S06_slow_ma,6,slow_ma,85,QQQ,2,42,2025-10-30,2025-12-30,30,-0.00929952847750648,-0.011489497290324339,0.0,-0.45780031726215886,-0.04789307848518843,-0.002189968812817859,0.2,0.7,0.9666666666666667,0.25317460317460316
S06_slow_ma,6,slow_ma,86,QQQ,3,63,2026-03-16,2026-06-12,30,0.20298734777785676,0.020782455925773706,0.0,-0.07927645563480559,-0.09769979617935526,-0.18220489185208302,0.3333333333333333,0.06666666666666667,1.6666666666666667,0.2962962962962962
S06_slow_ma,6,slow_ma,87,QQQ,2,42,2026-04-01,2026-06-01,30,0.2711403511890731,0.08344618975103488,0.0,0.678231130093262,-0.03864555164237447,-0.18769416143803822,0.3333333333333333,0.1,1.0666666666666667,0.2238095238095238
S06_slow_ma,6,slow_ma,88,QQQ,2,42,2025-10-24,2025-12-23,30,0.009417427636326803,0.009994289644767356,0.0,0.22196512493253864,-0.025657266514732328,0.0005768620084405522,0.23333333333333334,0.16666666666666666,0.7333333333333333,0.13333333333333333
S06_slow_ma,6,slow_ma,89,QQQ,3,63,2026-03-17,2026-06-15,30,0.23475182799589422,0.077640157288398,0.0,0.3031245895902156,-0.07180140629142145,-0.15711167070749618,0.43333333333333335,0.13333333333333333,2.066666666666667,0.24603174603174602
S06_slow_ma,6,slow_ma,90,QQQ,4,84,2025-11-13,2026-03-17,30,-0.007088680956395477,0.05726299933071481,0.0,0.260712275496868,-0.086477157172466,0.06435168028711029,0.43333333333333335,0.8,2.533333333333333,0.3464285714285714
S06_slow_ma,6,slow_ma,91,SOX,3,63,2025-11-24,2026-02-25,30,0.3036404809673894,0.24566413525703432,0.23392242421382692,2.062070123906625,-0.09244034120655607,-0.05797634571035504,0.7333333333333333,0.4,1.8666666666666667,0.5174603174603174
S06_slow_ma,6,slow_ma,92,QQQ,2,42,2026-06-04,2026-08-04,30,-0.021555942437624376,0.02598387217444894,0.0,0.6464966483010562,-0.07667050893536587,0.04753981461207332,0.4666666666666667,0.8,1.2666666666666666,0.43888888888888894
S06_slow_ma,6,slow_ma,93,SOX,4,84,2025-12-02,2026-04-02,30,0.12375222781732442,0.1529891239970692,0.09337436450087755,0.7976974059859429,-0.13324419224617576,0.029236896179744766,0.5666666666666667,0.4666666666666667,2.8333333333333335,0.42341269841269846
S06_slow_ma,6,slow_ma,94,SOX,3,63,2026-03-20,2026-06-18,30,0.9240131575020727,0.28801497862081415,0.1805049298229603,1.8482551487890864,-0.09946233559204498,-0.6359981788812585,0.8,0.03333333333333333,1.7,0.43386243386243384
S06_slow_ma,6,slow_ma,95,SOX,5,105,2025-11-13,2026-04-16,30,0.40574759917574266,0.22228956424682714,0.1088491305916861,0.948218464779925,-0.13968552221311778,-0.1834580349289155,0.7666666666666667,0.2,3.2666666666666666,0.4022222222222222
S06_slow_ma,6,slow_ma,96,QQQ,3,63,2026-01-14,2026-04-15,30,0.0301085387825073,-0.008080086082242003,0.0,-0.3014261921973628,-0.062196693163071234,-0.0381886248647493,0.26666666666666666,0.16666666666666666,1.7333333333333334,0.20423280423280424
S06_slow_ma,6,slow_ma,97,QQQ,2,42,2026-02-09,2026-04-09,30,-0.005470402315076672,-0.017508781339432497,0.0,-0.37635247861144133,-0.05665357954937919,-0.012038379024355823,0.13333333333333333,0.6,1.1666666666666667,0.22936507936507936
S06_slow_ma,6,slow_ma,98,QQQ,6,126,2026-02-03,2026-08-04,30,0.17686230267347236,0.07481130868467568,0.016462193404291336,0.39790829307744197,-0.10265108749040044,-0.10205099398879668,0.6,0.23333333333333334,3.1,0.2515412928456407
S06_slow_ma,6,slow_ma,99,SOX,4,84,2025-12-12,2026-04-15,30,0.34465301155264294,0.17877226773521956,0.0919682702135104,0.7025161483272259,-0.15011990716231535,-0.1658807438174234,0.7,0.26666666666666666,3.5,0.49603174603174605
S07_very_slow_ma,7,very_slow_ma,0,QQQ,3,63,2026-03-19,2026-06-17,30,0.21989307502863875,0.06105560665447478,0.0,0.30519627119125864,-0.06085665580349707,-0.158837468374164,0.36666666666666664,0.1,1.1666666666666667,0.19259259259259265
S07_very_slow_ma,7,very_slow_ma,1,QQQ,4,84,2025-11-20,2026-03-24,30,-0.0003420253443917609,-0.02160797519038461,-0.011439339511066293,-0.5098343117598619,-0.09456366610129201,-0.021265949845992848,0.23333333333333334,0.43333333333333335,2.1333333333333333,0.32380952380952377
S07_very_slow_ma,7,very_slow_ma,2,QQQ,3,63,2025-10-06,2026-01-05,30,0.01822612687042291,-6.776814881688242e-05,0.0,0.22408138929746332,-0.06753309231396691,-0.01829389501923979,0.36666666666666664,0.3333333333333333,1.3,0.2624338624338624
S07_very_slow_ma,7,very_slow_ma,3,SOX,3,63,2026-01-09,2026-04-10,30,0.17658664228394727,0.077737406582968,0.00957952097350534,0.9598160823944101,-0.10734063408771358,-0.09884923570097927,0.5333333333333333,0.23333333333333334,2.7,0.3671957671957672
S07_very_slow_ma,7,very_slow_ma,4,QQQ,3,63,2026-04-08,2026-07-08,30,0.17510901499080878,0.04978451358469525,0.0,0.21215929522439259,-0.06349489729977606,-0.12532450140611348,0.4,0.03333333333333333,1.0333333333333334,0.18994708994708992
S07_very_slow_ma,7,very_slow_ma,5,QQQ,2,42,2026-05-28,2026-07-28,30,-0.0807064468005223,-0.002445043780156275,0.0,0.2982975898693174,-0.08115254897303753,0.07826140302036604,0.4,0.8666666666666667,1.1666666666666667,0.32523809523809527
S07_very_slow_ma,7,very_slow_ma,6,SOX,6,126,2026-01-06,2026-07-08,30,0.7135476389057918,0.2056790669272269,0.11285937978954852,1.019478068239671,-0.16045354978701037,-0.5078685719785648,0.7,0.06666666666666667,3.966666666666667,0.36296296296296304
S07_very_slow_ma,7,very_slow_ma,7,SOX,2,42,2026-01-06,2026-03-06,30,-0.014740253770965994,0.009561439730623763,0.0,0.2297775722493621,-0.10011297973298357,0.02430169350158976,0.3333333333333333,0.7,1.5,0.4119047619047619
S07_very_slow_ma,7,very_slow_ma,8,QQQ,6,126,2026-01-07,2026-07-09,30,0.16180222081479556,0.029099278400306232,0.0,0.09263154006234513,-0.10653690266435731,-0.13270294241448932,0.4666666666666667,0.16666666666666666,2.8333333333333335,0.2264550264550265
S07_very_slow_ma,7,very_slow_ma,9,QQQ,3,63,2025-12-31,2026-04-01,30,-0.04763590208088819,-0.0024301164080299848,0.0,0.11824176154570029,-0.06404083112046584,0.045205785672858205,0.36666666666666664,0.8666666666666667,1.6,0.26455026455026454
S07_very_slow_ma,7,very_slow_ma,10,QQQ,3,63,2025-11-07,2026-02-09,30,0.008809455612293071,-0.0037076637324965317,0.0,-0.1850604581782548,-0.06882700993252013,-0.012517119344789603,0.3333333333333333,0.3,1.4,0.24074074074074076
S07_very_slow_ma,7,very_slow_ma,11,QQQ,2,42,2026-02-05,2026-04-07,30,-0.012893524617067165,-0.0018886029680571367,0.0,-0.32873131256042754,-0.03225992991362128,0.011004921649010029,0.13333333333333333,0.8,0.8666666666666667,0.18650793650793648
S07_very_slow_ma,7,very_slow_ma,12,SOX,1,21,2026-02-17,2026-03-17,30,-0.03852128566314783,-0.01305527631788785,0.0,-0.30681441650099184,-0.05321836268067004,0.02546600934525998,0.1,0.8,0.5,0.3
S07_very_slow_ma,7,very_slow_ma,13,SOX,3,63,2026-03-03,2026-06-01,30,0.7094280739758752,0.14463359337732376,0.16346926695691277,1.027804535301289,-0.11283200386691684,-0.5647944805985514,0.6666666666666666,0.03333333333333333,2.4,0.3566137566137566
S07_very_slow_ma,7,very_slow_ma,14,QQQ,4,84,2025-10-20,2026-02-19,30,-0.011924865115777727,0.005531108530465534,0.0,-0.12390257340368671,-0.10590080815766334,0.01745597364624326,0.3333333333333333,0.6333333333333333,2.2333333333333334,0.32182539682539685
S07_very_slow_ma,7,very_slow_ma,15,SOX,4,84,2025-10-31,2026-03-04,30,0.11577369902389356,0.1599570447339232,0.08974352170500155,0.9131109106960659,-0.10607698975190909,0.04418334571002964,0.6333333333333333,0.4666666666666667,2.7333333333333334,0.38452380952380955
S07_very_slow_ma,7,very_slow_ma,16,SOX,5,105,2025-12-05,2026-05-07,30,0.5946514385934865,0.28081973633356067,0.20189862728987118,1.3426322686121273,-0.15204787595235064,-0.3138317022599258,0.7666666666666667,0.2,3.466666666666667,0.4495238095238095
S07_very_slow_ma,7,very_slow_ma,17,QQQ,1,21,2025-11-12,2025-12-11,30,0.007245376201505005,0.0015678867857171245,0.0,-0.030593840804570113,-0.029322246468028387,-0.005677489415787881,0.2,0.2,0.5,0.2841269841269841
S07_very_slow_ma,7,very_slow_ma,18,SOX,2,42,2026-04-28,2026-06-26,30,0.34535375402277113,0.1306645998738774,0.026070926746017742,1.1625349619392373,-0.05083627911328924,-0.21468915414889367,0.5333333333333333,0.13333333333333333,1.3333333333333333,0.17380952380952377
S07_very_slow_ma,7,very_slow_ma,19,QQQ,6,126,2025-10-01,2026-04-01,30,-0.02892570501652314,-0.001510436251778254,0.0,-0.2338533851879977,-0.10136942218499902,0.027415268764744885,0.3,0.6333333333333333,2.7333333333333334,0.2058201058201058
S07_very_slow_ma,7,very_slow_ma,20,SOX,1,21,2026-06-01,2026-06-30,30,0.12087898712509948,0.0018467475019341686,0.0,0.22587325084050114,-0.048833134300471,-0.11903223962316527,0.23333333333333334,0.03333333333333333,0.7,0.14126984126984127
S07_very_slow_ma,7,very_slow_ma,21,SOX,1,21,2026-01-12,2026-02-10,30,0.0638111573646396,0.0285688901676434,0.0,0.8146519926104023,-0.04506836817769344,-0.035242267196996205,0.4666666666666667,0.16666666666666666,0.8333333333333334,0.30952380952380953
S07_very_slow_ma,7,very_slow_ma,22,QQQ,3,63,2026-03-02,2026-05-29,30,0.21567684094444806,0.05004252658115113,0.0,0.3897333132640507,-0.06778584450296729,-0.16563431436329695,0.36666666666666664,0.1,1.3,0.22486772486772486
S07_very_slow_ma,7,very_slow_ma,23,QQQ,6,126,2025-11-20,2026-05-22,30,0.228286228145548,0.0668069126184315,0.0,-0.06800087809536332,-0.1081401702253731,-0.16147931552711647,0.36666666666666664,0.13333333333333333,3.0,0.27195767195767195
S07_very_slow_ma,7,very_slow_ma,24,SOX,3,63,2025-11-12,2026-02-12,30,0.17467552303673117,0.13791694507638105,0.09092169863402633,1.166905085404621,-0.07792626329027064,-0.036758577960350106,0.6,0.36666666666666664,1.5666666666666667,0.37301587301587297
S07_very_slow_ma,7,very_slow_ma,25,QQQ,6,126,2025-11-11,2026-05-13,30,0.1527796119738951,0.02003033115303042,0.0,-0.05918312615568515,-0.09646449630789959,-0.13274928082086468,0.4,0.16666666666666666,3.033333333333333,0.2608465608465608
S07_very_slow_ma,7,very_slow_ma,26,SOX,2,42,2026-06-05,2026-08-05,30,-0.016336638423783523,-0.024262411465954252,0.0,-0.3293418742290234,-0.054861678870155216,-0.00792577304217073,0.1,0.8,0.9,0.10952380952380952
S07_very_slow_ma,7,very_slow_ma,27,QQQ,5,105,2025-11-12,2026-04-15,30,0.028894709028003618,0.042944040114265586,0.005358529689581948,0.21862732815024913,-0.11063384274340052,0.014049331086261973,0.5,0.43333333333333335,3.0,0.3447619047619047
S07_very_slow_ma,7,very_slow_ma,28,SOX,2,42,2026-05-28,2026-07-28,30,-0.13657722345226686,-0.043340355795405884,0.0,-0.35124891033515104,-0.08682160623204097,0.09323686765686097,0.13333333333333333,0.8,0.9333333333333333,0.17222222222222222
S07_very_slow_ma,7,very_slow_ma,29,SOX,5,105,2026-02-27,2026-07-29,30,0.32137568720837417,0.1356685288529324,0.07627608882335879,0.6472401976197161,-0.12534132346042182,-0.1857071583554418,0.5666666666666667,0.23333333333333334,3.2,0.23238095238095238
S07_very_slow_ma,7,very_slow_ma,30,SOX,4,84,2025-11-17,2026-03-19,30,0.2022442632088568,0.13818057941676307,0.02577143791507841,0.6914629504403642,-0.12028844406703071,-0.06406368379209376,0.6,0.3,2.6666666666666665,0.4095238095238095
S07_very_slow_ma,7,very_slow_ma,31,QQQ,3,63,2025-11-12,2026-02-12,30,-0.0316644806623938,0.007152671603304957,0.0,-0.09770497667435407,-0.08010331373184558,0.038817152265698755,0.43333333333333335,0.7333333333333333,2.0,0.38412698412698415
S07_very_slow_ma,7,very_slow_ma,32,QQQ,6,126,2026-01-08,2026-07-10,30,0.17205203438076722,0.07356190766349101,0.0,0.07575490333615904,-0.10324765047611714,-0.0984901267172762,0.36666666666666664,0.23333333333333334,3.2333333333333334,0.20767195767195767
S07_very_slow_ma,7,very_slow_ma,33,QQQ,1,21,2026-01-23,2026-02-23,30,-0.03422088084718833,0.0024453788960396,0.0,0.3356115163556533,-0.028592637668071748,0.03666625974322793,0.26666666666666666,0.9,0.6,0.21587301587301588
S07_very_slow_ma,7,very_slow_ma,34,QQQ,4,84,2026-02-19,2026-06-18,30,0.22881662131638825,-0.010068188774243036,-0.011942625111924343,-0.46836305680365553,-0.08017704146525777,-0.2388848100906313,0.23333333333333334,0.03333333333333333,2.033333333333333,0.1773809523809524
S07_very_slow_ma,7,very_slow_ma,35,QQQ,4,84,2025-10-31,2026-03-04,30,-0.027871477856247773,0.009581727838479584,0.0,0.19148306335211598,-0.0930655340909603,0.037453205694727355,0.4666666666666667,0.7333333333333333,2.3,0.33730158730158727
S07_very_slow_ma,7,very_slow_ma,36,QQQ,6,126,2025-11-18,2026-05-20,30,0.1989892326028575,0.09358646430819925,0.0,0.2624286913526922,-0.11691677736836677,-0.10540276829465825,0.4666666666666667,0.23333333333333334,3.7333333333333334,0.3145502645502645
S07_very_slow_ma,7,very_slow_ma,37,QQQ,4,84,2026-02-06,2026-06-08,30,0.17604016306712622,0.05573782804238624,0.0,0.352181568587877,-0.08337339768213857,-0.12030233502474,0.4666666666666667,0.13333333333333333,2.0,0.21071428571428577
S07_very_slow_ma,7,very_slow_ma,38,QQQ,6,126,2025-10-06,2026-04-07,30,-0.028991629843866495,-0.02381521965353546,-0.019813110825594615,-0.3117251641375168,-0.12732657106469925,0.005176410190331034,0.3333333333333333,0.5,3.433333333333333,0.31243386243386245
S07_very_slow_ma,7,very_slow_ma,39,SOX,1,21,2026-06-22,2026-07-21,30,-0.15621136440469174,-0.016127026674034994,0.0,-0.24548663799803966,-0.03824496396444288,0.14008433773065676,0.06666666666666667,0.9,0.4666666666666667,0.10317460317460318
S07_very_slow_ma,7,very_slow_ma,40,QQQ,1,21,2026-04-06,2026-05-04,30,0.1433814398737463,0.0026540847617850805,0.0,-0.05131404416081996,-0.018820396372053728,-0.1407273551119612,0.1,0.03333333333333333,0.4,0.13333333333333333
S07_very_slow_ma,7,very_slow_ma,41,QQQ,3,63,2026-01-05,2026-04-06,30,-0.046518387343564616,0.0047847669100930116,0.0,-0.040507488675699165,-0.049324782187931654,0.051303154253657626,0.3,0.8,1.0666666666666667,0.18465608465608466
S07_very_slow_ma,7,very_slow_ma,42,QQQ,5,105,2026-01-08,2026-06-09,30,0.14223493918702856,0.03354452586693314,0.0,-0.06273612552096063,-0.09982089105777865,-0.10869041332009542,0.4,0.13333333333333333,2.7,0.2365079365079365
S07_very_slow_ma,7,very_slow_ma,43,SOX,2,42,2025-12-03,2026-02-03,30,0.11891138221963593,0.10389426084551176,0.05602667551316043,1.4223711871890843,-0.06575969162687868,-0.015017121374124165,0.6,0.3333333333333333,1.4333333333333333,0.4579365079365079
S07_very_slow_ma,7,very_slow_ma,44,SOX,6,126,2026-01-02,2026-07-06,30,0.8557958290728414,0.231784141713616,0.2016697497324853,1.0034863763409572,-0.1572542181325086,-0.6240116873592253,0.7666666666666667,0.06666666666666667,4.2,0.33994708994708994
S07_very_slow_ma,7,very_slow_ma,45,QQQ,4,84,2026-03-03,2026-07-01,30,0.2082887050104809,0.05834152454072275,0.0,0.3632572401693339,-0.05917761178806576,-0.14994718046975816,0.43333333333333335,0.13333333333333333,1.6666666666666667,0.15515873015873013
S07_very_slow_ma,7,very_slow_ma,46,SOX,2,42,2025-10-16,2025-12-15,29,0.031247829570691277,0.029201449947143517,0.0,0.46408908982702934,-0.06183658577711283,-0.0020463796235477578,0.4482758620689655,0.1724137931034483,1.3793103448275863,0.2627257799671593
S07_very_slow_ma,7,very_slow_ma,47,QQQ,5,105,2025-12-04,2026-05-06,30,0.11976245697138532,-0.03571502637278387,-0.016813740656879017,-0.5507691817769181,-0.10571784657436875,-0.1554774833441692,0.16666666666666666,0.06666666666666667,2.1333333333333333,0.2352380952380952
S07_very_slow_ma,7,very_slow_ma,48,SOX,6,126,2025-10-13,2026-04-14,30,0.4114348676478281,0.2293735312971032,0.1513911621826155,1.0849338490705591,-0.14163839810367349,-0.1820613363507249,0.7333333333333333,0.23333333333333334,3.7666666666666666,0.36719576719576724
S07_very_slow_ma,7,very_slow_ma,49,SOX,3,63,2026-04-01,2026-07-01,30,0.7722713914322259,0.25852647612999335,0.1615032260857543,1.6563385710482696,-0.10024525624311843,-0.5137449153022324,0.6333333333333333,0.06666666666666667,1.7,0.3751322751322751
S07_very_slow_ma,7,very_slow_ma,50,QQQ,1,21,2026-03-26,2026-04-24,30,0.15700874965590783,0.055678152201991134,0.0,1.4412686467286215,-0.007793111984450862,-0.1013305974539167,0.3,0.2,0.43333333333333335,0.14444444444444443
S07_very_slow_ma,7,very_slow_ma,51,SOX,6,126,2025-10-14,2026-04-15,30,0.44320228036938025,0.2595822660119665,0.07009775803969887,1.0313531490849137,-0.14187224709445473,-0.18362001435741382,0.7666666666666667,0.2,4.0,0.3253968253968254
S07_very_slow_ma,7,very_slow_ma,52,SOX,6,126,2026-02-05,2026-08-06,30,0.6114051207795494,0.20290018210016758,0.118285046202807,1.0368783459460584,-0.13116945322982815,-0.4085049386793818,0.7,0.13333333333333333,3.7,0.25793650793650796
S07_very_slow_ma,7,very_slow_ma,53,SOX,4,84,2025-11-11,2026-03-13,30,0.12419260774404117,0.14489130000608455,0.09472029777972524,0.8583761271955316,-0.13682328801370464,0.020698692262043367,0.6333333333333333,0.4666666666666667,2.8333333333333335,0.473015873015873
S07_very_slow_ma,7,very_slow_ma,54,QQQ,2,42,2026-05-28,2026-07-28,30,-0.0807064468005223,0.009180945997068169,0.0,0.2034563213680368,-0.0649954971227435,0.08988739279759045,0.36666666666666664,0.9,0.8333333333333334,0.32857142857142857
S07_very_slow_ma,7,very_slow_ma,55,QQQ,2,42,2025-10-13,2025-12-10,30,0.04252421918842497,0.007959774885287008,0.0,0.3242681920776509,-0.0260062548614735,-0.034564444303137966,0.2,0.13333333333333333,0.8,0.16984126984126982
S07_very_slow_ma,7,very_slow_ma,56,SOX,6,126,2026-01-20,2026-07-21,30,0.6401158243674561,0.18743923824914732,0.06758725131424748,0.8122813970105497,-0.15783405763423394,-0.4526765861183088,0.6,0.13333333333333333,3.966666666666667,0.3082010582010581
S07_very_slow_ma,7,very_slow_ma,57,QQQ,2,42,2026-04-27,2026-06-25,30,0.07969718506405887,0.08170311612658372,0.0,0.6821803438926239,-0.05124559956840502,0.0020059310625248497,0.4,0.23333333333333334,1.0333333333333334,0.22698412698412698
S07_very_slow_ma,7,very_slow_ma,58,QQQ,6,126,2025-10-08,2026-04-09,30,0.000501433970914178,-0.04146270032261201,-0.029756366769220333,-0.6095135692858576,-0.10987166243072669,-0.04196413429352619,0.2,0.2,3.1,0.22301587301587303
S07_very_slow_ma,7,very_slow_ma,59,SOX,5,105,2025-12-02,2026-05-04,30,0.5289331602772682,0.23159465829250772,0.13568540442977883,1.1480656258325668,-0.14935861567198583,-0.29733850198476053,0.7,0.2,3.533333333333333,0.42603174603174593
S07_very_slow_ma,7,very_slow_ma,60,SOX,6,126,2026-01-26,2026-07-27,30,0.5063785769294065,0.19392815215321205,0.10880540896933977,0.7085732930702174,-0.15273051708457067,-0.3124504247761943,0.6333333333333333,0.13333333333333333,3.7,0.30370370370370375
S07_very_slow_ma,7,very_slow_ma,61,QQQ,4,84,2026-01-20,2026-05-19,30,0.15517315798883735,-6.088005340369277e-06,0.0,-0.06608838554743965,-0.08598669821066171,-0.15517924599417776,0.3,0.1,2.1333333333333333,0.2166666666666667
S07_very_slow_ma,7,very_slow_ma,62,QQQ,4,84,2025-12-30,2026-04-30,30,0.07935034582792633,-0.007619160307583706,-0.013457059834955654,-0.39728436562803016,-0.09279238907833146,-0.08696950613551004,0.26666666666666666,0.13333333333333333,2.4,0.2111111111111111
S07_very_slow_ma,7,very_slow_ma,63,QQQ,6,126,2025-10-02,2026-04-02,30,-0.03179266278202153,0.029205933826513163,0.0,0.0033949889187096702,-0.12265942300115382,0.0609985966085347,0.4,0.6,4.466666666666667,0.31640211640211646
S07_very_slow_ma,7,very_slow_ma,64,SOX,6,126,2025-10-23,2026-04-24,30,0.5892295681363808,0.34168970559492456,0.16703849164892726,1.3245623652173275,-0.15175895018017313,-0.2475398625414563,0.8666666666666667,0.16666666666666666,4.566666666666666,0.36719576719576713
S07_very_slow_ma,7,very_slow_ma,65,SOX,4,84,2026-01-21,2026-05-20,30,0.4954631322399172,0.11509205036832279,0.05550618092640236,0.7778862674376273,-0.13509647513795542,-0.38037108187159446,0.5666666666666667,0.06666666666666667,3.5,0.3813492063492063
S07_very_slow_ma,7,very_slow_ma,66,QQQ,6,126,2025-11-03,2026-05-05,30,0.0811111588148794,0.02399299323301746,0.0,-0.21678537925132882,-0.11657449758554618,-0.05711816558186194,0.4,0.26666666666666666,3.5,0.2603174603174603
S07_very_slow_ma,7,very_slow_ma,67,SOX,5,105,2026-01-05,2026-06-04,30,0.8961558200600548,0.22063407294583542,0.19057574388627418,1.1684738841850326,-0.16301703010680052,-0.6755217471142194,0.7333333333333333,0.03333333333333333,3.9,0.4374603174603175
S07_very_slow_ma,7,very_slow_ma,68,QQQ,1,21,2026-01-05,2026-02-03,30,-0.0023786056759449448,0.002322488555614107,0.0,0.16839632954170788,-0.02880092334481065,0.004701094231559052,0.23333333333333334,0.8,0.5666666666666667,0.2984126984126984
S07_very_slow_ma,7,very_slow_ma,69,SOX,1,21,2026-06-15,2026-07-15,30,-0.11644520845625106,-0.03758306004869196,0.0,-0.5795883261889224,-0.0566784490264566,0.07886214840755909,0.03333333333333333,0.8666666666666667,0.4666666666666667,0.16825396825396824
S07_very_slow_ma,7,very_slow_ma,70,SOX,2,42,2025-10-30,2025-12-30,29,-0.00014145263440501488,-0.00831689253802952,0.0,-0.10822828894790965,-0.07840820477805938,-0.008175439903624505,0.27586206896551724,0.5172413793103449,1.1724137931034482,0.3095238095238095
S07_very_slow_ma,7,very_slow_ma,71,QQQ,6,126,2025-10-03,2026-04-06,30,-0.021848802649866217,0.03411835526924238,0.0,0.07431239519023483,-0.10540587989385646,0.05596715791910862,0.4,0.7333333333333333,3.533333333333333,0.29047619047619044
S07_very_slow_ma,7,very_slow_ma,72,QQQ,1,21,2026-04-14,2026-05-12,30,0.12510347332089378,0.04542093150122693,0.0,1.0665613312598392,-0.030526750217283034,-0.07968254181966686,0.4,0.2,0.8,0.28888888888888886
S07_very_slow_ma,7,very_slow_ma,73,QQQ,3,63,2026-03-30,2026-06-29,30,0.2984088882574998,0.06997977529760117,0.0,0.5965401264180781,-0.04450593057112249,-0.2284291129598986,0.3333333333333333,0.13333333333333333,1.1666666666666667,0.15132275132275136
S07_very_slow_ma,7,very_slow_ma,74,SOX,4,84,2025-12-03,2026-04-06,30,0.11461230685363732,0.1590277149387756,0.06444754772406391,0.945290732301077,-0.14813170855425403,0.044415408085138317,0.6,0.43333333333333335,2.966666666666667,0.5071428571428572
S07_very_slow_ma,7,very_slow_ma,75,QQQ,3,63,2025-10-13,2026-01-12,30,0.043135568945508185,-0.0019309300954968374,0.0,-0.10710042265266131,-0.06251928434878058,-0.04506649904100503,0.3333333333333333,0.2,1.4,0.2571428571428572
S07_very_slow_ma,7,very_slow_ma,76,QQQ,6,126,2025-10-16,2026-04-17,30,0.08419330927891888,-0.015073691115943104,-0.040705535922069935,-0.49967185250760626,-0.10943796138168649,-0.09926700039486198,0.26666666666666666,0.1,3.066666666666667,0.2552910052910053
S07_very_slow_ma,7,very_slow_ma,77,QQQ,4,84,2026-01-07,2026-05-07,30,0.11505432427503903,0.01044171288512713,0.0,-0.13858146271430644,-0.08170876235935166,-0.10461261138991192,0.36666666666666664,0.16666666666666666,1.9666666666666666,0.2138888888888889
S07_very_slow_ma,7,very_slow_ma,78,SOX,5,105,2025-12-17,2026-05-19,30,0.7426147109287915,0.3095837728984992,0.20585933233189846,1.3534939530427763,-0.1472780977687542,-0.4330309380302923,0.8333333333333334,0.13333333333333333,4.233333333333333,0.43269841269841275
S07_very_slow_ma,7,very_slow_ma,79,QQQ,5,105,2026-01-15,2026-06-16,30,0.17530353983363178,0.03886105080540639,0.0,0.031466495005418905,-0.12631981481813576,-0.13644248902822537,0.4666666666666667,0.16666666666666666,2.566666666666667,0.27206349206349206
S07_very_slow_ma,7,very_slow_ma,80,QQQ,2,42,2026-05-11,2026-07-10,30,0.01824971898403538,0.0381480702349943,0.0,0.5914284259389202,-0.056158567798108606,0.01989835125095892,0.43333333333333335,0.36666666666666664,1.2333333333333334,0.23492063492063492
S07_very_slow_ma,7,very_slow_ma,81,SOX,1,21,2025-11-10,2025-12-09,29,0.033708595967028465,-0.0038325105431813943,0.0,0.5301621576082594,-0.039308746655020085,-0.037541106510209865,0.27586206896551724,0.1724137931034483,0.6206896551724138,0.2233169129720854
S07_very_slow_ma,7,very_slow_ma,82,SOX,5,105,2025-11-18,2026-04-21,30,0.522044868823031,0.21525010999906727,0.10617796114260614,1.038384161002824,-0.14076612626211968,-0.3067947588239638,0.7,0.13333333333333333,3.3666666666666667,0.418095238095238
S07_very_slow_ma,7,very_slow_ma,83,QQQ,5,105,2025-11-24,2026-04-27,30,0.10041050295595944,0.006824330812142839,-0.015469900245780432,-0.3984682556290029,-0.1069443369701746,-0.09358617214381658,0.23333333333333334,0.13333333333333333,2.5,0.24666666666666665
S07_very_slow_ma,7,very_slow_ma,84,QQQ,5,105,2026-01-30,2026-07-01,30,0.16886541640710862,0.054708083844541656,0.0,0.26183157817714364,-0.09973126676261297,-0.11415733256256697,0.4,0.26666666666666666,2.4,0.22825396825396826
S07_very_slow_ma,7,very_slow_ma,85,SOX,6,126,2025-11-25,2026-05-28,30,1.012327159108564,0.30718360680922413,0.243715895077515,1.295437634942233,-0.140890202586147,-0.7051435522993399,0.7666666666666667,0.06666666666666667,3.966666666666667,0.37195767195767193
S07_very_slow_ma,7,very_slow_ma,86,SOX,5,105,2026-01-12,2026-06-11,30,0.7777860188036576,0.20628630169557002,0.10028447639672677,1.1355840599845572,-0.14346572969828017,-0.5714997171080876,0.7333333333333333,0.03333333333333333,3.7666666666666666,0.38031746031746033
S07_very_slow_ma,7,very_slow_ma,87,QQQ,1,21,2026-03-27,2026-04-27,30,0.180685361977315,0.0316752717450121,0.0,0.5044336414756998,-0.016505902449725787,-0.1490100902323029,0.2,0.1,0.4666666666666667,0.18095238095238095
S07_very_slow_ma,7,very_slow_ma,88,SOX,6,126,2025-12-02,2026-06-03,30,1.0372538641346893,0.33840379341400323,0.2637135147199484,1.335056354625263,-0.15786993850323147,-0.6988500707206864,0.7333333333333333,0.06666666666666667,4.266666666666667,0.41904761904761917
S07_very_slow_ma,7,very_slow_ma,89,QQQ,2,42,2025-10-28,2025-12-26,30,-0.012997069982726539,0.004773564247364629,0.0,0.4040972405132122,-0.0455816432790095,0.01777063423009117,0.3333333333333333,0.8,1.1333333333333333,0.23174603174603178
S07_very_slow_ma,7,very_slow_ma,90,QQQ,2,42,2026-01-29,2026-03-30,30,-0.11192028371681306,0.005533899662210192,0.0,0.06278724075944045,-0.028774784757837166,0.11745418337902327,0.16666666666666666,0.9666666666666667,0.7333333333333333,0.16507936507936508
S07_very_slow_ma,7,very_slow_ma,91,SOX,4,84,2026-03-03,2026-07-01,30,0.7932804671753249,0.13234285029686843,0.06780873982851665,0.7921938463455944,-0.10567418673331884,-0.6609376168784564,0.6,0.0,2.7,0.3186507936507937
S07_very_slow_ma,7,very_slow_ma,92,QQQ,4,84,2026-04-06,2026-08-04,30,0.23134310692111226,0.07254562307598562,0.0,0.4079979795778488,-0.10041585605432726,-0.15879748384512662,0.36666666666666664,0.1,1.6333333333333333,0.27539682539682536
S07_very_slow_ma,7,very_slow_ma,93,SOX,4,84,2026-03-30,2026-07-29,30,0.5017295329241036,0.2177869591993756,0.06948075793213226,1.1825279816886731,-0.1262839369906659,-0.28394257372472803,0.6,0.16666666666666666,1.9333333333333333,0.3103174603174603
S07_very_slow_ma,7,very_slow_ma,94,SOX,5,105,2026-02-11,2026-07-14,30,0.57840007029586,0.19540368588362933,0.17993371974486383,1.0050702238838394,-0.14751951317695175,-0.3829963844122307,0.6666666666666666,0.1,3.7333333333333334,0.3142857142857143
S07_very_slow_ma,7,very_slow_ma,95,SOX,5,105,2026-02-24,2026-07-24,30,0.45725628071838265,0.17580867241045298,0.17291952598273685,0.8259118002389657,-0.13173688500211966,-0.28144760830792964,0.6333333333333333,0.06666666666666667,3.2,0.28603174603174597
S07_very_slow_ma,7,very_slow_ma,96,QQQ,3,63,2025-12-22,2026-03-24,30,-0.05570593241656796,-0.017527969920940915,0.0,-0.28184227954520474,-0.0709386107293195,0.03817796249562706,0.26666666666666666,0.8,1.6333333333333333,0.2984126984126984
S07_very_slow_ma,7,very_slow_ma,97,SOX,6,126,2026-02-02,2026-08-03,30,0.44102187494694367,0.12239129824444825,0.029886165781290552,0.4683943276962539,-0.1444796274654488,-0.31863057670249534,0.5,0.1,3.8333333333333335,0.24497354497354498
S07_very_slow_ma,7,very_slow_ma,98,QQQ,4,84,2026-03-18,2026-07-17,30,0.17157807961881888,0.07333454732930275,0.0,0.5251673214524742,-0.06932517779033033,-0.09824353228951611,0.4666666666666667,0.13333333333333333,1.5666666666666667,0.21388888888888888
S07_very_slow_ma,7,very_slow_ma,99,QQQ,1,21,2026-03-09,2026-04-07,30,-0.030320866052759965,-0.0011317437086680315,0.0,0.10150210113002817,-0.012494253136922014,0.029189122344091933,0.13333333333333333,0.9666666666666667,0.3333333333333333,0.13968253968253969
S08_vol_lb10,8,vol_lb10,0,SOX,1,21,2026-03-12,2026-04-10,30,0.17156235751126592,0.021083114904804943,0.0,0.5052972966770632,-0.034456697761087264,-0.15047924260646095,0.3333333333333333,0.06666666666666667,1.1666666666666667,0.18571428571428567
S08_vol_lb10,8,vol_lb10,1,SOX,4,84,2025-12-03,2026-04-06,30,0.11461230685363732,0.09612475848858318,0.007572355741088499,0.5415089021870407,-0.1520591700556975,-0.01848754836505415,0.5333333333333333,0.3,4.3,0.3793650793650793
S08_vol_lb10,8,vol_lb10,2,QQQ,2,42,2026-01-29,2026-03-30,30,-0.11192028371681306,-0.059929253911252485,-0.028299447598883087,-1.3296494481797407,-0.0888800622261585,0.05199102980556057,0.06666666666666667,0.8,1.6333333333333333,0.2833333333333333
S08_vol_lb10,8,vol_lb10,3,QQQ,1,21,2026-06-15,2026-07-15,30,-0.03423556305828157,-0.0013926935525168994,0.0,-0.11827650410765085,-0.044465565941605036,0.03284286950576468,0.26666666666666666,0.7333333333333333,1.2333333333333334,0.3317460317460317
S08_vol_lb10,8,vol_lb10,4,SOX,6,126,2025-12-04,2026-06-05,30,0.766011266484566,0.2093662478425283,0.10581189518989464,0.8772521074910089,-0.15479581552718974,-0.5566450186420379,0.7,0.03333333333333333,6.133333333333334,0.3089947089947091
S08_vol_lb10,8,vol_lb10,5,SOX,1,21,2026-04-07,2026-05-05,30,0.38811251036107053,0.10890580140168499,0.08256367002193021,2.723479101824967,-0.06291469402593594,-0.2792067089593856,0.6,0.03333333333333333,1.0666666666666667,0.46825396825396826
S08_vol_lb10,8,vol_lb10,6,QQQ,4,84,2025-10-30,2026-03-03,30,-0.03784831768457397,0.01161901087875222,0.0,0.10734760758811582,-0.0787988888593937,0.049467328563326175,0.4,0.7333333333333333,3.6666666666666665,0.2833333333333333
S08_vol_lb10,8,vol_lb10,7,QQQ,4,84,2026-02-23,2026-06-23,30,0.18943013781181817,-0.01372525733485616,-0.02408223015217731,-0.6403181276073538,-0.0827428989394275,-0.20315539514667427,0.23333333333333334,0.06666666666666667,3.1666666666666665,0.21507936507936512
S08_vol_lb10,8,vol_lb10,8,QQQ,1,21,2025-12-22,2026-01-22,30,0.002503152282359089,-0.00759883395635151,0.0,-0.4522846513248099,-0.043621959924556086,-0.010101986238710598,0.26666666666666666,0.26666666666666666,1.0,0.44920634920634916
S08_vol_lb10,8,vol_lb10,9,QQQ,2,42,2026-05-27,2026-07-27,30,-0.063856916333213,0.010702359487335052,-0.0032650797595286662,-0.36151201296869095,-0.060752368076808685,0.07455927582054805,0.26666666666666666,0.7666666666666667,2.2333333333333334,0.20873015873015874
S08_vol_lb10,8,vol_lb10,10,SOX,2,42,2025-10-06,2025-12-03,29,0.0728256044220017,-0.025612111280835185,-0.00039999999999995595,-0.6342043645550233,-0.06873076117503105,-0.0984377157028369,0.13793103448275862,0.06896551724137931,2.103448275862069,0.1617405582922824
S08_vol_lb10,8,vol_lb10,11,QQQ,2,42,2026-02-25,2026-04-24,30,0.07789633293399012,-0.006865863946648439,-0.014234527757321314,-0.5724574830627353,-0.07607134073414336,-0.08476219688063856,0.26666666666666666,0.13333333333333333,2.3333333333333335,0.24047619047619045
S08_vol_lb10,8,vol_lb10,12,SOX,1,21,2026-02-26,2026-03-26,30,-0.07776732300545675,-0.05112205426868279,-0.06867036649321517,-2.701162061546591,-0.09948730939421259,0.026645268736773954,0.16666666666666666,0.6,1.9666666666666666,0.35555555555555557
S08_vol_lb10,8,vol_lb10,13,QQQ,2,42,2026-03-10,2026-05-07,30,0.14486764824752196,0.014594087015936745,-0.005339203684630145,-0.21452568664360347,-0.07175104708414874,-0.13027356123158523,0.26666666666666666,0.1,2.2333333333333334,0.23571428571428574
S08_vol_lb10,8,vol_lb10,14,QQQ,2,42,2025-10-16,2025-12-15,30,0.017583613593807,0.0017484645634739614,0.0,-0.27901632453721154,-0.05331048969942775,-0.01583514903033304,0.43333333333333335,0.23333333333333334,1.9666666666666666,0.292063492063492
S08_vol_lb10,8,vol_lb10,15,QQQ,6,126,2025-11-04,2026-05-06,30,0.1264349282234174,0.01840982046759498,-0.0035384133916216975,-0.17575496289862774,-0.10534298624890728,-0.1080251077558224,0.43333333333333335,0.16666666666666666,6.133333333333334,0.23253968253968257
S08_vol_lb10,8,vol_lb10,16,QQQ,5,105,2026-01-28,2026-06-29,30,0.14618903375729797,0.03694082926453572,0.0,0.24354268804304055,-0.12979081747455976,-0.10924820449276225,0.43333333333333335,0.16666666666666666,4.866666666666666,0.2241269841269841
S08_vol_lb10,8,vol_lb10,17,QQQ,6,126,2025-10-31,2026-05-04,30,0.07237117072340404,-0.027545218141331464,-0.04592687364469478,-0.2641670393774198,-0.1363265911646123,-0.09991638886473549,0.36666666666666664,0.16666666666666666,6.266666666666667,0.2812169312169312
S08_vol_lb10,8,vol_lb10,18,QQQ,5,105,2025-10-31,2026-04-02,30,-0.0677153912701044,-0.0327775192943891,-0.018793155788020988,-0.6068687709484651,-0.09169698082006658,0.034937871975715296,0.23333333333333334,0.7,4.4,0.21619047619047618
S08_vol_lb10,8,vol_lb10,19,SOX,4,84,2026-02-11,2026-06-11,30,0.6304597186401415,0.08460316690993644,0.05692088105149651,0.4913416361982298,-0.137448358583192,-0.5458565517302051,0.5666666666666667,0.03333333333333333,4.566666666666666,0.27698412698412694
S08_vol_lb10,8,vol_lb10,20,SOX,5,105,2026-02-11,2026-07-14,30,0.57840007029586,0.044414364798619384,0.004253249516839586,0.15383704441058904,-0.156498895057582,-0.5339857054972407,0.5,0.06666666666666667,4.466666666666667,0.23682539682539686
S08_vol_lb10,8,vol_lb10,21,SOX,1,21,2026-02-02,2026-03-03,30,-0.05078112683366787,-0.018016042314805355,-0.013223794035873981,-1.0661791681069714,-0.07526314321782196,0.032765084518862515,0.2,0.7,1.7333333333333334,0.4063492063492064
S08_vol_lb10,8,vol_lb10,22,SOX,3,63,2025-10-14,2026-01-13,29,0.19624523269158112,0.06650829064671103,0.03307560402935916,0.5021427244689657,-0.09446144655688794,-0.12973694204487007,0.5172413793103449,0.10344827586206896,2.5517241379310347,0.2950191570881226
S08_vol_lb10,8,vol_lb10,23,QQQ,2,42,2025-11-12,2026-01-13,30,0.009607109047651052,0.0019444238153531578,0.0,-0.1186258421360086,-0.05810197479530269,-0.007662685232297894,0.3,0.3,2.0,0.30238095238095236
S08_vol_lb10,8,vol_lb10,24,QQQ,6,126,2025-12-16,2026-06-17,30,0.1840672055710777,0.04663626554900866,-0.000991391271971065,-0.07965309610081935,-0.12090040437969228,-0.13743094002206904,0.43333333333333335,0.13333333333333333,6.066666666666666,0.26375661375661374
S08_vol_lb10,8,vol_lb10,25,QQQ,2,42,2026-05-14,2026-07-15,30,-0.0017521932976251042,-0.008213103361567853,0.0,-0.19168271761567118,-0.07274433488214226,-0.006460910063942749,0.3,0.6333333333333333,1.8,0.23015873015873015
S08_vol_lb10,8,vol_lb10,26,QQQ,1,21,2026-02-18,2026-03-18,30,-0.017976479827119696,-0.02427394102948378,0.0,-1.6543216751085401,-0.0461262129064176,-0.006297461202364085,0.13333333333333333,0.6333333333333333,1.0666666666666667,0.35238095238095235
S08_vol_lb10,8,vol_lb10,27,QQQ,3,63,2025-11-04,2026-02-04,30,-0.020540380980343165,0.020265634078871466,0.0,-0.039270712908105056,-0.07449330334882992,0.040806015059214634,0.4666666666666667,0.6333333333333333,3.7666666666666666,0.34656084656084657
S08_vol_lb10,8,vol_lb10,28,SOX,2,42,2025-11-12,2026-01-13,29,0.11385291303351708,0.07708195947487229,0.046527915573729484,1.0918769123751288,-0.07692293547304825,-0.036770953558644785,0.6206896551724138,0.3103448275862069,2.103448275862069,0.37602627257799665
S08_vol_lb10,8,vol_lb10,29,SOX,5,105,2026-01-09,2026-06-10,30,0.648043063748174,0.14978912576536613,0.011908765120657638,0.7400523593348243,-0.14973404062498707,-0.49825393798280787,0.5333333333333333,0.03333333333333333,5.3,0.30317460317460315
S08_vol_lb10,8,vol_lb10,30,QQQ,5,105,2025-12-16,2026-05-18,30,0.15681353323919223,-0.0037620645305739904,-0.0013400660367980377,-0.11608054218862547,-0.1070545977572607,-0.16057559776976618,0.43333333333333335,0.03333333333333333,4.1,0.2736507936507937
S08_vol_lb10,8,vol_lb10,31,SOX,6,126,2025-10-28,2026-04-29,30,0.48111989000240474,0.03964299883955912,0.01224586566797392,0.10805176308335586,-0.16275904690372814,-0.44147689116284555,0.5,0.03333333333333333,5.766666666666667,0.2518518518518518
S08_vol_lb10,8,vol_lb10,32,QQQ,1,21,2025-10-08,2025-11-05,30,0.019364167698755708,-0.0021196679863597118,0.0,-0.11152911155593556,-0.02165661148353576,-0.02148383568511542,0.13333333333333333,0.13333333333333333,0.9,0.18095238095238092
S08_vol_lb10,8,vol_lb10,33,QQQ,3,63,2025-09-30,2025-12-29,30,0.03547800796742018,0.015555174256018201,0.00023091033013522555,0.4979575089040782,-0.06510748875202463,-0.019922833711401976,0.5,0.3333333333333333,2.8,0.2671957671957672
S08_vol_lb10,8,vol_lb10,34,QQQ,1,21,2026-03-04,2026-04-01,30,-0.042084633257387205,-0.038606579759174496,-0.016272516248234226,-1.5825766655631184,-0.05776871352223007,0.003478053498212711,0.1,0.6666666666666666,1.4,0.32063492063492055
S08_vol_lb10,8,vol_lb10,35,SOX,6,126,2026-01-05,2026-07-07,30,0.7364398166562913,0.18613475837557455,0.07499453907916243,0.74294798203729,-0.15807182473002515,-0.5503050582807167,0.6666666666666666,0.06666666666666667,5.566666666666666,0.2447089947089947
S08_vol_lb10,8,vol_lb10,36,SOX,6,126,2026-02-02,2026-08-03,30,0.44102187494694367,0.12887335770742384,0.029082799821557703,0.5301534530164286,-0.13867481216820035,-0.31214851723951986,0.5,0.13333333333333333,4.966666666666667,0.20079365079365072
S08_vol_lb10,8,vol_lb10,37,SOX,1,21,2026-07-06,2026-08-03,30,-0.12696259023916134,-0.013845584550151923,0.0,-0.6236930621510577,-0.019257685353781483,0.11311700568900943,0.03333333333333333,0.9666666666666667,0.4,0.07777777777777778
S08_vol_lb10,8,vol_lb10,38,SOX,5,105,2026-01-28,2026-06-29,30,0.7062099420129901,0.12006799760688973,0.04568429050925671,0.5597100537280597,-0.15955025350354232,-0.5861419444061003,0.5666666666666667,0.03333333333333333,5.366666666666666,0.2641269841269841
S08_vol_lb10,8,vol_lb10,39,QQQ,6,126,2025-10-06,2026-04-07,30,-0.028991629843866495,-0.019871838940452666,-0.028209729122692817,-0.1371477581570641,-0.10132458525643889,0.00911979090341383,0.3333333333333333,0.5,5.0,0.24788359788359793
S08_vol_lb10,8,vol_lb10,40,SOX,2,42,2026-05-26,2026-07-24,30,-0.0751280912586888,-0.05309323060005708,-0.0020931456991540864,-0.5149872429098907,-0.08222181701620575,0.022034860658631725,0.03333333333333333,0.6333333333333333,1.7333333333333334,0.11507936507936509
S08_vol_lb10,8,vol_lb10,41,QQQ,2,42,2026-04-27,2026-06-25,30,0.07969718506405887,-0.007064614681275931,0.0,-0.3726835017509867,-0.054868647060339906,-0.0867617997453348,0.2,0.1,1.5666666666666667,0.21904761904761905
S08_vol_lb10,8,vol_lb10,42,QQQ,1,21,2026-04-27,2026-05-26,30,0.09943851408148685,0.016465412974962894,0.0,-0.32826972988772296,-0.02434105244249183,-0.08297310110652396,0.1,0.1,0.6666666666666666,0.1285714285714286
S08_vol_lb10,8,vol_lb10,43,SOX,1,21,2026-06-26,2026-07-27,30,-0.12494494638033504,-0.021589490691950118,0.0,-0.6143713485488954,-0.03957903342213068,0.10335545568838493,0.03333333333333333,0.9333333333333333,0.7,0.10634920634920635
S08_vol_lb10,8,vol_lb10,44,SOX,2,42,2025-11-11,2026-01-12,29,0.12090136022336107,0.055698377615776236,0.03307560402935916,0.597304300035122,-0.06484217928496827,-0.06520298260758485,0.5172413793103449,0.1724137931034483,1.6206896551724137,0.29638752052545153
S08_vol_lb10,8,vol_lb10,45,QQQ,5,105,2025-12-26,2026-05-28,30,0.18054058082505575,0.012570595218892044,0.0,0.009425100075737273,-0.10805872949211616,-0.1679699856061637,0.4666666666666667,0.03333333333333333,4.466666666666667,0.2320634920634921
S08_vol_lb10,8,vol_lb10,46,QQQ,5,105,2026-02-12,2026-07-15,30,0.19778025493536977,0.05200970602452601,0.003919440718832212,0.28443284279486775,-0.10119491598042166,-0.14577054891084376,0.5333333333333333,0.06666666666666667,4.066666666666666,0.22507936507936505
S08_vol_lb10,8,vol_lb10,47,QQQ,6,126,2026-01-05,2026-07-07,30,0.1506742303165851,0.07543074914270398,0.017869593525176253,0.3635645489355475,-0.13080594490899008,-0.0752434811738811,0.6,0.16666666666666666,6.0,0.2526455026455026
S08_vol_lb10,8,vol_lb10,48,SOX,6,126,2026-01-14,2026-07-16,30,0.6001172329057745,0.1111726751895312,0.006743624329857423,0.34217025939230344,-0.1522163621463299,-0.4889445577162433,0.5333333333333333,0.06666666666666667,4.933333333333334,0.2222222222222222
S08_vol_lb10,8,vol_lb10,49,QQQ,4,84,2025-10-10,2026-02-10,30,0.03860517344613834,-0.03296901141212074,-0.021766120731088023,-0.6663419257977782,-0.09420344710267162,-0.0715741848582591,0.26666666666666666,0.13333333333333333,3.533333333333333,0.24920634920634924
S08_vol_lb10,8,vol_lb10,50,SOX,1,21,2026-04-23,2026-05-21,30,0.18981871081414758,0.057214020793718394,0.010288959439144985,1.2930562128146148,-0.062242711442941016,-0.13260469002042924,0.5333333333333333,0.13333333333333333,1.3666666666666667,0.40793650793650793
S08_vol_lb10,8,vol_lb10,51,SOX,3,63,2026-02-13,2026-05-14,30,0.4953944540492021,0.08297509954490592,0.0,0.5485879942611553,-0.1233077992890386,-0.4124193545042962,0.4666666666666667,0.06666666666666667,3.2666666666666666,0.29047619047619044
S08_vol_lb10,8,vol_lb10,52,QQQ,5,105,2026-02-12,2026-07-15,30,0.19778025493536977,0.024751610855690276,0.0,0.03644491167268715,-0.10088753607015216,-0.17302864407967947,0.43333333333333335,0.06666666666666667,4.6,0.21047619047619054
S08_vol_lb10,8,vol_lb10,53,SOX,1,21,2025-10-28,2025-11-25,29,-0.06854981874254262,0.0008628186062400839,0.0,-0.4322322715984743,-0.043867754783494195,0.06941263734878271,0.1724137931034483,0.8620689655172413,1.0,0.2134646962233169
S08_vol_lb10,8,vol_lb10,54,SOX,1,21,2025-12-02,2025-12-31,29,-0.004123501574689659,-0.01903111530315108,0.0,-1.279617788070575,-0.05417719239697993,-0.01490761372846142,0.13793103448275862,0.5517241379310345,0.8620689655172413,0.40394088669950745
S08_vol_lb10,8,vol_lb10,55,QQQ,3,63,2025-12-01,2026-03-03,30,-0.024004576913426168,0.01716565457935254,0.0,0.017024886503081316,-0.06346792054697274,0.041170231492778715,0.3333333333333333,0.7,2.7333333333333334,0.2952380952380952
S08_vol_lb10,8,vol_lb10,56,QQQ,1,21,2025-11-05,2025-12-04,30,-0.0005454730406092567,-0.014288224698352297,0.0,-0.6377092604718022,-0.03498334798626289,-0.01374275165774304,0.13333333333333333,0.6333333333333333,1.2333333333333334,0.18412698412698408
S08_vol_lb10,8,vol_lb10,57,SOX,4,84,2026-02-20,2026-06-22,30,0.8243464089092334,0.07146628573264424,0.05692088105149651,0.4342318810124118,-0.14418886038010317,-0.7528801231765893,0.6333333333333333,0.0,4.3,0.2849206349206349
S08_vol_lb10,8,vol_lb10,58,SOX,2,42,2025-10-27,2025-12-24,30,0.008249695381776334,0.009080549089998868,0.0,0.0503358498763915,-0.07515051554841344,0.0008308537082225342,0.3333333333333333,0.3333333333333333,1.6333333333333333,0.27619047619047615
S08_vol_lb10,8,vol_lb10,59,SOX,5,105,2025-12-15,2026-05-15,30,0.7099386095424811,0.24719849297780574,0.14215981250612453,1.1797928465260532,-0.16103787150356327,-0.4627401165646754,0.8666666666666667,0.1,5.9,0.37999999999999995
S08_vol_lb10,8,vol_lb10,60,QQQ,1,21,2026-04-17,2026-05-15,30,0.09259467479693173,0.022877027423829768,0.0,0.6568934786457556,-0.02241347472900147,-0.06971764737310196,0.26666666666666666,0.06666666666666667,0.5666666666666667,0.23492063492063492
S08_vol_lb10,8,vol_lb10,61,SOX,5,105,2026-02-12,2026-07-15,30,0.5814393888363869,0.05128582034657078,0.0,-0.12130044922450792,-0.16419799837885918,-0.5301535684898161,0.4666666666666667,0.06666666666666667,4.6,0.22666666666666666
S08_vol_lb10,8,vol_lb10,62,SOX,4,84,2025-12-11,2026-04-14,30,0.2783780379079748,0.058779449441062136,0.007801334788098968,0.30654904835488256,-0.13727818010906714,-0.21959858846691266,0.5333333333333333,0.13333333333333333,4.566666666666666,0.36428571428571427
S08_vol_lb10,8,vol_lb10,63,SOX,1,21,2026-03-20,2026-04-20,30,0.2557515864490181,0.06411396557423303,0.015538095734466184,2.059830519227023,-0.04763628292028115,-0.19163762087478506,0.5333333333333333,0.13333333333333333,1.4333333333333333,0.2888888888888889
S08_vol_lb10,8,vol_lb10,64,QQQ,6,126,2025-12-23,2026-06-25,30,0.15425181285322442,-0.01290004018862904,-0.007032933009560038,-0.28686609971270544,-0.11670931781031976,-0.16715185304185348,0.4,0.06666666666666667,5.1,0.20026455026455023
S08_vol_lb10,8,vol_lb10,65,SOX,4,84,2025-10-06,2026-02-04,30,0.1473992431939659,0.0572264218331145,0.00822749455466476,0.5059969548796207,-0.11086045730661874,-0.09017282136085142,0.5333333333333333,0.2,3.933333333333333,0.28531746031746036
S08_vol_lb10,8,vol_lb10,66,SOX,3,63,2026-04-06,2026-07-06,30,0.6907473098992671,0.1906216387458932,0.09075051838175319,1.5787403680341232,-0.08348457280061652,-0.5001256711533739,0.6666666666666666,0.0,2.3,0.2814814814814815
S08_vol_lb10,8,vol_lb10,67,SOX,6,126,2025-11-06,2026-05-08,30,0.7525492085960703,0.14577692947131168,0.04681309537472422,0.4918109042297454,-0.160517797498288,-0.6067722791247587,0.5666666666666667,0.06666666666666667,6.466666666666667,0.27804232804232804
S08_vol_lb10,8,vol_lb10,68,QQQ,6,126,2025-10-28,2026-04-29,30,0.047932829404818245,-0.012447775077970092,-0.039028606640350794,-0.503877167567779,-0.12505879060031772,-0.060380604482788335,0.3,0.2,5.133333333333334,0.23677248677248677
S08_vol_lb10,8,vol_lb10,69,QQQ,1,21,2026-01-22,2026-02-20,30,-0.019250637629079304,0.005589009405104206,0.0,0.4386594026505964,-0.0367188436304487,0.02483964703418351,0.4,0.8,1.4,0.2809523809523809
S08_vol_lb10,8,vol_lb10,70,SOX,2,42,2025-10-08,2025-12-05,29,0.06126086284874255,-0.00983628733370973,0.0,-0.3724858530765817,-0.06349996845951392,-0.07109715018245226,0.20689655172413793,0.10344827586206896,1.896551724137931,0.1576354679802956
S08_vol_lb10,8,vol_lb10,71,SOX,2,42,2026-04-28,2026-06-26,30,0.34535375402277113,0.07146788099287767,0.0017226368356394461,0.5222417019768696,-0.0806132658577861,-0.2738858730298934,0.5,0.1,1.9333333333333333,0.21746031746031746
S08_vol_lb10,8,vol_lb10,72,SOX,3,63,2026-03-23,2026-06-22,30,0.9469415590105574,0.1849852146140235,0.13180624205880798,1.513011893496101,-0.08771277306639437,-0.761956344396534,0.6666666666666666,0.0,2.7333333333333334,0.27989417989417986
S08_vol_lb10,8,vol_lb10,73,QQQ,3,63,2025-12-24,2026-03-26,30,-0.07920202683012256,-0.017613965330721442,-0.0009465697802112927,-0.3760448460100324,-0.08743266374518267,0.06158806149940113,0.26666666666666666,0.8333333333333334,3.033333333333333,0.27936507936507937
S08_vol_lb10,8,vol_lb10,74,QQQ,6,126,2025-10-24,2026-04-27,30,0.07911913811810267,0.010671111786436557,-0.016781331833318314,-0.24239719418666447,-0.09845002097106564,-0.0684480263316661,0.36666666666666664,0.26666666666666666,4.7,0.2103174603174603
S08_vol_lb10,8,vol_lb10,75,QQQ,2,42,2026-04-30,2026-06-30,30,0.1040364955314863,0.030746711052365858,0.0,0.507680111676812,-0.057175607518074205,-0.07328978447912046,0.4666666666666667,0.13333333333333333,1.6,0.22380952380952376
S08_vol_lb10,8,vol_lb10,76,QQQ,1,21,2025-12-03,2026-01-02,30,-0.015412671304710357,-0.015635670266688263,0.0,-0.7792967036022124,-0.04138636495523763,-0.0002229989619779049,0.23333333333333334,0.6333333333333333,1.0,0.39841269841269844
S08_vol_lb10,8,vol_lb10,77,QQQ,4,84,2025-12-03,2026-04-06,30,-0.05375733906904234,-0.035781936969808914,-0.04108553198639425,-0.7140741694377577,-0.10239007749082477,0.017975402099233432,0.26666666666666666,0.5666666666666667,3.8,0.26071428571428573
S08_vol_lb10,8,vol_lb10,78,SOX,4,84,2026-03-19,2026-07-20,30,0.541413537840155,0.11873230300408819,0.08276059996837604,0.8002285435657605,-0.10986827666384551,-0.4226812348360669,0.5666666666666667,0.03333333333333333,3.3,0.1932539682539682
S08_vol_lb10,8,vol_lb10,79,QQQ,4,84,2025-10-22,2026-02-23,30,-0.005458687583997368,0.002518326885187712,-0.0046387424358336204,-0.13873322642898078,-0.08152894325672032,0.00797701446918508,0.3,0.5,3.3666666666666667,0.24880952380952379
S08_vol_lb10,8,vol_lb10,80,QQQ,2,42,2025-11-25,2026-01-27,30,0.037860923421893844,0.0162170178443257,0.0,0.18879500482774844,-0.04622629333729044,-0.021643905577568144,0.36666666666666664,0.26666666666666666,1.6,0.31587301587301586
S08_vol_lb10,8,vol_lb10,81,SOX,5,105,2025-12-15,2026-05-15,30,0.7099386095424811,0.2524682647449162,0.13870822831277585,1.0995056109664347,-0.1477137850452552,-0.45747034479756493,0.8,0.1,5.8,0.3873015873015872
S08_vol_lb10,8,vol_lb10,82,QQQ,1,21,2026-03-06,2026-04-06,30,-0.017520480139253114,-0.0099230525166409,0.0,-1.3580835860557685,-0.0234809565191899,0.007597427622612215,0.16666666666666666,0.7666666666666667,1.0333333333333334,0.15079365079365079
S08_vol_lb10,8,vol_lb10,83,SOX,3,63,2026-04-24,2026-07-24,30,0.14224491402272577,0.030075989675983485,0.0,0.35859991762941434,-0.09450823013215044,-0.11216892434674226,0.36666666666666664,0.23333333333333334,2.533333333333333,0.1904761904761905
S08_vol_lb10,8,vol_lb10,84,SOX,3,63,2025-12-01,2026-03-03,30,0.12916107226947915,0.12703622371175488,0.04433017993498012,0.6222171434364154,-0.08995357487701451,-0.002124848557724261,0.6,0.26666666666666666,2.566666666666667,0.3523809523809523
S08_vol_lb10,8,vol_lb10,85,QQQ,2,42,2025-10-14,2025-12-11,30,0.04612038035336097,0.010854690675748584,0.0,0.21401946545666378,-0.03906973935499116,-0.035265689677612386,0.26666666666666666,0.16666666666666666,1.6666666666666667,0.27539682539682536
S08_vol_lb10,8,vol_lb10,86,SOX,6,126,2025-12-11,2026-06-12,30,0.8996931388890645,0.22767019294326743,0.12069649130360827,0.865622611627245,-0.1437270347921808,-0.672022945945797,0.7,0.03333333333333333,5.966666666666667,0.33253968253968247
S08_vol_lb10,8,vol_lb10,87,QQQ,6,126,2025-10-20,2026-04-21,30,0.05630648724442322,0.005662524506042158,-0.00667090928251185,-0.030568430610941513,-0.09133333398575419,-0.05064396273838107,0.4,0.3,4.766666666666667,0.2386243386243386
S08_vol_lb10,8,vol_lb10,88,QQQ,4,84,2026-03-03,2026-07-01,30,0.2082887050104809,0.03515172818436421,-0.0033202962081627097,-0.23271482539485025,-0.09615245256823228,-0.1731369768261167,0.4666666666666667,0.1,3.8,0.26071428571428573
S08_vol_lb10,8,vol_lb10,89,QQQ,3,63,2026-02-05,2026-05-06,30,0.16685475530186045,-0.011958727854403032,0.0,-0.49640744505979006,-0.06725043853951705,-0.1788134831562635,0.26666666666666666,0.03333333333333333,2.066666666666667,0.18730158730158727
S08_vol_lb10,8,vol_lb10,90,QQQ,3,63,2026-04-06,2026-07-06,30,0.2295910251884461,0.07623571218505674,0.0,0.798904515311314,-0.056263992274230366,-0.15335531300338937,0.43333333333333335,0.13333333333333333,1.9666666666666666,0.16931216931216928
S08_vol_lb10,8,vol_lb10,91,QQQ,2,42,2026-02-26,2026-04-27,30,0.09163475517946185,-0.001473728924351303,-0.0030426344057351007,-0.4638268813774056,-0.06888750043574582,-0.09310848410381317,0.26666666666666666,0.13333333333333333,1.9666666666666666,0.2365079365079365
S08_vol_lb10,8,vol_lb10,92,QQQ,1,21,2025-10-22,2025-11-19,30,-0.009281842900681125,-0.002638449766115614,0.0,-0.6050945517498454,-0.043349768440929144,0.0066433931345655116,0.23333333333333334,0.7,1.3333333333333333,0.3190476190476191
S08_vol_lb10,8,vol_lb10,93,SOX,2,42,2025-12-24,2026-02-25,30,0.20206431491894605,0.15901369132884396,0.10342359778157106,2.046937351079326,-0.06135451153980034,-0.04305062359010208,0.7,0.3333333333333333,2.433333333333333,0.4007936507936508
S08_vol_lb10,8,vol_lb10,94,SOX,4,84,2026-04-01,2026-07-31,30,0.4920828923917304,0.1708342218946929,0.09075051838175319,1.2309987141888816,-0.10224007406800406,-0.3212486704970375,0.6666666666666666,0.1,2.8666666666666667,0.2333333333333333
S08_vol_lb10,8,vol_lb10,95,QQQ,5,105,2025-12-03,2026-05-05,30,0.09595313606337541,-0.012297122783934359,-0.01645908103028515,-0.29506017826464653,-0.11105226190093016,-0.10825025884730978,0.36666666666666664,0.06666666666666667,4.666666666666667,0.2952380952380952
S08_vol_lb10,8,vol_lb10,96,SOX,5,105,2025-12-10,2026-05-12,30,0.6345727215055383,0.18172553775073214,0.08329117698589228,0.8660988868147321,-0.14455666097213443,-0.45284718375480626,0.6666666666666666,0.1,5.3,0.36920634920634915
S08_vol_lb10,8,vol_lb10,97,SOX,3,63,2025-09-29,2025-12-26,29,0.13965871628895865,0.014526145166425307,0.0,-0.10460223181389058,-0.1080841201570381,-0.12513257112253334,0.41379310344827586,0.1724137931034483,3.103448275862069,0.27476737821565406
S08_vol_lb10,8,vol_lb10,98,QQQ,2,42,2025-10-02,2025-12-01,30,0.01888621970392479,0.007931483840087314,0.0,0.26996941123840656,-0.048672150787708826,-0.010954735863837476,0.3333333333333333,0.3333333333333333,2.066666666666667,0.22380952380952385
S08_vol_lb10,8,vol_lb10,99,QQQ,5,105,2025-11-13,2026-04-16,30,0.05539729205802524,-0.015820018735770183,-0.014110522163851946,-0.4131636291462319,-0.11945177490816623,-0.07121731079379544,0.3333333333333333,0.13333333333333333,5.233333333333333,0.28634920634920635
S09_vol_lb15,9,vol_lb15,0,QQQ,5,105,2026-03-02,2026-07-30,30,0.12674771519668493,0.023490864032747135,0.022899657751533797,0.05281386911379068,-0.10744302552241167,-0.10325685116393778,0.6333333333333333,0.16666666666666666,4.066666666666666,0.26243055555555556
S09_vol_lb15,9,vol_lb15,1,QQQ,1,21,2025-10-27,2025-11-24,30,-0.03650761481125453,-0.017614907747299114,0.0,-0.5231801133198032,-0.03353481424147879,0.018892707063955416,0.13333333333333333,0.7666666666666667,0.7333333333333333,0.2936507936507936
S09_vol_lb15,9,vol_lb15,2,SOX,2,42,2025-11-24,2026-01-26,30,0.21532600322212048,0.12965305287480833,0.09688098692630354,1.871963177238591,-0.06845150093797339,-0.08567295034731215,0.7,0.23333333333333334,1.9666666666666666,0.46984126984126984
S09_vol_lb15,9,vol_lb15,3,QQQ,3,63,2026-02-23,2026-05-21,30,0.18955617683264459,0.017470852551765725,0.0,0.06754867591576992,-0.06716762294087407,-0.1720853242808788,0.3,0.06666666666666667,2.1,0.2222222222222222
S09_vol_lb15,9,vol_lb15,4,SOX,5,105,2025-12-16,2026-05-18,30,0.6751366796000784,0.251892083634067,0.2033776069099259,1.12965431498522,-0.13700128187825422,-0.4232445959660114,0.8,0.1,4.366666666666666,0.4076190476190476
S09_vol_lb15,9,vol_lb15,5,QQQ,6,126,2025-10-09,2026-04-10,30,0.0031583981774436776,-0.07136249510299605,-0.06008728287962001,-0.6189853798502861,-0.14332879359150966,-0.07452089328043975,0.3,0.26666666666666666,5.166666666666667,0.2970899470899471
S09_vol_lb15,9,vol_lb15,6,QQQ,4,84,2025-11-07,2026-03-11,30,-0.0020781377795803246,-0.0009138377205782403,-0.009958711972951062,-0.2514364599725873,-0.09577513003524958,0.0011643000590020843,0.4,0.5,3.1666666666666665,0.3234126984126984
S09_vol_lb15,9,vol_lb15,7,QQQ,4,84,2025-11-13,2026-03-17,30,-0.007088680956395477,-0.008363155664410208,-0.0011612010547493723,-0.33887148261641287,-0.10807511329141142,-0.0012744747080147315,0.4,0.6,3.433333333333333,0.36269841269841263
S09_vol_lb15,9,vol_lb15,8,QQQ,6,126,2026-02-02,2026-08-03,30,0.12071264365120671,0.041825768723711465,0.022472839073887196,0.30659619073504335,-0.1387195103516519,-0.07888687492749522,0.6333333333333333,0.26666666666666666,5.066666666666666,0.21851851851851847
S09_vol_lb15,9,vol_lb15,9,SOX,4,84,2026-01-13,2026-05-13,30,0.5860051836591178,0.09022779250692063,0.10296787654905526,0.5762442261846309,-0.1413880600203199,-0.49577739115219716,0.6666666666666666,0.0,3.7333333333333334,0.33650793650793653
S09_vol_lb15,9,vol_lb15,10,QQQ,5,105,2026-01-02,2026-06-03,30,0.21533864434495809,0.021322202248175035,0.01857714088279927,-0.051086809776555636,-0.10856225639808859,-0.19401644209678306,0.5666666666666667,0.06666666666666667,3.433333333333333,0.23936507936507934
S09_vol_lb15,9,vol_lb15,11,SOX,2,42,2025-10-02,2025-12-01,30,0.05406660637832683,0.0166801398330759,-0.00020000000000003348,-0.17629071231305668,-0.0689215758340305,-0.037386466545250935,0.2,0.13333333333333333,2.2,0.21825396825396823
S09_vol_lb15,9,vol_lb15,12,QQQ,5,105,2026-01-09,2026-06-10,30,0.10837737707325146,-0.016596437603952793,-0.04715702755593415,-0.5894213279312457,-0.12137633022308929,-0.12497381467720423,0.36666666666666664,0.2,3.933333333333333,0.19746031746031747
S09_vol_lb15,9,vol_lb15,13,SOX,6,126,2025-12-01,2026-06-02,30,1.0418959983100886,0.28016662844604007,0.1833467773968246,1.1806029808971379,-0.1387820553074713,-0.7617293698640485,0.8333333333333334,0.0,5.033333333333333,0.38359788359788355
S09_vol_lb15,9,vol_lb15,14,QQQ,2,42,2026-06-04,2026-08-04,30,-0.021555942437624376,-0.0030023018163476854,0.0,-0.04920228882015878,-0.0984060040456655,0.01855364062127669,0.43333333333333335,0.5666666666666667,2.3,0.2873015873015873
S09_vol_lb15,9,vol_lb15,15,SOX,6,126,2025-11-13,2026-05-15,30,0.7609329883772933,0.18125187882753174,0.09174188575325037,0.7505854137046645,-0.16434928489651732,-0.5796811095497615,0.7333333333333333,0.06666666666666667,5.633333333333334,0.3238095238095237
S09_vol_lb15,9,vol_lb15,16,QQQ,2,42,2025-11-20,2026-01-22,30,0.06127985465491781,0.029579896821035824,0.0,0.10262337459298297,-0.05199068598235489,-0.031699957833881985,0.43333333333333335,0.26666666666666666,2.066666666666667,0.3373015873015872
S09_vol_lb15,9,vol_lb15,17,SOX,2,42,2026-02-24,2026-04-23,30,0.21884779209066085,-0.0064381275676536395,-0.035546895724772654,-0.2583209356679989,-0.09750284114527624,-0.2252859196583145,0.3333333333333333,0.03333333333333333,2.1,0.2507936507936509
S09_vol_lb15,9,vol_lb15,18,QQQ,1,21,2025-09-30,2025-10-28,30,0.05421653616699196,0.006112653058417646,0.0,0.250821501518377,-0.024919042880117693,-0.0481038831085743,0.26666666666666666,0.03333333333333333,0.7333333333333333,0.23333333333333334
S09_vol_lb15,9,vol_lb15,19,QQQ,2,42,2025-12-08,2026-02-06,30,-0.022176770259265566,0.007195990265171992,0.0,0.08738398553351182,-0.05315915430653266,0.029372760524437557,0.4,0.7,1.5333333333333334,0.319047619047619
S09_vol_lb15,9,vol_lb15,20,SOX,6,126,2026-01-16,2026-07-20,30,0.5321400228942041,0.10746089854416678,0.05959550552184978,0.4145399706996638,-0.15105471998488856,-0.42467912435003724,0.7,0.06666666666666667,4.566666666666666,0.25925925925925924
S09_vol_lb15,9,vol_lb15,21,QQQ,5,105,2025-11-20,2026-04-23,30,0.11510188328358972,0.030888534910734716,-0.006278134385162948,-0.11610654170569656,-0.11193898987265584,-0.08421334837285502,0.4666666666666667,0.26666666666666666,3.6333333333333333,0.29841269841269835
S09_vol_lb15,9,vol_lb15,22,QQQ,1,21,2026-06-22,2026-07-21,30,-0.039271008909172456,0.02028140998766307,0.0,0.5599536301893105,-0.04306304911729612,0.059552418896835504,0.43333333333333335,0.9333333333333333,1.6666666666666667,0.4365914786967418
S09_vol_lb15,9,vol_lb15,23,QQQ,4,84,2025-12-30,2026-04-30,30,0.07935034582792633,-0.013231350040228488,-0.008466755241482382,-0.507871505655758,-0.08370684550005004,-0.09258169586815482,0.26666666666666666,0.13333333333333333,2.533333333333333,0.22142857142857142
S09_vol_lb15,9,vol_lb15,24,QQQ,5,105,2026-02-10,2026-07-13,30,0.16673036694159848,0.048956672461553864,0.0016911310137722735,0.24085274047259045,-0.0889592027422707,-0.11777369448004463,0.5,0.13333333333333333,3.3333333333333335,0.2012698412698413
S09_vol_lb15,9,vol_lb15,25,SOX,1,21,2026-06-24,2026-07-23,30,-0.0835577884715295,-0.010064612953557006,0.0,-0.6530535750174873,-0.029874349197614464,0.0734931755179725,0.1,0.9333333333333333,0.7333333333333333,0.11111111111111112
S09_vol_lb15,9,vol_lb15,26,QQQ,2,42,2026-01-06,2026-03-06,30,-0.03796801036932884,-0.03094044119149386,-0.017236645387715577,-0.6181852755375868,-0.07965887090140608,0.00702756917783498,0.23333333333333334,0.6333333333333333,1.8,0.3373015873015872
S09_vol_lb15,9,vol_lb15,27,SOX,4,84,2026-02-20,2026-06-22,30,0.8243464089092334,0.03944745743534147,0.0,0.04140660458997439,-0.1440162145529986,-0.784898951473892,0.4666666666666667,0.0,3.7666666666666666,0.27976190476190477
S09_vol_lb15,9,vol_lb15,28,QQQ,2,42,2026-02-18,2026-04-17,30,0.07243117293953083,-0.023639550351694353,0.0,-0.49446155526916086,-0.07837602539761149,-0.09607072329122521,0.23333333333333334,0.13333333333333333,1.7333333333333334,0.2722222222222222
S09_vol_lb15,9,vol_lb15,29,QQQ,3,63,2025-12-05,2026-03-09,30,-0.02707831728851906,-0.003043921379469905,0.0,-0.11840143162999288,-0.08010565181116686,0.024034395909049155,0.36666666666666664,0.6,2.466666666666667,0.3941798941798942
S09_vol_lb15,9,vol_lb15,30,QQQ,3,63,2026-02-04,2026-05-05,30,0.12665206780411475,0.014038005282100282,0.0,-0.055127597378848286,-0.0770046351528831,-0.11261406252201446,0.3333333333333333,0.03333333333333333,2.1666666666666665,0.21216931216931215
S09_vol_lb15,9,vol_lb15,31,QQQ,2,42,2026-02-11,2026-04-13,30,0.008250535771430423,-0.019844744199167184,0.0,-0.7557042174228241,-0.06476880002259838,-0.028095279970597607,0.23333333333333334,0.23333333333333334,1.7333333333333334,0.2380952380952381
S09_vol_lb15,9,vol_lb15,32,SOX,2,42,2026-02-20,2026-04-21,30,0.17118557873917672,0.007395100883027835,0.0,-0.15726129492280416,-0.09699852722809822,-0.1637904778561489,0.36666666666666664,0.16666666666666666,2.2,0.2833333333333333
S09_vol_lb15,9,vol_lb15,33,SOX,2,42,2025-10-16,2025-12-15,29,0.031247829570691277,0.02639121945641651,0.0,-0.15507362218752435,-0.06295861706830942,-0.004856610114274767,0.27586206896551724,0.20689655172413793,1.5172413793103448,0.24220032840722497
S09_vol_lb15,9,vol_lb15,34,SOX,6,126,2026-01-02,2026-07-06,30,0.8557958290728414,0.1725908748087697,0.12819161781828414,0.8211789461117823,-0.14800222187915324,-0.6832049542640717,0.6666666666666666,0.03333333333333333,4.833333333333333,0.2849206349206349
S09_vol_lb15,9,vol_lb15,35,SOX,1,21,2026-06-18,2026-07-20,30,-0.1803268361206325,-0.04520833730018308,0.0,-0.5893209673906569,-0.06259925114975386,0.13511849882044935,0.03333333333333333,0.8666666666666667,1.0,0.15555555555555553
S09_vol_lb15,9,vol_lb15,36,SOX,6,126,2025-12-11,2026-06-12,30,0.8996931388890645,0.2544185767425288,0.21485105154035244,1.0016373150306845,-0.1457490035182433,-0.6452745621465357,0.7333333333333333,0.0,5.066666666666666,0.3666666666666666
S09_vol_lb15,9,vol_lb15,37,QQQ,4,84,2025-11-06,2026-03-10,30,-0.0050957779313617335,-0.019292464541045766,-0.031621588139304935,-0.3667374261758169,-0.10585284160807167,-0.014196686609684032,0.3333333333333333,0.4,4.1,0.3634920634920636
S09_vol_lb15,9,vol_lb15,38,QQQ,2,42,2025-10-23,2025-12-22,30,0.015440635291114946,-0.012861430966760786,-0.0020899570012400392,-0.34954234373686077,-0.07247345651061633,-0.028302066257875732,0.2,0.2,1.6666666666666667,0.2984126984126984
S09_vol_lb15,9,vol_lb15,39,QQQ,6,126,2026-01-22,2026-07-23,30,0.11733025524972818,0.008045513052091427,0.0,0.006878415319980554,-0.1278777209698651,-0.10928474219763676,0.4666666666666667,0.13333333333333333,4.566666666666666,0.29751062537947787
S09_vol_lb15,9,vol_lb15,40,QQQ,3,63,2025-12-17,2026-03-19,30,-0.011035560024343694,-0.0057597034028362215,0.0,-0.07199688134730821,-0.07072772004742973,0.005275856621507472,0.4,0.6333333333333333,2.066666666666667,0.31111111111111106
S09_vol_lb15,9,vol_lb15,41,SOX,2,42,2026-02-04,2026-04-06,30,0.042169610002357194,0.011910128257290578,0.0,-0.20623602193706253,-0.10053604752700737,-0.030259481745066607,0.36666666666666664,0.23333333333333334,2.2,0.2817460317460317
S09_vol_lb15,9,vol_lb15,42,QQQ,1,21,2025-12-17,2026-01-16,30,0.036059549152333226,0.049057501590132696,0.0,0.8997881161548694,-0.04074445728173791,0.012997952437799472,0.4666666666666667,0.3333333333333333,1.0333333333333334,0.5285714285714286
S09_vol_lb15,9,vol_lb15,43,QQQ,5,105,2025-10-14,2026-03-16,30,0.005273420593681077,0.008830530689748758,-0.019449984245416996,-0.2052259080512626,-0.10788533228035654,0.00355711009606768,0.3,0.3,3.6,0.25619047619047625
S09_vol_lb15,9,vol_lb15,44,QQQ,3,63,2026-02-20,2026-05-20,30,0.17286068225634077,0.007046630523672322,0.0,-0.06074309441151487,-0.07412012136368276,-0.16581405173266847,0.3333333333333333,0.06666666666666667,2.2333333333333334,0.23280423280423276
S09_vol_lb15,9,vol_lb15,45,SOX,3,63,2025-12-29,2026-03-30,30,0.015265534100073808,0.11035016669542358,0.10186115899587023,0.5706197877085045,-0.12786817536557363,0.09508463259534977,0.6,0.6,3.2666666666666666,0.4206349206349207
S09_vol_lb15,9,vol_lb15,46,SOX,6,126,2026-02-03,2026-08-04,30,0.570424974009125,0.08729666025073284,0.033923234107402056,0.22528436291147252,-0.14994018683265967,-0.4831283137583921,0.5333333333333333,0.03333333333333333,4.7,0.20185185185185187
S09_vol_lb15,9,vol_lb15,47,SOX,5,105,2026-02-25,2026-07-27,30,0.40432970743629215,0.02788598910452657,-0.02593149724254107,-0.08382574052711071,-0.15963563561742292,-0.3764437183317656,0.4666666666666667,0.03333333333333333,4.0,0.22476190476190475
S09_vol_lb15,9,vol_lb15,48,QQQ,6,126,2025-12-05,2026-06-08,30,0.14775319061584047,0.045204907363371453,0.0017466605414125924,0.13954424986445077,-0.13193542733187505,-0.102548283252469,0.5,0.13333333333333333,4.766666666666667,0.306084656084656
S09_vol_lb15,9,vol_lb15,49,SOX,1,21,2025-12-18,2026-01-20,30,0.15515000518875355,0.10231508473321625,0.08324165098095015,2.9310026255202843,-0.03358361920597318,-0.05283492045553728,0.6333333333333333,0.3,1.0666666666666667,0.5761904761904763
S09_vol_lb15,9,vol_lb15,50,QQQ,4,84,2025-12-23,2026-04-24,30,0.06848812314017638,-0.00898995126884468,-0.027260199897052306,-0.44178245088368,-0.12023139762709678,-0.07747807440902106,0.36666666666666664,0.2,3.2666666666666666,0.3055555555555555
S09_vol_lb15,9,vol_lb15,51,SOX,1,21,2026-01-14,2026-02-12,30,0.05905395916951672,0.07448025836331551,0.00921513840445276,1.5663488168681532,-0.04795193581861409,0.015426299193798794,0.5,0.4,1.1666666666666667,0.41111111111111115
S09_vol_lb15,9,vol_lb15,52,SOX,6,126,2025-12-24,2026-06-26,30,0.9291296252812065,0.2586984494612231,0.2098222605953951,1.1554052617363617,-0.15051548885351837,-0.6704311758199833,0.8333333333333334,0.03333333333333333,5.5,0.3544973544973545
S09_vol_lb15,9,vol_lb15,53,QQQ,4,84,2026-01-12,2026-05-12,30,0.12909064535616643,-0.026335938524707076,-0.02192260656104683,-0.824810289851509,-0.12015547578615905,-0.15542658388087346,0.3,0.06666666666666667,2.933333333333333,0.23531746031746034
S09_vol_lb15,9,vol_lb15,54,SOX,1,21,2026-05-26,2026-06-24,30,0.05559750820540277,-0.025204504165143988,0.0,-0.1168436761414729,-0.05621337317313669,-0.08080201237054677,0.16666666666666666,0.06666666666666667,0.9666666666666667,0.1634920634920635
S09_vol_lb15,9,vol_lb15,55,QQQ,5,105,2026-01-02,2026-06-03,30,0.21533864434495809,0.017438408030497912,0.01547986963113912,-0.06873210747713408,-0.13915685553424142,-0.1979002363144602,0.5,0.06666666666666667,4.433333333333334,0.24380952380952384
S09_vol_lb15,9,vol_lb15,56,SOX,6,126,2025-11-21,2026-05-26,30,1.1093566882823307,0.24597335023443898,0.11471639706769166,0.9879550660773421,-0.1411080413788485,-0.8633833380478916,0.7333333333333333,0.0,5.133333333333334,0.35370370370370363
S09_vol_lb15,9,vol_lb15,57,QQQ,6,126,2025-10-09,2026-04-10,30,0.0031583981774436776,-0.06625132122382603,-0.05390301963980815,-0.6677807169444854,-0.14745105796032248,-0.06940971940126969,0.3333333333333333,0.3,4.833333333333333,0.2671957671957672
S09_vol_lb15,9,vol_lb15,58,SOX,2,42,2025-12-23,2026-02-24,30,0.1871722362051189,0.17163775385008936,0.13565920476382876,1.9130073894654533,-0.06431913318638077,-0.015534482355029584,0.7,0.43333333333333335,2.033333333333333,0.4880952380952381
S09_vol_lb15,9,vol_lb15,59,QQQ,4,84,2026-03-24,2026-07-23,30,0.18620580334138115,0.05097100002642654,0.02472896614019593,0.36094562709847666,-0.0950967910690919,-0.1352348033149546,0.6,0.13333333333333333,3.033333333333333,0.31587301587301586
S09_vol_lb15,9,vol_lb15,60,QQQ,2,42,2025-12-24,2026-02-25,30,-0.011619875611714292,0.037135622813547715,0.0,0.5890564518724889,-0.057141411770789866,0.048755498425261994,0.43333333333333335,0.6666666666666666,1.8666666666666667,0.42301587301587307
S09_vol_lb15,9,vol_lb15,61,QQQ,3,63,2026-02-11,2026-05-12,30,0.15498320565989365,-0.0256869483092476,-0.010730676421657148,-0.5234256156020177,-0.08896275812131808,-0.1806701539691412,0.2,0.0,2.1333333333333333,0.24920634920634918
S09_vol_lb15,9,vol_lb15,62,SOX,5,105,2025-10-27,2026-03-27,30,0.06601406425608247,0.1404809552534487,0.0005951987902527156,0.5301745400229269,-0.13346431640663375,0.07446689099736623,0.5,0.4,4.466666666666667,0.33428571428571424
S09_vol_lb15,9,vol_lb15,63,SOX,2,42,2026-03-05,2026-05-04,30,0.36885566707716544,0.07890578712755006,0.03139737489039529,0.7724539179161218,-0.09409879680311134,-0.2899498799496154,0.6333333333333333,0.1,2.6,0.34365079365079365
S09_vol_lb15,9,vol_lb15,64,SOX,6,126,2026-02-02,2026-08-03,30,0.44102187494694367,0.07855213410281972,0.0358638556059474,0.42698221048187796,-0.1498708726448857,-0.362469740844124,0.5333333333333333,0.03333333333333333,4.766666666666667,0.2373015873015873
S09_vol_lb15,9,vol_lb15,65,SOX,6,126,2025-10-14,2026-04-15,30,0.44320228036938025,0.16650490849100144,0.044626088911493,0.5067978639323486,-0.15113806051497072,-0.27669737187837884,0.6,0.1,5.3,0.3222222222222222
S09_vol_lb15,9,vol_lb15,66,SOX,4,84,2025-12-15,2026-04-16,30,0.3650389372950007,0.15168739568064663,0.08184952918598332,0.7730919824326548,-0.13244832965192263,-0.21335154161435413,0.7,0.2,3.6333333333333333,0.43531746031746027
S09_vol_lb15,9,vol_lb15,67,SOX,3,63,2025-11-14,2026-02-17,30,0.22909629802441112,0.12030685246124503,0.027542039486043612,0.8487377970318616,-0.08771441674569637,-0.10878944556316608,0.5333333333333333,0.26666666666666666,3.1666666666666665,0.32592592592592584
S09_vol_lb15,9,vol_lb15,68,QQQ,6,126,2025-11-28,2026-06-01,30,0.20247825968248878,0.061840225660925764,0.014889854655232737,0.17194010594505288,-0.10977032752880089,-0.140638034021563,0.5333333333333333,0.2,4.6,0.2830687830687831
S09_vol_lb15,9,vol_lb15,69,SOX,4,84,2025-11-13,2026-03-17,30,0.17823774265955183,0.07866560999178293,0.02366068789262621,0.03055892467206849,-0.14727973146375686,-0.0995721326677689,0.5333333333333333,0.2,4.233333333333333,0.3654761904761905
S09_vol_lb15,9,vol_lb15,70,SOX,6,126,2025-10-29,2026-04-30,30,0.493542599886472,0.16675258037915205,0.040675982254673615,0.6025880909631537,-0.1522931602277386,-0.32679001950731995,0.6,0.13333333333333333,5.866666666666666,0.306084656084656
S09_vol_lb15,9,vol_lb15,71,QQQ,3,63,2025-12-04,2026-03-06,30,-0.03598635278129192,-0.007413358081320183,0.0,-0.2695092111726408,-0.07376677976643545,0.028572994699971734,0.36666666666666664,0.6666666666666666,2.1,0.31640211640211635
S09_vol_lb15,9,vol_lb15,72,SOX,6,126,2025-10-03,2026-04-06,30,0.23166343217211383,0.13785679774799858,-0.01769315467073329,0.18618702559698805,-0.15053715197641082,-0.09380663442411516,0.43333333333333335,0.2,5.8,0.3248677248677248
S09_vol_lb15,9,vol_lb15,73,SOX,5,105,2026-02-09,2026-07-10,30,0.6497275864735734,0.06740905708530996,0.03990906726530774,0.2954852403205363,-0.15188317775125698,-0.5823185293882636,0.6,0.0,4.233333333333333,0.26285714285714284
S09_vol_lb15,9,vol_lb15,74,SOX,5,105,2026-01-14,2026-06-15,30,0.8955583309185957,0.17369241453494244,0.12341544167178808,0.8748942926165723,-0.15324338258373327,-0.7218659163836533,0.8,0.0,4.766666666666667,0.3434920634920635
S09_vol_lb15,9,vol_lb15,75,QQQ,2,42,2026-05-28,2026-07-28,30,-0.0807064468005223,-0.004505586186556147,0.0,-0.17621400176638283,-0.07718162947162135,0.07620086061396615,0.26666666666666666,0.8333333333333334,1.4,0.25079365079365085
S09_vol_lb15,9,vol_lb15,76,SOX,2,42,2025-10-09,2025-12-08,29,0.07777665550059454,0.037748623237354124,0.0,0.2658058930981855,-0.04731101386003014,-0.040028032263240414,0.3448275862068966,0.1724137931034483,1.6206896551724137,0.187192118226601
S09_vol_lb15,9,vol_lb15,77,SOX,4,84,2025-12-11,2026-04-14,30,0.2783780379079748,0.10908893543332954,0.055568414512721875,0.48627365455011806,-0.1354616727358295,-0.1692891024746453,0.6333333333333333,0.16666666666666666,3.2,0.4095238095238095
S09_vol_lb15,9,vol_lb15,78,SOX,5,105,2025-10-28,2026-03-30,30,0.019658593014425074,0.149051957249083,0.001470996642094935,0.388659119918685,-0.14840046827205558,0.12939336423465783,0.5333333333333333,0.4666666666666667,4.7,0.35047619047619044
S09_vol_lb15,9,vol_lb15,79,QQQ,4,84,2025-11-28,2026-03-31,30,-0.065559467192568,-0.0441026921747346,-0.038912236719541804,-0.7673922854826464,-0.09921381265145077,0.02145677501783339,0.2,0.6666666666666666,2.933333333333333,0.2361111111111111
S09_vol_lb15,9,vol_lb15,80,QQQ,1,21,2025-12-24,2026-01-26,30,0.00245225029681162,-0.0014676657246020853,0.0,-0.4245564602135938,-0.04184539781750341,-0.003919916021413705,0.3,0.23333333333333334,0.9333333333333333,0.4412698412698413
S09_vol_lb15,9,vol_lb15,81,SOX,5,105,2026-03-02,2026-07-30,30,0.43468424550777085,0.06050353381649144,0.009570999117209156,0.21458269105640707,-0.12855978848433303,-0.3741807116912794,0.5,0.03333333333333333,3.6666666666666665,0.22984126984126982
S09_vol_lb15,9,vol_lb15,82,QQQ,2,42,2026-05-20,2026-07-21,30,-0.004768912516587509,0.012565443171814314,0.0,0.22581110339044402,-0.07385334942781482,0.01733435568840182,0.43333333333333335,0.6,1.9333333333333333,0.34365079365079365
S09_vol_lb15,9,vol_lb15,83,SOX,2,42,2025-11-20,2026-01-22,30,0.30242770310382006,0.1763757552395996,0.13887871573939892,2.259800729300539,-0.07027625447197601,-0.12605194786422047,0.7666666666666667,0.16666666666666666,2.433333333333333,0.4920634920634921
S09_vol_lb15,9,vol_lb15,84,QQQ,3,63,2025-12-02,2026-03-04,30,-0.01682175044729739,0.015302204634528001,0.0,0.17151909275109592,-0.06953768812315811,0.03212395508182539,0.36666666666666664,0.6666666666666666,2.433333333333333,0.32222222222222224
S09_vol_lb15,9,vol_lb15,85,SOX,3,63,2026-01-05,2026-04-06,30,0.08253790356176238,0.09087013776863645,0.025208457677934337,0.7590805936541802,-0.124599503458167,0.008332234206874067,0.6,0.4,3.3,0.37354497354497346
S09_vol_lb15,9,vol_lb15,86,QQQ,2,42,2026-05-29,2026-07-29,30,-0.1027384154782941,0.020124830552348535,-0.004452102048015993,0.1976131351615982,-0.09661042827739787,0.12286324603064262,0.4666666666666667,0.8,2.2,0.3698412698412698
S09_vol_lb15,9,vol_lb15,87,SOX,6,126,2025-12-10,2026-06-11,30,0.8592992994619526,0.19879388404739734,0.10215523909817414,0.7552085084594201,-0.14365192586059825,-0.6605054154145552,0.6333333333333333,0.0,4.833333333333333,0.35687830687830685
S09_vol_lb15,9,vol_lb15,88,QQQ,1,21,2026-02-06,2026-03-09,30,-0.0031001579933559453,-0.005584319298717418,0.0,-0.5141020604589677,-0.034641650630663254,-0.0024841613053614726,0.1,0.6333333333333333,0.6333333333333333,0.3206349206349206
S09_vol_lb15,9,vol_lb15,89,SOX,5,105,2026-02-27,2026-07-29,30,0.32137568720837417,0.006322144338350348,-0.021479237393698836,-0.1732868203520144,-0.1566062372273103,-0.3150535428700239,0.43333333333333335,0.03333333333333333,4.0,0.21333333333333332
S09_vol_lb15,9,vol_lb15,90,SOX,1,21,2026-05-28,2026-06-26,30,0.03643764245475545,-0.014264149583496689,0.0,-0.48036558975841553,-0.06304229494769271,-0.050701792038252126,0.16666666666666666,0.1,1.3,0.15396825396825395
S09_vol_lb15,9,vol_lb15,91,SOX,1,21,2025-10-22,2025-11-19,29,-0.008869215654012219,0.03165215407231753,0.0,0.1689607048900053,-0.03476592069719222,0.04052136972632975,0.20689655172413793,0.8275862068965517,0.9655172413793104,0.21839080459770113
S09_vol_lb15,9,vol_lb15,92,SOX,6,126,2026-01-05,2026-07-07,30,0.7364398166562913,0.20898726850782937,0.12641702199427862,1.034100368919898,-0.143843384803516,-0.527452548148462,0.8,0.03333333333333333,5.233333333333333,0.3113756613756614
S09_vol_lb15,9,vol_lb15,93,QQQ,6,126,2025-10-22,2026-04-23,30,0.07860034616709188,-0.00986054493861808,-0.019019142954058876,-0.25202286370323546,-0.12590218413199059,-0.08846089110570997,0.43333333333333335,0.16666666666666666,5.166666666666667,0.28730158730158734
S09_vol_lb15,9,vol_lb15,94,SOX,1,21,2025-11-24,2025-12-23,29,0.08032119038801167,0.01852548767795011,0.0,0.7101007215527498,-0.0591897702843909,-0.061795702710061545,0.41379310344827586,0.20689655172413793,1.1724137931034482,0.3957307060755336
S09_vol_lb15,9,vol_lb15,95,SOX,4,84,2026-02-12,2026-06-12,30,0.6973465583151977,0.0841769086733882,0.034839019904605584,0.2577659749564962,-0.13187730100314543,-0.6131696496418094,0.5333333333333333,0.0,3.7333333333333334,0.2869047619047619
S09_vol_lb15,9,vol_lb15,96,QQQ,2,42,2026-01-09,2026-03-11,30,-0.030256233422579326,-0.012172300240577527,0.0,-0.4181688634544147,-0.06446930327473964,0.0180839331820018,0.3,0.6666666666666666,1.5333333333333334,0.3285714285714285
S09_vol_lb15,9,vol_lb15,97,QQQ,1,21,2026-04-06,2026-05-04,30,0.1433814398737463,0.05264589253489123,0.0,1.1130238895223445,-0.023109591477265476,-0.09073554733885505,0.26666666666666666,0.16666666666666666,0.8333333333333334,0.22539682539682537
S09_vol_lb15,9,vol_lb15,98,QQQ,2,42,2025-12-24,2026-02-25,30,-0.011619875611714292,-0.009575995797738586,0.0,-0.18486058182762516,-0.061035519359770855,0.0020438798139757056,0.26666666666666666,0.6,1.6,0.33015873015873015
S09_vol_lb15,9,vol_lb15,99,SOX,4,84,2026-02-23,2026-06-23,30,0.6928659733227347,0.04452611415618964,-0.0013805504706752014,0.045109931350549796,-0.14308776788737596,-0.6483398591665451,0.4,0.03333333333333333,3.433333333333333,0.26031746031746034
S10_vol_lb30,10,vol_lb30,0,SOX,4,84,2025-12-02,2026-04-02,30,0.12375222781732442,0.14694307273883578,0.07798038619394132,0.7425505457616235,-0.17147544007166518,0.023190844921511355,0.7,0.4666666666666667,2.966666666666667,0.5337301587301587
S10_vol_lb30,10,vol_lb30,1,QQQ,6,126,2025-10-22,2026-04-23,30,0.07860034616709188,-0.010388487927279318,-0.022058255261956206,-0.3914584322184765,-0.14858492562021589,-0.0889888340943712,0.36666666666666664,0.2,3.533333333333333,0.27460317460317457
S10_vol_lb30,10,vol_lb30,2,QQQ,3,63,2026-02-13,2026-05-14,30,0.1973312327688066,0.0468577666355784,0.0,0.16190577576318202,-0.06967684859729482,-0.15047346613322823,0.3,0.06666666666666667,1.9,0.23227513227513222
S10_vol_lb30,10,vol_lb30,3,QQQ,6,126,2025-10-21,2026-04-22,30,0.07426008690036823,0.039608121383953906,-0.0035136023176787212,0.15907063997739843,-0.10603475155946299,-0.0346519655164143,0.4,0.4,3.066666666666667,0.32222222222222213
S10_vol_lb30,10,vol_lb30,4,SOX,3,63,2026-03-20,2026-06-18,30,0.9240131575020727,0.3432273431158002,0.1810684584017095,2.1294878987602988,-0.11267622856285583,-0.5807858143862725,0.8333333333333334,0.1,1.9666666666666666,0.4534391534391534
S10_vol_lb30,10,vol_lb30,5,SOX,4,84,2026-02-12,2026-06-12,30,0.6973465583151977,0.12478156367793962,0.07125500553056285,0.48742418852151875,-0.14265881666515817,-0.572564994637258,0.6333333333333333,0.03333333333333333,2.8666666666666667,0.3257936507936508
S10_vol_lb30,10,vol_lb30,6,SOX,5,105,2025-10-09,2026-03-11,30,0.1805755468500585,0.21379639193367286,0.1415606690166491,0.8668697564519051,-0.1534137937093351,0.0332208450836143,0.6666666666666666,0.4,3.8,0.4558730158730159
S10_vol_lb30,10,vol_lb30,7,QQQ,3,63,2025-10-07,2026-01-06,30,0.032610148489392365,0.009245801058386046,0.0,0.35589434221702637,-0.053108135063735455,-0.023364347431006318,0.43333333333333335,0.3333333333333333,1.6,0.3068783068783069
S10_vol_lb30,10,vol_lb30,8,SOX,2,42,2025-12-12,2026-02-12,30,0.17542065172961707,0.21269123119566438,0.18969206274262884,1.7767624916175722,-0.08171053363013572,0.03727057946604731,0.7,0.5666666666666667,1.5333333333333334,0.6531746031746033
S10_vol_lb30,10,vol_lb30,9,SOX,4,84,2025-11-24,2026-03-26,30,0.16566928697543415,0.17270666878160068,0.09668776837742443,0.8531303323039927,-0.15744923273015368,0.007037381806166491,0.6666666666666666,0.43333333333333335,3.033333333333333,0.5039682539682541
S10_vol_lb30,10,vol_lb30,10,SOX,3,63,2026-03-23,2026-06-22,30,0.9469415590105574,0.3173992221626844,0.15672622538519743,2.0359229373926833,-0.10735816672443513,-0.6295423368478729,0.7333333333333333,0.1,1.9666666666666666,0.41428571428571426
S10_vol_lb30,10,vol_lb30,11,SOX,1,21,2026-06-04,2026-07-06,30,-0.03473225726086515,-0.0497274010744579,-0.014447735156427222,-1.450872059247556,-0.10130465296426347,-0.014995143813592748,0.13333333333333333,0.5333333333333333,1.3,0.27777777777777773
S10_vol_lb30,10,vol_lb30,12,QQQ,2,42,2025-10-14,2025-12-11,30,0.04612038035336097,0.008356910682911167,0.0,0.4928190770211896,-0.04935920191318258,-0.037763469670449794,0.4,0.16666666666666666,1.1666666666666667,0.3611111111111111
S10_vol_lb30,10,vol_lb30,13,QQQ,5,105,2025-10-10,2026-03-12,30,0.014468964539720464,0.0268321721924486,0.0,-0.08980870245024326,-0.10429200607395721,0.012363207652728136,0.43333333333333335,0.43333333333333335,3.066666666666667,0.3104761904761905
S10_vol_lb30,10,vol_lb30,14,SOX,3,63,2026-01-05,2026-04-06,30,0.08253790356176238,0.10723611371631168,0.03807735930695122,0.938985089832228,-0.15159086272690703,0.024698210154549302,0.7,0.4,2.7666666666666666,0.48677248677248675
S10_vol_lb30,10,vol_lb30,15,QQQ,5,105,2025-10-28,2026-03-30,30,-0.11567940096134144,-0.007130919512125359,-0.011053265589011374,-0.17108671115108315,-0.1510069773423817,0.10854848144921607,0.43333333333333335,0.7666666666666667,3.6666666666666665,0.3888888888888889
S10_vol_lb30,10,vol_lb30,16,SOX,1,21,2026-01-13,2026-02-11,30,0.08070823053460474,0.11937051487718651,0.13632746335577506,2.5389351514712035,-0.07156247365120876,0.038662284342581774,0.6333333333333333,0.6,1.1666666666666667,0.6333333333333332
S10_vol_lb30,10,vol_lb30,17,SOX,2,42,2026-04-28,2026-06-26,30,0.34535375402277113,0.2127827657859771,0.06736782157189547,1.2740891750567078,-0.08602731687374279,-0.132570988236794,0.6666666666666666,0.2,1.9333333333333333,0.4
S10_vol_lb30,10,vol_lb30,18,SOX,4,84,2025-11-10,2026-03-12,30,0.09494627881524353,0.0915044742285103,0.029493789098216983,0.44140420551860704,-0.1594092936004209,-0.0034418045867332363,0.6,0.3333333333333333,2.8,0.5023809523809524
S10_vol_lb30,10,vol_lb30,19,SOX,3,63,2026-02-17,2026-05-15,30,0.4369761928323892,0.13832651250364758,0.015943362590140175,0.716472027057053,-0.1348964882857329,-0.2986496803287416,0.5,0.16666666666666666,2.433333333333333,0.3846560846560846
S10_vol_lb30,10,vol_lb30,20,QQQ,1,21,2025-12-09,2026-01-08,30,-0.006048386306410247,0.008181006794663496,0.0,0.07486820631756232,-0.03761402383145231,0.014229393101073743,0.4,0.7333333333333333,1.0333333333333334,0.4095238095238095
S10_vol_lb30,10,vol_lb30,21,SOX,5,105,2026-01-16,2026-06-17,30,0.7531008515387931,0.23108275569415607,0.10040331550145476,0.9320900937006683,-0.1539599449376815,-0.5220180958446371,0.7,0.1,3.966666666666667,0.3669841269841269
S10_vol_lb30,10,vol_lb30,22,SOX,1,21,2026-01-07,2026-02-05,30,0.01828304037344508,0.07638835110770889,0.05636509420389946,1.4069227375844686,-0.08088331640776719,0.0581053107342638,0.6333333333333333,0.6333333333333333,1.2,0.7285714285714284
S10_vol_lb30,10,vol_lb30,23,SOX,2,42,2026-02-11,2026-04-13,30,0.09267713572868508,0.004872563410017528,0.0,-0.08993014170353789,-0.09762898345463727,-0.08780457231866758,0.3333333333333333,0.26666666666666666,1.6666666666666667,0.2992063492063492
S10_vol_lb30,10,vol_lb30,24,SOX,1,21,2025-12-31,2026-01-30,30,0.14992524341794122,0.12331012325052088,0.10984062466562494,2.629971820452977,-0.05242208621476105,-0.02661512016742033,0.6333333333333333,0.43333333333333335,1.1,0.6349206349206349
S10_vol_lb30,10,vol_lb30,25,QQQ,4,84,2026-04-02,2026-08-03,30,0.19805696614851942,0.05922648183309872,0.0008287652632228415,0.3088474523553886,-0.13042555966691208,-0.1388304843154207,0.5,0.2,2.5,0.35436507936507944
S10_vol_lb30,10,vol_lb30,26,SOX,3,63,2025-10-20,2026-01-20,30,0.15317025753202396,0.07578337322419107,0.013047510652433703,0.7896128150076553,-0.09564403072888727,-0.07738688430783287,0.5333333333333333,0.23333333333333334,1.6666666666666667,0.3751322751322752
S10_vol_lb30,10,vol_lb30,27,QQQ,2,42,2025-10-01,2025-11-28,30,0.026523107937029167,0.008429834642505192,0.0,0.37811916191804884,-0.05813178717688493,-0.018093273294523975,0.4,0.26666666666666666,1.8,0.3976190476190476
S10_vol_lb30,10,vol_lb30,28,QQQ,6,126,2025-11-06,2026-05-08,30,0.1657335623806162,0.03486523288992486,0.0,-0.03520622864192366,-0.12734236203419555,-0.13086832949069135,0.4666666666666667,0.16666666666666666,3.466666666666667,0.26296296296296295
S10_vol_lb30,10,vol_lb30,29,QQQ,3,63,2025-11-18,2026-02-19,30,0.013310957671084811,0.02610267367185837,-0.0024188428966316344,-0.1463960882745413,-0.09342842815151277,0.012791716000773567,0.36666666666666664,0.3333333333333333,2.3,0.38571428571428573
S10_vol_lb30,10,vol_lb30,30,QQQ,1,21,2026-05-11,2026-06-09,30,-0.007654633306932168,0.009821929248026374,0.0,-0.0653392597768033,-0.03725397288791917,0.017476562554958542,0.2,0.7666666666666667,0.6333333333333333,0.3428571428571428
S10_vol_lb30,10,vol_lb30,31,SOX,4,84,2026-03-09,2026-07-08,30,0.6726918607972621,0.18117385329493932,0.11705119386300122,1.1866276783414498,-0.11966661089655257,-0.49151800750232283,0.6666666666666666,0.03333333333333333,2.533333333333333,0.35833333333333334
S10_vol_lb30,10,vol_lb30,32,SOX,1,21,2026-07-09,2026-08-06,30,-0.08454528389846028,-0.013958065569888352,0.0,-0.674357658606144,-0.02256615713415352,0.07058721832857191,0.06666666666666667,0.9,0.7,0.09365079365079367
S10_vol_lb30,10,vol_lb30,33,QQQ,6,126,2025-12-17,2026-06-18,30,0.23667058960965948,0.10085200042983741,0.01451615625614422,0.4113131858865511,-0.10378829748739295,-0.13581858917982206,0.5333333333333333,0.13333333333333333,3.533333333333333,0.28677248677248685
S10_vol_lb30,10,vol_lb30,34,SOX,4,84,2026-03-11,2026-07-10,30,0.7012318767969596,0.23369327367768591,0.13741137476223453,1.3791910849442566,-0.12539707479070597,-0.4675386031192738,0.7666666666666667,0.1,3.1333333333333333,0.3646825396825396
S10_vol_lb30,10,vol_lb30,35,SOX,2,42,2026-03-04,2026-05-01,30,0.3645164496108595,0.11554083528491048,0.017258420720746792,1.1216101261248503,-0.09102144762715415,-0.248975614325949,0.5,0.16666666666666666,1.9333333333333333,0.3857142857142856
S10_vol_lb30,10,vol_lb30,36,QQQ,2,42,2026-03-02,2026-04-29,30,0.08931928712144521,-0.03058676509211509,-0.026540538024313165,-1.1497141710977403,-0.06995311943064356,-0.11990605221356035,0.16666666666666666,0.16666666666666666,1.4333333333333333,0.22936507936507936
S10_vol_lb30,10,vol_lb30,37,SOX,2,42,2025-12-11,2026-02-11,30,0.14691521654647244,0.18745224728171841,0.17889715744738466,1.8083677946778074,-0.08888943195538124,0.04053703073524596,0.6666666666666666,0.6,1.4666666666666666,0.673015873015873
S10_vol_lb30,10,vol_lb30,38,QQQ,2,42,2026-05-18,2026-07-17,30,-0.013863302667955435,0.015096078895407343,0.0,0.15031583898717013,-0.06460750547730428,0.028959381563362776,0.3,0.6666666666666666,1.0,0.30396825396825394
S10_vol_lb30,10,vol_lb30,39,QQQ,4,84,2026-01-14,2026-05-14,30,0.16325974802491805,0.05257093212398542,0.04707396135671216,0.1627437060015859,-0.09891113494440078,-0.11068881590093263,0.6,0.23333333333333334,2.7333333333333334,0.323015873015873
S10_vol_lb30,10,vol_lb30,40,SOX,4,84,2025-10-02,2026-02-02,30,0.25388465521275094,0.1263186104364273,0.0437834262617115,0.8579319471996704,-0.1362318771324342,-0.12756604477632363,0.6666666666666666,0.16666666666666666,3.2666666666666666,0.4496031746031745
S10_vol_lb30,10,vol_lb30,41,QQQ,1,21,2026-05-11,2026-06-09,30,-0.007654633306932168,0.022278126765657998,0.0,-0.06643507120223228,-0.05699169498064763,0.029932760072590166,0.26666666666666666,0.7666666666666667,0.7333333333333333,0.353968253968254
S10_vol_lb30,10,vol_lb30,42,SOX,5,105,2025-11-14,2026-04-17,30,0.44383622655114996,0.19186563108553054,0.10613808775398936,0.8020545815415281,-0.17182054244518277,-0.25197059546561945,0.7,0.13333333333333333,3.6666666666666665,0.445079365079365
S10_vol_lb30,10,vol_lb30,43,SOX,3,63,2025-10-14,2026-01-13,29,0.19624523269158112,0.11313150023311785,0.04720042693833881,0.9549066155879857,-0.11150673283313253,-0.08311373245846329,0.6551724137931034,0.27586206896551724,2.4482758620689653,0.4121510673234811
S10_vol_lb30,10,vol_lb30,44,SOX,2,42,2026-04-27,2026-06-25,30,0.37348080477389334,0.12527072436456757,0.013753299901421268,0.608760721060856,-0.10166199748703979,-0.2482100804093258,0.5666666666666667,0.1,1.8666666666666667,0.4563492063492064
S10_vol_lb30,10,vol_lb30,45,QQQ,5,105,2025-09-29,2026-02-27,30,0.015603816330671094,0.049464876664675785,0.010568450303694799,0.3830651499314553,-0.11821308850233771,0.033861060334004704,0.5,0.5,3.5,0.4330158730158731
S10_vol_lb30,10,vol_lb30,46,SOX,3,63,2025-10-07,2026-01-06,29,0.16643980317901197,0.07335793058693411,0.0334889996292107,0.5426892826945031,-0.12283398251381197,-0.09308187259207786,0.6206896551724138,0.1724137931034483,2.6206896551724137,0.411056376573618
S10_vol_lb30,10,vol_lb30,47,SOX,4,84,2026-01-02,2026-05-04,30,0.47389043541895925,0.3049762722886478,0.15959332782176794,1.8414278867709077,-0.15063712735396925,-0.1689141631303114,0.8666666666666667,0.3333333333333333,3.3333333333333335,0.47579365079365077
S10_vol_lb30,10,vol_lb30,48,SOX,6,126,2025-11-14,2026-05-18,30,0.722246423685857,0.23777068947534957,0.1939964996553808,0.9879289614631265,-0.17236320356250798,-0.4844757342105073,0.8,0.06666666666666667,4.433333333333334,0.4383597883597884
S10_vol_lb30,10,vol_lb30,49,SOX,2,42,2025-12-03,2026-02-03,30,0.11891138221963593,0.109063610076118,0.06684986656917946,1.3290525133881503,-0.09147454512912019,-0.00984777214351792,0.6333333333333333,0.4,1.1333333333333333,0.6214285714285714
S10_vol_lb30,10,vol_lb30,50,QQQ,1,21,2025-11-05,2025-12-04,30,-0.0005454730406092567,-0.029404285585597524,0.0,-1.2206947172332179,-0.05271455883380017,-0.028858812544988267,0.2,0.5666666666666667,1.1666666666666667,0.34761904761904755
S10_vol_lb30,10,vol_lb30,51,SOX,6,126,2025-12-22,2026-06-24,30,0.981820697377354,0.3195055361647579,0.23066470554778584,1.2401643781521772,-0.167779474698191,-0.6623151612125961,0.8333333333333334,0.0,4.5,0.42777777777777776
S10_vol_lb30,10,vol_lb30,52,QQQ,5,105,2026-03-05,2026-08-04,30,0.19157048010224176,0.08151629665309162,0.04641799227058052,0.4234481403701255,-0.14163656749724354,-0.11005418344915012,0.5666666666666667,0.2,4.033333333333333,0.32888888888888884
S10_vol_lb30,10,vol_lb30,53,QQQ,4,84,2025-11-14,2026-03-18,30,-0.021669026333560604,-0.007793447747806459,-0.008532642473785157,-0.36028365530309175,-0.09521166799827054,0.013875578585754144,0.3,0.5333333333333333,2.4,0.3031746031746032
S10_vol_lb30,10,vol_lb30,54,SOX,5,105,2025-10-06,2026-03-06,30,0.12354003322273233,0.13634836164827066,0.036361367043559745,0.3795687283154473,-0.16645945406348506,0.012808328425538343,0.5333333333333333,0.4,4.066666666666666,0.46539682539682536
S10_vol_lb30,10,vol_lb30,55,QQQ,1,21,2026-02-12,2026-03-13,30,-0.011521125509589614,-0.006576919060151598,0.0,-1.0829470423567409,-0.027379913423758503,0.004944206449438016,0.1,0.7,0.9666666666666667,0.20634920634920637
S10_vol_lb30,10,vol_lb30,56,SOX,3,63,2026-04-02,2026-07-02,30,0.668351814761732,0.20669296836875986,0.1559778061843472,1.5524440240232815,-0.11801758707934798,-0.46165884639297217,0.7333333333333333,0.06666666666666667,2.1666666666666665,0.42962962962962964
S10_vol_lb30,10,vol_lb30,57,SOX,3,63,2026-03-04,2026-06-02,30,0.7725384307881751,0.18204285096389944,0.11568994618029127,1.1298645382522865,-0.11055973201318796,-0.5904955798242757,0.5666666666666667,0.06666666666666667,2.6,0.3777777777777779
S10_vol_lb30,10,vol_lb30,58,SOX,4,84,2025-12-22,2026-04-23,30,0.45231603108821616,0.2278543473296466,0.12045348253104715,1.5076006258660897,-0.1473378202847608,-0.22446168375856956,0.8333333333333334,0.16666666666666666,2.8333333333333335,0.4638888888888888
S10_vol_lb30,10,vol_lb30,59,SOX,5,105,2026-02-27,2026-07-29,30,0.32137568720837417,0.15650275807742312,0.06512308888629437,0.3117432685744471,-0.13873472840467915,-0.16487292913095103,0.6333333333333333,0.26666666666666666,3.033333333333333,0.319047619047619
S10_vol_lb30,10,vol_lb30,60,SOX,6,126,2025-12-09,2026-06-10,30,0.7382199722563447,0.26257775662167154,0.14403128381120334,0.8484508098027204,-0.16117666292224544,-0.47564221563467324,0.7333333333333333,0.1,4.233333333333333,0.42619047619047634
S10_vol_lb30,10,vol_lb30,61,SOX,2,42,2026-03-17,2026-05-14,30,0.5577664074544015,0.1556513871117221,0.12466728598925647,1.741602440667614,-0.061409046904134935,-0.40211502034267954,0.6,0.03333333333333333,1.3,0.35317460317460314
S10_vol_lb30,10,vol_lb30,62,SOX,5,105,2026-01-08,2026-06-09,30,0.7600800796743432,0.2704239546914839,0.18861954054979635,1.056652953878801,-0.1709961689213679,-0.4896561249828594,0.8,0.1,3.7,0.46285714285714286
S10_vol_lb30,10,vol_lb30,63,QQQ,2,42,2025-11-21,2026-01-23,30,0.056692110332060563,0.004917871921272447,0.0,-0.025921787362339372,-0.06535889977009075,-0.05177423841078812,0.36666666666666664,0.23333333333333334,1.6666666666666667,0.4753968253968254
S10_vol_lb30,10,vol_lb30,64,SOX,3,63,2025-12-03,2026-03-05,30,0.09340205814437863,0.1539171309234038,0.11013302098194488,0.9183432161472773,-0.11552966558657038,0.06051507277902517,0.6333333333333333,0.5333333333333333,1.9333333333333333,0.6100529100529101
S10_vol_lb30,10,vol_lb30,65,SOX,5,105,2026-01-14,2026-06-15,30,0.8955583309185957,0.29818140149016337,0.17181985930525334,1.1670139278725018,-0.16206360957291538,-0.5973769294284325,0.8666666666666667,0.03333333333333333,3.7333333333333334,0.4117460317460318
S10_vol_lb30,10,vol_lb30,66,QQQ,3,63,2025-12-15,2026-03-17,30,-0.010568813171725533,-0.009307705904295154,0.0,-0.19361862283853284,-0.08597487625188971,0.00126110726743038,0.3,0.5666666666666667,2.033333333333333,0.36719576719576713
S10_vol_lb30,10,vol_lb30,67,SOX,3,63,2026-03-23,2026-06-22,30,0.9469415590105574,0.3196908274009337,0.15672622538519743,2.0363008668519993,-0.11105006182075793,-0.627250731609624,0.7666666666666667,0.1,1.9666666666666666,0.4444444444444444
S10_vol_lb30,10,vol_lb30,68,SOX,5,105,2025-10-21,2026-03-23,30,0.15776223403143663,0.13138654458640173,0.08215028559281556,0.6350205507956368,-0.1443416742194978,-0.026375689445034895,0.6,0.36666666666666664,3.3,0.40317460317460324
S10_vol_lb30,10,vol_lb30,69,QQQ,4,84,2026-01-13,2026-05-13,30,0.14271084058394634,-0.01504169335076655,0.0,-0.6598750440223393,-0.10810467394921369,-0.1577525339347129,0.4,0.03333333333333333,2.6,0.2615079365079365
S10_vol_lb30,10,vol_lb30,70,QQQ,4,84,2026-03-09,2026-07-08,30,0.17335772209674505,0.09142931462834915,0.0,0.3597641365988031,-0.09583634054001287,-0.08192840746839591,0.4666666666666667,0.2,2.433333333333333,0.30634920634920637
S10_vol_lb30,10,vol_lb30,71,SOX,3,63,2026-05-04,2026-08-03,30,0.0992534755123633,0.038592170489935664,0.0,0.20572026492356832,-0.1268597488647068,-0.060661305022427635,0.36666666666666664,0.2,2.033333333333333,0.2857142857142857
S10_vol_lb30,10,vol_lb30,72,QQQ,5,105,2026-02-23,2026-07-23,30,0.15327972555028646,0.012010699181107391,-0.037788706172560915,-0.33508778103753767,-0.14122359620920652,-0.1412690263691791,0.3,0.13333333333333333,3.1,0.33111111111111113
S10_vol_lb30,10,vol_lb30,73,SOX,2,42,2025-11-05,2026-01-06,29,0.07647588901594649,0.026260446500156905,0.017641580609195406,0.7794843114414052,-0.09110003458040734,-0.05021544251578957,0.5172413793103449,0.3448275862068966,1.7586206896551724,0.3571428571428572
S10_vol_lb30,10,vol_lb30,74,QQQ,5,105,2025-11-26,2026-04-29,30,0.0797493151881632,0.044394972073343676,0.0,0.0857117298580907,-0.1214259962503126,-0.03535434311481952,0.4666666666666667,0.23333333333333334,2.8666666666666667,0.3152380952380952
S10_vol_lb30,10,vol_lb30,75,SOX,1,21,2025-11-28,2025-12-29,29,0.030421808300148623,-0.009303539616443882,0.0,-0.7233322647269121,-0.07129858921773606,-0.039725347916592504,0.27586206896551724,0.20689655172413793,0.8275862068965517,0.4663382594417077
S10_vol_lb30,10,vol_lb30,76,QQQ,4,84,2025-10-01,2026-01-30,30,0.03219429313126332,0.0004874005399111277,-0.01170924296882958,-0.32062215158062235,-0.08135559488710577,-0.03170689259135219,0.3,0.26666666666666666,2.2666666666666666,0.29960317460317465
S10_vol_lb30,10,vol_lb30,77,QQQ,4,84,2026-03-17,2026-07-16,30,0.17287447372802855,0.11769369630792616,0.012501216462242226,0.5905619801965452,-0.07208948096462989,-0.05518077742010239,0.5666666666666667,0.16666666666666666,2.2,0.24682539682539684
S10_vol_lb30,10,vol_lb30,78,SOX,6,126,2026-01-16,2026-07-20,30,0.5321400228942041,0.22787769510290762,0.13785287399129842,0.8999086961031979,-0.15902014181848848,-0.3042623277912965,0.6666666666666666,0.2,4.3,0.33095238095238094
S10_vol_lb30,10,vol_lb30,79,SOX,2,42,2025-11-19,2026-01-21,30,0.23806021804490118,0.14168352766999456,0.08935058148752362,1.6992272050797597,-0.08071720394267677,-0.0963766903749066,0.6333333333333333,0.26666666666666666,1.3333333333333333,0.5023809523809524
S10_vol_lb30,10,vol_lb30,80,SOX,5,105,2025-10-20,2026-03-20,30,0.13732583632036888,0.14207166726910594,0.12845482608221648,0.8032578338484065,-0.15400778124196374,0.004745830948737103,0.7,0.5,3.4,0.428888888888889
S10_vol_lb30,10,vol_lb30,81,QQQ,5,105,2026-03-09,2026-08-06,30,0.17865191986014217,0.05406370275875587,0.003484517747268323,0.2714076941007316,-0.11364949029476841,-0.1245882171013863,0.5333333333333333,0.16666666666666666,3.1,0.3342857142857143
S10_vol_lb30,10,vol_lb30,82,QQQ,1,21,2025-11-28,2025-12-29,30,0.003907757030757519,-0.001328919006804974,0.0,-0.1885684577189085,-0.03831008846079287,-0.005236676037562493,0.4,0.36666666666666664,1.0,0.46190476190476193
S10_vol_lb30,10,vol_lb30,83,QQQ,4,84,2026-01-16,2026-05-18,30,0.13763968099251334,0.03106577593416955,-6.968137915563943e-05,-0.24632340809548978,-0.10988216668017176,-0.10657390505834377,0.3333333333333333,0.16666666666666666,2.566666666666667,0.2365079365079365
S10_vol_lb30,10,vol_lb30,84,SOX,5,105,2025-10-20,2026-03-20,30,0.13732583632036888,0.08103278678333742,0.07054698154093142,0.40249456475641204,-0.16938800647293686,-0.05629304953703147,0.6,0.4,3.5,0.4193650793650795
S10_vol_lb30,10,vol_lb30,85,SOX,1,21,2025-12-04,2026-01-05,29,0.03998301396443127,0.03487392525243839,0.0047201116443793545,0.9998422157038046,-0.06929063501033364,-0.005109088711992882,0.5862068965517241,0.41379310344827586,0.8620689655172413,0.6518883415435139
S10_vol_lb30,10,vol_lb30,86,SOX,6,126,2025-11-17,2026-05-19,30,0.7554461131037531,0.26217063334718177,0.18933613639559332,0.871263632613852,-0.170683647221571,-0.4932754797565714,0.8,0.1,4.333333333333333,0.45238095238095244
S10_vol_lb30,10,vol_lb30,87,QQQ,5,105,2025-11-18,2026-04-21,30,0.08328496527670048,-0.015292501024698424,-0.01307763565945902,-0.4273137941365223,-0.09048992006203142,-0.09857746630139892,0.3,0.13333333333333333,2.933333333333333,0.24126984126984127
S10_vol_lb30,10,vol_lb30,88,SOX,4,84,2025-11-04,2026-03-06,30,0.09358005791133772,0.09656840020719475,0.03697172500305612,0.2882220924383276,-0.1560446468579194,0.0029883422958570196,0.5333333333333333,0.4666666666666667,3.033333333333333,0.4226190476190476
S10_vol_lb30,10,vol_lb30,89,SOX,6,126,2025-10-22,2026-04-23,30,0.5553382416156758,0.3258529218717958,0.18913183939566913,1.0760461943426185,-0.17379855072388214,-0.22948531974388003,0.6666666666666666,0.2,4.466666666666667,0.3756613756613757
S10_vol_lb30,10,vol_lb30,90,QQQ,3,63,2026-03-03,2026-06-01,30,0.23620562778575316,0.005274934202264081,-0.011426576822466006,-0.8306823742483153,-0.07368027789834634,-0.23093069358348906,0.23333333333333334,0.06666666666666667,1.7333333333333334,0.2634920634920635
S10_vol_lb30,10,vol_lb30,91,SOX,4,84,2025-11-12,2026-03-16,30,0.1289917680599746,0.11710707100141746,0.08388628942019472,0.4574801487577085,-0.1685697927183817,-0.011884697058557152,0.6,0.4666666666666667,2.7333333333333334,0.5079365079365079
S10_vol_lb30,10,vol_lb30,92,SOX,6,126,2025-10-23,2026-04-24,30,0.5892295681363808,0.24791903750431302,0.1253137453613702,0.9358432546499148,-0.17642142517208265,-0.34131053063206784,0.7,0.13333333333333333,4.133333333333334,0.36931216931216937
S10_vol_lb30,10,vol_lb30,93,SOX,2,42,2026-05-12,2026-07-13,30,0.07341791985696511,0.05075540843239263,0.0,0.07300802898735989,-0.10843509014778943,-0.022662511424572478,0.43333333333333335,0.23333333333333334,1.7666666666666666,0.34365079365079354
S10_vol_lb30,10,vol_lb30,94,SOX,4,84,2026-02-09,2026-06-09,30,0.5944846815618334,0.20350971697778195,0.13037052742543853,1.051285171474294,-0.13323574113842382,-0.3909749645840514,0.6333333333333333,0.1,2.966666666666667,0.3464285714285715
S10_vol_lb30,10,vol_lb30,95,QQQ,1,21,2026-03-26,2026-04-24,30,0.15700874965590783,0.013402675331515727,0.0,0.09950843614000107,-0.016332119407151176,-0.1436060743243921,0.13333333333333333,0.06666666666666667,0.7,0.1365079365079365
S10_vol_lb30,10,vol_lb30,96,SOX,1,21,2026-04-10,2026-05-08,30,0.3458354762118372,0.12738478089438834,0.07361401564917514,2.5225631232773145,-0.06006550271943556,-0.21845069531744887,0.5666666666666667,0.1,1.0,0.5126984126984128
S10_vol_lb30,10,vol_lb30,97,SOX,4,84,2026-03-31,2026-07-30,30,0.5358412748518986,0.2731906288151476,0.16416906770222262,1.3922661913435932,-0.14488133986934396,-0.262650646036751,0.7333333333333333,0.16666666666666666,2.8666666666666667,0.3551587301587302
S10_vol_lb30,10,vol_lb30,98,SOX,6,126,2025-12-08,2026-06-09,30,0.8010950688445959,0.3707407390636395,0.3551160300411912,1.168794123655448,-0.17751720751273403,-0.4303543297809564,0.8333333333333334,0.13333333333333333,4.033333333333333,0.5074074074074074
S10_vol_lb30,10,vol_lb30,99,QQQ,3,63,2026-04-16,2026-07-16,30,0.10343313323362535,0.11299325437919941,0.011908664026109683,1.0194942311252204,-0.06379632341567627,0.009560121145574052,0.5,0.3333333333333333,1.7666666666666666,0.2825396825396825
S11_vol_easy,11,vol_easy,0,SOX,6,126,2025-11-20,2026-05-22,30,1.008388067311781,0.17490603878518765,0.10587895014339033,0.9590691492868314,-0.11378707723629916,-0.8334820285265934,0.8,0.0,4.8,0.2563492063492064
S11_vol_easy,11,vol_easy,1,QQQ,5,105,2025-11-05,2026-04-08,30,-0.02509932769219203,-0.022856199491191713,-0.023343665150878823,-0.4314606030340912,-0.09472084225569113,0.002243128201000318,0.3,0.5,3.433333333333333,0.20126984126984127
S11_vol_easy,11,vol_easy,2,SOX,1,21,2026-02-02,2026-03-03,30,-0.05078112683366787,-0.0006726966718437606,0.0,-0.5763761504129177,-0.03639310768411539,0.050108430161824084,0.2,0.8,1.1,0.1984126984126984
S11_vol_easy,11,vol_easy,3,SOX,5,105,2025-11-21,2026-04-24,30,0.7079390965614893,0.21205182770950654,0.09029896162546236,1.3813416755313332,-0.09303880067280311,-0.4958872688519828,0.8,0.1,3.7666666666666666,0.2653968253968254
S11_vol_easy,11,vol_easy,4,SOX,6,126,2025-10-13,2026-04-14,30,0.4114348676478281,0.13944546421483917,0.030987689449981093,0.5204746662123035,-0.10155440073699834,-0.27198940343298894,0.5666666666666667,0.16666666666666666,3.7333333333333334,0.20317460317460317
S11_vol_easy,11,vol_easy,5,SOX,5,105,2025-11-06,2026-04-09,30,0.2753559739051541,0.07883628991891443,0.05641521623207113,0.5640205454015704,-0.11162241267124172,-0.19651968398623965,0.7,0.13333333333333333,4.2,0.20603174603174607
S11_vol_easy,11,vol_easy,6,QQQ,6,126,2025-10-02,2026-04-02,30,-0.03179266278202153,0.001611023039780716,-0.02125411741200839,-0.15326748854899025,-0.103309630431016,0.03340368582180225,0.36666666666666664,0.5333333333333333,4.333333333333333,0.20793650793650795
S11_vol_easy,11,vol_easy,7,SOX,5,105,2026-01-29,2026-06-30,30,0.7762556903794042,0.037556979595373095,0.0,0.34714519810135774,-0.09890029025311868,-0.7386987107840312,0.4,0.0,3.3,0.15333333333333335
S11_vol_easy,11,vol_easy,8,SOX,4,84,2026-01-02,2026-05-04,30,0.47389043541895925,0.1652652396985918,0.12156546845102456,1.4768952823992767,-0.10799021288551419,-0.30862519572036745,0.6666666666666666,0.1,4.333333333333333,0.26269841269841265
S11_vol_easy,11,vol_easy,9,QQQ,1,21,2026-01-14,2026-02-12,30,-0.030522095095239954,0.006125907421220108,0.0,0.04328338379099705,-0.023154094552305424,0.036648002516460075,0.3,0.8666666666666667,1.2,0.25873015873015864
S11_vol_easy,11,vol_easy,10,SOX,4,84,2026-03-04,2026-07-02,30,0.6599461705534195,0.0790887134566353,0.0,0.4287998614910157,-0.07437754700044988,-0.580857457096784,0.43333333333333335,0.0,2.533333333333333,0.13174603174603175
S11_vol_easy,11,vol_easy,11,SOX,3,63,2026-01-05,2026-04-06,30,0.08253790356176238,0.05956084466831466,0.03237109667382043,0.8613997239486353,-0.09049798903241042,-0.02297705889344773,0.5333333333333333,0.3,3.2,0.2603174603174603
S11_vol_easy,11,vol_easy,12,SOX,4,84,2025-11-07,2026-03-11,30,0.16377212969401955,0.0623366886418915,0.06166618357939402,0.4932382346389282,-0.1131547821009129,-0.10143544105212805,0.6,0.2,3.6,0.2722222222222222
S11_vol_easy,11,vol_easy,13,SOX,6,126,2025-10-16,2026-04-17,30,0.4415377396365705,0.13319989991694123,0.03981840408047188,0.6248169374619187,-0.08786917989256258,-0.30833783971962936,0.6,0.1,3.3333333333333335,0.2018518518518518
S11_vol_easy,11,vol_easy,14,QQQ,1,21,2026-03-26,2026-04-24,30,0.15700874965590783,0.01066310721016737,0.0,0.3150794360100593,-0.011017569104648331,-0.14634564244574047,0.16666666666666666,0.03333333333333333,0.5,0.1285714285714286
S11_vol_easy,11,vol_easy,15,SOX,4,84,2025-10-27,2026-02-26,30,0.17509455490523385,0.09258914637556889,0.007341552360983217,0.6592570773125116,-0.07608344780274559,-0.08250540852966495,0.5,0.26666666666666666,2.6666666666666665,0.20992063492063495
S11_vol_easy,11,vol_easy,16,QQQ,2,42,2026-05-14,2026-07-15,30,-0.0017521932976251042,0.01609124547912265,0.0,-0.09449472052834286,-0.05502135455352612,0.017843438776747753,0.3333333333333333,0.6333333333333333,1.7666666666666666,0.17936507936507937
S11_vol_easy,11,vol_easy,17,QQQ,1,21,2026-01-02,2026-02-02,30,0.02123573120472444,0.022202638664902817,0.0,0.32882293968853366,-0.040737496787795084,0.0009669074601783789,0.3333333333333333,0.23333333333333334,1.3333333333333333,0.3587301587301587
S11_vol_easy,11,vol_easy,18,SOX,6,126,2025-11-19,2026-05-21,30,0.8671305247977266,0.14846261455990092,0.10646191186454612,0.9180280847746952,-0.10057066982239708,-0.7186679102378258,0.7666666666666667,0.0,4.566666666666666,0.22380952380952382
S11_vol_easy,11,vol_easy,19,SOX,1,21,2026-02-03,2026-03-04,30,-0.011862109856238368,-0.0002364438631360118,0.0,-0.5464818136195649,-0.043789187350293475,0.011625665993102356,0.23333333333333334,0.7333333333333333,1.4333333333333333,0.26825396825396824
S11_vol_easy,11,vol_easy,20,QQQ,3,63,2026-02-03,2026-05-04,30,0.09279250161923835,0.02260693352857048,0.0,0.5668455361274803,-0.04519171757595486,-0.07018556809066787,0.43333333333333335,0.13333333333333333,2.4,0.19788359788359786
S11_vol_easy,11,vol_easy,21,SOX,5,105,2025-12-10,2026-05-12,30,0.6345727215055383,0.13399596174392506,0.07281631348616158,0.852042662556146,-0.11298035709813163,-0.5005767597616133,0.7,0.03333333333333333,4.633333333333334,0.2841269841269841
S11_vol_easy,11,vol_easy,22,QQQ,1,21,2025-09-29,2025-10-27,30,0.04903727696574478,0.022043428624650706,0.0,0.9428181735421375,-0.016792807414499202,-0.026993848341094074,0.36666666666666664,0.16666666666666666,0.6333333333333333,0.2555555555555556
S11_vol_easy,11,vol_easy,23,SOX,5,105,2026-02-02,2026-07-02,30,0.6074683472812843,0.01681763231098827,0.0,0.17689030622754992,-0.08137111680700905,-0.5906507149702961,0.23333333333333334,0.03333333333333333,2.566666666666667,0.13777777777777775
S11_vol_easy,11,vol_easy,24,SOX,4,84,2025-10-15,2026-02-13,30,0.2348060207168361,0.08671579232162245,0.0,0.5493398230127057,-0.07477927813424107,-0.14809022839521363,0.4666666666666667,0.13333333333333333,2.7,0.20277777777777783
S11_vol_easy,11,vol_easy,25,QQQ,4,84,2026-02-06,2026-06-08,30,0.17604016306712622,0.054242712001213875,0.0,0.37209856784406165,-0.07319734226803003,-0.12179745106591237,0.36666666666666664,0.13333333333333333,2.3666666666666667,0.16706349206349205
S11_vol_easy,11,vol_easy,26,QQQ,5,105,2025-10-15,2026-03-17,30,0.003100745071922928,0.00837345509098842,-0.00019999999999997797,-0.18485065663143868,-0.07366909213801041,0.005272710019065493,0.36666666666666664,0.36666666666666664,3.7,0.23460317460317456
S11_vol_easy,11,vol_easy,27,SOX,3,63,2025-11-04,2026-02-04,30,0.11680304547789455,0.07223369796298058,0.05109618469202959,0.7482563176625009,-0.08527890837887207,-0.04456934751491397,0.5666666666666667,0.3333333333333333,2.3333333333333335,0.2904761904761904
S11_vol_easy,11,vol_easy,28,SOX,5,105,2026-02-12,2026-07-15,30,0.5814393888363869,0.03295283678102731,0.0,0.08199033422461839,-0.08477081599233152,-0.5484865520553596,0.26666666666666666,0.06666666666666667,2.1333333333333333,0.11968253968253967
S11_vol_easy,11,vol_easy,29,SOX,1,21,2025-11-24,2025-12-23,29,0.08032119038801167,-0.004680950550073387,0.0,0.10693074459979612,-0.04910366322413677,-0.08500214093808506,0.27586206896551724,0.06896551724137931,0.8275862068965517,0.29064039408867
S11_vol_easy,11,vol_easy,30,QQQ,1,21,2026-02-25,2026-03-25,30,-0.04559705250576296,-0.016361142235779787,0.0,-1.2967417759954771,-0.02588385396150534,0.02923591026998317,0.1,0.8333333333333334,1.0,0.17142857142857143
S11_vol_easy,11,vol_easy,31,QQQ,6,126,2025-11-26,2026-05-29,30,0.20499678287027012,0.003256747249426051,0.0,-0.2358109861079064,-0.09613539455066707,-0.20174003562084408,0.43333333333333335,0.06666666666666667,3.7666666666666666,0.19735449735449734
S11_vol_easy,11,vol_easy,32,SOX,4,84,2025-11-24,2026-03-26,30,0.16566928697543415,0.07538095151305528,0.03483492306583735,0.457224327199875,-0.0896768887081775,-0.09028833546237887,0.5666666666666667,0.2,3.066666666666667,0.23373015873015873
S11_vol_easy,11,vol_easy,33,QQQ,3,63,2025-10-30,2026-01-30,30,-0.005397033798756556,-0.006372263394842814,0.0,-0.09894404082643313,-0.07469292032140722,-0.0009752295960862578,0.3333333333333333,0.5333333333333333,2.566666666666667,0.2777777777777778
S11_vol_easy,11,vol_easy,34,SOX,6,126,2026-01-08,2026-07-10,30,0.8210602431107561,0.09697180734882892,0.049790331882827665,0.6298426806338165,-0.0938006441837122,-0.7240884357619269,0.6,0.0,3.5,0.1595238095238095
S11_vol_easy,11,vol_easy,35,SOX,1,21,2025-11-14,2025-12-15,29,0.032892122034761107,-0.018369676186755987,0.0,-0.9774008038856119,-0.041077282388996675,-0.051261798221517094,0.1724137931034483,0.034482758620689655,0.9655172413793104,0.17569786535303772
S11_vol_easy,11,vol_easy,36,QQQ,2,42,2025-10-31,2025-12-31,30,-0.022205003480319507,-0.015616349813594377,0.0,-0.46336972278176086,-0.03724953192582244,0.006588653666725131,0.13333333333333333,0.7666666666666667,1.1,0.16428571428571428
S11_vol_easy,11,vol_easy,37,SOX,5,105,2025-10-10,2026-03-12,30,0.21575729201479388,0.09717454425206502,0.011031406465114468,0.2780601066674372,-0.11021114237905488,-0.11858274776272885,0.5,0.23333333333333334,3.3,0.2536507936507936
S11_vol_easy,11,vol_easy,38,QQQ,6,126,2025-10-23,2026-04-24,30,0.09006759679818166,0.000167938380177457,-0.004521531459785066,-0.1840814366005265,-0.10135174506144762,-0.08989965841800422,0.3,0.16666666666666666,3.7333333333333334,0.1902116402116402
S11_vol_easy,11,vol_easy,39,SOX,1,21,2026-06-17,2026-07-17,30,-0.12992510871184704,-0.020395515362673824,0.0,-0.5383893252154675,-0.04025890891403675,0.10952959334917324,0.0,0.9666666666666667,0.6333333333333333,0.10793650793650794
S11_vol_easy,11,vol_easy,40,SOX,3,63,2026-03-20,2026-06-18,30,0.9240131575020727,0.1101408400536639,0.0,0.8765481478405763,-0.06623740252106937,-0.8138723174484088,0.43333333333333335,0.0,2.0,0.16507936507936508
S11_vol_easy,11,vol_easy,41,QQQ,2,42,2026-04-09,2026-06-08,30,0.17351965111678624,0.03923974700089818,0.0,0.5156546076843327,-0.04144775182078777,-0.13427990411588808,0.36666666666666664,0.13333333333333333,1.3666666666666667,0.16904761904761903
S11_vol_easy,11,vol_easy,42,QQQ,6,126,2025-10-03,2026-04-06,30,-0.021848802649866217,-0.024128789245275065,-0.014658667629340594,-0.41352931790643926,-0.09915534923439959,-0.002279986595408849,0.3,0.5666666666666667,3.433333333333333,0.21798941798941798
S11_vol_easy,11,vol_easy,43,SOX,2,42,2025-12-11,2026-02-11,30,0.14691521654647244,0.1205908276103837,0.018752101382497943,1.2644241805098098,-0.07045225988204365,-0.02632438893608875,0.5333333333333333,0.36666666666666664,1.9,0.47380952380952374
S11_vol_easy,11,vol_easy,44,QQQ,3,63,2025-12-22,2026-03-24,30,-0.05570593241656796,0.0076026917193832665,-0.0016715871098818003,-0.11573780848753842,-0.07495026173327114,0.06330862413595123,0.3,0.8333333333333334,2.3333333333333335,0.291005291005291
S11_vol_easy,11,vol_easy,45,QQQ,2,42,2026-06-02,2026-07-31,30,-0.07694585463980541,0.011064233905742052,0.0,0.16058181753514678,-0.05686232753323284,0.08801008854554747,0.43333333333333335,0.8333333333333334,2.1333333333333333,0.2888888888888889
S11_vol_easy,11,vol_easy,46,QQQ,2,42,2025-11-18,2026-01-20,30,0.02101837753300506,0.01061255850591195,-0.004802461299724947,-0.4962185717722557,-0.05181935910396584,-0.010405819027093111,0.26666666666666666,0.26666666666666666,1.6666666666666667,0.30634920634920626
S11_vol_easy,11,vol_easy,47,QQQ,4,84,2026-01-13,2026-05-13,30,0.14271084058394634,-0.005883527720258501,0.0,-0.5750722892759482,-0.0652046192657962,-0.14859436830420486,0.3,0.1,2.8,0.1285714285714286
S11_vol_easy,11,vol_easy,48,SOX,5,105,2025-10-31,2026-04-02,30,0.11015210491646199,0.11288588483828801,0.07229290560220292,0.8369603565650885,-0.08175668039742505,0.0027337799218260074,0.6666666666666666,0.4,3.433333333333333,0.213015873015873
S11_vol_easy,11,vol_easy,49,QQQ,5,105,2026-01-07,2026-06-08,30,0.14895812295462885,0.020213902141887608,0.0,0.039059722445111154,-0.07959835883208918,-0.12874422081274126,0.4,0.13333333333333333,2.933333333333333,0.1387301587301587
S11_vol_easy,11,vol_easy,50,SOX,5,105,2025-11-17,2026-04-20,30,0.47559394241639996,0.11273182753794521,0.07380567874251787,0.7937584359588475,-0.10085880420315145,-0.36286211487845477,0.7666666666666667,0.06666666666666667,3.966666666666667,0.2438095238095238
S11_vol_easy,11,vol_easy,51,SOX,1,21,2026-07-06,2026-08-03,30,-0.12696259023916134,-0.010632026734147948,0.0,-0.027644845184393443,-0.01712037301348247,0.11633056350501339,0.1,0.9666666666666667,0.36666666666666664,0.06031746031746031
S11_vol_easy,11,vol_easy,52,SOX,2,42,2026-04-15,2026-06-12,30,0.48372567543070155,0.10772642953236293,0.0,1.0513762674079734,-0.05701371857328936,-0.3759992458983386,0.4,0.03333333333333333,1.2,0.19523809523809527
S11_vol_easy,11,vol_easy,53,SOX,1,21,2025-12-29,2026-01-28,30,0.18059730913704675,0.12564072980584695,0.08955702995735737,2.9046491950278726,-0.029760843212871323,-0.05495657933119981,0.5666666666666667,0.26666666666666666,1.1,0.45396825396825397
S11_vol_easy,11,vol_easy,54,QQQ,2,42,2026-03-19,2026-05-18,30,0.1918147987362624,0.004226259566051068,0.0,-0.035293246502432415,-0.047551241152883436,-0.18758853917021134,0.26666666666666666,0.06666666666666667,1.2666666666666666,0.15793650793650793
S11_vol_easy,11,vol_easy,55,QQQ,1,21,2025-11-25,2025-12-24,30,0.02602088363013677,-0.002920246678042626,0.0,-0.16080823244728878,-0.035554308669838816,-0.028941130308179398,0.26666666666666666,0.13333333333333333,0.6666666666666666,0.31587301587301586
S11_vol_easy,11,vol_easy,56,QQQ,5,105,2025-12-15,2026-05-15,30,0.16411449668003852,0.0024236148928658144,-0.004640056405935511,-0.24409713704975639,-0.07198183213546419,-0.16169088178717275,0.3,0.06666666666666667,3.1333333333333333,0.1761904761904762
S11_vol_easy,11,vol_easy,57,QQQ,1,21,2025-12-26,2026-01-27,30,0.011604537674297255,-0.006762434357697489,0.0,-0.6160291501164511,-0.04054299411086238,-0.018366972031994742,0.23333333333333334,0.23333333333333334,1.0333333333333334,0.36666666666666664
S11_vol_easy,11,vol_easy,58,QQQ,6,126,2025-11-06,2026-05-08,30,0.1657335623806162,-0.019490770009416233,-0.047553852897514015,-0.45295682156417005,-0.09564866215195915,-0.18522433239003241,0.3,0.06666666666666667,4.0,0.1981481481481481
S11_vol_easy,11,vol_easy,59,SOX,5,105,2026-02-11,2026-07-14,30,0.57840007029586,0.03247456817224451,0.0,0.09997172540972331,-0.07106934500511745,-0.5459255021236156,0.26666666666666666,0.06666666666666667,2.1,0.11904761904761904
S11_vol_easy,11,vol_easy,60,QQQ,4,84,2025-11-21,2026-03-25,30,-0.001271837219785188,-0.012039192721379152,-0.007753191537162252,-0.19080277562750225,-0.08404599112898642,-0.010767355501593964,0.36666666666666664,0.5,2.433333333333333,0.27976190476190477
S11_vol_easy,11,vol_easy,61,QQQ,1,21,2026-04-15,2026-05-13,30,0.12128965006463943,0.02548027192944091,0.0,0.5708812191200371,-0.02555990280877723,-0.0958093781351985,0.3333333333333333,0.06666666666666667,1.0,0.24126984126984127
S11_vol_easy,11,vol_easy,62,QQQ,4,84,2026-02-18,2026-06-17,30,0.19417781446215843,0.012747254093465832,0.0,-0.2033796630704917,-0.0770299146094597,-0.1814305603686926,0.3333333333333333,0.06666666666666667,2.2333333333333334,0.14365079365079364
S11_vol_easy,11,vol_easy,63,SOX,4,84,2026-01-21,2026-05-20,30,0.4954631322399172,0.06608263647284893,0.0,0.6133051729185948,-0.08642220733519754,-0.4293804957670683,0.4666666666666667,0.03333333333333333,3.3,0.1619047619047619
S11_vol_easy,11,vol_easy,64,SOX,1,21,2025-10-07,2025-11-04,29,0.050902653315184176,-0.004639394027192478,0.0,-0.9319900387725443,-0.029412418650639104,-0.05554204734237665,0.1724137931034483,0.06896551724137931,1.0,0.12643678160919541
S11_vol_easy,11,vol_easy,65,SOX,2,42,2026-04-28,2026-06-26,30,0.34535375402277113,0.12972858342766766,0.006817174112877522,1.0343998805322205,-0.044668920842376815,-0.2156251705951035,0.5,0.13333333333333333,1.2666666666666666,0.18174603174603174
S11_vol_easy,11,vol_easy,66,SOX,5,105,2025-11-26,2026-04-29,30,0.5475029887947236,0.13546748228540126,0.09247314409184659,0.8035993718189657,-0.1068975990268656,-0.4120355065093223,0.7666666666666667,0.03333333333333333,4.066666666666666,0.2517460317460317
S11_vol_easy,11,vol_easy,67,SOX,5,105,2025-11-11,2026-04-14,30,0.3622750263869938,0.10152470535851651,0.058178494572533324,0.5192318142282638,-0.10749742592651482,-0.2607503210284773,0.6333333333333333,0.1,4.166666666666667,0.2501587301587302
S11_vol_easy,11,vol_easy,68,SOX,3,63,2026-01-13,2026-04-14,30,0.2045822109343749,0.06342234224613982,0.0,0.538631747354746,-0.07557142989222164,-0.1411598686882351,0.43333333333333335,0.1,2.7666666666666666,0.21693121693121692
S11_vol_easy,11,vol_easy,69,QQQ,1,21,2026-04-14,2026-05-12,30,0.12510347332089378,0.04292462183990085,0.0,0.7094344811073457,-0.021960501780705514,-0.08217885148099292,0.26666666666666666,0.13333333333333333,0.7,0.24603174603174605
S11_vol_easy,11,vol_easy,70,QQQ,4,84,2025-11-14,2026-03-18,30,-0.021669026333560604,-0.008072612229110905,-0.03386947816576247,-0.5027614187081987,-0.07432002087413708,0.013596414104449698,0.23333333333333334,0.4666666666666667,2.966666666666667,0.24285714285714283
S11_vol_easy,11,vol_easy,71,QQQ,1,21,2026-02-12,2026-03-13,30,-0.011521125509589614,-0.0036414813364250525,0.0,0.11947784691804862,-0.011007782888209364,0.00787964417316456,0.06666666666666667,0.9,0.43333333333333335,0.1015873015873016
S11_vol_easy,11,vol_easy,72,SOX,3,63,2026-03-23,2026-06-22,30,0.9469415590105574,0.18092263435270745,0.12387168075519905,1.510055393825622,-0.07785428224067907,-0.7660189246578502,0.6333333333333333,0.03333333333333333,2.3,0.2613756613756614
S11_vol_easy,11,vol_easy,73,SOX,6,126,2025-11-26,2026-05-29,30,0.9570503950794977,0.1574543788230428,0.11374048613684418,0.7832983482149009,-0.12103461415913586,-0.799596016256455,0.7333333333333333,0.0,4.433333333333334,0.2632275132275132
S11_vol_easy,11,vol_easy,74,QQQ,1,21,2025-10-27,2025-11-24,30,-0.03650761481125453,-0.005318085288077764,0.0,-0.053100549184574526,-0.024183480551435033,0.031189529523176766,0.16666666666666666,0.8333333333333334,0.6,0.2031746031746032
S11_vol_easy,11,vol_easy,75,SOX,5,105,2025-12-10,2026-05-12,30,0.6345727215055383,0.16134829130459197,0.09712648369528665,0.9832171694939716,-0.10243554620917825,-0.4732244302009463,0.7,0.06666666666666667,4.466666666666667,0.2993650793650794
S11_vol_easy,11,vol_easy,76,QQQ,2,42,2026-02-02,2026-04-01,30,-0.06562950925261513,-0.016520452382410195,0.0,-0.7302362904908398,-0.03786178535798799,0.04910905687020493,0.13333333333333333,0.8666666666666667,1.4,0.14444444444444443
S11_vol_easy,11,vol_easy,77,QQQ,2,42,2026-04-01,2026-06-01,30,0.2711403511890731,0.05039389341400034,0.0,0.4180615754481763,-0.04905104553843989,-0.22074645777507274,0.4,0.1,1.5,0.19920634920634922
S11_vol_easy,11,vol_easy,78,QQQ,2,42,2025-12-10,2026-02-10,30,-0.02446136726173731,-0.017203164696000552,0.0,-0.6745965618697046,-0.04957548391623964,0.007258202565736756,0.16666666666666666,0.5666666666666667,1.3666666666666667,0.2523809523809524
S11_vol_easy,11,vol_easy,79,QQQ,4,84,2026-01-29,2026-05-29,30,0.17446101571622186,0.034268725177011676,0.0,0.2608350330667784,-0.055985426249626186,-0.1401922905392102,0.36666666666666664,0.1,2.4,0.12261904761904761
S11_vol_easy,11,vol_easy,80,QQQ,6,126,2025-11-12,2026-05-14,30,0.16188901936749156,0.005125437054954422,-0.04619626101337493,-0.3704710343078896,-0.08234999863482269,-0.15676358231253712,0.3,0.16666666666666666,3.3666666666666667,0.16613756613756614
S11_vol_easy,11,vol_easy,81,QQQ,5,105,2025-12-29,2026-05-29,30,0.1906533570757316,0.06919526366616467,0.05303716653093027,0.41941639970115757,-0.09818987403997266,-0.12145809340956695,0.6333333333333333,0.1,3.566666666666667,0.25301587301587297
S11_vol_easy,11,vol_easy,82,SOX,5,105,2026-02-09,2026-07-10,30,0.6497275864735734,0.05040928635944882,0.0,0.11927482461180199,-0.07521986787502627,-0.5993183001141247,0.36666666666666664,0.03333333333333333,2.7,0.11714285714285713
S11_vol_easy,11,vol_easy,83,QQQ,6,126,2025-11-28,2026-06-01,30,0.20247825968248878,0.026628235388326132,0.0012104646386089657,0.12084229761853181,-0.08155651363483664,-0.17585002429416266,0.5,0.06666666666666667,3.3,0.18624338624338624
S11_vol_easy,11,vol_easy,84,SOX,6,126,2025-12-12,2026-06-15,30,1.1038384205343448,0.18315570822363816,0.07857611902492745,0.6422964382060605,-0.11359621796505154,-0.9206827123107065,0.6333333333333333,0.0,4.366666666666666,0.26560846560846557
S11_vol_easy,11,vol_easy,85,SOX,5,105,2025-10-07,2026-03-09,30,0.19493029021523411,0.04297355725898568,-0.0006242284843085422,-0.3467587775895626,-0.11591222793779457,-0.15195673295624842,0.4,0.16666666666666666,4.166666666666667,0.20190476190476186
S11_vol_easy,11,vol_easy,86,SOX,1,21,2026-06-12,2026-07-14,30,-0.04706132724204226,-0.010940882339782639,0.0,-0.17056556963744268,-0.03148978412948507,0.036120444902259616,0.06666666666666667,0.8666666666666667,0.4,0.10952380952380954
S11_vol_easy,11,vol_easy,87,SOX,3,63,2025-11-24,2026-02-25,30,0.3036404809673894,0.16261824758218732,0.06833763230194412,1.5552272367150588,-0.07940034099161696,-0.14102223338520212,0.7,0.26666666666666666,2.3,0.380952380952381
S11_vol_easy,11,vol_easy,88,QQQ,1,21,2026-04-14,2026-05-12,30,0.12510347332089378,0.023998798884316375,0.0,0.5622475000548294,-0.02821904446887347,-0.10110467443657739,0.3333333333333333,0.06666666666666667,0.6666666666666666,0.22222222222222224
S11_vol_easy,11,vol_easy,89,QQQ,3,63,2025-11-25,2026-02-26,30,0.0018639307418990558,0.003622695956071579,0.0,-0.13402410242736007,-0.05143569372114503,0.0017587652141725233,0.26666666666666666,0.26666666666666666,1.6666666666666667,0.1841269841269841
S11_vol_easy,11,vol_easy,90,QQQ,2,42,2025-11-07,2026-01-08,30,0.01890869284480634,-0.011576347768516642,0.0,-0.33196618493722946,-0.03989769160095659,-0.03048504061332298,0.23333333333333334,0.2,1.1,0.21904761904761905
S11_vol_easy,11,vol_easy,91,QQQ,2,42,2025-12-01,2026-01-30,30,0.00891362624308778,0.009764740001803884,0.0,-0.07722062360080748,-0.03732796157632625,0.0008511137587161044,0.23333333333333334,0.2,1.2666666666666666,0.2579365079365079
S11_vol_easy,11,vol_easy,92,QQQ,4,84,2025-12-16,2026-04-17,30,0.06335134243114204,0.0018388249212573351,-0.004164239464374497,-0.1864461141277838,-0.09361851115053235,-0.061512517509884714,0.4,0.23333333333333334,2.8,0.24444444444444444
S11_vol_easy,11,vol_easy,93,QQQ,1,21,2025-12-23,2026-01-23,30,0.0009805638689701635,-0.004580463543753862,0.0,-0.14808141861645266,-0.03901616450926813,-0.005561027412724026,0.3333333333333333,0.3333333333333333,1.1,0.41746031746031753
S11_vol_easy,11,vol_easy,94,SOX,5,105,2026-01-02,2026-06-03,30,0.9639112178873173,0.2054911085392264,0.14892184817999832,1.5438642532064233,-0.10207022291786834,-0.7584201093480909,0.7666666666666667,0.03333333333333333,4.533333333333333,0.22
S11_vol_easy,11,vol_easy,95,QQQ,1,21,2025-12-12,2026-01-13,30,0.021881386979544004,-0.003308876276190949,0.0,-0.2244585774846672,-0.03024266181542073,-0.025190263255734955,0.26666666666666666,0.13333333333333333,0.8666666666666667,0.3682539682539682
S11_vol_easy,11,vol_easy,96,SOX,6,126,2025-11-25,2026-05-28,30,1.012327159108564,0.15816944673446995,0.09152838545660558,0.7330373742988718,-0.10912186762027046,-0.8541577123740942,0.6666666666666666,0.0,4.033333333333333,0.24999999999999997
S11_vol_easy,11,vol_easy,97,SOX,5,105,2026-02-02,2026-07-02,30,0.6074683472812843,0.031833564583141495,0.0,0.1649336989628802,-0.08249820372725543,-0.5756347826981429,0.3333333333333333,0.03333333333333333,2.6666666666666665,0.12126984126984126
S11_vol_easy,11,vol_easy,98,QQQ,6,126,2026-01-27,2026-07-28,30,0.07281383665783747,0.06066486032302358,0.012191283615588633,0.3077972604690783,-0.09147939040191291,-0.012148976334813887,0.5333333333333333,0.3333333333333333,3.566666666666667,0.15661375661375662
S11_vol_easy,11,vol_easy,99,SOX,2,42,2026-04-28,2026-06-26,30,0.34535375402277113,0.14182145348533629,0.01447414462715968,1.053877661071729,-0.045839601470014125,-0.20353230053743482,0.5,0.13333333333333333,1.2666666666666666,0.18571428571428575
S12_vol_mid_strict,12,vol_mid_strict,0,SOX,6,126,2025-12-16,2026-06-17,30,1.026956148452106,0.3537127423301251,0.25930225095078574,1.1483493205474067,-0.15679765429018705,-0.6732434061219809,0.8,0.06666666666666667,4.333333333333333,0.41851851851851857
S12_vol_mid_strict,12,vol_mid_strict,1,SOX,4,84,2025-10-01,2026-01-30,30,0.25500240533524954,0.1319014539198057,0.08388119987716114,0.8629669129613046,-0.12270596612138297,-0.1231009514154438,0.6,0.2,3.033333333333333,0.4634920634920635
S12_vol_mid_strict,12,vol_mid_strict,2,SOX,1,21,2026-07-07,2026-08-04,30,-0.01718352775435128,-0.004179375375266529,0.0,-0.5633494804034339,-0.01666043634771343,0.013004152379084751,0.1,0.8666666666666667,0.5666666666666667,0.07460317460317459
S12_vol_mid_strict,12,vol_mid_strict,3,SOX,6,126,2025-12-04,2026-06-05,30,0.766011266484566,0.3921520129255531,0.3493214612110501,1.3894941656784658,-0.16629960681409978,-0.3738592535590131,0.8666666666666667,0.16666666666666666,3.933333333333333,0.5108465608465609
S12_vol_mid_strict,12,vol_mid_strict,4,SOX,3,63,2026-01-22,2026-04-22,30,0.23909709873111384,0.10760631650349166,0.062183032331243226,1.1151383606722667,-0.10601522607064624,-0.1314907822276222,0.6333333333333333,0.23333333333333334,2.2333333333333334,0.3444444444444444
S12_vol_mid_strict,12,vol_mid_strict,5,SOX,5,105,2025-10-02,2026-03-04,30,0.21424413041310686,0.166935921999956,0.08761926021011113,0.5524858802938873,-0.15123285038468254,-0.04730820841315089,0.6,0.3333333333333333,4.333333333333333,0.4698412698412699
S12_vol_mid_strict,12,vol_mid_strict,6,QQQ,2,42,2026-02-18,2026-04-17,30,0.07243117293953083,-0.027523876580802915,-0.007540734158094364,-0.7365726346089569,-0.06899484331858176,-0.09995504952033378,0.16666666666666666,0.06666666666666667,1.5333333333333334,0.273015873015873
S12_vol_mid_strict,12,vol_mid_strict,7,SOX,4,84,2025-10-02,2026-02-02,30,0.25388465521275094,0.13677533545698184,0.04107267199988929,0.6055098346901425,-0.13872943527946838,-0.11710931975576913,0.5666666666666667,0.2,2.966666666666667,0.46309523809523806
S12_vol_mid_strict,12,vol_mid_strict,8,SOX,3,63,2026-01-26,2026-04-24,30,0.34632694846343504,0.2125682097864909,0.07278159352041946,1.568674647742204,-0.11559500619427485,-0.13375873867694416,0.6,0.3333333333333333,2.3666666666666667,0.40317460317460313
S12_vol_mid_strict,12,vol_mid_strict,9,SOX,1,21,2026-05-18,2026-06-16,30,0.19289480249807944,0.07796813742109565,0.00030468838284003485,1.151547946325994,-0.05804777409932672,-0.11492666507698379,0.5,0.13333333333333333,1.1333333333333333,0.311111111111111
S12_vol_mid_strict,12,vol_mid_strict,10,QQQ,4,84,2026-03-09,2026-07-08,30,0.17335772209674505,0.024203913748536143,0.0,0.12151565050093398,-0.098118199858466,-0.1491538083482089,0.4666666666666667,0.13333333333333333,2.5,0.28928571428571426
S12_vol_mid_strict,12,vol_mid_strict,11,SOX,6,126,2025-12-01,2026-06-02,30,1.0418959983100886,0.4136903832142228,0.25761246702147844,1.4990025828740565,-0.1693049622912805,-0.6282056150958658,0.9,0.06666666666666667,3.933333333333333,0.5277777777777778
S12_vol_mid_strict,12,vol_mid_strict,12,SOX,2,42,2026-03-12,2026-05-11,30,0.6144893277788634,0.21357236583402778,0.10637077477396217,2.115436866711343,-0.06790057869961284,-0.40091696194483556,0.7333333333333333,0.13333333333333333,1.5666666666666667,0.36428571428571427
S12_vol_mid_strict,12,vol_mid_strict,13,QQQ,4,84,2025-10-01,2026-01-30,30,0.03219429313126332,-0.0004773761189734345,-0.019050404319835457,-0.258416192101128,-0.09630982049683702,-0.032671669250236755,0.3,0.3,2.8666666666666667,0.3293650793650793
S12_vol_mid_strict,12,vol_mid_strict,14,QQQ,3,63,2025-12-17,2026-03-19,30,-0.011035560024343694,0.04709409800765329,0.0022577064747202336,0.30823444434626207,-0.09101895540191564,0.058129658031996996,0.5,0.6666666666666666,2.3666666666666667,0.45767195767195756
S12_vol_mid_strict,12,vol_mid_strict,15,SOX,3,63,2026-03-31,2026-06-30,30,0.9505394578193211,0.3024109485265298,0.16981674530439328,1.863771704748649,-0.10352455149991965,-0.6481285092927913,0.6333333333333333,0.1,2.033333333333333,0.40264550264550264
S12_vol_mid_strict,12,vol_mid_strict,16,SOX,3,63,2025-12-04,2026-03-06,30,0.05780336715889267,0.14264994699599318,0.13562424832625808,0.6244315218355687,-0.13706666602372142,0.08484657983710049,0.6333333333333333,0.5666666666666667,1.8333333333333333,0.6142857142857143
S12_vol_mid_strict,12,vol_mid_strict,17,SOX,5,105,2026-02-13,2026-07-16,30,0.49743117954177984,0.14945450073769354,0.06366243390380899,0.5158837407244931,-0.16469255928604815,-0.3479766788040862,0.5666666666666667,0.13333333333333333,3.8,0.3263492063492064
S12_vol_mid_strict,12,vol_mid_strict,18,SOX,4,84,2026-01-09,2026-05-11,30,0.6214131198358626,0.31065683457567034,0.22550603414865322,1.8260532417150017,-0.1564993996378617,-0.3107562852601923,0.8666666666666667,0.13333333333333333,3.7666666666666666,0.4773809523809524
S12_vol_mid_strict,12,vol_mid_strict,19,SOX,3,63,2025-12-12,2026-03-16,30,0.12970791830224648,0.11256673524570152,0.025086615054879746,0.15632036512358174,-0.1313234398923912,-0.017141183056544943,0.5,0.3333333333333333,2.5,0.5238095238095238
S12_vol_mid_strict,12,vol_mid_strict,20,QQQ,3,63,2025-12-24,2026-03-26,30,-0.07920202683012256,-0.00786546661538717,0.0,-0.46152112394515504,-0.07375779548223375,0.07133656021473538,0.23333333333333334,0.8,1.5,0.26825396825396824
S12_vol_mid_strict,12,vol_mid_strict,21,QQQ,1,21,2025-10-31,2025-12-01,30,-0.01891681237786258,-0.0037046831448082924,0.0,0.12076256252379677,-0.029278511178646955,0.015212129233054287,0.3,0.8,0.7666666666666667,0.33809523809523806
S12_vol_mid_strict,12,vol_mid_strict,22,QQQ,6,126,2026-01-20,2026-07-21,30,0.16870703221565742,0.10060635855907722,0.03705133873783395,0.45097662524980436,-0.11691283249680584,-0.0681006736565802,0.6,0.26666666666666666,4.133333333333334,0.3037719747397167
S12_vol_mid_strict,12,vol_mid_strict,23,SOX,4,84,2025-12-26,2026-04-28,30,0.4343886284916416,0.18067495022168034,0.08131914852990851,1.0075237480015447,-0.16073786084137429,-0.2537136782699612,0.7333333333333333,0.2,3.3,0.45357142857142857
S12_vol_mid_strict,12,vol_mid_strict,24,QQQ,5,105,2026-01-07,2026-06-08,30,0.14895812295462885,0.012465230888638117,0.0,-0.17971747706351168,-0.12691250874187318,-0.13649289206599075,0.43333333333333335,0.16666666666666666,3.566666666666667,0.25936507936507935
S12_vol_mid_strict,12,vol_mid_strict,25,SOX,4,84,2026-02-17,2026-06-16,30,0.6715198074699273,0.212133368403365,0.09310355547736548,0.7600595960832492,-0.1578781225396426,-0.4593864390665624,0.6,0.1,3.3,0.3984126984126985
S12_vol_mid_strict,12,vol_mid_strict,26,SOX,4,84,2026-03-25,2026-07-24,30,0.5271840224723114,0.20179805847811172,0.15679885963409812,1.3373527994714474,-0.11858102418058489,-0.3253859639941997,0.7,0.1,2.1,0.3575396825396826
S12_vol_mid_strict,12,vol_mid_strict,27,QQQ,1,21,2025-12-01,2025-12-30,30,0.004954981244501111,0.0027986337476912483,0.0,0.3713965050687423,-0.025320122530420718,-0.0021563474968098626,0.26666666666666666,0.26666666666666666,0.6,0.41269841269841273
S12_vol_mid_strict,12,vol_mid_strict,28,QQQ,6,126,2026-01-05,2026-07-07,30,0.1506742303165851,0.0732152831509861,0.012360519044415152,0.29180368246704336,-0.14587605408851737,-0.07745894716559902,0.5666666666666667,0.26666666666666666,4.166666666666667,0.3251322751322751
S12_vol_mid_strict,12,vol_mid_strict,29,QQQ,3,63,2026-05-05,2026-08-04,30,0.06313795697250413,0.0702229217823278,0.047513899274735816,0.6906371169926285,-0.09567490121796075,0.0070849648098236795,0.6,0.36666666666666664,2.6333333333333333,0.3550264550264551
S12_vol_mid_strict,12,vol_mid_strict,30,SOX,1,21,2026-02-10,2026-03-11,30,-0.026577169679215307,-0.015990651786207708,0.0,-0.9851382958929343,-0.08064429588860506,0.0105865178930076,0.16666666666666666,0.6333333333333333,1.2666666666666666,0.42380952380952386
S12_vol_mid_strict,12,vol_mid_strict,31,QQQ,1,21,2025-12-09,2026-01-08,30,-0.006048386306410247,0.01204464418146754,0.0,0.014942740138363735,-0.03601034923854448,0.01809303048787779,0.36666666666666664,0.7666666666666667,0.8333333333333334,0.4
S12_vol_mid_strict,12,vol_mid_strict,32,QQQ,4,84,2026-03-20,2026-07-21,30,0.2209119901753267,0.09304674072589529,0.04496011641638631,0.617691237791136,-0.11257545088529577,-0.1278652494494314,0.7,0.23333333333333334,2.7333333333333334,0.37064459930313587
S12_vol_mid_strict,12,vol_mid_strict,33,SOX,3,63,2026-04-08,2026-07-08,30,0.5180802779143825,0.21010330414746645,0.11598252443712032,1.5400214597721236,-0.1261075129219888,-0.307976973766916,0.7,0.06666666666666667,2.0,0.453968253968254
S12_vol_mid_strict,12,vol_mid_strict,34,SOX,6,126,2025-11-26,2026-05-29,30,0.9570503950794977,0.300305210880915,0.21692202857248177,1.1090514267410485,-0.16738438566223576,-0.6567451841985826,0.8,0.0,4.2,0.43306878306878305
S12_vol_mid_strict,12,vol_mid_strict,35,QQQ,1,21,2026-04-30,2026-05-29,30,0.10568488508947738,0.0339401097077375,0.0,0.5098738150819302,-0.04374863848288934,-0.07174477538173989,0.3,0.13333333333333333,0.7666666666666667,0.3587301587301587
S12_vol_mid_strict,12,vol_mid_strict,36,SOX,2,42,2025-10-29,2025-12-29,29,-0.012379376481358784,-0.025361226150915465,-0.005551324209201902,-0.7005665509654522,-0.09612758062396697,-0.01298184966955668,0.2413793103448276,0.5862068965517241,1.4137931034482758,0.3185550082101807
S12_vol_mid_strict,12,vol_mid_strict,37,QQQ,5,105,2025-12-02,2026-05-04,30,0.08456030914265344,0.06295267584694329,0.0,0.1004275900015499,-0.10736356760776801,-0.021607633295710145,0.4666666666666667,0.36666666666666664,3.2666666666666666,0.3736507936507936
S12_vol_mid_strict,12,vol_mid_strict,38,SOX,4,84,2026-03-09,2026-07-08,30,0.6726918607972621,0.22224733972601765,0.1738469306786874,1.4148195530306433,-0.13579490990521967,-0.45044452107124433,0.7,0.03333333333333333,3.066666666666667,0.40555555555555556
S12_vol_mid_strict,12,vol_mid_strict,39,SOX,5,105,2025-12-02,2026-05-04,30,0.5289331602772682,0.2678888761193425,0.19506431031626914,1.1996182624700225,-0.16341868101031234,-0.2610442841579257,0.8,0.13333333333333333,3.8333333333333335,0.49269841269841275
S12_vol_mid_strict,12,vol_mid_strict,40,SOX,5,105,2026-03-06,2026-08-05,30,0.6422339282559124,0.297681109619595,0.24938240479865925,1.2976244380088218,-0.13312618324011544,-0.3445528186363174,0.8666666666666667,0.1,3.7,0.3339682539682539
S12_vol_mid_strict,12,vol_mid_strict,41,QQQ,4,84,2025-11-07,2026-03-11,30,-0.0020781377795803246,-0.0074080595258734375,0.0,-0.17614878665135972,-0.10348544004575808,-0.005329921746293113,0.43333333333333335,0.5666666666666667,2.933333333333333,0.3551587301587302
S12_vol_mid_strict,12,vol_mid_strict,42,SOX,6,126,2025-11-18,2026-05-20,30,0.8824225059685142,0.337987022314605,0.2692651196076621,1.2235893150415829,-0.1749475430606118,-0.5444354836539093,0.8666666666666667,0.1,4.733333333333333,0.46984126984126984
S12_vol_mid_strict,12,vol_mid_strict,43,QQQ,6,126,2025-12-01,2026-06-02,30,0.21208651748025198,0.09726785248346387,0.06065274110312757,0.2913660122056257,-0.13730677357992596,-0.1148186649967881,0.6,0.23333333333333334,4.4,0.31560846560846556
S12_vol_mid_strict,12,vol_mid_strict,44,QQQ,5,105,2025-10-02,2026-03-04,30,0.009586513651374196,0.05791986187481144,0.020520845382175135,0.492989095856207,-0.10516478317847876,0.048333348223437246,0.6,0.5333333333333333,3.433333333333333,0.4184126984126984
S12_vol_mid_strict,12,vol_mid_strict,45,QQQ,3,63,2025-10-03,2026-01-02,30,0.01778889731260791,0.013174225908245348,-0.008399856846211307,-0.18911547143206456,-0.07575468661078462,-0.0046146714043625615,0.3333333333333333,0.26666666666666666,2.1,0.37407407407407406
S12_vol_mid_strict,12,vol_mid_strict,46,QQQ,5,105,2025-10-03,2026-03-05,30,0.010800245974853073,-0.03451689695055518,-0.058690907992353436,-0.5212616011308095,-0.1264423209323788,-0.045317142925408255,0.3,0.3,3.566666666666667,0.3406349206349206
S12_vol_mid_strict,12,vol_mid_strict,47,QQQ,5,105,2026-02-18,2026-07-20,30,0.1517250809770223,0.06383442347222629,0.01565229556346126,0.12224834361945422,-0.10148116592295968,-0.08789065750479602,0.5666666666666667,0.1,3.1333333333333333,0.2471123321123321
S12_vol_mid_strict,12,vol_mid_strict,48,SOX,5,105,2026-02-05,2026-07-08,30,0.7007023849320608,0.2287413977763288,0.08067627359042095,0.8283869967855078,-0.1431654252177654,-0.47196098715573204,0.6666666666666666,0.13333333333333333,3.1666666666666665,0.2857142857142857
S12_vol_mid_strict,12,vol_mid_strict,49,QQQ,3,63,2025-10-13,2026-01-12,30,0.043135568945508185,-0.00288280537559444,0.0,0.1420244682556948,-0.07948748015468202,-0.04601837432110263,0.4,0.26666666666666666,1.9,0.3222222222222222
S12_vol_mid_strict,12,vol_mid_strict,50,QQQ,6,126,2026-01-21,2026-07-22,30,0.14723092009348226,0.04867318103705206,0.008184127218164416,0.24609723063009925,-0.12879265739339743,-0.09855773905643021,0.5333333333333333,0.26666666666666666,4.333333333333333,0.3071428571428571
S12_vol_mid_strict,12,vol_mid_strict,51,QQQ,4,84,2025-10-16,2026-02-17,30,0.003474515185114768,0.02617368193543046,0.0,-0.0016045513637899258,-0.09672628839935878,0.02269916675031569,0.43333333333333335,0.43333333333333335,3.1333333333333333,0.36190476190476184
S12_vol_mid_strict,12,vol_mid_strict,52,SOX,2,42,2025-12-05,2026-02-05,30,0.07082970459184823,0.0995898463279407,0.07165052606471445,1.264703985662421,-0.09652660571250019,0.028760141736092478,0.6333333333333333,0.5,1.2666666666666666,0.6103174603174604
S12_vol_mid_strict,12,vol_mid_strict,53,SOX,1,21,2026-01-29,2026-02-27,30,-0.024478772624997536,0.030886063523140224,0.0,0.945267870950084,-0.06015801247021443,0.05536483614813776,0.43333333333333335,0.7666666666666667,1.0666666666666667,0.5587301587301587
S12_vol_mid_strict,12,vol_mid_strict,54,QQQ,1,21,2026-03-09,2026-04-07,30,-0.030320866052759965,-0.046750707716107905,-0.023881213577557847,-2.0984039128412335,-0.05908826663823587,-0.016429841663347943,0.06666666666666667,0.5,1.2666666666666666,0.2952380952380952
S12_vol_mid_strict,12,vol_mid_strict,55,SOX,5,105,2025-09-29,2026-02-27,30,0.31188854643437813,0.21776071849877848,0.19190753532858018,0.7452147591182651,-0.1585490925437842,-0.09412782793559969,0.6666666666666666,0.26666666666666666,4.366666666666666,0.4571428571428572
S12_vol_mid_strict,12,vol_mid_strict,56,QQQ,2,42,2026-05-13,2026-07-14,30,0.00807440910903745,0.051353110447412295,0.006999223940721611,0.6416364246732581,-0.07813795970560755,0.04327870133837484,0.5333333333333333,0.4666666666666667,1.7,0.4380952380952381
S12_vol_mid_strict,12,vol_mid_strict,57,SOX,4,84,2026-03-16,2026-07-15,30,0.6454310773447438,0.25756608218230753,0.18203941078330999,1.5361553357321218,-0.11586580630842969,-0.3878649951624363,0.7333333333333333,0.06666666666666667,2.6333333333333333,0.38730158730158737
S12_vol_mid_strict,12,vol_mid_strict,58,QQQ,5,105,2025-10-21,2026-03-23,30,-0.03578796230008929,-0.011053074770453263,0.0,-0.20516701481758662,-0.12609863684561795,0.02473488752963603,0.43333333333333335,0.6333333333333333,3.2333333333333334,0.3968253968253968
S12_vol_mid_strict,12,vol_mid_strict,59,SOX,2,42,2026-01-28,2026-03-27,30,-0.10203813529262651,-0.0054084513257758576,-0.014150014103728237,-0.2072334264910332,-0.10524963594215582,0.09662968396685065,0.23333333333333334,0.8666666666666667,1.9,0.37698412698412687
S12_vol_mid_strict,12,vol_mid_strict,60,QQQ,4,84,2026-01-15,2026-05-15,30,0.14159974087019056,0.06739295709172222,0.02816443857292661,0.5686397900455602,-0.10671139118812427,-0.07420678377846836,0.6333333333333333,0.16666666666666666,2.966666666666667,0.3257936507936508
S12_vol_mid_strict,12,vol_mid_strict,61,QQQ,2,42,2025-11-11,2026-01-12,30,0.010309419577125167,0.028151104687192438,0.0,0.47039899905899746,-0.06292147532806196,0.01784168511006727,0.43333333333333335,0.43333333333333335,1.6333333333333333,0.41507936507936505
S12_vol_mid_strict,12,vol_mid_strict,62,QQQ,1,21,2026-06-03,2026-07-02,30,-0.04142235408405692,0.021319875925323285,0.0007793707597842925,0.8217825660083099,-0.06574860389108501,0.06274223000938021,0.5,0.7,0.9666666666666667,0.5412698412698412
S12_vol_mid_strict,12,vol_mid_strict,63,SOX,4,84,2026-02-04,2026-06-04,30,0.8254473723219085,0.2472292367563317,0.09054436542850175,1.0653781429178157,-0.125975457572852,-0.5782181355655767,0.6666666666666666,0.13333333333333333,2.8333333333333335,0.36547619047619045
S12_vol_mid_strict,12,vol_mid_strict,64,SOX,3,63,2026-03-16,2026-06-12,30,0.7660283383550617,0.24960893393291791,0.15702792517137842,1.7752000129725396,-0.10112669671143817,-0.5164194044221437,0.7,0.1,1.9,0.4201058201058201
S12_vol_mid_strict,12,vol_mid_strict,65,SOX,5,105,2025-11-14,2026-04-17,30,0.44383622655114996,0.2082524545767095,0.13612924824593753,0.8225079062232973,-0.15249173626351928,-0.23558377197444044,0.7333333333333333,0.2,4.2,0.4019047619047619
S12_vol_mid_strict,12,vol_mid_strict,66,QQQ,3,63,2025-12-24,2026-03-26,30,-0.07920202683012256,-0.013733479980912828,0.0,-0.538924853023995,-0.07154158628459838,0.06546854684920973,0.16666666666666666,0.8333333333333334,1.6666666666666667,0.2878306878306878
S12_vol_mid_strict,12,vol_mid_strict,67,SOX,5,105,2025-12-22,2026-05-22,30,0.7695534085388023,0.3208303988495618,0.2672524122180653,1.3512685836930654,-0.15751615507982905,-0.44872300968924045,0.8333333333333334,0.13333333333333333,3.933333333333333,0.4723809523809523
S12_vol_mid_strict,12,vol_mid_strict,68,SOX,2,42,2026-02-24,2026-04-23,30,0.21884779209066085,0.0634583270038492,0.0,0.6024180938593363,-0.10822908231645532,-0.15538946508681165,0.4666666666666667,0.16666666666666666,2.0,0.3825396825396826
S12_vol_mid_strict,12,vol_mid_strict,69,SOX,5,105,2025-12-15,2026-05-15,30,0.7099386095424811,0.3333489617046139,0.2639053228580388,1.3211936028234124,-0.1614658117813899,-0.37658964783786725,0.8333333333333334,0.1,3.966666666666667,0.4952380952380952
S12_vol_mid_strict,12,vol_mid_strict,70,SOX,5,105,2025-12-22,2026-05-22,30,0.7695534085388023,0.35805909309804146,0.2700236392070656,1.4927203370224018,-0.142171615912713,-0.4114943154407608,0.8333333333333334,0.16666666666666666,3.466666666666667,0.48603174603174604
S12_vol_mid_strict,12,vol_mid_strict,71,SOX,3,63,2026-01-23,2026-04-23,30,0.2801244936694949,0.1787236379039013,0.12036004773939402,1.3921165741674446,-0.11138709861713943,-0.10140085576559359,0.7333333333333333,0.3,2.5,0.3814814814814814
S12_vol_mid_strict,12,vol_mid_strict,72,QQQ,2,42,2026-01-07,2026-03-09,30,-0.026056926271537106,-0.007586818612813284,0.0,-0.3845045546141907,-0.06455601262642181,0.01847010765872382,0.3,0.6666666666666666,1.7333333333333334,0.35793650793650794
S12_vol_mid_strict,12,vol_mid_strict,73,SOX,4,84,2026-02-26,2026-06-26,30,0.6552237000184178,0.2624413580920257,0.20244416728911419,1.342900689800129,-0.13725366116003462,-0.39278234192639216,0.7666666666666667,0.13333333333333333,3.1333333333333333,0.4194444444444444
S12_vol_mid_strict,12,vol_mid_strict,74,QQQ,3,63,2025-12-30,2026-03-31,30,-0.06703290809833606,-0.014686190890230969,-0.010611728301208434,-0.3833929413602454,-0.10960725430587875,0.0523467172081051,0.3333333333333333,0.6666666666666666,2.3,0.3465608465608465
S12_vol_mid_strict,12,vol_mid_strict,75,QQQ,6,126,2025-12-01,2026-06-02,30,0.21208651748025198,0.09496495038853263,0.0,0.014083147210578234,-0.12869575463325217,-0.11712156709171935,0.4666666666666667,0.16666666666666666,3.7333333333333334,0.2941798941798942
S12_vol_mid_strict,12,vol_mid_strict,76,QQQ,5,105,2026-02-04,2026-07-07,30,0.17392519392544026,0.028064499921454315,0.0,0.07344784643920413,-0.10513969258228466,-0.14586069400398596,0.4,0.13333333333333333,2.9,0.24253968253968256
S12_vol_mid_strict,12,vol_mid_strict,77,SOX,3,63,2025-11-17,2026-02-18,30,0.26408682533616257,0.14827655524511976,0.16250602729774732,0.9807952788916272,-0.11523707660805502,-0.11581027009104282,0.6333333333333333,0.3333333333333333,2.7333333333333334,0.5021164021164021
S12_vol_mid_strict,12,vol_mid_strict,78,QQQ,3,63,2025-11-03,2026-02-03,30,-0.02336041690552204,0.027506242574767113,0.0,0.19453644128398254,-0.07851929224974792,0.050866659480289136,0.43333333333333335,0.7,2.033333333333333,0.4185185185185185
S12_vol_mid_strict,12,vol_mid_strict,79,QQQ,2,42,2026-05-18,2026-07-17,30,-0.013863302667955435,0.0016328007591225695,0.0,0.27774276304064743,-0.06952811560163252,0.015496103427078004,0.4666666666666667,0.7,1.6333333333333333,0.2984126984126984
S12_vol_mid_strict,12,vol_mid_strict,80,QQQ,1,21,2025-10-16,2025-11-13,30,0.0140170055316986,-0.006396620553607036,0.0,-0.3300046967169487,-0.03709700766837381,-0.020413626085305635,0.13333333333333333,0.1,0.6666666666666666,0.37460317460317455
S12_vol_mid_strict,12,vol_mid_strict,81,SOX,6,126,2025-12-15,2026-06-16,30,0.9890352183038755,0.41474272358537684,0.4110299633894422,1.3810559832203346,-0.15941002379148875,-0.5742924947184987,0.8333333333333334,0.1,4.566666666666666,0.45714285714285713
S12_vol_mid_strict,12,vol_mid_strict,82,SOX,5,105,2026-01-27,2026-06-26,30,0.682191476610537,0.1684707839366711,0.09216709488299302,0.778927490267863,-0.15889581664529195,-0.5137206926738659,0.6333333333333333,0.06666666666666667,3.8,0.37047619047619046
S12_vol_mid_strict,12,vol_mid_strict,83,QQQ,2,42,2026-04-17,2026-06-16,30,0.12485168217835652,0.052336661530343526,0.0,0.06694033066840847,-0.07316185871223214,-0.072515020648013,0.4,0.23333333333333334,1.4333333333333333,0.29523809523809524
S12_vol_mid_strict,12,vol_mid_strict,84,QQQ,1,21,2026-05-01,2026-06-01,30,0.10174293848474258,0.058362644526979875,0.0,0.5868294640500935,-0.05156416845982689,-0.0433802939577627,0.3333333333333333,0.23333333333333334,0.8666666666666667,0.40952380952380957
S12_vol_mid_strict,12,vol_mid_strict,85,SOX,6,126,2025-12-26,2026-06-29,30,1.0096078947533922,0.4062774014184347,0.26688586664935576,1.224416985716118,-0.15115965318801333,-0.6033304933349574,0.8,0.1,4.1,0.42433862433862435
S12_vol_mid_strict,12,vol_mid_strict,86,QQQ,4,84,2026-03-16,2026-07-15,30,0.198298988307277,0.07626798210732162,0.007020699510710493,0.3002198193692179,-0.0907244184472619,-0.12203100619995538,0.5,0.16666666666666666,2.6333333333333333,0.26785714285714285
S12_vol_mid_strict,12,vol_mid_strict,87,SOX,2,42,2025-12-19,2026-02-20,30,0.19885922046901894,0.19140754913889915,0.19009998554409224,2.0856425463158335,-0.07073444942894318,-0.007451671330119813,0.6333333333333333,0.4,1.5333333333333334,0.5619047619047618
S12_vol_mid_strict,12,vol_mid_strict,88,QQQ,4,84,2025-10-16,2026-02-17,30,0.003474515185114768,0.012608516921091942,-0.007213009151607608,-0.016374928728253094,-0.10133002900293928,0.009134001735977174,0.36666666666666664,0.36666666666666664,3.466666666666667,0.34642857142857136
S12_vol_mid_strict,12,vol_mid_strict,89,SOX,1,21,2026-04-21,2026-05-19,30,0.18074629026656952,0.08986747741429248,0.022216314410592575,1.3694395554847574,-0.0868742528370467,-0.09087881285227707,0.5666666666666667,0.2,1.0,0.5873015873015873
S12_vol_mid_strict,12,vol_mid_strict,90,SOX,3,63,2025-10-13,2026-01-12,29,0.1613508523378704,0.10575078973689421,0.04387165030496343,1.0912933149513049,-0.11585758603755929,-0.055600062600976205,0.5862068965517241,0.27586206896551724,2.2758620689655173,0.4356869184455391
S12_vol_mid_strict,12,vol_mid_strict,91,QQQ,5,105,2025-12-04,2026-05-06,30,0.11976245697138532,0.07350556821562809,-0.0048691897702357045,-0.1304241908161563,-0.1437510590630127,-0.046256888755757224,0.36666666666666664,0.26666666666666666,3.433333333333333,0.3447619047619047
S12_vol_mid_strict,12,vol_mid_strict,92,QQQ,3,63,2025-10-03,2026-01-02,30,0.01778889731260791,0.012362400022784352,0.0,0.018027156304367836,-0.0810695351152294,-0.005426497289823558,0.3333333333333333,0.3333333333333333,1.7666666666666666,0.4158730158730159
S12_vol_mid_strict,12,vol_mid_strict,93,QQQ,6,126,2026-01-27,2026-07-28,30,0.07281383665783747,0.1052801316141854,0.009756504667831845,0.4458800678759031,-0.12989759200353707,0.032466294956347896,0.6,0.4,4.033333333333333,0.2764705882352941
S12_vol_mid_strict,12,vol_mid_strict,94,QQQ,4,84,2026-03-11,2026-07-10,30,0.19670091568073822,0.10410097324199725,0.009228646318956146,0.31954090427037013,-0.09424652407167657,-0.09259994243874096,0.5333333333333333,0.3,2.6,0.27341269841269844
S12_vol_mid_strict,12,vol_mid_strict,95,QQQ,2,42,2025-11-05,2026-01-06,30,0.001513269983109966,0.010964939291101091,0.0,0.3498697870258771,-0.05636676393614653,0.009451669307991125,0.4,0.4,1.2333333333333334,0.37460317460317455
S12_vol_mid_strict,12,vol_mid_strict,96,QQQ,2,42,2025-10-16,2025-12-15,30,0.017583613593807,0.03045502797646992,0.0,0.2029035854419299,-0.056568609144242776,0.01287141438266292,0.36666666666666664,0.26666666666666666,1.5,0.35396825396825393
S12_vol_mid_strict,12,vol_mid_strict,97,SOX,4,84,2026-04-07,2026-08-05,30,0.5267771502189948,0.25056729434916997,0.15286404508609752,1.3234989393935848,-0.12202805967500423,-0.2762098558698249,0.7333333333333333,0.2,2.3,0.301984126984127
S12_vol_mid_strict,12,vol_mid_strict,98,SOX,2,42,2026-04-07,2026-06-04,30,0.7331492184673367,0.35923431241226905,0.26620717857567755,2.820296683032875,-0.0836334812766022,-0.37391490605506766,0.6666666666666666,0.1,1.2666666666666666,0.5317460317460317
S12_vol_mid_strict,12,vol_mid_strict,99,QQQ,1,21,2025-12-10,2026-01-09,30,-0.00024313495141548014,0.002611327820860147,0.0,0.5230250662659924,-0.038728241554784916,0.002854462772275627,0.3333333333333333,0.6333333333333333,0.9333333333333333,0.4555555555555556
S13_vol_strict,13,vol_strict,0,SOX,4,84,2026-01-14,2026-05-14,30,0.597940839356677,0.30822047061273977,0.17538870889472724,1.4786627869749127,-0.17614506277417868,-0.2897203687439371,0.8666666666666667,0.13333333333333333,3.1333333333333333,0.5460317460317461
S13_vol_strict,13,vol_strict,1,QQQ,3,63,2026-04-27,2026-07-27,30,0.028061969323687208,0.016330987629550504,0.0,0.07698665964449176,-0.11467848216086919,-0.011730981694136703,0.36666666666666664,0.3333333333333333,1.8,0.3936507936507937
S13_vol_strict,13,vol_strict,2,SOX,6,126,2025-11-11,2026-05-13,30,0.793630383884891,0.37850848831869294,0.29206960989120057,1.1327032294592256,-0.18533803887605801,-0.4151218955661981,0.8,0.16666666666666666,4.1,0.49576719576719575
S13_vol_strict,13,vol_strict,3,SOX,2,42,2025-12-05,2026-02-05,30,0.07082970459184823,0.1141993485560863,0.0934797172201608,1.309979073104468,-0.09839146701680695,0.04336964396423806,0.6666666666666666,0.5333333333333333,1.1333333333333333,0.6555555555555554
S13_vol_strict,13,vol_strict,4,QQQ,4,84,2026-03-23,2026-07-22,30,0.20089300698508628,-0.0034310942579751794,-0.015417169702273081,-0.2568852218260046,-0.1270334111898797,-0.2043241012430614,0.4,0.1,2.566666666666667,0.3099206349206349
S13_vol_strict,13,vol_strict,5,QQQ,4,84,2025-10-02,2026-02-02,30,0.03502673196494954,0.009473495677697707,-0.0146705846162416,0.08495806915599714,-0.08676231819791655,-0.025553236287251833,0.3,0.23333333333333334,1.8333333333333333,0.36746031746031743
S13_vol_strict,13,vol_strict,6,QQQ,1,21,2026-02-10,2026-03-11,30,-0.006181861550153878,-0.009467427824610882,0.0,-1.0488232147492802,-0.03673938730871663,-0.003285566274457004,0.16666666666666666,0.6,1.1333333333333333,0.33333333333333326
S13_vol_strict,13,vol_strict,7,QQQ,1,21,2025-12-29,2026-01-28,30,0.019891369757766952,-0.015035941307817787,0.0,-0.6815527452521593,-0.03773711227884819,-0.03492731106558474,0.23333333333333334,0.2,0.8666666666666667,0.3603174603174603
S13_vol_strict,13,vol_strict,8,QQQ,4,84,2025-10-06,2026-02-04,30,-0.0019410343285670706,0.019452574996163787,-0.002929413295285288,0.1840776509892337,-0.10169445432679457,0.021393609324730858,0.3333333333333333,0.5,2.0,0.42301587301587307
S13_vol_strict,13,vol_strict,9,QQQ,3,63,2025-10-21,2026-01-21,30,0.009313358840005836,0.020451856554176976,-0.002007491026826236,-0.024868689369095306,-0.08365069389046713,0.01113849771417114,0.4,0.36666666666666664,1.7666666666666666,0.36613756613756615
S13_vol_strict,13,vol_strict,10,SOX,3,63,2026-03-05,2026-06-03,30,0.823955794568481,0.24125946342159332,0.21574346445249604,1.371166455576414,-0.10427491912853869,-0.5826963311468877,0.7333333333333333,0.03333333333333333,2.3,0.47513227513227513
S13_vol_strict,13,vol_strict,11,QQQ,5,105,2025-12-31,2026-06-02,30,0.21616259898647017,0.12177805051954477,0.0016598970017350778,0.18478224551259986,-0.12059640022105748,-0.09438454846692537,0.5,0.2,3.2,0.34698412698412695
S13_vol_strict,13,vol_strict,12,SOX,4,84,2025-11-28,2026-03-31,30,0.10987511194723121,0.13574180197213956,0.053854773103995224,0.4944517708954937,-0.15977448855971413,0.025866690024908354,0.5666666666666667,0.4,2.2,0.507936507936508
S13_vol_strict,13,vol_strict,13,SOX,3,63,2026-03-26,2026-06-25,30,0.9020736182671376,0.338501322411339,0.24325106399501095,1.890922561987631,-0.11893838916188976,-0.5635722958557985,0.8,0.1,2.2,0.516931216931217
S13_vol_strict,13,vol_strict,14,QQQ,6,126,2026-01-28,2026-07-29,30,0.04749147748901561,0.1038904346916814,0.0216499757014883,0.3485726145321913,-0.1638148226025489,0.056398957202665814,0.6333333333333333,0.4,4.133333333333334,0.33501928078199256
S13_vol_strict,13,vol_strict,15,QQQ,5,105,2025-11-11,2026-04-14,30,0.01388978134849217,-0.02508011523988562,-0.04601484818145668,-0.4199481315328924,-0.11045795631783316,-0.038969896588377795,0.26666666666666666,0.23333333333333334,3.1666666666666665,0.3139682539682539
S13_vol_strict,13,vol_strict,16,QQQ,2,42,2026-05-27,2026-07-27,30,-0.063856916333213,-0.011866986894015849,-0.013238223455508624,-0.7206816515069814,-0.11716457454221277,0.05198992943919715,0.36666666666666664,0.6666666666666666,1.9,0.3547619047619048
S13_vol_strict,13,vol_strict,17,QQQ,1,21,2026-06-10,2026-07-10,30,0.04701997482414466,0.02315339429861047,0.0,0.4631796737229231,-0.054267941832663494,-0.02386658052553419,0.4666666666666667,0.23333333333333334,0.9333333333333333,0.4984126984126984
S13_vol_strict,13,vol_strict,18,QQQ,2,42,2026-05-27,2026-07-27,30,-0.063856916333213,0.021814900896166754,0.0,0.03383065892866558,-0.09565071266445649,0.08567181722937975,0.43333333333333335,0.7666666666666667,1.5,0.40634920634920635
S13_vol_strict,13,vol_strict,19,QQQ,3,63,2026-01-05,2026-04-06,30,-0.046518387343564616,0.0048250670216259985,0.0,0.24904659749427802,-0.11592923734008874,0.05134345436519062,0.4666666666666667,0.7333333333333333,2.0,0.419047619047619
S13_vol_strict,13,vol_strict,20,SOX,6,126,2025-10-17,2026-04-20,30,0.4519881329203801,0.26954074805117967,0.08873776005185807,0.8240259606555802,-0.18394827319482454,-0.1824473848692004,0.8,0.2,3.6333333333333333,0.4484126984126985
S13_vol_strict,13,vol_strict,21,SOX,6,126,2025-11-17,2026-05-19,30,0.7554461131037531,0.34762711205734204,0.25487405673301833,1.2643340387115283,-0.1974411536739668,-0.40781900104641106,0.9,0.13333333333333333,3.933333333333333,0.5325396825396825
S13_vol_strict,13,vol_strict,22,SOX,5,105,2025-12-29,2026-05-29,30,0.8650289879145312,0.4073074037837954,0.3316252303594228,1.5311030963656227,-0.16350197409056216,-0.4577215841307357,0.8333333333333334,0.2,3.1,0.49746031746031744
S13_vol_strict,13,vol_strict,23,SOX,2,42,2026-03-20,2026-05-19,30,0.49390979326325835,0.19071735107178625,0.07725710780033324,1.7900948179054434,-0.08344149766870199,-0.303192442191472,0.6333333333333333,0.1,1.1666666666666667,0.44682539682539685
S13_vol_strict,13,vol_strict,24,QQQ,6,126,2025-12-19,2026-06-23,30,0.1607758756765889,0.1371778144584478,0.020845164041327857,0.3208364368984816,-0.1366782932532213,-0.02359806121814109,0.6333333333333333,0.26666666666666666,3.7333333333333334,0.3563492063492063
S13_vol_strict,13,vol_strict,25,QQQ,4,84,2025-11-25,2026-03-27,30,-0.07369946136455985,-0.011739551886894194,-0.0394243129174095,-0.3660592137126792,-0.11274421350099324,0.06195990947766565,0.3,0.8,2.533333333333333,0.3734126984126984
S13_vol_strict,13,vol_strict,26,SOX,6,126,2025-10-23,2026-04-24,30,0.5892295681363808,0.351502581621153,0.14369606810513824,1.2063623244203106,-0.19408572311512973,-0.23772698651522786,0.8333333333333334,0.16666666666666666,4.0,0.4854497354497355
S13_vol_strict,13,vol_strict,27,QQQ,5,105,2025-11-13,2026-04-16,30,0.05539729205802524,0.027438423316222767,0.0,-0.01595454246476728,-0.11681354194410577,-0.027958868741802468,0.4666666666666667,0.3333333333333333,3.566666666666667,0.37015873015873013
S13_vol_strict,13,vol_strict,28,SOX,4,84,2025-11-25,2026-03-27,30,0.14307622261734187,0.14222632688984155,0.05768446335466715,0.6826391136856405,-0.16067139375850478,-0.0008498957275003308,0.6,0.43333333333333335,2.433333333333333,0.5115079365079365
S13_vol_strict,13,vol_strict,29,SOX,6,126,2025-10-23,2026-04-24,30,0.5892295681363808,0.2897678551344688,0.1801424023601642,1.088154210517071,-0.1952154391286577,-0.29946171300191204,0.8,0.13333333333333333,4.033333333333333,0.4666666666666667
S13_vol_strict,13,vol_strict,30,SOX,5,105,2025-10-27,2026-03-27,30,0.06601406425608247,0.12112704704165632,0.07323750415482899,0.5140490302979388,-0.18595324578338487,0.055112982785573854,0.6333333333333333,0.5,3.3666666666666667,0.5003174603174603
S13_vol_strict,13,vol_strict,31,QQQ,6,126,2026-01-09,2026-07-13,30,0.13846734814379746,0.01686951720732704,-0.011163164683786253,-0.1360779248876197,-0.15139030144785923,-0.12159783093647043,0.43333333333333335,0.13333333333333333,4.233333333333333,0.33095238095238094
S13_vol_strict,13,vol_strict,32,QQQ,1,21,2026-03-24,2026-04-22,30,0.12180215905434788,0.018809666482060894,0.0,0.7511965748964994,-0.021730018275047315,-0.10299249257228703,0.23333333333333334,0.06666666666666667,0.6,0.2238095238095238
S13_vol_strict,13,vol_strict,33,SOX,5,105,2025-11-05,2026-04-08,30,0.21508245960252204,0.11108315186451158,0.05642585479034368,0.5142069741967259,-0.1882808702429187,-0.10399930773801046,0.7,0.2,3.2666666666666666,0.49460317460317454
S13_vol_strict,13,vol_strict,34,SOX,3,63,2026-02-02,2026-05-01,30,0.32137839226606824,0.14647074060496965,0.021296086385164004,1.0812893470009486,-0.14698840381469222,-0.17490765166109856,0.5,0.26666666666666666,2.433333333333333,0.4222222222222222
S13_vol_strict,13,vol_strict,35,QQQ,5,105,2025-12-11,2026-05-13,30,0.1453902053044196,0.022979847333978842,-0.0033093549274547662,-0.04771870091660497,-0.12845140338896327,-0.12241035797044077,0.43333333333333335,0.1,3.3666666666666667,0.37333333333333324
S13_vol_strict,13,vol_strict,36,QQQ,4,84,2026-02-24,2026-06-24,30,0.1717932209534314,0.06526881888829915,-0.05176167991249131,-0.469435965082214,-0.13481684276010927,-0.10652440206513222,0.36666666666666664,0.23333333333333334,2.933333333333333,0.29841269841269835
S13_vol_strict,13,vol_strict,37,QQQ,1,21,2026-06-04,2026-07-06,30,-0.022948173368268265,-0.02194772314113279,0.0,-0.8173019666910317,-0.05933490543582081,0.001000450227135478,0.2,0.7,1.0666666666666667,0.30793650793650795
S13_vol_strict,13,vol_strict,38,QQQ,3,63,2026-04-24,2026-07-24,30,0.03178571329959223,0.07272818441533527,0.0,0.17756521959543897,-0.11214052599163384,0.04094247111574305,0.4,0.36666666666666664,2.1,0.346031746031746
S13_vol_strict,13,vol_strict,39,QQQ,3,63,2026-03-06,2026-06-04,30,0.23642161769128234,0.12385345433009191,0.0017466605414125924,0.23403755907140447,-0.08542240331240919,-0.11256816336119041,0.5,0.26666666666666666,2.033333333333333,0.31957671957671957
S13_vol_strict,13,vol_strict,40,QQQ,3,63,2026-02-03,2026-05-04,30,0.09279250161923835,0.04603128471113993,-0.006348482638721065,-0.1078646876885238,-0.0829586489235358,-0.046761216908098424,0.3,0.26666666666666666,2.3,0.29365079365079366
S13_vol_strict,13,vol_strict,41,QQQ,3,63,2025-10-09,2026-01-08,30,0.017307043006254963,-0.0015851513649860667,0.0,-0.22434733184750033,-0.06756387885396144,-0.01889219437124103,0.26666666666666666,0.2,1.5333333333333334,0.3492063492063492
S13_vol_strict,13,vol_strict,42,SOX,2,42,2025-12-09,2026-02-09,30,0.13167680935028225,0.1710945026029977,0.11409170109869482,1.7676803774574041,-0.10103764103786823,0.03941769325271545,0.7333333333333333,0.4666666666666667,1.2,0.6658730158730158
S13_vol_strict,13,vol_strict,43,SOX,6,126,2025-12-09,2026-06-10,30,0.7382199722563447,0.3089980972757954,0.2197304006936398,0.9121003061864399,-0.17331206042494032,-0.42922187498054937,0.7666666666666667,0.13333333333333333,3.6666666666666665,0.5190476190476192
S13_vol_strict,13,vol_strict,44,QQQ,2,42,2026-04-06,2026-06-03,30,0.264587910376477,0.07649962336729808,0.0,0.824828791121232,-0.0584013571220759,-0.18808828700917896,0.43333333333333335,0.16666666666666666,0.9666666666666667,0.3142857142857143
S13_vol_strict,13,vol_strict,45,QQQ,4,84,2026-03-03,2026-07-01,30,0.2082887050104809,0.07159860955491991,-0.0035116304019495725,-0.35425488242418424,-0.11316799270899022,-0.13669009545556102,0.43333333333333335,0.2,2.9,0.32896825396825397
S13_vol_strict,13,vol_strict,46,QQQ,1,21,2025-10-08,2025-11-05,30,0.019364167698755708,0.00976387720265605,0.0,0.5433915732772973,-0.033087219125418815,-0.009600290496099657,0.23333333333333334,0.2,0.6333333333333333,0.346031746031746
S13_vol_strict,13,vol_strict,47,SOX,5,105,2026-02-06,2026-07-09,30,0.6709269527981874,0.2329344552322978,0.08031624261174286,0.930111642836311,-0.16275028146252357,-0.4379924975658895,0.6333333333333333,0.13333333333333333,3.7666666666666666,0.3898412698412699
S13_vol_strict,13,vol_strict,48,QQQ,6,126,2025-10-29,2026-04-30,30,0.05296464456581873,0.06106807504564325,0.018907532894565038,0.21254376981849604,-0.11428791245642313,0.008103430479824513,0.5666666666666667,0.4666666666666667,3.8,0.37169312169312163
S13_vol_strict,13,vol_strict,49,QQQ,5,105,2025-10-06,2026-03-06,30,-0.011826842319386799,-0.0011973586315772906,-0.007351848253907001,-0.16070140570043265,-0.14028189937815227,0.010629483687809508,0.36666666666666664,0.5,2.533333333333333,0.41238095238095235
S13_vol_strict,13,vol_strict,50,SOX,3,63,2025-12-19,2026-03-23,30,0.12336937055362207,0.16769432910184395,0.08854499227788792,1.3178780339649794,-0.14401659851917825,0.04432495854822185,0.7333333333333333,0.4,2.1,0.6312169312169312
S13_vol_strict,13,vol_strict,51,SOX,5,105,2025-12-04,2026-05-06,30,0.6583694085135561,0.3320318469139,0.26254808845480804,1.2896388942607548,-0.17847659813706546,-0.32633756159965605,0.8,0.1,2.933333333333333,0.5371428571428571
S13_vol_strict,13,vol_strict,52,QQQ,3,63,2025-10-23,2026-01-23,30,0.02119663669409766,0.006826933053408087,0.0,0.08406567641321766,-0.08047314164869987,-0.014369703640689572,0.4666666666666667,0.43333333333333335,1.8666666666666667,0.36878306878306877
S13_vol_strict,13,vol_strict,53,SOX,5,105,2026-01-14,2026-06-15,30,0.8955583309185957,0.4289626034778397,0.3484382956168155,1.500028078263937,-0.1872125080091534,-0.46659572744075584,0.8666666666666667,0.13333333333333333,4.1,0.5314285714285715
S13_vol_strict,13,vol_strict,54,QQQ,4,84,2026-01-06,2026-05-06,30,0.11746063709979104,-0.016530289248350205,-0.010743455120802492,-0.41362705520696635,-0.10904626749314272,-0.13399092634814125,0.3333333333333333,0.06666666666666667,2.3666666666666667,0.29404761904761906
S13_vol_strict,13,vol_strict,55,SOX,2,42,2025-10-02,2025-12-01,29,0.05406660637832683,0.028707327732797463,0.0,0.24170478316997818,-0.09625608831535735,-0.02535927864552937,0.3448275862068966,0.2413793103448276,1.9310344827586208,0.42528735632183906
S13_vol_strict,13,vol_strict,56,SOX,4,84,2025-11-19,2026-03-23,30,0.19772331284750932,0.13913615563834586,0.05768446335466715,0.49863207705388307,-0.15203290442301218,-0.058587157209163486,0.6333333333333333,0.3,2.3333333333333335,0.5075396825396825
S13_vol_strict,13,vol_strict,57,SOX,3,63,2025-10-14,2026-01-13,29,0.19624523269158112,0.10692714010087442,0.04720042693833881,0.7352399276967547,-0.12594587907031898,-0.08931809259070668,0.6206896551724138,0.20689655172413793,2.1724137931034484,0.4707170224411604
S13_vol_strict,13,vol_strict,58,SOX,1,21,2026-02-11,2026-03-12,30,-0.08331484335083261,-0.07160479991376055,-0.05522474447483444,-1.6502912912834664,-0.11097797320480907,0.011710043437072078,0.0,0.5666666666666667,1.2333333333333334,0.523809523809524
S13_vol_strict,13,vol_strict,59,QQQ,5,105,2026-01-13,2026-06-12,30,0.15331111924351215,0.15359329359640103,0.011637330693954562,0.45097012636740813,-0.12244639178355511,0.0002821743528889087,0.6,0.26666666666666666,3.566666666666667,0.30825396825396817
S13_vol_strict,13,vol_strict,60,SOX,2,42,2025-10-28,2025-12-26,29,0.006695365973443446,-0.00434485168231592,0.0,-0.5308389657470922,-0.1132546138101156,-0.011040217655759367,0.3448275862068966,0.3103448275862069,1.8620689655172413,0.3793103448275862
S13_vol_strict,13,vol_strict,61,SOX,6,126,2026-01-23,2026-07-24,30,0.5305187986610824,0.3247858281305956,0.20302688965660665,0.9901241173629562,-0.17945166055734424,-0.20573297053048686,0.7666666666666667,0.23333333333333334,4.2,0.3941798941798942
S13_vol_strict,13,vol_strict,62,QQQ,4,84,2026-02-24,2026-06-24,30,0.1717932209534314,0.03244901816641079,-0.02105196172433521,-0.38677153245943624,-0.13205938510533638,-0.13934420278702062,0.3333333333333333,0.13333333333333333,3.033333333333333,0.3718253968253968
S13_vol_strict,13,vol_strict,63,QQQ,3,63,2026-01-26,2026-04-24,30,0.06276514547953083,-0.03249410950751273,-0.032999287354876616,-0.7092203577806611,-0.08808143281752787,-0.09525925498704355,0.16666666666666666,0.13333333333333333,2.066666666666667,0.2417989417989418
S13_vol_strict,13,vol_strict,64,SOX,3,63,2026-02-27,2026-05-28,30,0.617476675348867,0.2610135879444608,0.14057112311425746,1.2258584871892213,-0.11845896871574571,-0.35646308740440624,0.6666666666666666,0.1,2.566666666666667,0.44550264550264546
S13_vol_strict,13,vol_strict,65,SOX,2,42,2025-11-20,2026-01-22,30,0.30242770310382006,0.17983539659647935,0.11544723807196422,1.8788173960422905,-0.0781531662117251,-0.1225923065073407,0.7666666666666667,0.2,1.3333333333333333,0.5492063492063491
S13_vol_strict,13,vol_strict,66,SOX,4,84,2025-11-26,2026-03-30,30,0.0653592129111733,0.137475031187396,0.07323750415482899,0.674248911644566,-0.1548067793699774,0.07211581827622271,0.6333333333333333,0.5,2.2333333333333334,0.530952380952381
S13_vol_strict,13,vol_strict,67,QQQ,6,126,2025-11-28,2026-06-01,30,0.20247825968248878,0.0972864085095478,0.022823494263480515,0.2910606196755846,-0.13438446532365103,-0.10519185117294101,0.5666666666666667,0.2,3.6333333333333333,0.3288359788359788
S13_vol_strict,13,vol_strict,68,SOX,4,84,2026-03-09,2026-07-08,30,0.6726918607972621,0.2572588540330861,0.14022772972476616,1.3556102343253804,-0.12158911103657151,-0.4154330067641759,0.6666666666666666,0.1,2.933333333333333,0.35277777777777786
S13_vol_strict,13,vol_strict,69,SOX,2,42,2025-12-05,2026-02-05,30,0.07082970459184823,0.08956292070994346,0.035960588776018154,1.026898425565771,-0.09099554639417633,0.01873321611809524,0.5666666666666667,0.43333333333333335,1.1333333333333333,0.5857142857142856
S13_vol_strict,13,vol_strict,70,QQQ,4,84,2026-03-20,2026-07-21,30,0.2209119901753267,0.09640537341436722,0.011791867036544335,0.31290232784802824,-0.09856553322245351,-0.12450661676095948,0.6,0.16666666666666666,2.466666666666667,0.35080332946186604
S13_vol_strict,13,vol_strict,71,QQQ,6,126,2026-02-04,2026-08-05,30,0.18694802301290303,0.05731004837126815,0.023371643676743603,0.2917430584932176,-0.1434388079696917,-0.12963797464163487,0.6,0.2,3.966666666666667,0.3346100759144237
S13_vol_strict,13,vol_strict,72,QQQ,4,84,2026-01-02,2026-05-04,30,0.09885254927959286,0.020438850787183455,0.0,-0.0564928485555019,-0.13659916577352893,-0.07841369849240941,0.4666666666666667,0.16666666666666666,3.466666666666667,0.3984126984126984
S13_vol_strict,13,vol_strict,73,QQQ,1,21,2025-10-01,2025-10-29,30,0.053908043490865865,0.015168365619198588,0.0,0.6167905000542702,-0.04446628203810122,-0.03873967787166728,0.36666666666666664,0.2,0.6666666666666666,0.4476190476190476
S13_vol_strict,13,vol_strict,74,QQQ,4,84,2025-10-09,2026-02-09,30,0.00722368103498594,0.06954126898403214,0.013553532887522035,0.5579416120401905,-0.08593591363134376,0.06231758794904618,0.5333333333333333,0.5333333333333333,2.1,0.41071428571428564
S13_vol_strict,13,vol_strict,75,QQQ,5,105,2025-10-13,2026-03-13,30,-0.012499904603795353,-0.022143758888826335,-0.05469329575313142,-0.2742351688775367,-0.13303467945698538,-0.00964385428503098,0.36666666666666664,0.4,3.2666666666666666,0.3952380952380953
S13_vol_strict,13,vol_strict,76,QQQ,1,21,2026-01-26,2026-02-24,30,-0.02812333317389515,-0.0070369480529346995,0.0,0.2802566502671674,-0.05593031437453996,0.02108638512096045,0.4,0.7333333333333333,1.1333333333333333,0.4746031746031746
S13_vol_strict,13,vol_strict,77,SOX,6,126,2026-01-30,2026-07-31,30,0.4595466788905487,0.3238394147505159,0.2558780638324486,0.8459383163745662,-0.1818170436780817,-0.13570726414003284,0.8,0.26666666666666666,4.533333333333333,0.38280423280423276
S13_vol_strict,13,vol_strict,78,SOX,2,42,2026-02-23,2026-04-22,30,0.210795328888578,0.09571716128686635,0.013520014833493632,0.7116219127416273,-0.11117832123860462,-0.11507816760171162,0.5,0.26666666666666666,1.9666666666666666,0.3896825396825398
S13_vol_strict,13,vol_strict,79,QQQ,5,105,2026-01-28,2026-06-29,30,0.14618903375729797,0.016639292791963727,0.0,-0.21495798975458,-0.13037014544417305,-0.12954974096533425,0.4666666666666667,0.13333333333333333,3.8,0.30476190476190473
S13_vol_strict,13,vol_strict,80,SOX,5,105,2025-10-29,2026-03-31,30,0.06377363256451574,0.12886764518377347,0.04732152294605296,0.48867278352219057,-0.18463008210007645,0.06509401261925774,0.6,0.43333333333333335,3.066666666666667,0.466984126984127
S13_vol_strict,13,vol_strict,81,QQQ,5,105,2025-11-18,2026-04-21,30,0.08328496527670048,0.02681878893546739,0.002260177919971129,0.09913037566535846,-0.11169617357129992,-0.05646617634123309,0.5,0.3333333333333333,2.966666666666667,0.3765079365079365
S13_vol_strict,13,vol_strict,82,QQQ,3,63,2026-04-24,2026-07-24,30,0.03178571329959223,0.05104565928535854,0.0017700825571889123,0.26801691742291733,-0.10880337381425505,0.019259945985766313,0.5,0.36666666666666664,1.8,0.3708994708994709
S13_vol_strict,13,vol_strict,83,SOX,6,126,2025-11-05,2026-05-07,30,0.615167354577042,0.29608221722894,0.17414360913793236,1.134639758981648,-0.19275565908411085,-0.31908513734810195,0.8333333333333334,0.13333333333333333,3.7,0.49153439153439155
S13_vol_strict,13,vol_strict,84,QQQ,4,84,2026-03-17,2026-07-16,30,0.17287447372802855,0.07706622562454732,0.012037799729814114,0.6216827099068328,-0.09335654286811187,-0.09580824810348126,0.5333333333333333,0.16666666666666666,2.3,0.3
S13_vol_strict,13,vol_strict,85,SOX,3,63,2025-12-04,2026-03-06,30,0.05780336715889267,0.10419982427248417,0.053854773103995224,0.5347865133728218,-0.15587217434999254,0.0463964571135915,0.6333333333333333,0.43333333333333335,1.5333333333333334,0.6645502645502646
S13_vol_strict,13,vol_strict,86,QQQ,1,21,2026-02-27,2026-03-27,30,-0.07245405459642418,-0.04400063745595381,-0.018932974501305322,-2.374992032057982,-0.0515293889888444,0.028453417140470377,0.0,0.6666666666666666,1.0333333333333334,0.3
S13_vol_strict,13,vol_strict,87,QQQ,3,63,2026-03-31,2026-06-30,30,0.277260670394752,0.11148013007518306,0.0,0.40542179938214995,-0.08040420050905306,-0.1657805403195689,0.4,0.16666666666666666,1.9333333333333333,0.2698412698412699
S13_vol_strict,13,vol_strict,88,SOX,1,21,2025-10-01,2025-10-29,29,0.12035899005813211,0.04041730170683382,0.013575387703635755,1.0216583460942137,-0.06577534022427296,-0.07994168835129827,0.5172413793103449,0.20689655172413793,0.9655172413793104,0.555008210180624
S13_vol_strict,13,vol_strict,89,QQQ,1,21,2026-06-18,2026-07-20,30,-0.0591330020844818,0.00046599431322674,0.0,0.791991576401933,-0.07111550778585167,0.059598996397708534,0.4666666666666667,0.8333333333333334,1.5333333333333334,0.5122222222222222
S13_vol_strict,13,vol_strict,90,QQQ,6,126,2025-12-26,2026-06-29,30,0.16332960211262604,0.06519675470640457,-0.03179926721071019,-0.19626675021440884,-0.16149257414865578,-0.09813284740622145,0.4,0.26666666666666666,3.8666666666666667,0.31613756613756616
S13_vol_strict,13,vol_strict,91,SOX,4,84,2025-10-22,2026-02-23,30,0.25767373174469577,0.30766313184454397,0.22222464671076037,1.5354160643150518,-0.12647017659802356,0.049989400099848195,0.7333333333333333,0.5,2.1666666666666665,0.5301587301587302
S13_vol_strict,13,vol_strict,92,QQQ,6,126,2025-11-14,2026-05-18,30,0.16230450246980266,0.059221891436102646,0.004798072097319306,0.21115013257427417,-0.11038338155068,-0.10308261103370002,0.5,0.2,3.2666666666666666,0.34894179894179883
S13_vol_strict,13,vol_strict,93,QQQ,6,126,2025-12-15,2026-06-16,30,0.1984830056783191,0.0960980039748127,0.0,0.1422169274081401,-0.11731635090275973,-0.10238500170350642,0.4666666666666667,0.2,3.6,0.31851851851851853
S13_vol_strict,13,vol_strict,94,SOX,3,63,2026-01-09,2026-04-10,30,0.17658664228394727,0.13238707985365597,0.03445645387218832,1.0975765360873995,-0.15588318948024174,-0.0441995624302913,0.5666666666666667,0.3,2.533333333333333,0.5052910052910052
S13_vol_strict,13,vol_strict,95,SOX,3,63,2025-10-01,2025-12-30,30,0.10504013228513487,-0.004597286454145074,-0.038772344846072004,-0.4163859270634524,-0.14090635710222904,-0.10963741873927993,0.26666666666666666,0.2,2.6,0.4301587301587302
S13_vol_strict,13,vol_strict,96,SOX,1,21,2025-11-10,2025-12-09,30,0.033708595967028465,-0.03157631632809004,-0.0011288282327663324,-0.5102168329780202,-0.07945449071506741,-0.06528491229511851,0.3,0.16666666666666666,1.6333333333333333,0.3476190476190476
S13_vol_strict,13,vol_strict,97,SOX,2,42,2026-05-21,2026-07-22,30,0.05922084022042262,0.042540496949564896,0.007398141406674719,0.707792614195633,-0.1496352906528183,-0.016680343270857722,0.5333333333333333,0.3,1.8666666666666667,0.37380952380952376
S13_vol_strict,13,vol_strict,98,QQQ,4,84,2025-11-28,2026-03-31,30,-0.065559467192568,-0.019028845871985386,-0.02696338585377661,-0.46020953671722753,-0.1241669501827445,0.04653062132058262,0.3,0.6,3.0,0.3714285714285714
S13_vol_strict,13,vol_strict,99,QQQ,1,21,2026-04-02,2026-05-01,30,0.1524326152513671,0.026293483672830822,0.0,0.6675449564616953,-0.02241822179032034,-0.1261391315785363,0.26666666666666666,0.03333333333333333,0.4666666666666667,0.27777777777777773
S14_vol_very_strict,14,vol_very_strict,0,SOX,2,42,2025-09-30,2025-11-26,29,0.07476410026776836,0.024624930907518754,0.0,0.1372060692795831,-0.09569350792123882,-0.050139169360249605,0.3793103448275862,0.1724137931034483,1.4137931034482758,0.4433497536945813
S14_vol_very_strict,14,vol_very_strict,1,SOX,4,84,2026-02-25,2026-06-25,30,0.7007670678766698,0.2402416423041875,0.12443306729744241,0.8173516507115679,-0.17776474801135372,-0.4605254255724821,0.6333333333333333,0.06666666666666667,3.2,0.5305555555555554
S14_vol_very_strict,14,vol_very_strict,2,QQQ,2,42,2026-05-01,2026-07-01,30,0.07686255302090084,0.06301759725284586,0.0,0.5442556529173832,-0.08804120390116833,-0.013844955768054971,0.3333333333333333,0.23333333333333334,1.1333333333333333,0.3793650793650794
S14_vol_very_strict,14,vol_very_strict,3,QQQ,6,126,2025-11-18,2026-05-20,30,0.1989892326028575,0.04300667067518633,0.0,-0.10452504412085493,-0.12244596027088304,-0.1559825619276712,0.4,0.13333333333333333,3.9,0.338095238095238
S14_vol_very_strict,14,vol_very_strict,4,QQQ,6,126,2026-01-30,2026-07-31,30,0.10893683601194559,0.12438835262626688,0.010909971966256204,0.29442687848695404,-0.1378237973127951,0.015451516614321295,0.5666666666666667,0.43333333333333335,3.466666666666667,0.38179620507206713
S14_vol_very_strict,14,vol_very_strict,5,QQQ,6,126,2026-01-12,2026-07-14,30,0.1502294283863379,0.001976240447667839,-0.006533537716726767,-0.35163890756444866,-0.1501526223795776,-0.14825318793867004,0.4,0.1,3.5,0.3333333333333333
S14_vol_very_strict,14,vol_very_strict,6,QQQ,1,21,2026-02-23,2026-03-23,30,-0.021064690977040446,-0.03004293555490982,-0.022739872931086258,-1.7468111799499961,-0.06039210960129083,-0.008978244577869372,0.06666666666666667,0.5,0.9666666666666667,0.45873015873015877
S14_vol_very_strict,14,vol_very_strict,7,QQQ,5,105,2025-10-31,2026-04-02,30,-0.0677153912701044,-0.028986947480186234,-0.04676658923567756,-0.47277689666521344,-0.1407154588224607,0.03872844378991817,0.3333333333333333,0.6,3.2333333333333334,0.3939682539682539
S14_vol_very_strict,14,vol_very_strict,8,QQQ,4,84,2025-10-21,2026-02-20,30,-0.002920726083486702,0.043319552308471364,0.0,0.34025186540015007,-0.11318846276508587,0.046240278391958066,0.4666666666666667,0.5666666666666667,2.566666666666667,0.4333333333333333
S14_vol_very_strict,14,vol_very_strict,9,QQQ,4,84,2026-03-02,2026-06-30,30,0.21386447194354385,0.11543376326165901,-0.003851829240849647,-0.13170204393603183,-0.11844803053295289,-0.09843070868188485,0.36666666666666664,0.16666666666666666,2.466666666666667,0.3416666666666667
S14_vol_very_strict,14,vol_very_strict,10,SOX,3,63,2026-04-13,2026-07-13,30,0.4081275668336355,0.2727712316623826,0.09958668361064715,1.3602359619268076,-0.18422927355726995,-0.13535633517125295,0.7,0.23333333333333334,1.7666666666666666,0.6412698412698412
S14_vol_very_strict,14,vol_very_strict,11,QQQ,5,105,2025-11-18,2026-04-21,30,0.08328496527670048,0.014049144798223286,-0.014547322184912614,-0.17219258803146162,-0.1223793846694844,-0.06923582047847718,0.4,0.23333333333333334,3.1333333333333333,0.36539682539682533
S14_vol_very_strict,14,vol_very_strict,12,SOX,2,42,2025-10-30,2025-12-30,29,-0.00014145263440501488,-0.03282426098185489,-0.03157500303908445,-1.195795560599136,-0.11390858383125008,-0.032682808347449875,0.20689655172413793,0.3448275862068966,1.6896551724137931,0.4351395730706075
S14_vol_very_strict,14,vol_very_strict,13,SOX,5,105,2025-12-24,2026-05-27,30,0.8433638259991032,0.5070820436479754,0.3786940326894188,1.8131525449775154,-0.17804693445787725,-0.3362817823511277,0.8666666666666667,0.16666666666666666,3.1333333333333333,0.5752380952380953
S14_vol_very_strict,14,vol_very_strict,14,SOX,3,63,2026-03-16,2026-06-12,30,0.7660283383550617,0.3822195206578543,0.3109918154736435,1.9330456847337807,-0.1398030123003486,-0.3838088176972073,0.7333333333333333,0.16666666666666666,1.9,0.5338624338624337
S14_vol_very_strict,14,vol_very_strict,15,QQQ,5,105,2025-10-16,2026-03-18,30,-0.007205910279892924,0.06293196782937437,0.014019742187941164,0.15146204200537225,-0.1518978951477207,0.07013787810926728,0.5,0.5,3.3,0.5387301587301587
S14_vol_very_strict,14,vol_very_strict,16,SOX,2,42,2026-03-11,2026-05-08,30,0.5218818034852062,0.30773084939918693,0.18879269802420096,2.643055400429803,-0.08185921990455994,-0.21415095408601928,0.6666666666666666,0.26666666666666666,1.5333333333333334,0.4714285714285714
S14_vol_very_strict,14,vol_very_strict,17,QQQ,4,84,2026-04-07,2026-08-05,30,0.22001431971541607,0.09808240316248903,0.051846157260857395,0.4555817928795128,-0.13469439484926315,-0.12193191655292704,0.6,0.2,2.5,0.46031746031746035
S14_vol_very_strict,14,vol_very_strict,18,SOX,4,84,2025-10-08,2026-02-06,30,0.19716212143218748,0.19293262651274948,0.1287939028710442,1.00823972074309,-0.13336729754685978,-0.004229494919437974,0.5666666666666667,0.4,2.3,0.5003968253968254
S14_vol_very_strict,14,vol_very_strict,19,SOX,1,21,2026-01-27,2026-02-25,30,0.04819412775311882,0.07715581109384528,0.05239462079883206,2.20905732600322,-0.07376188993380452,0.02896168334072647,0.6666666666666666,0.5333333333333333,0.9,0.665079365079365
S14_vol_very_strict,14,vol_very_strict,20,QQQ,4,84,2026-04-01,2026-07-31,30,0.1787339851211347,0.08701418045947151,0.003132839694052647,0.3807538783951126,-0.12338760451065268,-0.09171980466166317,0.5333333333333333,0.13333333333333333,2.3,0.43293650793650795
S14_vol_very_strict,14,vol_very_strict,21,QQQ,6,126,2025-10-06,2026-04-07,30,-0.028991629843866495,-0.020050374350239566,-0.02105403378037829,-0.22673716654099535,-0.15619744910952776,0.008941255493626928,0.43333333333333335,0.5,4.0,0.41613756613756614
S14_vol_very_strict,14,vol_very_strict,22,QQQ,1,21,2026-04-13,2026-05-11,30,0.15533123110812963,0.04501362651332331,0.0,0.6578173159679507,-0.04391592012693757,-0.11031760459480629,0.26666666666666666,0.13333333333333333,0.6,0.3888888888888888
S14_vol_very_strict,14,vol_very_strict,23,QQQ,4,84,2025-12-04,2026-04-07,30,-0.05273148423582996,-0.021808513457183494,-0.01700889745161388,-0.6022850012250431,-0.11312339760671287,0.030922970778646468,0.3333333333333333,0.6666666666666666,2.3666666666666667,0.3936507936507937
S14_vol_very_strict,14,vol_very_strict,24,SOX,4,84,2026-03-09,2026-07-08,30,0.6726918607972621,0.3094326783717454,0.16667663945205013,1.3585060567481302,-0.17778006523562265,-0.3632591824255168,0.7333333333333333,0.13333333333333333,3.0,0.5464285714285714
S14_vol_very_strict,14,vol_very_strict,25,SOX,6,126,2026-01-22,2026-07-23,30,0.5827042789367871,0.28998821116194606,0.16916050016161266,0.9052077769977445,-0.20848623363346702,-0.2927160677748411,0.7666666666666667,0.13333333333333333,4.166666666666667,0.4949735449735449
S14_vol_very_strict,14,vol_very_strict,26,QQQ,5,105,2025-12-12,2026-05-14,30,0.1760146615325746,0.1441321737967941,0.03287177748990766,0.5146867314443304,-0.14229658407386173,-0.03188248773578051,0.6333333333333333,0.26666666666666666,3.1333333333333333,0.4831746031746032
S14_vol_very_strict,14,vol_very_strict,27,SOX,4,84,2025-11-06,2026-03-10,30,0.14052585018356356,0.12116085781479538,0.04902696469494172,0.14161043950025237,-0.1790610191880413,-0.019364992368768156,0.5333333333333333,0.36666666666666664,2.3666666666666667,0.5261904761904762
S14_vol_very_strict,14,vol_very_strict,28,QQQ,2,42,2026-04-08,2026-06-05,30,0.16329252996034582,-0.0025634641196597306,0.0,-0.29961395668195984,-0.05741033098514966,-0.16585599408000554,0.16666666666666666,0.03333333333333333,0.7666666666666667,0.2634920634920635
S14_vol_very_strict,14,vol_very_strict,29,QQQ,5,105,2025-11-05,2026-04-08,30,-0.02509932769219203,-0.038388166830171704,-0.0370518251954608,-0.45035481504850045,-0.14243075542524652,-0.01328883913797968,0.3333333333333333,0.4666666666666667,3.2333333333333334,0.3419047619047619
S14_vol_very_strict,14,vol_very_strict,30,QQQ,5,105,2026-02-03,2026-07-06,30,0.1751877418375951,0.08327405400784234,0.004224319289206746,0.2808437485842347,-0.13373406723639747,-0.09191368782975277,0.5333333333333333,0.13333333333333333,3.0,0.35047619047619055
S14_vol_very_strict,14,vol_very_strict,31,QQQ,3,63,2026-03-20,2026-06-18,30,0.2740162240805819,0.10223732802042912,0.00025226224553021037,0.3652517962679594,-0.06585814186652214,-0.1717788960601528,0.5,0.1,1.6333333333333333,0.2793650793650793
S14_vol_very_strict,14,vol_very_strict,32,QQQ,4,84,2026-01-09,2026-05-11,30,0.1396941553755362,0.07153857138735842,0.0,0.013413091393389205,-0.12007113636094502,-0.06815558398817778,0.4666666666666667,0.23333333333333334,2.466666666666667,0.36666666666666664
S14_vol_very_strict,14,vol_very_strict,33,QQQ,1,21,2025-12-30,2026-01-29,30,0.016143871212493055,0.008646491638866487,0.0,-0.17838021201012969,-0.05464472358638096,-0.007497379573626569,0.3333333333333333,0.23333333333333334,1.0,0.5365079365079365
S14_vol_very_strict,14,vol_very_strict,34,QQQ,3,63,2025-12-31,2026-04-01,30,-0.04763590208088819,-0.035963757640787644,-0.012042125451981966,-0.8324814622896567,-0.12609207742781525,0.011672144440100547,0.3333333333333333,0.5333333333333333,2.533333333333333,0.3634920634920634
S14_vol_very_strict,14,vol_very_strict,35,SOX,6,126,2026-01-28,2026-07-29,30,0.29142614888092955,0.25666020667845774,0.1278256624052858,0.7141908196281925,-0.20142122676860336,-0.03476594220247177,0.6333333333333333,0.3333333333333333,3.6333333333333333,0.4685185185185185
S14_vol_very_strict,14,vol_very_strict,36,SOX,6,126,2025-10-30,2026-05-01,30,0.5281745196921701,0.32389428180243734,0.2054081153307219,1.1109291001484936,-0.19701361710264034,-0.2042802378897327,0.8333333333333334,0.2,3.5,0.5391534391534393
S14_vol_very_strict,14,vol_very_strict,37,QQQ,5,105,2026-01-14,2026-06-15,30,0.20238584863226716,0.13101351942246797,0.003698482244525958,0.15065692440818684,-0.12018796144686386,-0.07137232920979919,0.5666666666666667,0.16666666666666666,3.033333333333333,0.39301587301587304
S14_vol_very_strict,14,vol_very_strict,38,SOX,1,21,2026-05-07,2026-06-05,30,0.0962914906206711,0.0623950967768654,0.0,0.13216160575905908,-0.10882885618259303,-0.0338963938438057,0.36666666666666664,0.23333333333333334,1.0,0.653968253968254
S14_vol_very_strict,14,vol_very_strict,39,SOX,3,63,2026-03-25,2026-06-24,30,0.7430431538209703,0.34727031717004947,0.17028298195613734,1.7006660455230096,-0.14173058436468106,-0.39577283665092083,0.6666666666666666,0.13333333333333333,1.6333333333333333,0.5904761904761905
S14_vol_very_strict,14,vol_very_strict,40,QQQ,6,126,2025-10-10,2026-04-13,30,0.04998286435992627,0.02928790018495366,-0.027133001873434537,-0.17745446338603557,-0.16012657824262944,-0.02069496417497261,0.4666666666666667,0.36666666666666664,3.466666666666667,0.4264550264550265
S14_vol_very_strict,14,vol_very_strict,41,QQQ,3,63,2025-12-08,2026-03-10,30,-0.025192084097121592,0.010998066242953738,0.0,-0.021182603993992334,-0.09036042019745967,0.036190150340075326,0.43333333333333335,0.6666666666666666,2.033333333333333,0.4354497354497354
S14_vol_very_strict,14,vol_very_strict,42,SOX,1,21,2026-04-27,2026-05-26,30,0.2518171344840421,0.1998730529104285,0.0804423996224416,2.084936240878474,-0.09135658569598518,-0.05194408157361359,0.6,0.26666666666666666,0.9,0.6571428571428571
S14_vol_very_strict,14,vol_very_strict,43,SOX,3,63,2025-12-19,2026-03-23,30,0.12336937055362207,0.15179588386921655,0.0940488509705042,1.1362375533914713,-0.1441230851784128,0.02842651331559448,0.7,0.36666666666666664,1.8333333333333333,0.611111111111111
S14_vol_very_strict,14,vol_very_strict,44,SOX,5,105,2025-12-23,2026-05-26,30,0.8705446464027979,0.47963058170028094,0.33511800720748597,1.6545332838300966,-0.1837253950481181,-0.39091406470251694,0.8666666666666667,0.16666666666666666,2.9,0.5526984126984128
S14_vol_very_strict,14,vol_very_strict,45,QQQ,3,63,2026-04-07,2026-07-07,30,0.20662869737823808,0.08302567681641738,0.0,0.41559151676597694,-0.0951297879720241,-0.1236030205618207,0.36666666666666664,0.1,1.4333333333333333,0.4031746031746032
S14_vol_very_strict,14,vol_very_strict,46,SOX,2,42,2025-12-24,2026-02-25,30,0.20206431491894605,0.22515457848076256,0.21405874255773916,2.367521780975421,-0.09341518334336145,0.023090263561816506,0.7333333333333333,0.5333333333333333,1.1,0.6626984126984127
S14_vol_very_strict,14,vol_very_strict,47,SOX,3,63,2026-05-06,2026-08-05,30,0.0475112300393592,0.026224559436576735,-0.027003900299540362,0.26605939068114837,-0.18576649447196228,-0.021286670602782463,0.3333333333333333,0.3,2.1666666666666665,0.42169312169312173
S14_vol_very_strict,14,vol_very_strict,48,QQQ,3,63,2026-04-06,2026-07-06,30,0.2295910251884461,0.19989988116300203,0.048336626576922836,1.1914794643844369,-0.08193806106254048,-0.029691144025444052,0.6,0.2,1.3333333333333333,0.3486772486772487
S14_vol_very_strict,14,vol_very_strict,49,SOX,4,84,2025-11-12,2026-03-16,30,0.1289917680599746,0.10911112336533027,0.053854773103995224,0.21312331214805272,-0.180379028331394,-0.019880644694644338,0.5666666666666667,0.36666666666666664,2.566666666666667,0.563095238095238
S14_vol_very_strict,14,vol_very_strict,50,SOX,4,84,2026-01-21,2026-05-20,30,0.4954631322399172,0.23039250903158567,0.08812150498205229,1.22336075787442,-0.17646838148341523,-0.2650706232083315,0.7666666666666667,0.2,2.566666666666667,0.5630952380952381
S14_vol_very_strict,14,vol_very_strict,51,QQQ,1,21,2025-10-17,2025-11-14,30,0.00816308065766358,-0.0105369327082862,0.0,-0.38292747589909937,-0.06117922455421221,-0.01870001336594978,0.26666666666666666,0.26666666666666666,1.0,0.5619047619047619
S14_vol_very_strict,14,vol_very_strict,52,QQQ,2,42,2026-03-10,2026-05-07,30,0.14486764824752196,0.011298139621073788,-0.02127050590222135,-0.5722327821912548,-0.06958406069246928,-0.1335695086264482,0.2,0.03333333333333333,1.5666666666666667,0.27619047619047615
S14_vol_very_strict,14,vol_very_strict,53,SOX,3,63,2025-12-23,2026-03-25,30,0.1328131856066237,0.12378336062012295,0.07335908842738736,0.8690792691374069,-0.14886664528641325,-0.00902982498650073,0.7,0.3,2.1666666666666665,0.5793650793650793
S14_vol_very_strict,14,vol_very_strict,54,QQQ,4,84,2025-09-30,2026-01-29,30,0.049754184997484296,0.04899011623622045,-0.017583575073307767,0.054293423164111274,-0.1153628139676526,-0.0007640687612638327,0.3333333333333333,0.23333333333333334,1.9666666666666666,0.39761904761904765
S14_vol_very_strict,14,vol_very_strict,55,QQQ,6,126,2025-11-26,2026-05-29,30,0.20499678287027012,0.05430727565543379,0.0017466605414125924,0.03331390327692942,-0.12786963396834702,-0.15068950721483632,0.5,0.16666666666666666,3.3333333333333335,0.3579365079365079
S14_vol_very_strict,14,vol_very_strict,56,SOX,4,84,2026-03-26,2026-07-27,30,0.5705492764498161,0.3230424993721735,0.16667761916461932,1.1909682941770463,-0.18795195652044555,-0.2475067770776426,0.7333333333333333,0.23333333333333334,2.566666666666667,0.526984126984127
S14_vol_very_strict,14,vol_very_strict,57,SOX,1,21,2026-03-02,2026-03-30,30,-0.11949755449759225,-0.08916605879473692,-0.07920801198267374,-2.5925562073767665,-0.11649337058088732,0.030331495702855323,0.06666666666666667,0.6666666666666666,1.5666666666666667,0.41904761904761906
S14_vol_very_strict,14,vol_very_strict,58,SOX,6,126,2025-12-11,2026-06-12,30,0.8996931388890645,0.49763338302184573,0.49326440109737313,1.360306462697497,-0.17156754832709986,-0.40205975586721887,0.8,0.2,3.033333333333333,0.5584656084656084
S14_vol_very_strict,14,vol_very_strict,59,SOX,6,126,2026-01-08,2026-07-10,30,0.8210602431107561,0.3839459965690831,0.23214693864607283,1.0971315446856946,-0.1999517109704803,-0.43711424654167297,0.8333333333333334,0.13333333333333333,3.6666666666666665,0.5126984126984128
S14_vol_very_strict,14,vol_very_strict,60,QQQ,6,126,2025-11-21,2026-05-26,30,0.2407730810269626,0.0962519238624651,0.00807566832659623,0.2485522918032186,-0.13982038371576616,-0.14452115716449748,0.5,0.16666666666666666,3.5,0.3812169312169312
S14_vol_very_strict,14,vol_very_strict,61,QQQ,4,84,2026-01-07,2026-05-07,30,0.11505432427503903,0.016347879612452397,0.0,-0.1996798671623708,-0.11827831704559852,-0.09870644466258666,0.4666666666666667,0.13333333333333333,2.533333333333333,0.34047619047619043
S14_vol_very_strict,14,vol_very_strict,62,QQQ,1,21,2025-12-30,2026-01-29,30,0.016143871212493055,0.025047201090008592,0.0,0.3932441557404436,-0.040590493629228556,0.00890332987751554,0.4,0.4,0.8,0.46031746031746035
S14_vol_very_strict,14,vol_very_strict,63,SOX,6,126,2025-12-23,2026-06-25,30,1.0523422275776206,0.6438454723692216,0.5397260236631412,1.5621944567609984,-0.18635361143119836,-0.40849675520839895,0.8,0.3,3.5,0.5349206349206349
S14_vol_very_strict,14,vol_very_strict,64,QQQ,5,105,2025-11-10,2026-04-13,30,-0.006843435093029759,-0.029729609690679597,-0.012454076197996267,-0.4078843592644305,-0.15262142096685627,-0.022886174597649838,0.43333333333333335,0.5,3.3666666666666667,0.40285714285714286
S14_vol_very_strict,14,vol_very_strict,65,QQQ,6,126,2025-12-04,2026-06-05,30,0.13471362524037267,0.0652376714442047,0.0,-0.051780659184192585,-0.15329463893041853,-0.06947595379616797,0.4666666666666667,0.26666666666666666,3.433333333333333,0.3447089947089947
S14_vol_very_strict,14,vol_very_strict,66,QQQ,6,126,2026-01-06,2026-07-08,30,0.14388356408779868,0.07418075551119628,0.00988101047152623,0.28018508172414003,-0.13735213972677002,-0.06970280857660237,0.5333333333333333,0.16666666666666666,3.3666666666666667,0.39126984126984127
S14_vol_very_strict,14,vol_very_strict,67,SOX,1,21,2026-05-08,2026-06-08,30,0.09830868879458343,0.020287392257164426,0.0,0.6821898968234245,-0.08833698339307086,-0.078021296537419,0.3,0.2,0.9,0.6031746031746031
S14_vol_very_strict,14,vol_very_strict,68,QQQ,3,63,2026-05-06,2026-08-05,30,0.0320770683575331,0.02122917753655272,0.0,0.43791537182119256,-0.10067357108024994,-0.010847890820980382,0.4666666666666667,0.43333333333333335,1.9666666666666666,0.37883597883597875
S14_vol_very_strict,14,vol_very_strict,69,SOX,5,105,2026-03-09,2026-08-06,30,0.5848653202674585,0.27840436753807246,0.139885468648155,0.9631587370349747,-0.17742126882877415,-0.30646095272938606,0.7,0.13333333333333333,3.1666666666666665,0.40539682539682537
S14_vol_very_strict,14,vol_very_strict,70,SOX,5,105,2026-02-20,2026-07-22,30,0.5472449849608536,0.2654934120427015,0.11445751436255724,0.6508272937372654,-0.1722835244332951,-0.28175157291815217,0.6,0.13333333333333333,3.1666666666666665,0.4361904761904762
S14_vol_very_strict,14,vol_very_strict,71,QQQ,2,42,2025-12-16,2026-02-17,30,-0.01581575565412041,0.056595611695664266,0.0,0.49023438576828826,-0.06881884564109216,0.07241136734978468,0.4666666666666667,0.7333333333333333,1.5666666666666667,0.45317460317460323
S14_vol_very_strict,14,vol_very_strict,72,SOX,3,63,2025-12-18,2026-03-20,30,0.1392783824814292,0.17530350185380997,0.10046837537318076,1.305733833997381,-0.14248949956618792,0.036025119372380725,0.7,0.43333333333333335,2.033333333333333,0.5793650793650792
S14_vol_very_strict,14,vol_very_strict,73,QQQ,3,63,2026-03-19,2026-06-17,30,0.21989307502863875,0.12637705339117547,-0.005936068972360431,0.2424376766104738,-0.10793423111001409,-0.0935160216374633,0.36666666666666664,0.26666666666666666,1.9666666666666666,0.3587301587301587
S14_vol_very_strict,14,vol_very_strict,74,QQQ,1,21,2026-03-27,2026-04-27,30,0.180685361977315,0.04507207094142203,0.0,0.581168738692355,-0.03590739523424165,-0.135613291035893,0.36666666666666664,0.06666666666666667,0.9333333333333333,0.273015873015873
S14_vol_very_strict,14,vol_very_strict,75,SOX,2,42,2025-11-04,2026-01-05,30,0.07515699037021073,0.018603366174230362,0.0,-0.18551823718898572,-0.10707791254371994,-0.05655362419598036,0.4666666666666667,0.16666666666666666,1.6,0.4603174603174603
S14_vol_very_strict,14,vol_very_strict,76,SOX,2,42,2026-06-08,2026-08-06,30,-0.06768240407095683,-0.03242329424555371,-0.01333219862831897,-0.046356931036102486,-0.15540696505909274,0.03525910982540312,0.3,0.6333333333333333,1.8,0.32857142857142857
S14_vol_very_strict,14,vol_very_strict,77,SOX,1,21,2025-10-20,2025-11-17,29,-0.03211941834758891,0.008631605615086625,0.0,0.365905690407986,-0.05994308088227264,0.04075102396267554,0.2413793103448276,0.8620689655172413,0.6896551724137931,0.5073891625615764
S14_vol_very_strict,14,vol_very_strict,78,QQQ,2,42,2025-10-28,2025-12-26,30,-0.012997069982726539,-0.02510691983999015,0.0,-0.6562643731692799,-0.08335055925202035,-0.01210984985726361,0.3,0.5666666666666667,1.9333333333333333,0.4396825396825397
S14_vol_very_strict,14,vol_very_strict,79,SOX,5,105,2025-12-04,2026-05-06,30,0.6583694085135561,0.4039551136474762,0.20494725175347583,1.5112299345287181,-0.18176074128835332,-0.2544142948660798,0.8333333333333334,0.26666666666666666,2.566666666666667,0.5501587301587301
S14_vol_very_strict,14,vol_very_strict,80,SOX,2,42,2026-02-24,2026-04-23,30,0.21884779209066085,0.06351008191867845,0.0,0.4105553848978804,-0.1348244553870462,-0.1553377101719824,0.43333333333333335,0.2,2.1666666666666665,0.4626984126984127
S14_vol_very_strict,14,vol_very_strict,81,SOX,3,63,2025-10-06,2026-01-05,29,0.10461224300977245,0.09390035004692691,0.010487180934553697,0.3864160890954186,-0.13441175268970387,-0.010711892962845547,0.5517241379310345,0.27586206896551724,2.1724137931034484,0.5342090859332238
S14_vol_very_strict,14,vol_very_strict,82,QQQ,3,63,2025-11-10,2026-02-10,30,-0.017605352080502956,-0.01233893871969769,-0.03413166943983731,-0.2882943494798599,-0.12955031503948847,0.005266413360805267,0.4,0.4666666666666667,2.3,0.5185185185185185
S14_vol_very_strict,14,vol_very_strict,83,QQQ,1,21,2026-04-20,2026-05-18,30,0.09135888821689253,-0.0015839140719227133,0.0,0.06767527632141365,-0.029588936398137807,-0.09294280228881524,0.13333333333333333,0.03333333333333333,0.3333333333333333,0.24444444444444444
S14_vol_very_strict,14,vol_very_strict,84,SOX,5,105,2026-02-09,2026-07-10,30,0.6497275864735734,0.3068314847655651,0.12140644833640013,0.8238225951725103,-0.20758220497778088,-0.34289610170800827,0.6333333333333333,0.2,3.533333333333333,0.5365079365079365
S14_vol_very_strict,14,vol_very_strict,85,QQQ,1,21,2025-11-04,2025-12-03,30,0.0068954308237083595,0.0034581778509095123,0.0,-0.3103593216359027,-0.03322340042130832,-0.003437252972798847,0.3,0.3,1.0333333333333334,0.3365079365079365
S14_vol_very_strict,14,vol_very_strict,86,SOX,3,63,2026-01-13,2026-04-14,30,0.2045822109343749,0.13529529347426514,0.04728246095963595,0.9234833975230797,-0.16290897162336523,-0.06928691746010977,0.7666666666666667,0.26666666666666666,2.6333333333333333,0.5687830687830687
S14_vol_very_strict,14,vol_very_strict,87,QQQ,6,126,2025-10-17,2026-04-20,30,0.07370041195774979,-0.004355621202374141,-0.06225617984565829,-0.2962132032086543,-0.15999275478406055,-0.07805603316012395,0.36666666666666664,0.3,3.933333333333333,0.42195767195767186
S14_vol_very_strict,14,vol_very_strict,88,QQQ,2,42,2025-11-19,2026-01-21,30,0.02867970385499108,0.050051870507490166,0.0,0.332619459787905,-0.0587654764665008,0.021372166652499087,0.43333333333333335,0.3333333333333333,1.3666666666666667,0.4738095238095238
S14_vol_very_strict,14,vol_very_strict,89,QQQ,1,21,2026-01-20,2026-02-18,30,-0.003733177234259366,0.01979104258412155,0.0,0.28980252936441564,-0.032779374709877546,0.023524219818380918,0.4666666666666667,0.8333333333333334,1.1333333333333333,0.43015873015873013
S14_vol_very_strict,14,vol_very_strict,90,SOX,6,126,2026-01-21,2026-07-22,30,0.5974211386911072,0.29956938863153054,0.15439393898696774,0.9023509358602257,-0.19949984550254846,-0.2978517500595767,0.7,0.16666666666666666,3.7666666666666666,0.5169312169312169
S14_vol_very_strict,14,vol_very_strict,91,QQQ,4,84,2026-02-18,2026-06-17,30,0.19417781446215843,0.14665304703152057,-0.0018576839528832156,0.2853699627235366,-0.12672537729399205,-0.04752476743063792,0.4,0.2,2.433333333333333,0.36507936507936506
S14_vol_very_strict,14,vol_very_strict,92,SOX,5,105,2025-10-03,2026-03-05,30,0.20822578702694838,0.25957053748376485,0.13221369157234608,0.7585590086690168,-0.1766729519967946,0.051344750456816524,0.6666666666666666,0.43333333333333335,2.7666666666666666,0.5920634920634921
S14_vol_very_strict,14,vol_very_strict,93,SOX,5,105,2025-11-10,2026-04-13,30,0.3051621432226552,0.2152797598331455,0.11722938477117983,0.8930224715549102,-0.19090991408197822,-0.08988238338950974,0.7333333333333333,0.26666666666666666,3.3333333333333335,0.5714285714285714
S14_vol_very_strict,14,vol_very_strict,94,SOX,1,21,2026-04-13,2026-05-11,30,0.35445169844833213,0.26101640845100377,0.20324420205823557,4.341850701523132,-0.07636851500332383,-0.09343528999732839,0.7666666666666667,0.2,0.8333333333333334,0.7507936507936507
S14_vol_very_strict,14,vol_very_strict,95,SOX,3,63,2026-03-18,2026-06-16,30,0.7485610333591881,0.38072367323075273,0.2675819064491036,1.7437289101790463,-0.139021910993448,-0.3678373601284353,0.6666666666666666,0.23333333333333334,1.6333333333333333,0.5264550264550264
S14_vol_very_strict,14,vol_very_strict,96,SOX,4,84,2026-01-02,2026-05-04,30,0.47389043541895925,0.3151551211275479,0.19493137066593813,1.7451216870247503,-0.1759529588418536,-0.15873531429141136,0.8666666666666667,0.26666666666666666,2.566666666666667,0.578174603174603
S14_vol_very_strict,14,vol_very_strict,97,QQQ,3,63,2026-03-30,2026-06-29,30,0.2984088882574998,0.1722005037843653,0.0017700825571889123,1.2331727003539563,-0.08696981194372627,-0.1262083844731345,0.5,0.13333333333333333,1.6333333333333333,0.38465608465608464
S14_vol_very_strict,14,vol_very_strict,98,QQQ,6,126,2025-10-29,2026-04-30,30,0.05296464456581873,0.028032103794034185,0.009116002989608685,0.14733794835842656,-0.13859163198779229,-0.024932540771784546,0.5,0.4,3.5,0.40264550264550264
S14_vol_very_strict,14,vol_very_strict,99,QQQ,1,21,2025-11-20,2025-12-19,30,0.053579682230214365,0.024080518303229926,0.004396719764042101,0.23024260189855625,-0.04423120203254234,-0.02949916392698444,0.5333333333333333,0.13333333333333333,0.9333333333333333,0.4666666666666667
S15_rs_win10,15,rs_win10,0,SOX,3,63,2025-10-29,2026-01-29,30,0.16814963957226192,0.12293927926670252,0.08533269356289941,1.3158604480974327,-0.11365191688957559,-0.04521036030555943,0.7333333333333333,0.3333333333333333,2.3333333333333335,0.44497354497354497
S15_rs_win10,15,rs_win10,1,QQQ,3,63,2026-04-30,2026-07-30,30,0.024801884877732494,0.04600190325278928,0.010075593231626434,0.576525245859823,-0.09566575758820575,0.021200018375056775,0.5666666666666667,0.43333333333333335,1.8666666666666667,0.2751322751322751
S15_rs_win10,15,rs_win10,2,QQQ,2,42,2026-04-30,2026-06-30,30,0.1040364955314863,0.014812759809353641,0.0,0.15605331002172523,-0.06446316997614578,-0.08922373572213267,0.3333333333333333,0.13333333333333333,1.0,0.23015873015873017
S15_rs_win10,15,rs_win10,3,QQQ,5,105,2026-01-20,2026-06-18,30,0.21954058295880663,0.008182012881676947,0.0,-0.17965964870903675,-0.1007942627117942,-0.2113585700771297,0.43333333333333335,0.1,2.7666666666666666,0.22793650793650796
S15_rs_win10,15,rs_win10,4,QQQ,6,126,2026-01-14,2026-07-16,30,0.14213045687209025,0.029034124360914005,0.005134675109564335,0.19751965492711338,-0.11580760937165234,-0.11309633251117625,0.5666666666666667,0.26666666666666666,3.5,0.214021164021164
S15_rs_win10,15,rs_win10,5,SOX,3,63,2025-09-29,2025-12-26,29,0.13965871628895865,0.056327355882817925,0.0,0.2505819687119793,-0.09407490147707465,-0.08333136040614073,0.41379310344827586,0.2413793103448276,2.7586206896551726,0.3147235905856595
S15_rs_win10,15,rs_win10,6,QQQ,3,63,2026-03-17,2026-06-15,30,0.23475182799589422,0.005002514469237355,-0.00965177175094023,-0.24303992694792184,-0.07475173293615689,-0.22974931352665687,0.26666666666666666,0.06666666666666667,1.9333333333333333,0.20952380952380953
S15_rs_win10,15,rs_win10,7,SOX,4,84,2026-02-13,2026-06-15,30,0.7739126165169099,0.14322217171361398,0.052510001235169135,0.6601871702779245,-0.12671235007035045,-0.6306904448032961,0.5333333333333333,0.06666666666666667,2.966666666666667,0.26825396825396824
S15_rs_win10,15,rs_win10,8,QQQ,2,42,2026-05-11,2026-07-10,30,0.01824971898403538,0.030018391096577852,-0.00019999999999997797,-0.22820589959368226,-0.08726259797930308,0.011768672112542471,0.36666666666666664,0.36666666666666664,1.7333333333333334,0.29682539682539677
S15_rs_win10,15,rs_win10,9,QQQ,6,126,2025-10-24,2026-04-27,30,0.07911913811810267,0.01145143574808882,0.0,-0.19550621458950246,-0.09831907406691183,-0.06766770237001385,0.4,0.23333333333333334,2.9,0.20132275132275132
S15_rs_win10,15,rs_win10,10,SOX,3,63,2025-12-02,2026-03-04,30,0.1294426902991177,0.14453911962064941,0.1146865362370495,0.9040647281279751,-0.10258771985177524,0.015096429321531716,0.6333333333333333,0.4666666666666667,2.2333333333333334,0.48412698412698413
S15_rs_win10,15,rs_win10,11,SOX,1,21,2026-01-05,2026-02-03,30,0.08671326750252062,0.07104509604168359,0.03421778212904725,1.8288602635777202,-0.06288610466285945,-0.015668171460837012,0.6333333333333333,0.43333333333333335,1.2333333333333334,0.6507936507936507
S15_rs_win10,15,rs_win10,12,QQQ,5,105,2026-03-04,2026-08-03,30,0.14895309054283024,0.04948865069141273,0.0,0.0886674988181059,-0.08475545916679866,-0.09946443985141752,0.4,0.16666666666666666,2.7333333333333334,0.2114285714285714
S15_rs_win10,15,rs_win10,13,SOX,1,21,2026-07-06,2026-08-03,30,-0.12696259023916134,-0.012385151795660191,0.0,-0.4841420556949296,-0.02002067593967042,0.11457743844350116,0.13333333333333333,1.0,0.5666666666666667,0.06984126984126983
S15_rs_win10,15,rs_win10,14,QQQ,6,126,2025-11-03,2026-05-05,30,0.0811111588148794,0.030994702474545287,0.0,0.02151992910390392,-0.08918130256926766,-0.05011645634033411,0.4,0.23333333333333334,3.3,0.24365079365079367
S15_rs_win10,15,rs_win10,15,QQQ,3,63,2025-10-28,2026-01-28,30,0.0017629658321445252,0.04243801957116334,0.0,0.03640317041079535,-0.06695745639769858,0.040675053739018814,0.43333333333333335,0.36666666666666664,2.2333333333333334,0.3132275132275132
S15_rs_win10,15,rs_win10,16,SOX,2,42,2025-10-06,2025-12-03,30,0.0728256044220017,0.020484259103094645,0.0,0.06284253691962485,-0.068388659552373,-0.05234134531890706,0.26666666666666666,0.23333333333333334,1.9,0.2738095238095238
S15_rs_win10,15,rs_win10,17,QQQ,1,21,2025-10-14,2025-11-11,30,0.03941466762617196,0.005961929766926855,0.0,0.49123797575942557,-0.017080350261310787,-0.0334527378592451,0.23333333333333334,0.16666666666666666,0.5666666666666667,0.19206349206349202
S15_rs_win10,15,rs_win10,18,SOX,1,21,2026-01-20,2026-02-18,30,0.06097524088418327,0.0451267850856966,0.007712800525737418,0.5288512058650998,-0.06340412793493234,-0.015848455798486663,0.5,0.3333333333333333,1.4666666666666666,0.4317460317460317
S15_rs_win10,15,rs_win10,19,SOX,1,21,2026-02-06,2026-03-09,30,-0.034834102532994016,0.0012525144611248021,0.0,0.2710261557401446,-0.07363766115994295,0.03608661699411883,0.2,0.6666666666666666,1.2333333333333334,0.4222222222222223
S15_rs_win10,15,rs_win10,20,QQQ,5,105,2026-01-16,2026-06-17,30,0.16444163152874536,0.05907088016142681,0.0,0.15744544244958583,-0.09106618816839841,-0.10537075136731855,0.4,0.23333333333333334,3.1666666666666665,0.2238095238095238
S15_rs_win10,15,rs_win10,21,QQQ,1,21,2026-02-13,2026-03-16,30,-0.0025583859533216957,-0.007436668441940408,0.0,-0.23764621752074142,-0.026704747655761595,-0.004878282488618713,0.1,0.7,0.6666666666666666,0.27460317460317457
S15_rs_win10,15,rs_win10,22,SOX,5,105,2026-02-06,2026-07-09,30,0.6709269527981874,0.1421188412629889,0.05253182544208068,0.7589525590978912,-0.14009659595481955,-0.5288081115351985,0.6,0.1,3.7666666666666666,0.2714285714285714
S15_rs_win10,15,rs_win10,23,QQQ,2,42,2025-12-18,2026-02-19,30,-0.007983033464214917,0.030890870972346617,0.0,0.44920247360021043,-0.050302214147458765,0.03887390443656154,0.4,0.6666666666666666,1.6333333333333333,0.3984126984126985
S15_rs_win10,15,rs_win10,24,QQQ,2,42,2025-10-21,2025-12-18,30,-0.0037129792959096353,0.006085687455318707,0.0,-0.09469567038286567,-0.0549708499306761,0.009798666751228343,0.26666666666666666,0.5666666666666667,1.5,0.29444444444444445
S15_rs_win10,15,rs_win10,25,QQQ,5,105,2026-02-27,2026-07-29,30,0.09221700795686161,0.040567874673167664,0.009561483181720565,0.20878340152755445,-0.08403538567179135,-0.05164913328369394,0.5666666666666667,0.2,2.966666666666667,0.21269841269841272
S15_rs_win10,15,rs_win10,26,SOX,6,126,2025-10-17,2026-04-20,30,0.4519881329203801,0.24619592165819817,0.1317274200582197,0.802064500642624,-0.153020377515485,-0.2057922112621819,0.7,0.2,5.366666666666666,0.3341269841269841
S15_rs_win10,15,rs_win10,27,QQQ,6,126,2025-12-19,2026-06-23,30,0.1607758756765889,0.11858303245633131,0.0,0.33802229657299493,-0.11151506550522713,-0.04219284322025759,0.4666666666666667,0.3,3.8,0.3063492063492063
S15_rs_win10,15,rs_win10,28,QQQ,6,126,2025-12-04,2026-06-05,30,0.13471362524037267,0.030710439267199626,0.0,-0.07626510874196375,-0.10533729227424675,-0.10400318597317305,0.36666666666666664,0.2,3.7333333333333334,0.2304232804232804
S15_rs_win10,15,rs_win10,29,SOX,3,63,2026-01-15,2026-04-16,30,0.20455518129222927,0.07433429065715468,0.053512323530199524,0.7451936624436585,-0.11269209574340693,-0.1302208906350746,0.7,0.13333333333333333,2.9,0.328042328042328
S15_rs_win10,15,rs_win10,30,QQQ,4,84,2025-12-31,2026-05-01,30,0.0987939124472359,0.0552668997828125,0.0,0.43821838110270694,-0.09085474266359861,-0.0435270126644234,0.4666666666666667,0.3333333333333333,2.4,0.2952380952380952
S15_rs_win10,15,rs_win10,31,QQQ,6,126,2025-11-25,2026-05-28,30,0.21118173329763823,0.08365569648640539,0.0028330727424275004,0.3331140916053619,-0.09457665363455198,-0.12752603681123287,0.5,0.16666666666666666,3.1,0.30343915343915345
S15_rs_win10,15,rs_win10,32,SOX,4,84,2026-03-27,2026-07-28,30,0.5200115868577322,0.23931351702538747,0.17053193993603444,1.3928977266615916,-0.1254192089738045,-0.28069806983234463,0.7333333333333333,0.16666666666666666,2.7666666666666666,0.31706349206349205
S15_rs_win10,15,rs_win10,33,QQQ,3,63,2026-03-30,2026-06-29,30,0.2984088882574998,0.09165011545380206,0.0064971897881994645,0.7932508932722528,-0.0770728651429091,-0.20675877280369773,0.5333333333333333,0.16666666666666666,2.033333333333333,0.2608465608465608
S15_rs_win10,15,rs_win10,34,SOX,5,105,2025-10-30,2026-04-01,30,0.11078526247878706,0.09981930770947416,0.034224053088743545,0.17718446378170008,-0.13522799816455913,-0.01096595476931291,0.5666666666666667,0.3333333333333333,3.3666666666666667,0.33079365079365075
S15_rs_win10,15,rs_win10,35,QQQ,6,126,2026-02-03,2026-08-04,30,0.17686230267347236,0.020694203215437284,0.0,-0.10696212963099955,-0.0957702162231738,-0.15616809945803506,0.4666666666666667,0.13333333333333333,3.1666666666666665,0.19682539682539682
S15_rs_win10,15,rs_win10,36,SOX,1,21,2026-06-18,2026-07-20,30,-0.1803268361206325,-0.050638500574078225,0.0,-0.6094054006286925,-0.06660539758065859,0.1296883355465543,0.0,0.9,0.9,0.18730158730158727
S15_rs_win10,15,rs_win10,37,QQQ,2,42,2026-05-06,2026-07-07,30,0.02075343580941813,0.04209981956767843,0.0,0.6994975559111885,-0.059348934288425824,0.0213463837582603,0.4,0.36666666666666664,1.3333333333333333,0.2619047619047619
S15_rs_win10,15,rs_win10,38,SOX,6,126,2025-12-17,2026-06-18,30,1.2443213421607373,0.380103926524856,0.21939028505318547,1.2600227675995006,-0.17092323251257543,-0.8642174156358813,0.8666666666666667,0.03333333333333333,4.4,0.40423280423280417
S15_rs_win10,15,rs_win10,39,QQQ,6,126,2025-10-07,2026-04-08,30,0.005171232540085446,0.014895809797761209,-0.012319108729311967,-0.10783176878094129,-0.11144701915288414,0.009724577257675763,0.3,0.3,3.3666666666666667,0.2682539682539683
S15_rs_win10,15,rs_win10,40,SOX,5,105,2025-10-15,2026-03-17,30,0.18536519106480465,0.13385220476478718,0.07597538324633757,0.5389556005614066,-0.12995092491087476,-0.05151298630001744,0.6333333333333333,0.26666666666666666,3.9,0.3682539682539682
S15_rs_win10,15,rs_win10,41,QQQ,3,63,2026-04-27,2026-07-27,30,0.028061969323687208,0.06110638119794886,0.0,0.25799140386905234,-0.10449357038224902,0.03304441187426166,0.43333333333333335,0.3333333333333333,2.2,0.344973544973545
S15_rs_win10,15,rs_win10,42,QQQ,1,21,2026-06-29,2026-07-28,30,-0.06710588016329655,-0.013070597597659599,-0.01014813998532027,-0.44923877541123114,-0.060228280146382235,0.054035282565636944,0.13333333333333333,0.8666666666666667,1.2,0.40476190476190477
S15_rs_win10,15,rs_win10,43,SOX,5,105,2025-10-02,2026-03-04,30,0.21424413041310686,0.10708635824497398,0.041102169390666465,0.4179199510808511,-0.1351365758810578,-0.10715777216813288,0.5666666666666667,0.3,4.166666666666667,0.3488888888888889
S15_rs_win10,15,rs_win10,44,SOX,5,105,2025-10-23,2026-03-25,30,0.18865137711406743,0.13846267787877847,0.04133713894988744,0.4460022056808953,-0.14623244042068043,-0.05018869923528898,0.5666666666666667,0.3333333333333333,3.566666666666667,0.35460317460317453
S15_rs_win10,15,rs_win10,45,QQQ,3,63,2026-01-28,2026-04-28,30,0.03973213750874849,-0.0007222671658285126,0.0,-0.339453287445492,-0.05562447077362168,-0.04045440467457699,0.26666666666666666,0.13333333333333333,1.6333333333333333,0.18888888888888886
S15_rs_win10,15,rs_win10,46,QQQ,6,126,2025-12-22,2026-06-24,30,0.1503333880697204,0.08639495539727375,0.0030428645246796115,0.2805798621354091,-0.11809313191652006,-0.06393843267244666,0.5,0.3,3.933333333333333,0.2785714285714286
S15_rs_win10,15,rs_win10,47,QQQ,6,126,2025-09-29,2026-03-30,30,-0.0651810010977204,-0.024675233131318607,-0.02618076587328705,-0.2484210191439578,-0.11772112751611837,0.040505767966401804,0.26666666666666666,0.6333333333333333,3.9,0.26481481481481484
S15_rs_win10,15,rs_win10,48,SOX,5,105,2026-01-20,2026-06-18,30,0.8975774471764595,0.2313164088416729,0.18189664639736536,0.8545062786473884,-0.14668477813422923,-0.6662610383347866,0.7333333333333333,0.1,3.7666666666666666,0.31174603174603177
S15_rs_win10,15,rs_win10,49,SOX,3,63,2026-02-05,2026-05-06,30,0.5330602041589019,0.1588202879024071,0.06591299786167892,1.097646590059615,-0.1352300610863071,-0.3742399162564949,0.6666666666666666,0.16666666666666666,3.1666666666666665,0.3492063492063491
S15_rs_win10,15,rs_win10,50,QQQ,6,126,2025-12-02,2026-06-03,30,0.1995313262802476,-0.0068516711943408725,-0.009715789227387528,-0.35763831222153625,-0.10945223257558624,-0.20638299747458846,0.3333333333333333,0.06666666666666667,3.2333333333333334,0.21216931216931217
S15_rs_win10,15,rs_win10,51,QQQ,5,105,2026-02-27,2026-07-29,30,0.09221700795686161,-0.018886930689379366,-0.01969708172452722,-0.16718542017731763,-0.14124655316508922,-0.11110393864624098,0.43333333333333335,0.2,3.8333333333333335,0.2777777777777778
S15_rs_win10,15,rs_win10,52,SOX,1,21,2026-03-19,2026-04-17,30,0.22195763688970294,0.09113101939251625,0.0,2.603547692904749,-0.04272074612440121,-0.13082661749718671,0.4666666666666667,0.16666666666666666,0.8,0.31111111111111106
S15_rs_win10,15,rs_win10,53,SOX,3,63,2025-12-02,2026-03-04,30,0.1294426902991177,0.14444463472534425,0.13094535330823653,0.9721799289172427,-0.10688268270984788,0.01500194442622652,0.6666666666666666,0.5,2.3333333333333335,0.526984126984127
S15_rs_win10,15,rs_win10,54,QQQ,3,63,2026-01-14,2026-04-15,30,0.0301085387825073,-0.009660074082682716,0.0,-0.5657897920165756,-0.06009340825062883,-0.03976861286519002,0.3,0.23333333333333334,2.1333333333333333,0.23015873015873017
S15_rs_win10,15,rs_win10,55,QQQ,1,21,2026-01-23,2026-02-23,30,-0.03422088084718833,0.004222306498673548,0.0,-0.22555612550022994,-0.029472674740888806,0.03844318734586188,0.26666666666666666,0.9333333333333333,0.9333333333333333,0.23174603174603173
S15_rs_win10,15,rs_win10,56,SOX,1,21,2025-11-05,2025-12-04,30,0.0026517159632100107,-0.005141007522633545,0.0,0.45690947878710303,-0.04159986281040243,-0.007792723485843556,0.23333333333333334,0.23333333333333334,0.8333333333333334,0.1936507936507936
S15_rs_win10,15,rs_win10,57,SOX,2,42,2026-05-13,2026-07-14,30,0.07552608567751218,0.029030396536965913,0.0,0.42103436346415274,-0.07583584746806787,-0.04649568914054627,0.36666666666666664,0.2,1.3333333333333333,0.21825396825396828
S15_rs_win10,15,rs_win10,58,SOX,5,105,2026-02-06,2026-07-09,30,0.6709269527981874,0.17557101970879493,0.07756818411705046,1.0776056075488063,-0.14377019979261238,-0.49535593308939235,0.7,0.1,4.033333333333333,0.30380952380952375
S15_rs_win10,15,rs_win10,59,QQQ,4,84,2026-02-05,2026-06-05,30,0.18243470414134189,0.024244916982668566,0.0,-0.138650019330822,-0.07542013507458464,-0.15818978715867338,0.36666666666666664,0.06666666666666667,1.7333333333333334,0.15396825396825395
S15_rs_win10,15,rs_win10,60,SOX,2,42,2026-05-12,2026-07-13,30,0.07341791985696511,0.05307270627756136,0.0,0.3612877967008706,-0.08067667285138119,-0.020345213579403745,0.4666666666666667,0.3,1.3333333333333333,0.23095238095238094
S15_rs_win10,15,rs_win10,61,QQQ,1,21,2026-07-09,2026-08-06,29,-0.011931761604425883,-0.00850544462093723,0.0,-0.08234389569620595,-0.053290191938325154,0.0034263169834886547,0.3103448275862069,0.6896551724137931,1.103448275862069,0.34811165845648595
S15_rs_win10,15,rs_win10,62,SOX,1,21,2026-02-05,2026-03-06,30,-0.022126048821570543,0.009241719946892817,0.0,-0.3437952920812988,-0.07323102281128255,0.03136776876846335,0.16666666666666666,0.7,1.1,0.4222222222222222
S15_rs_win10,15,rs_win10,63,QQQ,4,84,2025-11-18,2026-03-20,30,-0.022639332362616393,0.007527130139402941,0.0,-0.14279900188107364,-0.08927549355212407,0.030166462502019334,0.4,0.7333333333333333,2.566666666666667,0.3452380952380951
S15_rs_win10,15,rs_win10,64,QQQ,4,84,2025-10-31,2026-03-04,30,-0.027871477856247773,0.026917381923051938,0.0,0.4125240004956316,-0.08507425201648186,0.054788859779299696,0.4666666666666667,0.7666666666666667,2.8666666666666667,0.3142857142857143
S15_rs_win10,15,rs_win10,65,QQQ,6,126,2025-11-06,2026-05-08,30,0.1657335623806162,0.018763729904032637,0.00657744166498464,0.11489650790314213,-0.10504336922422268,-0.14696983247658357,0.5,0.13333333333333333,3.466666666666667,0.27671957671957675
S15_rs_win10,15,rs_win10,66,QQQ,1,21,2025-10-17,2025-11-14,30,0.00816308065766358,-0.005304880499615635,0.0,-0.2615359907566987,-0.03691685061203345,-0.013467961157279214,0.16666666666666666,0.16666666666666666,0.7666666666666667,0.32063492063492055
S15_rs_win10,15,rs_win10,67,SOX,1,21,2026-04-21,2026-05-19,30,0.18074629026656952,0.06397639685367985,0.00763962025963949,1.4535400416282271,-0.0736911566513284,-0.1167698934128897,0.5333333333333333,0.16666666666666666,1.2,0.5285714285714286
S15_rs_win10,15,rs_win10,68,QQQ,4,84,2026-01-26,2026-05-26,30,0.1690609295520853,0.03221820322073146,0.0,0.09118297420137027,-0.096047696809946,-0.13684272633135383,0.43333333333333335,0.16666666666666666,2.2666666666666666,0.2464285714285714
S15_rs_win10,15,rs_win10,69,SOX,1,21,2026-01-27,2026-02-25,30,0.04819412775311882,0.024469147135009018,0.0,0.9125817822804826,-0.05278449601092831,-0.023724980618109803,0.43333333333333335,0.26666666666666666,1.0666666666666667,0.4095238095238095
S15_rs_win10,15,rs_win10,70,QQQ,6,126,2025-10-31,2026-05-04,30,0.07237117072340404,-0.011009530285830878,0.0,-0.16111097346548753,-0.11902213925581102,-0.08338070100923492,0.43333333333333335,0.3,3.466666666666667,0.24867724867724866
S15_rs_win10,15,rs_win10,71,SOX,6,126,2026-01-12,2026-07-14,30,0.7210223257714317,0.20777192964182384,0.11774036157610934,0.7600064721123369,-0.16488725006445562,-0.5132503961296079,0.7666666666666667,0.06666666666666667,4.466666666666667,0.2968253968253968
S15_rs_win10,15,rs_win10,72,QQQ,5,105,2025-11-06,2026-04-09,30,0.00012518616434498142,-0.03298053378655719,0.0,-0.5101385093766901,-0.11090779382691109,-0.03310571995090217,0.3333333333333333,0.3333333333333333,2.9,0.24349206349206348
S15_rs_win10,15,rs_win10,73,QQQ,5,105,2026-02-26,2026-07-28,30,0.11136006099048901,-0.0015270107037050674,0.0,-0.09693768600983461,-0.13365423540028934,-0.11288707169419405,0.4,0.16666666666666666,3.3333333333333335,0.24755102040816324
S15_rs_win10,15,rs_win10,74,QQQ,5,105,2026-01-14,2026-06-15,30,0.20238584863226716,0.10855488421116541,0.010568599483860353,0.44484975492737394,-0.09790023045291149,-0.09383096442110175,0.5,0.23333333333333334,3.2666666666666666,0.26317460317460317
S15_rs_win10,15,rs_win10,75,QQQ,4,84,2026-02-26,2026-06-26,30,0.16241268316176072,0.0008799088213089797,-0.04267194133535723,-0.45061292133594344,-0.12171655228461428,-0.1615327743404517,0.3333333333333333,0.13333333333333333,2.6333333333333333,0.24563492063492065
S15_rs_win10,15,rs_win10,76,QQQ,3,63,2026-03-11,2026-06-09,30,0.16625675102371518,0.07264284431833579,0.0017466605414125924,0.031474526742742856,-0.09915122690174666,-0.0936139067053794,0.5,0.26666666666666666,2.6666666666666665,0.3275132275132274
S15_rs_win10,15,rs_win10,77,QQQ,5,105,2025-10-08,2026-03-10,30,-0.004721494255199743,0.011209700829310061,0.0,0.12801140365843294,-0.09134865178535609,0.015931195084509804,0.43333333333333335,0.6333333333333333,3.1333333333333333,0.31936507936507935
S15_rs_win10,15,rs_win10,78,SOX,2,42,2025-11-19,2026-01-21,30,0.23806021804490118,0.13163865786527923,0.11998066055506273,1.9617749383315062,-0.07700747620897073,-0.10642156017962195,0.7666666666666667,0.2,1.6333333333333333,0.4968253968253968
S15_rs_win10,15,rs_win10,79,SOX,1,21,2026-03-04,2026-04-01,30,-0.008172991300146037,-0.008659847072181703,0.0,-0.7233487401828728,-0.056870481299113616,-0.0004868557720356659,0.26666666666666666,0.6333333333333333,1.3333333333333333,0.21904761904761907
S15_rs_win10,15,rs_win10,80,QQQ,4,84,2025-12-03,2026-04-06,30,-0.05375733906904234,-0.02214915295256822,-0.00019999999999997797,-0.2618201503815985,-0.09298733006030539,0.03160818611647412,0.3,0.6666666666666666,2.6666666666666665,0.27539682539682536
S15_rs_win10,15,rs_win10,81,SOX,4,84,2025-10-08,2026-02-06,30,0.19716212143218748,0.14819454245469948,0.033519325422048274,0.7497736678905691,-0.11649134601060368,-0.04896757897748796,0.6333333333333333,0.3,3.7666666666666666,0.3769841269841269
S15_rs_win10,15,rs_win10,82,QQQ,6,126,2025-12-08,2026-06-09,30,0.13672651076996623,0.08444061467469344,0.0,0.2807633893925349,-0.12272351691398238,-0.05228589609527279,0.4666666666666667,0.3,3.933333333333333,0.3201058201058201
S15_rs_win10,15,rs_win10,83,QQQ,1,21,2026-03-11,2026-04-09,30,0.005380180566917803,-0.02772665073398998,0.0,-1.0751995839394568,-0.04837949754260478,-0.03310683130090778,0.1,0.1,1.2,0.2984126984126984
S15_rs_win10,15,rs_win10,84,QQQ,4,84,2025-12-17,2026-04-20,30,0.07999528634678099,0.04051202313104057,0.0,0.2163004962528681,-0.09363379178715499,-0.03948326321574042,0.43333333333333335,0.36666666666666664,2.3666666666666667,0.3115079365079365
S15_rs_win10,15,rs_win10,85,QQQ,2,42,2025-11-03,2026-01-02,30,-0.028746473865049027,-0.025245120387320723,-0.0023896134059295804,-0.8738127919683573,-0.06830150244390372,0.003501353477728305,0.2,0.6333333333333333,1.6666666666666667,0.342063492063492
S15_rs_win10,15,rs_win10,86,QQQ,2,42,2026-01-05,2026-03-05,30,-0.01469276813589071,-0.0011822787780534103,-0.005072862246380094,-0.04924737967092537,-0.06566616534400248,0.0135104893578373,0.26666666666666666,0.5666666666666667,1.6666666666666667,0.4158730158730159
S15_rs_win10,15,rs_win10,87,SOX,1,21,2026-03-27,2026-04-27,30,0.4078458770475448,0.12497717584055099,0.0407848141278776,3.0951409251605444,-0.03243515715849055,-0.28286870120699376,0.6,0.13333333333333333,0.8,0.39841269841269844
S15_rs_win10,15,rs_win10,88,QQQ,3,63,2026-04-06,2026-07-06,30,0.2295910251884461,0.10077476299829952,0.0034667493269869842,0.39059300206133546,-0.06973747934477291,-0.12881626219014658,0.5,0.13333333333333333,1.9,0.21164021164021163
S15_rs_win10,15,rs_win10,89,SOX,1,21,2026-02-17,2026-03-17,30,-0.03852128566314783,-0.03183830849731936,-0.020476570754338064,-1.7555224448151385,-0.08625589016334781,0.006682977165828467,0.13333333333333333,0.5333333333333333,1.2666666666666666,0.41904761904761906
S15_rs_win10,15,rs_win10,90,QQQ,4,84,2025-11-19,2026-03-23,30,-0.017287005361245833,0.0023540688562720255,0.0,-0.24391605285756457,-0.0804122127617444,0.01964107421751786,0.3,0.6333333333333333,2.3,0.26746031746031745
S15_rs_win10,15,rs_win10,91,SOX,4,84,2026-03-30,2026-07-29,30,0.5017295329241036,0.2830120665719545,0.2104754858528497,1.4130944899175308,-0.12145824871697689,-0.2187174663521491,0.7666666666666667,0.23333333333333334,2.8333333333333335,0.33015873015873015
S15_rs_win10,15,rs_win10,92,QQQ,6,126,2026-01-29,2026-07-30,30,0.08854690776025209,0.028777340159560568,0.0,0.1697319924126959,-0.11387339784113824,-0.05976956760069152,0.4666666666666667,0.26666666666666666,4.033333333333333,0.2579365079365079
S15_rs_win10,15,rs_win10,93,SOX,6,126,2026-01-02,2026-07-06,30,0.8557958290728414,0.23817739583785452,0.148407960238376,1.2101759032130348,-0.1688027911440301,-0.6176184332349867,0.8333333333333334,0.03333333333333333,4.433333333333334,0.3656084656084656
S15_rs_win10,15,rs_win10,94,SOX,6,126,2025-11-14,2026-05-18,30,0.722246423685857,0.17411529686994007,0.11453042020876936,0.6664333394114568,-0.16747641116324383,-0.548131126815917,0.7,0.06666666666666667,4.566666666666666,0.4002645502645502
S15_rs_win10,15,rs_win10,95,QQQ,2,42,2026-03-31,2026-05-29,30,0.2791676935415708,0.04756781961873632,0.0,0.40516064044556593,-0.038887885067502924,-0.2315998739228345,0.3,0.1,1.1666666666666667,0.24761904761904763
S15_rs_win10,15,rs_win10,96,QQQ,5,105,2025-12-30,2026-06-01,30,0.2005821725652166,0.048016736130820595,0.0,0.11350153863661744,-0.1212497280982827,-0.15256543643439596,0.4666666666666667,0.16666666666666666,2.933333333333333,0.23936507936507934
S15_rs_win10,15,rs_win10,97,QQQ,3,63,2025-12-11,2026-03-13,30,-0.049706033008946826,-0.00022286185090087212,0.0,-0.13255898821297227,-0.081382798459917,0.04948317115804594,0.36666666666666664,0.8,1.7666666666666666,0.37037037037037035
S15_rs_win10,15,rs_win10,98,SOX,4,84,2026-02-11,2026-06-11,30,0.6304597186401415,0.12112412234938645,0.04446863485263963,0.6580206375077042,-0.15135418437543635,-0.509335596290755,0.5666666666666667,0.1,3.533333333333333,0.3011904761904762
S15_rs_win10,15,rs_win10,99,SOX,3,63,2026-05-07,2026-08-06,30,0.0820800255785783,0.061993481543074935,0.0,-0.014023093643468305,-0.08277583714634949,-0.020086544035503365,0.43333333333333335,0.3,1.9,0.15767195767195766
S16_rs_win15,16,rs_win15,0,SOX,4,84,2025-11-20,2026-03-24,30,0.27463645279540994,0.13360527839664685,0.0616152395266677,0.6900584959985454,-0.1314144364394695,-0.1410311743987631,0.6333333333333333,0.3,3.2666666666666666,0.44126984126984126
S16_rs_win15,16,rs_win15,1,SOX,3,63,2025-10-23,2026-01-23,30,0.18606147994154187,0.08157184333767412,0.02022982789872574,0.8471981496479601,-0.10275204625006067,-0.10448963660386776,0.6,0.2,2.066666666666667,0.38835978835978835
S16_rs_win15,16,rs_win15,2,QQQ,6,126,2025-10-15,2026-04-16,30,0.06622795984442065,0.02330840793476311,-0.00019999999999997797,0.010160647512715941,-0.13646799855026234,-0.042919551909657544,0.4666666666666667,0.4,4.266666666666667,0.3301587301587301
S16_rs_win15,16,rs_win15,3,QQQ,2,42,2026-05-26,2026-07-24,30,-0.06202844866377155,-0.006599335167715518,-0.0012048165779497966,0.10693113257015249,-0.09163822009412474,0.05542911349605603,0.3333333333333333,0.9,1.5,0.40952380952380957
S16_rs_win15,16,rs_win15,4,SOX,2,42,2026-03-23,2026-05-20,30,0.5458273139706242,0.1554979754760452,0.12306840235729177,1.6530259279160409,-0.08179930481255057,-0.39032933849457907,0.5666666666666667,0.1,1.2,0.37539682539682545
S16_rs_win15,16,rs_win15,5,SOX,6,126,2026-01-14,2026-07-16,30,0.6001172329057745,0.19018510250987042,0.11651284078737223,0.7188965943156764,-0.1421902318847051,-0.4099321303959041,0.7,0.1,4.133333333333334,0.2555555555555556
S16_rs_win15,16,rs_win15,6,QQQ,6,126,2025-12-26,2026-06-29,30,0.16332960211262604,0.07219417182786211,0.0,0.3209069657276661,-0.11578431988470293,-0.09113543028476394,0.4666666666666667,0.26666666666666666,4.033333333333333,0.2772486772486772
S16_rs_win15,16,rs_win15,7,SOX,2,42,2026-05-28,2026-07-28,30,-0.13657722345226686,-0.014984047537594362,0.0,-0.0626058356712035,-0.08681163489182109,0.1215931759146725,0.2,0.9,1.3666666666666667,0.17619047619047615
S16_rs_win15,16,rs_win15,8,SOX,1,21,2026-05-07,2026-06-05,30,0.0962914906206711,0.04429907395231747,0.0,0.0446693303032274,-0.04963653997901274,-0.051992416668353636,0.26666666666666666,0.2,0.7666666666666667,0.3349206349206349
S16_rs_win15,16,rs_win15,9,SOX,5,105,2025-11-10,2026-04-13,30,0.3051621432226552,0.08334940641178211,0.022242336087705095,0.4083905271303866,-0.16167879872472407,-0.2218127368108731,0.5333333333333333,0.16666666666666666,4.066666666666666,0.37619047619047624
S16_rs_win15,16,rs_win15,10,QQQ,5,105,2026-02-26,2026-07-28,30,0.11136006099048901,0.039879505544971404,0.0,-0.023599182729409567,-0.1187794170860287,-0.07148055544551761,0.4666666666666667,0.23333333333333334,3.6666666666666665,0.25814058956916097
S16_rs_win15,16,rs_win15,11,QQQ,3,63,2026-04-15,2026-07-15,30,0.12728071690725717,0.09038996989330003,0.006883217417460896,0.4338629026240495,-0.08369225722912103,-0.036890747013957136,0.5,0.26666666666666666,2.1666666666666665,0.3243386243386243
S16_rs_win15,16,rs_win15,12,SOX,3,63,2026-02-26,2026-05-27,30,0.5816352890778798,0.1228072621477754,0.07706566513093727,0.6147732912665183,-0.11632451954778465,-0.45882802693010427,0.6,0.03333333333333333,2.7,0.291005291005291
S16_rs_win15,16,rs_win15,13,QQQ,5,105,2025-11-28,2026-04-30,30,0.08105497074449874,0.03969597548812871,0.013925622214269517,0.1468821691528092,-0.10874511558653835,-0.04135899525637004,0.5333333333333333,0.3,3.1,0.30539682539682544
S16_rs_win15,16,rs_win15,14,SOX,3,63,2026-01-26,2026-04-24,30,0.34632694846343504,0.14381679800447897,0.0424651543414134,1.0950131205561406,-0.1077060891084318,-0.2025101504589561,0.5666666666666667,0.23333333333333334,2.8333333333333335,0.3052910052910052
S16_rs_win15,16,rs_win15,15,QQQ,1,21,2026-02-06,2026-03-09,30,-0.0031001579933559453,0.0017532692489367026,0.0,0.3448716871803607,-0.019902844926505348,0.004853427242292648,0.13333333333333333,0.8666666666666667,0.7,0.1587301587301587
S16_rs_win15,16,rs_win15,16,QQQ,5,105,2025-09-30,2026-03-02,30,0.014163735657475307,0.041562473286415956,-0.021355930901836018,-0.0694802621104535,-0.09536402901003099,0.02739873762894065,0.3,0.3,4.0,0.31301587301587297
S16_rs_win15,16,rs_win15,17,QQQ,2,42,2025-10-07,2025-12-04,30,0.030487481717877518,-0.00012648516344568873,0.0,-0.2508441111101626,-0.04601459624128477,-0.030613966881323208,0.26666666666666666,0.2,1.7,0.2658730158730158
S16_rs_win15,16,rs_win15,18,QQQ,6,126,2025-11-25,2026-05-28,30,0.21118173329763823,0.0717040368443939,0.03165685851120481,0.12202001949362147,-0.11126121174510861,-0.13947769645324434,0.5666666666666667,0.2,3.933333333333333,0.2962962962962962
S16_rs_win15,16,rs_win15,19,SOX,2,42,2025-10-30,2025-12-30,29,-0.00014145263440501488,-0.04372296083058709,-0.0022937773477530454,-0.82249550276923,-0.08875608911800728,-0.04358150819618209,0.13793103448275862,0.4827586206896552,1.5172413793103448,0.29064039408867004
S16_rs_win15,16,rs_win15,20,QQQ,6,126,2026-01-20,2026-07-21,30,0.16870703221565742,0.10874382985240065,0.03225662730817802,0.3410184368212963,-0.10730570263441101,-0.059963202363256744,0.6,0.23333333333333334,3.8,0.21402116402116403
S16_rs_win15,16,rs_win15,21,SOX,6,126,2025-12-29,2026-06-30,30,1.1009407814029069,0.3392153314939782,0.2602251278854306,1.337157119760708,-0.16029407674674992,-0.7617254499089288,0.8333333333333334,0.03333333333333333,4.3,0.3425925925925926
S16_rs_win15,16,rs_win15,22,QQQ,6,126,2025-12-26,2026-06-29,30,0.16332960211262604,0.004178869445421126,-0.004107337905105035,-0.12577416394569615,-0.1210412259990339,-0.1591507326672049,0.36666666666666664,0.13333333333333333,3.2333333333333334,0.22486772486772486
S16_rs_win15,16,rs_win15,23,QQQ,5,105,2025-10-08,2026-03-10,30,-0.004721494255199743,-0.003912768419326044,-0.022211966716777942,-0.3756179130695197,-0.10369861393542296,0.0008087258358736989,0.3333333333333333,0.4,3.433333333333333,0.3171428571428571
S16_rs_win15,16,rs_win15,24,QQQ,2,42,2025-10-02,2025-12-01,30,0.01888621970392479,-0.021837227411434387,0.0,-0.41097977860604984,-0.049752049682016256,-0.040723447115359176,0.2,0.13333333333333333,1.6333333333333333,0.2317460317460317
S16_rs_win15,16,rs_win15,25,QQQ,4,84,2025-12-17,2026-04-20,30,0.07999528634678099,0.041375538391846635,0.0026785224070104974,0.14153975117455794,-0.09052177014059488,-0.03861974795493436,0.5,0.3333333333333333,2.966666666666667,0.31706349206349205
S16_rs_win15,16,rs_win15,26,QQQ,2,42,2025-10-02,2025-12-01,30,0.01888621970392479,-0.0013103300688794655,0.0,0.019143981931063467,-0.0443253602097993,-0.020196549772804256,0.3,0.23333333333333334,1.8,0.2563492063492064
S16_rs_win15,16,rs_win15,27,SOX,6,126,2026-02-04,2026-08-05,30,0.6080850438562058,0.1385818214539262,0.06706583226643603,0.5431949559758694,-0.12627139783515767,-0.4695032224022796,0.6666666666666666,0.1,3.1666666666666665,0.2007936507936508
S16_rs_win15,16,rs_win15,28,QQQ,2,42,2026-04-29,2026-06-29,30,0.09569019467891438,0.06436099904157255,0.0,0.21416282352618593,-0.06842347407583493,-0.03132919563734182,0.4,0.2,1.4666666666666666,0.2738095238095238
S16_rs_win15,16,rs_win15,29,SOX,4,84,2025-12-19,2026-04-22,30,0.4410327035353976,0.2759915277215786,0.14368308888469317,1.7403916360529412,-0.13176259754808978,-0.165041175813819,0.8666666666666667,0.23333333333333334,3.2,0.43690476190476185
S16_rs_win15,16,rs_win15,30,SOX,2,42,2026-01-13,2026-03-13,30,-0.005940510746981431,0.06315716100699605,0.0,0.5494794551363508,-0.09753899633075327,0.06909767175397748,0.4666666666666667,0.6333333333333333,1.8333333333333333,0.4634920634920635
S16_rs_win15,16,rs_win15,31,QQQ,1,21,2026-07-02,2026-07-31,30,-0.03453548441582088,0.018159675479595214,0.0,0.12275114995558854,-0.06360616665716448,0.052695159895416094,0.4,0.7666666666666667,1.1333333333333333,0.4380952380952381
S16_rs_win15,16,rs_win15,32,SOX,3,63,2025-10-30,2026-01-30,30,0.13554688673971715,0.07212557003418585,0.02344536795365615,0.7218454411291843,-0.09962552051236087,-0.06342131670553132,0.6,0.3,1.9,0.41269841269841273
S16_rs_win15,16,rs_win15,33,SOX,1,21,2026-06-18,2026-07-20,30,-0.1803268361206325,-0.03991805736915186,0.0,-0.3466596196099068,-0.05678599934341007,0.14040877875148058,0.06666666666666667,0.9,0.8666666666666667,0.16984126984126982
S16_rs_win15,16,rs_win15,34,SOX,2,42,2025-12-01,2026-01-30,30,0.16801615720299035,0.08762033778311334,0.026338730472499905,1.0031576351638265,-0.08681612480158542,-0.080395819419877,0.6,0.3,1.4333333333333333,0.5555555555555556
S16_rs_win15,16,rs_win15,35,QQQ,6,126,2025-12-22,2026-06-24,30,0.1503333880697204,0.07932058103169111,0.0,0.19006035979347716,-0.13233504998652007,-0.07101280703802929,0.4666666666666667,0.3,4.133333333333334,0.26666666666666666
S16_rs_win15,16,rs_win15,36,QQQ,2,42,2026-03-04,2026-05-01,30,0.10519871120324598,0.01780329046245693,0.0,-0.13970253283598014,-0.06409856222815799,-0.08739542074078903,0.2,0.1,1.5,0.22301587301587303
S16_rs_win15,16,rs_win15,37,QQQ,5,105,2026-02-03,2026-07-06,30,0.1751877418375951,0.03642571219985902,0.0,0.054090336132977465,-0.0921696435755908,-0.1387620296377361,0.36666666666666664,0.16666666666666666,2.7666666666666666,0.1673015873015873
S16_rs_win15,16,rs_win15,38,QQQ,5,105,2026-02-13,2026-07-16,30,0.17558307182151967,0.020831959216997202,-0.009442074871788497,0.027896361397470662,-0.11032347510674591,-0.15475111260452248,0.36666666666666664,0.06666666666666667,3.1666666666666665,0.23206349206349203
S16_rs_win15,16,rs_win15,39,QQQ,5,105,2026-01-29,2026-06-30,30,0.17271009255476644,-0.02027981286947638,0.0,-0.11713521446021918,-0.10505314681801439,-0.19298990542424285,0.43333333333333335,0.03333333333333333,3.2666666666666666,0.22730158730158728
S16_rs_win15,16,rs_win15,40,SOX,2,42,2025-10-31,2025-12-31,29,-0.016176018524063362,-0.042328314874628854,-0.02197149087047412,-1.1348423590365067,-0.1030211675359989,-0.02615229635056549,0.13793103448275862,0.4482758620689655,1.5172413793103448,0.3661740558292283
S16_rs_win15,16,rs_win15,41,SOX,2,42,2026-01-14,2026-03-16,30,0.017866788219712992,0.03782001195273518,0.0,0.29987797970060837,-0.10865329889684548,0.019953223733022194,0.43333333333333335,0.36666666666666664,2.1333333333333333,0.4317460317460318
S16_rs_win15,16,rs_win15,42,QQQ,4,84,2026-03-30,2026-07-29,30,0.18660378409597467,0.06747581875379896,0.01836247417225567,0.6134588899369879,-0.09611924441293511,-0.1191279653421757,0.5666666666666667,0.2,2.2,0.2678571428571429
S16_rs_win15,16,rs_win15,43,QQQ,3,63,2025-11-03,2026-02-03,30,-0.02336041690552204,0.007514043114860351,0.0,-0.2605247530135403,-0.07211119365682382,0.030874460020382393,0.36666666666666664,0.7,2.0,0.3486772486772487
S16_rs_win15,16,rs_win15,44,SOX,1,21,2026-02-04,2026-03-05,30,0.02233789229256522,0.028482598688662878,0.0,-0.24223635558496595,-0.06561260876450405,0.006144706396097662,0.4,0.3333333333333333,1.1333333333333333,0.4904761904761905
S16_rs_win15,16,rs_win15,45,QQQ,5,105,2026-01-08,2026-06-09,30,0.14223493918702856,0.04380005123089994,-0.011945953988171276,-0.21267773125980713,-0.10812001266893738,-0.09843488795612863,0.4,0.26666666666666666,3.566666666666667,0.21079365079365078
S16_rs_win15,16,rs_win15,46,SOX,5,105,2025-09-30,2026-03-02,30,0.3004050605141946,0.21058598373267534,0.07889978673375786,0.8177326029178338,-0.13056126737525406,-0.08981907678151925,0.6,0.36666666666666664,4.133333333333334,0.39555555555555555
S16_rs_win15,16,rs_win15,47,QQQ,2,42,2025-12-26,2026-02-26,30,-0.0234817829645505,0.03226205275035656,0.0,0.23985844657854544,-0.049078258854439956,0.05574383571490706,0.26666666666666666,0.8,1.1666666666666667,0.28809523809523807
S16_rs_win15,16,rs_win15,48,QQQ,1,21,2025-12-04,2026-01-05,30,-0.0066681384448287195,0.0037547266240004853,0.0,-0.29686730840060943,-0.029814927863067716,0.010422865068829204,0.26666666666666666,0.7333333333333333,0.7666666666666667,0.3809523809523809
S16_rs_win15,16,rs_win15,49,SOX,3,63,2026-05-07,2026-08-06,30,0.0820800255785783,0.06408646540946715,0.0,0.10569959129696702,-0.08299080578883704,-0.01799356016911114,0.4666666666666667,0.3333333333333333,1.9,0.1603174603174603
S16_rs_win15,16,rs_win15,50,SOX,1,21,2026-03-23,2026-04-21,30,0.2498886535065845,0.08440469256452536,0.014152733132192341,2.666651966711088,-0.04208396061458246,-0.16548396094205917,0.5666666666666667,0.13333333333333333,0.9333333333333333,0.3253968253968254
S16_rs_win15,16,rs_win15,51,QQQ,4,84,2025-11-12,2026-03-16,30,-0.03208366481758784,-0.03844896478224143,-0.040457465104970725,-0.8440785416705884,-0.10635336789688546,-0.006365299964653578,0.26666666666666666,0.4666666666666667,2.6666666666666665,0.29444444444444445
S16_rs_win15,16,rs_win15,52,QQQ,5,105,2025-10-27,2026-03-27,30,-0.10201551207157666,-0.01445230773508008,-0.023218924417926667,-0.42060197887609474,-0.09756264054457989,0.0875632043364966,0.3333333333333333,0.8,3.1666666666666665,0.2825396825396826
S16_rs_win15,16,rs_win15,53,SOX,3,63,2026-02-05,2026-05-06,30,0.5330602041589019,0.12354221350542198,0.03883487210277248,1.2370101668398101,-0.11128535146730192,-0.40951799065347994,0.6333333333333333,0.1,2.3333333333333335,0.2761904761904762
S16_rs_win15,16,rs_win15,54,SOX,5,105,2025-11-04,2026-04-07,30,0.17627793559031546,0.14742777850974417,0.03726489293348867,0.610107584359307,-0.14968300119458078,-0.02885015708057126,0.6,0.36666666666666664,3.7666666666666666,0.3923809523809523
S16_rs_win15,16,rs_win15,55,SOX,3,63,2026-01-02,2026-04-02,30,0.0832963162760747,0.08437940213295428,0.05468308010721745,0.9633072581389244,-0.11565396989725413,0.0010830858568795583,0.5666666666666667,0.43333333333333335,2.3666666666666667,0.36455026455026446
S16_rs_win15,16,rs_win15,56,QQQ,6,126,2025-10-28,2026-04-29,30,0.047932829404818245,-0.03347144620438658,-0.018404112977631948,-0.4571602978276202,-0.1296850864539025,-0.08140427560920482,0.26666666666666666,0.23333333333333334,4.633333333333334,0.24814814814814815
S16_rs_win15,16,rs_win15,57,QQQ,6,126,2025-11-14,2026-05-18,30,0.16230450246980266,0.020527562073626545,0.0,-0.18615847470845087,-0.10661071890513399,-0.1417769403961761,0.3,0.13333333333333333,3.033333333333333,0.22142857142857145
S16_rs_win15,16,rs_win15,58,QQQ,2,42,2025-11-06,2026-01-07,30,0.021505080204772486,-0.004741190074208567,0.0,-0.4312364496904204,-0.06751206664124165,-0.026246270278981056,0.3333333333333333,0.16666666666666666,1.6666666666666667,0.2992063492063492
S16_rs_win15,16,rs_win15,59,SOX,4,84,2025-12-17,2026-04-20,30,0.4648081147109824,0.2606590031432016,0.14228528094854198,1.2728887049555089,-0.12201947324206792,-0.20414911156778082,0.7333333333333333,0.23333333333333334,3.533333333333333,0.40952380952380957
S16_rs_win15,16,rs_win15,60,QQQ,2,42,2026-02-11,2026-04-13,30,0.008250535771430423,-0.014864020975668413,0.0,-0.31018384487286776,-0.049079109069485774,-0.023114556747098836,0.2,0.13333333333333333,1.1,0.20873015873015874
S16_rs_win15,16,rs_win15,61,QQQ,3,63,2026-01-05,2026-04-06,30,-0.046518387343564616,-0.009718152455353391,0.0,-0.1123248334437086,-0.09441272177711053,0.03680023488821123,0.3333333333333333,0.7,2.3333333333333335,0.30317460317460315
S16_rs_win15,16,rs_win15,62,QQQ,1,21,2026-04-09,2026-05-07,30,0.13889108354489643,0.011293471424772406,0.0,0.11620940295030685,-0.030553906030044705,-0.12759761212012405,0.2,0.03333333333333333,0.5333333333333333,0.24444444444444444
S16_rs_win15,16,rs_win15,63,SOX,3,63,2026-03-17,2026-06-15,30,0.847901385675905,0.22071536966439562,0.10783475021517996,1.8387426138802734,-0.09383970779227706,-0.6271860160115094,0.7333333333333333,0.0,2.066666666666667,0.36772486772486773
S16_rs_win15,16,rs_win15,64,SOX,4,84,2025-11-17,2026-03-19,30,0.2022442632088568,0.12302295271054878,0.06940781390415707,0.7155954956497815,-0.12671897310506414,-0.07922131049830802,0.5666666666666667,0.26666666666666666,3.1666666666666665,0.4484126984126985
S16_rs_win15,16,rs_win15,65,SOX,4,84,2026-04-01,2026-07-31,30,0.4920828923917304,0.15970218860881408,0.06970286536416759,0.9939497630884714,-0.11320017799027642,-0.33238070378291634,0.6,0.06666666666666667,2.4,0.22976190476190475
S16_rs_win15,16,rs_win15,66,SOX,1,21,2026-03-30,2026-04-28,30,0.41615281350069555,0.13182517911716524,0.009242623826938745,2.029208494618225,-0.05022674110494855,-0.28432763438353026,0.5333333333333333,0.16666666666666666,0.8666666666666667,0.3952380952380953
S16_rs_win15,16,rs_win15,67,SOX,5,105,2026-02-19,2026-07-21,30,0.5548929787666061,0.15137696183369523,0.023517954849719747,0.658344156802838,-0.12649130769353795,-0.40351601693291095,0.5333333333333333,0.1,3.1,0.2234920634920635
S16_rs_win15,16,rs_win15,68,SOX,5,105,2026-02-25,2026-07-27,30,0.40432970743629215,0.08602610686754628,-0.011056767818230229,0.24467522263161234,-0.13530647461021145,-0.3183036005687459,0.4666666666666667,0.06666666666666667,3.2666666666666666,0.1984126984126984
S16_rs_win15,16,rs_win15,69,SOX,6,126,2025-10-03,2026-04-06,30,0.23166343217211383,0.10263685491306145,0.01875812663839005,0.3586988503402341,-0.1634885725324101,-0.12902657725905237,0.5333333333333333,0.26666666666666666,4.466666666666667,0.3484126984126984
S16_rs_win15,16,rs_win15,70,SOX,2,42,2026-01-09,2026-03-11,30,0.04048293395479541,0.07133257319892519,0.0,0.6019557076675989,-0.11566324164275027,0.03084963924412979,0.4666666666666667,0.4,2.2666666666666666,0.5055555555555556
S16_rs_win15,16,rs_win15,71,QQQ,6,126,2025-10-17,2026-04-20,30,0.07370041195774979,0.0046033083606279775,-0.01665011355291257,-0.1896926105727196,-0.10622178331418615,-0.06909710359712179,0.3333333333333333,0.26666666666666666,3.3333333333333335,0.24179894179894182
S16_rs_win15,16,rs_win15,72,QQQ,6,126,2026-02-05,2026-08-06,30,0.1998349779688826,0.14457433493376032,0.09394627272135903,0.8555741955947752,-0.1063736873597557,-0.0552606430351223,0.7333333333333333,0.26666666666666666,3.7333333333333334,0.2656383712905452
S16_rs_win15,16,rs_win15,73,SOX,3,63,2026-02-17,2026-05-15,30,0.4369761928323892,0.09709633261584981,0.0521207696312973,0.503119386061458,-0.12307335852120198,-0.33987986021653943,0.5333333333333333,0.1,2.6666666666666665,0.2915343915343915
S16_rs_win15,16,rs_win15,74,SOX,1,21,2025-10-16,2025-11-13,30,0.0013842045260121782,0.012986982096325225,0.0,-0.019925958370519185,-0.02967853338311765,0.011602777570313047,0.13333333333333333,0.13333333333333333,0.7,0.2380952380952381
S16_rs_win15,16,rs_win15,75,SOX,1,21,2026-05-04,2026-06-02,30,0.3093970527560006,0.09911117648268032,0.0,1.3597936311910794,-0.05370157255214188,-0.21028587627332035,0.4666666666666667,0.1,0.9333333333333333,0.3936507936507937
S16_rs_win15,16,rs_win15,76,QQQ,4,84,2025-09-30,2026-01-29,30,0.049754184997484296,0.029838875575694306,0.0,0.06212161099197146,-0.07531905955616078,-0.01991530942178999,0.43333333333333335,0.26666666666666666,2.533333333333333,0.2992063492063492
S16_rs_win15,16,rs_win15,77,QQQ,1,21,2026-01-29,2026-02-27,30,-0.03517456307352229,0.004816172783692107,0.0,-0.07031110544985723,-0.016024876535918345,0.0399907358572144,0.16666666666666666,0.9,0.5666666666666667,0.15396825396825395
S16_rs_win15,16,rs_win15,78,QQQ,2,42,2026-01-13,2026-03-13,30,-0.05192901703434083,0.017657644413187384,0.0,0.12313239708973897,-0.04269461322794919,0.06958666144752823,0.36666666666666664,0.8666666666666667,1.5333333333333334,0.303968253968254
S16_rs_win15,16,rs_win15,79,SOX,5,105,2026-02-23,2026-07-23,30,0.5465543014433882,0.16772580503080775,0.06718344568192458,0.7933468103178388,-0.1374141943200892,-0.3788284964125805,0.6,0.1,3.533333333333333,0.23523809523809522
S16_rs_win15,16,rs_win15,80,SOX,2,42,2026-01-21,2026-03-20,30,-0.04430728599049949,0.0045336963979794405,-0.03183518068952773,0.305640488294436,-0.10385914453890743,0.048840982388478914,0.3333333333333333,0.5666666666666667,2.2666666666666666,0.3769841269841271
S16_rs_win15,16,rs_win15,81,SOX,4,84,2026-02-13,2026-06-15,30,0.7739126165169099,0.1223438533702677,0.010113069949760023,0.594604666466567,-0.12467527113329847,-0.651568763146642,0.5333333333333333,0.06666666666666667,3.066666666666667,0.24126984126984125
S16_rs_win15,16,rs_win15,82,SOX,3,63,2026-03-12,2026-06-10,30,0.6410055559503296,0.1589207011843128,0.02533136295113647,0.9593000807984727,-0.09915945889269742,-0.4820848547660167,0.6333333333333333,0.03333333333333333,2.2,0.3677248677248678
S16_rs_win15,16,rs_win15,83,QQQ,2,42,2026-03-24,2026-05-21,30,0.22351794547171444,0.02685522421983837,0.0,0.05453074755127367,-0.0655756487585577,-0.19666272125187606,0.3,0.06666666666666667,1.3333333333333333,0.2563492063492064
S16_rs_win15,16,rs_win15,84,QQQ,3,63,2026-01-15,2026-04-16,30,0.03135759972748864,0.020250929087218265,0.0,0.5321697989858317,-0.060797082270898355,-0.011106670640270374,0.4666666666666667,0.3,2.5,0.2883597883597884
S16_rs_win15,16,rs_win15,85,SOX,1,21,2026-04-10,2026-05-08,30,0.3458354762118372,0.1511527082438799,0.08004120230235912,2.6874519155291465,-0.06188876796248736,-0.19468276796795728,0.6,0.13333333333333333,1.1333333333333333,0.49206349206349204
S16_rs_win15,16,rs_win15,86,QQQ,5,105,2026-01-21,2026-06-22,30,0.20025391761585465,0.020528982691298516,0.0,0.2618088894571168,-0.08914423850527227,-0.1797249349245561,0.3333333333333333,0.1,2.7,0.18
S16_rs_win15,16,rs_win15,87,SOX,1,21,2026-02-18,2026-03-18,30,-0.05426237751417151,-0.037681996918415006,0.0,-1.467870609007922,-0.06872698377288936,0.01658038059575651,0.1,0.6333333333333333,1.1333333333333333,0.33174603174603173
S16_rs_win15,16,rs_win15,88,SOX,2,42,2025-12-16,2026-02-17,30,0.19547601508441925,0.2263411115218364,0.21360487038957443,2.313234516725087,-0.06541559984953484,0.030865096437417132,0.7666666666666667,0.5666666666666667,1.8333333333333333,0.6190476190476191
S16_rs_win15,16,rs_win15,89,SOX,5,105,2026-01-22,2026-06-23,30,0.7324359171506643,0.13133498477555222,0.06903210634665402,0.7085076562409898,-0.13862022462018211,-0.6011009323751119,0.6,0.03333333333333333,4.066666666666666,0.28825396825396826
S16_rs_win15,16,rs_win15,90,QQQ,3,63,2026-01-29,2026-04-29,30,0.0523874382586722,-0.014597576669714608,0.0,-0.42596033021375324,-0.07555354975147172,-0.06698501492838682,0.26666666666666666,0.16666666666666666,2.433333333333333,0.23492063492063486
S16_rs_win15,16,rs_win15,91,SOX,2,42,2026-05-11,2026-07-10,30,0.09170371995405624,0.03980982069460394,0.0,0.5360634588081358,-0.07334651441725006,-0.0518938992594523,0.4,0.16666666666666666,1.5666666666666667,0.19999999999999998
S16_rs_win15,16,rs_win15,92,SOX,3,63,2026-02-06,2026-05-07,30,0.4136273871078817,0.12598102436891687,0.038037485895528134,1.0661369878316225,-0.10716489489912603,-0.2876463627389649,0.5333333333333333,0.13333333333333333,2.466666666666667,0.31481481481481477
S16_rs_win15,16,rs_win15,93,QQQ,3,63,2025-12-31,2026-04-01,30,-0.04763590208088819,0.016100528473953192,0.0,-0.26739633497429843,-0.07820143790438132,0.06373643055484139,0.4,0.6666666666666666,2.2666666666666666,0.30423280423280413
S16_rs_win15,16,rs_win15,94,QQQ,3,63,2025-12-31,2026-04-01,30,-0.04763590208088819,0.017122624121100306,0.0,0.05211523117430957,-0.08593092280045453,0.06475852620198849,0.4,0.7333333333333333,3.066666666666667,0.36719576719576724
S16_rs_win15,16,rs_win15,95,QQQ,2,42,2026-03-18,2026-05-15,30,0.19318179714644823,-0.011452952389365093,0.0,-0.38278330946752165,-0.08578505353019474,-0.20463474953581332,0.3333333333333333,0.0,1.5666666666666667,0.31984126984126976
S16_rs_win15,16,rs_win15,96,QQQ,4,84,2025-10-23,2026-02-24,30,-0.00315580813168137,0.017729035849780386,0.0,-0.155462322203827,-0.09044598528423692,0.020884843981461756,0.36666666666666664,0.6,3.3333333333333335,0.3273809523809524
S16_rs_win15,16,rs_win15,97,SOX,2,42,2026-04-23,2026-06-23,30,0.3688810633246904,0.10703908818414094,0.05879980917531047,1.225128340823903,-0.09696126055561162,-0.26184197514054947,0.5666666666666667,0.13333333333333333,1.9,0.3920634920634921
S16_rs_win15,16,rs_win15,98,QQQ,6,126,2025-12-16,2026-06-17,30,0.1840672055710777,0.030988626975589115,-0.013811531287314827,-0.09837836481234657,-0.12405795426461706,-0.1530785785954886,0.36666666666666664,0.16666666666666666,3.8666666666666667,0.26031746031746034
S16_rs_win15,16,rs_win15,99,QQQ,3,63,2025-10-08,2026-01-07,30,0.021889371142690406,0.0007412973396991947,0.0,0.17925903268925356,-0.06579932616399545,-0.02114807380299121,0.4,0.36666666666666664,2.1666666666666665,0.31693121693121695
S17_rs_win30,17,rs_win30,0,SOX,1,21,2026-03-30,2026-04-28,30,0.41615281350069555,0.1285013084527117,0.024056017148700537,2.270453475665827,-0.038432147076218046,-0.28765150504798387,0.5,0.13333333333333333,0.9333333333333333,0.3968253968253968
S17_rs_win30,17,rs_win30,1,SOX,6,126,2025-10-17,2026-04-20,30,0.4519881329203801,0.29557078382396706,0.12288323253305988,1.0353581854163763,-0.1537357171033906,-0.156417349096413,0.6666666666666666,0.26666666666666666,5.9,0.3743386243386243
S17_rs_win30,17,rs_win30,2,QQQ,6,126,2026-01-08,2026-07-10,30,0.17205203438076722,0.03180454956939791,0.0,-0.031500770798915695,-0.1047983316531705,-0.1402474848113693,0.4,0.1,3.6333333333333333,0.2208994708994709
S17_rs_win30,17,rs_win30,3,QQQ,5,105,2025-10-09,2026-03-11,30,-0.003646797857501216,0.0032116231427908094,0.0,-0.1282803550387319,-0.09252782891107823,0.006858421000292025,0.4,0.5333333333333333,2.9,0.2901587301587301
S17_rs_win30,17,rs_win30,4,SOX,6,126,2025-12-17,2026-06-18,30,1.2443213421607373,0.37772380655797816,0.23278445808641046,1.3621042060706872,-0.16160489999407118,-0.8665975356027591,0.8666666666666667,0.06666666666666667,4.766666666666667,0.39735449735449735
S17_rs_win30,17,rs_win30,5,SOX,6,126,2025-10-01,2026-04-01,30,0.22763594572855084,0.20764556445307045,0.04583174750992225,0.5774984423504367,-0.16811603925126664,-0.019990381275480376,0.5666666666666667,0.3333333333333333,6.233333333333333,0.39417989417989413
S17_rs_win30,17,rs_win30,6,SOX,1,21,2026-04-28,2026-05-27,30,0.28554163019303047,0.062328430957832005,0.0054871921579077165,0.6933292633194499,-0.06804165689234637,-0.22321319923519845,0.5,0.06666666666666667,0.9666666666666667,0.4444444444444445
S17_rs_win30,17,rs_win30,7,QQQ,4,84,2025-09-30,2026-01-29,30,0.049754184997484296,0.010129488941378202,0.0,-0.2202886721134381,-0.06708179465256284,-0.0396246960561061,0.4,0.13333333333333333,2.3,0.301984126984127
S17_rs_win30,17,rs_win30,8,QQQ,1,21,2026-03-10,2026-04-08,30,-0.0015068077127536883,-0.014303195326007564,0.0,-0.8988588891323624,-0.03504148531356796,-0.012796387613253876,0.1,0.6,1.0333333333333334,0.20793650793650795
S17_rs_win30,17,rs_win30,9,QQQ,4,84,2026-01-26,2026-05-26,30,0.1690609295520853,0.061365485075319554,0.0,0.42778584989731777,-0.08760613455444162,-0.10769544447676574,0.4,0.13333333333333333,3.2,0.27698412698412694
S17_rs_win30,17,rs_win30,10,QQQ,6,126,2025-12-24,2026-06-26,30,0.13504447957853727,0.054123418052588045,-0.0008797752089740318,0.14574937486247608,-0.09886433311485114,-0.08092106152594922,0.43333333333333335,0.16666666666666666,4.966666666666667,0.2605820105820106
S17_rs_win30,17,rs_win30,11,QQQ,3,63,2025-10-21,2026-01-21,30,0.009313358840005836,0.022681403678202428,0.0,0.1625524464257168,-0.08770068515409181,0.013368044838196591,0.4666666666666667,0.4,2.2,0.3613756613756614
S17_rs_win30,17,rs_win30,12,SOX,2,42,2026-02-25,2026-04-24,30,0.25512069715118835,0.12035241448976729,0.0,1.0186245101547617,-0.08063631644771443,-0.13476828266142102,0.43333333333333335,0.3,2.466666666666667,0.2865079365079366
S17_rs_win30,17,rs_win30,13,SOX,6,126,2025-10-10,2026-04-13,30,0.4491673460012213,0.16695932297935165,0.05090336702594345,0.5545861258415045,-0.13867009455862742,-0.28220802302186965,0.6333333333333333,0.2,5.3,0.3365079365079364
S17_rs_win30,17,rs_win30,14,QQQ,3,63,2025-10-03,2026-01-02,30,0.01778889731260791,-0.002600825581764765,0.0,-0.2663815155826519,-0.07674606658316079,-0.020389722894372672,0.26666666666666666,0.2,1.8333333333333333,0.31693121693121695
S17_rs_win30,17,rs_win30,15,SOX,1,21,2026-04-24,2026-05-22,30,0.1640598656086274,-0.011232094570939948,0.0,0.4277519561302976,-0.0833507281589721,-0.17529196017956739,0.23333333333333334,0.13333333333333333,1.0333333333333334,0.4285714285714286
S17_rs_win30,17,rs_win30,16,SOX,6,126,2026-01-12,2026-07-14,30,0.7210223257714317,0.2541899317956439,0.07226582556609062,0.9570587568678344,-0.15116181456419914,-0.46683239397578774,0.6666666666666666,0.1,4.433333333333334,0.337037037037037
S17_rs_win30,17,rs_win30,17,QQQ,3,63,2025-12-23,2026-03-25,30,-0.05392737415498772,-0.013509529829279035,-0.012482440829631458,-0.6240383052072682,-0.07919221422518359,0.040417844325708684,0.23333333333333334,0.6666666666666666,2.4,0.3333333333333332
S17_rs_win30,17,rs_win30,18,QQQ,3,63,2026-03-18,2026-06-16,30,0.22840846896332145,0.009843247933227665,0.0,0.03085816220903984,-0.08303845213949822,-0.21856522103009376,0.36666666666666664,0.06666666666666667,1.8666666666666667,0.24074074074074076
S17_rs_win30,17,rs_win30,19,QQQ,1,21,2026-06-04,2026-07-06,30,-0.022948173368268265,-0.004314309427267223,0.0,-0.19764150791414575,-0.06117407246326011,0.01863386394100104,0.2,0.8,0.9666666666666667,0.29999999999999993
S17_rs_win30,17,rs_win30,20,QQQ,5,105,2026-01-26,2026-06-25,30,0.14806947240726354,0.03692831456845507,-0.0040362507230413125,0.06352984318652864,-0.11300079493532235,-0.11114115783880847,0.4,0.23333333333333334,3.9,0.2742857142857142
S17_rs_win30,17,rs_win30,21,QQQ,6,126,2025-09-30,2026-03-31,30,-0.03617377722303072,-0.03957703263202081,-0.03674005088591564,-0.46785779836848757,-0.12004279754599168,-0.0034032554089900875,0.23333333333333334,0.5,4.4,0.24391534391534392
S17_rs_win30,17,rs_win30,22,QQQ,4,84,2026-02-12,2026-06-12,30,0.2024665848552778,0.07624970946699865,0.0,0.13087508941418569,-0.10056850282119048,-0.12621687538827914,0.4,0.2,2.9,0.27579365079365087
S17_rs_win30,17,rs_win30,23,SOX,5,105,2026-02-26,2026-07-28,30,0.37891348628810806,0.1058429693142747,0.0016850287613399129,0.18374119313464635,-0.1389293584897616,-0.2730705169738334,0.5,0.16666666666666666,3.8,0.21809523809523812
S17_rs_win30,17,rs_win30,24,QQQ,4,84,2026-03-18,2026-07-17,30,0.17157807961881888,0.07789726861074153,0.009135903167589277,0.4148880090612881,-0.09244430843587059,-0.0936808110080773,0.5333333333333333,0.2,2.3333333333333335,0.2630952380952381
S17_rs_win30,17,rs_win30,25,QQQ,3,63,2025-11-06,2026-02-06,30,-0.0020183014160357615,-0.009432514957649822,0.0,-0.4426280469876167,-0.09944212380124098,-0.00741421354161406,0.36666666666666664,0.5333333333333333,2.533333333333333,0.3592592592592593
S17_rs_win30,17,rs_win30,26,SOX,5,105,2025-12-08,2026-05-08,30,0.667039672107381,0.26915462702427334,0.18005578572265069,1.283797970411806,-0.1416230078837578,-0.39788504508310774,0.8,0.06666666666666667,4.233333333333333,0.4146031746031747
S17_rs_win30,17,rs_win30,27,SOX,2,42,2026-02-26,2026-04-27,30,0.27715978171531397,0.07403527705824424,0.0,-0.22386515094294943,-0.08706533127613515,-0.20312450465706972,0.4,0.2,2.466666666666667,0.2698412698412698
S17_rs_win30,17,rs_win30,28,QQQ,2,42,2026-05-11,2026-07-10,30,0.01824971898403538,0.0024662176955504915,0.0,-0.19968605857875563,-0.07040142282230419,-0.015783501288484887,0.36666666666666664,0.3333333333333333,1.6333333333333333,0.2650793650793651
S17_rs_win30,17,rs_win30,29,QQQ,2,42,2025-12-17,2026-02-18,30,0.010260664002738507,0.016192186695463146,0.0,0.35862963102960665,-0.046775707705731064,0.0059315226927246405,0.3,0.3,1.4,0.38174603174603167
S17_rs_win30,17,rs_win30,30,SOX,3,63,2025-11-10,2026-02-10,30,0.16538048466130073,0.10826316562681597,0.047539049311630666,0.9701603380778299,-0.10985127681045945,-0.05711731903448476,0.5333333333333333,0.3333333333333333,2.2,0.41587301587301584
S17_rs_win30,17,rs_win30,31,QQQ,4,84,2026-01-20,2026-05-19,30,0.15517315798883735,0.0005131935721874796,0.0,0.06301109338659326,-0.11178815809815028,-0.15465996441664984,0.4666666666666667,0.13333333333333333,3.1666666666666665,0.27619047619047615
S17_rs_win30,17,rs_win30,32,QQQ,1,21,2025-11-13,2025-12-12,30,0.008579757704307633,-0.015080934226627048,0.0,-1.0123911813784296,-0.03281708200310833,-0.02366069193093468,0.16666666666666666,0.16666666666666666,0.9,0.2571428571428572
S17_rs_win30,17,rs_win30,33,SOX,4,84,2025-10-14,2026-02-12,30,0.26156692499478607,0.2550971640107454,0.20506664752074732,1.373474830197032,-0.12136055703774358,-0.006469760984040685,0.7,0.4,3.3333333333333335,0.43531746031746027
S17_rs_win30,17,rs_win30,34,QQQ,4,84,2025-10-15,2026-02-13,30,0.0007895542842983883,-0.02728575980653737,-0.020858942234168343,-0.5112968996897096,-0.08462414266491733,-0.02807531409083576,0.3,0.3,2.2,0.24166666666666667
S17_rs_win30,17,rs_win30,35,QQQ,1,21,2025-11-18,2025-12-17,30,0.006875523530708527,-0.007804212371591542,0.0,-0.6029802173923912,-0.024381197226069237,-0.014679735902300069,0.1,0.06666666666666667,0.7666666666666667,0.16190476190476188
S17_rs_win30,17,rs_win30,36,QQQ,6,126,2025-10-29,2026-04-30,30,0.05296464456581873,0.017870308698661262,0.0,-0.011643298204492334,-0.12545564464398956,-0.03509433586715747,0.4666666666666667,0.36666666666666664,4.366666666666666,0.3314814814814815
S17_rs_win30,17,rs_win30,37,SOX,3,63,2025-10-07,2026-01-06,30,0.16643980317901197,0.10189556246420418,0.05772124174238846,0.4038562460759399,-0.10410990652866774,-0.06454424071480779,0.5666666666666667,0.23333333333333334,3.2333333333333334,0.3111111111111111
S17_rs_win30,17,rs_win30,38,QQQ,3,63,2025-12-03,2026-03-05,30,-0.0221733439451679,0.011830912078181518,0.0,0.14386642041137024,-0.0725867789340989,0.03400425602334942,0.36666666666666664,0.7666666666666667,2.0,0.3206349206349206
S17_rs_win30,17,rs_win30,39,QQQ,2,42,2025-11-17,2026-01-16,30,0.030481502115305092,0.0326805692978749,0.0,0.5253365058701865,-0.058750004275307605,0.002199067182569803,0.4666666666666667,0.4,1.7,0.43492063492063493
S17_rs_win30,17,rs_win30,40,QQQ,2,42,2025-11-20,2026-01-22,30,0.06127985465491781,0.06283631352039194,0.0,0.7985724172645853,-0.06234556326678075,0.0015564588654741417,0.4666666666666667,0.36666666666666664,1.5,0.49682539682539684
S17_rs_win30,17,rs_win30,41,SOX,5,105,2025-10-13,2026-03-13,30,0.16476086971231152,0.11442964829777622,0.01913095495751116,0.49216928475211036,-0.1393702137241645,-0.0503312214145353,0.5333333333333333,0.26666666666666666,4.5,0.3612698412698413
S17_rs_win30,17,rs_win30,42,SOX,5,105,2025-11-25,2026-04-28,30,0.5502626059486613,0.2646715469768658,0.12134415031373358,1.1297466660784647,-0.1483487911078825,-0.2855910589717955,0.7666666666666667,0.13333333333333333,3.933333333333333,0.42476190476190473
S17_rs_win30,17,rs_win30,43,SOX,5,105,2025-12-15,2026-05-15,30,0.7099386095424811,0.2582879681868414,0.1569969640008807,1.224942281067808,-0.13557238215246234,-0.4516506413556397,0.7666666666666667,0.1,3.933333333333333,0.406031746031746
S17_rs_win30,17,rs_win30,44,SOX,5,105,2025-11-10,2026-04-13,30,0.3051621432226552,0.15005984507094264,0.03300418704485664,0.6988749772476034,-0.14748743098697972,-0.15510229815171261,0.5333333333333333,0.16666666666666666,4.666666666666667,0.35936507936507933
S17_rs_win30,17,rs_win30,45,QQQ,5,105,2026-02-20,2026-07-22,30,0.16130735400444873,0.014221930669987008,-0.01576816864597419,-0.19201741276908713,-0.10941681692985927,-0.14708542333446176,0.3333333333333333,0.1,3.3,0.22730158730158725
S17_rs_win30,17,rs_win30,46,QQQ,1,21,2025-10-08,2025-11-05,30,0.019364167698755708,0.0018444673647450504,0.0,0.015637476284250933,-0.02101947038260321,-0.01751970033401066,0.13333333333333333,0.13333333333333333,0.5666666666666667,0.19682539682539682
S17_rs_win30,17,rs_win30,47,QQQ,5,105,2025-10-03,2026-03-05,30,0.010800245974853073,0.011728129881109113,0.0,0.15997713968035523,-0.08184102633172087,0.0009278839062560403,0.4,0.4,3.3,0.31968253968253973
S17_rs_win30,17,rs_win30,48,QQQ,2,42,2025-12-09,2026-02-09,30,-0.01590025351965807,0.019785731659371496,-0.0018665528109076956,-0.3141850256704538,-0.06991246175679976,0.035685985179029565,0.3333333333333333,0.5666666666666667,1.8333333333333333,0.43015873015873013
S17_rs_win30,17,rs_win30,49,SOX,4,84,2025-12-15,2026-04-16,30,0.3650389372950007,0.2312225896360719,0.1298991938809093,1.346586762381876,-0.14078892334451268,-0.1338163476589288,0.8333333333333334,0.26666666666666666,3.6333333333333333,0.5123015873015873
S17_rs_win30,17,rs_win30,50,QQQ,1,21,2026-05-07,2026-06-05,30,0.014562402546714814,0.02769852744253482,0.0,0.20878705039405362,-0.030576775986456025,0.013136124895820004,0.23333333333333334,0.23333333333333334,0.6333333333333333,0.23174603174603173
S17_rs_win30,17,rs_win30,51,SOX,6,126,2026-01-27,2026-07-28,30,0.40137947130129015,0.21829434402582082,0.07360789956365421,0.8385498217721213,-0.1474541126019067,-0.18308512727546933,0.5666666666666667,0.26666666666666666,4.533333333333333,0.26560846560846557
S17_rs_win30,17,rs_win30,52,QQQ,4,84,2026-01-20,2026-05-19,30,0.15517315798883735,-0.005484771028343686,-0.014025710670817704,-0.3024737510150357,-0.10256612237504938,-0.16065792901718104,0.3,0.1,3.0,0.2607142857142856
S17_rs_win30,17,rs_win30,53,SOX,3,63,2025-12-22,2026-03-24,30,0.12305849472156716,0.16753021268615656,0.09162398806439231,1.3428902082415275,-0.11173374582568556,0.044471717964589444,0.6666666666666666,0.36666666666666664,2.9,0.4603174603174603
S17_rs_win30,17,rs_win30,54,SOX,2,42,2025-12-01,2026-01-30,30,0.16801615720299035,0.08676461796625666,0.0,0.8816960961511338,-0.07843693054222133,-0.08125153923673369,0.4666666666666667,0.3,1.4,0.4682539682539683
S17_rs_win30,17,rs_win30,55,SOX,3,63,2026-01-27,2026-04-27,30,0.2979679417636234,0.1286446240834708,0.02560812122594258,1.1045518823470217,-0.11381471166112295,-0.1693233176801526,0.6,0.23333333333333334,3.5,0.35396825396825393
S17_rs_win30,17,rs_win30,56,SOX,6,126,2025-11-21,2026-05-26,30,1.1093566882823307,0.3303882912698427,0.22931600676050112,1.2605732075004978,-0.1501015699272704,-0.7789683970124881,0.7333333333333333,0.06666666666666667,4.033333333333333,0.40238095238095245
S17_rs_win30,17,rs_win30,57,QQQ,5,105,2026-02-02,2026-07-02,30,0.1407713430791815,0.04922245043514158,-0.01965421664235434,0.09371231434859079,-0.10405619663640385,-0.09154889264403991,0.36666666666666664,0.2,3.3333333333333335,0.24063492063492065
S17_rs_win30,17,rs_win30,58,SOX,2,42,2025-11-13,2026-01-14,30,0.14861522423376083,0.058901020165634914,0.020719293968788355,0.7487711537953009,-0.0802627780318262,-0.0897142040681259,0.5666666666666667,0.2,1.6333333333333333,0.4071428571428571
S17_rs_win30,17,rs_win30,59,SOX,3,63,2026-02-24,2026-05-22,30,0.4850874181757301,0.1078114594193727,0.04062663046509851,0.83869575708002,-0.12778514606746422,-0.3772759587563573,0.6,0.06666666666666667,3.0,0.35079365079365077
S17_rs_win30,17,rs_win30,60,QQQ,6,126,2025-10-20,2026-04-21,30,0.05630648724442322,-0.006999040028824629,-0.01036387787096349,-0.058347808500610096,-0.14505359501072987,-0.06330552727324784,0.36666666666666664,0.26666666666666666,4.9,0.3259259259259259
S17_rs_win30,17,rs_win30,61,QQQ,1,21,2026-05-18,2026-06-16,30,0.03397177843437782,0.003249006217270589,0.0,-0.5482764620582007,-0.04106082475497357,-0.03072277221710723,0.2,0.13333333333333333,0.6666666666666666,0.20952380952380953
S17_rs_win30,17,rs_win30,62,QQQ,1,21,2026-04-27,2026-05-26,30,0.09943851408148685,0.019766056837146027,0.0,0.2446353710556238,-0.03107635098435727,-0.07967245724434083,0.2,0.13333333333333333,0.6,0.25555555555555554
S17_rs_win30,17,rs_win30,63,SOX,2,42,2026-01-09,2026-03-11,30,0.04048293395479541,0.07354538817264672,0.0,0.9022390844235034,-0.09890210783054926,0.03306245421785134,0.4666666666666667,0.43333333333333335,2.2333333333333334,0.4928571428571429
S17_rs_win30,17,rs_win30,64,SOX,3,63,2026-02-13,2026-05-14,30,0.4953944540492021,0.09866032778943673,0.034918128555497474,0.702374453537766,-0.11677073890092773,-0.39673412625976545,0.5333333333333333,0.1,2.966666666666667,0.3058201058201058
S17_rs_win30,17,rs_win30,65,QQQ,1,21,2025-10-10,2025-11-07,30,0.034334148930222685,0.016677840599962617,0.0,0.17559417760705773,-0.01657989095962118,-0.01765630833026007,0.23333333333333334,0.16666666666666666,0.6,0.2238095238095238
S17_rs_win30,17,rs_win30,66,SOX,1,21,2025-12-15,2026-01-14,30,0.11535278877107791,0.08406113593032691,0.06538365792645162,2.0190815160012643,-0.035672947955900786,-0.031291652840751014,0.6,0.26666666666666666,0.7,0.5365079365079365
S17_rs_win30,17,rs_win30,67,QQQ,1,21,2026-04-16,2026-05-14,30,0.12384652804285001,0.036091572941821595,0.0,0.3539297585116144,-0.02606137308079444,-0.0877549551010284,0.16666666666666666,0.13333333333333333,0.6666666666666666,0.27936507936507937
S17_rs_win30,17,rs_win30,68,SOX,4,84,2025-10-21,2026-02-20,30,0.2355632668668568,0.11903058182191421,0.02058561537723691,0.7678317564370258,-0.1169207783424942,-0.11653268504494262,0.5666666666666667,0.3,2.7666666666666666,0.3734126984126984
S17_rs_win30,17,rs_win30,69,SOX,1,21,2026-05-07,2026-06-05,30,0.0962914906206711,0.04394054866437853,0.0,-0.1433192076252401,-0.06774356301013638,-0.05235094195629258,0.26666666666666666,0.2,0.8333333333333334,0.3888888888888889
S17_rs_win30,17,rs_win30,70,SOX,6,126,2026-02-03,2026-08-04,30,0.570424974009125,0.1401558495826853,0.022246980211639733,0.5047621262046047,-0.14320859268402747,-0.43026912442643966,0.6,0.13333333333333333,4.166666666666667,0.2153439153439153
S17_rs_win30,17,rs_win30,71,QQQ,4,84,2025-10-28,2026-02-27,30,-0.03925853422094283,-0.023384398028131866,-0.01314786310771121,-0.5708646995670235,-0.0981783291084882,0.015874136192810966,0.3333333333333333,0.5666666666666667,2.9,0.25436507936507935
S17_rs_win30,17,rs_win30,72,QQQ,3,63,2026-02-10,2026-05-11,30,0.16798763027373242,0.02935290221066792,-0.0018443785530871115,-0.21584868314373526,-0.09609747127954069,-0.1386347280630645,0.3,0.16666666666666666,1.8666666666666667,0.2687830687830688
S17_rs_win30,17,rs_win30,73,QQQ,6,126,2025-12-23,2026-06-25,30,0.15425181285322442,0.06877741352518929,-0.013596003629557596,-0.0345434968513534,-0.10378897598405161,-0.08547439932803512,0.3333333333333333,0.2,3.8333333333333335,0.19894179894179898
S17_rs_win30,17,rs_win30,74,QQQ,3,63,2026-04-28,2026-07-28,30,0.02841200270632105,0.03587837503585823,0.0014368200589622848,0.7352861528202127,-0.07037294305081362,0.0074663723295371855,0.5,0.4,2.033333333333333,0.20601851851851855
S17_rs_win30,17,rs_win30,75,QQQ,1,21,2026-06-05,2026-07-07,30,0.007303825228862637,0.0028001990648443,0.0,-0.9395672193554108,-0.039704787381547466,-0.004503626164018337,0.26666666666666666,0.23333333333333334,0.7666666666666667,0.2253968253968254
S17_rs_win30,17,rs_win30,76,QQQ,1,21,2026-05-11,2026-06-09,30,-0.007654633306932168,0.0014617470393763672,0.0,-0.10419704385254684,-0.04623681263538188,0.009116380346308536,0.16666666666666666,0.7666666666666667,0.8,0.2920634920634921
S17_rs_win30,17,rs_win30,77,SOX,2,42,2026-05-26,2026-07-24,30,-0.0751280912586888,-0.020372194509529453,0.0,-0.1833348060153419,-0.06365007191262864,0.05475589674915935,0.13333333333333333,0.8333333333333334,0.9333333333333333,0.11746031746031747
S17_rs_win30,17,rs_win30,78,SOX,5,105,2026-02-18,2026-07-20,30,0.4660033994167916,0.12411584250355276,0.012173864858301187,0.43640385819174354,-0.14095394299257782,-0.34188755691323885,0.5,0.13333333333333333,3.6,0.22476190476190477
S17_rs_win30,17,rs_win30,79,SOX,5,105,2026-02-04,2026-07-07,30,0.6716872458350869,0.19021166079088894,0.05481482909373281,0.754588849802529,-0.1457136158128885,-0.48147558504419785,0.6333333333333333,0.13333333333333333,4.1,0.29174603174603175
S17_rs_win30,17,rs_win30,80,SOX,6,126,2025-11-12,2026-05-14,30,0.7723950465422953,0.23406227142589608,0.09240142701364551,0.9529081725827488,-0.1705604081875899,-0.5383327751163993,0.7666666666666667,0.1,4.866666666666666,0.3955026455026455
S17_rs_win30,17,rs_win30,81,SOX,3,63,2025-10-21,2026-01-21,30,0.19675333070151746,0.13311215954125252,0.08099666426957652,1.1734326603604626,-0.10748018289540857,-0.06364117116026491,0.6,0.3,2.7333333333333334,0.36031746031746026
S17_rs_win30,17,rs_win30,82,SOX,2,42,2025-11-07,2026-01-08,29,0.08719426051570678,0.029371840135068366,0.0,0.5901894072224385,-0.07416905132048088,-0.05782242038063841,0.4827586206896552,0.20689655172413793,1.0344827586206897,0.3357963875205255
S17_rs_win30,17,rs_win30,83,QQQ,1,21,2026-03-05,2026-04-02,30,-0.038088372410799654,-0.024118094926010646,-9.786448002774284e-05,-1.445953909690176,-0.0459379647183468,0.013970277484789007,0.06666666666666667,0.8,1.1666666666666667,0.2142857142857143
S17_rs_win30,17,rs_win30,84,SOX,4,84,2025-10-08,2026-02-06,30,0.19716212143218748,0.18327037870667928,0.08987810032705645,0.9648494730508806,-0.12653563394521408,-0.013891742725508187,0.6333333333333333,0.3333333333333333,4.1,0.3789682539682539
S17_rs_win30,17,rs_win30,85,QQQ,5,105,2026-02-03,2026-07-06,30,0.1751877418375951,-0.020426954631926727,-0.004350224867920471,-0.3397192939952139,-0.10812772144641467,-0.19561469646952187,0.26666666666666666,0.06666666666666667,3.1666666666666665,0.21587301587301586
S17_rs_win30,17,rs_win30,86,QQQ,2,42,2025-12-31,2026-03-03,30,-0.020722437530779625,0.018745727185525793,0.0,0.1854103159643225,-0.0708825634843498,0.03946816471630542,0.43333333333333335,0.7,2.066666666666667,0.40873015873015855
S17_rs_win30,17,rs_win30,87,QQQ,6,126,2025-12-22,2026-06-24,30,0.1503333880697204,0.024735692051474488,-0.0482494700074837,-0.4515065005617138,-0.12713742855154384,-0.12559769601824594,0.3,0.23333333333333334,3.7333333333333334,0.23518518518518514
S17_rs_win30,17,rs_win30,88,QQQ,6,126,2025-11-19,2026-05-21,30,0.19414664283890737,0.05479117085434213,0.011694566013389252,0.16376168349455486,-0.10777789647929764,-0.13935547198456527,0.5666666666666667,0.2,4.733333333333333,0.3417989417989417
S17_rs_win30,17,rs_win30,89,QQQ,2,42,2026-05-22,2026-07-23,30,-0.034589769289133265,-0.016861087926561262,0.0,-0.4101955369057108,-0.08011920860527245,0.017728681362572003,0.4,0.6,1.5,0.301921470342523
S17_rs_win30,17,rs_win30,90,QQQ,6,126,2025-11-05,2026-05-07,30,0.11781657461604356,-0.0069517055871864885,0.0,-0.32803830361123143,-0.12319362333395002,-0.12476828020323004,0.36666666666666664,0.16666666666666666,4.6,0.24312169312169313
S17_rs_win30,17,rs_win30,91,QQQ,6,126,2026-01-20,2026-07-21,30,0.16870703221565742,0.02257375923639287,0.0,0.046887129908184846,-0.128530406785378,-0.14613327297926454,0.4666666666666667,0.16666666666666666,4.533333333333333,0.242357910906298
S17_rs_win30,17,rs_win30,92,QQQ,3,63,2026-01-27,2026-04-27,30,0.053772680016382246,-0.0023702520152736033,0.0,-0.4510934876140034,-0.08712641881927387,-0.05614293203165586,0.36666666666666664,0.23333333333333334,2.6333333333333333,0.29312169312169306
S17_rs_win30,17,rs_win30,93,QQQ,6,126,2025-12-22,2026-06-24,30,0.1503333880697204,0.02846894195345841,-0.029545231188833176,-0.13415865417671852,-0.14792760342660208,-0.12186444611626197,0.36666666666666664,0.2,5.2,0.32671957671957663
S17_rs_win30,17,rs_win30,94,QQQ,4,84,2025-10-07,2026-02-05,30,-0.011101262463333206,0.059471713013153946,0.0,0.44193889195777597,-0.0662576165835071,0.07057297547648717,0.43333333333333335,0.6666666666666666,3.7,0.29484126984126985
S17_rs_win30,17,rs_win30,95,SOX,6,126,2025-12-31,2026-07-02,30,0.8825768773397573,0.31628455132573463,0.16606317501086243,1.228713911735757,-0.15411229944400925,-0.5662923260140226,0.8333333333333334,0.1,4.266666666666667,0.3679894179894179
S17_rs_win30,17,rs_win30,96,QQQ,5,105,2025-12-01,2026-05-01,30,0.09511120295641295,0.03448335845800242,0.0,-0.03510831331787622,-0.1216724507658263,-0.06062784449841054,0.4666666666666667,0.3,3.1,0.3304761904761904
S17_rs_win30,17,rs_win30,97,QQQ,6,126,2025-10-03,2026-04-06,30,-0.021848802649866217,-0.0170116221305154,-0.021674416189820245,-0.40964207423944327,-0.13063724994408152,0.004837180519350814,0.3333333333333333,0.5,5.2,0.3044973544973545
S17_rs_win30,17,rs_win30,98,QQQ,4,84,2025-11-12,2026-03-16,30,-0.03208366481758784,0.020624710426181306,0.0,-0.00893253671564539,-0.09100551476243215,0.052708375243769146,0.43333333333333335,0.7,3.3666666666666667,0.3357142857142857
S17_rs_win30,17,rs_win30,99,QQQ,6,126,2025-10-27,2026-04-28,30,0.04957459035132139,-0.033345223608648396,-0.040167400576414214,-0.43192164283190226,-0.10727674183178632,-0.0829198139599698,0.26666666666666666,0.1,4.1,0.24682539682539684
S18_rs2,18,rs2,0,SOX,1,21,2026-02-03,2026-03-04,30,-0.011862109856238368,0.02472751384438469,0.0,-0.17455794962595736,-0.0598939885513062,0.036589623700623054,0.4,0.7333333333333333,1.4,0.4206349206349206
S18_rs2,18,rs2,1,QQQ,2,42,2026-02-27,2026-04-28,30,0.0841263616088046,-0.04594953965320572,-0.04478588956255031,-1.1173770721270742,-0.07312762010335778,-0.13007590126201032,0.16666666666666666,0.03333333333333333,1.5333333333333334,0.2253968253968254
S18_rs2,18,rs2,2,QQQ,5,105,2026-03-02,2026-07-30,30,0.12674771519668493,0.05341162629987315,0.022721958015378574,0.2757046873110573,-0.12238767706274771,-0.07333608889681177,0.5333333333333333,0.23333333333333334,3.3,0.26538690476190474
S18_rs2,18,rs2,3,QQQ,3,63,2026-02-11,2026-05-12,30,0.15498320565989365,0.034935109137009264,0.001251801580015921,0.41910414777383775,-0.07890567984175273,-0.12004809652288441,0.5,0.13333333333333333,2.466666666666667,0.28571428571428564
S18_rs2,18,rs2,4,QQQ,6,126,2025-10-17,2026-04-20,30,0.07370041195774979,0.01236813398401856,0.0,0.001742300360252802,-0.12746221706060049,-0.06133227797373124,0.4666666666666667,0.26666666666666666,4.433333333333334,0.30396825396825394
S18_rs2,18,rs2,5,SOX,6,126,2025-12-16,2026-06-17,30,1.026956148452106,0.4178608334970599,0.35543013535823065,1.4850040277130032,-0.16738291717597317,-0.6090953149550462,0.8333333333333334,0.06666666666666667,5.5,0.47037037037037027
S18_rs2,18,rs2,6,QQQ,3,63,2025-12-29,2026-03-30,30,-0.09967629287498458,0.0019161043970392126,0.0,-0.032559792395690804,-0.1004857123129111,0.10159239727202381,0.4,0.9,2.6,0.3619047619047619
S18_rs2,18,rs2,7,QQQ,3,63,2026-02-04,2026-05-05,30,0.12665206780411475,0.03491455242703592,0.0,0.19706105766474827,-0.06627010791598403,-0.09173751537707882,0.36666666666666664,0.2,2.1333333333333333,0.1947089947089947
S18_rs2,18,rs2,8,QQQ,3,63,2025-12-17,2026-03-19,30,-0.011035560024343694,0.05264803935295301,0.006541682884002142,0.3838500439167188,-0.08700491729380294,0.0636835993772967,0.5666666666666667,0.7333333333333333,2.6666666666666665,0.4063492063492064
S18_rs2,18,rs2,9,SOX,1,21,2026-02-23,2026-03-23,30,-0.056114144289844514,-0.0385959883945796,0.0,-1.6133379731440463,-0.06705313920812903,0.017518155895264908,0.13333333333333333,0.6666666666666666,1.1,0.2888888888888889
S18_rs2,18,rs2,10,QQQ,4,84,2026-01-06,2026-05-06,30,0.11746063709979104,-0.030233715214762338,-0.022988733042135057,-0.6630422265754834,-0.11898087871142078,-0.14769435231455336,0.3333333333333333,0.06666666666666667,3.6,0.24603174603174602
S18_rs2,18,rs2,11,QQQ,6,126,2026-02-05,2026-08-06,30,0.1998349779688826,0.0995654595728775,0.06818988784190694,0.5791745356882233,-0.12409383524866513,-0.10026951839600508,0.6666666666666666,0.26666666666666666,3.966666666666667,0.2629560616517138
S18_rs2,18,rs2,12,SOX,4,84,2026-03-05,2026-07-06,30,0.7235450997702082,0.1530263975402732,0.07048559228187545,0.8565394762205041,-0.11780920147701054,-0.570518702229935,0.6,0.03333333333333333,3.7333333333333334,0.3071428571428572
S18_rs2,18,rs2,13,SOX,6,126,2025-10-07,2026-04-08,30,0.31663008850172214,0.20924942267167024,0.08531481604686064,0.4583804438846817,-0.17095522545161188,-0.10738066583005193,0.6666666666666666,0.3,6.033333333333333,0.3910052910052911
S18_rs2,18,rs2,14,SOX,4,84,2026-01-09,2026-05-11,30,0.6214131198358626,0.257453636690439,0.19228146739534058,1.5916900610303617,-0.14616342000436303,-0.36395948314542353,0.8,0.13333333333333333,4.233333333333333,0.43928571428571433
S18_rs2,18,rs2,15,SOX,2,42,2026-04-23,2026-06-23,30,0.3688810633246904,0.13260362058336217,0.12023057795529268,1.3964117243285794,-0.1090009265298873,-0.23627744274132817,0.6,0.16666666666666666,2.066666666666667,0.4039682539682539
S18_rs2,18,rs2,16,SOX,2,42,2026-01-23,2026-03-24,30,-0.010095147239102875,0.03657852585504817,-0.008560932725367565,-0.07507342812421378,-0.1033582580809079,0.04667367309415105,0.36666666666666664,0.5333333333333333,2.6,0.40793650793650793
S18_rs2,18,rs2,17,QQQ,5,105,2026-02-19,2026-07-21,30,0.1775964217210937,0.009501327295533915,-0.006632110406473879,-0.04961877983215016,-0.10392000323876859,-0.1680950944255598,0.4,0.06666666666666667,3.5,0.3377777777777778
S18_rs2,18,rs2,18,QQQ,2,42,2026-01-28,2026-03-27,30,-0.1104364190343099,-0.006957035902605254,0.0,-0.4625249321825903,-0.06027697446532831,0.10347938313170466,0.23333333333333334,0.8333333333333334,1.7,0.24285714285714288
S18_rs2,18,rs2,19,QQQ,3,63,2026-04-06,2026-07-06,30,0.2295910251884461,0.08639205137762032,0.01699384712751051,0.7165230454330257,-0.08343460312357912,-0.14319897381082577,0.5666666666666667,0.2,1.8333333333333333,0.3211640211640211
S18_rs2,18,rs2,20,SOX,6,126,2025-11-17,2026-05-19,30,0.7554461131037531,0.2528539516870818,0.16145657656648482,1.0033439984935009,-0.1756247833899696,-0.5025921614166713,0.8,0.1,5.366666666666666,0.45555555555555555
S18_rs2,18,rs2,21,SOX,3,63,2026-02-04,2026-05-05,30,0.4620358752298275,0.1236862054491056,0.07357568493421773,0.9272914507479973,-0.1302012948862795,-0.3383496697807219,0.6666666666666666,0.13333333333333333,3.433333333333333,0.326984126984127
S18_rs2,18,rs2,22,QQQ,2,42,2025-12-17,2026-02-18,30,0.010260664002738507,0.031051297389177876,0.0,0.15951992501034695,-0.0616125467417025,0.02079063338643937,0.4,0.36666666666666664,2.066666666666667,0.4
S18_rs2,18,rs2,23,SOX,4,84,2025-12-04,2026-04-07,30,0.1377957671966128,0.09464259352106796,0.06605954881905995,0.5085586354735251,-0.14577906047773767,-0.04315317367554483,0.5666666666666667,0.3333333333333333,3.6333333333333333,0.43928571428571433
S18_rs2,18,rs2,24,SOX,1,21,2026-04-16,2026-05-14,30,0.3056534306629073,0.0838937466855361,0.058388879865548526,2.1670985256672477,-0.060677770828074414,-0.2217596839773712,0.5666666666666667,0.06666666666666667,0.9,0.5539682539682539
S18_rs2,18,rs2,25,SOX,3,63,2025-10-10,2026-01-09,29,0.21056573991822347,0.12743905000066236,0.05866483075436513,0.5561068680461518,-0.10029066918977372,-0.08312668991756113,0.6896551724137931,0.27586206896551724,3.0344827586206895,0.3968253968253968
S18_rs2,18,rs2,26,QQQ,6,126,2026-01-28,2026-07-29,30,0.04749147748901561,0.07777785499424472,0.011274958238071453,0.37770236830366816,-0.12973775256041584,0.030286377505229112,0.5666666666666667,0.43333333333333335,4.633333333333334,0.2468253968253968
S18_rs2,18,rs2,27,QQQ,2,42,2026-05-08,2026-07-09,30,0.0180601374570446,0.03555309779859692,0.0,0.3915024127290762,-0.055104194907552334,0.01749296034155232,0.4,0.3,1.8333333333333333,0.27777777777777773
S18_rs2,18,rs2,28,QQQ,2,42,2025-12-26,2026-02-26,30,-0.0234817829645505,0.0038923567520852947,0.0,-0.43319762821511243,-0.05941741502890029,0.027374139716635795,0.23333333333333334,0.7333333333333333,1.7666666666666666,0.326984126984127
S18_rs2,18,rs2,29,QQQ,2,42,2026-02-04,2026-04-06,30,-0.027251973189588163,-0.016924335421543545,0.0,-0.4010718690004106,-0.06034315496017973,0.010327637768044618,0.23333333333333334,0.6333333333333333,1.4666666666666666,0.1928571428571428
S18_rs2,18,rs2,30,SOX,5,105,2025-10-20,2026-03-20,30,0.13732583632036888,0.1684271897003287,0.06780533600713312,0.6939874384713541,-0.16204767631926378,0.031101353379959853,0.7,0.3333333333333333,4.866666666666666,0.4155555555555556
S18_rs2,18,rs2,31,QQQ,2,42,2026-03-10,2026-05-07,30,0.14486764824752196,0.023443850076784723,-0.00020000000000003348,-0.37891246262562367,-0.06573050142936543,-0.12142379817073724,0.36666666666666664,0.16666666666666666,1.9666666666666666,0.2738095238095238
S18_rs2,18,rs2,32,QQQ,4,84,2025-12-10,2026-04-13,30,-0.013774556410480865,-0.005986213409705835,-0.0011485432543559826,-0.2110544973415737,-0.10828566047117859,0.00778834300077503,0.4,0.5666666666666667,3.5,0.3373015873015873
S18_rs2,18,rs2,33,QQQ,6,126,2025-10-14,2026-04-15,30,0.06860527710837205,-0.004187559823965222,-0.031566089835715516,-0.2077516631348897,-0.11931180490614843,-0.07279283693233726,0.43333333333333335,0.13333333333333333,4.333333333333333,0.2883597883597883
S18_rs2,18,rs2,34,QQQ,6,126,2025-11-07,2026-05-11,30,0.17281054345739233,0.0031564223088562326,0.0,-0.21268625953031506,-0.1279772891061644,-0.16965412114853612,0.43333333333333335,0.16666666666666666,4.9,0.3029100529100529
S18_rs2,18,rs2,35,QQQ,3,63,2025-10-15,2026-01-14,30,0.0301023419815738,-0.009281061035717604,-0.027261846094286613,-0.49628827293706385,-0.08765093768688394,-0.0393834030172914,0.3,0.26666666666666666,2.033333333333333,0.3592592592592592
S18_rs2,18,rs2,36,QQQ,5,105,2025-10-20,2026-03-20,30,-0.04697983753590851,0.01755357755657262,-0.005611666580375263,0.01921186190430341,-0.10490886009277943,0.06453341509248112,0.43333333333333335,0.6,4.1,0.37142857142857155
S18_rs2,18,rs2,37,SOX,6,126,2026-01-22,2026-07-23,30,0.5827042789367871,0.19744331186397115,0.12910701629391041,0.7358806385137747,-0.14716497375292517,-0.38526096707281604,0.6666666666666666,0.1,5.0,0.30291005291005285
S18_rs2,18,rs2,38,SOX,4,84,2025-11-14,2026-03-18,30,0.174942577491225,0.11907655177319493,0.055966757896224406,0.48795877682741445,-0.13811724012385915,-0.05586602571803007,0.5666666666666667,0.3,3.566666666666667,0.467063492063492
S18_rs2,18,rs2,39,SOX,1,21,2026-06-11,2026-07-13,30,-0.05632210420282702,-0.028279704825808733,0.0,0.12749140870845654,-0.0692899912399125,0.028042399377018284,0.16666666666666666,0.7,1.0666666666666667,0.26349206349206356
S18_rs2,18,rs2,40,SOX,4,84,2026-03-31,2026-07-30,30,0.5358412748518986,0.296983405961413,0.2181060697025008,1.8439765535021975,-0.10329668196845508,-0.2388578688904856,0.7,0.16666666666666666,2.2,0.3551587301587301
S18_rs2,18,rs2,41,SOX,2,42,2026-05-07,2026-07-08,30,0.14204432917437515,0.0859575536981882,0.0,0.5685456427174082,-0.08414607003037776,-0.05608677547618696,0.4666666666666667,0.3,1.7,0.2833333333333333
S18_rs2,18,rs2,42,SOX,6,126,2025-10-09,2026-04-10,30,0.33500451886430804,0.24900041711778395,0.0911856033514169,0.7701484986459246,-0.1627907877605293,-0.08600410174652409,0.6333333333333333,0.23333333333333334,6.633333333333334,0.3936507936507937
S18_rs2,18,rs2,43,QQQ,6,126,2025-12-18,2026-06-22,30,0.2159470994549315,0.01339221821770196,-0.0224181152579776,-0.1850769813987786,-0.14864406694039042,-0.20255488123722953,0.4,0.26666666666666666,4.6,0.2915343915343915
S18_rs2,18,rs2,44,SOX,4,84,2025-10-02,2026-02-02,30,0.25388465521275094,0.10603749075340092,0.06539868888915057,0.817990406600909,-0.12662992373363968,-0.14784716445935003,0.6333333333333333,0.16666666666666666,3.6,0.4142857142857143
S18_rs2,18,rs2,45,QQQ,2,42,2026-02-05,2026-04-07,30,-0.012893524617067165,-0.0016162600132670643,0.0,-0.32567780024143045,-0.05393480459902868,0.0112772646038001,0.23333333333333334,0.7,1.7666666666666666,0.23492063492063492
S18_rs2,18,rs2,46,QQQ,2,42,2026-03-27,2026-05-27,30,0.2966155917444111,0.11308699622592604,0.0,0.6521873505292805,-0.06130065304355252,-0.18352859551848505,0.4666666666666667,0.23333333333333334,1.5,0.29444444444444445
S18_rs2,18,rs2,47,QQQ,4,84,2025-12-19,2026-04-22,30,0.06438885752878454,0.027719673602879313,0.01170998293911929,0.2574753376739674,-0.11402259333812799,-0.03666918392590523,0.5333333333333333,0.3,3.9,0.3952380952380952
S18_rs2,18,rs2,48,SOX,1,21,2026-05-11,2026-06-09,30,0.0551468451780639,0.012195387241710343,0.0,-0.10710844124356954,-0.06731880796917333,-0.042951457936353556,0.26666666666666666,0.13333333333333333,0.9666666666666667,0.37619047619047624
S18_rs2,18,rs2,49,SOX,2,42,2026-05-04,2026-07-02,30,0.22622369461957348,0.12191535036664035,0.013755297588979865,1.1565994963494064,-0.08615819226562929,-0.10430834425293313,0.6,0.16666666666666666,1.8666666666666667,0.3793650793650793
S18_rs2,18,rs2,50,QQQ,4,84,2026-03-30,2026-07-29,30,0.18660378409597467,0.1348308376722148,0.009013277712329182,0.7183182848682659,-0.12825737893386216,-0.05177294642375992,0.5333333333333333,0.23333333333333334,2.966666666666667,0.3333333333333333
S18_rs2,18,rs2,51,SOX,3,63,2026-04-06,2026-07-06,30,0.6907473098992671,0.2343283360179002,0.1112170117825576,1.5779415669384358,-0.09487557109620438,-0.456418973881367,0.6666666666666666,0.06666666666666667,2.0,0.36031746031746026
S18_rs2,18,rs2,52,QQQ,5,105,2026-01-26,2026-06-25,30,0.14806947240726354,-0.0009621033195554148,-0.0027449267441262415,-0.23137370369740087,-0.11992362997774791,-0.14903157572681894,0.4,0.13333333333333333,3.9,0.2774603174603174
S18_rs2,18,rs2,53,SOX,5,105,2025-12-11,2026-05-13,30,0.6831679701008619,0.30091411534109125,0.25044819119314166,1.2232171061178758,-0.15206233038538455,-0.38225385475977064,0.8,0.1,4.8,0.47873015873015873
S18_rs2,18,rs2,54,SOX,2,42,2026-04-08,2026-06-05,30,0.4572626020215462,0.15566882163863272,0.08105548363733439,1.821351147790296,-0.08943598623332179,-0.3015937803829135,0.6333333333333333,0.13333333333333333,1.2666666666666666,0.4928571428571429
S18_rs2,18,rs2,55,SOX,6,126,2025-12-11,2026-06-12,30,0.8996931388890645,0.3805957527557551,0.29839480810747476,1.2952756611376481,-0.1608826470334209,-0.5190973861333095,0.8333333333333334,0.06666666666666667,5.333333333333333,0.46455026455026455
S18_rs2,18,rs2,56,QQQ,4,84,2026-01-16,2026-05-18,30,0.13763968099251334,0.0262502125069206,0.0,0.12726635252064888,-0.09651320992487866,-0.11138946848559272,0.43333333333333335,0.16666666666666666,2.8,0.2686507936507937
S18_rs2,18,rs2,57,SOX,5,105,2025-11-04,2026-04-07,30,0.17627793559031546,0.1371295546496195,0.08782600165039112,0.5746897384091535,-0.1565351577580392,-0.03914838094069593,0.6,0.3333333333333333,4.966666666666667,0.4047619047619048
S18_rs2,18,rs2,58,QQQ,5,105,2025-10-09,2026-03-11,30,-0.003646797857501216,-0.025837271546980546,-0.030533881988083378,-0.5220411322238815,-0.1149951389005622,-0.02219047368947933,0.26666666666666666,0.36666666666666664,3.566666666666667,0.3041269841269841
S18_rs2,18,rs2,59,SOX,6,126,2026-02-03,2026-08-04,30,0.570424974009125,0.2055594515442209,0.10726867383974636,0.834656576906548,-0.1344659956690043,-0.36486552246490406,0.7666666666666667,0.13333333333333333,4.433333333333334,0.25449735449735444
S18_rs2,18,rs2,60,SOX,6,126,2025-10-28,2026-04-29,30,0.48111989000240474,0.19384111504897472,0.04112835958182359,0.5798913648991508,-0.17465594528329992,-0.28727877495343,0.6,0.1,5.966666666666667,0.3846560846560846
S18_rs2,18,rs2,61,QQQ,5,105,2025-12-26,2026-05-28,30,0.18054058082505575,0.10198159716441649,0.041955103412010586,0.34332405913162667,-0.13333743638985943,-0.07855898366063926,0.6333333333333333,0.3333333333333333,4.333333333333333,0.3466666666666666
S18_rs2,18,rs2,62,QQQ,2,42,2026-03-30,2026-05-28,30,0.3176183089541338,0.02271373743500681,0.0,0.03557462190568223,-0.06700704574265166,-0.29490457151912697,0.3,0.06666666666666667,1.4666666666666666,0.3198412698412698
S18_rs2,18,rs2,63,QQQ,2,42,2026-03-12,2026-05-11,30,0.19577634972183233,0.08940591166821736,0.007486988375479897,0.9681235151865712,-0.041296246799751586,-0.10637043805361497,0.5333333333333333,0.2,1.5666666666666667,0.24523809523809528
S18_rs2,18,rs2,64,SOX,2,42,2026-01-14,2026-03-16,30,0.017866788219712992,0.07435684742501412,0.011298930614717206,0.8727748928429437,-0.11101863816000088,0.05649005920530115,0.6,0.4666666666666667,2.7,0.542063492063492
S18_rs2,18,rs2,65,QQQ,1,21,2026-02-13,2026-03-16,30,-0.0025583859533216957,-0.014206198954470829,0.0,-0.6715854260031405,-0.024327478749864476,-0.011647813001149133,0.06666666666666667,0.7,0.5666666666666667,0.20952380952380953
S18_rs2,18,rs2,66,SOX,6,126,2025-12-12,2026-06-15,30,1.1038384205343448,0.3469650230707884,0.2194591851618184,1.1418273567208383,-0.16010452252471064,-0.7568733974635564,0.8666666666666667,0.06666666666666667,5.6,0.45000000000000007
S18_rs2,18,rs2,67,QQQ,3,63,2026-04-07,2026-07-07,30,0.20662869737823808,0.12510524960509328,0.00028812217825868736,0.8332120844656928,-0.08382517749302482,-0.0815234477731448,0.5,0.26666666666666666,1.9333333333333333,0.291005291005291
S18_rs2,18,rs2,68,SOX,6,126,2025-11-26,2026-05-29,30,0.9570503950794977,0.3333852217656493,0.2588154203700904,1.265349125574976,-0.1628451051886826,-0.6236651733138487,0.8666666666666667,0.03333333333333333,5.2,0.4354497354497354
S18_rs2,18,rs2,69,QQQ,3,63,2026-02-23,2026-05-21,30,0.18955617683264459,0.020094961907520192,-0.004000807459896394,-0.18668785709439398,-0.09077693865422035,-0.16946121492512436,0.3,0.06666666666666667,1.9333333333333333,0.2497354497354497
S18_rs2,18,rs2,70,QQQ,1,21,2026-05-20,2026-06-18,30,0.03851920725354496,0.015571585490035962,0.0,0.13092127661255937,-0.062401574998255785,-0.022947621763509,0.3,0.23333333333333334,1.0333333333333334,0.27619047619047615
S18_rs2,18,rs2,71,QQQ,4,84,2026-02-10,2026-06-10,30,0.13589339735644534,-0.016284069875952236,0.0,-0.22597562711713198,-0.10063157982232296,-0.1521774672323976,0.4,0.03333333333333333,2.4,0.226984126984127
S18_rs2,18,rs2,72,QQQ,1,21,2026-01-02,2026-02-02,30,0.02123573120472444,0.009682946656767373,0.0,0.076747638640488,-0.04333711384161014,-0.011552784547957067,0.3333333333333333,0.26666666666666666,1.2666666666666666,0.39999999999999986
S18_rs2,18,rs2,73,QQQ,2,42,2025-10-29,2025-12-29,30,-0.022177962115309757,-0.02203356659522116,-0.002190489601770318,-0.6268049593455343,-0.06805939821214173,0.00014439552008859528,0.26666666666666666,0.5666666666666667,2.0,0.2817460317460317
S18_rs2,18,rs2,74,QQQ,6,126,2025-10-16,2026-04-17,30,0.08419330927891888,-0.03428852037879889,-0.022634249808288986,-0.43546164466543485,-0.15238455934397788,-0.11848182965771778,0.4,0.13333333333333333,4.866666666666666,0.30185185185185187
S18_rs2,18,rs2,75,SOX,2,42,2025-11-21,2026-01-23,30,0.27465585408986115,0.12209908931484835,0.08674497035292927,1.581386754411225,-0.08698392935574746,-0.1525567647750128,0.6666666666666666,0.16666666666666666,1.8,0.5301587301587302
S18_rs2,18,rs2,76,SOX,3,63,2026-04-24,2026-07-24,30,0.14224491402272577,0.024479131292367888,0.0,0.5325089234713202,-0.11047686300024803,-0.11776578273035786,0.36666666666666664,0.2,1.9,0.26190476190476186
S18_rs2,18,rs2,77,QQQ,4,84,2025-10-14,2026-02-12,30,0.005708783314851695,0.005935297915467582,-0.018418226728004305,-0.2202085406567493,-0.11808423274725507,0.00022651460061588654,0.4,0.36666666666666664,3.5,0.3662698412698413
S18_rs2,18,rs2,78,QQQ,2,42,2026-01-16,2026-03-18,30,-0.04242981557588932,-0.012863028337065962,0.0,-0.5952544866203747,-0.06428663086797921,0.029566787238823354,0.3333333333333333,0.7666666666666667,2.2,0.3357142857142858
S18_rs2,18,rs2,79,SOX,5,105,2026-02-02,2026-07-02,30,0.6074683472812843,0.19041370479599812,0.09677967839845802,0.9091797701558008,-0.14545819043154587,-0.4170546424852862,0.6333333333333333,0.1,4.566666666666666,0.3044444444444444
S18_rs2,18,rs2,80,SOX,1,21,2026-01-26,2026-02-24,30,0.055294892080334446,0.06765469849509433,0.0,1.2799916257284145,-0.051944381341874415,0.012359806414759882,0.4666666666666667,0.36666666666666664,1.3666666666666667,0.4523809523809524
S18_rs2,18,rs2,81,SOX,4,84,2026-03-12,2026-07-13,30,0.678470285362373,0.26152674101497425,0.21006750195664614,1.525020021581291,-0.11853539350921274,-0.4169435443473987,0.7333333333333333,0.1,2.6333333333333333,0.3559523809523809
S18_rs2,18,rs2,82,SOX,3,63,2026-04-27,2026-07-27,30,0.1340882200556297,0.08548457998933554,0.0,0.3612362860440918,-0.11535802351160813,-0.04860364006629417,0.43333333333333335,0.3,2.2666666666666666,0.2497354497354497
S18_rs2,18,rs2,83,QQQ,5,105,2025-11-18,2026-04-21,30,0.08328496527670048,0.04141653521460461,0.01609234741892418,0.4538774250007625,-0.09216597221646443,-0.041868430062095875,0.6,0.23333333333333334,4.366666666666666,0.32952380952380944
S18_rs2,18,rs2,84,QQQ,4,84,2025-10-17,2026-02-18,30,0.004372245728628821,-0.0017543320326323885,-0.0075688505560467245,-0.05436691051645733,-0.10289949195399206,-0.00612657776126121,0.4,0.4,3.3666666666666667,0.3099206349206349
S18_rs2,18,rs2,85,QQQ,3,63,2025-11-06,2026-02-06,30,-0.0020183014160357615,0.0005330467703412945,0.0,-0.10554086927325937,-0.09617918562267436,0.002551348186377056,0.43333333333333335,0.5666666666666667,3.533333333333333,0.46560846560846564
S18_rs2,18,rs2,86,SOX,4,84,2025-11-07,2026-03-11,30,0.16377212969401955,0.10752045246787996,0.058042253892371054,0.4757530293103918,-0.13629269250016154,-0.056251677226139586,0.6,0.3,3.0,0.4507936507936508
S18_rs2,18,rs2,87,QQQ,1,21,2025-09-30,2025-10-28,30,0.05421653616699196,-0.006273798443730187,0.0,-0.006525342529418689,-0.03744244980420083,-0.06049033461072214,0.26666666666666666,0.03333333333333333,0.9666666666666667,0.35873015873015873
S18_rs2,18,rs2,88,QQQ,3,63,2026-02-18,2026-05-18,30,0.16669142626710487,-0.02062801266197246,-0.006480372838717108,-0.4062456240121549,-0.09478260107797001,-0.18731943892907738,0.26666666666666666,0.06666666666666667,2.2,0.2476190476190476
S18_rs2,18,rs2,89,SOX,3,63,2025-12-11,2026-03-13,30,0.05495814889159867,0.13044575171187878,0.07734628360469453,0.7291577500176979,-0.13253335821810044,0.0754876028202801,0.6333333333333333,0.5333333333333333,2.933333333333333,0.5349206349206349
S18_rs2,18,rs2,90,SOX,1,21,2026-03-10,2026-04-08,30,0.09391160920842001,0.030055310779891712,0.0,1.0522017728869106,-0.043261940531590395,-0.0638562984285283,0.4,0.23333333333333334,1.4333333333333333,0.2365079365079365
S18_rs2,18,rs2,91,QQQ,2,42,2025-12-18,2026-02-19,30,-0.007983033464214917,0.02485880513228168,0.00220694141819755,0.6693711732500199,-0.06198789562079362,0.0328418385964966,0.5,0.6666666666666666,1.9,0.4420634920634921
S18_rs2,18,rs2,92,SOX,2,42,2026-02-25,2026-04-24,30,0.25512069715118835,0.10807401490432937,0.056742950972824446,1.586082068070091,-0.0752118626405717,-0.14704668224685896,0.6,0.2,2.466666666666667,0.32222222222222224
S18_rs2,18,rs2,93,SOX,1,21,2026-05-28,2026-06-26,30,0.03643764245475545,0.0053464323325219405,0.0,0.21450649532872113,-0.07847475939530929,-0.031091210122233502,0.3,0.16666666666666666,1.1666666666666667,0.3206349206349206
S18_rs2,18,rs2,94,QQQ,4,84,2025-11-12,2026-03-16,30,-0.03208366481758784,-0.007726503978433123,0.009459979505972993,-0.07256647304060462,-0.12412065171998773,0.02435716083915472,0.5,0.6333333333333333,3.5,0.425
S18_rs2,18,rs2,95,QQQ,3,63,2025-10-10,2026-01-09,30,0.0643890640324265,0.02639209789898249,0.014660196197736175,0.2782185727277521,-0.07966133705764673,-0.03799696613344401,0.6666666666666666,0.3333333333333333,2.433333333333333,0.3814814814814815
S18_rs2,18,rs2,96,SOX,1,21,2026-06-09,2026-07-09,30,0.03528693158642149,-0.01620386014726593,0.0,-0.12823233476209342,-0.07260182438308127,-0.05149079173368742,0.26666666666666666,0.2,1.1333333333333333,0.2603174603174603
S18_rs2,18,rs2,97,QQQ,6,126,2025-11-21,2026-05-26,30,0.2407730810269626,0.022092905692781262,0.0,-0.1562113436067933,-0.13203832194607265,-0.21868017533418135,0.4,0.06666666666666667,3.7333333333333334,0.22830687830687826
S18_rs2,18,rs2,98,QQQ,2,42,2025-10-29,2025-12-29,30,-0.022177962115309757,-0.01987584719968338,0.0,-0.31260511843584365,-0.08251257928311244,0.002302114915626378,0.4,0.6,2.2666666666666666,0.44047619047619035
S18_rs2,18,rs2,99,SOX,3,63,2025-12-02,2026-03-04,30,0.1294426902991177,0.20118639400203264,0.18783114009188973,1.4950951368131207,-0.12133785587658209,0.07174370370291493,0.7,0.6,2.6333333333333333,0.6195767195767198
S19_rs3,19,rs3,0,SOX,2,42,2026-04-16,2026-06-15,30,0.5488322075690351,0.17676127332832003,0.0727367578403314,1.7204395297622364,-0.09626010422094179,-0.372070934240715,0.6333333333333333,0.1,1.7333333333333334,0.5071428571428572
S19_rs3,19,rs3,1,QQQ,6,126,2026-01-29,2026-07-30,30,0.08854690776025209,0.03061652215967681,-0.009623426945142621,0.2087811373754524,-0.11690078951504473,-0.057930385600575285,0.4,0.26666666666666666,4.033333333333333,0.2875661375661375
S19_rs3,19,rs3,2,SOX,4,84,2025-12-11,2026-04-14,30,0.2783780379079748,0.15820537048499386,0.10036549098188507,0.7172299534326411,-0.1463973989284666,-0.1201726674229809,0.7333333333333333,0.2,4.133333333333334,0.44007936507936507
S19_rs3,19,rs3,3,QQQ,2,42,2026-04-30,2026-06-30,30,0.1040364955314863,0.045524720724598525,0.0,0.6039343275212518,-0.07829966707688223,-0.05851177480688778,0.4666666666666667,0.2,1.7666666666666666,0.31984126984126987
S19_rs3,19,rs3,4,SOX,5,105,2025-10-30,2026-04-01,30,0.11078526247878706,0.11856681533955259,0.06543893248345956,0.5838786153997543,-0.16878004059871013,0.0077815528607655315,0.7,0.43333333333333335,4.6,0.4130158730158729
S19_rs3,19,rs3,5,QQQ,4,84,2025-10-30,2026-03-03,30,-0.03784831768457397,-0.009630355045421656,0.0,0.07674259836335223,-0.10372730929890046,0.028217962639152317,0.43333333333333335,0.6666666666666666,3.533333333333333,0.41031746031746036
S19_rs3,19,rs3,6,QQQ,2,42,2025-11-24,2026-01-26,30,0.03487650443770973,0.019032869139986298,0.0,0.2492639567356552,-0.06756058055981799,-0.015843635297723434,0.4,0.26666666666666666,1.8333333333333333,0.5158730158730159
S19_rs3,19,rs3,7,QQQ,6,126,2025-12-29,2026-06-30,30,0.18887829386607957,0.11272306103498476,0.017353802173571187,0.4078465704292468,-0.11221364070001026,-0.07615523283109482,0.6,0.3333333333333333,4.166666666666667,0.27089947089947086
S19_rs3,19,rs3,8,QQQ,1,21,2025-10-15,2025-11-12,30,0.03131759643075083,0.011968625711860323,0.0,0.2931874479621675,-0.031002646188932153,-0.019348970718890506,0.26666666666666666,0.2,1.0666666666666667,0.30317460317460315
S19_rs3,19,rs3,9,SOX,1,21,2026-04-10,2026-05-08,30,0.3458354762118372,0.1702048469960814,0.11086792735784812,3.345949621963379,-0.06697659722263426,-0.17563062921575578,0.7,0.16666666666666666,1.1333333333333333,0.5444444444444444
S19_rs3,19,rs3,10,QQQ,3,63,2025-10-20,2026-01-20,30,-0.0044093933230131555,0.018752675369675172,-0.00139160368480995,0.20422239709873896,-0.08241868578734782,0.023162068692688328,0.3333333333333333,0.5666666666666667,2.2,0.37989417989417984
S19_rs3,19,rs3,11,SOX,5,105,2026-02-10,2026-07-13,30,0.5770255442312711,0.23396735110745742,0.15359441754586467,1.2458678925164197,-0.12667524855973922,-0.3430581931238137,0.7333333333333333,0.16666666666666666,4.366666666666666,0.3019047619047619
S19_rs3,19,rs3,12,QQQ,1,21,2026-05-07,2026-06-05,30,0.014562402546714814,0.03170308271187478,0.0,0.11714334915755129,-0.03395536502451906,0.017140680165159964,0.26666666666666666,0.26666666666666666,0.8,0.27619047619047615
S19_rs3,19,rs3,13,QQQ,6,126,2025-10-28,2026-04-29,30,0.047932829404818245,-0.010386007900054894,-0.016195044197563624,-0.2670410578404996,-0.10932464045374496,-0.05831883730487313,0.4,0.23333333333333334,4.466666666666667,0.2661375661375661
S19_rs3,19,rs3,14,QQQ,5,105,2025-11-14,2026-04-17,30,0.06839868094754786,-0.00953468720570298,0.0,-0.14310337740798224,-0.10690549320960922,-0.07793336815325083,0.4,0.13333333333333333,3.8,0.29365079365079366
S19_rs3,19,rs3,15,SOX,6,126,2025-12-22,2026-06-24,30,0.981820697377354,0.34939408458646787,0.2175475794162417,1.1802818624009626,-0.15750367584532754,-0.6324266127908861,0.8,0.1,4.733333333333333,0.4111111111111111
S19_rs3,19,rs3,16,SOX,6,126,2025-10-30,2026-05-01,30,0.5281745196921701,0.14071452528019915,0.04700950570447582,0.544289931447138,-0.16189795518267389,-0.387459994411971,0.6333333333333333,0.06666666666666667,5.033333333333333,0.3608465608465608
S19_rs3,19,rs3,17,SOX,1,21,2026-04-29,2026-05-28,30,0.26551706566977007,0.13811804477712714,0.06591858628200364,2.576351953708841,-0.07060275796977884,-0.12739902089264296,0.6333333333333333,0.23333333333333334,1.2,0.5587301587301587
S19_rs3,19,rs3,18,SOX,2,42,2026-05-14,2026-07-15,30,0.048117430059597455,0.02181584943136216,0.0,0.27156119510013216,-0.07721088946191809,-0.026301580628235295,0.3,0.23333333333333334,1.5,0.22301587301587303
S19_rs3,19,rs3,19,QQQ,4,84,2026-03-11,2026-07-10,30,0.19670091568073822,0.05361411612220746,-0.005624483040448713,0.12212645611924769,-0.12278479218798659,-0.14308679955853074,0.4666666666666667,0.2,3.0,0.2630952380952381
S19_rs3,19,rs3,20,QQQ,4,84,2025-11-18,2026-03-20,30,-0.022639332362616393,-0.018044639514664264,0.0,-0.3357926629027643,-0.08129347966604923,0.004594692847952131,0.3333333333333333,0.6,3.0,0.28015873015873016
S19_rs3,19,rs3,21,SOX,1,21,2026-02-19,2026-03-19,30,-0.04336329266779737,-0.015259650758960065,0.0,-1.0224614360380682,-0.06739267426048372,0.028103641908837306,0.16666666666666666,0.6333333333333333,1.2666666666666666,0.3380952380952381
S19_rs3,19,rs3,22,QQQ,4,84,2026-01-06,2026-05-06,30,0.11746063709979104,0.0006417968196156105,-0.005196636934948484,-0.22280965117536694,-0.11758287943623066,-0.11681884028017545,0.43333333333333335,0.16666666666666666,3.1666666666666665,0.2892857142857143
S19_rs3,19,rs3,23,SOX,1,21,2025-11-05,2025-12-04,29,0.0026517159632100107,-0.016782954020019038,0.0,0.2003595919122349,-0.05283974329975057,-0.01943466998322905,0.2413793103448276,0.20689655172413793,1.0689655172413792,0.25944170771756975
S19_rs3,19,rs3,24,QQQ,6,126,2026-01-06,2026-07-08,30,0.14388356408779868,0.11590793734674577,0.05841477972967546,0.748739686034091,-0.12333628259647561,-0.027975626741052924,0.5666666666666667,0.4,4.733333333333333,0.31216931216931204
S19_rs3,19,rs3,25,SOX,5,105,2025-12-24,2026-05-27,30,0.8433638259991032,0.3848475679839019,0.2747769956423406,1.757086823177125,-0.15784249710326587,-0.45851625801520135,0.9,0.1,5.1,0.4809523809523809
S19_rs3,19,rs3,26,SOX,1,21,2026-01-14,2026-02-12,30,0.05905395916951672,0.07183650199651395,0.04192784373347469,1.7434798497201738,-0.07222262121779968,0.012782542826997237,0.6666666666666666,0.4666666666666667,1.5333333333333334,0.5809523809523809
S19_rs3,19,rs3,27,SOX,1,21,2026-03-26,2026-04-24,30,0.40367955782023013,0.1629625112808898,0.07478937187323242,3.065379592098256,-0.026760918351916255,-0.24071704653934042,0.6,0.16666666666666666,0.7666666666666667,0.3793650793650793
S19_rs3,19,rs3,28,QQQ,6,126,2026-01-05,2026-07-07,30,0.1506742303165851,0.1074025576106879,0.03633204485182184,0.528994827016127,-0.13033139376791322,-0.043271672705897185,0.6666666666666666,0.3333333333333333,4.6,0.30291005291005285
S19_rs3,19,rs3,29,SOX,5,105,2025-11-04,2026-04-07,30,0.17627793559031546,0.14094238273257487,0.05893280003796897,0.5318641906200932,-0.14433081995035776,-0.03533555285774062,0.6333333333333333,0.3333333333333333,4.033333333333333,0.3742857142857142
S19_rs3,19,rs3,30,SOX,2,42,2025-12-23,2026-02-24,30,0.1871722362051189,0.1797455952188682,0.18232470140812107,2.2040783134481363,-0.08019447647077001,-0.007426640986250688,0.7,0.4666666666666667,2.2333333333333334,0.5523809523809524
S19_rs3,19,rs3,31,SOX,3,63,2026-01-26,2026-04-24,30,0.34632694846343504,0.1814859672320642,0.10469421792546008,1.363928601598728,-0.12309108980796303,-0.1648409812313708,0.6333333333333333,0.23333333333333334,3.533333333333333,0.37407407407407406
S19_rs3,19,rs3,32,QQQ,4,84,2025-11-11,2026-03-13,30,-0.043575276394191675,0.0012654383431025466,0.0,-0.02204562420108953,-0.08857025545488278,0.044840714737294216,0.4,0.7333333333333333,2.966666666666667,0.3357142857142857
S19_rs3,19,rs3,33,QQQ,2,42,2026-02-20,2026-04-21,30,0.05967785940352188,0.0038684482519434978,0.0,-0.04031578346256432,-0.05697842338234755,-0.05580941115157838,0.26666666666666666,0.23333333333333334,1.4,0.22857142857142856
S19_rs3,19,rs3,34,SOX,1,21,2026-05-11,2026-06-09,30,0.0551468451780639,0.012385231129391513,0.0,-0.1820852272266927,-0.07925705822037052,-0.04276161404867239,0.26666666666666666,0.2,1.1,0.3857142857142856
S19_rs3,19,rs3,35,QQQ,6,126,2025-11-14,2026-05-18,30,0.16230450246980266,0.052614483152320514,0.0047729491563507365,0.19131887942862352,-0.12162397893082096,-0.10969001931748217,0.5666666666666667,0.16666666666666666,4.466666666666667,0.27698412698412694
S19_rs3,19,rs3,36,SOX,4,84,2025-11-03,2026-03-05,30,0.09687680972710866,0.1059322088459347,0.018179692895354815,0.3549062526624718,-0.1300156483317793,0.00905539911882605,0.5333333333333333,0.43333333333333335,3.1666666666666665,0.43809523809523804
S19_rs3,19,rs3,37,SOX,5,105,2026-02-05,2026-07-08,30,0.7007023849320608,0.23792650442501143,0.14338685392187545,0.9627173438872052,-0.1437369453607512,-0.4627758805070494,0.7,0.1,3.933333333333333,0.287936507936508
S19_rs3,19,rs3,38,SOX,2,42,2026-05-05,2026-07-06,30,0.20519988218022744,0.0596616330487151,0.0,0.7528506932968546,-0.08840795308294401,-0.1455382491315123,0.4666666666666667,0.1,1.6333333333333333,0.31904761904761897
S19_rs3,19,rs3,39,QQQ,1,21,2025-10-13,2025-11-10,30,0.03524856689461697,0.012639220304725866,0.0,0.8992493105292726,-0.025952257722378986,-0.022609346589891107,0.26666666666666666,0.16666666666666666,0.8,0.3
S19_rs3,19,rs3,40,SOX,4,84,2026-01-13,2026-05-13,30,0.5860051836591178,0.21859851335592323,0.1443841670442677,1.3065572410841808,-0.1364409951016257,-0.36740667030319457,0.7666666666666667,0.06666666666666667,4.433333333333334,0.42103174603174615
S19_rs3,19,rs3,41,SOX,3,63,2026-01-28,2026-04-28,30,0.21783366050278352,0.06539807491108011,0.006231242181386265,0.4395819189325388,-0.1317182148207448,-0.15243558559170337,0.5666666666666667,0.23333333333333334,3.533333333333333,0.344973544973545
S19_rs3,19,rs3,42,QQQ,6,126,2026-01-29,2026-07-30,30,0.08854690776025209,0.028000672174899256,-0.023457667249454972,-0.12302026031027795,-0.12384587513464602,-0.06054623558535284,0.36666666666666664,0.26666666666666666,3.9,0.23469678469678473
S19_rs3,19,rs3,43,QQQ,3,63,2026-03-31,2026-06-30,30,0.277260670394752,0.0818075587205344,-0.00019999999999997797,0.2583709824881318,-0.08753232089741356,-0.1954531116742176,0.4666666666666667,0.1,2.4,0.3275132275132274
S19_rs3,19,rs3,44,SOX,1,21,2025-12-05,2026-01-06,29,0.06280245212113145,0.062328111940439086,0.04900577265694839,1.5263005975764061,-0.06920714100553878,-0.000474340180692356,0.6206896551724138,0.4827586206896552,0.8620689655172413,0.6223316912972087
S19_rs3,19,rs3,45,SOX,6,126,2025-10-17,2026-04-20,30,0.4519881329203801,0.1674883486025321,0.10985765485463006,0.809915658401265,-0.15816369988307274,-0.284499784317848,0.7,0.16666666666666666,5.6,0.3441798941798942
S19_rs3,19,rs3,46,SOX,1,21,2026-04-07,2026-05-05,30,0.38811251036107053,0.1799778137460331,0.07938891880719356,3.9394533677998935,-0.06416582416802226,-0.2081346966150374,0.7,0.2,1.0,0.5444444444444443
S19_rs3,19,rs3,47,QQQ,1,21,2026-04-17,2026-05-15,30,0.09259467479693173,0.04040909833030233,0.0,1.0758057925293953,-0.02846369540085029,-0.0521855764666294,0.3333333333333333,0.2,0.6333333333333333,0.30952380952380953
S19_rs3,19,rs3,48,SOX,3,63,2026-02-18,2026-05-18,30,0.38627475867734296,0.07316867053521416,0.04192099855479303,0.3958470049102999,-0.12911400527825792,-0.31310608814212876,0.5333333333333333,0.1,3.0,0.3455026455026454
S19_rs3,19,rs3,49,QQQ,3,63,2025-10-14,2026-01-13,30,0.04857326514357996,0.016575320749481426,-0.005583339716128455,-0.10119228465808747,-0.07852755926085858,-0.03199794439409853,0.43333333333333335,0.3333333333333333,2.6,0.39629629629629626
S19_rs3,19,rs3,50,SOX,3,63,2026-01-23,2026-04-23,30,0.2801244936694949,0.11540091855874696,0.06783220145420843,0.7761095358985515,-0.11990564020395723,-0.1647235751107479,0.6333333333333333,0.13333333333333333,3.8,0.36455026455026446
S19_rs3,19,rs3,51,QQQ,2,42,2026-01-21,2026-03-20,30,-0.055526733619593704,-0.04043744424466893,-0.029116018285336054,-0.7767165455039637,-0.08857336461913555,0.01508928937492477,0.23333333333333334,0.7,2.533333333333333,0.31587301587301586
S19_rs3,19,rs3,52,QQQ,4,84,2025-10-10,2026-02-10,30,0.03860517344613834,0.015339468445110875,-0.013238757100503207,-0.25337180356456873,-0.0965057369557784,-0.023265705001027467,0.3,0.23333333333333334,3.066666666666667,0.3242063492063492
S19_rs3,19,rs3,53,SOX,2,42,2026-02-06,2026-04-08,30,0.06346493298109812,0.017820344660014583,0.0,0.40941610158154745,-0.10791073737458086,-0.04564458832108354,0.36666666666666664,0.23333333333333334,2.533333333333333,0.35
S19_rs3,19,rs3,54,QQQ,5,105,2025-12-17,2026-05-19,30,0.17139904186326027,0.06824328639992687,0.012343146072241629,0.14141625845456662,-0.10848348640900782,-0.10315575546333342,0.5333333333333333,0.13333333333333333,3.7666666666666666,0.34349206349206357
S19_rs3,19,rs3,55,SOX,3,63,2026-04-30,2026-07-30,30,0.09390080478180485,0.050118675474059904,0.0005581307620303733,0.6146167618305218,-0.11034570313900721,-0.043782129307744944,0.5,0.26666666666666666,1.9333333333333333,0.25502645502645505
S19_rs3,19,rs3,56,SOX,3,63,2026-04-24,2026-07-24,30,0.14224491402272577,0.080286348573177,0.0,0.9412359167421831,-0.11277348488593388,-0.0619585654495488,0.43333333333333335,0.26666666666666666,2.2666666666666666,0.32751322751322753
S19_rs3,19,rs3,57,QQQ,2,42,2025-10-03,2025-12-02,30,0.031201229671148356,-0.0020621435088876818,0.0,-0.20687472380926636,-0.06963272110663923,-0.03326337318003604,0.26666666666666666,0.26666666666666666,2.6666666666666665,0.3555555555555555
S19_rs3,19,rs3,58,QQQ,6,126,2025-12-29,2026-06-30,30,0.18887829386607957,0.02742848151083427,-0.03110243377013905,-0.4151253938348782,-0.13254471673511484,-0.16144981235524533,0.36666666666666664,0.13333333333333333,4.3,0.23518518518518514
S19_rs3,19,rs3,59,QQQ,3,63,2025-10-23,2026-01-23,30,0.02119663669409766,0.013567837562254492,-0.00480553048839899,-0.20720092597146125,-0.07268419345506387,-0.007628799131843167,0.36666666666666664,0.3333333333333333,2.466666666666667,0.33492063492063484
S19_rs3,19,rs3,60,SOX,1,21,2025-10-28,2025-11-25,29,-0.06854981874254262,-0.0059407899450038834,0.0,-0.6280159673127358,-0.05478360438300263,0.06260902879753874,0.13793103448275862,0.7586206896551724,1.0,0.27586206896551724
S19_rs3,19,rs3,61,QQQ,5,105,2025-10-24,2026-03-26,30,-0.06781125636181884,-0.013600570347918431,-0.007346215130691003,-0.1590830366072094,-0.11417303443603564,0.0542106860139004,0.36666666666666664,0.6,3.2333333333333334,0.31238095238095237
S19_rs3,19,rs3,62,QQQ,6,126,2026-01-05,2026-07-07,30,0.1506742303165851,0.08837109796816657,0.024328219769331305,0.41693730209023194,-0.12426555820071702,-0.06230313234841856,0.7,0.23333333333333334,5.3,0.26137566137566143
S19_rs3,19,rs3,63,SOX,4,84,2026-03-04,2026-07-02,30,0.6599461705534195,0.1908886445547767,0.16800250184071375,0.9641941289316088,-0.13612471517035576,-0.46905752599864287,0.6333333333333333,0.1,3.466666666666667,0.3333333333333333
S19_rs3,19,rs3,64,QQQ,2,42,2025-12-17,2026-02-18,30,0.010260664002738507,0.05862853633915046,0.003227143082632944,0.6032293598851568,-0.06458719341490708,0.04836787233641194,0.5,0.4666666666666667,1.6,0.4793650793650794
S19_rs3,19,rs3,65,SOX,1,21,2025-12-17,2026-01-16,30,0.20068006043982,0.12960019668502235,0.11590635225267132,2.8016586927722718,-0.025151017546607986,-0.07107986375479766,0.6333333333333333,0.26666666666666666,0.8333333333333334,0.5634920634920635
S19_rs3,19,rs3,66,SOX,2,42,2026-03-27,2026-05-27,30,0.7434770125086341,0.25177565199829355,0.2097742319475444,2.6384642418997375,-0.08078722450012839,-0.4917013605103405,0.8,0.03333333333333333,1.3666666666666667,0.5134920634920634
S19_rs3,19,rs3,67,QQQ,3,63,2026-02-25,2026-05-26,30,0.18570551010309244,-0.003249710601478565,0.0,-0.35360273732008063,-0.07639770576566847,-0.18895522070457105,0.26666666666666666,0.06666666666666667,1.8666666666666667,0.26190476190476186
S19_rs3,19,rs3,68,QQQ,1,21,2026-02-19,2026-03-19,30,-0.01731637192364932,-0.03905181075184682,-0.01396798206479516,-2.113658494810487,-0.05992531514970319,-0.021735438828197493,0.06666666666666667,0.5333333333333333,1.0333333333333334,0.3682539682539682
S19_rs3,19,rs3,69,QQQ,6,126,2025-12-01,2026-06-02,30,0.21208651748025198,0.09316409120035149,0.011756144511190891,0.29822554026426423,-0.10226026553680598,-0.11892242627990049,0.5666666666666667,0.2,4.466666666666667,0.25291005291005286
S19_rs3,19,rs3,70,SOX,3,63,2026-04-24,2026-07-24,30,0.14224491402272577,0.05597851907303285,0.0,0.787486892231512,-0.10723781274594099,-0.08626639494969292,0.43333333333333335,0.23333333333333334,2.2333333333333334,0.2656084656084656
S19_rs3,19,rs3,71,SOX,1,21,2025-10-20,2025-11-17,30,-0.03211941834758891,-0.0006842158326214265,0.0,-0.33984741656236056,-0.04239793068603131,0.03143520251496749,0.1,0.8333333333333334,0.9,0.2904761904761905
S19_rs3,19,rs3,72,SOX,6,126,2025-10-20,2026-04-21,30,0.43897314691265166,0.16672951317011586,0.0962599070388428,0.7353885897023957,-0.15833595573179624,-0.27224363374253585,0.6333333333333333,0.16666666666666666,5.666666666666667,0.3550264550264551
S19_rs3,19,rs3,73,SOX,2,42,2026-01-26,2026-03-25,30,0.006974331098973163,0.0469033504519203,0.0,-0.04584803001374474,-0.09832986970766427,0.03992901935294714,0.36666666666666664,0.3,2.2666666666666666,0.3769841269841269
S19_rs3,19,rs3,74,SOX,6,126,2025-11-05,2026-05-07,30,0.615167354577042,0.2139081615093537,0.10897176924201835,0.8240824396242091,-0.18415827199869786,-0.40125919306768826,0.6666666666666666,0.13333333333333333,5.233333333333333,0.3931216931216932
S19_rs3,19,rs3,75,QQQ,6,126,2025-11-17,2026-05-19,30,0.16509233974368742,0.055645456697302906,0.0,0.10787778293670681,-0.121872870631744,-0.10944688304638452,0.43333333333333335,0.26666666666666666,4.533333333333333,0.321957671957672
S19_rs3,19,rs3,76,QQQ,5,105,2026-01-06,2026-06-05,30,0.1323810712644058,0.015761974778037945,0.0,0.01168266868452507,-0.12967804446527084,-0.11661909648636785,0.4666666666666667,0.23333333333333334,3.533333333333333,0.30380952380952375
S19_rs3,19,rs3,77,SOX,4,84,2025-10-14,2026-02-12,30,0.26156692499478607,0.1998050273937812,0.16908391184974414,1.2156933759298565,-0.11484011022356956,-0.061761897601004874,0.6333333333333333,0.36666666666666664,3.1666666666666665,0.42777777777777776
S19_rs3,19,rs3,78,SOX,3,63,2026-01-06,2026-04-07,30,0.059766307853144296,0.03668674022280003,0.0,0.5989295338807911,-0.13332338067484623,-0.023079567630344258,0.4666666666666667,0.23333333333333334,2.8,0.45026455026455015
S19_rs3,19,rs3,79,QQQ,6,126,2025-12-02,2026-06-03,30,0.1995313262802476,0.049154323051727386,0.0,-0.02179210506984709,-0.13352582453231085,-0.15037700322852027,0.4666666666666667,0.1,3.8333333333333335,0.30740740740740746
S19_rs3,19,rs3,80,SOX,4,84,2026-01-02,2026-05-04,30,0.47389043541895925,0.236835317105036,0.140149855190302,1.508106364988826,-0.1439574765285928,-0.23705511831392329,0.7666666666666667,0.16666666666666666,3.466666666666667,0.43611111111111106
S19_rs3,19,rs3,81,SOX,4,84,2026-02-27,2026-06-29,30,0.7457787552178838,0.16886882114867224,0.07559956415926283,0.7879915736581039,-0.12711732228287373,-0.5769099340692116,0.5666666666666667,0.03333333333333333,3.1333333333333333,0.323015873015873
S19_rs3,19,rs3,82,SOX,2,42,2026-04-10,2026-06-09,30,0.4540611601744293,0.16851336018359026,0.0688470469319854,1.7193490469905839,-0.08877403166600877,-0.2855477999908391,0.6666666666666666,0.13333333333333333,1.6333333333333333,0.46825396825396826
S19_rs3,19,rs3,83,SOX,1,21,2026-04-07,2026-05-05,30,0.38811251036107053,0.1265864607219198,0.058226586052205986,3.054522523745983,-0.059589687158084874,-0.2615260496391507,0.6,0.1,0.8666666666666667,0.507936507936508
S19_rs3,19,rs3,84,QQQ,1,21,2026-03-17,2026-04-15,30,0.05783713501179255,0.0004695219213941744,0.0,-0.18063843284203943,-0.04436775539394504,-0.05736761309039838,0.23333333333333334,0.16666666666666666,1.1333333333333333,0.2507936507936508
S19_rs3,19,rs3,85,QQQ,4,84,2026-01-26,2026-05-26,30,0.1690609295520853,0.07550422428820057,0.0,0.41954472963690487,-0.08535934191031828,-0.09355670526388468,0.4666666666666667,0.3,2.966666666666667,0.2718253968253969
S19_rs3,19,rs3,86,SOX,1,21,2025-11-05,2025-12-04,29,0.0026517159632100107,-0.01267433587571731,0.0,0.12668862736677994,-0.04980754504587403,-0.01532605183892732,0.2413793103448276,0.2413793103448276,1.103448275862069,0.26929392446633826
S19_rs3,19,rs3,87,SOX,1,21,2026-05-01,2026-06-01,30,0.22797633110648619,0.05393421370119121,0.0,1.0842293410884956,-0.07704889006349694,-0.17404211740529493,0.43333333333333335,0.1,1.1,0.5238095238095238
S19_rs3,19,rs3,88,QQQ,2,42,2026-01-23,2026-03-24,30,-0.06102847048860305,-0.020304647588609424,-0.00020000000000003348,-0.8058699568359473,-0.05794424657128232,0.040723822899993635,0.2,0.8,1.8,0.23253968253968255
S19_rs3,19,rs3,89,SOX,4,84,2025-10-23,2026-02-24,30,0.24568987311101642,0.1698115597224696,0.11746953079843525,1.0912044353342512,-0.12447703318539473,-0.07587831338854682,0.6333333333333333,0.3333333333333333,2.8333333333333335,0.4015873015873016
S19_rs3,19,rs3,90,QQQ,1,21,2026-06-22,2026-07-21,30,-0.039271008909172456,0.016093985958656618,0.0,0.36804717415729166,-0.05461718930598691,0.055364994867829066,0.3333333333333333,0.8666666666666667,1.0666666666666667,0.4555555555555556
S19_rs3,19,rs3,91,SOX,4,84,2025-10-28,2026-02-27,30,0.1588312373634062,0.18294162807871245,0.13290203591917704,1.1135203161407574,-0.10412793653449959,0.024110390715306195,0.6666666666666666,0.4666666666666667,3.0,0.421031746031746
S19_rs3,19,rs3,92,QQQ,4,84,2026-01-12,2026-05-12,30,0.12909064535616643,-0.001908193441103212,-0.004652727539154633,-0.4175403698048083,-0.11378505369990413,-0.13099883879726967,0.43333333333333335,0.16666666666666666,3.6666666666666665,0.3103174603174603
S19_rs3,19,rs3,93,QQQ,5,105,2026-03-03,2026-07-31,30,0.14633886392324347,0.08953965145063085,0.0003595102960985974,0.37838694892111285,-0.09169184265945338,-0.05679921247261264,0.5,0.3,3.2333333333333334,0.26634920634920634
S19_rs3,19,rs3,94,SOX,4,84,2025-11-28,2026-03-31,30,0.10987511194723121,0.11407128557613827,0.061993966611810225,0.5260567061428364,-0.1469821088471283,0.004196173628907063,0.6,0.4,3.566666666666667,0.44523809523809527
S19_rs3,19,rs3,95,SOX,4,84,2026-01-27,2026-05-27,30,0.6074041245081536,0.17289797651731537,0.10793317568886618,0.9906457068525795,-0.16097118982914244,-0.43450614799083825,0.6333333333333333,0.06666666666666667,4.333333333333333,0.3841269841269842
S19_rs3,19,rs3,96,SOX,1,21,2025-10-08,2025-11-05,29,0.047780687783823605,0.012380133553681168,0.0,0.4169072737731642,-0.05787823262960446,-0.03540055423014244,0.41379310344827586,0.2413793103448276,1.4827586206896552,0.3596059113300492
S19_rs3,19,rs3,97,QQQ,1,21,2026-04-28,2026-05-27,30,0.10934534705425558,0.06200047038635319,0.03297668644921392,1.4411783614676208,-0.037534099228589725,-0.047344876667902394,0.5333333333333333,0.2,0.9,0.4142857142857143
S19_rs3,19,rs3,98,QQQ,4,84,2026-03-04,2026-07-02,30,0.16951724213922637,0.057733651971637504,-0.002677389717167633,0.11485205872127299,-0.11127109122725005,-0.11178359016758886,0.4666666666666667,0.2,3.1333333333333333,0.22619047619047625
S19_rs3,19,rs3,99,QQQ,5,105,2025-10-02,2026-03-04,30,0.009586513651374196,0.008129933370918307,0.0,0.11303226877827989,-0.09513927070109365,-0.001456580280455888,0.43333333333333335,0.4,4.566666666666666,0.32190476190476186
S20_rs8,20,rs8,0,QQQ,2,42,2026-01-22,2026-03-23,30,-0.05157958258418882,-0.0004865934644925722,0.0,-0.11270404798732434,-0.045323629514205696,0.051092989119696244,0.23333333333333334,0.8333333333333334,1.3333333333333333,0.19920634920634922
S20_rs8,20,rs8,1,QQQ,6,126,2025-10-29,2026-04-30,30,0.05296464456581873,0.020932197929186037,0.0,-0.04990855251848023,-0.13623591413433925,-0.0320324466366327,0.36666666666666664,0.3333333333333333,4.466666666666667,0.2732804232804232
S20_rs8,20,rs8,2,QQQ,5,105,2025-10-15,2026-03-17,30,0.003100745071922928,0.004196137080015261,-0.0025992680858903383,-0.16056525790584156,-0.10462021661812136,0.001095392008092333,0.23333333333333334,0.23333333333333334,2.7333333333333334,0.24634920634920637
S20_rs8,20,rs8,3,QQQ,5,105,2026-03-03,2026-07-31,30,0.14633886392324347,0.07189432243106685,0.0661187032392091,0.570643972376263,-0.10758381424075146,-0.07444454149217662,0.6333333333333333,0.2,2.933333333333333,0.25047619047619046
S20_rs8,20,rs8,4,QQQ,6,126,2025-12-19,2026-06-23,30,0.1607758756765889,0.08912889346380709,-0.00736135618892908,0.22271495366936012,-0.11617106481593499,-0.0716469822127818,0.43333333333333335,0.3,3.6333333333333333,0.2933862433862434
S20_rs8,20,rs8,5,QQQ,2,42,2026-05-04,2026-07-02,30,0.06019361510389598,0.06221287444984926,0.0,0.8110944490449175,-0.05163426413474921,0.0020192593459532875,0.36666666666666664,0.23333333333333334,0.9666666666666667,0.21190476190476187
S20_rs8,20,rs8,6,SOX,5,105,2026-02-03,2026-07-06,30,0.6842511295711191,0.1463686906729448,0.027422070668721932,0.569787365548395,-0.1282549488716298,-0.5378824388981743,0.5,0.03333333333333333,3.3666666666666667,0.2431746031746032
S20_rs8,20,rs8,7,SOX,6,126,2025-10-27,2026-04-28,30,0.44574938095338723,0.12123914277992051,0.012037848532182371,0.4035891690169652,-0.1567056863774922,-0.3245102381734667,0.5,0.16666666666666666,4.8,0.3029100529100529
S20_rs8,20,rs8,8,SOX,5,105,2026-03-05,2026-08-04,30,0.6070633535507395,0.15292500206042237,0.09619542225084576,0.7665966254614983,-0.11625546515903573,-0.4541383514903171,0.6666666666666666,0.03333333333333333,3.033333333333333,0.2441269841269841
S20_rs8,20,rs8,9,QQQ,4,84,2026-03-18,2026-07-17,30,0.17157807961881888,0.02558731392080034,0.0,-0.19550608233576341,-0.0647568057381371,-0.14599076569801855,0.4,0.16666666666666666,1.9333333333333333,0.14484126984126983
S20_rs8,20,rs8,10,QQQ,6,126,2026-01-06,2026-07-08,30,0.14388356408779868,0.0024543477886830385,-0.01889515267311609,-0.10397202199538708,-0.1311181526674427,-0.14142921629911562,0.3,0.16666666666666666,3.6666666666666665,0.2288359788359788
S20_rs8,20,rs8,11,SOX,5,105,2025-12-12,2026-05-14,30,0.7735193250161443,0.27249547211405534,0.20577142342175747,1.1943735219373566,-0.13208527038850654,-0.501023852902089,0.8,0.06666666666666667,4.2,0.38126984126984126
S20_rs8,20,rs8,12,SOX,3,63,2026-04-14,2026-07-14,30,0.4160842917661727,0.17333026968310386,0.11239941487540661,1.196281575273278,-0.10475166065340182,-0.2427540220830688,0.6666666666666666,0.1,1.9666666666666666,0.3074074074074074
S20_rs8,20,rs8,13,SOX,3,63,2025-10-31,2026-02-02,30,0.15219953290616206,0.11142951118972358,0.04826506035845046,1.076340989148206,-0.0737046290466832,-0.040770021716438495,0.5333333333333333,0.3333333333333333,1.6666666666666667,0.32910052910052906
S20_rs8,20,rs8,14,SOX,1,21,2025-12-26,2026-01-27,30,0.14717031497335586,0.11718794666273816,0.10451917072929429,2.617102871441915,-0.0387394538286334,-0.029982368310617714,0.6333333333333333,0.36666666666666664,0.8666666666666667,0.5952380952380952
S20_rs8,20,rs8,15,SOX,3,63,2026-03-12,2026-06-10,30,0.6410055559503296,0.14219167960114548,0.07740996187051863,1.0930988739250338,-0.09648104820541321,-0.498813876349184,0.6333333333333333,0.03333333333333333,2.1666666666666665,0.365079365079365
S20_rs8,20,rs8,16,QQQ,5,105,2025-09-30,2026-03-02,30,0.014163735657475307,-0.0025465181627357188,0.0,-0.049072884693979635,-0.07693099699508134,-0.016710253820211025,0.23333333333333334,0.23333333333333334,2.1,0.21460317460317457
S20_rs8,20,rs8,17,SOX,4,84,2026-01-08,2026-05-08,30,0.6290774260935004,0.22027958912881457,0.16002625406923487,1.1686902277019011,-0.12637780087087355,-0.40879783696468586,0.7666666666666667,0.13333333333333333,3.066666666666667,0.3638888888888888
S20_rs8,20,rs8,18,QQQ,2,42,2026-03-02,2026-04-29,30,0.08931928712144521,0.016407023272005283,0.0,-0.28280829091133586,-0.045271828197046386,-0.07291226384943993,0.23333333333333334,0.16666666666666666,1.3666666666666667,0.23412698412698413
S20_rs8,20,rs8,19,QQQ,1,21,2026-03-02,2026-03-30,30,-0.08075455076761084,-0.0367053845761995,0.0,-1.7272567393901794,-0.051649024090742984,0.044049166191411346,0.03333333333333333,0.9,1.0,0.23492063492063495
S20_rs8,20,rs8,20,SOX,6,126,2025-12-12,2026-06-15,30,1.1038384205343448,0.23135818017163715,0.1481748649427077,0.7534379087807273,-0.13354693198918505,-0.8724802403627075,0.7333333333333333,0.0,3.966666666666667,0.33915343915343915
S20_rs8,20,rs8,21,SOX,1,21,2025-11-21,2025-12-22,29,0.12352831263385533,0.005735111452594999,0.0,0.6581335809931267,-0.03892758648430768,-0.11779320118126033,0.41379310344827586,0.034482758620689655,0.9310344827586207,0.24466338259441703
S20_rs8,20,rs8,22,QQQ,1,21,2025-10-07,2025-11-04,30,0.024383358057413762,0.018288545967673393,0.0,0.4707407062484427,-0.02132845731531143,-0.006094812089740369,0.3333333333333333,0.2,0.8666666666666667,0.23809523809523814
S20_rs8,20,rs8,23,SOX,2,42,2026-03-05,2026-05-04,30,0.36885566707716544,0.07247806550674814,0.013518796532669075,0.6826403885120719,-0.08998446811619039,-0.29637760157041726,0.5666666666666667,0.06666666666666667,1.8666666666666667,0.319047619047619
S20_rs8,20,rs8,24,SOX,3,63,2026-04-29,2026-07-29,30,0.03384704571560038,0.1281339066878189,0.029057090324510426,0.7911937092801566,-0.0863643956861288,0.09428686097221853,0.6,0.4666666666666667,1.8333333333333333,0.21005291005291007
S20_rs8,20,rs8,25,SOX,6,126,2026-01-08,2026-07-10,30,0.8210602431107561,0.24391664373824032,0.09679595522354412,0.9208089898124773,-0.13503479566134838,-0.5771435993725158,0.7333333333333333,0.1,3.7666666666666666,0.28386243386243387
S20_rs8,20,rs8,26,SOX,4,84,2026-01-26,2026-05-26,30,0.6627546960389206,0.16673016597441404,0.13226762948330173,0.9130766826022768,-0.13635413237168137,-0.4960245300645065,0.6333333333333333,0.06666666666666667,3.066666666666667,0.321031746031746
S20_rs8,20,rs8,27,SOX,1,21,2026-03-26,2026-04-24,30,0.40367955782023013,0.15613226319089568,0.0505155743301644,3.79235008941793,-0.02247400562143568,-0.24754729462933442,0.6333333333333333,0.16666666666666666,0.7333333333333333,0.39206349206349206
S20_rs8,20,rs8,28,QQQ,4,84,2025-10-23,2026-02-24,30,-0.00315580813168137,-0.008152847658877086,0.0,-0.08803136463728438,-0.06829427094930637,-0.004997039527195716,0.3333333333333333,0.6666666666666666,1.7666666666666666,0.17817460317460315
S20_rs8,20,rs8,29,SOX,3,63,2025-12-04,2026-03-06,30,0.05780336715889267,0.11005956096719857,0.006263168820095255,0.49431513633744256,-0.10776363900073796,0.052256193808305894,0.5,0.4,1.8333333333333333,0.437037037037037
S20_rs8,20,rs8,30,SOX,2,42,2025-11-24,2026-01-26,30,0.21532600322212048,0.09390164828542079,0.036869583849478915,1.536605050620094,-0.05740989327687352,-0.12142435493669969,0.5666666666666667,0.16666666666666666,1.2,0.4134920634920635
S20_rs8,20,rs8,31,SOX,3,63,2025-10-15,2026-01-14,30,0.15556347877679988,0.09781808384488776,0.07044914931542323,1.1910531131733646,-0.06978859103986396,-0.057745394931912136,0.6,0.26666666666666666,1.5333333333333334,0.29312169312169306
S20_rs8,20,rs8,32,QQQ,1,21,2026-06-25,2026-07-24,30,-0.044878450256748414,-0.010438454343282121,0.0,0.05569324710923147,-0.05803071032147836,0.03443999591346629,0.23333333333333334,0.8,1.0333333333333334,0.3634920634920634
S20_rs8,20,rs8,33,SOX,3,63,2025-11-03,2026-02-03,30,0.12246720056417093,0.05275019070620859,0.0015274973481562704,0.5293927280420097,-0.09684753044338583,-0.06971700985796234,0.5,0.36666666666666664,1.4333333333333333,0.3423280423280423
S20_rs8,20,rs8,34,QQQ,5,105,2025-12-12,2026-05-14,30,0.1760146615325746,0.02273064235524067,0.0,-0.11589026225557508,-0.06827112160941272,-0.15328401917733397,0.3,0.16666666666666666,2.3666666666666667,0.1692063492063492
S20_rs8,20,rs8,35,SOX,5,105,2026-03-02,2026-07-30,30,0.43468424550777085,0.11748604963142073,0.055728403729552345,0.4992893709353654,-0.1242324592875144,-0.3171981958763501,0.6,0.1,3.1333333333333333,0.22063492063492066
S20_rs8,20,rs8,36,QQQ,4,84,2026-02-05,2026-06-05,30,0.18243470414134189,-0.007111607838686718,0.0,-0.11915356080360426,-0.08225252582934756,-0.18954631198002864,0.23333333333333334,0.03333333333333333,1.8,0.20079365079365083
S20_rs8,20,rs8,37,QQQ,3,63,2026-02-05,2026-05-06,30,0.16685475530186045,-0.001633451755820751,0.0,0.09482414110933286,-0.05646451374025395,-0.1684882070576812,0.26666666666666666,0.0,1.1666666666666667,0.16190476190476188
S20_rs8,20,rs8,38,QQQ,6,126,2025-11-17,2026-05-19,30,0.16509233974368742,0.01137966128865721,0.0,-0.2182350764769198,-0.08057680426316066,-0.15371267845503017,0.3333333333333333,0.16666666666666666,2.6,0.16746031746031748
S20_rs8,20,rs8,39,SOX,4,84,2025-12-08,2026-04-09,30,0.2131294197794229,0.11596625379580529,0.07696739941037067,0.6856054112598081,-0.11538276377411887,-0.09716316598361764,0.6333333333333333,0.2,2.8,0.36944444444444446
S20_rs8,20,rs8,40,QQQ,5,105,2026-01-27,2026-06-26,30,0.12209575831893438,0.038038042508749606,0.0,0.18329032989148392,-0.09949127243302777,-0.08405771581018479,0.43333333333333335,0.26666666666666666,2.8333333333333335,0.2498412698412698
S20_rs8,20,rs8,41,SOX,4,84,2025-10-21,2026-02-20,30,0.2355632668668568,0.1658853685400778,0.09501871140790807,1.053627623508045,-0.09300643485317804,-0.06967789832677902,0.6,0.3,2.433333333333333,0.3380952380952381
S20_rs8,20,rs8,42,SOX,2,42,2025-11-06,2026-01-07,29,0.09366741104071874,0.026741918174695498,0.01844140802111416,0.4122466547752554,-0.06251338597645703,-0.06692549286602326,0.5172413793103449,0.20689655172413793,1.0,0.28899835796387524
S20_rs8,20,rs8,43,QQQ,3,63,2026-04-02,2026-07-02,30,0.21949998699574702,0.17935344530180627,0.05473798389245599,1.4034263403898914,-0.055895101018060105,-0.04014654169394077,0.5666666666666667,0.23333333333333334,1.2666666666666666,0.28095238095238095
S20_rs8,20,rs8,44,SOX,1,21,2026-01-14,2026-02-12,30,0.05905395916951672,0.07194910536379223,0.01333491363889916,1.560736286286794,-0.062274775794881145,0.012895146194275509,0.5333333333333333,0.43333333333333335,1.4666666666666666,0.5
S20_rs8,20,rs8,45,SOX,4,84,2025-10-28,2026-02-27,30,0.1588312373634062,0.1557728480892727,0.04573542333539682,0.8879785759182685,-0.1107542547279589,-0.0030583892741335144,0.5666666666666667,0.36666666666666664,2.8,0.3742063492063492
S20_rs8,20,rs8,46,SOX,1,21,2026-02-24,2026-03-24,30,-0.05747968253550351,-0.02599480805258632,0.0,-0.9403428782420205,-0.06003017160787485,0.03148487448291719,0.13333333333333333,0.7333333333333333,1.0666666666666667,0.2396825396825397
S20_rs8,20,rs8,47,SOX,6,126,2025-10-02,2026-04-02,30,0.20812641348315486,0.15410624264094386,0.031056996364270062,0.3866490938279244,-0.15412678523892628,-0.05402017084221098,0.5666666666666667,0.26666666666666666,5.066666666666666,0.3365079365079364
S20_rs8,20,rs8,48,QQQ,6,126,2026-01-23,2026-07-24,30,0.10137081585796093,0.04944125498015698,0.0,0.10867898031265714,-0.11361989220508789,-0.05192956087780395,0.4666666666666667,0.3333333333333333,4.0,0.23095238095238096
S20_rs8,20,rs8,49,SOX,5,105,2026-02-26,2026-07-28,30,0.37891348628810806,0.11508072633680734,0.038511061418300074,0.10023075953644406,-0.1186574340271394,-0.26383275995130073,0.5333333333333333,0.13333333333333333,2.8666666666666667,0.19460317460317458
S20_rs8,20,rs8,50,QQQ,5,105,2025-11-05,2026-04-08,30,-0.02509932769219203,-0.05153822976829958,-0.008952993029924361,-0.5336734299802697,-0.09638823031205924,-0.026438902076107558,0.23333333333333334,0.5333333333333333,2.566666666666667,0.18793650793650796
S20_rs8,20,rs8,51,SOX,6,126,2026-01-29,2026-07-30,30,0.3986114421008258,0.16647091173969344,0.0577912262887722,0.5238773136844335,-0.14097122323424896,-0.23214053036113227,0.5333333333333333,0.23333333333333334,3.8,0.24100529100529097
S20_rs8,20,rs8,52,QQQ,3,63,2026-03-11,2026-06-09,30,0.16625675102371518,-0.012880659470826849,-0.027927395364914953,-0.6728277615373484,-0.10016568352467707,-0.179137410494542,0.16666666666666666,0.1,1.9,0.1931216931216931
S20_rs8,20,rs8,53,SOX,2,42,2026-01-28,2026-03-27,30,-0.10203813529262651,-0.032557267158329774,-0.03022403032832549,-0.5923414072476793,-0.09647096368350763,0.06948086813429673,0.13333333333333333,0.9,1.7,0.31984126984126976
S20_rs8,20,rs8,54,QQQ,5,105,2025-12-03,2026-05-05,30,0.09595313606337541,0.020464281590100948,0.0,-0.048017085335122354,-0.08997582151166304,-0.07548885447327444,0.4,0.23333333333333334,2.1,0.25079365079365085
S20_rs8,20,rs8,55,SOX,1,21,2026-06-15,2026-07-15,30,-0.11644520845625106,-0.011105006762854733,0.0,-0.09513693642120959,-0.031371031523608615,0.10534020169339633,0.03333333333333333,0.9333333333333333,0.43333333333333335,0.1111111111111111
S20_rs8,20,rs8,56,SOX,2,42,2026-01-08,2026-03-10,30,0.060172751382284506,0.08548551855055177,0.0,0.6069091328825915,-0.09601170412822145,0.025312767168267247,0.4666666666666667,0.4666666666666667,1.7666666666666666,0.4444444444444445
S20_rs8,20,rs8,57,QQQ,2,42,2025-10-14,2025-12-11,30,0.04612038035336097,-0.015608666616013211,0.0,-0.45982157723125644,-0.044182114146685235,-0.06172904696937418,0.16666666666666666,0.03333333333333333,1.0666666666666667,0.20873015873015877
S20_rs8,20,rs8,58,SOX,6,126,2025-12-03,2026-06-04,30,0.9523368242325079,0.3086410978804521,0.18331843635601663,1.0977121017073048,-0.13258938885175892,-0.6436957263520557,0.7333333333333333,0.06666666666666667,3.8333333333333335,0.3521164021164021
S20_rs8,20,rs8,59,SOX,3,63,2026-01-13,2026-04-14,30,0.2045822109343749,0.08961271307479134,0.001859811396907829,0.8145820405759411,-0.11104448948679696,-0.11496949785958357,0.5,0.2,2.533333333333333,0.3386243386243386
S20_rs8,20,rs8,60,SOX,6,126,2025-11-12,2026-05-14,30,0.7723950465422953,0.26454359683184814,0.1748958627059567,1.028055021527147,-0.1547853742679095,-0.507851449710447,0.7666666666666667,0.1,4.0,0.36640211640211645
S20_rs8,20,rs8,61,QQQ,6,126,2026-01-09,2026-07-13,30,0.13846734814379746,-0.02469986107129757,0.0,-0.17589170778305832,-0.11427844119825702,-0.16316720921509506,0.26666666666666666,0.1,2.6666666666666665,0.18571428571428575
S20_rs8,20,rs8,62,SOX,3,63,2026-04-15,2026-07-15,30,0.3824060937108007,0.1566847616331508,0.09983876365123312,1.1833841335455446,-0.09970418753195281,-0.22572133207764994,0.6333333333333333,0.13333333333333333,2.0,0.31746031746031744
S20_rs8,20,rs8,63,QQQ,1,21,2026-02-25,2026-03-25,30,-0.04559705250576296,-0.020204293658165496,0.0,-1.3167187688293525,-0.037656860508050845,0.025392758847597462,0.06666666666666667,0.6666666666666666,0.8,0.2920634920634921
S20_rs8,20,rs8,64,QQQ,6,126,2025-12-08,2026-06-09,30,0.13672651076996623,0.03295147413896746,0.0,-0.08713160970155273,-0.12512002095597985,-0.1037750366309988,0.4,0.2,3.3666666666666667,0.21851851851851853
S20_rs8,20,rs8,65,SOX,3,63,2025-10-27,2026-01-27,30,0.15625621939354062,0.0955955469116125,0.014804087120830589,0.8923923233218422,-0.09842500620657196,-0.06066067248192812,0.5,0.26666666666666666,2.1666666666666665,0.35608465608465606
S20_rs8,20,rs8,66,SOX,6,126,2026-01-02,2026-07-06,30,0.8557958290728414,0.339521515263452,0.1969874321132813,1.3988425012186891,-0.14525273205189215,-0.5162743138093894,0.8333333333333334,0.13333333333333333,4.133333333333334,0.32169312169312175
S20_rs8,20,rs8,67,QQQ,6,126,2026-01-27,2026-07-28,30,0.07281383665783747,0.020530569585569747,0.0,0.09635662294568717,-0.11244817065886545,-0.05228326707226772,0.4666666666666667,0.3,2.8666666666666667,0.21772486772486768
S20_rs8,20,rs8,68,QQQ,1,21,2026-05-15,2026-06-15,30,0.04946890541828597,0.006969562806161807,0.0,0.06269212542617983,-0.05314381876360438,-0.042499342612124166,0.3333333333333333,0.16666666666666666,0.9333333333333333,0.2365079365079365
S20_rs8,20,rs8,69,QQQ,3,63,2026-02-05,2026-05-06,30,0.16685475530186045,-0.011022572785458902,0.0,-0.3305798642679141,-0.06559644516600005,-0.17787732808731935,0.2,0.06666666666666667,1.4666666666666666,0.17354497354497353
S20_rs8,20,rs8,70,QQQ,3,63,2025-12-19,2026-03-23,30,-0.04464797516200314,-0.010727289632794346,-0.00019999999999997797,-0.21947552422301106,-0.08784055687570318,0.033920685529208794,0.26666666666666666,0.7333333333333333,2.2333333333333334,0.31322751322751324
S20_rs8,20,rs8,71,QQQ,1,21,2025-12-08,2026-01-07,30,0.0008714570013341749,0.004035132164351214,0.0,0.09717371976483943,-0.026543004575749367,0.00316367516301704,0.23333333333333334,0.23333333333333334,0.5666666666666667,0.29841269841269835
S20_rs8,20,rs8,72,SOX,6,126,2025-11-05,2026-05-07,30,0.615167354577042,0.2381996653708348,0.12478933109550894,0.8905605485990012,-0.1595110154497266,-0.3769676892062071,0.7,0.13333333333333333,4.733333333333333,0.32486772486772486
S20_rs8,20,rs8,73,QQQ,6,126,2025-12-18,2026-06-22,30,0.2159470994549315,0.04637409944979136,0.0,0.06988198382646542,-0.11949172102243519,-0.16957300000514014,0.4,0.1,3.2333333333333334,0.2243386243386243
S20_rs8,20,rs8,74,QQQ,4,84,2026-02-09,2026-06-09,30,0.15366990498947897,0.0551807771192715,0.0,0.2071151363358531,-0.07341156593135002,-0.09848912787020744,0.3333333333333333,0.16666666666666666,2.0,0.16428571428571426
S20_rs8,20,rs8,75,QQQ,5,105,2025-10-01,2026-03-03,30,-0.001483497072456763,0.019452368796497102,0.0,0.09851303314112207,-0.06851214171942743,0.020935865868953865,0.3333333333333333,0.6333333333333333,2.3333333333333335,0.2634920634920635
S20_rs8,20,rs8,76,SOX,1,21,2026-03-26,2026-04-24,30,0.40367955782023013,0.1392699131096374,0.03606872846648246,3.0469347550749024,-0.02190381309772975,-0.26440964471059275,0.5666666666666667,0.16666666666666666,0.6666666666666666,0.33174603174603173
S20_rs8,20,rs8,77,QQQ,4,84,2026-04-08,2026-08-06,30,0.18041111459926817,0.04427900866441364,0.014271263012804791,0.3744501453255217,-0.07384975162269035,-0.13613210593485456,0.5333333333333333,0.1,2.033333333333333,0.24054142204827136
S20_rs8,20,rs8,78,QQQ,1,21,2026-04-15,2026-05-13,30,0.12128965006463943,0.05963744897998459,0.0,1.1986965254691169,-0.02480726419186461,-0.06165220108465484,0.26666666666666666,0.16666666666666666,0.5666666666666667,0.24761904761904763
S20_rs8,20,rs8,79,SOX,3,63,2025-12-29,2026-03-30,30,0.015265534100073808,0.11458069376554224,0.06279764960948997,0.6815304889232029,-0.11874694318735293,0.09931515966546843,0.6,0.5666666666666667,2.533333333333333,0.3984126984126983
S20_rs8,20,rs8,80,SOX,4,84,2025-10-03,2026-02-03,30,0.23641397537704134,0.12965155082507626,0.07538892100312655,0.8151334399044493,-0.10579778998314664,-0.10676242455196508,0.6,0.2,2.6333333333333333,0.3317460317460317
S20_rs8,20,rs8,81,QQQ,6,126,2025-11-11,2026-05-13,30,0.1527796119738951,0.010964406750248845,-0.00477636346811372,-0.21971243561907897,-0.1273330276316632,-0.14181520522364627,0.4,0.13333333333333333,3.933333333333333,0.2671957671957672
S20_rs8,20,rs8,82,SOX,2,42,2026-02-19,2026-04-20,30,0.17414353607719457,0.05947333093532325,0.0,0.7258364541776531,-0.06507696912088448,-0.11467020514187133,0.4666666666666667,0.2,1.5,0.21349206349206346
S20_rs8,20,rs8,83,QQQ,1,21,2025-11-18,2025-12-17,30,0.006875523530708527,-0.022333315422771186,0.0,-1.1770966861226724,-0.04632715715864449,-0.029208838953479713,0.23333333333333334,0.16666666666666666,1.1333333333333333,0.2936507936507936
S20_rs8,20,rs8,84,QQQ,6,126,2025-10-03,2026-04-06,30,-0.021848802649866217,0.015550368434716704,0.0,0.0020940820236540424,-0.10448374428535795,0.03739917108458292,0.4,0.6666666666666666,3.4,0.24999999999999997
S20_rs8,20,rs8,85,SOX,4,84,2026-01-14,2026-05-14,30,0.597940839356677,0.20941438073484972,0.0921713746894881,1.1813411641995255,-0.13326124369910475,-0.3885264586218272,0.7,0.13333333333333333,3.2,0.37142857142857133
S20_rs8,20,rs8,86,SOX,2,42,2026-06-03,2026-08-03,30,-0.1750242226317983,-0.04747092603630477,0.0,-0.5786435396699933,-0.09317210234259266,0.12755329659549353,0.13333333333333333,0.9,1.2333333333333334,0.14206349206349206
S20_rs8,20,rs8,87,QQQ,6,126,2025-10-24,2026-04-27,30,0.07911913811810267,0.0070123926643966975,0.0,-0.05695696820584729,-0.10928697117922771,-0.072106745453706,0.36666666666666664,0.16666666666666666,3.4,0.23306878306878306
S20_rs8,20,rs8,88,SOX,2,42,2026-05-29,2026-07-29,30,-0.1825037325436386,-0.014219122900283994,0.0,-0.2173658235235526,-0.08278585466895537,0.16828460964335465,0.23333333333333334,0.9666666666666667,1.1,0.15555555555555556
S20_rs8,20,rs8,89,SOX,6,126,2026-01-28,2026-07-29,30,0.29142614888092955,0.15567977089130694,0.0577912262887722,0.5528257797287242,-0.1376665560074283,-0.1357463779896227,0.5666666666666667,0.23333333333333334,3.433333333333333,0.22883597883597878
S20_rs8,20,rs8,90,QQQ,3,63,2025-10-07,2026-01-06,30,0.032610148489392365,-0.01392704917693009,0.0,-0.47571767843833346,-0.06964694768991721,-0.046537197666322465,0.3333333333333333,0.3,1.9333333333333333,0.2544973544973545
S20_rs8,20,rs8,91,QQQ,2,42,2025-12-17,2026-02-18,30,0.010260664002738507,0.048722462012004135,0.0,0.5691417094953753,-0.055175994318728036,0.03846179800926563,0.43333333333333335,0.4,1.4333333333333333,0.36428571428571427
S20_rs8,20,rs8,92,QQQ,2,42,2026-03-26,2026-05-26,30,0.2727306029238643,0.04149980997891725,0.0,0.4442440365044632,-0.03591009047216766,-0.23123079294494703,0.3,0.06666666666666667,1.2666666666666666,0.15317460317460316
S20_rs8,20,rs8,93,SOX,6,126,2025-12-01,2026-06-02,30,1.0418959983100886,0.363452546213521,0.21451814606359787,1.3122533840575497,-0.1521114779084037,-0.6784434520965676,0.8333333333333334,0.1,4.066666666666666,0.38492063492063494
S20_rs8,20,rs8,94,QQQ,3,63,2026-01-16,2026-04-17,30,0.045726599168506965,-0.017102893993932392,0.0,-0.4542540938315519,-0.07364375178472651,-0.06282949316243937,0.3,0.16666666666666666,1.7333333333333334,0.17566137566137566
S20_rs8,20,rs8,95,QQQ,1,21,2025-12-08,2026-01-07,30,0.0008714570013341749,0.0036597451640190534,0.0,-0.07775684920294662,-0.019990446573164417,0.0027882881626848785,0.2,0.2,0.6666666666666666,0.319047619047619
S20_rs8,20,rs8,96,SOX,6,126,2026-01-07,2026-07-09,30,0.7924059779257693,0.25918429728186143,0.16175397035179007,0.951072206665623,-0.14113611035482182,-0.5332216806439078,0.8,0.1,3.966666666666667,0.3145502645502646
S20_rs8,20,rs8,97,SOX,4,84,2025-12-26,2026-04-28,30,0.4343886284916416,0.20338863986291264,0.0878879844463265,0.9941177725956329,-0.1322358499111867,-0.230999988628729,0.7,0.2,3.466666666666667,0.37619047619047624
S20_rs8,20,rs8,98,QQQ,2,42,2025-12-12,2026-02-12,30,-0.019891961244533185,0.01732136671100345,0.0,0.12106267830228332,-0.05967987670003961,0.03721332795553663,0.3,0.7333333333333333,1.6333333333333333,0.39920634920634923
S20_rs8,20,rs8,99,QQQ,4,84,2025-12-24,2026-04-27,30,0.06593296901431867,0.00033512703809001064,0.0,-0.34363734490676484,-0.10842731776980787,-0.06559784197622866,0.3333333333333333,0.23333333333333334,2.566666666666667,0.26587301587301587
S21_rs10,21,rs10,0,SOX,2,42,2025-12-10,2026-02-10,30,0.11258797106466134,0.1324771886755601,0.1266317406366818,1.4450148170147266,-0.07856823922341204,0.01988921761089876,0.5333333333333333,0.5333333333333333,1.2,0.5317460317460317
S21_rs10,21,rs10,1,QQQ,3,63,2026-03-10,2026-06-08,30,0.17967793633478202,0.012705152507722695,0.0,-0.3458472581147046,-0.06385467401513727,-0.1669727838270593,0.26666666666666666,0.1,1.6666666666666667,0.17566137566137563
S21_rs10,21,rs10,2,SOX,2,42,2026-04-23,2026-06-23,30,0.3688810633246904,0.05708479442819735,0.0,0.6916844458296114,-0.0835167035244714,-0.3117962688964929,0.43333333333333335,0.06666666666666667,1.4333333333333333,0.27460317460317457
S21_rs10,21,rs10,3,SOX,2,42,2026-03-10,2026-05-07,30,0.4540991074500831,0.10635300623721976,0.0,1.0763793026777202,-0.06602006207740402,-0.3477461012128634,0.43333333333333335,0.13333333333333333,1.4333333333333333,0.21349206349206348
S21_rs10,21,rs10,4,QQQ,5,105,2026-01-20,2026-06-18,30,0.21954058295880663,0.042716328484475506,0.0,0.23140095033680766,-0.07929313729513314,-0.17682425447433117,0.4666666666666667,0.06666666666666667,2.8,0.17523809523809522
S21_rs10,21,rs10,5,QQQ,2,42,2026-04-14,2026-06-11,30,0.1408209200989612,0.02196881830227913,0.0,0.05987595915032517,-0.05222822862663279,-0.11885210179668207,0.1,0.1,0.7333333333333333,0.19761904761904764
S21_rs10,21,rs10,6,SOX,6,126,2025-10-10,2026-04-13,30,0.4491673460012213,0.16900915649754472,0.06607589773541611,0.466127202895992,-0.14516968777398553,-0.28015818950367666,0.6,0.23333333333333334,4.433333333333334,0.29576719576719573
S21_rs10,21,rs10,7,QQQ,6,126,2025-12-05,2026-06-08,30,0.14775319061584047,0.09708180957037321,0.0,0.25412074822760605,-0.10640425182802911,-0.05067138104546726,0.3333333333333333,0.26666666666666666,3.1,0.22777777777777775
S21_rs10,21,rs10,8,SOX,3,63,2025-11-28,2026-03-02,30,0.18813042813900238,0.12421541815369093,0.0,0.8963920651973808,-0.07146754498960334,-0.06391500998531147,0.4666666666666667,0.26666666666666666,1.6333333333333333,0.364021164021164
S21_rs10,21,rs10,9,QQQ,1,21,2026-06-03,2026-07-02,30,-0.04142235408405692,0.021201017526915403,0.0,1.1759183414115004,-0.030178409538435706,0.06262337161097234,0.4,0.9666666666666667,0.7,0.24285714285714285
S21_rs10,21,rs10,10,SOX,3,63,2025-11-03,2026-02-03,30,0.12246720056417093,0.11415544914613322,0.07553638403517438,1.0024555924192982,-0.08475380733484644,-0.008311751418037727,0.6333333333333333,0.4,1.6666666666666667,0.36984126984126975
S21_rs10,21,rs10,11,SOX,2,42,2026-05-11,2026-07-10,30,0.09170371995405624,0.025668360116330738,0.0,0.16917415634938665,-0.05915455721688183,-0.0660353598377255,0.23333333333333334,0.13333333333333333,1.0,0.16111111111111112
S21_rs10,21,rs10,12,QQQ,4,84,2026-02-05,2026-06-05,30,0.18243470414134189,0.01522182829990714,0.0,0.007539367505965899,-0.07821109753593024,-0.16721287584143474,0.2,0.1,1.7333333333333334,0.19444444444444448
S21_rs10,21,rs10,13,QQQ,3,63,2025-12-02,2026-03-04,30,-0.01682175044729739,0.011821626948708341,0.0,0.1478628352454141,-0.06387130997819683,0.028643377396005733,0.3,0.7,1.8,0.28095238095238095
S21_rs10,21,rs10,14,QQQ,2,42,2025-11-05,2026-01-06,30,0.001513269983109966,-0.005765079878887206,0.0,-0.18898255126184713,-0.04204557638122401,-0.007278349861997172,0.16666666666666666,0.16666666666666666,0.7666666666666667,0.17460317460317457
S21_rs10,21,rs10,15,QQQ,4,84,2026-03-03,2026-07-01,30,0.2082887050104809,0.10803231844727375,0.0,0.6655840807481831,-0.08123190302450428,-0.10025638656320718,0.4666666666666667,0.23333333333333334,1.9,0.16904761904761906
S21_rs10,21,rs10,16,SOX,5,105,2026-01-07,2026-06-08,30,0.7599866320506741,0.15695181256189847,0.021215205236974954,0.5386114303840237,-0.12376696856870815,-0.6030348194887755,0.5333333333333333,0.06666666666666667,2.7333333333333334,0.266031746031746
S21_rs10,21,rs10,17,SOX,1,21,2026-06-08,2026-07-08,30,-0.016017301630774194,-0.025074472591632292,0.0,-0.2143650759843643,-0.06084064779583904,-0.009057170960858096,0.13333333333333333,0.8333333333333334,0.6666666666666666,0.1714285714285714
S21_rs10,21,rs10,18,SOX,6,126,2025-10-23,2026-04-24,30,0.5892295681363808,0.2531705868591203,0.08739048491626433,1.0797297452990504,-0.1424750157663948,-0.3360589812772606,0.7333333333333333,0.13333333333333333,3.9,0.3142857142857142
S21_rs10,21,rs10,19,SOX,2,42,2026-02-09,2026-04-09,30,0.0739667827923991,-0.02091855116746072,0.0,-0.600858182244643,-0.0704063859058353,-0.09488533395985985,0.16666666666666666,0.13333333333333333,1.2,0.1896825396825397
S21_rs10,21,rs10,20,SOX,3,63,2025-09-30,2025-12-29,30,0.12779346630867927,0.005946848702850715,-0.02993424067546241,-0.32452562255509515,-0.10006646538082468,-0.12184661760582856,0.23333333333333334,0.1,2.2333333333333334,0.2687830687830688
S21_rs10,21,rs10,21,QQQ,5,105,2025-10-06,2026-03-06,30,-0.011826842319386799,-0.03249569373617059,-0.0009541767278979374,-0.4667693925006766,-0.09513087176024125,-0.020668851416783793,0.26666666666666666,0.5333333333333333,2.3,0.23111111111111113
S21_rs10,21,rs10,22,SOX,1,21,2026-03-20,2026-04-20,30,0.2557515864490181,0.054264963754047726,0.0,1.515738035570994,-0.02156058357734598,-0.20148662269497036,0.3333333333333333,0.06666666666666667,0.43333333333333335,0.16349206349206347
S21_rs10,21,rs10,23,QQQ,3,63,2025-10-16,2026-01-15,30,0.037652509684045876,0.03642396120675467,0.0,0.3797259053651558,-0.056951204197022785,-0.00122854847729121,0.36666666666666664,0.3,1.5333333333333334,0.23862433862433863
S21_rs10,21,rs10,24,QQQ,2,42,2026-05-28,2026-07-28,30,-0.0807064468005223,0.019334579111671715,0.0,0.2599376503278757,-0.07132439440770146,0.100041025912194,0.43333333333333335,0.9,1.3666666666666667,0.26904761904761904
S21_rs10,21,rs10,25,QQQ,4,84,2026-02-24,2026-06-24,30,0.1717932209534314,-0.018302877165478088,-0.03624160822839806,-0.5644195351144364,-0.09937057506990596,-0.1900960981189095,0.16666666666666666,0.06666666666666667,1.9666666666666666,0.20753968253968255
S21_rs10,21,rs10,26,SOX,1,21,2026-02-09,2026-03-10,30,-0.03957255615262434,-0.02326332062032066,0.0,-1.0777588572289187,-0.0625524741949279,0.01630923553230368,0.06666666666666667,0.7333333333333333,0.8,0.2968253968253968
S21_rs10,21,rs10,27,QQQ,1,21,2026-02-19,2026-03-19,30,-0.01731637192364932,-0.016810085455901323,0.0,-0.8236262973168,-0.038493399391509815,0.0005062864677479998,0.16666666666666666,0.7333333333333333,0.8333333333333334,0.30158730158730157
S21_rs10,21,rs10,28,SOX,3,63,2026-01-30,2026-04-30,30,0.33330730818050824,0.04193209447155273,0.0,0.22896981579704676,-0.10347574081618367,-0.2913752137089555,0.3333333333333333,0.13333333333333333,2.2333333333333334,0.23015873015873015
S21_rs10,21,rs10,29,QQQ,4,84,2025-11-07,2026-03-11,30,-0.0020781377795803246,0.008315898621954724,0.0,0.03923246485357133,-0.055332689870141644,0.010394036401535049,0.3,0.7333333333333333,1.9,0.19960317460317464
S21_rs10,21,rs10,30,SOX,3,63,2026-03-06,2026-06-04,30,0.8642121077650566,0.16207408169662774,0.058662956856270654,0.945983425817276,-0.08048308355864485,-0.7021380260684289,0.6666666666666666,0.0,2.2666666666666666,0.2714285714285714
S21_rs10,21,rs10,31,QQQ,5,105,2026-02-03,2026-07-06,30,0.1751877418375951,0.016120185384947187,0.0,0.17359342748510664,-0.08007630470734334,-0.15906755645264792,0.4,0.1,2.5,0.18380952380952376
S21_rs10,21,rs10,32,QQQ,4,84,2025-12-15,2026-04-16,30,0.05169814788913696,-0.009432570074131619,0.0,-0.2766463494927579,-0.07047474097870671,-0.061130717963268584,0.23333333333333334,0.16666666666666666,1.9,0.19404761904761905
S21_rs10,21,rs10,33,SOX,2,42,2025-10-03,2025-12-02,30,0.08172597641919044,0.014130173080236185,0.0,-0.13754898386451686,-0.0629872232995169,-0.06759580333895426,0.16666666666666666,0.16666666666666666,1.5,0.2142857142857143
S21_rs10,21,rs10,34,SOX,1,21,2026-05-11,2026-06-09,30,0.0551468451780639,0.009572283107358026,0.0,0.06251302087343996,-0.050436238372686806,-0.04557456207070588,0.13333333333333333,0.1,0.6666666666666666,0.21269841269841272
S21_rs10,21,rs10,35,SOX,3,63,2026-04-15,2026-07-15,30,0.3824060937108007,0.1145079633903702,0.014361455491630704,0.9047122249926874,-0.08147359495354713,-0.2678981303204305,0.5,0.06666666666666667,1.6,0.24021164021164018
S21_rs10,21,rs10,36,SOX,6,126,2025-12-10,2026-06-11,30,0.8592992994619526,0.2189771530322898,0.06978245495966895,0.6548102673361998,-0.14377834610819382,-0.6403221464296629,0.5666666666666667,0.06666666666666667,3.8333333333333335,0.3134920634920635
S21_rs10,21,rs10,37,QQQ,2,42,2025-10-16,2025-12-15,30,0.017583613593807,-0.002827628705578881,0.0,-0.22671442121994556,-0.04016727935687214,-0.020411242299385884,0.1,0.1,0.8666666666666667,0.16349206349206347
S21_rs10,21,rs10,38,QQQ,2,42,2025-11-13,2026-01-14,30,0.019638635652189818,-0.0011729460315898128,0.0,-0.486327774088168,-0.06262325847488522,-0.02081158168377963,0.3333333333333333,0.26666666666666666,1.6333333333333333,0.3134920634920635
S21_rs10,21,rs10,39,SOX,1,21,2025-12-10,2026-01-09,29,0.04088062997645925,0.04501976186783825,0.0,1.4838223449195902,-0.05078883107182785,0.004139131891379002,0.4482758620689655,0.41379310344827586,0.5862068965517241,0.4745484400656815
S21_rs10,21,rs10,40,SOX,4,84,2026-03-02,2026-06-30,30,0.8220686448503605,0.09931464336027547,0.0,0.381602205436448,-0.11275184304971357,-0.722754001490085,0.43333333333333335,0.0,2.2333333333333334,0.18611111111111114
S21_rs10,21,rs10,41,SOX,6,126,2025-10-23,2026-04-24,30,0.5892295681363808,0.16930474752982014,0.04373473913632564,0.744204996313679,-0.13709496928129525,-0.41992482060656067,0.6,0.1,3.8,0.282010582010582
S21_rs10,21,rs10,42,QQQ,3,63,2026-01-20,2026-04-20,30,0.06503550110287892,0.013253588423386371,0.0,0.17065041341810006,-0.055588234755236,-0.051781912679492545,0.43333333333333335,0.16666666666666666,1.6333333333333333,0.17566137566137563
S21_rs10,21,rs10,43,QQQ,1,21,2026-04-15,2026-05-13,30,0.12128965006463943,0.03583629818337029,0.0,0.829695141698773,-0.023699777116129344,-0.08545335188126915,0.26666666666666666,0.1,0.5333333333333333,0.2587301587301587
S21_rs10,21,rs10,44,QQQ,3,63,2025-10-28,2026-01-28,30,0.0017629658321445252,0.007923013651047217,0.0,-0.22678354093326902,-0.06298504735385686,0.006160047818902692,0.26666666666666666,0.26666666666666666,1.4666666666666666,0.2555555555555555
S21_rs10,21,rs10,45,SOX,5,105,2025-12-04,2026-05-06,30,0.6583694085135561,0.2676682770839138,0.15578024255595335,1.2364372515223836,-0.12341175356982562,-0.39070113142964236,0.7,0.13333333333333333,3.066666666666667,0.332063492063492
S21_rs10,21,rs10,46,SOX,5,105,2025-10-29,2026-03-31,30,0.06377363256451574,0.06415961243025733,0.0,0.23071727153157243,-0.12507160117135785,0.00038597986574160357,0.43333333333333335,0.36666666666666664,2.9,0.27365079365079364
S21_rs10,21,rs10,47,SOX,6,126,2025-10-07,2026-04-08,30,0.31663008850172214,0.1185381372198382,0.04364528067533968,0.4283265053585324,-0.1370171922600956,-0.19809195128188398,0.5666666666666667,0.2,3.966666666666667,0.2796296296296296
S21_rs10,21,rs10,48,QQQ,1,21,2026-03-31,2026-04-29,30,0.14621089512156082,0.053355130633497165,0.0,1.1868916675202696,-0.014846123025717447,-0.09285576448806365,0.26666666666666666,0.13333333333333333,0.5666666666666667,0.15396825396825395
S21_rs10,21,rs10,49,QQQ,6,126,2026-01-14,2026-07-16,30,0.14213045687209025,0.044567825419963285,0.0025597704694729773,0.0009474688359598638,-0.10627295189471514,-0.09756263145212696,0.5333333333333333,0.1,2.6666666666666665,0.19867724867724865
S21_rs10,21,rs10,50,SOX,6,126,2025-10-13,2026-04-14,30,0.4114348676478281,0.18279425904701452,0.04540837787170782,0.7503055811843845,-0.12231679391155886,-0.22864060860081362,0.6,0.2,3.6666666666666665,0.2518518518518518
S21_rs10,21,rs10,51,SOX,5,105,2026-02-27,2026-07-29,30,0.32137568720837417,0.09504492689785077,0.019750047728135045,0.3718173912044212,-0.12032465302582099,-0.22633076031052343,0.5,0.16666666666666666,2.566666666666667,0.16126984126984123
S21_rs10,21,rs10,52,QQQ,2,42,2026-05-05,2026-07-06,30,0.06162521484299899,0.042176205864135445,0.0,0.49386994416303126,-0.03544932693321468,-0.01944900897886354,0.3333333333333333,0.2,1.0666666666666667,0.15
S21_rs10,21,rs10,53,SOX,3,63,2026-02-06,2026-05-07,30,0.4136273871078817,0.055725345172339534,0.0,0.7724379170753526,-0.10217443131355118,-0.3579020419355422,0.36666666666666664,0.03333333333333333,2.3333333333333335,0.23439153439153443
S21_rs10,21,rs10,54,SOX,6,126,2026-02-02,2026-08-03,30,0.44102187494694367,0.11339593019940018,0.0,0.41359749123970635,-0.1171741811874438,-0.3276259447475435,0.43333333333333335,0.13333333333333333,2.6,0.17724867724867724
S21_rs10,21,rs10,55,SOX,2,42,2026-04-29,2026-06-29,30,0.3659008759031672,0.12777886011955672,0.0,1.1677899692788112,-0.0508396503247386,-0.23812201578361047,0.4666666666666667,0.1,1.1666666666666667,0.20714285714285713
S21_rs10,21,rs10,56,QQQ,1,21,2025-10-23,2025-11-20,30,-0.040797360498331714,-0.014331552371736023,0.0,-0.386392072578942,-0.028673771376108825,0.026465808126595693,0.03333333333333333,0.8333333333333334,0.4,0.2
S21_rs10,21,rs10,57,QQQ,1,21,2025-12-16,2026-01-15,30,0.017705218899959796,0.015870676994796943,0.0,0.5204509056670589,-0.023443730779843838,-0.0018345419051628527,0.3333333333333333,0.23333333333333334,0.7333333333333333,0.3539682539682539
S21_rs10,21,rs10,58,SOX,1,21,2026-04-01,2026-04-30,30,0.36302939372190557,0.08242014854684303,0.0,2.1921628411531633,-0.03851286021022275,-0.2806092451750626,0.4,0.06666666666666667,0.6333333333333333,0.2761904761904762
S21_rs10,21,rs10,59,QQQ,1,21,2026-06-30,2026-07-29,30,-0.10139875267484655,0.011316867981646824,0.0,0.38895610699574856,-0.03778606922177038,0.11271562065649338,0.26666666666666666,0.9333333333333333,0.7333333333333333,0.353968253968254
S21_rs10,21,rs10,60,QQQ,6,126,2025-11-28,2026-06-01,30,0.20247825968248878,0.06528819533956888,0.0,0.2070136169275,-0.10064283178269982,-0.13719006434291992,0.4,0.16666666666666666,2.7666666666666666,0.22830687830687832
S21_rs10,21,rs10,61,SOX,2,42,2026-03-20,2026-05-19,30,0.49390979326325835,0.1329858734471969,0.017598904335534682,1.2515555466406694,-0.07624706002260946,-0.36092391981606137,0.5333333333333333,0.1,1.1,0.26746031746031745
S21_rs10,21,rs10,62,SOX,4,84,2026-01-14,2026-05-14,30,0.597940839356677,0.16554645641856644,0.09082566461943031,0.961765885165856,-0.11949343952428623,-0.43239438293811056,0.6666666666666666,0.06666666666666667,2.8666666666666667,0.30873015873015874
S21_rs10,21,rs10,63,SOX,3,63,2026-03-02,2026-05-29,30,0.6174710256930269,0.05335483116513813,0.0,0.2153450655405445,-0.09939286304546117,-0.5641161945278889,0.4,0.0,1.8666666666666667,0.21322751322751324
S21_rs10,21,rs10,64,QQQ,5,105,2026-01-12,2026-06-11,30,0.1448637920460598,0.08428905659742157,0.0,0.35105652853027514,-0.09995661195505127,-0.060574735448638235,0.43333333333333335,0.3,2.566666666666667,0.2073015873015873
S21_rs10,21,rs10,65,SOX,1,21,2026-05-27,2026-06-25,30,0.10907644570696262,0.027025798911412605,0.0,0.1178550963005163,-0.04624905719699276,-0.08205064679555003,0.2,0.1,0.6333333333333333,0.1857142857142857
S21_rs10,21,rs10,66,QQQ,3,63,2026-01-21,2026-04-21,30,0.04683329650346568,-0.01923254531475428,-0.0013833222359744823,-0.14491173799579313,-0.06655930292161782,-0.06606584181821995,0.2,0.13333333333333333,1.7333333333333334,0.19206349206349208
S21_rs10,21,rs10,67,QQQ,6,126,2025-12-04,2026-06-05,30,0.13471362524037267,0.05518016446160405,0.0,0.06818500029399728,-0.08279040234489911,-0.07953346077876862,0.3,0.13333333333333333,2.066666666666667,0.15185185185185182
S21_rs10,21,rs10,68,QQQ,2,42,2026-05-22,2026-07-23,30,-0.034589769289133265,-0.016087574327356916,0.0,-0.25111444912299713,-0.07340829379605594,0.01850219496177635,0.16666666666666666,0.7666666666666667,1.3,0.25555555555555554
S21_rs10,21,rs10,69,QQQ,3,63,2026-04-10,2026-07-10,30,0.18858277168553128,0.11030749525652443,0.021115647188850173,0.9830477227560817,-0.0647309053854402,-0.07827527642900685,0.5333333333333333,0.23333333333333334,1.4,0.23174603174603176
S21_rs10,21,rs10,70,QQQ,6,126,2025-11-21,2026-05-26,30,0.2407730810269626,0.07343705833355509,0.00633644142315215,0.24092401507190295,-0.08983624260372025,-0.16733602269340747,0.5333333333333333,0.13333333333333333,2.966666666666667,0.21534391534391534
S21_rs10,21,rs10,71,SOX,6,126,2025-10-09,2026-04-10,30,0.33500451886430804,0.12277180247561906,0.028831054107027576,0.4587646906878542,-0.12220367343282469,-0.21223271638868896,0.5333333333333333,0.16666666666666666,3.8,0.2560846560846561
S21_rs10,21,rs10,72,SOX,5,105,2026-02-04,2026-07-07,30,0.6716872458350869,0.1298672140155872,0.02893902125014558,0.5764682378903465,-0.11497226053012284,-0.5418200318194997,0.5333333333333333,0.06666666666666667,2.6333333333333333,0.19714285714285715
S21_rs10,21,rs10,73,SOX,1,21,2026-03-27,2026-04-27,30,0.4078458770475448,0.08284461776840898,0.0,2.0100150864843624,-0.02220584856042016,-0.325001259279136,0.36666666666666664,0.13333333333333333,0.5,0.2492063492063492
S21_rs10,21,rs10,74,SOX,2,42,2026-04-02,2026-06-02,30,0.7815142202800704,0.2057470594898604,0.0,1.6280743897762282,-0.0566239188862909,-0.5757671607902101,0.4666666666666667,0.03333333333333333,0.8333333333333334,0.2698412698412698
S21_rs10,21,rs10,75,SOX,4,84,2025-12-11,2026-04-14,30,0.2783780379079748,0.15533999792890058,0.06819524774838714,0.7353986403358521,-0.1152988255247037,-0.12303803997907416,0.6,0.23333333333333334,2.466666666666667,0.37103174603174605
S21_rs10,21,rs10,76,SOX,6,126,2025-10-03,2026-04-06,30,0.23166343217211383,0.11179618637052545,0.022795999909755782,0.3962354846914526,-0.1391520231305204,-0.11986724580158838,0.5,0.16666666666666666,4.033333333333333,0.2833333333333333
S21_rs10,21,rs10,77,SOX,6,126,2026-01-30,2026-07-31,30,0.4595466788905487,0.1081145143113222,0.0,0.3014654308457158,-0.13603173249115244,-0.3514321645792265,0.43333333333333335,0.13333333333333333,2.8666666666666667,0.1817460317460317
S21_rs10,21,rs10,78,QQQ,6,126,2025-10-29,2026-04-30,30,0.05296464456581873,-0.00501225825963559,0.0,-0.1472085918457154,-0.10779337550834632,-0.05797690282545432,0.36666666666666664,0.2,3.1,0.2177248677248677
S21_rs10,21,rs10,79,SOX,5,105,2026-02-25,2026-07-27,30,0.40432970743629215,0.08781636669011708,0.0,0.3099958541281278,-0.14849426184317646,-0.31651334074617504,0.4666666666666667,0.1,3.066666666666667,0.20285714285714282
S21_rs10,21,rs10,80,QQQ,4,84,2026-02-19,2026-06-18,30,0.22881662131638825,0.04947234459146948,0.0,0.2085905932148677,-0.06410835168703863,-0.17934427672491873,0.36666666666666664,0.06666666666666667,1.5,0.1738095238095238
S21_rs10,21,rs10,81,QQQ,4,84,2025-11-21,2026-03-25,30,-0.001271837219785188,0.025827874107629156,0.0,0.21860866236033127,-0.0875268452209132,0.027099711327414344,0.4,0.7666666666666667,2.033333333333333,0.2742063492063492
S21_rs10,21,rs10,82,QQQ,5,105,2025-12-17,2026-05-19,30,0.17139904186326027,0.033379683391115106,0.0,0.22693265033929746,-0.08372862001286366,-0.1380193584721452,0.43333333333333335,0.1,2.6666666666666665,0.22984126984126982
S21_rs10,21,rs10,83,SOX,3,63,2026-02-11,2026-05-12,30,0.43339212808502814,0.08492585459233268,0.021607402678873067,0.4724740715574596,-0.11728768772314374,-0.3484662734926954,0.5,0.06666666666666667,2.2333333333333334,0.23809523809523808
S21_rs10,21,rs10,84,QQQ,2,42,2025-10-27,2025-12-24,30,-0.005343515024027634,-0.006410613909638707,0.0,-0.14662577174924382,-0.052835293147358894,-0.001067098885611073,0.23333333333333334,0.7,1.3333333333333333,0.292063492063492
S21_rs10,21,rs10,85,SOX,6,126,2026-02-05,2026-08-06,30,0.6114051207795494,0.13590658415267037,0.06549814456269532,0.5131435031367481,-0.13485663520274926,-0.475498536626879,0.6,0.13333333333333333,2.9,0.16455026455026453
S21_rs10,21,rs10,86,SOX,4,84,2025-12-18,2026-04-21,30,0.44144355724199347,0.23395178085749682,0.11998755539373473,1.2465334323522972,-0.10738479611584964,-0.20749177638449662,0.6,0.23333333333333334,2.566666666666667,0.3623015873015873
S21_rs10,21,rs10,87,SOX,3,63,2026-01-16,2026-04-17,30,0.21460604555432816,0.0799095710585316,0.004467493323540905,0.624519585433609,-0.10871394563822506,-0.13469647449579655,0.5,0.16666666666666666,2.6666666666666665,0.2756613756613756
S21_rs10,21,rs10,88,QQQ,1,21,2025-11-13,2025-12-12,30,0.008579757704307633,0.0002581827351064381,0.0,-0.4310873824479911,-0.01656885273908066,-0.008321574969201195,0.16666666666666666,0.1,0.5666666666666667,0.2015873015873016
S21_rs10,21,rs10,89,SOX,2,42,2026-03-03,2026-04-30,30,0.3791871830487603,0.03452396275563662,0.0,0.03478756381946894,-0.07571351163850552,-0.3446632202931237,0.3333333333333333,0.06666666666666667,1.5333333333333334,0.19285714285714287
S21_rs10,21,rs10,90,QQQ,2,42,2025-10-14,2025-12-11,30,0.04612038035336097,0.004724321490639612,0.0,-0.31193315793492515,-0.027508892539211065,-0.04139605886272135,0.16666666666666666,0.06666666666666667,0.6333333333333333,0.1253968253968254
S21_rs10,21,rs10,91,SOX,2,42,2026-04-28,2026-06-26,30,0.34535375402277113,0.11992675231991252,0.01732386644689865,0.7915977707106345,-0.06577352294117553,-0.22542700170285854,0.5,0.13333333333333333,1.3666666666666667,0.20873015873015874
S21_rs10,21,rs10,92,SOX,3,63,2025-12-12,2026-03-16,30,0.12970791830224648,0.13420592460391628,0.05048586880299122,0.7555898277489742,-0.10240729033214144,0.004498006301669791,0.5333333333333333,0.26666666666666666,2.1,0.453968253968254
S21_rs10,21,rs10,93,SOX,2,42,2025-11-20,2026-01-22,30,0.30242770310382006,0.10481694097406888,0.0006919140949566138,1.328537420997037,-0.04575930866832222,-0.1976107621297512,0.5,0.1,1.0,0.34047619047619043
S21_rs10,21,rs10,94,SOX,2,42,2026-03-17,2026-05-14,30,0.5577664074544015,0.11579058209775415,0.009664193594418835,1.459356386420113,-0.04979677888475414,-0.4419758253566474,0.5,0.03333333333333333,1.0,0.24603174603174602
S21_rs10,21,rs10,95,SOX,2,42,2026-06-04,2026-08-04,30,-0.09996760982493191,-0.03061340861512235,0.0,-0.3616168277825101,-0.06141849246965943,0.06935420120980955,0.1,0.8333333333333334,0.9,0.09841269841269841
S21_rs10,21,rs10,96,SOX,1,21,2025-12-29,2026-01-28,30,0.18059730913704675,0.1395255293761203,0.11316609450023107,3.0462162351471145,-0.042843051186597696,-0.04107177976092644,0.6,0.4,0.9333333333333333,0.5952380952380951
S21_rs10,21,rs10,97,SOX,2,42,2025-10-10,2025-12-09,29,0.14776294296840642,0.0501059017063255,0.0,0.19336113423797596,-0.03753798636985393,-0.09765704126208093,0.41379310344827586,0.06896551724137931,1.6551724137931034,0.15106732348111657
S21_rs10,21,rs10,98,QQQ,4,84,2026-03-05,2026-07-06,30,0.18987499095739113,0.005378548862932034,0.0,-0.25402525222553823,-0.07832360258308182,-0.18449644209445915,0.3,0.13333333333333333,1.8,0.15039682539682542
S21_rs10,21,rs10,99,SOX,3,63,2026-05-05,2026-08-04,30,0.12374927967579197,0.03182527782112334,0.0,0.18044084627371232,-0.07613616636775769,-0.09192400185466862,0.26666666666666666,0.16666666666666666,1.2,0.146031746031746
S22_aggro_combo,22,aggro_combo,0,SOX,4,84,2025-11-20,2026-03-24,30,0.27463645279540994,0.04790525066066896,0.0025794034219475126,0.23729622962001454,-0.15986802693585436,-0.22673120213474096,0.5,0.13333333333333333,4.533333333333333,0.43809523809523815
S22_aggro_combo,22,aggro_combo,1,QQQ,5,105,2025-11-21,2026-04-24,30,0.12795693588864898,0.030523633811446082,-0.0035651065073512567,0.02044540227155,-0.11108908612053445,-0.09743330207720291,0.4666666666666667,0.16666666666666666,5.166666666666667,0.38285714285714284
S22_aggro_combo,22,aggro_combo,2,SOX,2,42,2026-03-23,2026-05-20,30,0.5458273139706242,0.3016937770954164,0.15392529243044661,2.440701398193876,-0.1097660744809801,-0.24413353687520783,0.7,0.13333333333333333,2.3,0.511904761904762
S22_aggro_combo,22,aggro_combo,3,SOX,4,84,2025-10-27,2026-02-26,30,0.17509455490523385,0.07672112730283515,0.015814812086395236,0.32998258057730645,-0.16580432755445684,-0.09837342760239871,0.5333333333333333,0.3,4.9,0.47103174603174597
S22_aggro_combo,22,aggro_combo,4,SOX,5,105,2026-02-10,2026-07-13,30,0.5770255442312711,0.23937891748843113,0.045601584871345024,0.9260936229485961,-0.16773323216612207,-0.33764662674283996,0.6333333333333333,0.16666666666666666,5.666666666666667,0.3406349206349206
S22_aggro_combo,22,aggro_combo,5,SOX,5,105,2025-12-02,2026-05-04,30,0.5289331602772682,0.24410652077045186,0.1787247917388174,1.281065396644784,-0.202556945238049,-0.2848266395068164,0.8,0.16666666666666666,5.966666666666667,0.49269841269841275
S22_aggro_combo,22,aggro_combo,6,SOX,5,105,2025-11-04,2026-04-07,30,0.17627793559031546,0.02889690201371382,-0.00759679197547225,0.0492946844921077,-0.20884705523051944,-0.14738103357660162,0.4666666666666667,0.2,6.433333333333334,0.4126984126984127
S22_aggro_combo,22,aggro_combo,7,QQQ,6,126,2026-01-08,2026-07-10,30,0.17205203438076722,0.141567044373009,0.06939101430543582,0.5676565136279669,-0.15339371792006384,-0.03048499000775824,0.6333333333333333,0.26666666666666666,6.166666666666667,0.32910052910052906
S22_aggro_combo,22,aggro_combo,8,QQQ,2,42,2025-11-13,2026-01-14,30,0.019638635652189818,0.027774875280886457,0.0,0.14708916491944787,-0.07044599297547158,0.00813623962869664,0.4666666666666667,0.4,2.2333333333333334,0.46269841269841266
S22_aggro_combo,22,aggro_combo,9,SOX,1,21,2025-12-30,2026-01-29,30,0.18434336653598815,0.08494170536672545,0.019294073542420076,1.838112038445181,-0.050389437494809716,-0.09940166116926269,0.5666666666666667,0.2,1.1333333333333333,0.49523809523809514
S22_aggro_combo,22,aggro_combo,10,QQQ,1,21,2026-06-05,2026-07-07,30,0.007303825228862637,0.008342915588552387,0.0,-0.7537556652838882,-0.05170878891455931,0.00103909035968975,0.3,0.26666666666666666,1.6,0.3634920634920635
S22_aggro_combo,22,aggro_combo,11,SOX,5,105,2026-02-18,2026-07-20,30,0.4660033994167916,0.18572132859738202,0.03818858790556989,0.7069118200188743,-0.16328958281624983,-0.28028207081940953,0.6,0.13333333333333333,5.8,0.34031746031746035
S22_aggro_combo,22,aggro_combo,12,SOX,1,21,2026-02-06,2026-03-09,30,-0.034834102532994016,-0.026156186520200148,-0.02757118556552879,-0.7051548117884743,-0.08036071323784612,0.008677916012793866,0.13333333333333333,0.5333333333333333,1.8666666666666667,0.41428571428571426
S22_aggro_combo,22,aggro_combo,13,SOX,1,21,2026-04-09,2026-05-07,30,0.30037233110494843,0.1566995494692126,0.05364809641702217,3.0131996522971587,-0.07594170553961771,-0.1436727816357358,0.5666666666666667,0.23333333333333334,0.8666666666666667,0.5936507936507935
S22_aggro_combo,22,aggro_combo,14,QQQ,2,42,2025-10-09,2025-12-08,30,0.022236780257458566,0.01415105537083868,0.0,0.08968764334775076,-0.06321663251037454,-0.008085724886619886,0.43333333333333335,0.23333333333333334,2.3,0.3111111111111111
S22_aggro_combo,22,aggro_combo,15,SOX,5,105,2026-02-18,2026-07-20,30,0.4660033994167916,0.19961532850125316,0.07817014223567764,0.9589257303496271,-0.17747953747756348,-0.2663880709155384,0.7333333333333333,0.2,5.933333333333334,0.3571428571428571
S22_aggro_combo,22,aggro_combo,16,SOX,5,105,2026-03-09,2026-08-06,30,0.5848653202674585,0.34228991149522475,0.21736580365385227,1.3466749731477394,-0.14765397156924961,-0.2425754087722339,0.7,0.2,4.666666666666667,0.3228571428571429
S22_aggro_combo,22,aggro_combo,17,SOX,2,42,2026-01-29,2026-03-30,30,-0.14163635731458502,-0.08509684842439252,-0.05327274622926659,-1.513322184906968,-0.16202768896971004,0.056539508890192464,0.16666666666666666,0.7333333333333333,3.3333333333333335,0.3730158730158731
S22_aggro_combo,22,aggro_combo,18,QQQ,3,63,2026-04-01,2026-07-01,30,0.2424345062850668,0.09242395009462019,0.0,0.2837391295605791,-0.11212189593146994,-0.1500105561904466,0.4666666666666667,0.16666666666666666,3.1666666666666665,0.3306878306878307
S22_aggro_combo,22,aggro_combo,19,QQQ,6,126,2026-01-22,2026-07-23,30,0.11733025524972818,0.09507973655338856,0.015699090797886783,0.4036400514337484,-0.1322637098299649,-0.02225051869633963,0.5333333333333333,0.26666666666666666,5.733333333333333,0.31243386243386245
S22_aggro_combo,22,aggro_combo,20,SOX,6,126,2025-11-17,2026-05-19,30,0.7554461131037531,0.25674952639467935,0.16699066263079476,0.9552643756679676,-0.2093561157605335,-0.49869658670907385,0.7666666666666667,0.06666666666666667,6.833333333333333,0.451058201058201
S22_aggro_combo,22,aggro_combo,21,QQQ,6,126,2026-01-23,2026-07-24,30,0.10137081585796093,0.019127509546502375,0.033671820485140835,0.05590391772863896,-0.16504325364178313,-0.08224330631145854,0.5333333333333333,0.36666666666666664,5.833333333333333,0.3058201058201058
S22_aggro_combo,22,aggro_combo,22,QQQ,4,84,2025-11-07,2026-03-11,30,-0.0020781377795803246,-0.010415559269567436,-0.02370314921350941,-0.31391199527018393,-0.10162951368170917,-0.008337421489987111,0.4,0.4,4.4,0.3412698412698412
S22_aggro_combo,22,aggro_combo,23,SOX,4,84,2026-01-22,2026-05-21,30,0.5058172143209818,0.21047142140721956,0.16478755519477994,1.0209216877948042,-0.17875986436906907,-0.2953457929137622,0.7666666666666667,0.13333333333333333,4.933333333333334,0.44365079365079363
S22_aggro_combo,22,aggro_combo,24,QQQ,2,42,2026-02-13,2026-04-15,30,0.06028006962355015,-0.020713986022113124,-0.02259361123568332,-0.6556067933655314,-0.057802316806468995,-0.08099405564566328,0.13333333333333333,0.1,2.0,0.28888888888888886
S22_aggro_combo,22,aggro_combo,25,QQQ,5,105,2025-10-07,2026-03-09,30,0.006671499000785008,0.02277394326123592,-0.03164436139449084,-0.19998970257108908,-0.1115353855082466,0.01610244426045091,0.36666666666666664,0.36666666666666664,4.733333333333333,0.3571428571428571
S22_aggro_combo,22,aggro_combo,26,SOX,3,63,2025-10-29,2026-01-29,30,0.16814963957226192,0.08163486471652985,0.07090064157472031,0.910986490341314,-0.11910443394726947,-0.08651477485573207,0.6666666666666666,0.16666666666666666,3.7,0.4423280423280423
S22_aggro_combo,22,aggro_combo,27,QQQ,4,84,2025-11-11,2026-03-13,30,-0.043575276394191675,0.013708075208274495,-0.02293829372294154,-0.2332319419678837,-0.10290580316901858,0.057283351602466163,0.43333333333333335,0.6,3.6333333333333333,0.40317460317460313
S22_aggro_combo,22,aggro_combo,28,QQQ,5,105,2026-02-20,2026-07-22,30,0.16130735400444873,-0.049722316114576115,-0.06372063583236787,-0.6178512779464236,-0.1374743155111441,-0.21102967011902488,0.3333333333333333,0.06666666666666667,5.433333333333334,0.32459383753501403
S22_aggro_combo,22,aggro_combo,29,QQQ,6,126,2026-01-15,2026-07-17,30,0.12092996666616163,0.04647499809894185,0.010514524874570164,0.010982195788960267,-0.1632286963304376,-0.07445496856721977,0.5333333333333333,0.26666666666666666,6.066666666666666,0.3100529100529101
S22_aggro_combo,22,aggro_combo,30,SOX,2,42,2026-04-16,2026-06-15,30,0.5488322075690351,0.2732810131211211,0.12449943742087355,2.1044259174230415,-0.1143545020907637,-0.2755511944479139,0.7666666666666667,0.16666666666666666,2.2666666666666666,0.4785714285714286
S22_aggro_combo,22,aggro_combo,31,QQQ,6,126,2025-10-16,2026-04-17,30,0.08419330927891888,-0.017225198888683183,-0.035647555414627996,-0.45129948312311774,-0.13512758707478262,-0.10141850816760206,0.3,0.13333333333333333,6.1,0.3423280423280423
S22_aggro_combo,22,aggro_combo,32,SOX,1,21,2026-03-24,2026-04-22,30,0.2661134746959932,0.09384288807395581,0.013776959185245796,2.951493990916869,-0.06838067990658411,-0.17227058662203745,0.6666666666666666,0.16666666666666666,1.5333333333333334,0.41746031746031736
S22_aggro_combo,22,aggro_combo,33,QQQ,3,63,2025-11-17,2026-02-18,30,0.004821515733628878,0.05409242630814696,0.0363458906713765,0.4726310909192742,-0.08386546389796513,0.04927091057451808,0.6,0.5666666666666667,3.2666666666666666,0.4486772486772487
S22_aggro_combo,22,aggro_combo,34,QQQ,2,42,2026-04-07,2026-06-04,30,0.25827818969480854,0.13812318361636558,0.02468114567067914,1.2453125092140098,-0.069930920308261,-0.12015500607844297,0.5,0.2,1.8,0.4357142857142857
S22_aggro_combo,22,aggro_combo,35,QQQ,4,84,2026-03-27,2026-07-28,30,0.20201976867433968,0.07024059503622686,0.06732364028647575,0.46846494687497897,-0.11917767145690075,-0.1317791736381128,0.6333333333333333,0.06666666666666667,3.7,0.35873015873015873
S22_aggro_combo,22,aggro_combo,36,QQQ,5,105,2025-10-29,2026-03-31,30,-0.08984013752986209,-0.016278156302509998,-0.051369997141920754,-0.384171323901984,-0.12966692342889174,0.07356198122735208,0.3333333333333333,0.6666666666666666,5.2,0.34349206349206346
S22_aggro_combo,22,aggro_combo,37,QQQ,2,42,2026-01-28,2026-03-27,30,-0.1104364190343099,-0.029035625232079098,-0.023123549985672343,-0.9575676710528795,-0.07226835270385905,0.08140079380223081,0.23333333333333334,0.9,2.2,0.29761904761904756
S22_aggro_combo,22,aggro_combo,38,SOX,6,126,2025-12-04,2026-06-05,30,0.766011266484566,0.2155881231079894,0.13610401754959034,0.8470279622855502,-0.20246943050305646,-0.5504231433765766,0.7333333333333333,0.1,7.0,0.4441798941798942
S22_aggro_combo,22,aggro_combo,39,SOX,5,105,2025-12-22,2026-05-22,30,0.7695534085388023,0.30046083540215635,0.20117403636068765,1.2850022813687367,-0.1892660552220692,-0.46909257313664593,0.7666666666666667,0.06666666666666667,5.966666666666667,0.45619047619047615
S22_aggro_combo,22,aggro_combo,40,SOX,5,105,2026-02-17,2026-07-17,30,0.47523131226165294,0.20519468954715167,0.052697918775201025,0.9159874195412319,-0.17467971094915402,-0.27003662271450124,0.7,0.13333333333333333,5.766666666666667,0.32857142857142857
S22_aggro_combo,22,aggro_combo,41,QQQ,5,105,2025-10-23,2026-03-25,30,-0.034820236821553885,-0.033988274408398564,-0.06520800343467925,-0.6992895093875329,-0.11696107951219942,0.000831962413155322,0.23333333333333334,0.3,4.933333333333334,0.3098412698412698
S22_aggro_combo,22,aggro_combo,42,SOX,4,84,2025-11-11,2026-03-13,30,0.12419260774404117,-0.0003121491073347804,-0.013489701047567582,-0.2397929478053201,-0.16807095976882055,-0.12450475685137595,0.43333333333333335,0.26666666666666666,4.833333333333333,0.43412698412698414
S22_aggro_combo,22,aggro_combo,43,QQQ,5,105,2026-01-07,2026-06-08,30,0.14895812295462885,0.0321561851861686,0.007555532453509595,-0.017563273734154398,-0.10159270339158892,-0.11680193776846023,0.5,0.13333333333333333,4.6,0.2571428571428571
S22_aggro_combo,22,aggro_combo,44,SOX,6,126,2025-10-20,2026-04-21,30,0.43897314691265166,0.1448467194782904,0.1008087575106924,0.6207765143106437,-0.2070704998577052,-0.29412642743436135,0.6333333333333333,0.13333333333333333,7.033333333333333,0.41693121693121693
S22_aggro_combo,22,aggro_combo,45,QQQ,2,42,2026-02-11,2026-04-13,30,0.008250535771430423,-0.020420286431103208,-0.02551922297731818,-0.7332548659096576,-0.06885944423505279,-0.02867082220253363,0.23333333333333334,0.2,2.1,0.32063492063492066
S22_aggro_combo,22,aggro_combo,46,SOX,3,63,2025-11-12,2026-02-12,30,0.17467552303673117,0.0854955706910592,0.07159644607672033,0.7716543434171202,-0.123677689181357,-0.08917995234567197,0.7333333333333333,0.26666666666666666,3.5,0.4656084656084655
S22_aggro_combo,22,aggro_combo,47,QQQ,1,21,2025-11-26,2025-12-26,30,0.016969511662444203,0.005381303335312915,0.0015271666412445262,0.3167951313165864,-0.05195919703707685,-0.011588208327131288,0.5333333333333333,0.36666666666666664,1.3666666666666667,0.5746031746031743
S22_aggro_combo,22,aggro_combo,48,QQQ,6,126,2025-11-06,2026-05-08,30,0.1657335623806162,0.045766319755182874,-0.024632893099746422,-0.13983886790224023,-0.136350767736757,-0.11996724262543332,0.4666666666666667,0.1,5.8,0.34841269841269834
S22_aggro_combo,22,aggro_combo,49,SOX,4,84,2026-03-24,2026-07-23,30,0.6172124170679847,0.33547634960580397,0.13451153631832635,1.5544892757824398,-0.1457099203296182,-0.2817360674621808,0.7333333333333333,0.2,4.033333333333333,0.36746031746031754
S22_aggro_combo,22,aggro_combo,50,SOX,2,42,2025-11-25,2026-01-27,30,0.23984198328988926,0.08064468622506853,0.029359650819746674,1.1828924149021627,-0.09437977476625375,-0.15919729706482072,0.6666666666666666,0.16666666666666666,2.1666666666666665,0.4865079365079365
S22_aggro_combo,22,aggro_combo,51,QQQ,5,105,2025-12-01,2026-05-01,30,0.09511120295641295,0.029639103715443576,-0.012072732219626292,0.07972719718370748,-0.13534804344060505,-0.06547209924096939,0.4666666666666667,0.26666666666666666,4.966666666666667,0.3568253968253968
S22_aggro_combo,22,aggro_combo,52,SOX,4,84,2026-01-05,2026-05-05,30,0.5186676296383315,0.2429496509759422,0.1727860141922365,1.3669277540462257,-0.16150558125469824,-0.2757179786623893,0.7666666666666667,0.16666666666666666,4.5,0.43134920634920626
S22_aggro_combo,22,aggro_combo,53,SOX,3,63,2026-01-22,2026-04-22,30,0.23909709873111384,0.1238703409082051,0.07591327425357786,0.9299423376229521,-0.15852894519477606,-0.11522675782290873,0.7,0.26666666666666666,4.033333333333333,0.4264550264550264
S22_aggro_combo,22,aggro_combo,54,SOX,2,42,2025-12-11,2026-02-11,30,0.14691521654647244,0.09848926828361805,0.050462576735689546,0.9262908371585036,-0.10087537893235196,-0.04842594826285439,0.6,0.3333333333333333,2.6666666666666665,0.5571428571428572
S22_aggro_combo,22,aggro_combo,55,QQQ,5,105,2026-01-09,2026-06-10,30,0.10837737707325146,0.060760232400824836,-0.00956863494762833,0.355268564614989,-0.14309214691773314,-0.04761714467242662,0.43333333333333335,0.23333333333333334,5.2,0.3393650793650795
S22_aggro_combo,22,aggro_combo,56,QQQ,6,126,2025-11-10,2026-05-12,30,0.13769257973244708,0.07693395298641575,0.06542273896398032,0.20422466496061856,-0.1256988344056428,-0.06075862674603134,0.6,0.16666666666666666,5.9,0.3412698412698413
S22_aggro_combo,22,aggro_combo,57,SOX,3,63,2025-11-05,2026-02-05,30,0.08460641574038563,0.005129491430451701,0.00959802570026036,0.032024824945307936,-0.13119847776317128,-0.07947692430993393,0.5,0.23333333333333334,3.7666666666666666,0.41640211640211633
S22_aggro_combo,22,aggro_combo,58,SOX,6,126,2025-10-15,2026-04-16,30,0.41425131037185237,0.15661318024190005,0.09811436541608243,0.7437493079479689,-0.19512918483670874,-0.25763813012995235,0.7333333333333333,0.1,7.0,0.4259259259259259
S22_aggro_combo,22,aggro_combo,59,SOX,4,84,2026-03-13,2026-07-14,30,0.7159837670549705,0.3107747698907837,0.16810719647999683,1.5348046201049192,-0.141469772139462,-0.40520899716418673,0.7666666666666667,0.13333333333333333,3.966666666666667,0.36150793650793644
S22_aggro_combo,22,aggro_combo,60,QQQ,4,84,2025-10-09,2026-02-09,30,0.00722368103498594,0.026252644525804163,-0.021488753089373425,-0.21830506255671325,-0.10702630374342657,0.01902896349081822,0.4,0.36666666666666664,4.166666666666667,0.3873015873015873
S22_aggro_combo,22,aggro_combo,61,SOX,1,21,2026-04-30,2026-05-29,30,0.23326987262666643,0.10709024259280839,0.0,2.0507905625714167,-0.07058577111279267,-0.12617963003385807,0.4666666666666667,0.23333333333333334,1.3666666666666667,0.4761904761904761
S22_aggro_combo,22,aggro_combo,62,QQQ,6,126,2025-10-27,2026-04-28,30,0.04957459035132139,0.03246061683218494,-0.03817589594594206,-0.07783915524248007,-0.13062112118187433,-0.017113973519136457,0.4,0.36666666666666664,5.666666666666667,0.32142857142857134
S22_aggro_combo,22,aggro_combo,63,QQQ,2,42,2026-01-15,2026-03-17,30,-0.029705076508036887,-0.011697220488852793,0.0,-0.21117130348524132,-0.055044808309947534,0.018007856019184094,0.26666666666666666,0.7666666666666667,1.6333333333333333,0.21269841269841272
S22_aggro_combo,22,aggro_combo,64,SOX,4,84,2026-01-08,2026-05-08,30,0.6290774260935004,0.3392017568494335,0.30090699436905777,1.7525839419145914,-0.1626705035942508,-0.2898756692440669,0.8333333333333334,0.13333333333333333,4.766666666666667,0.4734126984126984
S22_aggro_combo,22,aggro_combo,65,SOX,3,63,2025-10-03,2026-01-02,29,0.12212324331318625,0.0007125161839395496,-0.00395815939280586,-0.3744789393786205,-0.143579573130466,-0.1214107271292467,0.4827586206896552,0.1724137931034483,3.6551724137931036,0.4247400109469075
S22_aggro_combo,22,aggro_combo,66,QQQ,6,126,2026-01-22,2026-07-23,30,0.11733025524972818,0.01473961089784251,0.023636948066849572,-0.010812553237616184,-0.16051652912033984,-0.10259064435188567,0.5,0.3,6.133333333333334,0.3365079365079364
S22_aggro_combo,22,aggro_combo,67,QQQ,3,63,2026-01-02,2026-04-02,30,-0.04469334226329402,0.013911849966389622,0.0,0.18682355315491653,-0.08398489183805641,0.05860519222968364,0.4666666666666667,0.7333333333333333,3.3,0.3375661375661376
S22_aggro_combo,22,aggro_combo,68,SOX,2,42,2025-11-03,2026-01-02,30,0.018709397251551296,-0.011982963474527956,-0.006167722770293149,-0.22686130406017443,-0.105814540205479,-0.03069236072607925,0.36666666666666664,0.3333333333333333,2.7,0.3722222222222223
S22_aggro_combo,22,aggro_combo,69,SOX,5,105,2026-01-05,2026-06-04,30,0.8961558200600548,0.3315588541293261,0.25333819802436164,1.4212324806976235,-0.1854372468929773,-0.5645969659307286,0.8333333333333334,0.1,5.766666666666667,0.44984126984126976
S22_aggro_combo,22,aggro_combo,70,SOX,5,105,2026-02-11,2026-07-14,30,0.57840007029586,0.2379391165223654,0.02260965886136357,1.1165244509001069,-0.17189393756250743,-0.34046095377349456,0.7,0.16666666666666666,5.866666666666666,0.3393650793650794
S22_aggro_combo,22,aggro_combo,71,QQQ,2,42,2025-10-20,2025-12-17,30,-0.018200029129502693,-0.028886225989729345,-0.031431808972445074,-1.3202287190040292,-0.06560934629167155,-0.010686196860226652,0.23333333333333334,0.4,2.066666666666667,0.3587301587301587
S22_aggro_combo,22,aggro_combo,72,QQQ,2,42,2026-06-08,2026-08-06,30,-0.0008862370609901138,-0.022396968315179778,-0.05394437186124995,-0.5365422864664073,-0.09963889135706232,-0.021510731254189664,0.3333333333333333,0.4,2.8333333333333335,0.40158730158730166
S22_aggro_combo,22,aggro_combo,73,SOX,5,105,2025-11-11,2026-04-14,30,0.3622750263869938,0.0876436235957164,0.05229671748207909,0.4637369426528647,-0.18267537131485026,-0.27463140279127746,0.6,0.06666666666666667,6.133333333333334,0.4085714285714286
S22_aggro_combo,22,aggro_combo,74,QQQ,1,21,2025-11-26,2025-12-26,30,0.016969511662444203,0.005599975992159538,0.0,-0.09246643215001926,-0.049963565036131245,-0.011369535670284666,0.43333333333333335,0.3,1.3,0.5396825396825397
S22_aggro_combo,22,aggro_combo,75,QQQ,6,126,2025-10-21,2026-04-22,30,0.07426008690036823,0.05274111762431335,-0.0028712237226725668,0.13959955030690516,-0.12508879822478067,-0.021518969276054876,0.4666666666666667,0.3,5.666666666666667,0.3351851851851852
S22_aggro_combo,22,aggro_combo,76,SOX,2,42,2026-03-16,2026-05-13,30,0.5647381529987576,0.2976985649156766,0.25028771073512224,2.6014207074017346,-0.09971072773401728,-0.26703958808308104,0.6666666666666666,0.1,1.9333333333333333,0.45396825396825397
S22_aggro_combo,22,aggro_combo,77,SOX,6,126,2026-01-30,2026-07-31,30,0.4595466788905487,0.18388974347397993,0.0668819698336961,0.42464772451267163,-0.1749137589805356,-0.27565693541656877,0.6333333333333333,0.13333333333333333,6.066666666666666,0.294973544973545
S22_aggro_combo,22,aggro_combo,78,SOX,5,105,2025-10-06,2026-03-06,30,0.12354003322273233,0.07218518088832471,0.0008628969409482656,0.18863440272151466,-0.1713021571903159,-0.05135485233440762,0.5,0.3333333333333333,5.533333333333333,0.4609523809523809
S22_aggro_combo,22,aggro_combo,79,SOX,2,42,2025-11-20,2026-01-22,30,0.30242770310382006,0.07539265965697037,0.0656411597671499,1.1629900084502816,-0.09139263701223117,-0.22703504344684963,0.6333333333333333,0.1,2.3,0.4301587301587302
S22_aggro_combo,22,aggro_combo,80,SOX,6,126,2025-12-02,2026-06-03,30,1.0372538641346893,0.36713684134090807,0.3409445526089283,1.4146877625685617,-0.20211510246487557,-0.6701170227937813,0.8666666666666667,0.06666666666666667,6.833333333333333,0.4793650793650793
S22_aggro_combo,22,aggro_combo,81,SOX,5,105,2025-11-19,2026-04-22,30,0.5364122512521661,0.1905740245592163,0.14705093687485404,0.9607549491083848,-0.18546496080335959,-0.3458382266929498,0.7,0.13333333333333333,5.433333333333334,0.43079365079365073
S22_aggro_combo,22,aggro_combo,82,SOX,6,126,2026-01-14,2026-07-16,30,0.6001172329057745,0.26670466170039864,0.1396216689068187,0.8620740183046723,-0.19020645516430784,-0.33341257120537576,0.7,0.16666666666666666,7.033333333333333,0.35899470899470903
S22_aggro_combo,22,aggro_combo,83,QQQ,3,63,2026-03-25,2026-06-24,30,0.21023596944410405,0.08368719989764746,0.0033680424473430115,0.42594720332866903,-0.111580437102507,-0.12654876954645658,0.5,0.2,3.3333333333333335,0.34708994708994706
S22_aggro_combo,22,aggro_combo,84,SOX,5,105,2025-10-10,2026-03-12,30,0.21575729201479388,0.07068987257829451,0.01314446184845608,-0.05833053367064779,-0.16342590786807165,-0.14506741943649934,0.5333333333333333,0.26666666666666666,5.833333333333333,0.4165079365079365
S22_aggro_combo,22,aggro_combo,85,SOX,3,63,2026-01-30,2026-04-30,30,0.33330730818050824,0.138718134877067,0.07420755560710857,0.6768768591138905,-0.1476610233194974,-0.19458917330344133,0.6666666666666666,0.2,4.066666666666666,0.4026455026455026
S22_aggro_combo,22,aggro_combo,86,SOX,4,84,2025-11-10,2026-03-12,30,0.09494627881524353,0.004631387653403833,-0.002244270536921167,-0.0002715181141609883,-0.1687456530481087,-0.0903148911618397,0.4666666666666667,0.3,4.7,0.43095238095238103
S22_aggro_combo,22,aggro_combo,87,QQQ,6,126,2025-10-17,2026-04-20,30,0.07370041195774979,0.07943884840577577,0.023974716683926034,0.39631110108237944,-0.12170894306410528,0.005738436448025971,0.6,0.4,6.266666666666667,0.3907407407407407
S22_aggro_combo,22,aggro_combo,88,QQQ,4,84,2025-12-26,2026-04-28,30,0.05528070694129639,0.017363791168122374,-0.022386037588095486,-0.24785738386258155,-0.10032524428162397,-0.037916915773174006,0.4,0.3,4.233333333333333,0.3515873015873016
S22_aggro_combo,22,aggro_combo,89,QQQ,6,126,2025-10-07,2026-04-08,30,0.005171232540085446,0.009629711480569533,-0.0379861658609012,-0.005706578274737536,-0.13946603051173787,0.004458478940484086,0.43333333333333335,0.43333333333333335,6.466666666666667,0.40211640211640204
S22_aggro_combo,22,aggro_combo,90,SOX,6,126,2026-01-26,2026-07-27,30,0.5063785769294065,0.26500722653534126,0.15672954061041044,0.9080200509190026,-0.18158658483284684,-0.24137135039406526,0.7666666666666667,0.2,6.766666666666667,0.3283068783068784
S22_aggro_combo,22,aggro_combo,91,QQQ,4,84,2026-01-30,2026-06-01,30,0.19587148327606996,0.11578946851496615,0.017655528259678532,0.6870227533767147,-0.12384349234222343,-0.08008201476110381,0.5,0.16666666666666666,3.6666666666666665,0.30714285714285716
S22_aggro_combo,22,aggro_combo,92,SOX,3,63,2026-01-13,2026-04-14,30,0.2045822109343749,0.08164351993491649,0.059658679378240875,0.5532880444625892,-0.1692886839944386,-0.12293869099945844,0.5666666666666667,0.16666666666666666,4.233333333333333,0.4534391534391534
S22_aggro_combo,22,aggro_combo,93,SOX,1,21,2026-02-04,2026-03-05,30,0.02233789229256522,0.010103399592322534,0.0,-0.4691091867172213,-0.08321728919823308,-0.012234492700242686,0.4,0.3333333333333333,1.8666666666666667,0.5158730158730158
S22_aggro_combo,22,aggro_combo,94,QQQ,4,84,2025-11-20,2026-03-24,30,-0.0003420253443917609,-0.006494128011939929,-0.0348706607006431,-0.6064981670656846,-0.12269426812801454,-0.006152102667548168,0.3,0.3,4.166666666666667,0.365079365079365
S22_aggro_combo,22,aggro_combo,95,QQQ,2,42,2026-05-29,2026-07-29,30,-0.1027384154782941,0.020980051951901026,0.0016319639479470127,0.22026642117886128,-0.0840873248834913,0.12371846743019514,0.5,0.8666666666666667,2.6666666666666665,0.43968253968253973
S22_aggro_combo,22,aggro_combo,96,QQQ,5,105,2026-01-12,2026-06-11,30,0.1448637920460598,0.06505893191094309,0.000393481105032345,-0.003910730226229832,-0.146215879923728,-0.07980486013511673,0.5,0.13333333333333333,5.2,0.2771428571428571
S22_aggro_combo,22,aggro_combo,97,QQQ,4,84,2026-02-12,2026-06-12,30,0.2024665848552778,0.09154017640289668,0.013021367388804217,0.3827716323994321,-0.09154872731814943,-0.11092640845238112,0.5333333333333333,0.13333333333333333,4.133333333333334,0.2746031746031746
S22_aggro_combo,22,aggro_combo,98,QQQ,4,84,2026-03-04,2026-07-02,30,0.16951724213922637,0.03579707242612925,-0.02821368534007318,-0.08146083544195627,-0.10000084501655254,-0.13372016971309714,0.4,0.16666666666666666,4.333333333333333,0.2702380952380953
S22_aggro_combo,22,aggro_combo,99,QQQ,1,21,2025-11-11,2025-12-10,30,0.009717308219191478,0.010634272357494453,0.0,0.17361601329461512,-0.020235021753404542,0.0009169641383029744,0.36666666666666664,0.3,0.8,0.23809523809523808
S23_conservative_combo,23,conservative_combo,0,QQQ,5,105,2026-01-28,2026-06-29,30,0.14618903375729797,0.03421041090702394,0.0,0.13359656488899246,-0.09260828529203648,-0.11197862285027403,0.3333333333333333,0.13333333333333333,2.533333333333333,0.15396825396825398
S23_conservative_combo,23,conservative_combo,1,SOX,4,84,2025-12-10,2026-04-13,30,0.24603742721891453,0.16601194428406965,0.11591067191921467,1.1480942779123597,-0.10851746454393148,-0.08002548293484488,0.6666666666666666,0.3,2.2333333333333334,0.3654761904761905
S23_conservative_combo,23,conservative_combo,2,SOX,3,63,2025-10-15,2026-01-14,30,0.15556347877679988,0.08859977961820625,0.061704687505105715,1.1887757336431315,-0.0669724540201223,-0.06696369915859363,0.6666666666666666,0.2,1.3666666666666667,0.2830687830687831
S23_conservative_combo,23,conservative_combo,3,SOX,3,63,2026-04-20,2026-07-20,30,0.25587096140155485,0.09273728727445066,0.009393797292377992,0.7251927692340749,-0.07300575747158407,-0.16313367412710417,0.5,0.16666666666666666,1.5333333333333334,0.17671957671957675
S23_conservative_combo,23,conservative_combo,4,QQQ,5,105,2026-01-21,2026-06-22,30,0.20025391761585465,0.027437475055942417,0.0,0.052565332952814,-0.11009635543912336,-0.17281644255991224,0.3333333333333333,0.1,2.6,0.18444444444444447
S23_conservative_combo,23,conservative_combo,5,SOX,4,84,2026-03-06,2026-07-07,30,0.707186770396047,0.17791684455842666,0.06989905827755627,0.7439135522799084,-0.08563422045626809,-0.5292699258376204,0.5666666666666667,0.1,2.1333333333333333,0.23015873015873015
S23_conservative_combo,23,conservative_combo,6,QQQ,2,42,2026-05-01,2026-07-01,30,0.07686255302090084,0.10106515752875103,0.0,1.0316816587009874,-0.03239219118401176,0.024202604507850188,0.36666666666666664,0.2,1.1,0.1277777777777778
S23_conservative_combo,23,conservative_combo,7,SOX,2,42,2026-05-12,2026-07-13,30,0.07341791985696511,0.030358310884591073,0.0,-0.37284681718011875,-0.05741456340694847,-0.04305960897237403,0.2,0.2,1.1,0.13174603174603175
S23_conservative_combo,23,conservative_combo,8,SOX,3,63,2026-03-27,2026-06-26,30,0.8245953991226986,0.15143213116655757,0.0,1.1480414734537518,-0.06761669220003096,-0.6731632679561411,0.4666666666666667,0.03333333333333333,1.3666666666666667,0.24814814814814815
S23_conservative_combo,23,conservative_combo,9,QQQ,5,105,2025-10-31,2026-04-02,30,-0.0677153912701044,-0.0396992432804039,0.0,-0.4669142822646207,-0.08357712212015429,0.0280161479897005,0.16666666666666666,0.7666666666666667,2.1,0.12063492063492065
S23_conservative_combo,23,conservative_combo,10,QQQ,2,42,2026-06-08,2026-08-06,30,-0.0008862370609901138,0.005418751416162086,0.0,-0.2264980330149367,-0.06636051111471669,0.0063049884771522,0.36666666666666664,0.7,1.7666666666666666,0.30158730158730157
S23_conservative_combo,23,conservative_combo,11,SOX,3,63,2025-12-17,2026-03-19,30,0.19345648012704064,0.17515160394790666,0.09010468451659248,1.2205046354797335,-0.0789302174845805,-0.01830487617913401,0.6333333333333333,0.3,1.8666666666666667,0.36931216931216937
S23_conservative_combo,23,conservative_combo,12,QQQ,1,21,2026-01-06,2026-02-04,30,-0.028343721896610496,-0.0014013103292292957,0.0,0.4875020931753829,-0.03512053609999214,0.0269424115673812,0.23333333333333334,0.8333333333333334,0.8333333333333334,0.2253968253968254
S23_conservative_combo,23,conservative_combo,13,QQQ,4,84,2026-02-13,2026-06-15,30,0.23760332363516246,-0.02285167283600364,0.0,-0.518893907897126,-0.07523601984176244,-0.26045499647116604,0.16666666666666666,0.03333333333333333,1.7,0.12103174603174605
S23_conservative_combo,23,conservative_combo,14,QQQ,3,63,2025-12-12,2026-03-16,30,-0.02031624162258394,0.004185725088144339,0.0,-0.35041474461949546,-0.07478294241304595,0.024501966710728282,0.26666666666666666,0.5666666666666667,2.3666666666666667,0.31164021164021166
S23_conservative_combo,23,conservative_combo,15,QQQ,4,84,2025-12-31,2026-05-01,30,0.0987939124472359,0.007619587054897651,-0.015532613109433713,-0.4767223140692113,-0.0898715531573097,-0.09117432539233826,0.3,0.2,2.7666666666666666,0.2142857142857143
S23_conservative_combo,23,conservative_combo,16,SOX,6,126,2025-10-16,2026-04-17,30,0.4415377396365705,0.1428118357997067,0.07190865745252639,0.7792079687254938,-0.1100898252538727,-0.29872590383686387,0.7,0.13333333333333333,2.8666666666666667,0.23121693121693118
S23_conservative_combo,23,conservative_combo,17,QQQ,5,105,2026-02-06,2026-07-09,30,0.18918700857884652,0.03923991545257732,0.0,0.19619288334072912,-0.0849155399788251,-0.14994709312626917,0.4666666666666667,0.13333333333333333,2.466666666666667,0.1707936507936508
S23_conservative_combo,23,conservative_combo,18,QQQ,2,42,2025-09-29,2025-11-25,30,0.016969290940527237,0.042442270743931164,0.0,1.0038609011364654,-0.025444736479467933,0.025472979803403926,0.36666666666666664,0.36666666666666664,1.0333333333333334,0.20952380952380953
S23_conservative_combo,23,conservative_combo,19,SOX,1,21,2025-12-11,2026-01-12,29,0.051869595944316504,0.06246120600862238,0.05075955802357779,1.9167542062295824,-0.050090812562328016,0.010591610064305871,0.5862068965517241,0.4827586206896552,0.7931034482758621,0.5599343185550082
S23_conservative_combo,23,conservative_combo,20,SOX,5,105,2025-11-19,2026-04-22,30,0.5364122512521661,0.25803747947745387,0.1455617044783445,1.3351807412398238,-0.1146154641410428,-0.2783747717747122,0.7666666666666667,0.13333333333333333,3.2333333333333334,0.3273015873015873
S23_conservative_combo,23,conservative_combo,21,SOX,6,126,2025-10-10,2026-04-13,30,0.4491673460012213,0.1786183591004914,0.07469192264808411,0.7290068103009397,-0.10380104636124705,-0.2705489869007299,0.6333333333333333,0.2,3.3333333333333335,0.20952380952380953
S23_conservative_combo,23,conservative_combo,22,QQQ,4,84,2026-01-21,2026-05-20,30,0.1586442081906052,-0.002088976618554539,-0.003037921861715309,-0.4853094094065748,-0.07254487594450026,-0.1607331848091597,0.2,0.06666666666666667,2.2,0.16587301587301587
S23_conservative_combo,23,conservative_combo,23,SOX,6,126,2026-02-05,2026-08-06,30,0.6114051207795494,0.09757701048425643,0.0,0.3305355800648416,-0.11632205711111834,-0.513828110295293,0.4666666666666667,0.06666666666666667,2.933333333333333,0.12010582010582009
S23_conservative_combo,23,conservative_combo,24,SOX,6,126,2025-12-19,2026-06-23,30,1.0147709295340634,0.2520601173127665,0.1478575755579532,1.2322170595998643,-0.09731308777699539,-0.7627108122212969,0.7,0.03333333333333333,3.066666666666667,0.21904761904761905
S23_conservative_combo,23,conservative_combo,25,SOX,6,126,2025-10-21,2026-04-22,30,0.48515108733585155,0.18353657673207524,0.08326058769733413,0.9665353138924598,-0.11475692935457389,-0.30161451060377625,0.6333333333333333,0.1,3.2666666666666666,0.23677248677248677
S23_conservative_combo,23,conservative_combo,26,QQQ,5,105,2025-10-21,2026-03-23,30,-0.03578796230008929,-0.018851083836974522,-0.014470120043796442,-0.37237475051789987,-0.1147147584273591,0.016936878463114775,0.3,0.5666666666666667,2.6,0.25587301587301586
S23_conservative_combo,23,conservative_combo,27,SOX,6,126,2025-11-26,2026-05-29,30,0.9570503950794977,0.2620039932429982,0.15019168324491383,1.1293133296024374,-0.13524162292042038,-0.6950464018364996,0.7,0.03333333333333333,3.6,0.3309523809523809
S23_conservative_combo,23,conservative_combo,28,SOX,3,63,2025-10-07,2026-01-06,30,0.16643980317901197,0.07253324199239762,0.052451021017473676,0.6830669689276618,-0.09214849839997381,-0.09390656118661435,0.6,0.16666666666666666,2.2,0.31216931216931204
S23_conservative_combo,23,conservative_combo,29,SOX,5,105,2025-10-21,2026-03-23,30,0.15776223403143663,0.144357100492044,0.07720411337047395,0.8568948533512112,-0.12037424340148153,-0.01340513353939263,0.7333333333333333,0.3333333333333333,2.8666666666666667,0.2949206349206349
S23_conservative_combo,23,conservative_combo,30,SOX,4,84,2025-10-01,2026-01-30,30,0.25500240533524954,0.09585500512305874,0.0318746273895284,0.9143163489272573,-0.09109257899362963,-0.1591474002121908,0.5333333333333333,0.16666666666666666,2.6,0.303968253968254
S23_conservative_combo,23,conservative_combo,31,SOX,1,21,2026-02-05,2026-03-06,30,-0.022126048821570543,-0.005192576494986497,0.0,-1.1666890847994922,-0.05241660375540003,0.016933472326584046,0.13333333333333333,0.6666666666666666,1.2333333333333334,0.21428571428571427
S23_conservative_combo,23,conservative_combo,32,SOX,4,84,2026-02-02,2026-06-02,30,0.7165010964672929,0.0865237852873399,0.0,0.33631781629577623,-0.10947218786567076,-0.6299773111799529,0.43333333333333335,0.03333333333333333,2.966666666666667,0.16666666666666666
S23_conservative_combo,23,conservative_combo,33,QQQ,2,42,2026-03-11,2026-05-08,30,0.17185871894096194,-0.010245342323596411,0.0,-0.5953748031881656,-0.039408341356077264,-0.1821040612645584,0.16666666666666666,0.03333333333333333,1.0666666666666667,0.1515873015873016
S23_conservative_combo,23,conservative_combo,34,SOX,4,84,2026-03-31,2026-07-30,30,0.5358412748518986,0.16016965489156293,0.0,1.170645659319115,-0.07034150469323015,-0.3756716199603357,0.4666666666666667,0.06666666666666667,1.5,0.1892857142857143
S23_conservative_combo,23,conservative_combo,35,SOX,6,126,2025-12-02,2026-06-03,30,1.0372538641346893,0.24650988933718063,0.08435514148008971,0.9466127467148525,-0.1306407723588166,-0.7907439747975089,0.6,0.03333333333333333,3.033333333333333,0.294973544973545
S23_conservative_combo,23,conservative_combo,36,SOX,4,84,2025-12-11,2026-04-14,30,0.2783780379079748,0.1531333421567667,0.10984828369154553,0.8603487284363038,-0.0975608304846998,-0.12524469575120806,0.6,0.23333333333333334,2.1333333333333333,0.3091269841269841
S23_conservative_combo,23,conservative_combo,37,SOX,2,42,2026-04-06,2026-06-03,30,0.789247263360265,0.15680262664374295,0.0,1.3449335799465663,-0.059387351900045224,-0.6324446367165222,0.43333333333333335,0.03333333333333333,1.0,0.26666666666666666
S23_conservative_combo,23,conservative_combo,38,SOX,1,21,2026-06-16,2026-07-16,30,-0.10273322379681538,-0.02593548897588031,0.0,-1.6131187117564574,-0.04236759895105102,0.07679773482093509,0.0,0.9,0.3,0.11428571428571428
S23_conservative_combo,23,conservative_combo,39,QQQ,1,21,2026-05-27,2026-06-25,30,-0.016838398450686465,-0.010354475172238161,0.0,-0.7327750559404006,-0.04120487667151473,0.006483923278448304,0.13333333333333333,0.8,1.1,0.19682539682539682
S23_conservative_combo,23,conservative_combo,40,QQQ,1,21,2026-06-22,2026-07-21,30,-0.039271008909172456,0.010170543751083495,0.0,-0.0514890496086037,-0.04320538972694973,0.049441552660255954,0.36666666666666664,0.9,0.9333333333333333,0.4222222222222223
S23_conservative_combo,23,conservative_combo,41,SOX,4,84,2025-11-20,2026-03-24,30,0.27463645279540994,0.2657004244789684,0.15104464378090543,1.4137700058120002,-0.10735605659982934,-0.008936028316441488,0.7666666666666667,0.36666666666666664,2.566666666666667,0.3734126984126984
S23_conservative_combo,23,conservative_combo,42,SOX,6,126,2026-01-14,2026-07-16,30,0.6001172329057745,0.18908579297227215,0.03934490836583249,0.774433287083545,-0.10090312599753627,-0.4110314399335023,0.5666666666666667,0.13333333333333333,3.0,0.16296296296296295
S23_conservative_combo,23,conservative_combo,43,QQQ,5,105,2025-10-09,2026-03-11,30,-0.003646797857501216,-0.0026008123602464183,0.0,-0.08449418685258345,-0.09115662293478397,0.0010459854972547978,0.4,0.6333333333333333,3.0,0.21206349206349212
S23_conservative_combo,23,conservative_combo,44,QQQ,5,105,2025-10-17,2026-03-19,30,-0.016799850853726483,0.006794720712386023,0.0,-0.12985811899461433,-0.08464112323295601,0.023594571566112506,0.3333333333333333,0.7333333333333333,2.033333333333333,0.20888888888888887
S23_conservative_combo,23,conservative_combo,45,QQQ,2,42,2025-12-16,2026-02-17,30,-0.01581575565412041,0.03738695506436249,0.0,0.31515788843178966,-0.05272228430332195,0.05320271071848291,0.3333333333333333,0.7333333333333333,1.1333333333333333,0.39761904761904765
S23_conservative_combo,23,conservative_combo,46,SOX,4,84,2025-12-04,2026-04-07,30,0.1377957671966128,0.14228340804285874,0.07469192264808411,0.919181849679125,-0.10829100013020825,0.004487640846245936,0.6333333333333333,0.36666666666666664,2.6333333333333333,0.34285714285714286
S23_conservative_combo,23,conservative_combo,47,QQQ,3,63,2026-04-17,2026-07-17,30,0.0728121850011978,0.050459075730841615,0.0,0.521841461759393,-0.06749702237133878,-0.02235310927035617,0.4,0.23333333333333334,1.8666666666666667,0.22116402116402117
S23_conservative_combo,23,conservative_combo,48,SOX,2,42,2026-02-13,2026-04-15,30,0.13378333561607847,0.02105152664667604,0.0,0.04278811675422278,-0.07237063781251377,-0.11273180896940242,0.3333333333333333,0.2,1.6333333333333333,0.21666666666666665
S23_conservative_combo,23,conservative_combo,49,SOX,1,21,2026-03-24,2026-04-22,30,0.2661134746959932,0.03965523131887265,0.0,1.5089939357331352,-0.04341965043535934,-0.22645824337712062,0.3333333333333333,0.06666666666666667,0.9333333333333333,0.24126984126984125
S23_conservative_combo,23,conservative_combo,50,QQQ,1,21,2026-02-24,2026-03-24,30,-0.03808982816923834,-0.013589465835550818,0.0,-1.3701087804706895,-0.03329055300544261,0.02450036233368752,0.06666666666666667,0.7666666666666667,0.7666666666666667,0.21904761904761905
S23_conservative_combo,23,conservative_combo,51,SOX,4,84,2026-01-02,2026-05-04,30,0.47389043541895925,0.20513609638991087,0.07647645500815348,1.4275395626838823,-0.10840796896443008,-0.2687543390290485,0.7,0.16666666666666666,2.6,0.3083333333333334
S23_conservative_combo,23,conservative_combo,52,SOX,2,42,2025-12-17,2026-02-18,30,0.2548470051452252,0.20519730701676497,0.1720468186247841,1.9765016057263798,-0.055281301915229335,-0.049649698128460235,0.6333333333333333,0.3333333333333333,1.3333333333333333,0.4658730158730159
S23_conservative_combo,23,conservative_combo,53,QQQ,3,63,2025-12-03,2026-03-05,30,-0.0221733439451679,0.0017149735765395432,0.0,-0.6057639720616554,-0.06908695686413578,0.023888317521707444,0.2,0.5666666666666667,1.9,0.24761904761904763
S23_conservative_combo,23,conservative_combo,54,QQQ,1,21,2026-04-29,2026-05-28,30,0.11190047642691625,0.017209573156661797,0.0,-0.07411091724249118,-0.01894650120616257,-0.09469090327025441,0.1,0.06666666666666667,0.4666666666666667,0.10476190476190475
S23_conservative_combo,23,conservative_combo,55,SOX,4,84,2025-10-03,2026-02-03,30,0.23641397537704134,0.07223931290628019,0.019011863958043884,0.686344080146058,-0.08327037714157365,-0.16417466247076115,0.5333333333333333,0.13333333333333333,2.4,0.25
S23_conservative_combo,23,conservative_combo,56,QQQ,4,84,2026-03-04,2026-07-02,30,0.16951724213922637,0.037273397102293,0.0,0.20913233449195928,-0.060326416534625525,-0.13224384503693337,0.3,0.1,1.9,0.18650793650793646
S23_conservative_combo,23,conservative_combo,57,SOX,5,105,2025-10-21,2026-03-23,30,0.15776223403143663,0.18522348288117232,0.07516951968042351,1.1023446512446076,-0.10006142061192026,0.027461248849735633,0.7333333333333333,0.36666666666666664,3.1666666666666665,0.2615873015873016
S23_conservative_combo,23,conservative_combo,58,SOX,3,63,2025-11-26,2026-02-27,30,0.21076950990486476,0.14838967757165322,0.06317694734935109,1.2761037835172047,-0.07439641200993191,-0.06237983233321151,0.6,0.26666666666666666,1.8333333333333333,0.33809523809523795
S23_conservative_combo,23,conservative_combo,59,SOX,1,21,2026-05-08,2026-06-08,30,0.09830868879458343,0.03338638248603322,0.0,-0.47641689616279914,-0.03871908902494089,-0.06492230630855021,0.2,0.1,0.8333333333333334,0.21904761904761905
S23_conservative_combo,23,conservative_combo,60,SOX,6,126,2026-02-02,2026-08-03,30,0.44102187494694367,0.09511477118186153,0.0,0.32034398055951774,-0.11893304601755467,-0.3459071037650822,0.43333333333333335,0.1,3.1333333333333333,0.13703703703703699
S23_conservative_combo,23,conservative_combo,61,QQQ,6,126,2025-10-17,2026-04-20,30,0.07370041195774979,0.02355726912212549,0.0,0.06853068851210639,-0.0665286403073103,-0.0501431428356243,0.3333333333333333,0.2,2.033333333333333,0.17513227513227517
S23_conservative_combo,23,conservative_combo,62,SOX,5,105,2025-12-05,2026-05-07,30,0.5946514385934865,0.2508251224229882,0.12276360646821538,1.1735519461863495,-0.10824205401096618,-0.34382631617049814,0.6333333333333333,0.13333333333333333,2.8,0.32158730158730164
S23_conservative_combo,23,conservative_combo,63,QQQ,2,42,2026-01-20,2026-03-19,30,-0.024734412068352585,-0.0033057770055879066,0.0,-0.0395167655847505,-0.05497409114633431,0.021428635062764677,0.26666666666666666,0.6333333333333333,1.9666666666666666,0.2547619047619047
S23_conservative_combo,23,conservative_combo,64,QQQ,1,21,2026-02-19,2026-03-19,30,-0.01731637192364932,-0.006368207969271385,0.0,-1.179575213765255,-0.03122241429403638,0.010948163954377936,0.16666666666666666,0.8,0.7333333333333333,0.22222222222222224
S23_conservative_combo,23,conservative_combo,65,SOX,5,105,2025-12-08,2026-05-08,30,0.667039672107381,0.23005397428726926,0.12708942663916556,1.2350416116436813,-0.11819720694669753,-0.4369856978201117,0.6666666666666666,0.06666666666666667,2.8666666666666667,0.33047619047619053
S23_conservative_combo,23,conservative_combo,66,QQQ,6,126,2025-12-03,2026-06-04,30,0.19081859510169052,-0.00874489639451732,0.0,-0.26565358623634666,-0.08574038300744796,-0.19956349149620786,0.3333333333333333,0.06666666666666667,3.1333333333333333,0.19788359788359788
S23_conservative_combo,23,conservative_combo,67,SOX,2,42,2026-03-23,2026-05-20,30,0.5458273139706242,0.09697487309966064,0.0,1.1028738576907702,-0.06883360827365365,-0.44885244087096365,0.4,0.06666666666666667,1.3666666666666667,0.2753968253968254
S23_conservative_combo,23,conservative_combo,68,SOX,4,84,2025-11-25,2026-03-27,30,0.14307622261734187,0.21112976359947094,0.1245198370696391,1.3027004889099771,-0.10609238917014446,0.06805354098212905,0.7333333333333333,0.4666666666666667,2.4,0.3996031746031746
S23_conservative_combo,23,conservative_combo,69,SOX,6,126,2025-12-30,2026-07-01,30,0.9688914475978105,0.27177676785025284,0.1283100281081988,1.205543052238151,-0.10947876577443168,-0.6971146797475577,0.6666666666666666,0.06666666666666667,3.033333333333333,0.24179894179894176
S23_conservative_combo,23,conservative_combo,70,QQQ,1,21,2026-03-06,2026-04-06,30,-0.017520480139253114,0.004230846058625985,0.0,-0.851914458069114,-0.03957720937588712,0.0217513261978791,0.2,0.7333333333333333,1.1666666666666667,0.3174603174603174
S23_conservative_combo,23,conservative_combo,71,QQQ,1,21,2026-04-09,2026-05-07,30,0.13889108354489643,-0.0058671632006242515,0.0,-0.20618517083528715,-0.01729270652628896,-0.1447582467455207,0.1,0.0,0.2,0.11587301587301588
S23_conservative_combo,23,conservative_combo,72,SOX,6,126,2025-10-23,2026-04-24,30,0.5892295681363808,0.20161915827942958,0.07942570575730745,1.164757547380634,-0.11724679197031405,-0.38761040985695117,0.7,0.06666666666666667,3.1666666666666665,0.24894179894179894
S23_conservative_combo,23,conservative_combo,73,QQQ,3,63,2025-11-10,2026-02-10,30,-0.017605352080502956,-0.0029518265185488205,0.0,-0.1300257601742472,-0.053201825169956016,0.014653525561954135,0.26666666666666666,0.7333333333333333,1.2666666666666666,0.21798941798941798
S23_conservative_combo,23,conservative_combo,74,SOX,2,42,2025-10-27,2025-12-24,29,0.008249695381776334,0.010643897577107474,0.0,-0.19201355960485633,-0.06092989803454262,0.002394202195331141,0.3448275862068966,0.3103448275862069,1.3103448275862069,0.22824302134646962
S23_conservative_combo,23,conservative_combo,75,QQQ,4,84,2026-03-12,2026-07-13,30,0.19448917362598106,0.06293717318698751,0.0,0.16488228446933634,-0.056637686248958825,-0.13155200043899354,0.4,0.2,1.6666666666666667,0.11825396825396825
S23_conservative_combo,23,conservative_combo,76,SOX,5,105,2025-11-14,2026-04-17,30,0.44383622655114996,0.1840229003553727,0.08203733741261032,1.057695847292322,-0.10767944163491132,-0.25981332619577724,0.6666666666666666,0.16666666666666666,2.7333333333333334,0.2787301587301588
S23_conservative_combo,23,conservative_combo,77,QQQ,4,84,2026-03-12,2026-07-13,30,0.19448917362598106,0.05078275330057617,0.0,0.06303617207100186,-0.05934832243975899,-0.1437064203254049,0.3333333333333333,0.16666666666666666,2.0,0.1603174603174603
S23_conservative_combo,23,conservative_combo,78,SOX,5,105,2026-03-04,2026-08-03,30,0.48806584406312936,0.06365369470471899,0.0,0.22095504371792393,-0.11163118339189651,-0.42441214935841043,0.36666666666666664,0.03333333333333333,2.3333333333333335,0.17809523809523806
S23_conservative_combo,23,conservative_combo,79,SOX,4,84,2025-12-01,2026-04-01,30,0.14254651120854445,0.17131685607567154,0.08203733741261032,1.09302519088083,-0.09612244615161931,0.0287703448671271,0.6666666666666666,0.4,2.4,0.3325396825396825
S23_conservative_combo,23,conservative_combo,80,SOX,1,21,2026-06-24,2026-07-23,30,-0.0835577884715295,-0.02892901584571717,0.0,-1.359826884833796,-0.04482330549556224,0.054628772625812325,0.03333333333333333,0.9,0.5,0.14603174603174604
S23_conservative_combo,23,conservative_combo,81,SOX,3,63,2025-10-22,2026-01-22,30,0.22894765972879672,0.11289816053433215,0.0781829890640714,1.056708427170182,-0.07006798399168557,-0.11604949919446457,0.5666666666666667,0.2,1.8333333333333333,0.2613756613756614
S23_conservative_combo,23,conservative_combo,82,SOX,3,63,2025-10-15,2026-01-14,30,0.15556347877679988,0.05915989396454936,0.0408199939974313,0.9809890981509586,-0.060377735639968934,-0.09640358481225052,0.6333333333333333,0.13333333333333333,1.3,0.21005291005291002
S23_conservative_combo,23,conservative_combo,83,SOX,5,105,2025-11-03,2026-04-06,30,0.11815446305182764,0.15539613717584988,0.07469192264808411,0.8356210040306878,-0.09542690157760407,0.03724167412402226,0.6,0.4,2.566666666666667,0.2561904761904762
S23_conservative_combo,23,conservative_combo,84,SOX,2,42,2026-05-01,2026-07-01,30,0.2882121232542474,0.06699318145686602,0.0,0.21694421129576438,-0.044418539255824806,-0.22121894179738139,0.26666666666666666,0.06666666666666667,0.9333333333333333,0.14285714285714282
S23_conservative_combo,23,conservative_combo,85,SOX,3,63,2026-04-24,2026-07-24,30,0.14224491402272577,0.01963450081232381,0.0,0.3226944390936707,-0.08867430174842,-0.12261041321040196,0.23333333333333334,0.13333333333333333,1.7,0.1634920634920635
S23_conservative_combo,23,conservative_combo,86,QQQ,6,126,2025-11-10,2026-05-12,30,0.13769257973244708,0.01499568670276911,0.0,0.07714488860574426,-0.09602765039311452,-0.12269689302967797,0.4,0.1,3.3,0.19074074074074074
S23_conservative_combo,23,conservative_combo,87,QQQ,1,21,2025-12-17,2026-01-16,30,0.036059549152333226,0.03457038031718559,0.0,0.6000457386799013,-0.023969179905473845,-0.00148916883514764,0.3,0.26666666666666666,0.5,0.3428571428571428
S23_conservative_combo,23,conservative_combo,88,QQQ,1,21,2026-03-06,2026-04-06,30,-0.017520480139253114,-0.00396294918362284,0.0,-0.5708309354935633,-0.02744988023928328,0.013557530955630274,0.13333333333333333,0.8,0.7333333333333333,0.20952380952380956
S23_conservative_combo,23,conservative_combo,89,QQQ,6,126,2025-09-30,2026-03-31,30,-0.03617377722303072,0.024344788444609477,0.005045305814864509,0.25613275294399346,-0.09467589395299376,0.060518565667640196,0.5,0.7666666666666667,2.8333333333333335,0.21031746031746032
S23_conservative_combo,23,conservative_combo,90,QQQ,5,105,2025-11-05,2026-04-08,30,-0.02509932769219203,-0.015932378470352563,0.0,-0.2318659199328713,-0.09626577854783296,0.009166949221839468,0.23333333333333334,0.6333333333333333,2.433333333333333,0.20158730158730162
S23_conservative_combo,23,conservative_combo,91,QQQ,2,42,2026-04-22,2026-06-22,30,0.12768995871861688,0.037888063401802737,0.0,0.6691441813159017,-0.05040226181650682,-0.08980189531681416,0.3,0.2,1.1666666666666667,0.15476190476190477
S23_conservative_combo,23,conservative_combo,92,QQQ,4,84,2026-04-06,2026-08-04,30,0.23134310692111226,0.016902238134185656,0.0,0.4040280340950843,-0.08227544749392866,-0.2144408687869266,0.4,0.03333333333333333,1.9,0.20714285714285716
S23_conservative_combo,23,conservative_combo,93,QQQ,2,42,2026-01-23,2026-03-24,30,-0.06102847048860305,-0.010149508333510748,0.0,-0.5475741575898767,-0.055509184659418134,0.05087896215509231,0.2,0.7666666666666667,1.7333333333333334,0.20158730158730157
S23_conservative_combo,23,conservative_combo,94,SOX,2,42,2026-01-08,2026-03-10,30,0.060172751382284506,0.07648046679654362,0.0,0.6337443077576644,-0.05918287636966949,0.01630771541425912,0.36666666666666664,0.36666666666666664,1.2666666666666666,0.26904761904761904
S23_conservative_combo,23,conservative_combo,95,SOX,2,42,2026-01-27,2026-03-26,30,-0.06274182234420844,0.003938397219358876,0.0,-0.25049981633467033,-0.06889430131034993,0.06668021956356733,0.2,0.8,1.8666666666666667,0.20555555555555555
S23_conservative_combo,23,conservative_combo,96,QQQ,6,126,2025-11-11,2026-05-13,30,0.1527796119738951,-0.018588385724835656,0.0,-0.18184890468773968,-0.0644529887292872,-0.17136799769873082,0.2,0.03333333333333333,2.2,0.11693121693121693
S23_conservative_combo,23,conservative_combo,97,SOX,4,84,2026-03-13,2026-07-14,30,0.7159837670549705,0.07785524158926034,0.0,0.5553645645662814,-0.07950959080777513,-0.6381285254657103,0.43333333333333335,0.0,1.7666666666666666,0.14365079365079364
S23_conservative_combo,23,conservative_combo,98,SOX,1,21,2026-06-11,2026-07-13,30,-0.05632210420282702,-0.01349961496229716,0.0,-0.7984463186023466,-0.025159627896145398,0.04282248924052986,0.06666666666666667,0.9,0.3333333333333333,0.08253968253968254
S23_conservative_combo,23,conservative_combo,99,QQQ,5,105,2026-03-05,2026-08-04,30,0.19157048010224176,0.015459580942629676,0.0,-0.19643876544127195,-0.10233425436303115,-0.17611089915961212,0.4,0.16666666666666666,3.066666666666667,0.18095238095238095
S24_balanced_a,24,balanced_a,0,SOX,2,42,2025-11-18,2026-01-20,30,0.2197426179367703,0.08266654598776767,0.020076013001048554,0.8395913977231355,-0.0666500814778551,-0.13707607194900262,0.5666666666666667,0.16666666666666666,1.5333333333333334,0.3730158730158729
S24_balanced_a,24,balanced_a,1,SOX,3,63,2026-03-09,2026-06-05,30,0.6056801006561487,0.14393078181475286,0.07472586426264294,1.5418147446052053,-0.0967543707124964,-0.4617493188413959,0.6,0.06666666666666667,2.8666666666666667,0.28835978835978826
S24_balanced_a,24,balanced_a,2,QQQ,2,42,2025-10-15,2025-12-12,30,0.01892997593395407,0.0010624470854373237,0.0,0.05431816619050703,-0.06033374570419376,-0.017867528848516744,0.36666666666666664,0.23333333333333334,1.7,0.2396825396825397
S24_balanced_a,24,balanced_a,3,SOX,1,21,2025-11-24,2025-12-23,29,0.08032119038801167,0.00600039424068253,0.0,0.3115041290336329,-0.0717813764233607,-0.07432079614732913,0.41379310344827586,0.13793103448275862,0.8275862068965517,0.4433497536945813
S24_balanced_a,24,balanced_a,4,SOX,1,21,2025-11-18,2025-12-17,29,0.031294422806865896,-0.03194889912152441,-0.02787499694407869,-1.7891026277862072,-0.0710222878268138,-0.0632433219283903,0.13793103448275862,0.06896551724137931,1.1379310344827587,0.30049261083743845
S24_balanced_a,24,balanced_a,5,SOX,2,42,2026-01-29,2026-03-30,30,-0.14163635731458502,-0.05065843417255174,-0.050614513147619944,-1.0645610325115817,-0.13375929116413376,0.09097792314203328,0.16666666666666666,0.8666666666666667,2.6,0.38412698412698404
S24_balanced_a,24,balanced_a,6,QQQ,4,84,2025-10-08,2026-02-06,30,-0.0016428599910193187,0.02732854643390679,0.005350039952954688,0.4480726709509662,-0.08814687277565479,0.02897140642492611,0.5,0.5333333333333333,3.566666666666667,0.4
S24_balanced_a,24,balanced_a,7,SOX,6,126,2025-10-17,2026-04-20,30,0.4519881329203801,0.1690674135363398,0.03315243332109463,0.5737076597494059,-0.17186875934882978,-0.28292071938404023,0.6,0.16666666666666666,5.4,0.3558201058201058
S24_balanced_a,24,balanced_a,8,SOX,1,21,2026-04-14,2026-05-12,30,0.2859883338335265,0.11734203814905761,0.03300350212826764,2.1799066792588375,-0.05447220633635627,-0.16864629568446893,0.6,0.16666666666666666,0.9333333333333333,0.5222222222222223
S24_balanced_a,24,balanced_a,9,QQQ,5,105,2026-01-30,2026-07-01,30,0.16886541640710862,0.023568291559726444,0.0,-0.10976816471041369,-0.11149823219421161,-0.1452971248473822,0.4666666666666667,0.2,3.966666666666667,0.21904761904761907
S24_balanced_a,24,balanced_a,10,QQQ,4,84,2026-02-27,2026-06-29,30,0.19512872792465275,0.01660204099043832,-0.018619861706595797,-0.1838851541476483,-0.11207731724017776,-0.1785266869342144,0.36666666666666664,0.06666666666666667,3.1,0.23769841269841271
S24_balanced_a,24,balanced_a,11,QQQ,3,63,2026-04-27,2026-07-27,30,0.028061969323687208,0.0170511982890249,0.023317719493292643,0.23596956833041016,-0.12227812558505363,-0.011010771034662307,0.6333333333333333,0.4666666666666667,2.966666666666667,0.3747145641882484
S24_balanced_a,24,balanced_a,12,SOX,6,126,2025-12-26,2026-06-29,30,1.0096078947533922,0.19827150821755654,0.12340585479235922,0.9909316500114375,-0.1682500102181069,-0.8113363865358356,0.7666666666666667,0.0,5.433333333333334,0.33915343915343915
S24_balanced_a,24,balanced_a,13,SOX,2,42,2025-12-19,2026-02-20,30,0.19885922046901894,0.20549620225997672,0.1971604201918996,2.3140644439185194,-0.07987769538975137,0.006636981790957815,0.7333333333333333,0.4666666666666667,1.9333333333333333,0.5611111111111111
S24_balanced_a,24,balanced_a,14,QQQ,1,21,2026-05-14,2026-06-12,30,0.0021534634743545222,-0.013018892785786045,0.0,-0.12307190208945745,-0.05705873498368911,-0.015172356260140567,0.26666666666666666,0.26666666666666666,0.8666666666666667,0.23333333333333334
S24_balanced_a,24,balanced_a,15,QQQ,4,84,2026-03-13,2026-07-14,30,0.2150330261145419,0.00794447597492951,-0.0005713488327077076,0.017440938447175217,-0.10192880274954506,-0.2070885501396124,0.4,0.03333333333333333,3.3333333333333335,0.25952380952380955
S24_balanced_a,24,balanced_a,16,SOX,3,63,2026-02-18,2026-05-18,30,0.38627475867734296,0.03492802836835434,-0.022644884231942497,0.11819717333079668,-0.13792693379944468,-0.35134673030898855,0.36666666666666664,0.06666666666666667,2.933333333333333,0.3291005291005291
S24_balanced_a,24,balanced_a,17,SOX,4,84,2026-02-05,2026-06-05,30,0.6325684608295272,0.1365161661216354,0.021173165095801583,0.6012165032208391,-0.1288696867349473,-0.49605229470789175,0.5666666666666667,0.1,3.4,0.29007936507936505
S24_balanced_a,24,balanced_a,18,SOX,5,105,2025-12-19,2026-05-21,30,0.7512201857346004,0.23987417975596292,0.24228037747653208,1.279720255537762,-0.15791579704593559,-0.5113460059786374,0.8333333333333334,0.0,5.133333333333334,0.39968253968253964
S24_balanced_a,24,balanced_a,19,SOX,5,105,2025-10-10,2026-03-12,30,0.21575729201479388,0.10807673064868543,0.003306568639571572,0.1877028413728467,-0.15370342153476374,-0.10768056136610846,0.5,0.26666666666666666,4.6,0.3793650793650794
S24_balanced_a,24,balanced_a,20,QQQ,5,105,2025-10-30,2026-04-01,30,-0.06429111203240978,-0.013409980429001815,-0.030851785427030987,-0.2423809702646648,-0.12372580780114005,0.050881131603407966,0.4,0.6666666666666666,4.166666666666667,0.37999999999999995
S24_balanced_a,24,balanced_a,21,SOX,5,105,2026-02-11,2026-07-14,30,0.57840007029586,0.04627595663073745,-0.008546610712243108,0.48171536038080487,-0.14800308994922767,-0.5321241136651226,0.4,0.03333333333333333,4.066666666666666,0.24793650793650795
S24_balanced_a,24,balanced_a,22,SOX,4,84,2025-11-07,2026-03-11,30,0.16377212969401955,0.11665752918105475,0.023897495524356827,0.4943063609185373,-0.1406716184425129,-0.047114600512964816,0.5,0.3333333333333333,3.4,0.41666666666666674
S24_balanced_a,24,balanced_a,23,SOX,5,105,2025-10-27,2026-03-27,30,0.06601406425608247,0.12965563175239933,0.03341565925773915,0.46497002630864703,-0.16827002397492277,0.06364156749631686,0.5333333333333333,0.4,4.8,0.39650793650793653
S24_balanced_a,24,balanced_a,24,QQQ,1,21,2026-05-07,2026-06-05,30,0.014562402546714814,0.04712889507926052,0.0,0.11861457120721013,-0.030022188287147377,0.03256649253254569,0.23333333333333334,0.2,0.8,0.20476190476190476
S24_balanced_a,24,balanced_a,25,SOX,1,21,2026-03-06,2026-04-06,30,0.06430085839175526,0.00811418502193532,0.0,-0.8405251152525128,-0.03781013338402707,-0.05618667336981994,0.43333333333333335,0.13333333333333333,1.4,0.15555555555555553
S24_balanced_a,24,balanced_a,26,QQQ,1,21,2026-04-24,2026-05-22,30,0.08082782715619863,0.0701049122950381,0.0,1.865569505831447,-0.029048145109224512,-0.010722914861160537,0.43333333333333335,0.3,0.7666666666666667,0.326984126984127
S24_balanced_a,24,balanced_a,27,SOX,5,105,2026-02-06,2026-07-09,30,0.6709269527981874,0.07544925367570451,0.0,0.5881459364166614,-0.15106033267804916,-0.5954776991224829,0.4666666666666667,0.03333333333333333,4.4,0.26126984126984126
S24_balanced_a,24,balanced_a,28,SOX,4,84,2026-01-20,2026-05-19,30,0.4733836516444676,0.11342946942044661,0.0370781277981157,0.6312074640851592,-0.15899328471379487,-0.359954182224021,0.6,0.1,4.033333333333333,0.3730158730158729
S24_balanced_a,24,balanced_a,29,QQQ,6,126,2025-10-15,2026-04-16,30,0.06622795984442065,-0.021466854007555623,-0.015806983747662706,-0.30270819465852233,-0.13303692546160037,-0.08769481385197628,0.3333333333333333,0.23333333333333334,4.166666666666667,0.2579365079365079
S24_balanced_a,24,balanced_a,30,QQQ,6,126,2025-10-22,2026-04-23,30,0.07860034616709188,-0.020763921864440416,-0.02861540914292615,-0.4723223621985267,-0.11093576596355038,-0.09936426803153232,0.3,0.2,3.7333333333333334,0.24312169312169313
S24_balanced_a,24,balanced_a,31,SOX,3,63,2026-02-17,2026-05-15,30,0.4369761928323892,0.040401388326933345,0.0,0.29223066568930706,-0.1290066036296168,-0.39657480450545585,0.43333333333333335,0.03333333333333333,2.966666666666667,0.3248677248677249
S24_balanced_a,24,balanced_a,32,SOX,6,126,2025-11-05,2026-05-07,30,0.615167354577042,0.19742246927204002,0.13567658201129706,0.9701684801938554,-0.1673436503290797,-0.4177448853050019,0.7333333333333333,0.06666666666666667,5.033333333333333,0.3775132275132275
S24_balanced_a,24,balanced_a,33,SOX,5,105,2026-01-22,2026-06-23,30,0.7324359171506643,0.15971169760339907,0.07323870701093405,0.7432744577679044,-0.16804508550387312,-0.5727242195472652,0.6666666666666666,0.03333333333333333,4.8,0.3215873015873016
S24_balanced_a,24,balanced_a,34,SOX,4,84,2025-10-13,2026-02-11,30,0.26628906228603477,0.19203958310765276,0.06792417250383354,1.3877791298467586,-0.10562108451220527,-0.074249479178382,0.6666666666666666,0.3333333333333333,3.3333333333333335,0.38214285714285706
S24_balanced_a,24,balanced_a,35,SOX,1,21,2026-01-23,2026-02-23,30,0.035131076940966066,0.08494609649691978,0.038685350687200915,1.4743329804621568,-0.05941184356766389,0.04981501955595372,0.7,0.5333333333333333,1.4,0.5523809523809523
S24_balanced_a,24,balanced_a,36,SOX,3,63,2026-01-23,2026-04-23,30,0.2801244936694949,0.12493474834372938,0.04875318285774033,0.7785516153947344,-0.12897074330594904,-0.15518974532576552,0.6333333333333333,0.16666666666666666,3.2,0.3428571428571428
S24_balanced_a,24,balanced_a,37,SOX,4,84,2026-01-02,2026-05-04,30,0.47389043541895925,0.16589417794450648,0.1266657770641847,1.234436669280355,-0.1524541043495676,-0.3079962574744527,0.6333333333333333,0.1,3.8333333333333335,0.3634920634920634
S24_balanced_a,24,balanced_a,38,QQQ,5,105,2026-02-03,2026-07-06,30,0.1751877418375951,0.06629315107927969,0.0,0.2774189081556398,-0.10039273998707329,-0.10889459075831542,0.43333333333333335,0.23333333333333334,3.3666666666666667,0.20126984126984124
S24_balanced_a,24,balanced_a,39,SOX,3,63,2026-02-25,2026-05-26,30,0.5501122039231483,0.12671172232589217,0.07352190847999007,0.743265186488761,-0.13082256852434665,-0.42340048159725613,0.6333333333333333,0.06666666666666667,3.033333333333333,0.33915343915343915
S24_balanced_a,24,balanced_a,40,QQQ,3,63,2025-11-26,2026-02-27,30,-0.010089281832132424,0.022742850359301785,-0.020575894575522835,0.042425727239850816,-0.08632889428456116,0.03283213219143421,0.43333333333333335,0.4666666666666667,2.7666666666666666,0.4190476190476191
S24_balanced_a,24,balanced_a,41,QQQ,6,126,2026-01-29,2026-07-30,30,0.08854690776025209,0.0457156008243142,0.010504474671390929,0.1647859889256732,-0.1355764235028819,-0.04283130693593789,0.5333333333333333,0.3,4.633333333333334,0.28121693121693114
S24_balanced_a,24,balanced_a,42,QQQ,2,42,2026-01-21,2026-03-20,30,-0.055526733619593704,-0.032730958558046225,-0.011996883419155668,-0.7596486462861823,-0.07451151065600391,0.022795775061547483,0.13333333333333333,0.6666666666666666,1.9666666666666666,0.2746031746031746
S24_balanced_a,24,balanced_a,43,SOX,2,42,2025-10-29,2025-12-29,29,-0.012379376481358784,-0.008052235794370866,0.0,-0.7116626452550647,-0.08380849907529413,0.004327140686987918,0.2413793103448276,0.5172413793103449,1.6206896551724137,0.3431855500821019
S24_balanced_a,24,balanced_a,44,QQQ,2,42,2025-11-07,2026-01-08,30,0.01890869284480634,0.023148257641890383,0.0016287103616232645,0.5502770439659411,-0.04882226505143864,0.004239564797084042,0.5,0.4,1.5,0.37460317460317455
S24_balanced_a,24,balanced_a,45,QQQ,1,21,2026-06-10,2026-07-10,30,0.04701997482414466,-0.0022352951952750257,0.0,-0.38229022239869503,-0.05049654490767693,-0.049255270019419685,0.3333333333333333,0.2,1.3666666666666667,0.4238095238095238
S24_balanced_a,24,balanced_a,46,QQQ,3,63,2025-10-21,2026-01-21,30,0.009313358840005836,0.03481539101662538,0.0,0.05560746175768553,-0.09441080001457076,0.025502032176619557,0.43333333333333335,0.43333333333333335,2.566666666666667,0.4042328042328043
S24_balanced_a,24,balanced_a,47,SOX,4,84,2025-10-10,2026-02-10,30,0.29396286339430455,0.24452930078853896,0.1267644150168602,1.0314638749730318,-0.12291215251534397,-0.04943356260576558,0.7333333333333333,0.3,4.0,0.45357142857142846
S24_balanced_a,24,balanced_a,48,SOX,1,21,2025-12-15,2026-01-14,30,0.11535278877107791,0.060129530041470744,0.03780162693700728,1.1918457094007542,-0.04157862751917623,-0.055223258729607164,0.5666666666666667,0.2,1.0333333333333334,0.5888888888888888
S24_balanced_a,24,balanced_a,49,QQQ,2,42,2025-11-21,2026-01-23,30,0.056692110332060563,0.01661176904642496,0.0,0.30124785533410525,-0.04932013987085241,-0.040080341285635604,0.3,0.16666666666666666,1.5333333333333334,0.3412698412698412
S24_balanced_a,24,balanced_a,50,SOX,5,105,2025-12-29,2026-05-29,30,0.8650289879145312,0.261348505020601,0.21979765490134817,1.3829464913323894,-0.1582176735070001,-0.6036804828939303,0.8666666666666667,0.06666666666666667,4.933333333333334,0.39904761904761904
S24_balanced_a,24,balanced_a,51,QQQ,1,21,2025-12-10,2026-01-09,30,-0.00024313495141548014,-0.007810646981412028,0.0,-0.3927750913215978,-0.03627395259241221,-0.007567512029996548,0.23333333333333334,0.6,0.9666666666666667,0.39999999999999997
S24_balanced_a,24,balanced_a,52,SOX,4,84,2025-12-29,2026-04-29,30,0.47473868850949885,0.19439492009359627,0.13284796933831022,1.1430780246189332,-0.14966737164979638,-0.28034376841590264,0.8,0.1,4.1,0.40198412698412694
S24_balanced_a,24,balanced_a,53,QQQ,1,21,2026-03-24,2026-04-22,30,0.12180215905434788,0.016562316878725742,0.0,0.16924608624873885,-0.02897152332070522,-0.10523984217562216,0.3333333333333333,0.1,0.9333333333333333,0.2253968253968254
S24_balanced_a,24,balanced_a,54,SOX,6,126,2026-01-20,2026-07-21,30,0.6401158243674561,0.13724284311034515,0.0323717867223986,0.5870787354854873,-0.16475428506738116,-0.502872981257111,0.7,0.1,4.8,0.24947089947089943
S24_balanced_a,24,balanced_a,55,QQQ,2,42,2026-01-27,2026-03-26,30,-0.0897065986821538,-0.013930574226921602,-0.011173751948841515,-0.521762303375369,-0.06480477829849894,0.0757760244552322,0.23333333333333334,0.8333333333333334,1.7,0.24523809523809526
S24_balanced_a,24,balanced_a,56,SOX,6,126,2025-11-12,2026-05-14,30,0.7723950465422953,0.20181505968146485,0.08558129290416772,0.8076109449176774,-0.15952269772650482,-0.5705799868608303,0.7666666666666667,0.06666666666666667,5.233333333333333,0.37116402116402114
S24_balanced_a,24,balanced_a,57,SOX,2,42,2026-05-19,2026-07-20,30,0.05566076296371425,0.018961659707635675,0.0,0.3025729925261407,-0.0895309230638205,-0.03669910325607858,0.4,0.3,1.7666666666666666,0.16746031746031745
S24_balanced_a,24,balanced_a,58,SOX,6,126,2026-01-07,2026-07-09,30,0.7924059779257693,0.1968397092080584,0.1195883587329647,0.7910373770906176,-0.148273834082885,-0.5955662687177108,0.7666666666666667,0.03333333333333333,5.233333333333333,0.2941798941798942
S24_balanced_a,24,balanced_a,59,SOX,3,63,2025-12-10,2026-03-12,30,0.045344481743153864,0.09186726840724052,0.044997062701371715,0.5067683785172067,-0.13816354829728386,0.04652278666408665,0.5666666666666667,0.5,2.9,0.6105820105820106
S24_balanced_a,24,balanced_a,60,QQQ,2,42,2026-05-06,2026-07-07,30,0.02075343580941813,0.02623286663209769,0.0,0.09073317348952485,-0.0870878680885609,0.005479430822679561,0.36666666666666664,0.26666666666666666,1.6666666666666667,0.25317460317460316
S24_balanced_a,24,balanced_a,61,SOX,5,105,2026-02-06,2026-07-09,30,0.6709269527981874,0.11611995570215354,0.0628144164565162,0.9478550073700217,-0.15200931112837004,-0.5548069970960338,0.6,0.03333333333333333,4.666666666666667,0.2711111111111111
S24_balanced_a,24,balanced_a,62,SOX,6,126,2026-01-23,2026-07-24,30,0.5305187986610824,0.12593434616619842,0.023267869323399304,0.48713694665630075,-0.16308178709110016,-0.40458445249488395,0.6,0.1,4.966666666666667,0.24047619047619045
S24_balanced_a,24,balanced_a,63,SOX,6,126,2026-01-12,2026-07-14,30,0.7210223257714317,0.15929793677590195,0.05567630619486241,0.7104338499419154,-0.15914171306831826,-0.5617243889955298,0.7,0.03333333333333333,4.9,0.2798941798941799
S24_balanced_a,24,balanced_a,64,SOX,3,63,2026-05-06,2026-08-05,30,0.0475112300393592,0.022706990601125642,0.0,0.33861910542423,-0.1133881738989662,-0.02480423943823355,0.4666666666666667,0.3,2.433333333333333,0.1962962962962963
S24_balanced_a,24,balanced_a,65,SOX,6,126,2026-01-13,2026-07-15,30,0.6677948403196137,0.1517168014992885,0.07286369692003258,0.6214770740861258,-0.17350109281963563,-0.5160780388203251,0.7,0.06666666666666667,5.066666666666666,0.2706349206349206
S24_balanced_a,24,balanced_a,66,QQQ,5,105,2026-01-30,2026-07-01,30,0.16886541640710862,0.10409785607874689,0.03252044250570152,0.46226231690939396,-0.11365932989690082,-0.06476756032836174,0.6666666666666666,0.26666666666666666,3.8666666666666667,0.2736507936507937
S24_balanced_a,24,balanced_a,67,QQQ,4,84,2026-01-23,2026-05-22,30,0.15372039993673003,0.07426162446113067,0.03182228137355603,0.3844427678363399,-0.09347093340861828,-0.07945877547559936,0.5666666666666667,0.23333333333333334,3.066666666666667,0.23174603174603173
S24_balanced_a,24,balanced_a,68,SOX,4,84,2026-03-16,2026-07-15,30,0.6454310773447438,0.1446788010199503,0.0743992363877456,1.1954691666982433,-0.10249224347863768,-0.5007522763247935,0.6,0.06666666666666667,2.966666666666667,0.22579365079365077
S24_balanced_a,24,balanced_a,69,SOX,6,126,2025-12-19,2026-06-23,30,1.0147709295340634,0.2823184925472412,0.27743289725576625,1.2459618894179263,-0.15942294828312203,-0.7324524369868222,0.8333333333333334,0.0,5.566666666666666,0.38042328042328044
S24_balanced_a,24,balanced_a,70,QQQ,6,126,2025-10-02,2026-04-02,30,-0.03179266278202153,-0.015573029345714058,-0.00043119708234728993,-0.184742631706198,-0.11983679998941639,0.01621963343630747,0.43333333333333335,0.5666666666666667,5.033333333333333,0.29126984126984123
S24_balanced_a,24,balanced_a,71,QQQ,6,126,2025-11-10,2026-05-12,30,0.13769257973244708,0.05737910074086439,0.002532752329704624,0.29798618415322065,-0.10631287883273072,-0.0803134789915827,0.5,0.3,4.166666666666667,0.28677248677248673
S24_balanced_a,24,balanced_a,72,QQQ,2,42,2025-10-03,2025-12-02,30,0.031201229671148356,-0.015822855416232896,0.0,-0.48105697751839205,-0.04309966969036558,-0.04702408508738124,0.2,0.13333333333333333,1.5,0.20714285714285713
S24_balanced_a,24,balanced_a,73,QQQ,2,42,2026-01-22,2026-03-23,30,-0.05157958258418882,-0.010223396779709685,0.0,-0.3472025141753942,-0.05364385650036674,0.041356185804479126,0.23333333333333334,0.7666666666666667,1.7666666666666666,0.2253968253968254
S24_balanced_a,24,balanced_a,74,SOX,6,126,2026-01-27,2026-07-28,30,0.40137947130129015,0.14611535044872356,0.026273472994166602,0.7044029920322367,-0.16819934122441135,-0.2552641208525666,0.6333333333333333,0.16666666666666666,5.4,0.26031746031746034
S24_balanced_a,24,balanced_a,75,QQQ,5,105,2026-01-22,2026-06-23,30,0.1523538045801276,-0.003959019500340725,-0.0001317363803696736,-0.275847102262424,-0.10599304065596588,-0.15631282408046834,0.4,0.06666666666666667,3.7666666666666666,0.22380952380952382
S24_balanced_a,24,balanced_a,76,SOX,5,105,2025-10-02,2026-03-04,30,0.21424413041310686,0.20090685843369543,0.03899511529091082,0.6749667493257916,-0.1387078293774244,-0.013337271979411447,0.5666666666666667,0.3333333333333333,4.933333333333334,0.385079365079365
S24_balanced_a,24,balanced_a,77,SOX,5,105,2025-10-13,2026-03-13,30,0.16476086971231152,0.15735127836693827,0.016300857150210346,0.649838053728491,-0.16174552170604123,-0.007409591345373271,0.5333333333333333,0.36666666666666664,4.666666666666667,0.43555555555555553
S24_balanced_a,24,balanced_a,78,SOX,6,126,2025-10-10,2026-04-13,30,0.4491673460012213,0.14728694970808,0.10323757731193406,0.4054574566856014,-0.15996004906755693,-0.3018803962931413,0.6666666666666666,0.16666666666666666,5.6,0.34682539682539676
S24_balanced_a,24,balanced_a,79,SOX,6,126,2026-01-13,2026-07-15,30,0.6677948403196137,0.12046273851760847,0.038684422866182344,0.5471591840361671,-0.1615505412976973,-0.5473321018020053,0.6333333333333333,0.06666666666666667,4.966666666666667,0.27619047619047615
S24_balanced_a,24,balanced_a,80,QQQ,1,21,2025-11-26,2025-12-26,30,0.016969511662444203,0.004493529800864985,0.0,0.01833037274960807,-0.03546984102098169,-0.012475981861579218,0.3,0.26666666666666666,0.8333333333333334,0.4142857142857143
S24_balanced_a,24,balanced_a,81,SOX,4,84,2026-01-14,2026-05-14,30,0.597940839356677,0.1882245922196568,0.11472055438965256,1.103202228699957,-0.13710292954216446,-0.4097162471370201,0.7333333333333333,0.1,3.8666666666666667,0.34841269841269834
S24_balanced_a,24,balanced_a,82,QQQ,6,126,2025-10-06,2026-04-07,30,-0.028991629843866495,-0.028564417949517206,-0.015181533228738275,-0.371734239941835,-0.12385567597845405,0.0004272118943492886,0.4,0.6,4.7,0.31666666666666665
S24_balanced_a,24,balanced_a,83,SOX,5,105,2025-10-06,2026-03-06,30,0.12354003322273233,0.11069978958386377,0.014902408204160889,0.405224794279615,-0.15561691619620588,-0.012840243638868569,0.5,0.36666666666666664,4.833333333333333,0.4241269841269841
S24_balanced_a,24,balanced_a,84,SOX,4,84,2025-11-26,2026-03-30,30,0.0653592129111733,0.08159260124612568,0.045937107348116624,0.43289863431888126,-0.15154676724198218,0.016233388334952383,0.6,0.5,3.1666666666666665,0.4309523809523809
S24_balanced_a,24,balanced_a,85,QQQ,2,42,2025-12-31,2026-03-03,30,-0.020722437530779625,0.014912030606173233,0.0,0.18382244228086145,-0.06403657709380609,0.03563446813695286,0.4,0.7666666666666667,1.9,0.3373015873015872
S24_balanced_a,24,balanced_a,86,QQQ,3,63,2026-04-10,2026-07-10,30,0.18858277168553128,0.07241271183644456,0.0,0.30741752784837545,-0.07519259527016127,-0.11617005984908675,0.43333333333333335,0.13333333333333333,2.066666666666667,0.23280423280423276
S24_balanced_a,24,balanced_a,87,SOX,6,126,2026-01-08,2026-07-10,30,0.8210602431107561,0.19217240606441063,0.1467288746817459,0.7682639299927168,-0.16072998352607548,-0.6288878370463454,0.7333333333333333,0.03333333333333333,5.166666666666667,0.3013227513227514
S24_balanced_a,24,balanced_a,88,SOX,4,84,2026-01-20,2026-05-19,30,0.4733836516444676,0.07757840215497278,0.01791475487136207,0.430859837435194,-0.15871372592528193,-0.39580524948949486,0.5666666666666667,0.06666666666666667,3.6333333333333333,0.37142857142857133
S24_balanced_a,24,balanced_a,89,SOX,1,21,2026-04-07,2026-05-05,30,0.38811251036107053,0.13546042545536136,0.08013031901631151,3.5645677978445067,-0.06263471754470015,-0.2526520849057091,0.6,0.1,1.0333333333333334,0.4777777777777778
S24_balanced_a,24,balanced_a,90,SOX,4,84,2026-02-17,2026-06-16,30,0.6715198074699273,0.08853346448652447,-0.0013044511706838402,0.493396650515722,-0.16376969981635545,-0.5829863429834029,0.4666666666666667,0.03333333333333333,3.9,0.33214285714285713
S24_balanced_a,24,balanced_a,91,SOX,1,21,2025-12-30,2026-01-29,30,0.18434336653598815,0.13707509779045257,0.09674275248435493,3.1864610861689098,-0.03760899099919641,-0.04726826874553556,0.6666666666666666,0.26666666666666666,1.0333333333333334,0.5476190476190476
S24_balanced_a,24,balanced_a,92,QQQ,3,63,2026-02-20,2026-05-20,30,0.17286068225634077,0.029570534310572782,0.0,0.11965564568769242,-0.055526219660834146,-0.143290147945768,0.3333333333333333,0.1,2.1333333333333333,0.17566137566137566
S24_balanced_a,24,balanced_a,93,QQQ,6,126,2025-10-24,2026-04-27,30,0.07911913811810267,-0.0031154506079264844,-0.027469581934388865,-0.26632106416295676,-0.1376668146090396,-0.08223458872602915,0.36666666666666664,0.3333333333333333,4.466666666666667,0.3201058201058201
S24_balanced_a,24,balanced_a,94,QQQ,3,63,2025-11-06,2026-02-06,30,-0.0020183014160357615,0.013529442913027778,0.0,0.1259025856921173,-0.08834002241229995,0.015547744329063539,0.4666666666666667,0.5666666666666667,2.7,0.3783068783068782
S24_balanced_a,24,balanced_a,95,QQQ,2,42,2025-11-17,2026-01-16,30,0.030481502115305092,0.022108530977136196,0.0,0.15548136759903233,-0.06431676013696776,-0.008372971138168898,0.43333333333333335,0.36666666666666664,2.1333333333333333,0.43333333333333335
S24_balanced_a,24,balanced_a,96,QQQ,2,42,2025-12-22,2026-02-23,30,-0.028746384582597484,0.021093524328914242,-0.00019999999999992246,-0.08036570170226107,-0.061472527969506974,0.049839908911511716,0.3,0.6333333333333333,1.9,0.3253968253968254
S24_balanced_a,24,balanced_a,97,QQQ,5,105,2026-02-03,2026-07-06,30,0.1751877418375951,0.04841614149226183,0.021277825135175843,0.3646308688745846,-0.10006915560478173,-0.1267716003453333,0.5666666666666667,0.13333333333333333,4.5,0.2542857142857143
S24_balanced_a,24,balanced_a,98,SOX,4,84,2026-01-05,2026-05-05,30,0.5186676296383315,0.16571739377342704,0.09591904479774138,1.2101977817010763,-0.14674233855942395,-0.3529502358649044,0.7333333333333333,0.1,4.0,0.3634920634920634
S24_balanced_a,24,balanced_a,99,QQQ,1,21,2026-01-12,2026-02-10,30,-0.025033100528154995,0.0023764786101410974,0.0,0.06862058002400553,-0.04250410279043586,0.027409579138296093,0.3,0.8333333333333334,1.0333333333333334,0.33968253968253964
S25_ma_8_40,25,ma_8_40,0,QQQ,3,63,2025-11-04,2026-02-04,30,-0.020540380980343165,-0.0155897720243731,-0.011351128504690056,-0.5598873223737125,-0.08350895628547844,0.004950608955970063,0.23333333333333334,0.5333333333333333,2.3333333333333335,0.33492063492063495
S25_ma_8_40,25,ma_8_40,1,SOX,6,126,2025-10-16,2026-04-17,30,0.4415377396365705,0.2368168472452951,0.0696645831847087,0.8301701941725069,-0.14670921750742244,-0.2047208923912754,0.6666666666666666,0.16666666666666666,4.7,0.3428571428571428
S25_ma_8_40,25,ma_8_40,2,QQQ,4,84,2026-03-05,2026-07-06,30,0.18987499095739113,0.00906383492383265,-0.012993182197851783,-0.5884870046663355,-0.06868387349261473,-0.18081115603355846,0.26666666666666666,0.06666666666666667,2.5,0.1603174603174603
S25_ma_8_40,25,ma_8_40,3,QQQ,3,63,2025-11-24,2026-02-25,30,0.02034921651361077,0.06047143631597538,0.0,0.7476519636819661,-0.0636102697331696,0.04012221980236461,0.4666666666666667,0.43333333333333335,2.2333333333333334,0.35767195767195775
S25_ma_8_40,25,ma_8_40,4,SOX,5,105,2025-11-25,2026-04-28,30,0.5502626059486613,0.22475314298375798,0.20968966163388036,1.122392803519915,-0.15321077660403443,-0.3255094629649033,0.7333333333333333,0.1,4.3,0.4120634920634921
S25_ma_8_40,25,ma_8_40,5,SOX,2,42,2026-02-02,2026-04-01,30,-0.03952878066392318,-0.0021800553397390288,0.0,-0.16579303842899756,-0.10566542809660605,0.037348725324184144,0.4,0.6666666666666666,2.1666666666666665,0.3079365079365079
S25_ma_8_40,25,ma_8_40,6,SOX,1,21,2026-04-06,2026-05-04,30,0.3428073550611763,0.15422534409652877,0.10588016233635911,3.645728525932048,-0.06934151553359233,-0.1885820109646476,0.6666666666666666,0.16666666666666666,1.0666666666666667,0.5904761904761905
S25_ma_8_40,25,ma_8_40,7,QQQ,5,105,2025-10-30,2026-04-01,30,-0.06429111203240978,-0.03044887319312837,-0.04930620025097171,-0.5888674059603668,-0.11665181800659637,0.03384223883928141,0.36666666666666664,0.5333333333333333,3.6333333333333333,0.2841269841269842
S25_ma_8_40,25,ma_8_40,8,QQQ,3,63,2026-04-07,2026-07-07,30,0.20662869737823808,0.15222090641247046,0.031288011101120006,0.9055114859935516,-0.08213901840291098,-0.054407790965767616,0.5666666666666667,0.2,1.8666666666666667,0.33756613756613757
S25_ma_8_40,25,ma_8_40,9,QQQ,3,63,2025-12-12,2026-03-16,30,-0.02031624162258394,0.03646438619591609,0.0,0.0003300677683316396,-0.06547882873700878,0.05678062781850003,0.3333333333333333,0.6333333333333333,2.033333333333333,0.31957671957671957
S25_ma_8_40,25,ma_8_40,10,SOX,1,21,2026-03-11,2026-04-09,30,0.10749589234487411,0.028873515170835144,0.0,0.0946532994254817,-0.041807900119808554,-0.07862237717403896,0.23333333333333334,0.2,1.1,0.20476190476190478
S25_ma_8_40,25,ma_8_40,11,SOX,1,21,2025-12-26,2026-01-27,30,0.14717031497335586,0.11769189997371594,0.10451917072929429,2.616272639743599,-0.042448166573295,-0.029478414999639928,0.6666666666666666,0.4,1.0666666666666667,0.6142857142857143
S25_ma_8_40,25,ma_8_40,12,QQQ,6,126,2025-10-24,2026-04-27,30,0.07911913811810267,0.03845953686223789,0.002882303662014807,0.08590995053714298,-0.12154792607315341,-0.040659601255864784,0.5333333333333333,0.3,4.433333333333334,0.30449735449735443
S25_ma_8_40,25,ma_8_40,13,QQQ,6,126,2025-12-15,2026-06-16,30,0.1984830056783191,-0.0048169608039192865,-0.03702233082055584,-0.4052773000884043,-0.12073944349828253,-0.2032999664822384,0.3333333333333333,0.1,4.033333333333333,0.2883597883597883
S25_ma_8_40,25,ma_8_40,14,QQQ,4,84,2025-12-09,2026-04-10,30,-0.019872205236845075,0.0032942738171969355,-0.018624662757642685,-0.4458074112231743,-0.1048930227879527,0.02316647905404201,0.3333333333333333,0.5,2.8666666666666667,0.2853174603174603
S25_ma_8_40,25,ma_8_40,15,QQQ,6,126,2026-02-02,2026-08-03,30,0.12071264365120671,0.024230481324960158,-0.0075784966596654235,0.043146521421033514,-0.11620654714213377,-0.09648216232624655,0.43333333333333335,0.2,3.9,0.23068783068783066
S25_ma_8_40,25,ma_8_40,16,QQQ,5,105,2025-11-12,2026-04-15,30,0.028894709028003618,-0.007665444580799804,-0.00019999999999997797,-0.13586794177389314,-0.10726405428420027,-0.03656015360880342,0.36666666666666664,0.36666666666666664,3.7666666666666666,0.28476190476190477
S25_ma_8_40,25,ma_8_40,17,QQQ,6,126,2026-01-09,2026-07-13,30,0.13846734814379746,0.06934234091505642,0.0641712773588814,0.35852161831740476,-0.10499428274723996,-0.06912500722874104,0.5666666666666667,0.2,4.3,0.27010582010582007
S25_ma_8_40,25,ma_8_40,18,QQQ,3,63,2026-04-14,2026-07-14,30,0.14616760869996304,0.07971932968891692,0.0,0.37317426672156206,-0.07713865661660971,-0.06644827901104612,0.43333333333333335,0.2,1.5333333333333334,0.2587301587301587
S25_ma_8_40,25,ma_8_40,19,QQQ,5,105,2026-02-17,2026-07-17,30,0.1591084531694642,0.09833048868050469,0.062461418571557625,0.31960670304739297,-0.10893072105465286,-0.06077796448895949,0.6333333333333333,0.3,3.2666666666666666,0.2625396825396825
S25_ma_8_40,25,ma_8_40,20,QQQ,4,84,2026-03-18,2026-07-17,30,0.17157807961881888,0.11052389554148755,0.037836825411068475,0.8004882981346871,-0.09133203172095809,-0.06105418407733136,0.6333333333333333,0.23333333333333334,2.4,0.2686507936507937
S25_ma_8_40,25,ma_8_40,21,SOX,4,84,2026-01-07,2026-05-07,30,0.5164003279548401,0.2101513754216939,0.08878308329102114,0.9253829857473735,-0.13039737393002432,-0.3062489525331464,0.6333333333333333,0.13333333333333333,3.3333333333333335,0.38611111111111107
S25_ma_8_40,25,ma_8_40,22,SOX,2,42,2026-06-01,2026-07-30,30,-0.1174276400101516,-0.003451246926311054,0.0,0.16111505778485802,-0.07483379160206693,0.11397639308384054,0.3,0.9,1.4,0.1611111111111111
S25_ma_8_40,25,ma_8_40,23,QQQ,2,42,2026-05-11,2026-07-10,30,0.01824971898403538,0.028224504769202016,0.0,0.09935363844167557,-0.06043623995521187,0.009974785785166636,0.43333333333333335,0.43333333333333335,1.4666666666666666,0.33730158730158727
S25_ma_8_40,25,ma_8_40,24,QQQ,5,105,2026-02-19,2026-07-21,30,0.1775964217210937,0.05416882377861742,0.0,0.2414920063170526,-0.09456418785169941,-0.12342759794247628,0.4666666666666667,0.16666666666666666,3.1,0.20920634920634923
S25_ma_8_40,25,ma_8_40,25,SOX,4,84,2025-11-26,2026-03-30,30,0.0653592129111733,0.1108405615445792,0.057072721315896136,0.3915423149167612,-0.12837038468948864,0.04548134863340591,0.5333333333333333,0.4666666666666667,2.933333333333333,0.40992063492063496
S25_ma_8_40,25,ma_8_40,26,QQQ,1,21,2026-05-15,2026-06-15,30,0.04946890541828597,-0.0061198584638077445,0.0,-0.5891905888045836,-0.04716313839731025,-0.055588763882093724,0.23333333333333334,0.06666666666666667,0.8333333333333334,0.23809523809523808
S25_ma_8_40,25,ma_8_40,27,SOX,2,42,2025-11-20,2026-01-22,30,0.30242770310382006,0.11355526713062994,0.06928176389237295,1.4349458225358944,-0.058539064910984526,-0.1888724359731901,0.6333333333333333,0.06666666666666667,1.2666666666666666,0.4396825396825398
S25_ma_8_40,25,ma_8_40,28,QQQ,3,63,2025-10-28,2026-01-28,30,0.0017629658321445252,0.008345111833316357,0.0,-0.3652992453219542,-0.0908910737982587,0.006582146001171833,0.4,0.4,2.3666666666666667,0.2825396825396825
S25_ma_8_40,25,ma_8_40,29,QQQ,2,42,2026-05-19,2026-07-20,30,-0.006706934636304007,0.034543224791156214,0.0015163880128675755,0.6210579475416711,-0.06295597727741181,0.04125015942746022,0.5,0.8,1.2666666666666666,0.28809523809523807
S25_ma_8_40,25,ma_8_40,30,QQQ,6,126,2025-09-29,2026-03-30,30,-0.0651810010977204,0.007068170233563279,-0.033405938782858136,-0.16353500259119613,-0.1201131904498378,0.07224917133128367,0.4,0.6,5.5,0.30052910052910053
S25_ma_8_40,25,ma_8_40,31,SOX,2,42,2026-01-26,2026-03-25,30,0.006974331098973163,0.041742269330730074,0.0,0.02698906060054158,-0.08540266061496019,0.03476793823175692,0.36666666666666664,0.3333333333333333,1.8333333333333333,0.31666666666666665
S25_ma_8_40,25,ma_8_40,32,SOX,5,105,2025-11-06,2026-04-09,30,0.2753559739051541,0.09188190567425562,0.027380471690010566,0.3859252709603469,-0.16010647509362083,-0.18347406823089848,0.6333333333333333,0.16666666666666666,4.066666666666666,0.3803174603174603
S25_ma_8_40,25,ma_8_40,33,QQQ,6,126,2026-01-29,2026-07-30,30,0.08854690776025209,0.06635042246831876,0.01956850874976357,0.44106441734861246,-0.1196482877147223,-0.02219648529193332,0.5666666666666667,0.4,3.7666666666666666,0.22751322751322753
S25_ma_8_40,25,ma_8_40,34,QQQ,1,21,2026-05-11,2026-06-09,30,-0.007654633306932168,-0.007325962908531721,0.0,-0.6993938124461055,-0.0453401800942274,0.0003286703984004472,0.13333333333333333,0.7666666666666667,0.6666666666666666,0.17301587301587298
S25_ma_8_40,25,ma_8_40,35,SOX,1,21,2026-04-08,2026-05-06,30,0.3684395820271613,0.13411436771879448,0.08585101012490837,3.6760562864366744,-0.05726320104124413,-0.23432521430836684,0.6333333333333333,0.13333333333333333,0.8,0.5222222222222223
S25_ma_8_40,25,ma_8_40,36,QQQ,1,21,2026-03-06,2026-04-06,30,-0.017520480139253114,-0.025544798524579075,-0.00020000000000003348,-1.9046828485347584,-0.03791855174025322,-0.008024318385325961,0.1,0.6,1.1666666666666667,0.23968253968253972
S25_ma_8_40,25,ma_8_40,37,SOX,1,21,2025-11-26,2025-12-26,29,0.05181498011425134,0.004227324188428719,0.0,0.06286781647473876,-0.07041825183098166,-0.04758765592582262,0.41379310344827586,0.2413793103448276,0.9655172413793104,0.5270935960591133
S25_ma_8_40,25,ma_8_40,38,SOX,3,63,2025-09-29,2025-12-26,29,0.13965871628895865,0.050432328290944094,0.0,-0.023797093783673416,-0.10703620492983243,-0.08922638799801455,0.4482758620689655,0.1724137931034483,3.0689655172413794,0.36124794745484395
S25_ma_8_40,25,ma_8_40,39,QQQ,5,105,2025-12-17,2026-05-19,30,0.17139904186326027,0.01795894282559241,-0.00840298885304569,-0.11065413972736862,-0.09850855315302652,-0.1534400990376679,0.4666666666666667,0.1,3.933333333333333,0.2320634920634921
S25_ma_8_40,25,ma_8_40,40,SOX,3,63,2025-11-13,2026-02-13,30,0.22738129096308923,0.10973411230645151,0.14979138688165827,0.6698616719782966,-0.11752165356168882,-0.11764717865663774,0.5333333333333333,0.3,2.6,0.4523809523809524
S25_ma_8_40,25,ma_8_40,41,SOX,2,42,2026-06-01,2026-07-30,30,-0.1174276400101516,0.0011418275538387626,0.0,0.22187968536724129,-0.062283522670745765,0.11856946756399038,0.3333333333333333,0.9,1.2,0.12460317460317462
S25_ma_8_40,25,ma_8_40,42,SOX,3,63,2026-05-01,2026-07-31,30,0.08455131655991321,0.06972007849420514,0.0,0.6059289601983299,-0.10883026505760322,-0.014831238065708071,0.4666666666666667,0.3333333333333333,2.2666666666666666,0.2518518518518518
S25_ma_8_40,25,ma_8_40,43,SOX,6,126,2026-01-29,2026-07-30,30,0.3986114421008258,0.12992221205051419,0.025785297653681205,0.48890509901358925,-0.13877729483471254,-0.2686892300503116,0.6,0.13333333333333333,4.133333333333334,0.25052910052910055
S25_ma_8_40,25,ma_8_40,44,SOX,2,42,2025-11-19,2026-01-21,30,0.23806021804490118,0.10452391420551302,0.043282496690623895,1.3951644977210622,-0.06418739754215544,-0.13353630383938817,0.6333333333333333,0.16666666666666666,1.3333333333333333,0.44523809523809527
S25_ma_8_40,25,ma_8_40,45,QQQ,4,84,2026-02-10,2026-06-10,30,0.13589339735644534,0.03266506837544624,-0.0007029869856198245,-0.09835231039935698,-0.07147149506051115,-0.10322832898099908,0.3,0.13333333333333333,2.3666666666666667,0.17063492063492058
S25_ma_8_40,25,ma_8_40,46,QQQ,2,42,2026-04-06,2026-06-03,30,0.264587910376477,0.08824582647267327,0.0,0.8273252570261426,-0.05589260191280672,-0.17634208390380365,0.4,0.23333333333333334,1.1,0.32142857142857145
S25_ma_8_40,25,ma_8_40,47,QQQ,5,105,2025-11-18,2026-04-21,30,0.08328496527670048,0.0036172688432799566,-2.1884204191635614e-05,-0.1877574986328191,-0.09727376548944194,-0.07966769643342052,0.4,0.23333333333333334,3.433333333333333,0.27999999999999997
S25_ma_8_40,25,ma_8_40,48,QQQ,1,21,2025-11-19,2025-12-18,30,0.015403420985448113,0.003997769505053158,0.0,-0.41923075661162534,-0.030538932689310808,-0.011405651480394956,0.23333333333333334,0.2,0.9,0.2380952380952381
S25_ma_8_40,25,ma_8_40,49,SOX,1,21,2026-04-20,2026-05-18,30,0.18757037987730718,0.05257563159123797,0.006292530454032996,1.1813497407312827,-0.07753607368750531,-0.1349947482860692,0.5,0.16666666666666666,1.0666666666666667,0.5984126984126983
S25_ma_8_40,25,ma_8_40,50,SOX,3,63,2026-04-07,2026-07-07,30,0.5871635017095274,0.2290762535296738,0.1435367432138347,1.5878295963386362,-0.11256347390423456,-0.35808724817985355,0.7333333333333333,0.06666666666666667,2.033333333333333,0.39629629629629626
S25_ma_8_40,25,ma_8_40,51,QQQ,5,105,2025-11-25,2026-04-28,30,0.0826707158642972,0.012290207315608315,-0.001925332796794521,-0.1743302490990616,-0.097684392888216,-0.07038050854868887,0.4,0.23333333333333334,3.3333333333333335,0.24857142857142855
S25_ma_8_40,25,ma_8_40,52,QQQ,3,63,2025-10-01,2025-12-30,30,0.0281443024583361,-0.019696545734484257,-0.0013261503942667563,-0.21338452828889895,-0.07231695103130266,-0.04784084819282035,0.26666666666666666,0.2,2.566666666666667,0.2915343915343916
S25_ma_8_40,25,ma_8_40,53,SOX,4,84,2025-10-13,2026-02-11,30,0.26628906228603477,0.16511529629772978,0.1250827830480561,1.1068712622384107,-0.11798074699787119,-0.10117376598830498,0.5666666666666667,0.36666666666666664,2.7,0.3845238095238095
S25_ma_8_40,25,ma_8_40,54,SOX,5,105,2025-12-12,2026-05-14,30,0.7735193250161443,0.298998767809036,0.24874947898864985,1.1753886524256987,-0.14532528507017214,-0.47452055720710823,0.8333333333333334,0.1,4.666666666666667,0.44952380952380966
S25_ma_8_40,25,ma_8_40,55,QQQ,4,84,2026-03-31,2026-07-30,30,0.18559408841879899,0.07257396913508152,0.0,0.24921045934541178,-0.10441642507940863,-0.11302011928371748,0.4666666666666667,0.2,2.9,0.2694444444444445
S25_ma_8_40,25,ma_8_40,56,SOX,3,63,2025-10-14,2026-01-13,29,0.19624523269158112,0.11328543407682497,0.02786592120503073,0.8999950014392881,-0.10485646854470569,-0.08295979861475614,0.6206896551724138,0.3103448275862069,2.103448275862069,0.3743842364532019
S25_ma_8_40,25,ma_8_40,57,SOX,4,84,2026-02-25,2026-06-25,30,0.7007670678766698,0.12708699346284316,0.03941623827999852,0.6048260119063703,-0.13843499668180084,-0.5736800744138267,0.5666666666666667,0.0,3.6666666666666665,0.2912698412698413
S25_ma_8_40,25,ma_8_40,58,SOX,2,42,2026-01-27,2026-03-26,30,-0.06274182234420844,0.027673753737690137,0.0,0.44116848768343625,-0.09224496523701904,0.09041557608189858,0.4666666666666667,0.8333333333333334,2.0,0.3349206349206349
S25_ma_8_40,25,ma_8_40,59,QQQ,2,42,2026-02-25,2026-04-24,30,0.07789633293399012,-0.01263956242837701,0.0,-0.3864322310025933,-0.06598687487191493,-0.09053589536236714,0.26666666666666666,0.06666666666666667,1.5,0.25
S25_ma_8_40,25,ma_8_40,60,QQQ,4,84,2025-11-13,2026-03-17,30,-0.007088680956395477,0.012995462136869347,0.0,0.10249295446349077,-0.10476506613779686,0.020084143093264825,0.43333333333333335,0.6,3.3,0.3992063492063493
S25_ma_8_40,25,ma_8_40,61,QQQ,4,84,2026-01-09,2026-05-11,30,0.1396941553755362,-0.013710614823839229,0.0,-0.2523969512868159,-0.10569718951000517,-0.15340477019937543,0.36666666666666664,0.1,2.933333333333333,0.24365079365079367
S25_ma_8_40,25,ma_8_40,62,QQQ,5,105,2025-10-03,2026-03-05,30,0.010800245974853073,0.013665401484839539,-0.021221138177139276,-0.16258800800612724,-0.10892424764521776,0.002865155509986465,0.3333333333333333,0.3,3.7666666666666666,0.29714285714285715
S25_ma_8_40,25,ma_8_40,63,SOX,1,21,2026-02-05,2026-03-06,30,-0.022126048821570543,-0.003757249401556347,0.0,-0.7707843622205074,-0.08743186772690124,0.018368799420014195,0.2,0.6666666666666666,1.2666666666666666,0.4238095238095238
S25_ma_8_40,25,ma_8_40,64,SOX,1,21,2026-03-27,2026-04-27,30,0.4078458770475448,0.13454716054961313,0.04407060917240324,3.037941368252687,-0.03055661395077839,-0.2732987164979317,0.5666666666666667,0.1,1.0,0.41428571428571426
S25_ma_8_40,25,ma_8_40,65,SOX,6,126,2026-01-08,2026-07-10,30,0.8210602431107561,0.2701259532479677,0.1739868420456857,0.9213655175051684,-0.14790946515433828,-0.5509342898627884,0.7333333333333333,0.1,4.3,0.3298941798941799
S25_ma_8_40,25,ma_8_40,66,SOX,1,21,2026-01-29,2026-02-27,30,-0.024478772624997536,0.02325987202340157,0.0,0.4084325151243919,-0.051763671410815525,0.0477386446483991,0.3333333333333333,0.8333333333333334,1.0666666666666667,0.4238095238095238
S25_ma_8_40,25,ma_8_40,67,QQQ,3,63,2026-02-18,2026-05-18,30,0.16669142626710487,-0.007479630086531686,0.0,-0.10447050341344978,-0.0852568481979091,-0.17417105635363658,0.36666666666666664,0.0,1.9666666666666666,0.2756613756613756
S25_ma_8_40,25,ma_8_40,68,SOX,1,21,2026-01-20,2026-02-18,30,0.06097524088418327,0.06308541829685507,0.027064250526578237,1.3320349570367682,-0.07568249086806836,0.00211017741267181,0.5666666666666667,0.4666666666666667,1.4,0.592063492063492
S25_ma_8_40,25,ma_8_40,69,QQQ,6,126,2025-11-19,2026-05-21,30,0.19414664283890737,0.026058452310535992,0.0,-0.12195689299956532,-0.12054098424789729,-0.1680881905283714,0.43333333333333335,0.06666666666666667,3.433333333333333,0.2566137566137566
S25_ma_8_40,25,ma_8_40,70,SOX,2,42,2025-11-10,2026-01-09,30,0.09027061642213963,0.040544710424742364,0.015828388398529847,0.7697864146278043,-0.09542887445122267,-0.04972590599739726,0.5666666666666667,0.26666666666666666,1.5,0.42460317460317465
S25_ma_8_40,25,ma_8_40,71,QQQ,5,105,2026-02-02,2026-07-02,30,0.1407713430791815,0.02119767035304834,0.0,-0.08253938432561499,-0.10836635101801952,-0.11957367272613315,0.4,0.26666666666666666,3.2666666666666666,0.22285714285714284
S25_ma_8_40,25,ma_8_40,72,SOX,1,21,2025-10-21,2025-11-18,30,-0.049256753584851376,0.01078821654892487,0.0,-0.28137974688558576,-0.03959607543583417,0.060044970133776236,0.13333333333333333,0.8,0.4666666666666667,0.2492063492063492
S25_ma_8_40,25,ma_8_40,73,SOX,1,21,2025-10-01,2025-10-29,29,0.12035899005813211,0.011761989938508867,0.0,0.4552027975706975,-0.06320661406698444,-0.10859700011962321,0.3793103448275862,0.10344827586206896,1.5517241379310345,0.3891625615763547
S25_ma_8_40,25,ma_8_40,74,SOX,5,105,2025-09-30,2026-03-02,30,0.3004050605141946,0.21243565218761334,0.16433210808945642,1.01615034882694,-0.13285299754277166,-0.08796940832658123,0.6666666666666666,0.3333333333333333,4.666666666666667,0.4034920634920634
S25_ma_8_40,25,ma_8_40,75,SOX,5,105,2025-12-17,2026-05-19,30,0.7426147109287915,0.2732652026707178,0.19018292844595486,1.0198962120287882,-0.13956920913536283,-0.4693495082580736,0.8,0.13333333333333333,4.033333333333333,0.40095238095238095
S25_ma_8_40,25,ma_8_40,76,SOX,6,126,2025-10-07,2026-04-08,30,0.31663008850172214,0.24941235510444268,0.1096082379162463,0.7951570798737083,-0.14341364645901933,-0.06721773339727947,0.6666666666666666,0.3333333333333333,5.066666666666666,0.3515873015873016
S25_ma_8_40,25,ma_8_40,77,QQQ,4,84,2025-10-13,2026-02-11,30,0.019750423177563592,0.016381121148468666,-0.02700571310167632,0.11183251558953394,-0.10283018843437465,-0.0033693020290949264,0.36666666666666664,0.3,3.3,0.3345238095238095
S25_ma_8_40,25,ma_8_40,78,QQQ,2,42,2026-06-05,2026-08-05,30,0.01847825578285578,0.04352585623580596,0.01880518672163789,0.7089704436578621,-0.0518632292231163,0.02504760045295019,0.6,0.5,1.8,0.36958525345622123
S25_ma_8_40,25,ma_8_40,79,SOX,3,63,2026-02-18,2026-05-18,30,0.38627475867734296,0.08089542299777071,0.014235598741960231,0.6761090258004925,-0.1257787944087482,-0.3053793356795722,0.5666666666666667,0.06666666666666667,2.566666666666667,0.3444444444444444
S25_ma_8_40,25,ma_8_40,80,SOX,5,105,2025-12-26,2026-05-28,30,0.8619162861532652,0.2762963234313586,0.19423180095743553,1.2325565346406917,-0.13992752839178554,-0.5856199627219066,0.8,0.03333333333333333,4.133333333333334,0.38
S25_ma_8_40,25,ma_8_40,81,QQQ,2,42,2026-05-04,2026-07-02,30,0.06019361510389598,0.08686572832386688,0.0,0.9292237409890544,-0.06207771648666071,0.026672113219970917,0.43333333333333335,0.3,1.4,0.2912698412698413
S25_ma_8_40,25,ma_8_40,82,QQQ,4,84,2026-02-20,2026-06-22,30,0.21498093957087772,-0.0510152843512135,-0.04481345483373905,-0.8892304392729272,-0.11763196108486525,-0.26599622392209116,0.2,0.0,2.7666666666666666,0.198015873015873
S25_ma_8_40,25,ma_8_40,83,QQQ,4,84,2025-12-02,2026-04-02,30,-0.057118550873622276,-0.006914671891399878,0.0,-0.36032248090460156,-0.08866614017773847,0.0502038789822224,0.43333333333333335,0.7333333333333333,3.3,0.28809523809523807
S25_ma_8_40,25,ma_8_40,84,QQQ,2,42,2026-03-17,2026-05-14,30,0.19457252590062257,0.02755555831624675,0.0,-0.2500176181794482,-0.055303748019420756,-0.16701696758437584,0.3333333333333333,0.06666666666666667,1.4333333333333333,0.2349206349206349
S25_ma_8_40,25,ma_8_40,85,SOX,6,126,2025-10-27,2026-04-28,30,0.44574938095338723,0.1795523276027477,0.08409219179988547,0.6032182896189735,-0.1556210958540105,-0.26619705335063953,0.6666666666666666,0.16666666666666666,4.833333333333333,0.3468253968253968
S25_ma_8_40,25,ma_8_40,86,QQQ,1,21,2026-06-08,2026-07-08,30,-0.00537399613557632,0.01603968284075478,0.0,0.9636979041022694,-0.03140551808059452,0.0214136789763311,0.3333333333333333,0.8,1.2,0.3349206349206349
S25_ma_8_40,25,ma_8_40,87,SOX,1,21,2026-02-09,2026-03-10,30,-0.03957255615262434,-0.023458779835093514,-0.02809071057104856,-1.171216351883491,-0.09255985926275077,0.016113776317530824,0.1,0.5666666666666667,1.4666666666666666,0.434920634920635
S25_ma_8_40,25,ma_8_40,88,QQQ,4,84,2026-01-22,2026-05-21,30,0.1524759147743775,0.008661835432857035,-0.00916223773382957,-0.1713251852281834,-0.09018438983207538,-0.14381407934152046,0.36666666666666664,0.1,2.4,0.18849206349206352
S25_ma_8_40,25,ma_8_40,89,SOX,6,126,2026-01-02,2026-07-06,30,0.8557958290728414,0.2655488457119683,0.21097115975179825,1.139717676949824,-0.14622556708517465,-0.5902469833608731,0.7333333333333333,0.1,4.366666666666666,0.3362433862433862
S25_ma_8_40,25,ma_8_40,90,QQQ,4,84,2025-12-12,2026-04-15,30,0.04140347556509405,-0.007358652247662371,-0.02379531505620386,-0.6674208603436652,-0.09477707557036498,-0.04876212781275642,0.3,0.26666666666666666,2.466666666666667,0.298015873015873
S25_ma_8_40,25,ma_8_40,91,QQQ,2,42,2026-05-22,2026-07-23,30,-0.034589769289133265,-0.013459221939496783,0.003979950981298996,0.0067284578358219735,-0.10107109856059207,0.021130547349636482,0.5,0.7,1.7333333333333334,0.40593149540517964
S25_ma_8_40,25,ma_8_40,92,QQQ,3,63,2026-03-27,2026-06-26,30,0.2572370319596864,0.04285492264774171,0.0,0.22297322602878075,-0.09690279153743332,-0.21438210931194465,0.4,0.1,2.433333333333333,0.2698412698412698
S25_ma_8_40,25,ma_8_40,93,QQQ,4,84,2026-01-26,2026-05-26,30,0.1690609295520853,0.06769949355710433,0.0,0.34597537160189534,-0.09170257803113202,-0.10136143599498094,0.4666666666666667,0.26666666666666666,2.4,0.24801587301587302
S25_ma_8_40,25,ma_8_40,94,QQQ,2,42,2025-11-21,2026-01-23,30,0.056692110332060563,0.00012673645544761803,-0.006728890432696588,-0.222481939799804,-0.054708208869540836,-0.05656537387661295,0.26666666666666666,0.16666666666666666,1.5333333333333334,0.3920634920634921
S25_ma_8_40,25,ma_8_40,95,QQQ,2,42,2026-04-28,2026-06-26,30,0.07565423432275487,0.018315819238276066,0.0,0.12551866545206197,-0.059077060690715416,-0.057338415084478796,0.26666666666666666,0.06666666666666667,1.4,0.19285714285714287
S25_ma_8_40,25,ma_8_40,96,QQQ,2,42,2025-11-25,2026-01-27,30,0.037860923421893844,0.040832302143499595,0.0,0.21621362528800106,-0.05617398357479687,0.002971378721605748,0.3333333333333333,0.23333333333333334,1.4,0.38730158730158737
S25_ma_8_40,25,ma_8_40,97,QQQ,6,126,2025-10-02,2026-04-02,30,-0.03179266278202153,-0.031785842718597766,-0.031676772912980156,-0.4149762082668222,-0.12597972221989834,6.820063423762513e-06,0.26666666666666666,0.5,4.466666666666667,0.2547619047619048
S25_ma_8_40,25,ma_8_40,98,QQQ,3,63,2025-10-17,2026-01-16,30,0.03002075916508118,0.003402757020391752,-0.0032175678303109634,-0.34390507263927017,-0.08238351572368477,-0.026618002144689425,0.3,0.23333333333333334,2.533333333333333,0.29523809523809524
S25_ma_8_40,25,ma_8_40,99,SOX,2,42,2026-01-14,2026-03-16,30,0.017866788219712992,0.033565651031278225,0.00010832993809473113,0.2412243164663503,-0.09190271560418951,0.015698862811565236,0.5,0.43333333333333335,1.8666666666666667,0.39126984126984127
S26_ma_12_26,26,ma_12_26,0,QQQ,6,126,2025-11-05,2026-05-07,30,0.11781657461604356,-0.006651844392921117,-0.0069261988765234594,-0.1663996166755217,-0.1201371780350959,-0.12446841900896467,0.4666666666666667,0.16666666666666666,4.866666666666666,0.24735449735449733
S26_ma_12_26,26,ma_12_26,1,QQQ,4,84,2026-02-13,2026-06-15,30,0.23760332363516246,0.06664156944867007,-0.0038554275752743505,0.17762721082029823,-0.08210832558880067,-0.1709617541864924,0.3333333333333333,0.16666666666666666,2.533333333333333,0.2492063492063492
S26_ma_12_26,26,ma_12_26,2,SOX,3,63,2025-11-19,2026-02-20,30,0.27820970983950777,0.10479666312485356,0.0,0.6593815956484583,-0.10620657961331384,-0.17341304671465424,0.4666666666666667,0.23333333333333334,2.5,0.42962962962962953
S26_ma_12_26,26,ma_12_26,3,QQQ,1,21,2026-04-14,2026-05-12,30,0.12510347332089378,0.025613140759919707,0.0,0.18716045988789773,-0.04127066566757516,-0.09949033256097405,0.3,0.1,0.7,0.25079365079365085
S26_ma_12_26,26,ma_12_26,4,QQQ,3,63,2025-10-27,2026-01-27,30,0.006134586980658385,0.007374301985710833,0.0,-0.010219325623615338,-0.07152652827977123,0.0012397150050524478,0.4666666666666667,0.4666666666666667,3.1,0.3322751322751322
S26_ma_12_26,26,ma_12_26,5,QQQ,1,21,2026-02-05,2026-03-06,30,0.004555833632297501,-0.004473667185132372,0.0,-0.4858104581594279,-0.033964478236930704,-0.009029500817429873,0.16666666666666666,0.16666666666666666,1.0333333333333334,0.2507936507936508
S26_ma_12_26,26,ma_12_26,6,QQQ,2,42,2025-11-20,2026-01-22,30,0.06127985465491781,0.00868621708680009,0.0,-0.2040151295663267,-0.05247466713420922,-0.05259363756811772,0.3333333333333333,0.13333333333333333,1.9,0.3682539682539681
S26_ma_12_26,26,ma_12_26,7,SOX,1,21,2026-01-12,2026-02-10,30,0.0638111573646396,0.06013475387650344,0.010324633284374163,1.4207343154333247,-0.05642632299216,-0.003676403488136167,0.5666666666666667,0.26666666666666666,1.3333333333333333,0.4857142857142857
S26_ma_12_26,26,ma_12_26,8,QQQ,1,21,2026-01-30,2026-03-02,30,-0.02215890734182835,0.0017563474570182814,0.0,0.050010082643681245,-0.023521327773842728,0.02391525479884663,0.23333333333333334,0.8333333333333334,0.8333333333333334,0.20634920634920637
S26_ma_12_26,26,ma_12_26,9,QQQ,3,63,2025-12-08,2026-03-10,30,-0.025192084097121592,0.00445080787657283,0.0,-0.07060222049283574,-0.06876442984486415,0.02964289197369442,0.36666666666666664,0.6333333333333333,2.3666666666666667,0.316931216931217
S26_ma_12_26,26,ma_12_26,10,QQQ,6,126,2025-12-17,2026-06-18,30,0.23667058960965948,0.1178883741504639,0.022371220509934675,0.41891061809493724,-0.10620032373539191,-0.11878221545919558,0.6,0.23333333333333334,5.5,0.2560846560846561
S26_ma_12_26,26,ma_12_26,11,QQQ,6,126,2025-11-06,2026-05-08,30,0.1657335623806162,0.020451233162712974,-0.001734280921227016,-0.11741218346333464,-0.12316298794049858,-0.14528232921790324,0.43333333333333335,0.1,4.333333333333333,0.278042328042328
S26_ma_12_26,26,ma_12_26,12,QQQ,1,21,2026-02-06,2026-03-09,30,-0.0031001579933559453,0.010967481601921533,0.0,0.510300597931069,-0.016466044448663796,0.014067639595277478,0.3,0.9333333333333333,0.7,0.23015873015873015
S26_ma_12_26,26,ma_12_26,13,QQQ,6,126,2025-11-20,2026-05-22,30,0.228286228145548,0.07716217869944621,0.00377503157444925,0.22991164632726388,-0.12598564577529522,-0.15112404944610178,0.5666666666666667,0.13333333333333333,4.5,0.27777777777777773
S26_ma_12_26,26,ma_12_26,14,SOX,1,21,2025-10-22,2025-11-19,29,-0.008869215654012219,0.03990589349530118,0.0,0.38942462005816136,-0.02704793924846705,0.0487751091493134,0.2413793103448276,0.896551724137931,0.6551724137931034,0.20032840722495895
S26_ma_12_26,26,ma_12_26,15,QQQ,6,126,2026-01-29,2026-07-30,30,0.08854690776025209,0.032671865136256154,0.004991064631322151,0.2671309976732303,-0.12160053054633102,-0.05587504262399593,0.5333333333333333,0.26666666666666666,4.466666666666667,0.24153439153439155
S26_ma_12_26,26,ma_12_26,16,QQQ,5,105,2026-02-23,2026-07-23,30,0.15327972555028646,-0.008877721807730329,-0.019684834253485994,-0.34340071881430234,-0.12631243839076692,-0.1621574473580168,0.4,0.1,3.533333333333333,0.24825396825396828
S26_ma_12_26,26,ma_12_26,17,QQQ,4,84,2026-02-27,2026-06-29,30,0.19512872792465275,-0.003614287639900234,-0.024399230481239376,-0.2157169579086546,-0.10016951260261432,-0.198743015564553,0.36666666666666664,0.03333333333333333,3.033333333333333,0.24761904761904763
S26_ma_12_26,26,ma_12_26,18,QQQ,5,105,2025-11-07,2026-04-10,30,0.004737772366905979,0.026940467534773988,0.008638573501411395,0.15088898602092474,-0.09085527806885053,0.02220269516786801,0.5333333333333333,0.5,4.866666666666666,0.3203174603174604
S26_ma_12_26,26,ma_12_26,19,QQQ,1,21,2026-05-19,2026-06-17,30,0.029905974531869495,0.004500762163150981,0.0,-0.7470297004823869,-0.05862970799119198,-0.025405212368718514,0.23333333333333334,0.13333333333333333,0.9666666666666667,0.30952380952380953
S26_ma_12_26,26,ma_12_26,20,QQQ,6,126,2025-12-05,2026-06-08,30,0.14775319061584047,0.010824416785481798,-0.01224384820803115,-0.43182697304760354,-0.12046806698591168,-0.13692877383035867,0.36666666666666664,0.16666666666666666,4.2,0.20925925925925923
S26_ma_12_26,26,ma_12_26,21,SOX,5,105,2025-11-21,2026-04-24,30,0.7079390965614893,0.18935451187643643,0.10400744892545366,0.9337470643082522,-0.15531858259083867,-0.5185845846850529,0.7,0.1,4.733333333333333,0.3526984126984126
S26_ma_12_26,26,ma_12_26,22,SOX,6,126,2025-11-04,2026-05-06,30,0.7144582538734068,0.15246239438037923,0.06289386740634784,0.581642529532658,-0.15709986881824686,-0.5619958594930275,0.6666666666666666,0.03333333333333333,5.066666666666666,0.298941798941799
S26_ma_12_26,26,ma_12_26,23,SOX,6,126,2026-01-27,2026-07-28,30,0.40137947130129015,0.13471932281087015,0.037408473999595904,0.5601400770596032,-0.1464092099971375,-0.26666014849041997,0.6333333333333333,0.13333333333333333,4.4,0.25820105820105815
S26_ma_12_26,26,ma_12_26,24,QQQ,1,21,2025-12-03,2026-01-02,30,-0.015412671304710357,-0.014106028691834367,-0.002529746367993857,-1.172032335590955,-0.045361959003834156,0.0013066426128759893,0.16666666666666666,0.5333333333333333,1.2,0.4222222222222222
S26_ma_12_26,26,ma_12_26,25,QQQ,5,105,2026-03-04,2026-08-03,30,0.14895309054283024,0.10499655289808624,0.052599576752073274,0.5569532954997657,-0.12310163169131481,-0.043956537644743984,0.5666666666666667,0.23333333333333334,3.933333333333333,0.3034920634920635
S26_ma_12_26,26,ma_12_26,26,QQQ,6,126,2025-10-13,2026-04-14,30,0.04683226091040038,-0.0197515075564421,-0.023461339378574697,-0.20037160210194715,-0.13036508640831357,-0.06658376846684248,0.36666666666666664,0.26666666666666666,5.5,0.2521164021164021
S26_ma_12_26,26,ma_12_26,27,SOX,1,21,2026-04-20,2026-05-18,30,0.18757037987730718,0.06888795735393442,0.006522652845442067,1.4548408754325028,-0.08263563024227004,-0.11868242252337279,0.5333333333333333,0.2,1.2666666666666666,0.5714285714285714
S26_ma_12_26,26,ma_12_26,28,QQQ,2,42,2025-12-26,2026-02-26,30,-0.0234817829645505,0.009956427804712724,0.0,0.00031634998667276666,-0.054545838796876266,0.033438210769263225,0.36666666666666664,0.6,1.9333333333333333,0.33412698412698416
S26_ma_12_26,26,ma_12_26,29,QQQ,4,84,2025-10-24,2026-02-25,30,0.0006069227310132597,-0.02848207667308936,-0.034948679752227596,-0.3203472768582627,-0.09573512734366162,-0.02908899940410262,0.3333333333333333,0.3333333333333333,3.6333333333333333,0.3154761904761905
S26_ma_12_26,26,ma_12_26,30,QQQ,6,126,2025-12-10,2026-06-11,30,0.14553515505929093,0.028544714876519193,0.003961019753862427,-0.047656891905229294,-0.12287117203051984,-0.11699044018277173,0.5666666666666667,0.2,5.1,0.26798941798941806
S26_ma_12_26,26,ma_12_26,31,QQQ,1,21,2026-05-20,2026-06-18,30,0.03851920725354496,-0.007263584991328331,0.0,-0.23039024339263006,-0.05391327784722764,-0.0457827922448733,0.23333333333333334,0.1,0.6666666666666666,0.2507936507936508
S26_ma_12_26,26,ma_12_26,32,SOX,4,84,2025-11-24,2026-03-26,30,0.16566928697543415,0.09284442008737948,0.019266291487705645,0.447639854787594,-0.12674447882265802,-0.07282486688805466,0.5333333333333333,0.26666666666666666,3.533333333333333,0.4007936507936508
S26_ma_12_26,26,ma_12_26,33,SOX,1,21,2026-05-05,2026-06-03,30,0.27541269967867743,0.08248314965896929,0.0,1.397068295154079,-0.056411857807415595,-0.1929295500197081,0.43333333333333335,0.13333333333333333,1.1,0.3587301587301587
S26_ma_12_26,26,ma_12_26,34,QQQ,5,105,2025-12-24,2026-05-27,30,0.1705957843533703,-0.02601014554966853,-0.042150270293533576,-0.5295900145457555,-0.12059425508852092,-0.19660592990303888,0.3,0.1,3.9,0.2444444444444444
S26_ma_12_26,26,ma_12_26,35,QQQ,5,105,2026-01-23,2026-06-24,30,0.14384950400889718,0.03458043327613168,0.018355182074542897,0.17767667906649723,-0.12499612111823186,-0.1092690707327655,0.5333333333333333,0.13333333333333333,3.8666666666666667,0.24888888888888897
S26_ma_12_26,26,ma_12_26,36,SOX,4,84,2026-03-26,2026-07-27,30,0.5705492764498161,0.25389776460325175,0.1930435239468241,1.503334627910596,-0.10530968348021877,-0.31665151184656437,0.7,0.13333333333333333,2.2666666666666666,0.3075396825396825
S26_ma_12_26,26,ma_12_26,37,SOX,5,105,2025-12-16,2026-05-18,30,0.6751366796000784,0.22792522731014386,0.08220480093723392,0.999837716808017,-0.14506743034549294,-0.4472114522899346,0.7666666666666667,0.13333333333333333,4.566666666666666,0.4222222222222222
S26_ma_12_26,26,ma_12_26,38,SOX,6,126,2025-12-19,2026-06-23,30,1.0147709295340634,0.30413582408109413,0.25116951765251494,1.2236473913842156,-0.1589281958252536,-0.7106351054529694,0.8,0.06666666666666667,5.4,0.38227513227513227
S26_ma_12_26,26,ma_12_26,39,QQQ,3,63,2025-10-01,2025-12-30,30,0.0281443024583361,0.006362042983834038,0.0,0.15153497963263352,-0.07638190829983202,-0.021782259474502064,0.3333333333333333,0.3,2.3333333333333335,0.2862433862433863
S26_ma_12_26,26,ma_12_26,40,QQQ,6,126,2025-12-09,2026-06-10,30,0.11264640495639355,0.03897928732083821,0.017559035385582455,-0.0073063457402631465,-0.10018621510196418,-0.07366711763555532,0.5,0.2,4.133333333333334,0.23597883597883593
S26_ma_12_26,26,ma_12_26,41,SOX,2,42,2026-06-02,2026-07-31,30,-0.1651023830072499,-0.02488273205290679,0.0,0.10524940367377056,-0.07493634080816536,0.14021965095434308,0.23333333333333334,0.8666666666666667,1.4666666666666666,0.10476190476190478
S26_ma_12_26,26,ma_12_26,42,QQQ,5,105,2025-12-30,2026-06-01,30,0.2005821725652166,0.09571876608539932,0.049777173340599945,0.5520390074791738,-0.12145293555602092,-0.10486340647981726,0.6333333333333333,0.2,4.166666666666667,0.3152380952380952
S26_ma_12_26,26,ma_12_26,43,QQQ,3,63,2025-10-06,2026-01-05,30,0.01822612687042291,-0.02039393255085964,-0.00954274046839887,-0.3224401899449801,-0.0881073561035957,-0.03862005942128255,0.3333333333333333,0.3,3.1,0.31587301587301586
S26_ma_12_26,26,ma_12_26,44,QQQ,5,105,2026-01-27,2026-06-26,30,0.12209575831893438,0.03097580963696248,-0.0046876661679626785,-0.09126771149761662,-0.11810700666029529,-0.09111994868197189,0.43333333333333335,0.2,3.566666666666667,0.20190476190476192
S26_ma_12_26,26,ma_12_26,45,SOX,2,42,2026-03-31,2026-05-29,30,0.7315160251565831,0.26471597890823617,0.2220339244976366,2.8429354353148297,-0.08403042888107323,-0.4668000462483469,0.7,0.1,1.5,0.49444444444444446
S26_ma_12_26,26,ma_12_26,46,QQQ,2,42,2026-02-20,2026-04-21,30,0.05967785940352188,-0.026867902954981645,-0.005843370253116764,-0.549259689692456,-0.06530844344939342,-0.08654576235850354,0.16666666666666666,0.1,1.6333333333333333,0.2253968253968254
S26_ma_12_26,26,ma_12_26,47,SOX,3,63,2025-12-29,2026-03-30,30,0.015265534100073808,0.06355715123383453,0.003972596972480202,0.22322828886993124,-0.12812402459653255,0.04829161713376072,0.5,0.4,3.2666666666666666,0.3634920634920634
S26_ma_12_26,26,ma_12_26,48,QQQ,4,84,2025-10-10,2026-02-10,30,0.03860517344613834,-0.00010267825146345055,0.0,-0.5388004086988811,-0.08190435552980761,-0.0387078516976018,0.3333333333333333,0.2,3.5,0.2519841269841269
S26_ma_12_26,26,ma_12_26,49,SOX,4,84,2026-01-23,2026-05-22,30,0.5597491266618595,0.1694495874333852,0.08414296183097836,0.7891929838147889,-0.13990859361217858,-0.3902995392284744,0.7333333333333333,0.1,4.2,0.33888888888888885
S26_ma_12_26,26,ma_12_26,50,SOX,3,63,2025-12-22,2026-03-24,30,0.12305849472156716,0.06284901011200482,0.020303088610976183,0.40872105612727766,-0.11040527516148604,-0.06020948460956236,0.5666666666666667,0.3,3.066666666666667,0.3772486772486772
S26_ma_12_26,26,ma_12_26,51,QQQ,1,21,2026-04-13,2026-05-11,30,0.15533123110812963,0.04717509190475936,0.0,1.0096008649365007,-0.044811883174091335,-0.10815613920337028,0.36666666666666664,0.16666666666666666,0.9666666666666667,0.40476190476190477
S26_ma_12_26,26,ma_12_26,52,QQQ,4,84,2025-10-16,2026-02-17,30,0.003474515185114768,0.00416279588112547,0.0,0.048110874036206605,-0.06922183378932144,0.0006882806960107013,0.43333333333333335,0.43333333333333335,2.6666666666666665,0.26150793650793647
S26_ma_12_26,26,ma_12_26,53,SOX,2,42,2025-10-28,2025-12-26,30,0.006695365973443446,-0.009196934533726253,-0.00608183037434501,-0.5273370902683162,-0.07790621188656113,-0.0158923005071697,0.2,0.2,1.4333333333333333,0.24841269841269842
S26_ma_12_26,26,ma_12_26,54,QQQ,2,42,2026-01-22,2026-03-23,30,-0.05157958258418882,-0.022200276655659615,0.0,-0.6866890434581666,-0.05269156814493854,0.029379305928529206,0.2,0.7333333333333333,1.6,0.16349206349206347
S26_ma_12_26,26,ma_12_26,55,SOX,3,63,2025-10-08,2026-01-07,29,0.11602532027090895,0.040433722291263303,0.0,0.30146832310093785,-0.0997316930171977,-0.07559159797964567,0.4482758620689655,0.2413793103448276,2.8275862068965516,0.26655719759168034
S26_ma_12_26,26,ma_12_26,56,QQQ,5,105,2026-02-13,2026-07-16,30,0.17558307182151967,0.026780755744872868,-0.0018190399325923035,0.16230006455817436,-0.13345181846520832,-0.14880231607664682,0.4666666666666667,0.06666666666666667,3.7666666666666666,0.27777777777777785
S26_ma_12_26,26,ma_12_26,57,QQQ,2,42,2026-03-31,2026-05-29,30,0.2791676935415708,0.04728381641709422,0.0,0.5583773226808536,-0.06055370861458696,-0.23188387712447658,0.3,0.13333333333333333,1.3333333333333333,0.2087301587301587
S26_ma_12_26,26,ma_12_26,58,SOX,3,63,2025-11-10,2026-02-10,30,0.16538048466130073,0.03344438619985232,0.0,0.26248534503600485,-0.11918324765171644,-0.1319360984614484,0.4666666666666667,0.2,2.533333333333333,0.3677248677248677
S26_ma_12_26,26,ma_12_26,59,QQQ,1,21,2026-01-27,2026-02-25,30,-0.02289543261366367,5.0794026654469676e-05,0.0,0.13317303044711304,-0.017275637216743703,0.02294622664031814,0.2,0.9,0.7333333333333333,0.1619047619047619
S26_ma_12_26,26,ma_12_26,60,SOX,5,105,2026-03-04,2026-08-03,30,0.48806584406312936,0.12790235210137724,0.05387889279684288,0.6103011817884509,-0.1141389661514596,-0.36016349196175207,0.7,0.1,3.7333333333333334,0.22634920634920633
S26_ma_12_26,26,ma_12_26,61,SOX,3,63,2025-11-12,2026-02-12,30,0.17467552303673117,0.07905362902792253,0.0053013472279449525,0.5586564778590372,-0.11772485424830377,-0.09562189400880866,0.5,0.3,3.033333333333333,0.419047619047619
S26_ma_12_26,26,ma_12_26,62,QQQ,6,126,2025-10-27,2026-04-28,30,0.04957459035132139,0.005607583054486609,0.005529415659227821,-0.08216898357201388,-0.1427540843079789,-0.04396700729683478,0.5,0.4,5.9,0.3121693121693122
S26_ma_12_26,26,ma_12_26,63,QQQ,6,126,2026-01-26,2026-07-27,30,0.09316443448298051,0.006577197376161078,0.0,0.015132358529822894,-0.1304668526139211,-0.08658723710681943,0.4666666666666667,0.16666666666666666,4.833333333333333,0.2288359788359788
S26_ma_12_26,26,ma_12_26,64,SOX,6,126,2025-12-02,2026-06-03,30,1.0372538641346893,0.22497860491537242,0.12935034130895307,0.7763279659997658,-0.15992287790364373,-0.812275259219317,0.7333333333333333,0.03333333333333333,5.166666666666667,0.37460317460317466
S26_ma_12_26,26,ma_12_26,65,QQQ,6,126,2025-10-14,2026-04-15,30,0.06860527710837205,-0.025708152614564345,-0.03825056692196466,-0.5458516928361867,-0.13643708379177363,-0.09431342972293641,0.36666666666666664,0.16666666666666666,5.6,0.278042328042328
S26_ma_12_26,26,ma_12_26,66,SOX,4,84,2025-12-17,2026-04-20,30,0.4648081147109824,0.24841418238790508,0.13900332993631115,1.1869344121832839,-0.10700117573223165,-0.21639393232307735,0.7333333333333333,0.2,3.7,0.35992063492063486
S26_ma_12_26,26,ma_12_26,67,QQQ,2,42,2025-09-30,2025-11-26,30,0.023152413260205007,-0.01219745109004294,0.0,-0.22450422935118652,-0.04207539756591608,-0.03534986435024794,0.16666666666666666,0.13333333333333333,1.2333333333333334,0.21111111111111108
S26_ma_12_26,26,ma_12_26,68,QQQ,3,63,2026-03-03,2026-06-01,30,0.23620562778575316,0.014607625268544526,-0.025909970497458523,-0.7058341614528518,-0.08592901950647032,-0.22159800251720868,0.4,0.06666666666666667,2.7333333333333334,0.26031746031746034
S26_ma_12_26,26,ma_12_26,69,SOX,5,105,2026-02-12,2026-07-15,30,0.5814393888363869,0.14788400778342653,0.0629121842159609,0.515063354129181,-0.11556978197499493,-0.4335553810529603,0.6333333333333333,0.1,3.2333333333333334,0.2206349206349206
S26_ma_12_26,26,ma_12_26,70,QQQ,3,63,2025-12-18,2026-03-20,30,-0.04317785435836541,0.016273079358380137,0.0,0.10563192528345047,-0.08177438682375576,0.059450933716745556,0.43333333333333335,0.7666666666666667,2.6333333333333333,0.32592592592592584
S26_ma_12_26,26,ma_12_26,71,SOX,6,126,2025-09-30,2026-03-31,30,0.21475486018449463,0.09736583239502264,0.019266291487705645,0.1147692449713747,-0.17181288861698701,-0.11738902778947201,0.5333333333333333,0.2,5.6,0.33359788359788356
S26_ma_12_26,26,ma_12_26,72,SOX,4,84,2026-02-04,2026-06-04,30,0.8254473723219085,0.21051652553223665,0.11700419545746887,1.060840064530918,-0.12548227843567858,-0.6149308467896719,0.7,0.06666666666666667,4.033333333333333,0.3087301587301587
S26_ma_12_26,26,ma_12_26,73,QQQ,6,126,2026-01-28,2026-07-29,30,0.04749147748901561,0.035977489358425284,0.00392573445293154,0.12616789803072834,-0.1250520311942814,-0.011513988130590328,0.5,0.3333333333333333,4.266666666666667,0.224074074074074
S26_ma_12_26,26,ma_12_26,74,QQQ,3,63,2026-03-04,2026-06-02,30,0.22325153223669747,0.012940243306660796,0.0,-0.2171767646168001,-0.07881354425383512,-0.21031128893003667,0.3,0.1,1.9666666666666666,0.20476190476190476
S26_ma_12_26,26,ma_12_26,75,QQQ,2,42,2025-10-01,2025-11-28,30,0.026523107937029167,0.009777429264901445,0.0,0.39504718977638126,-0.04765441152103326,-0.01674567867212772,0.3333333333333333,0.3,1.6333333333333333,0.24761904761904763
S26_ma_12_26,26,ma_12_26,76,SOX,2,42,2025-11-13,2026-01-14,30,0.14861522423376083,0.021314570972722515,0.0,0.04521817655504295,-0.0834995138684253,-0.1273006532610383,0.43333333333333335,0.16666666666666666,1.9666666666666666,0.38492063492063483
S26_ma_12_26,26,ma_12_26,77,SOX,5,105,2026-02-27,2026-07-29,30,0.32137568720837417,0.11718456874374522,0.0693113155353704,0.6605662369614074,-0.1325362532063526,-0.20419111846462895,0.7,0.13333333333333333,4.366666666666666,0.24126984126984125
S26_ma_12_26,26,ma_12_26,78,QQQ,1,21,2026-04-01,2026-04-30,30,0.14278373359506902,0.06110814141585209,0.0,0.9198566893341779,-0.028002900699460306,-0.08167559217921694,0.3,0.1,0.7,0.2523809523809524
S26_ma_12_26,26,ma_12_26,79,QQQ,5,105,2025-12-23,2026-05-26,30,0.1753563087449559,0.07048401833233685,0.02214642418013446,0.05156932340107076,-0.10321267957477133,-0.10487229041261902,0.5666666666666667,0.23333333333333334,4.266666666666667,0.2755555555555555
S26_ma_12_26,26,ma_12_26,80,SOX,4,84,2026-03-09,2026-07-08,30,0.6726918607972621,0.18613572664942452,0.10273422211888106,1.374150000621281,-0.09806953607908048,-0.48655613414783744,0.7333333333333333,0.06666666666666667,3.1333333333333333,0.2972222222222223
S26_ma_12_26,26,ma_12_26,81,QQQ,2,42,2026-04-30,2026-06-30,30,0.1040364955314863,0.056297801331052284,0.0,0.1828757915934864,-0.09162456560440001,-0.047738694200434036,0.4,0.16666666666666666,1.9333333333333333,0.3134920634920635
S26_ma_12_26,26,ma_12_26,82,SOX,6,126,2026-01-05,2026-07-07,30,0.7364398166562913,0.29073323659084355,0.22357094215185647,1.2330054319840447,-0.1442133458189714,-0.4457065800654478,0.8333333333333334,0.13333333333333333,4.266666666666667,0.3357142857142857
S26_ma_12_26,26,ma_12_26,83,QQQ,3,63,2025-12-02,2026-03-04,30,-0.01682175044729739,0.005774013412852974,0.0,-0.016458099991162427,-0.06614379755521062,0.022595763860150365,0.4,0.5666666666666667,3.066666666666667,0.3534391534391535
S26_ma_12_26,26,ma_12_26,84,QQQ,3,63,2026-01-06,2026-04-07,30,-0.05467871999083029,-0.01427297573062983,0.0,0.018472909532010123,-0.07383723766535735,0.040405744260200466,0.3333333333333333,0.7333333333333333,2.6333333333333333,0.2518518518518519
S26_ma_12_26,26,ma_12_26,85,SOX,6,126,2026-01-26,2026-07-27,30,0.5063785769294065,0.16166252474372475,0.05018924437550509,0.6595160589502083,-0.1447210328609606,-0.3447160521856818,0.6666666666666666,0.13333333333333333,4.666666666666667,0.2600529100529101
S26_ma_12_26,26,ma_12_26,86,SOX,5,105,2025-12-24,2026-05-27,30,0.8433638259991032,0.23097169763963643,0.16329231544857004,0.9822558511394913,-0.14725810043752238,-0.6123921283594668,0.7,0.03333333333333333,5.066666666666666,0.4126984126984128
S26_ma_12_26,26,ma_12_26,87,SOX,1,21,2026-04-13,2026-05-11,30,0.35445169844833213,0.16183994065289137,0.13596532241900028,3.213800903176925,-0.06157345522008349,-0.19261175779544076,0.6666666666666666,0.13333333333333333,1.1333333333333333,0.5206349206349207
S26_ma_12_26,26,ma_12_26,88,SOX,3,63,2026-02-06,2026-05-07,30,0.4136273871078817,0.11067185699274962,0.04458904209661663,1.1265509928432522,-0.11812392532364016,-0.30295553011513215,0.6333333333333333,0.1,3.566666666666667,0.33756613756613757
S26_ma_12_26,26,ma_12_26,89,QQQ,6,126,2026-01-06,2026-07-08,30,0.14388356408779868,0.051290606893396026,0.0,0.11470467609827892,-0.12371083814515596,-0.09259295719440264,0.4666666666666667,0.3,4.7,0.24550264550264556
S26_ma_12_26,26,ma_12_26,90,SOX,6,126,2025-12-24,2026-06-26,30,0.9291296252812065,0.2616259638095179,0.18865567308337394,0.9348798385984867,-0.15960697448351233,-0.6675036614716885,0.8,0.06666666666666667,5.733333333333333,0.33068783068783064
S26_ma_12_26,26,ma_12_26,91,QQQ,2,42,2026-02-20,2026-04-21,30,0.05967785940352188,-0.02270170529813651,-0.019564948333451848,-0.802168367987503,-0.06974284512470236,-0.08237956470165839,0.2,0.13333333333333333,1.9333333333333333,0.2222222222222222
S26_ma_12_26,26,ma_12_26,92,SOX,2,42,2026-02-13,2026-04-15,30,0.13378333561607847,0.0035220094549469542,0.0,-0.16382963945622492,-0.0985428769024726,-0.1302613261611315,0.3333333333333333,0.13333333333333333,2.1,0.2571428571428572
S26_ma_12_26,26,ma_12_26,93,SOX,5,105,2025-10-30,2026-04-01,30,0.11078526247878706,-0.013828864406494282,-0.040551056495572724,-0.3464478971002876,-0.1687009227854571,-0.12461412688528135,0.36666666666666664,0.2,4.5,0.2850793650793651
S26_ma_12_26,26,ma_12_26,94,SOX,6,126,2025-11-14,2026-05-18,30,0.722246423685857,0.1506574067687117,0.10235736802464268,0.5663578537557921,-0.1656277057916294,-0.5715890169171455,0.7,0.03333333333333333,4.866666666666666,0.3494708994708995
S26_ma_12_26,26,ma_12_26,95,QQQ,4,84,2026-01-20,2026-05-19,30,0.15517315798883735,0.020218813941928628,0.0,-0.2617856696024586,-0.10183779298343068,-0.13495434404690873,0.43333333333333335,0.13333333333333333,3.3,0.24246031746031746
S26_ma_12_26,26,ma_12_26,96,QQQ,4,84,2025-10-17,2026-02-18,30,0.004372245728628821,-0.012811546059174835,-0.028611478017607106,-0.390824943261807,-0.1022216244877497,-0.017183791787803656,0.3333333333333333,0.3333333333333333,4.266666666666667,0.30674603174603177
S26_ma_12_26,26,ma_12_26,97,QQQ,3,63,2026-01-30,2026-04-30,30,0.07511533032501849,-0.014775978047435653,-0.0046876661679626785,-0.5002904781217914,-0.08008568849135109,-0.08989130837245415,0.3333333333333333,0.13333333333333333,2.1666666666666665,0.21005291005291007
S26_ma_12_26,26,ma_12_26,98,SOX,2,42,2026-01-23,2026-03-24,30,-0.010095147239102875,0.02118682783306779,0.0,-0.21861756450505648,-0.09396730108695595,0.03128197507217066,0.3333333333333333,0.6333333333333333,2.2,0.34603174603174597
S26_ma_12_26,26,ma_12_26,99,SOX,1,21,2025-11-07,2025-12-08,29,0.062436399816205856,0.0004788967427289901,0.0,0.6667279457729607,-0.027859541762404995,-0.06195750307347686,0.41379310344827586,0.034482758620689655,0.9310344827586207,0.18226600985221675
S27_fast_risk_filter,27,fast_risk_filter,0,SOX,2,42,2026-01-29,2026-03-30,30,-0.14163635731458502,-0.08608467255262395,-0.08972219997554387,-1.544680640703339,-0.15726808377285775,0.05555168476196107,0.16666666666666666,0.7,2.3333333333333335,0.42460317460317454
S27_fast_risk_filter,27,fast_risk_filter,1,QQQ,4,84,2025-12-24,2026-04-27,30,0.06593296901431867,-0.0014431662871468428,-0.02953208646755562,-0.2569185402732664,-0.1155103901292233,-0.06737613530146552,0.36666666666666664,0.26666666666666666,3.066666666666667,0.3170634920634921
S27_fast_risk_filter,27,fast_risk_filter,2,SOX,3,63,2025-12-04,2026-03-06,30,0.05780336715889267,0.09244730514437102,0.04098830846138135,0.1712836910810129,-0.13909111044621372,0.034643937985478365,0.5333333333333333,0.4,2.3333333333333335,0.5084656084656085
S27_fast_risk_filter,27,fast_risk_filter,3,QQQ,1,21,2025-11-07,2025-12-08,30,0.02384619148223721,-0.0009903941285569818,0.0,0.3335445251037976,-0.03725514019649444,-0.024836585610794194,0.23333333333333334,0.16666666666666666,1.0666666666666667,0.26666666666666666
S27_fast_risk_filter,27,fast_risk_filter,4,SOX,4,84,2026-03-09,2026-07-08,30,0.6726918607972621,0.16440839913433233,0.0647591493898727,1.057809090508763,-0.13954123003478572,-0.5082834616629297,0.6666666666666666,0.1,4.333333333333333,0.2972222222222223
S27_fast_risk_filter,27,fast_risk_filter,5,QQQ,4,84,2026-02-27,2026-06-29,30,0.19512872792465275,0.0630070023080997,0.011361599764773467,0.3144880066825314,-0.09094421706085344,-0.13212172561655305,0.5,0.16666666666666666,2.8666666666666667,0.21190476190476187
S27_fast_risk_filter,27,fast_risk_filter,6,SOX,5,105,2026-01-29,2026-06-30,30,0.7762556903794042,0.08033462524506442,0.009929453378492381,0.19094124463087905,-0.18512926564456905,-0.6959210651343398,0.5333333333333333,0.03333333333333333,5.3,0.3301587301587301
S27_fast_risk_filter,27,fast_risk_filter,7,QQQ,4,84,2025-12-26,2026-04-28,30,0.05528070694129639,0.03345830958368913,0.0,0.02637690809681974,-0.09057156495216293,-0.021822397357607264,0.4666666666666667,0.3,2.6666666666666665,0.2968253968253968
S27_fast_risk_filter,27,fast_risk_filter,8,QQQ,1,21,2026-02-24,2026-03-24,30,-0.03808982816923834,-0.029609534930719404,0.0,-1.384485145007841,-0.043904459964086685,0.008480293238518932,0.03333333333333333,0.6,0.8333333333333334,0.3063492063492063
S27_fast_risk_filter,27,fast_risk_filter,9,SOX,5,105,2026-03-04,2026-08-03,30,0.48806584406312936,0.11720404769396607,0.07237297639738838,0.48784015626481453,-0.16121771719729003,-0.3708617963691633,0.6333333333333333,0.1,4.7,0.2882539682539683
S27_fast_risk_filter,27,fast_risk_filter,10,QQQ,4,84,2026-02-25,2026-06-25,30,0.164415185730312,0.04660579826094054,-0.029710050774179764,0.01855297298539142,-0.12085623175342279,-0.11780938746937147,0.43333333333333335,0.16666666666666666,3.5,0.31666666666666665
S27_fast_risk_filter,27,fast_risk_filter,11,SOX,6,126,2025-10-16,2026-04-17,30,0.4415377396365705,0.11808089202072652,0.009576959104545035,0.24952129157208786,-0.17830565466724785,-0.3234568476158441,0.5333333333333333,0.16666666666666666,5.2,0.342063492063492
S27_fast_risk_filter,27,fast_risk_filter,12,QQQ,2,42,2026-04-22,2026-06-22,30,0.12768995871861688,0.08258017901426817,0.0,0.6274804632507859,-0.06811899486005286,-0.04510977970434871,0.4666666666666667,0.16666666666666666,1.8666666666666667,0.40555555555555556
S27_fast_risk_filter,27,fast_risk_filter,13,QQQ,6,126,2025-10-21,2026-04-22,30,0.07426008690036823,0.009597247636294251,-0.0076847689163829225,-0.03502952297816416,-0.12938813295227655,-0.06466283926407397,0.43333333333333335,0.26666666666666666,4.633333333333334,0.3502645502645503
S27_fast_risk_filter,27,fast_risk_filter,14,SOX,4,84,2026-04-08,2026-08-06,30,0.43837178994924453,0.16576945679606278,0.12538011646588731,1.0217040117388214,-0.1391070996498022,-0.2726023331531817,0.6666666666666666,0.13333333333333333,2.8333333333333335,0.2702380952380953
S27_fast_risk_filter,27,fast_risk_filter,15,QQQ,2,42,2025-12-24,2026-02-25,30,-0.011619875611714292,0.057609703308680996,0.0,0.8425620887352043,-0.05528099835920299,0.06922957892039529,0.4666666666666667,0.7666666666666667,1.5333333333333334,0.4539682539682539
S27_fast_risk_filter,27,fast_risk_filter,16,QQQ,1,21,2025-10-23,2025-11-20,30,-0.040797360498331714,-0.011237750069677265,0.0,-0.4109383729836091,-0.03536345353135002,0.02955961042865445,0.13333333333333333,0.8333333333333334,0.6666666666666666,0.2857142857142857
S27_fast_risk_filter,27,fast_risk_filter,17,SOX,5,105,2025-12-12,2026-05-14,30,0.7735193250161443,0.19597781624421684,0.11546628901840805,0.8306577971705439,-0.16769905375490787,-0.5775415087719276,0.6666666666666666,0.03333333333333333,4.4,0.4311111111111111
S27_fast_risk_filter,27,fast_risk_filter,18,SOX,5,105,2025-10-23,2026-03-25,30,0.18865137711406743,0.14146210824430677,0.003917905586089898,0.30212936312310634,-0.15907103875005876,-0.047189268869760596,0.5,0.3333333333333333,4.333333333333333,0.3885714285714285
S27_fast_risk_filter,27,fast_risk_filter,19,SOX,2,42,2026-03-30,2026-05-28,30,0.8382451831840338,0.2659390832243452,0.19645121851006242,2.6049602367247218,-0.07321105550692586,-0.5723060999596886,0.7666666666666667,0.03333333333333333,1.7,0.4801587301587302
S27_fast_risk_filter,27,fast_risk_filter,20,SOX,6,126,2026-01-23,2026-07-24,30,0.5305187986610824,0.07033307975150947,-0.004714150287607466,0.021495418473370786,-0.18657118704933381,-0.4601857189095729,0.4666666666666667,0.06666666666666667,5.5,0.294973544973545
S27_fast_risk_filter,27,fast_risk_filter,21,SOX,5,105,2025-12-23,2026-05-26,30,0.8705446464027979,0.29877781589883656,0.31759549364582185,1.28955956121392,-0.18143710761482945,-0.5717668305039614,0.7666666666666667,0.03333333333333333,4.566666666666666,0.46539682539682536
S27_fast_risk_filter,27,fast_risk_filter,22,SOX,1,21,2026-06-24,2026-07-23,30,-0.0835577884715295,-0.030308632973350177,0.0,-1.3473795080066169,-0.06048069988290964,0.053249155498179324,0.1,0.8,1.0,0.17936507936507934
S27_fast_risk_filter,27,fast_risk_filter,23,SOX,6,126,2025-11-21,2026-05-26,30,1.1093566882823307,0.3233703544746609,0.2763149733179907,1.222664182666177,-0.18393799195331306,-0.7859863338076699,0.7333333333333333,0.03333333333333333,5.433333333333334,0.4425925925925926
S27_fast_risk_filter,27,fast_risk_filter,24,SOX,5,105,2025-12-22,2026-05-22,30,0.7695534085388023,0.26777221929174627,0.2640297972646882,1.2921153161543129,-0.15921294329541508,-0.5017811892470561,0.8,0.06666666666666667,4.533333333333333,0.4276190476190476
S27_fast_risk_filter,27,fast_risk_filter,25,SOX,5,105,2026-01-09,2026-06-10,30,0.648043063748174,0.18167325840777318,0.09253492346319436,0.6684706665570328,-0.17994364169517818,-0.4663698053404009,0.6333333333333333,0.1,4.733333333333333,0.3923809523809524
S27_fast_risk_filter,27,fast_risk_filter,26,SOX,2,42,2025-12-16,2026-02-17,30,0.19547601508441925,0.17547019346364898,0.11336744286281986,1.6464536710465507,-0.07443043073282934,-0.020005821620770255,0.7,0.36666666666666664,1.8666666666666667,0.47698412698412695
S27_fast_risk_filter,27,fast_risk_filter,27,QQQ,1,21,2026-01-26,2026-02-24,30,-0.02812333317389515,0.010484852415034662,0.0,0.6222187277347657,-0.03835808171778679,0.0386081855889298,0.36666666666666664,0.8666666666666667,0.8333333333333334,0.3349206349206349
S27_fast_risk_filter,27,fast_risk_filter,28,QQQ,6,126,2025-11-25,2026-05-28,30,0.21118173329763823,0.07866144948691049,0.0,0.01209930831862055,-0.1173818611231255,-0.13252028381072772,0.4666666666666667,0.23333333333333334,4.066666666666666,0.292063492063492
S27_fast_risk_filter,27,fast_risk_filter,29,SOX,6,126,2025-10-30,2026-05-01,30,0.5281745196921701,0.08645887390048686,0.059252784363275524,0.2914464275986478,-0.1800846957631017,-0.44171564579168326,0.6,0.03333333333333333,5.833333333333333,0.3462962962962963
S27_fast_risk_filter,27,fast_risk_filter,30,QQQ,2,42,2025-11-17,2026-01-16,30,0.030481502115305092,0.023484816320618076,0.0,0.286783812252515,-0.06001047481435493,-0.006996685794687015,0.4,0.23333333333333334,1.4,0.39761904761904765
S27_fast_risk_filter,27,fast_risk_filter,31,QQQ,6,126,2025-12-02,2026-06-03,30,0.1995313262802476,0.08810861326975301,0.015016099328829302,0.2677852698256883,-0.12948244044968266,-0.1114227130104946,0.5666666666666667,0.2,4.466666666666667,0.3444444444444444
S27_fast_risk_filter,27,fast_risk_filter,32,QQQ,4,84,2025-11-20,2026-03-24,30,-0.0003420253443917609,-0.035662647016727715,-0.02949269487701145,-0.8835361866288861,-0.09709793940666595,-0.035320621672335954,0.2,0.4,2.3666666666666667,0.2357142857142857
S27_fast_risk_filter,27,fast_risk_filter,33,SOX,2,42,2026-04-29,2026-06-29,30,0.3659008759031672,0.09782176717172116,0.015338418757934291,0.7024999540100249,-0.09845270827404383,-0.2680791087314461,0.5666666666666667,0.06666666666666667,2.2,0.35396825396825393
S27_fast_risk_filter,27,fast_risk_filter,34,SOX,5,105,2026-02-04,2026-07-07,30,0.6716872458350869,0.12544628183301923,0.06813218060731896,0.5681862250212467,-0.17166202224186689,-0.5462409640020677,0.7,0.03333333333333333,4.866666666666666,0.3431746031746032
S27_fast_risk_filter,27,fast_risk_filter,35,SOX,6,126,2025-10-07,2026-04-08,30,0.31663008850172214,0.0908662068763388,-0.011954849825826286,-0.019440012553003237,-0.19421872976996563,-0.22576388162538336,0.4666666666666667,0.16666666666666666,5.3,0.38783068783068786
S27_fast_risk_filter,27,fast_risk_filter,36,SOX,2,42,2026-05-14,2026-07-15,30,0.048117430059597455,0.003203005171610185,0.0,-0.12406853585982887,-0.10868099941340645,-0.04491442488798727,0.3333333333333333,0.23333333333333334,2.2666666666666666,0.2126984126984127
S27_fast_risk_filter,27,fast_risk_filter,37,SOX,4,84,2025-11-28,2026-03-31,30,0.10987511194723121,0.09689268206945895,0.059308409792314776,0.3795566715075991,-0.15527087610587628,-0.012982429877772268,0.6333333333333333,0.36666666666666664,3.3,0.4956349206349206
S27_fast_risk_filter,27,fast_risk_filter,38,QQQ,3,63,2025-10-01,2025-12-30,30,0.0281443024583361,0.015179265949873252,0.0,0.14863107486646557,-0.05204043386669332,-0.01296503650846285,0.36666666666666664,0.26666666666666666,1.7333333333333334,0.32645502645502644
S27_fast_risk_filter,27,fast_risk_filter,39,SOX,4,84,2026-03-03,2026-07-01,30,0.7932804671753249,0.11619504874917712,0.014766752108882009,0.031639670387605956,-0.12783855342785314,-0.6770854184261476,0.5,0.03333333333333333,4.266666666666667,0.2968253968253968
S27_fast_risk_filter,27,fast_risk_filter,40,SOX,5,105,2025-11-04,2026-04-07,30,0.17627793559031546,0.11916285723153744,0.05747928932387836,0.2698659832391473,-0.15586944408884593,-0.057115078358778014,0.5666666666666667,0.36666666666666664,4.133333333333334,0.3780952380952381
S27_fast_risk_filter,27,fast_risk_filter,41,QQQ,6,126,2026-01-23,2026-07-24,30,0.10137081585796093,0.006950796969675403,0.0,-0.04643029993554346,-0.13898684230045483,-0.09442001888828552,0.4666666666666667,0.23333333333333334,4.266666666666667,0.2804232804232804
S27_fast_risk_filter,27,fast_risk_filter,42,QQQ,4,84,2025-12-01,2026-04-01,30,-0.05082783849625683,-0.01913290982015176,-0.024933702035807526,-0.5614612372695652,-0.09527052243292017,0.03169492867610508,0.3333333333333333,0.7,2.9,0.31825396825396823
S27_fast_risk_filter,27,fast_risk_filter,43,SOX,4,84,2026-01-21,2026-05-20,30,0.4954631322399172,0.06311079454233046,0.030175717388146173,0.3802271326278036,-0.17899228880982318,-0.4323523376975868,0.6,0.0,3.9,0.3964285714285714
S27_fast_risk_filter,27,fast_risk_filter,44,QQQ,4,84,2026-02-06,2026-06-08,30,0.17604016306712622,0.03938329813313448,0.0,0.1980821864580155,-0.10471671418853727,-0.13665686493399176,0.4666666666666667,0.13333333333333333,3.2333333333333334,0.28690476190476194
S27_fast_risk_filter,27,fast_risk_filter,45,QQQ,3,63,2026-04-29,2026-07-29,30,0.0013410590154632196,-0.012801481516293936,-0.02042184420699017,-0.13132965901932772,-0.11783226048304259,-0.014142540531757156,0.36666666666666664,0.3333333333333333,2.6333333333333333,0.26560846560846557
S27_fast_risk_filter,27,fast_risk_filter,46,QQQ,1,21,2025-11-06,2025-12-05,30,0.02257747496301743,-0.0168280268173683,0.0,-0.8016178238059678,-0.045894189397669635,-0.03940550178038573,0.23333333333333334,0.13333333333333333,1.4,0.3253968253968254
S27_fast_risk_filter,27,fast_risk_filter,47,QQQ,4,84,2025-12-16,2026-04-17,30,0.06335134243114204,-0.006114800285274484,-0.015575856579078562,-0.5288108311440645,-0.11759082333931241,-0.06946614271641653,0.26666666666666666,0.16666666666666666,2.8333333333333335,0.3515873015873016
S27_fast_risk_filter,27,fast_risk_filter,48,SOX,2,42,2026-04-27,2026-06-25,30,0.37348080477389334,0.0742604742356737,0.0,0.27436812749263895,-0.11946879704825637,-0.29922033053821967,0.4666666666666667,0.1,2.4,0.34285714285714286
S27_fast_risk_filter,27,fast_risk_filter,49,SOX,6,126,2025-10-16,2026-04-17,30,0.4415377396365705,0.1631047348969991,0.055479051726180395,0.46204315090682685,-0.1679368088640884,-0.2784330047395714,0.6333333333333333,0.16666666666666666,5.0,0.3587301587301587
S27_fast_risk_filter,27,fast_risk_filter,50,QQQ,2,42,2025-12-05,2026-02-05,30,-0.04425522654567304,0.014202082657538988,0.0,0.16703076127901764,-0.07020981544477173,0.05845730920321202,0.4,0.8,1.5,0.4944444444444444
S27_fast_risk_filter,27,fast_risk_filter,51,QQQ,4,84,2025-11-18,2026-03-20,30,-0.022639332362616393,-0.02814552174264923,-0.004918341537600013,-0.5037056302313426,-0.09554026645989168,-0.005506189380032837,0.3333333333333333,0.5666666666666667,3.2333333333333334,0.3023809523809524
S27_fast_risk_filter,27,fast_risk_filter,52,QQQ,6,126,2025-10-07,2026-04-08,30,0.005171232540085446,0.007823276213154706,0.0021882826790200482,0.0978044914576865,-0.12448559748160169,0.00265204367306926,0.5,0.4666666666666667,4.4,0.35079365079365094
S27_fast_risk_filter,27,fast_risk_filter,53,SOX,2,42,2025-12-11,2026-02-11,30,0.14691521654647244,0.16322348537300868,0.16140408318443056,1.794103433898283,-0.09483541593480635,0.016308268826536194,0.8,0.5333333333333333,1.7,0.6246031746031746
S27_fast_risk_filter,27,fast_risk_filter,54,SOX,4,84,2025-10-29,2026-03-02,30,0.1387784156042522,0.19730768421860048,0.13709652036751285,0.9139508581783655,-0.13317486897359213,0.05852926861434824,0.5666666666666667,0.5,3.7333333333333334,0.4650793650793651
S27_fast_risk_filter,27,fast_risk_filter,55,QQQ,3,63,2026-03-06,2026-06-04,30,0.23642161769128234,0.03055788386412224,-0.00019999999999997797,-0.33521573302959556,-0.070200058424239,-0.2058637338271601,0.36666666666666664,0.06666666666666667,2.2666666666666666,0.28465608465608466
S27_fast_risk_filter,27,fast_risk_filter,56,SOX,2,42,2025-11-11,2026-01-12,29,0.12090136022336107,0.07710807682835515,0.05992590548068266,0.7433245138593992,-0.09253513032085593,-0.04379328339500592,0.5517241379310345,0.3448275862068966,1.6896551724137931,0.4187192118226601
S27_fast_risk_filter,27,fast_risk_filter,57,QQQ,2,42,2026-01-02,2026-03-04,30,-0.003865514153595151,0.008098740167982026,0.0,-0.2630241658952296,-0.05238285091869739,0.011964254321577177,0.36666666666666664,0.6666666666666666,1.6666666666666667,0.29523809523809524
S27_fast_risk_filter,27,fast_risk_filter,58,QQQ,6,126,2026-01-27,2026-07-28,30,0.07281383665783747,0.0410105354960441,0.029797157575755295,0.2095081008493792,-0.1573634325708643,-0.031803301161793376,0.5333333333333333,0.43333333333333335,4.866666666666666,0.31560846560846556
S27_fast_risk_filter,27,fast_risk_filter,59,QQQ,6,126,2025-11-03,2026-05-05,30,0.0811111588148794,-0.02000425027592624,-0.046283572606320544,-0.5274228165289567,-0.13132407840236152,-0.10111540909080562,0.23333333333333334,0.23333333333333334,3.533333333333333,0.2873015873015873
S27_fast_risk_filter,27,fast_risk_filter,60,SOX,4,84,2025-12-23,2026-04-24,30,0.5145737803390009,0.2165383808928742,0.1594394669794108,1.0747707249555318,-0.1734488882465243,-0.29803539944612667,0.7666666666666667,0.13333333333333333,4.033333333333333,0.4686507936507937
S27_fast_risk_filter,27,fast_risk_filter,61,SOX,4,84,2025-10-06,2026-02-04,30,0.1473992431939659,0.12284405006149386,0.06472517233683905,0.7739874267570509,-0.14692624979802635,-0.02455519313247205,0.5333333333333333,0.43333333333333335,3.6666666666666665,0.4392857142857142
S27_fast_risk_filter,27,fast_risk_filter,62,SOX,2,42,2026-05-20,2026-07-21,30,0.06273653390273792,0.007196428661070986,0.0,0.19524131604575182,-0.11103784266994783,-0.05554010524166694,0.43333333333333335,0.23333333333333334,2.3333333333333335,0.21587301587301586
S27_fast_risk_filter,27,fast_risk_filter,63,QQQ,4,84,2025-12-23,2026-04-24,30,0.06848812314017638,0.020219001967459616,0.0,0.006062352293419232,-0.08314807642320482,-0.04826912117271677,0.43333333333333335,0.23333333333333334,2.533333333333333,0.2976190476190476
S27_fast_risk_filter,27,fast_risk_filter,64,SOX,3,63,2025-10-14,2026-01-13,29,0.19624523269158112,0.09683165298543281,0.03481302831721522,0.5922424388863677,-0.12479229725625832,-0.09941357970614832,0.5172413793103449,0.2413793103448276,2.586206896551724,0.42145593869731796
S27_fast_risk_filter,27,fast_risk_filter,65,QQQ,3,63,2025-10-21,2026-01-21,30,0.009313358840005836,-0.008065759461531201,0.0,-0.06965043230034693,-0.0828507881658151,-0.017379118301537037,0.3,0.26666666666666666,2.066666666666667,0.34179894179894177
S27_fast_risk_filter,27,fast_risk_filter,66,SOX,1,21,2026-05-05,2026-06-03,30,0.27541269967867743,0.08737750718505942,0.0,1.5340391272045373,-0.05229570172649616,-0.188035192493618,0.36666666666666664,0.06666666666666667,0.8666666666666667,0.3206349206349206
S27_fast_risk_filter,27,fast_risk_filter,67,QQQ,5,105,2026-02-18,2026-07-20,30,0.1517250809770223,0.0693716103211248,0.01228182809019751,0.43056377130250845,-0.1117961551274025,-0.08235347065589751,0.5,0.23333333333333334,3.8333333333333335,0.2933333333333333
S27_fast_risk_filter,27,fast_risk_filter,68,QQQ,1,21,2026-03-30,2026-04-28,30,0.17781396348116352,0.017874187816516254,0.0,0.5624597139813091,-0.02162270141253354,-0.1599397756646473,0.3,0.06666666666666667,0.9,0.18095238095238092
S27_fast_risk_filter,27,fast_risk_filter,69,SOX,1,21,2026-07-01,2026-07-30,30,-0.15869603383446207,-0.026913789834277325,0.0,-1.1334568256726365,-0.034485365274073206,0.13178224400018476,0.0,1.0,0.6,0.10952380952380952
S27_fast_risk_filter,27,fast_risk_filter,70,SOX,5,105,2025-11-26,2026-04-29,30,0.5475029887947236,0.1756793419193988,0.15151703222382518,0.7874622628334687,-0.1670875676049368,-0.3718236468753248,0.6666666666666666,0.1,4.466666666666667,0.4174603174603175
S27_fast_risk_filter,27,fast_risk_filter,71,QQQ,1,21,2025-10-24,2025-11-21,30,-0.04380167504320631,-0.01827480347254971,0.0,-0.9069585370431437,-0.04527468062466459,0.0255268715706566,0.1,0.7333333333333333,0.7666666666666667,0.3142857142857143
S27_fast_risk_filter,27,fast_risk_filter,72,SOX,6,126,2025-09-29,2026-03-30,30,0.15433411382016882,0.08239726917726117,0.016239664974378176,0.0472962088655582,-0.19103521209492003,-0.07193684464290764,0.5,0.26666666666666666,5.666666666666667,0.37354497354497357
S27_fast_risk_filter,27,fast_risk_filter,73,SOX,6,126,2025-11-13,2026-05-15,30,0.7609329883772933,0.1433073591077346,0.05533887661241621,0.4264346101312387,-0.17397554545453722,-0.6176256292695589,0.5666666666666667,0.0,5.166666666666667,0.3693121693121693
S27_fast_risk_filter,27,fast_risk_filter,74,SOX,4,84,2026-01-28,2026-05-28,30,0.5808158830011196,0.11128926956224748,0.09002126765349472,0.6640558781769941,-0.1612759121083048,-0.4695266134388722,0.6,0.0,4.066666666666666,0.39404761904761904
S27_fast_risk_filter,27,fast_risk_filter,75,QQQ,2,42,2026-04-09,2026-06-08,30,0.17351965111678624,0.07421422371870985,0.0,0.17457280281507312,-0.06801234936536692,-0.09930542739807639,0.36666666666666664,0.2,1.6666666666666667,0.31507936507936507
S27_fast_risk_filter,27,fast_risk_filter,76,QQQ,6,126,2025-10-07,2026-04-08,30,0.005171232540085446,0.027390360267584023,-0.003360174292651119,0.03816387368754777,-0.12358420155340517,0.022219127727498577,0.43333333333333335,0.4,4.2,0.3558201058201058
S27_fast_risk_filter,27,fast_risk_filter,77,QQQ,3,63,2025-11-07,2026-02-09,30,0.008809455612293071,0.0547211186452201,0.0,0.20316095368264026,-0.07473895117773927,0.04591166303292703,0.43333333333333335,0.36666666666666664,2.2333333333333334,0.355026455026455
S27_fast_risk_filter,27,fast_risk_filter,78,SOX,2,42,2026-03-17,2026-05-14,30,0.5577664074544015,0.19752658248026106,0.14551657508673554,1.9845478164047388,-0.09881910310551004,-0.36023982497414053,0.6666666666666666,0.1,1.8333333333333333,0.39206349206349206
S27_fast_risk_filter,27,fast_risk_filter,79,QQQ,4,84,2025-10-28,2026-02-27,30,-0.03925853422094283,0.02377321957375437,0.0,-0.01219361346594489,-0.079760186374895,0.06303175379469719,0.36666666666666664,0.7333333333333333,2.9,0.301984126984127
S27_fast_risk_filter,27,fast_risk_filter,80,QQQ,6,126,2026-01-30,2026-07-31,30,0.10893683601194559,0.04028285885269391,0.016300385701063957,0.1400775285269979,-0.15310184930694729,-0.06865397715925167,0.5333333333333333,0.23333333333333334,5.5,0.29444444444444445
S27_fast_risk_filter,27,fast_risk_filter,81,QQQ,5,105,2025-11-03,2026-04-06,30,-0.06657185784996356,-0.040613801236596886,-0.022213042987790643,-0.4700373146897656,-0.11942814941401701,0.025958056613366663,0.3,0.6,3.466666666666667,0.2958730158730159
S27_fast_risk_filter,27,fast_risk_filter,82,SOX,3,63,2026-03-20,2026-06-18,30,0.9240131575020727,0.2370162353000539,0.16421803635040677,1.4446879905385746,-0.13220367185309548,-0.6869969222020188,0.7,0.0,2.8666666666666667,0.38306878306878306
S27_fast_risk_filter,27,fast_risk_filter,83,QQQ,2,42,2026-06-01,2026-07-30,30,-0.07868008194349085,-0.00162116233495004,0.006608977848185704,0.22929934366377083,-0.09962957293688897,0.0770589196085408,0.5,0.8,2.2,0.43174603174603166
S27_fast_risk_filter,27,fast_risk_filter,84,QQQ,2,42,2026-04-27,2026-06-25,30,0.07969718506405887,0.05255075673282347,0.0,0.38132635931265946,-0.06624868945486968,-0.027146428331235394,0.43333333333333335,0.16666666666666666,1.4,0.3476190476190476
S27_fast_risk_filter,27,fast_risk_filter,85,SOX,4,84,2025-10-16,2026-02-17,30,0.2271396621499151,0.1533238410659066,0.07300131719773817,0.7652892634373186,-0.11588975675287157,-0.07381582108400851,0.5666666666666667,0.3,3.3666666666666667,0.3702380952380953
S27_fast_risk_filter,27,fast_risk_filter,86,SOX,2,42,2026-01-22,2026-03-23,30,-0.03405125751735005,-0.030840358353533277,-0.06307028322139285,-0.8240647930182708,-0.13332434525602227,0.0032108991638167754,0.36666666666666664,0.4,2.1666666666666665,0.4626984126984128
S27_fast_risk_filter,27,fast_risk_filter,87,QQQ,3,63,2026-02-24,2026-05-22,30,0.18190525832585958,0.007566542230983768,0.0,-0.047079193640589184,-0.06363329937031902,-0.1743387160948758,0.3,0.1,1.6333333333333333,0.2153439153439153
S27_fast_risk_filter,27,fast_risk_filter,88,SOX,5,105,2026-01-29,2026-06-30,30,0.7762556903794042,0.047807252778256135,0.0013394910907305047,0.16362391381533925,-0.17669149419465904,-0.7284484376011482,0.5,0.03333333333333333,4.933333333333334,0.3282539682539682
S27_fast_risk_filter,27,fast_risk_filter,89,QQQ,2,42,2026-05-22,2026-07-23,30,-0.034589769289133265,0.019031528851155357,0.0,0.3275166092127297,-0.07492321794452078,0.05362129814028861,0.4666666666666667,0.7666666666666667,1.9666666666666666,0.32907268170426074
S27_fast_risk_filter,27,fast_risk_filter,90,SOX,6,126,2025-11-04,2026-05-06,30,0.7144582538734068,0.2555485740026046,0.17870047264122646,0.8058086490038924,-0.18023486305538317,-0.4589096798708022,0.7,0.16666666666666666,5.066666666666666,0.39867724867724863
S27_fast_risk_filter,27,fast_risk_filter,91,QQQ,2,42,2026-01-08,2026-03-10,30,-0.02046829207304046,-0.005689862972464725,0.0,-0.7018403544466845,-0.05779184158731878,0.014778429100575736,0.23333333333333334,0.6333333333333333,1.5,0.31269841269841264
S27_fast_risk_filter,27,fast_risk_filter,92,QQQ,3,63,2026-02-02,2026-05-01,30,0.07803371572577178,-0.006719419344546203,0.0,-0.252994627481058,-0.06963689744323545,-0.084753135070318,0.26666666666666666,0.16666666666666666,2.1666666666666665,0.21375661375661376
S27_fast_risk_filter,27,fast_risk_filter,93,QQQ,5,105,2025-11-13,2026-04-16,30,0.05539729205802524,-0.029659219682583136,-0.03398096787601457,-0.5755720123144398,-0.11327991070435503,-0.08505651174060837,0.3,0.16666666666666666,3.1666666666666665,0.2704761904761905
S27_fast_risk_filter,27,fast_risk_filter,94,SOX,3,63,2026-03-20,2026-06-18,30,0.9240131575020727,0.22780959937972683,0.09379149775032702,1.6250632889522134,-0.09338499463201602,-0.6962035581223458,0.7,0.0,2.3666666666666667,0.319047619047619
S27_fast_risk_filter,27,fast_risk_filter,95,SOX,1,21,2025-12-12,2026-01-13,29,0.11455946028752839,0.08728371542863392,0.06069418943355531,1.49731423599417,-0.04074293721107483,-0.027275744858894488,0.6206896551724138,0.3448275862068966,0.8620689655172413,0.5599343185550082
S27_fast_risk_filter,27,fast_risk_filter,96,SOX,5,105,2026-01-20,2026-06-18,30,0.8975774471764595,0.2039055725972911,0.16515045567015152,0.8401439438320255,-0.17221390970851502,-0.6936718745791686,0.7333333333333333,0.03333333333333333,4.633333333333334,0.39396825396825397
S27_fast_risk_filter,27,fast_risk_filter,97,QQQ,5,105,2026-01-05,2026-06-04,30,0.19992860322081452,0.040101413993566606,0.0003219729036629815,0.06628494134916503,-0.09911546514219681,-0.15982718922724792,0.5,0.1,3.2333333333333334,0.2561904761904762
S27_fast_risk_filter,27,fast_risk_filter,98,QQQ,4,84,2025-11-28,2026-03-31,30,-0.065559467192568,-0.010001440297528823,-0.003914423789889709,-0.13411740331022387,-0.09406812250418103,0.05555802689503917,0.3333333333333333,0.7333333333333333,2.533333333333333,0.3738095238095239
S27_fast_risk_filter,27,fast_risk_filter,99,QQQ,6,126,2026-01-30,2026-07-31,30,0.10893683601194559,-0.004378135104370651,-0.013546481816999967,-0.29589123798597217,-0.155143571350917,-0.11331497111631623,0.43333333333333335,0.2,4.8,0.2785714285714285
S28_rs0_trend_only_entry,28,rs0_trend_only_entry,0,QQQ,1,21,2026-06-29,2026-07-28,29,-0.06710588016329655,-0.00045983450593880615,0.0,0.08042500661046396,-0.06627717896665034,0.06664604565735774,0.3448275862068966,0.896551724137931,1.3103448275862069,0.4055829228243021
S28_rs0_trend_only_entry,28,rs0_trend_only_entry,1,QQQ,4,84,2025-12-11,2026-04-14,30,0.007390669259251803,-0.004934984365157343,-0.013997655872673542,-0.2582321509849673,-0.11753476112469012,-0.012325653624409147,0.4,0.4,3.2666666666666666,0.3444444444444444
S28_rs0_trend_only_entry,28,rs0_trend_only_entry,2,SOX,3,63,2026-05-04,2026-08-03,30,0.0992534755123633,0.10233174186215445,0.018571687077695187,0.7711653858174637,-0.10610940517814482,0.0030782663497911293,0.6,0.3333333333333333,2.3,0.24021164021164018
S28_rs0_trend_only_entry,28,rs0_trend_only_entry,3,QQQ,5,105,2025-11-20,2026-04-23,30,0.11510188328358972,0.051953040522388735,0.0,0.19560062080897486,-0.10939610807216446,-0.06314884276120099,0.4666666666666667,0.26666666666666666,3.7333333333333334,0.3358730158730159
S28_rs0_trend_only_entry,28,rs0_trend_only_entry,4,QQQ,6,126,2025-11-26,2026-05-29,30,0.20499678287027012,0.023961633098898916,-0.013656087351975321,-0.10562827501146953,-0.13258430175367902,-0.18103514977137122,0.4,0.16666666666666666,4.9,0.3256613756613757
S28_rs0_trend_only_entry,28,rs0_trend_only_entry,5,QQQ,2,42,2026-04-07,2026-06-04,30,0.25827818969480854,0.13729391207973995,0.0,0.9559393815832424,-0.06197085076404375,-0.12098427761506854,0.4666666666666667,0.2,1.2666666666666666,0.32539682539682535
S28_rs0_trend_only_entry,28,rs0_trend_only_entry,6,QQQ,5,105,2025-12-17,2026-05-19,30,0.17139904186326027,0.022082972835907606,0.018767418837574268,0.22221534013297245,-0.12188604135167862,-0.14931606902735264,0.6,0.13333333333333333,4.0,0.3390476190476191
S28_rs0_trend_only_entry,28,rs0_trend_only_entry,7,SOX,2,42,2026-05-05,2026-07-06,30,0.20519988218022744,0.08430173331475908,0.007722474731771012,0.8855840802652943,-0.08979298532846276,-0.12089814886546837,0.5333333333333333,0.16666666666666666,1.7,0.35396825396825393
S28_rs0_trend_only_entry,28,rs0_trend_only_entry,8,SOX,4,84,2026-01-26,2026-05-26,30,0.6627546960389206,0.21863181076158197,0.1471866667373718,1.2340497097031937,-0.1413589207140575,-0.4441228852773385,0.7333333333333333,0.06666666666666667,4.666666666666667,0.39920634920634923
S28_rs0_trend_only_entry,28,rs0_trend_only_entry,9,SOX,1,21,2026-03-20,2026-04-20,30,0.2557515864490181,0.11602664010442419,0.052492291149497605,3.1738609578020482,-0.05146155956894898,-0.13972494634459387,0.6666666666666666,0.2,1.1333333333333333,0.4031746031746032
S28_rs0_trend_only_entry,28,rs0_trend_only_entry,10,SOX,3,63,2025-11-05,2026-02-05,30,0.08460641574038563,0.046560768945256986,0.0765525498073425,0.7465888708167905,-0.11899881404566728,-0.038045646795128646,0.6333333333333333,0.4666666666666667,2.8333333333333335,0.4703703703703704
S28_rs0_trend_only_entry,28,rs0_trend_only_entry,11,SOX,3,63,2025-10-20,2026-01-20,30,0.15317025753202396,0.09726742318320158,0.04812379028471003,0.9500664891303433,-0.10574029478285078,-0.055902834348822386,0.6333333333333333,0.26666666666666666,2.9,0.3947089947089947
S28_rs0_trend_only_entry,28,rs0_trend_only_entry,12,SOX,3,63,2026-04-16,2026-07-16,30,0.30743172910416594,0.137043758324549,0.11676341412370361,1.2212624080466765,-0.13428011028492748,-0.17038797077961695,0.6666666666666666,0.16666666666666666,2.566666666666667,0.39894179894179893
S28_rs0_trend_only_entry,28,rs0_trend_only_entry,13,QQQ,3,63,2026-03-05,2026-06-03,30,0.2237414698057245,0.03992226620999943,0.0,-0.027223301759296364,-0.06759883093231021,-0.18381920359572504,0.4666666666666667,0.1,1.9666666666666666,0.23439153439153435
S28_rs0_trend_only_entry,28,rs0_trend_only_entry,14,SOX,5,105,2026-01-08,2026-06-09,30,0.7600800796743432,0.30218171020347134,0.2055455786756205,1.1190700154261655,-0.1555969194120734,-0.45789836947087187,0.8,0.1,4.566666666666666,0.4434920634920635
S28_rs0_trend_only_entry,28,rs0_trend_only_entry,15,QQQ,1,21,2026-05-11,2026-06-09,30,-0.007654633306932168,0.011970358992232128,0.0,-0.3592731401884786,-0.06172557972284946,0.0196249922991643,0.2,0.6333333333333333,1.3333333333333333,0.3365079365079365
S28_rs0_trend_only_entry,28,rs0_trend_only_entry,16,QQQ,2,42,2025-10-07,2025-12-04,30,0.030487481717877518,-0.016145853056904042,-0.015835922682048198,-0.744783932533725,-0.06436605105586096,-0.04663333477478156,0.16666666666666666,0.1,2.1333333333333333,0.34126984126984133
S28_rs0_trend_only_entry,28,rs0_trend_only_entry,17,SOX,5,105,2025-10-20,2026-03-20,30,0.13732583632036888,0.132386467665483,0.04043233386755862,0.4570775265466124,-0.16389864039838256,-0.004939368654885867,0.6333333333333333,0.3333333333333333,5.166666666666667,0.434920634920635
S28_rs0_trend_only_entry,28,rs0_trend_only_entry,18,SOX,2,42,2025-12-08,2026-02-06,30,0.11593758434320178,0.11425573739326086,0.09825213500682717,1.2747972421951657,-0.09500245424496419,-0.0016818469499409203,0.6,0.5,2.1,0.6206349206349205
S28_rs0_trend_only_entry,28,rs0_trend_only_entry,19,QQQ,5,105,2025-11-11,2026-04-14,30,0.01388978134849217,-0.035122137523104516,-0.05561005991120732,-0.5434983147128657,-0.15257412711893695,-0.04901191887159668,0.36666666666666664,0.3,5.566666666666666,0.32603174603174606
S28_rs0_trend_only_entry,28,rs0_trend_only_entry,20,QQQ,2,42,2026-05-12,2026-07-13,30,0.007468703292526024,0.03496985116802593,0.0,0.09869010433839377,-0.06389286440286283,0.027501147875499902,0.36666666666666664,0.3333333333333333,1.4666666666666666,0.27222222222222225
S28_rs0_trend_only_entry,28,rs0_trend_only_entry,21,SOX,3,63,2026-03-02,2026-05-29,30,0.6174710256930269,0.14307176365807084,0.1085566909393203,0.9897248897363642,-0.13630328288139934,-0.474399262034956,0.6,0.06666666666666667,3.1,0.43915343915343913
S28_rs0_trend_only_entry,28,rs0_trend_only_entry,22,SOX,4,84,2025-12-18,2026-04-21,30,0.44144355724199347,0.2755498196779289,0.16453797734532694,1.5893168159944122,-0.12468269313691485,-0.16589373756406456,0.7666666666666667,0.3,4.2,0.45634920634920634
S28_rs0_trend_only_entry,28,rs0_trend_only_entry,23,QQQ,6,126,2025-10-23,2026-04-24,30,0.09006759679818166,0.013047657825044752,0.004787141116711191,0.19977817732040892,-0.14133768399371407,-0.07701993897313691,0.5,0.3,5.766666666666667,0.35158730158730156
S28_rs0_trend_only_entry,28,rs0_trend_only_entry,24,SOX,5,105,2026-01-23,2026-06-24,30,0.7468492824340449,0.24429886198341413,0.1770741294107705,0.9467307431628486,-0.14565689335213902,-0.5025504204506308,0.7666666666666667,0.06666666666666667,5.466666666666667,0.3838095238095238
S28_rs0_trend_only_entry,28,rs0_trend_only_entry,25,SOX,1,21,2025-10-13,2025-11-10,29,0.060132729690446585,0.03582273307443494,0.0,0.8235818126392427,-0.027263704110983035,-0.024309996616011652,0.3448275862068966,0.2413793103448276,1.0344827586206897,0.30049261083743845
S28_rs0_trend_only_entry,28,rs0_trend_only_entry,26,SOX,3,63,2025-12-12,2026-03-16,30,0.12970791830224648,0.13926149823377854,0.09320727921472205,0.5471773054666477,-0.12296782645847903,0.009553579931532045,0.7,0.4,3.1333333333333333,0.5587301587301587
S28_rs0_trend_only_entry,28,rs0_trend_only_entry,27,SOX,3,63,2025-11-11,2026-02-11,30,0.2221846046740068,0.1485548739449424,0.15893910002257783,1.1035495150854293,-0.1064245479265174,-0.07362973072906437,0.6333333333333333,0.4,2.6333333333333333,0.4973544973544974
S28_rs0_trend_only_entry,28,rs0_trend_only_entry,28,QQQ,4,84,2026-01-28,2026-05-28,30,0.16314642487379039,0.005129791012322515,0.0004766797252189203,0.17533030080624823,-0.10450756584620208,-0.15801663386146786,0.5,0.16666666666666666,2.8666666666666667,0.24285714285714285
S28_rs0_trend_only_entry,28,rs0_trend_only_entry,29,SOX,3,63,2025-12-15,2026-03-17,30,0.1441174767532254,0.1467497692029842,0.09723969381030262,0.9240946491235439,-0.1233483105837845,0.002632292449758755,0.7,0.36666666666666664,2.966666666666667,0.5470899470899471
S28_rs0_trend_only_entry,28,rs0_trend_only_entry,30,QQQ,2,42,2026-03-17,2026-05-14,30,0.19457252590062257,0.011882773366770164,0.0,-0.39576788684368286,-0.05729785723346383,-0.18268975253385242,0.26666666666666666,0.06666666666666667,1.5,0.24761904761904763
S28_rs0_trend_only_entry,28,rs0_trend_only_entry,31,SOX,4,84,2026-03-19,2026-07-20,30,0.541413537840155,0.24641404940763098,0.2504812108758786,1.6408347331702795,-0.12805639666769267,-0.29499948843252405,0.7666666666666667,0.13333333333333333,2.7333333333333334,0.37579365079365085
S28_rs0_trend_only_entry,28,rs0_trend_only_entry,32,SOX,4,84,2026-02-11,2026-06-11,30,0.6304597186401415,0.1910982618037614,0.11840299896663276,1.3676089949964878,-0.13744041781387123,-0.43936145683638006,0.7333333333333333,0.1,3.8,0.3642857142857142
S28_rs0_trend_only_entry,28,rs0_trend_only_entry,33,QQQ,5,105,2025-10-21,2026-03-23,30,-0.03578796230008929,-0.004331732206189657,-0.013656087351975321,-0.36231940691973197,-0.1318192954336562,0.03145623009389963,0.4,0.6333333333333333,3.9,0.3533333333333333
S28_rs0_trend_only_entry,28,rs0_trend_only_entry,34,SOX,1,21,2026-06-18,2026-07-20,30,-0.1803268361206325,-0.03714399155038263,0.0,-0.11442415460869039,-0.05329046636532282,0.14318284457024985,0.03333333333333333,0.9333333333333333,0.9666666666666667,0.1523809523809524
S28_rs0_trend_only_entry,28,rs0_trend_only_entry,35,SOX,1,21,2026-04-20,2026-05-18,30,0.18757037987730718,0.030709072909706394,0.0,0.711382081778629,-0.09129559305077665,-0.15686130696760078,0.4666666666666667,0.1,1.1,0.5984126984126984
S28_rs0_trend_only_entry,28,rs0_trend_only_entry,36,QQQ,4,84,2026-03-25,2026-07-24,30,0.16529191329433446,0.08537810026598128,-0.006470714117555232,0.18105579936607744,-0.11678473426971038,-0.07991381302835317,0.3333333333333333,0.23333333333333334,3.066666666666667,0.3734126984126985
S28_rs0_trend_only_entry,28,rs0_trend_only_entry,37,SOX,2,42,2026-02-09,2026-04-09,30,0.0739667827923991,0.03365579913915185,-0.00019999999999997797,0.20667127703038862,-0.11054456292346776,-0.04031098365324725,0.4,0.3,2.6666666666666665,0.32301587301587303
S28_rs0_trend_only_entry,28,rs0_trend_only_entry,38,QQQ,4,84,2025-10-20,2026-02-19,30,-0.011924865115777727,0.058994222648443166,0.022421491147601835,0.2431213468239965,-0.08936274279320815,0.0709190877642209,0.5666666666666667,0.6,3.6,0.4384920634920635
S28_rs0_trend_only_entry,28,rs0_trend_only_entry,39,QQQ,5,105,2025-10-06,2026-03-06,30,-0.011826842319386799,-0.03253034465874031,-0.02345886829419519,-0.2712417955661046,-0.13172903640681474,-0.020703502339353513,0.4,0.4666666666666667,4.433333333333334,0.38476190476190486
S28_rs0_trend_only_entry,28,rs0_trend_only_entry,40,QQQ,4,84,2026-03-10,2026-07-09,30,0.19286544818142737,0.029602381045331652,-0.01295461330983333,0.032107307429575606,-0.12519954596129443,-0.16326306713609567,0.43333333333333335,0.13333333333333333,3.6666666666666665,0.3333333333333333
S28_rs0_trend_only_entry,28,rs0_trend_only_entry,41,SOX,2,42,2025-10-23,2025-12-22,30,0.045437989370258114,-0.0006036635445562988,-0.006077794856713226,-0.06828131692058952,-0.09903661971906454,-0.046041652914814414,0.3,0.16666666666666666,2.1666666666666665,0.34920634920634924
S28_rs0_trend_only_entry,28,rs0_trend_only_entry,42,SOX,5,105,2025-12-11,2026-05-13,30,0.6831679701008619,0.3490755156515886,0.29390262371778664,1.5127509026475605,-0.16810732944169574,-0.3340924544492735,0.9333333333333333,0.1,5.466666666666667,0.5492063492063493
S28_rs0_trend_only_entry,28,rs0_trend_only_entry,43,QQQ,5,105,2025-12-17,2026-05-19,30,0.17139904186326027,0.05118283195402557,0.0006018819015297661,-0.03182172257066662,-0.12000003415868726,-0.1202162099092347,0.5,0.13333333333333333,4.166666666666667,0.36412698412698413
S28_rs0_trend_only_entry,28,rs0_trend_only_entry,44,SOX,1,21,2026-02-04,2026-03-05,30,0.02233789229256522,0.029696183574230938,0.0,0.30316518563350464,-0.06347969285169112,0.007358291281665719,0.4,0.3333333333333333,1.5666666666666667,0.4650793650793651
S28_rs0_trend_only_entry,28,rs0_trend_only_entry,45,SOX,3,63,2026-03-18,2026-06-16,30,0.7485610333591881,0.24369029472916579,0.16220470879127213,1.8255955561842137,-0.10452521826685632,-0.5048707386300223,0.7,0.06666666666666667,2.1333333333333333,0.44126984126984126
S28_rs0_trend_only_entry,28,rs0_trend_only_entry,46,SOX,5,105,2025-11-17,2026-04-20,30,0.47559394241639996,0.1447679053977593,0.07165926470386452,0.721143952260696,-0.15916595401767983,-0.3308260370186406,0.6,0.1,5.133333333333334,0.43365079365079356
S28_rs0_trend_only_entry,28,rs0_trend_only_entry,47,SOX,3,63,2026-05-05,2026-08-04,30,0.12374927967579197,0.06729435952836661,0.010699924810493311,0.609222734952365,-0.112103044204404,-0.05645492014742536,0.5666666666666667,0.3333333333333333,2.2333333333333334,0.24285714285714283
S28_rs0_trend_only_entry,28,rs0_trend_only_entry,48,SOX,5,105,2025-12-30,2026-06-01,30,0.8768276221934912,0.29834649127549523,0.2801090322762295,1.2393997151234606,-0.16159876410785418,-0.578481130917996,0.8,0.1,4.333333333333333,0.4565079365079365
S28_rs0_trend_only_entry,28,rs0_trend_only_entry,49,SOX,2,42,2025-10-20,2025-12-17,30,-0.024992619220604362,-0.037955283907363836,-0.04002940262071458,-1.505522640649404,-0.11808013359836385,-0.012962664686759473,0.16666666666666666,0.36666666666666664,2.566666666666667,0.33253968253968247
S28_rs0_trend_only_entry,28,rs0_trend_only_entry,50,SOX,6,126,2025-11-03,2026-05-05,30,0.5686332851582758,0.2269962076150831,0.0939290016387152,0.8909489768329506,-0.17465210201361014,-0.34163707754319267,0.7333333333333333,0.16666666666666666,6.433333333333334,0.39999999999999997
S28_rs0_trend_only_entry,28,rs0_trend_only_entry,51,QQQ,3,63,2025-11-17,2026-02-18,30,0.004821515733628878,0.028251172517562796,0.0,0.06753869144065083,-0.06372478620277267,0.02342965678393392,0.36666666666666664,0.36666666666666664,2.533333333333333,0.38518518518518513
S28_rs0_trend_only_entry,28,rs0_trend_only_entry,52,QQQ,1,21,2025-10-17,2025-11-14,30,0.00816308065766358,0.014639446804734316,0.0,0.3670296715515306,-0.031452767031999104,0.006476366147070737,0.23333333333333334,0.2,1.0333333333333334,0.3
S28_rs0_trend_only_entry,28,rs0_trend_only_entry,53,SOX,6,126,2025-11-20,2026-05-22,30,1.008388067311781,0.30192185726005866,0.20795743425766955,1.0158752860182667,-0.17145820321448219,-0.7064662100517223,0.8,0.03333333333333333,5.5,0.4425925925925926
S28_rs0_trend_only_entry,28,rs0_trend_only_entry,54,SOX,6,126,2025-11-24,2026-05-27,30,0.9991307244532883,0.39320691068585367,0.33730365282359387,1.3275814136635806,-0.17375226847612638,-0.6059238137674349,0.8,0.06666666666666667,5.333333333333333,0.4653439153439153
S28_rs0_trend_only_entry,28,rs0_trend_only_entry,55,QQQ,2,42,2026-05-07,2026-07-08,30,0.024868117690069358,0.03203796744504479,0.0,0.053507892394903514,-0.08149876758701027,0.007169849754975436,0.36666666666666664,0.3,1.8666666666666667,0.34523809523809523
S28_rs0_trend_only_entry,28,rs0_trend_only_entry,56,SOX,5,105,2025-12-17,2026-05-19,30,0.7426147109287915,0.33645205818398805,0.27509088292786565,1.2647093485491778,-0.15120291854050472,-0.40616265274480334,0.8333333333333334,0.1,4.9,0.4911111111111111
S28_rs0_trend_only_entry,28,rs0_trend_only_entry,57,SOX,5,105,2026-02-09,2026-07-10,30,0.6497275864735734,0.1814413475987218,0.15362135512496866,0.816114753893743,-0.1537627074964078,-0.46828623887485166,0.6333333333333333,0.1,4.4,0.306031746031746
S28_rs0_trend_only_entry,28,rs0_trend_only_entry,58,QQQ,4,84,2025-11-19,2026-03-23,30,-0.017287005361245833,-0.0236220918511961,-0.017086136820315123,-0.5312568963021517,-0.11614185767448842,-0.006335086489950266,0.43333333333333335,0.5,3.6666666666666665,0.4007936507936508
S28_rs0_trend_only_entry,28,rs0_trend_only_entry,59,SOX,4,84,2025-10-02,2026-02-02,30,0.25388465521275094,0.13252888850219713,0.04804296727650814,0.8112559570069322,-0.1253461911964567,-0.12135576671055379,0.6333333333333333,0.23333333333333334,4.0,0.45039682539682535
S28_rs0_trend_only_entry,28,rs0_trend_only_entry,60,QQQ,6,126,2025-12-11,2026-06-12,30,0.1560153389068626,0.022533387162311503,0.00864124272092881,-0.12209144266379397,-0.1657242854821065,-0.1334819517445511,0.5,0.16666666666666666,5.733333333333333,0.34444444444444444
S28_rs0_trend_only_entry,28,rs0_trend_only_entry,61,QQQ,4,84,2025-11-12,2026-03-16,30,-0.03208366481758784,-0.008772952264340406,-0.03693527837067928,-0.2155444526660418,-0.107200963622838,0.023310712553247438,0.36666666666666664,0.5,4.166666666666667,0.3876984126984127
S28_rs0_trend_only_entry,28,rs0_trend_only_entry,62,SOX,2,42,2025-11-11,2026-01-12,30,0.12090136022336107,0.062068679731683236,0.028179928470173476,0.8101068026847492,-0.0880523315155052,-0.05883268049167783,0.6666666666666666,0.23333333333333334,1.9333333333333333,0.4928571428571428
S28_rs0_trend_only_entry,28,rs0_trend_only_entry,63,QQQ,5,105,2025-11-19,2026-04-22,30,0.0948726065866734,0.0031550445693749947,-0.0018761959726711352,-0.08371082767464602,-0.1150088455548039,-0.0917175620172984,0.43333333333333335,0.13333333333333333,4.133333333333334,0.33936507936507937
S28_rs0_trend_only_entry,28,rs0_trend_only_entry,64,SOX,1,21,2025-12-02,2025-12-31,29,-0.004123501574689659,-0.016161355296918613,-0.008240875420279292,-0.6472977590840948,-0.07692472305116879,-0.012037853722228955,0.2413793103448276,0.4827586206896552,1.1379310344827587,0.5894909688013136
S28_rs0_trend_only_entry,28,rs0_trend_only_entry,65,QQQ,5,105,2025-12-05,2026-05-07,30,0.11388494743877131,0.049665183991219046,0.002470276651315939,0.09658355175423004,-0.11733356373685716,-0.06421976344755227,0.5,0.16666666666666666,4.266666666666667,0.3044444444444444
S28_rs0_trend_only_entry,28,rs0_trend_only_entry,66,SOX,1,21,2026-05-06,2026-06-04,30,0.18910167696580138,0.0699745723183254,0.0,1.3860274608894023,-0.07710133988185618,-0.119127104647476,0.4,0.16666666666666666,1.2333333333333334,0.48412698412698413
S28_rs0_trend_only_entry,28,rs0_trend_only_entry,67,QQQ,2,42,2025-10-14,2025-12-11,30,0.04612038035336097,0.02404112595708471,0.0,0.09442494791712815,-0.047430103278412995,-0.022079254396276247,0.3,0.13333333333333333,1.8,0.23888888888888887
S28_rs0_trend_only_entry,28,rs0_trend_only_entry,68,QQQ,2,42,2026-02-13,2026-04-15,30,0.06028006962355015,-0.00919102725992702,0.0,-0.43068214314268405,-0.046584682520266665,-0.06947109688347716,0.23333333333333334,0.1,1.4333333333333333,0.2468253968253968
S28_rs0_trend_only_entry,28,rs0_trend_only_entry,69,QQQ,3,63,2025-12-19,2026-03-23,30,-0.04464797516200314,0.009503043521887685,0.0,-0.01609768065204411,-0.09096993584002275,0.05415101868389082,0.36666666666666664,0.7,2.3,0.4068783068783069
S28_rs0_trend_only_entry,28,rs0_trend_only_entry,70,QQQ,5,105,2026-02-10,2026-07-13,30,0.16673036694159848,0.02429351240847229,0.004124132966332628,0.25478331644871477,-0.11877498934490519,-0.1424368545331262,0.5,0.1,3.8,0.30380952380952386
S28_rs0_trend_only_entry,28,rs0_trend_only_entry,71,SOX,3,63,2026-03-26,2026-06-25,30,0.9020736182671376,0.338164044570794,0.32783037287102945,2.0170450541150786,-0.11511291524856777,-0.5639095736963438,0.8,0.06666666666666667,2.2,0.4899470899470899
S28_rs0_trend_only_entry,28,rs0_trend_only_entry,72,QQQ,4,84,2025-11-10,2026-03-12,30,-0.04043528115938155,0.00523421087370504,0.0,-0.08590174520875134,-0.08971981693901765,0.045669492033086595,0.4666666666666667,0.7,3.1666666666666665,0.39325396825396824
S28_rs0_trend_only_entry,28,rs0_trend_only_entry,73,SOX,1,21,2026-04-17,2026-05-15,30,0.22325654840946219,0.07735266849501832,0.04938432608499577,2.1177298172171533,-0.07394772509239803,-0.14590387991444384,0.6333333333333333,0.16666666666666666,1.2666666666666666,0.6063492063492063
S28_rs0_trend_only_entry,28,rs0_trend_only_entry,74,QQQ,4,84,2026-02-13,2026-06-15,30,0.23760332363516246,0.04816076030258485,-0.0035433446519231304,-0.027264965004605245,-0.11245637938681119,-0.1894425633325776,0.43333333333333335,0.16666666666666666,3.433333333333333,0.3496031746031746
S28_rs0_trend_only_entry,28,rs0_trend_only_entry,75,SOX,4,84,2025-10-01,2026-01-30,30,0.25500240533524954,0.1287978117976697,0.046225522495346394,0.834139940851314,-0.1339662263117286,-0.1262045935375798,0.5666666666666667,0.26666666666666666,4.466666666666667,0.44761904761904764
S28_rs0_trend_only_entry,28,rs0_trend_only_entry,76,SOX,5,105,2025-10-29,2026-03-31,30,0.06377363256451574,0.13596127475345768,-0.0007066314035860111,0.5318213556400893,-0.16407147642625639,0.07218764218894194,0.5,0.4666666666666667,4.866666666666666,0.399047619047619
S28_rs0_trend_only_entry,28,rs0_trend_only_entry,77,QQQ,4,84,2026-01-15,2026-05-15,30,0.14159974087019056,-0.008881326224725513,-0.003644690416136853,-0.2182553536580566,-0.09754676369601495,-0.15048106709491607,0.3333333333333333,0.06666666666666667,3.033333333333333,0.2535714285714285
S28_rs0_trend_only_entry,28,rs0_trend_only_entry,78,QQQ,3,63,2026-04-10,2026-07-10,30,0.18858277168553128,0.09635349367948182,0.007359695978080505,0.3198454324189982,-0.11019899878387575,-0.09222927800604945,0.5333333333333333,0.16666666666666666,2.6,0.41111111111111115
S28_rs0_trend_only_entry,28,rs0_trend_only_entry,79,SOX,6,126,2026-01-02,2026-07-06,30,0.8557958290728414,0.354515557602699,0.3081680589978476,1.4644997835423155,-0.1548112820135006,-0.5012802714701423,0.8666666666666667,0.1,5.033333333333333,0.3976190476190476
S28_rs0_trend_only_entry,28,rs0_trend_only_entry,80,QQQ,3,63,2026-02-12,2026-05-13,30,0.19141450995059528,0.05505883034754467,0.0225077715687394,0.4663434202061473,-0.08288168930787612,-0.13635567960305062,0.5333333333333333,0.1,2.4,0.24126984126984122
S28_rs0_trend_only_entry,28,rs0_trend_only_entry,81,SOX,4,84,2025-10-08,2026-02-06,30,0.19716212143218748,0.18754208860063853,0.0742618417278661,0.8256257031077819,-0.14504199732556708,-0.00962003283154889,0.6,0.3333333333333333,4.666666666666667,0.478968253968254
S28_rs0_trend_only_entry,28,rs0_trend_only_entry,82,SOX,6,126,2025-11-06,2026-05-08,30,0.7525492085960703,0.24587646246266026,0.13585662035104407,0.8896138416144186,-0.1754475563531447,-0.5066727461334101,0.7,0.06666666666666667,6.233333333333333,0.42116402116402113
S28_rs0_trend_only_entry,28,rs0_trend_only_entry,83,QQQ,5,105,2025-10-03,2026-03-05,30,0.010800245974853073,0.01723565273352867,-0.015459239712756312,-0.21239076564463938,-0.12232626287214551,0.006435406758675596,0.43333333333333335,0.4,5.2,0.36444444444444446
S28_rs0_trend_only_entry,28,rs0_trend_only_entry,84,SOX,5,105,2026-01-30,2026-07-01,30,0.7336254149468011,0.23499198096747348,0.1637634197885076,0.6674965075176565,-0.15062951495326835,-0.49863343397932763,0.6333333333333333,0.13333333333333333,4.333333333333333,0.34253968253968264
S28_rs0_trend_only_entry,28,rs0_trend_only_entry,85,QQQ,4,84,2026-01-14,2026-05-14,30,0.16325974802491805,0.032187701228468396,0.005471655157606059,-0.19012592914949067,-0.12487208954382471,-0.13107204679644965,0.5333333333333333,0.26666666666666666,3.6,0.27936507936507937
S28_rs0_trend_only_entry,28,rs0_trend_only_entry,86,QQQ,2,42,2026-01-27,2026-03-26,30,-0.0897065986821538,-0.01613730220980022,-0.0020832869306132706,-0.4963501661719595,-0.0660955811484214,0.07356929647235358,0.23333333333333334,0.8333333333333334,1.5333333333333334,0.27777777777777773
S28_rs0_trend_only_entry,28,rs0_trend_only_entry,87,QQQ,5,105,2026-01-26,2026-06-25,30,0.14806947240726354,0.04404360458777393,-0.0014027739683050156,0.1770339541102862,-0.12763577158035277,-0.10402586781948961,0.43333333333333335,0.23333333333333334,3.8666666666666667,0.2796825396825397
S28_rs0_trend_only_entry,28,rs0_trend_only_entry,88,QQQ,4,84,2026-04-02,2026-08-03,30,0.19805696614851942,0.11825179414624624,0.02710345589632379,0.6797875162455934,-0.09540998642266095,-0.07980517200227319,0.6,0.16666666666666666,2.8666666666666667,0.3341269841269841
S28_rs0_trend_only_entry,28,rs0_trend_only_entry,89,QQQ,6,126,2025-11-11,2026-05-13,30,0.1527796119738951,-0.0451296559281114,-0.020560003368939483,-0.4286741319004258,-0.15149340061096667,-0.19790926790200655,0.4,0.06666666666666667,4.533333333333333,0.31402116402116403
S28_rs0_trend_only_entry,28,rs0_trend_only_entry,90,QQQ,1,21,2026-04-09,2026-05-07,30,0.13889108354489643,0.028978045042641846,0.0,0.298474934710251,-0.034285781972508186,-0.1099130385022546,0.3333333333333333,0.1,0.8,0.2619047619047619
S28_rs0_trend_only_entry,28,rs0_trend_only_entry,91,QQQ,1,21,2025-11-11,2025-12-10,30,0.009717308219191478,-0.003858883495256075,0.0,-0.3277278092439168,-0.0318695877473348,-0.013576191714447553,0.3,0.16666666666666666,1.1666666666666667,0.28095238095238095
S28_rs0_trend_only_entry,28,rs0_trend_only_entry,92,SOX,1,21,2025-10-23,2025-11-20,29,-0.07888401269867429,0.00021583662030239174,0.0,-0.023968369720094407,-0.043747255944655505,0.07909984931897669,0.10344827586206896,0.8275862068965517,0.8620689655172413,0.24302134646962237
S28_rs0_trend_only_entry,28,rs0_trend_only_entry,93,SOX,2,42,2026-01-15,2026-03-17,30,0.009606830235242336,0.03362441431380505,0.0,0.4323317734743758,-0.12181295502582663,0.024017584078562717,0.4666666666666667,0.4666666666666667,2.533333333333333,0.5293650793650793
S28_rs0_trend_only_entry,28,rs0_trend_only_entry,94,SOX,6,126,2025-10-07,2026-04-08,30,0.31663008850172214,0.13591858522166034,0.06850316668237555,0.3339526624387392,-0.1737442536256816,-0.18071150328006183,0.5333333333333333,0.3,6.533333333333333,0.3880952380952381
S28_rs0_trend_only_entry,28,rs0_trend_only_entry,95,SOX,5,105,2026-03-04,2026-08-03,30,0.48806584406312936,0.15873406635795195,0.08235289570636584,0.7498160831383396,-0.13394876615158535,-0.32933177770517735,0.6333333333333333,0.1,3.7666666666666666,0.29047619047619044
S28_rs0_trend_only_entry,28,rs0_trend_only_entry,96,SOX,4,84,2025-10-31,2026-03-04,30,0.11577369902389356,0.17955096135217724,0.09910784761475389,0.946205105369292,-0.13524697733585617,0.06377726232828367,0.6666666666666666,0.4666666666666667,4.033333333333333,0.49166666666666675
S28_rs0_trend_only_entry,28,rs0_trend_only_entry,97,QQQ,5,105,2026-01-21,2026-06-22,30,0.20025391761585465,0.016698845047789488,-0.009224302050052868,-0.09995432773852131,-0.12821707304636829,-0.18355507256806514,0.4,0.03333333333333333,3.8666666666666667,0.26857142857142857
S28_rs0_trend_only_entry,28,rs0_trend_only_entry,98,SOX,4,84,2025-11-03,2026-03-05,30,0.09687680972710866,0.10379659243123675,0.07978071872316839,0.40092840487627596,-0.13953732216922668,0.006919782704128082,0.5666666666666667,0.4,3.6666666666666665,0.46150793650793653
S28_rs0_trend_only_entry,28,rs0_trend_only_entry,99,QQQ,4,84,2026-03-17,2026-07-16,30,0.17287447372802855,0.07287670513148431,0.02822609853375546,0.1846411919040117,-0.11593604591901793,-0.09999776859654425,0.5333333333333333,0.23333333333333334,3.6,0.3111111111111111
S29_ma_10_50_vol14,29,ma_10_50_vol14,0,SOX,6,126,2026-02-02,2026-08-03,30,0.44102187494694367,0.21751000078218663,0.1284614201088058,0.9624118234611331,-0.16091370359066132,-0.223511874164757,0.7,0.16666666666666666,3.6666666666666665,0.35370370370370363
S29_ma_10_50_vol14,29,ma_10_50_vol14,1,QQQ,5,105,2026-02-06,2026-07-09,30,0.18918700857884652,0.02197932248509453,0.0004976173475873535,0.06719818289736165,-0.10882781278988254,-0.16720768609375194,0.5,0.1,2.9,0.29523809523809524
S29_ma_10_50_vol14,29,ma_10_50_vol14,2,QQQ,2,42,2026-03-10,2026-05-07,30,0.14486764824752196,0.033425892432242234,0.0,-0.14668264442191248,-0.04825418287118365,-0.11144175581527974,0.23333333333333334,0.1,1.2666666666666666,0.20873015873015874
S29_ma_10_50_vol14,29,ma_10_50_vol14,3,SOX,2,42,2026-03-02,2026-04-29,30,0.27898660803118935,0.06204993483874737,0.0,0.624245288786981,-0.09720851611264193,-0.21693667319244192,0.43333333333333335,0.16666666666666666,1.8,0.3865079365079365
S29_ma_10_50_vol14,29,ma_10_50_vol14,4,SOX,1,21,2025-12-12,2026-01-13,30,0.11455946028752839,0.09099300028981326,0.07278748027271498,1.5548590373191453,-0.041671031782663445,-0.023566459997715134,0.6333333333333333,0.3,0.8333333333333334,0.6126984126984126
S29_ma_10_50_vol14,29,ma_10_50_vol14,5,QQQ,1,21,2025-12-10,2026-01-09,30,-0.00024313495141548014,0.00914950849521355,0.0,0.9137923879368761,-0.03535129855296907,0.00939264344662903,0.36666666666666664,0.7333333333333333,0.8333333333333334,0.446031746031746
S29_ma_10_50_vol14,29,ma_10_50_vol14,6,QQQ,2,42,2025-11-19,2026-01-21,30,0.02867970385499108,0.0393012731352584,0.0,0.16492929876874687,-0.04648029770671149,0.010621569280267322,0.3,0.2,0.9666666666666667,0.3404761904761904
S29_ma_10_50_vol14,29,ma_10_50_vol14,7,QQQ,4,84,2025-12-23,2026-04-24,30,0.06848812314017638,0.01723680788113355,-0.011348766806471067,-0.25594593384289094,-0.0962361324550173,-0.05125131525904282,0.23333333333333334,0.16666666666666666,2.5,0.2988095238095238
S29_ma_10_50_vol14,29,ma_10_50_vol14,8,SOX,4,84,2025-12-02,2026-04-02,30,0.12375222781732442,0.12950874053036868,0.08326410435769593,0.7514159801390328,-0.1628623624951235,0.005756512713044256,0.6666666666666666,0.43333333333333335,2.2,0.530952380952381
S29_ma_10_50_vol14,29,ma_10_50_vol14,9,QQQ,5,105,2025-12-04,2026-05-06,30,0.11976245697138532,0.04906203482030674,0.0,0.15377010608459477,-0.1079761420342327,-0.07070042215107858,0.4,0.23333333333333334,2.466666666666667,0.33333333333333337
S29_ma_10_50_vol14,29,ma_10_50_vol14,10,QQQ,6,126,2026-01-02,2026-07-06,30,0.18170470980255438,0.07891934678109838,0.04951906573067144,0.362273436289308,-0.13323405041584,-0.10278536302145604,0.5666666666666667,0.16666666666666666,3.3666666666666667,0.2902116402116402
S29_ma_10_50_vol14,29,ma_10_50_vol14,11,SOX,6,126,2026-01-12,2026-07-14,30,0.7210223257714317,0.2897713985493573,0.11346887588759325,1.1205812164500555,-0.14673501259688154,-0.4312509272220744,0.7666666666666667,0.16666666666666666,3.6,0.3936507936507937
S29_ma_10_50_vol14,29,ma_10_50_vol14,12,QQQ,2,42,2026-04-21,2026-06-18,30,0.14944210181132234,0.06934420458997646,0.0,0.6143837340098387,-0.06563134235068135,-0.08009789722134585,0.36666666666666664,0.2,1.0666666666666667,0.3119047619047619
S29_ma_10_50_vol14,29,ma_10_50_vol14,13,QQQ,2,42,2026-04-23,2026-06-23,30,0.096733757308898,0.07880781427245666,0.0,0.37345122168925016,-0.07759656430220291,-0.017925943036441343,0.3333333333333333,0.26666666666666666,1.0,0.36507936507936506
S29_ma_10_50_vol14,29,ma_10_50_vol14,14,SOX,6,126,2025-11-28,2026-06-01,30,0.9313906532026859,0.4139157116890363,0.38725652933167054,1.5009921378763829,-0.16702442772750145,-0.5174749415136496,0.8,0.1,3.0,0.5693121693121693
S29_ma_10_50_vol14,29,ma_10_50_vol14,15,SOX,3,63,2025-10-07,2026-01-06,30,0.16643980317901197,0.12048120368274366,0.025565290119203055,0.7222604575101703,-0.11843294042637643,-0.045958599496268314,0.6,0.3,2.1,0.4486772486772487
S29_ma_10_50_vol14,29,ma_10_50_vol14,16,QQQ,5,105,2026-03-03,2026-07-31,30,0.14633886392324347,0.10274654490716557,0.01700591070426638,0.42742046322713,-0.1187880233438437,-0.043592319016077866,0.6,0.23333333333333334,3.1,0.312063492063492
S29_ma_10_50_vol14,29,ma_10_50_vol14,17,QQQ,6,126,2025-10-14,2026-04-15,30,0.06860527710837205,0.052963663554605724,0.0,0.05078291462897157,-0.13145228533302256,-0.01564161355376633,0.43333333333333335,0.3333333333333333,3.8666666666666667,0.3962962962962963
S29_ma_10_50_vol14,29,ma_10_50_vol14,18,SOX,1,21,2025-12-01,2025-12-30,30,0.02844801203546754,-0.010283838280050717,0.0,-0.500346281088257,-0.05631864498789894,-0.03873185031551826,0.26666666666666666,0.16666666666666666,0.7666666666666667,0.4920634920634922
S29_ma_10_50_vol14,29,ma_10_50_vol14,19,QQQ,1,21,2026-06-10,2026-07-10,30,0.04701997482414466,0.015854021519081614,0.0,-0.01506019909167488,-0.041054639552930434,-0.03116595330506305,0.3333333333333333,0.26666666666666666,0.7666666666666667,0.3492063492063492
S29_ma_10_50_vol14,29,ma_10_50_vol14,20,SOX,5,105,2026-01-12,2026-06-11,30,0.7777860188036576,0.2644442467555691,0.1385459511499939,1.2447405102173934,-0.1583698633864317,-0.5133417720480886,0.7666666666666667,0.06666666666666667,3.3,0.4653968253968254
S29_ma_10_50_vol14,29,ma_10_50_vol14,21,QQQ,1,21,2026-05-29,2026-06-29,30,-0.018195936967648985,-0.029017600001522332,0.0,-0.7642355402569813,-0.07384419765864379,-0.010821663033873349,0.26666666666666666,0.7,0.9,0.3682539682539682
S29_ma_10_50_vol14,29,ma_10_50_vol14,22,QQQ,6,126,2025-12-05,2026-06-08,30,0.14775319061584047,0.007770302517310038,-0.016543449403975397,-0.26993682046880024,-0.12308745151098184,-0.13998288809853043,0.4,0.16666666666666666,3.2333333333333334,0.3193121693121693
S29_ma_10_50_vol14,29,ma_10_50_vol14,23,QQQ,6,126,2025-12-22,2026-06-24,30,0.1503333880697204,0.08679518028863029,0.0,0.04004046275446539,-0.15397794694101136,-0.06353820778109014,0.4666666666666667,0.26666666666666666,3.433333333333333,0.3174603174603175
S29_ma_10_50_vol14,29,ma_10_50_vol14,24,SOX,3,63,2026-04-29,2026-07-29,30,0.03384704571560038,0.1508679273277446,0.033692740523149856,0.9120188934938758,-0.14654736013137087,0.11702088161214422,0.6,0.5,2.3666666666666667,0.3391534391534392
S29_ma_10_50_vol14,29,ma_10_50_vol14,25,SOX,4,84,2025-12-03,2026-04-06,30,0.11461230685363732,0.17754494187529907,0.10795972752699623,1.0200070436486872,-0.17108669937544638,0.06293263502166171,0.7333333333333333,0.5,2.466666666666667,0.588095238095238
S29_ma_10_50_vol14,29,ma_10_50_vol14,26,QQQ,6,126,2026-01-22,2026-07-23,30,0.11733025524972818,0.05226601747043071,0.029456210724471354,-0.0013042488717723252,-0.1476838195878744,-0.06506423777929747,0.6,0.23333333333333334,4.1,0.34820452771272437
S29_ma_10_50_vol14,29,ma_10_50_vol14,27,SOX,6,126,2026-01-30,2026-07-31,30,0.4595466788905487,0.276983344436283,0.15591284422962914,1.0661095174603916,-0.1543843079609947,-0.18256333445426565,0.7333333333333333,0.16666666666666666,3.466666666666667,0.3544973544973545
S29_ma_10_50_vol14,29,ma_10_50_vol14,28,SOX,4,84,2025-12-16,2026-04-17,30,0.40434202049611234,0.2513353838498628,0.14837150975320912,1.3689858857015742,-0.15454192010564025,-0.1530066366462495,0.7666666666666667,0.26666666666666666,2.9,0.5297619047619048
S29_ma_10_50_vol14,29,ma_10_50_vol14,29,QQQ,1,21,2025-12-09,2026-01-08,30,-0.006048386306410247,-0.011504383620466685,0.0,-0.6657755404618766,-0.051524090669934616,-0.005455997314056438,0.3333333333333333,0.6333333333333333,1.0,0.5301587301587302
S29_ma_10_50_vol14,29,ma_10_50_vol14,30,QQQ,1,21,2026-02-20,2026-03-20,30,-0.043938120305549666,-0.024242936402536854,0.0,-1.1789070257250234,-0.039291457172507385,0.019695183903012812,0.06666666666666667,0.7333333333333333,0.6666666666666666,0.2650793650793651
S29_ma_10_50_vol14,29,ma_10_50_vol14,31,QQQ,5,105,2026-01-13,2026-06-12,30,0.15331111924351215,0.028292876533768548,0.0,-0.1533648054667324,-0.12013372440597081,-0.1250182427097436,0.43333333333333335,0.2,2.6,0.266031746031746
S29_ma_10_50_vol14,29,ma_10_50_vol14,32,SOX,6,126,2025-10-31,2026-05-04,30,0.5104293670279658,0.3247424870276705,0.2597175434924789,1.2905013983602243,-0.1716787510688019,-0.1856868800002953,0.8,0.2,3.2666666666666666,0.484920634920635
S29_ma_10_50_vol14,29,ma_10_50_vol14,33,QQQ,3,63,2026-03-04,2026-06-02,30,0.22325153223669747,0.028754951980257158,-0.019919925031693708,-0.13479517821529738,-0.08173676502869208,-0.19449658025644032,0.3,0.13333333333333333,1.5,0.2851851851851851
S29_ma_10_50_vol14,29,ma_10_50_vol14,34,SOX,4,84,2026-02-19,2026-06-18,30,0.7989765146119903,0.20458725779903658,0.13742133561971315,1.1544822466236582,-0.15234489532450998,-0.5943892568129538,0.7,0.0,2.8666666666666667,0.47023809523809523
S29_ma_10_50_vol14,29,ma_10_50_vol14,35,SOX,6,126,2026-01-07,2026-07-09,30,0.7924059779257693,0.3866770851807872,0.21946939583692116,1.2890023905680559,-0.16277159542626468,-0.4057288927449821,0.8,0.13333333333333333,3.4,0.47354497354497355
S29_ma_10_50_vol14,29,ma_10_50_vol14,36,SOX,2,42,2026-06-05,2026-08-05,30,-0.016336638423783523,-0.0386415537419119,0.0,-0.6326145582947011,-0.10824094623412633,-0.022304915318128383,0.16666666666666666,0.5666666666666667,1.2666666666666666,0.2087301587301587
S29_ma_10_50_vol14,29,ma_10_50_vol14,37,SOX,4,84,2026-02-17,2026-06-16,30,0.6715198074699273,0.178457147022098,0.0942163149408024,0.9560354133975539,-0.1560715800532441,-0.49306266044782926,0.6,0.06666666666666667,3.033333333333333,0.45158730158730165
S29_ma_10_50_vol14,29,ma_10_50_vol14,38,SOX,3,63,2026-02-17,2026-05-15,30,0.4369761928323892,0.1405823926549789,0.08666195586373304,0.9131158340033624,-0.14735709841977535,-0.29639380017741035,0.5666666666666667,0.13333333333333333,2.1666666666666665,0.4788359788359788
S29_ma_10_50_vol14,29,ma_10_50_vol14,39,QQQ,5,105,2025-11-07,2026-04-10,30,0.004737772366905979,0.020560520147040677,0.0,-0.1391370941819982,-0.1161050895637892,0.015822747780134698,0.36666666666666664,0.36666666666666664,3.1,0.3358730158730159
S29_ma_10_50_vol14,29,ma_10_50_vol14,40,QQQ,4,84,2025-12-22,2026-04-23,30,0.05334436360453143,0.020430611268834983,-0.010787036411870898,0.05951169117657821,-0.08835201444500486,-0.032913752335696454,0.3,0.26666666666666666,2.466666666666667,0.3158730158730158
S29_ma_10_50_vol14,29,ma_10_50_vol14,41,SOX,1,21,2026-05-19,2026-06-17,30,0.20790512279148965,0.059715382739789026,0.0,1.2421627459681917,-0.06111842830385665,-0.14818974005170063,0.43333333333333335,0.1,0.7333333333333333,0.28095238095238095
S29_ma_10_50_vol14,29,ma_10_50_vol14,42,SOX,4,84,2026-03-11,2026-07-10,30,0.7012318767969596,0.3473335165269778,0.28015156735075286,1.8379611209923838,-0.12282425057385714,-0.35389836026998184,0.8333333333333334,0.16666666666666666,2.9,0.47261904761904755
S29_ma_10_50_vol14,29,ma_10_50_vol14,43,QQQ,6,126,2025-12-08,2026-06-09,30,0.13672651076996623,0.19187685693303339,0.03382954275060135,0.4103791261107288,-0.1559165187627305,0.05515034616306717,0.5,0.4,3.3,0.4100529100529101
S29_ma_10_50_vol14,29,ma_10_50_vol14,44,QQQ,6,126,2025-12-12,2026-06-15,30,0.2155697721095251,0.05885663242613157,-0.022930248498792716,-0.08502899792408075,-0.11317917135663493,-0.15671313968339354,0.3,0.13333333333333333,3.0,0.27619047619047615
S29_ma_10_50_vol14,29,ma_10_50_vol14,45,SOX,1,21,2025-10-20,2025-11-17,30,-0.03211941834758891,0.02011312757525068,0.0,0.44939058510264945,-0.04135895085534609,0.05223254592283958,0.2,0.9,0.6,0.3476190476190476
S29_ma_10_50_vol14,29,ma_10_50_vol14,46,SOX,2,42,2025-10-01,2025-11-28,29,0.0738220361924069,0.04081810177389617,0.0,0.5424536102441607,-0.08343006993155364,-0.03300393441851074,0.3793103448275862,0.2413793103448276,1.3103448275862069,0.3752052545155993
S29_ma_10_50_vol14,29,ma_10_50_vol14,47,SOX,5,105,2025-12-22,2026-05-22,30,0.7695534085388023,0.3414698264544746,0.286458261822247,1.5148811738945576,-0.15813401864967694,-0.4280835820843276,0.8,0.1,3.1,0.5174603174603174
S29_ma_10_50_vol14,29,ma_10_50_vol14,48,QQQ,6,126,2026-01-30,2026-07-31,30,0.10893683601194559,0.06904111910266586,0.01395531451799803,0.24227827762465898,-0.1304499282782915,-0.03989571690927974,0.5333333333333333,0.26666666666666666,3.7,0.30396825396825394
S29_ma_10_50_vol14,29,ma_10_50_vol14,49,QQQ,3,63,2025-11-25,2026-02-26,30,0.0018639307418990558,0.0029795372473952106,0.0,0.2721426145516213,-0.06057536926032337,0.0011156065054961546,0.3333333333333333,0.3333333333333333,1.5666666666666667,0.2619047619047619
S29_ma_10_50_vol14,29,ma_10_50_vol14,50,QQQ,6,126,2025-11-21,2026-05-26,30,0.2407730810269626,0.12083194059318672,0.0,-0.05533944701925431,-0.12445793715007483,-0.11994114043377589,0.43333333333333335,0.16666666666666666,3.0,0.33492063492063484
S29_ma_10_50_vol14,29,ma_10_50_vol14,51,QQQ,5,105,2026-01-20,2026-06-18,30,0.21954058295880663,0.11363298006399564,0.0024621313009302037,0.12069056384693325,-0.13986093426450402,-0.105907602894811,0.5333333333333333,0.23333333333333334,3.4,0.34222222222222226
S29_ma_10_50_vol14,29,ma_10_50_vol14,52,QQQ,5,105,2026-03-02,2026-07-30,30,0.12674771519668493,0.005382224542130332,-0.010704489218668178,-0.14138640331502342,-0.141569987261195,-0.12136549065455461,0.36666666666666664,0.16666666666666666,2.8333333333333335,0.32061507936507944
S29_ma_10_50_vol14,29,ma_10_50_vol14,53,QQQ,1,21,2026-05-01,2026-06-01,30,0.10174293848474258,0.04030039303819528,0.0,0.6415055484571661,-0.01608637605564894,-0.06144254544654731,0.13333333333333333,0.13333333333333333,0.3,0.12539682539682542
S29_ma_10_50_vol14,29,ma_10_50_vol14,54,QQQ,2,42,2026-01-14,2026-03-16,30,-0.03094177377936458,-0.012073333459319017,0.0,-0.5993582650134772,-0.06335958312968841,0.018868440320045563,0.23333333333333334,0.7,1.5666666666666667,0.3365079365079365
S29_ma_10_50_vol14,29,ma_10_50_vol14,55,SOX,3,63,2025-12-10,2026-03-12,30,0.045344481743153864,0.10103143392775883,0.009309922125931402,0.6775785471428291,-0.1430874455705717,0.05568695218460495,0.5333333333333333,0.4666666666666667,1.7,0.5682539682539681
S29_ma_10_50_vol14,29,ma_10_50_vol14,56,SOX,4,84,2026-03-09,2026-07-08,30,0.6726918607972621,0.2986560315684417,0.17995430076307573,1.7884656616702672,-0.12345839445870686,-0.37403582922882017,0.8,0.2,2.7,0.40357142857142847
S29_ma_10_50_vol14,29,ma_10_50_vol14,57,SOX,6,126,2025-11-10,2026-05-12,30,0.7121335120848225,0.39927371131610034,0.2731709106654393,1.5226466962783742,-0.1758219748882963,-0.3128598007687221,0.9,0.2,3.7,0.546031746031746
S29_ma_10_50_vol14,29,ma_10_50_vol14,58,QQQ,6,126,2025-10-13,2026-04-14,30,0.04683226091040038,-0.023902227565545286,-0.05314754108511954,-0.4319796001019147,-0.10906349595241063,-0.07073448847594564,0.2,0.16666666666666666,2.6666666666666665,0.2902116402116402
S29_ma_10_50_vol14,29,ma_10_50_vol14,59,SOX,1,21,2026-03-25,2026-04-23,30,0.27733528997994483,0.1228765396001328,0.09161817900752378,3.680921239213605,-0.05633890480613767,-0.15445875037981202,0.7,0.13333333333333333,0.8666666666666667,0.5095238095238095
S29_ma_10_50_vol14,29,ma_10_50_vol14,60,QQQ,3,63,2026-02-20,2026-05-20,30,0.17286068225634077,0.025498955249189992,0.0,-0.07342073061869368,-0.07651825477526154,-0.14736172700715083,0.43333333333333335,0.1,1.8333333333333333,0.32433862433862426
S29_ma_10_50_vol14,29,ma_10_50_vol14,61,QQQ,4,84,2026-04-08,2026-08-06,30,0.18041111459926817,0.18443725844253203,0.04370593048684901,0.8646957957397267,-0.10052280084841948,0.004026143843263844,0.6333333333333333,0.3333333333333333,2.2666666666666666,0.38096325288106114
S29_ma_10_50_vol14,29,ma_10_50_vol14,62,QQQ,4,84,2026-03-16,2026-07-15,30,0.198298988307277,0.08604335321922933,0.0004976173475873535,0.36538349209668797,-0.11481370361354233,-0.11225563508804765,0.5,0.2,2.466666666666667,0.34484126984126984
S29_ma_10_50_vol14,29,ma_10_50_vol14,63,QQQ,6,126,2026-02-05,2026-08-06,30,0.1998349779688826,0.04075819077752987,0.0,0.28494855575246114,-0.11399805228154827,-0.15907678719135274,0.4,0.13333333333333333,3.533333333333333,0.27328042328042323
S29_ma_10_50_vol14,29,ma_10_50_vol14,64,QQQ,4,84,2026-01-29,2026-05-29,30,0.17446101571622186,0.06131457453615854,0.0,0.1619384411675836,-0.10128125051506327,-0.11314644118006331,0.4,0.16666666666666666,2.4,0.2884920634920635
S29_ma_10_50_vol14,29,ma_10_50_vol14,65,SOX,1,21,2025-10-17,2025-11-14,30,0.0012145038450794843,0.0425719078082705,0.0,0.5971164415634627,-0.049084033019149674,0.041357403963191014,0.3333333333333333,0.3333333333333333,0.7333333333333333,0.426984126984127
S29_ma_10_50_vol14,29,ma_10_50_vol14,66,QQQ,3,63,2026-02-19,2026-05-19,30,0.1639596064866442,0.01912080481212592,0.0,-0.2134105471773161,-0.07333747092301775,-0.1448388016745183,0.3,0.13333333333333333,1.9666666666666666,0.2783068783068783
S29_ma_10_50_vol14,29,ma_10_50_vol14,67,QQQ,4,84,2026-03-31,2026-07-30,30,0.18559408841879899,0.05818761944933744,0.005532547601334703,0.3401318239047482,-0.11162821000730452,-0.12740646896946156,0.5,0.13333333333333333,2.0,0.3567619047619048
S29_ma_10_50_vol14,29,ma_10_50_vol14,68,SOX,5,105,2025-10-06,2026-03-06,30,0.12354003322273233,0.1266748940336406,0.08444240182309226,0.4839097064029375,-0.164426439644072,0.003134860810908306,0.5666666666666667,0.43333333333333335,3.2333333333333334,0.49174603174603176
S29_ma_10_50_vol14,29,ma_10_50_vol14,69,QQQ,3,63,2025-09-29,2025-12-26,30,0.04336491986661195,0.015765836057047584,0.0,0.16431182483254517,-0.08705899945130904,-0.027599083809564367,0.36666666666666664,0.26666666666666666,1.9,0.3730158730158729
S29_ma_10_50_vol14,29,ma_10_50_vol14,70,QQQ,1,21,2026-04-02,2026-05-01,30,0.1524326152513671,0.05342684851223207,0.0,0.5780646898644578,-0.03254728267191433,-0.09900576673913507,0.26666666666666666,0.1,0.6333333333333333,0.29047619047619044
S29_ma_10_50_vol14,29,ma_10_50_vol14,71,SOX,6,126,2025-11-25,2026-05-28,30,1.012327159108564,0.3576078197500864,0.257103883496863,1.3592298634972166,-0.17394156688408105,-0.6547193393584777,0.8,0.06666666666666667,3.433333333333333,0.4777777777777778
S29_ma_10_50_vol14,29,ma_10_50_vol14,72,QQQ,6,126,2025-09-29,2026-03-30,30,-0.0651810010977204,0.01763286921699121,-0.0367010379919509,-0.06678212809622235,-0.13863873021847542,0.08281387031471162,0.3,0.7,2.9,0.38174603174603167
S29_ma_10_50_vol14,29,ma_10_50_vol14,73,QQQ,2,42,2026-04-13,2026-06-10,30,0.12358477363998821,0.020791032462635358,0.0,0.04837707626095673,-0.05669521495038898,-0.10279374117735288,0.3,0.13333333333333333,1.0,0.24444444444444446
S29_ma_10_50_vol14,29,ma_10_50_vol14,74,QQQ,4,84,2026-01-28,2026-05-28,30,0.16314642487379039,-0.0017704535184100497,-0.0013969392415353887,-0.285072064550202,-0.11313639933958242,-0.16491687839220048,0.3,0.13333333333333333,2.3333333333333335,0.2908730158730159
S29_ma_10_50_vol14,29,ma_10_50_vol14,75,QQQ,1,21,2026-01-13,2026-02-11,30,-0.02096638715391519,0.0015208690488625906,0.0,0.10090186292756656,-0.03411559701028521,0.02248725620277778,0.26666666666666666,0.7666666666666667,0.6666666666666666,0.3523809523809523
S29_ma_10_50_vol14,29,ma_10_50_vol14,76,SOX,1,21,2025-12-09,2026-01-08,30,0.025204113054708932,0.033077937985905345,0.027512565773223807,0.79287975014354,-0.07238858717072215,0.007873824931196411,0.5333333333333333,0.5,0.9,0.6285714285714286
S29_ma_10_50_vol14,29,ma_10_50_vol14,77,SOX,4,84,2025-11-28,2026-03-31,30,0.10987511194723121,0.1195306919543077,0.051086463837113794,0.613994982499149,-0.1469871804577571,0.009655580007076451,0.5666666666666667,0.4,2.2666666666666666,0.46388888888888885
S29_ma_10_50_vol14,29,ma_10_50_vol14,78,QQQ,2,42,2026-06-04,2026-08-04,30,-0.021555942437624376,-0.0013608608407980245,0.0,-0.09116601477080394,-0.0737674081878371,0.020195081596826352,0.3,0.7,1.5,0.3280337941628264
S29_ma_10_50_vol14,29,ma_10_50_vol14,79,QQQ,5,105,2025-10-23,2026-03-25,30,-0.034820236821553885,-0.00516132052221077,-0.016450200993280817,-0.0545103347369804,-0.1348192713521007,0.029658916299343117,0.36666666666666664,0.5333333333333333,3.1666666666666665,0.3822222222222222
S29_ma_10_50_vol14,29,ma_10_50_vol14,80,SOX,1,21,2026-07-01,2026-07-30,30,-0.15869603383446207,-0.03985925990892916,0.0,-1.5453321063393244,-0.04712433808073953,0.11883677392553293,0.0,0.9333333333333333,0.7333333333333333,0.1380952380952381
S29_ma_10_50_vol14,29,ma_10_50_vol14,81,QQQ,1,21,2025-11-21,2025-12-22,30,0.05073603776871738,0.005926571629666851,0.0,-0.01819151509607524,-0.029578693945438224,-0.04480946613905053,0.26666666666666666,0.03333333333333333,0.7666666666666667,0.361904761904762
S29_ma_10_50_vol14,29,ma_10_50_vol14,82,QQQ,3,63,2026-05-07,2026-08-06,30,0.029492329381245685,0.08946314016181003,0.033299268534877635,0.8727984995420648,-0.07591487578552952,0.059970810780564356,0.5666666666666667,0.5,1.5666666666666667,0.3216931216931217
S29_ma_10_50_vol14,29,ma_10_50_vol14,83,QQQ,2,42,2026-05-11,2026-07-10,30,0.01824971898403538,0.015290995616530715,0.0,0.24147121260982807,-0.07332523528516921,-0.0029587233675046638,0.43333333333333335,0.36666666666666664,1.2,0.27936507936507937
S29_ma_10_50_vol14,29,ma_10_50_vol14,84,QQQ,3,63,2025-11-25,2026-02-26,30,0.0018639307418990558,0.05851974107328666,0.0,0.7772581115027931,-0.07363088833600918,0.056655810331387606,0.4666666666666667,0.4666666666666667,1.9,0.4052910052910053
S29_ma_10_50_vol14,29,ma_10_50_vol14,85,SOX,4,84,2026-03-23,2026-07-22,30,0.6512190604152013,0.23726076865023824,0.18368250518165907,1.4475750651870303,-0.1278595925824721,-0.41395829176496296,0.7333333333333333,0.06666666666666667,2.066666666666667,0.3865079365079366
S29_ma_10_50_vol14,29,ma_10_50_vol14,86,QQQ,4,84,2025-11-10,2026-03-12,30,-0.04043528115938155,-0.0022941741844167197,0.0,-0.19067572300136698,-0.09283762804889796,0.038141106974964825,0.3333333333333333,0.6333333333333333,2.2333333333333334,0.34880952380952374
S29_ma_10_50_vol14,29,ma_10_50_vol14,87,SOX,4,84,2025-11-12,2026-03-16,30,0.1289917680599746,0.12122945281473566,0.051086463837113794,0.5817266082300049,-0.1475075940700392,-0.007762315245238927,0.5666666666666667,0.4666666666666667,2.1333333333333333,0.48134920634920636
S29_ma_10_50_vol14,29,ma_10_50_vol14,88,QQQ,5,105,2025-10-21,2026-03-23,30,-0.03578796230008929,-0.03829589205746084,-0.05666939717372327,-0.5756240930347292,-0.12939928183413152,-0.002507929757371541,0.23333333333333334,0.43333333333333335,2.7333333333333334,0.30158730158730157
S29_ma_10_50_vol14,29,ma_10_50_vol14,89,SOX,2,42,2025-10-24,2025-12-23,29,0.032268032153864645,0.017250656906127114,0.0,0.013884857722519944,-0.10422642817057401,-0.015017375247737531,0.4482758620689655,0.27586206896551724,1.7241379310344827,0.3694581280788178
S29_ma_10_50_vol14,29,ma_10_50_vol14,90,QQQ,5,105,2026-01-30,2026-07-01,30,0.16886541640710862,0.08564602663290517,0.0,0.15652139635844964,-0.11487173706693823,-0.08321938977420346,0.43333333333333335,0.2,2.5,0.2901587301587302
S29_ma_10_50_vol14,29,ma_10_50_vol14,91,QQQ,2,42,2025-12-26,2026-02-26,30,-0.0234817829645505,0.02246148876123411,0.0,0.5842341049335642,-0.059060603510224824,0.04594327172578462,0.4,0.7,1.4333333333333333,0.3865079365079364
S29_ma_10_50_vol14,29,ma_10_50_vol14,92,QQQ,4,84,2025-11-24,2026-03-26,30,-0.049418875078361846,0.001254882735466456,-0.03459959977346433,-0.19164031162433587,-0.0987041042941749,0.05067375781382831,0.3,0.5666666666666667,2.7,0.323015873015873
S29_ma_10_50_vol14,29,ma_10_50_vol14,93,QQQ,4,84,2025-12-16,2026-04-17,30,0.06335134243114204,0.03084694363969397,0.0,0.10223391281102692,-0.09835932994824306,-0.03250439879144808,0.36666666666666664,0.23333333333333334,2.3666666666666667,0.3638888888888889
S29_ma_10_50_vol14,29,ma_10_50_vol14,94,QQQ,4,84,2026-04-08,2026-08-06,30,0.18041111459926817,0.16104224994044827,0.06771123517928268,1.06279417845345,-0.09967395915002572,-0.019368864658819904,0.7333333333333333,0.3333333333333333,2.466666666666667,0.3202380952380953
S29_ma_10_50_vol14,29,ma_10_50_vol14,95,QQQ,3,63,2026-03-04,2026-06-02,30,0.22325153223669747,0.08614996434784036,0.0,0.2060819775336119,-0.0798405011013631,-0.13710156788885713,0.4,0.23333333333333334,1.7333333333333334,0.2523809523809524
S29_ma_10_50_vol14,29,ma_10_50_vol14,96,QQQ,1,21,2026-03-09,2026-04-07,30,-0.030320866052759965,-0.02452658707020193,-1.9757909159201503e-05,-0.982458766367133,-0.04063594563063166,0.005794278982558036,0.06666666666666667,0.7,1.1,0.2523809523809523
S29_ma_10_50_vol14,29,ma_10_50_vol14,97,QQQ,2,42,2026-05-18,2026-07-17,30,-0.013863302667955435,0.051417345904919705,0.019819019119985404,0.7522405513907485,-0.07697653331874986,0.06528064857287513,0.5666666666666667,0.8,1.3,0.4047619047619047
S29_ma_10_50_vol14,29,ma_10_50_vol14,98,QQQ,6,126,2025-10-23,2026-04-24,30,0.09006759679818166,0.022921068391460922,0.0,-0.007602132715377282,-0.10593404966104525,-0.06714652840672074,0.4666666666666667,0.26666666666666666,3.1333333333333333,0.27116402116402116
S29_ma_10_50_vol14,29,ma_10_50_vol14,99,SOX,1,21,2025-10-24,2025-11-21,29,-0.08460079230577355,0.0003453838679143686,0.0,-0.3326841757233712,-0.05713832625776696,0.08494617617368792,0.10344827586206896,0.8620689655172413,0.7241379310344828,0.28899835796387524
S30_short_horizon,30,short_horizon,0,QQQ,1,21,2026-01-29,2026-02-27,30,-0.03517456307352229,0.014494785811207408,0.0,0.361414710132067,-0.01640086773732418,0.0496693488847297,0.26666666666666666,0.9,1.0333333333333334,0.2285714285714286
S30_short_horizon,30,short_horizon,1,SOX,3,63,2026-04-02,2026-07-02,30,0.668351814761732,0.11658411867317242,0.058664933302159605,1.0740422659753943,-0.0894255984797535,-0.5517676960885596,0.5333333333333333,0.0,2.2333333333333334,0.25449735449735444
S30_short_horizon,30,short_horizon,2,SOX,4,84,2025-11-14,2026-03-18,30,0.174942577491225,0.007682177411390382,-0.04541767396235641,-0.4215951021528432,-0.15349640542164342,-0.16726040007983464,0.36666666666666664,0.16666666666666666,4.866666666666666,0.2952380952380952
S30_short_horizon,30,short_horizon,3,SOX,2,42,2026-02-17,2026-04-16,30,0.14713384693206955,-0.046492820407019145,-0.0547419900346135,-1.106530593491886,-0.11726353005638031,-0.19362666733908868,0.23333333333333334,0.06666666666666667,2.8666666666666667,0.24126984126984125
S30_short_horizon,30,short_horizon,4,QQQ,5,105,2026-02-13,2026-07-16,30,0.17558307182151967,0.0975767088978186,0.037282727564853846,0.7069202626758112,-0.09933394549849575,-0.07800636292370104,0.6333333333333333,0.2,4.8,0.26285714285714284
S30_short_horizon,30,short_horizon,5,QQQ,5,105,2026-01-05,2026-06-04,30,0.19992860322081452,0.042020013654543074,0.002142335848735688,0.18468917743695698,-0.10878457116335488,-0.15790858956627143,0.5,0.13333333333333333,4.5,0.2253968253968254
S30_short_horizon,30,short_horizon,6,QQQ,3,63,2025-11-14,2026-02-17,30,-0.01114419429381841,0.04053379888814172,0.006445499869003668,0.6298738193815248,-0.0674279697071458,0.05167799318196014,0.5333333333333333,0.6666666666666666,3.2,0.3671957671957672
S30_short_horizon,30,short_horizon,7,QQQ,6,126,2025-10-29,2026-04-30,30,0.05296464456581873,0.025255747144837373,-0.032072962412084516,-0.008192157248808047,-0.10329342273518612,-0.027708897420981357,0.36666666666666664,0.3333333333333333,6.033333333333333,0.2642857142857143
S30_short_horizon,30,short_horizon,8,QQQ,1,21,2026-05-05,2026-06-03,30,0.0918414208785665,0.039840375041334856,0.0,0.41275388331856583,-0.027803646334584795,-0.052001045837231634,0.3,0.2,1.1,0.1984126984126984
S30_short_horizon,30,short_horizon,9,QQQ,6,126,2025-11-03,2026-05-05,30,0.0811111588148794,-0.007676504207986642,-0.049764482102424845,-0.49480404434800884,-0.12472098201290809,-0.08878766302286606,0.3333333333333333,0.13333333333333333,5.933333333333334,0.24550264550264556
S30_short_horizon,30,short_horizon,10,QQQ,5,105,2026-03-04,2026-08-03,30,0.14895309054283024,0.01508555449570187,0.009668427403105584,0.10924238023231028,-0.10742118504634017,-0.13386753604712837,0.5333333333333333,0.1,5.366666666666666,0.24800405268490375
S30_short_horizon,30,short_horizon,11,QQQ,5,105,2026-01-23,2026-06-24,30,0.14384950400889718,0.04683750652322851,0.004162788947128404,0.3429471860263997,-0.09489489818933489,-0.09701199748566865,0.5333333333333333,0.2,4.333333333333333,0.2342857142857143
S30_short_horizon,30,short_horizon,12,SOX,1,21,2026-03-05,2026-04-02,30,0.006096698929190625,-0.03014353772516307,-0.00019999999999997797,-1.9110682714366132,-0.06841272636202596,-0.03624023665435369,0.2,0.13333333333333333,1.6666666666666667,0.1746031746031746
S30_short_horizon,30,short_horizon,13,SOX,3,63,2025-10-09,2026-01-08,29,0.10289198881059192,-0.0227559027989962,-0.018520046266753853,-0.7492014523299563,-0.10868395449320609,-0.12564789160958814,0.3103448275862069,0.1724137931034483,3.4482758620689653,0.27586206896551724
S30_short_horizon,30,short_horizon,14,QQQ,4,84,2025-11-12,2026-03-16,30,-0.03208366481758784,-0.004109671963735532,-0.010647353690169448,-0.1997741499875042,-0.07780846307932661,0.02797399285385231,0.36666666666666664,0.6333333333333333,4.166666666666667,0.2876984126984128
S30_short_horizon,30,short_horizon,15,QQQ,4,84,2026-01-28,2026-05-28,30,0.16314642487379039,-0.003042333963294508,-0.003982857652703842,-0.18714482910803737,-0.08468528891218076,-0.16618875883708498,0.4,0.0,3.3333333333333335,0.22976190476190475
S30_short_horizon,30,short_horizon,16,QQQ,4,84,2025-10-07,2026-02-05,30,-0.011101262463333206,-0.006675297173502337,-0.012806008298562044,-0.17255441846526193,-0.08565203850731312,0.004425965289830869,0.36666666666666664,0.5,3.8333333333333335,0.2888888888888889
S30_short_horizon,30,short_horizon,17,SOX,4,84,2025-11-12,2026-03-16,30,0.1289917680599746,0.015076519728060341,-0.029178462890464607,-0.24595501968050376,-0.14116095234236356,-0.11391524833191423,0.4,0.23333333333333334,5.1,0.2884920634920635
S30_short_horizon,30,short_horizon,18,SOX,1,21,2026-03-27,2026-04-27,30,0.4078458770475448,0.16230388313207772,0.12708760795267648,3.3415532916927333,-0.04142289999220606,-0.24554199391546708,0.7,0.13333333333333333,1.4,0.41428571428571426
S30_short_horizon,30,short_horizon,19,SOX,3,63,2025-10-31,2026-02-02,30,0.15219953290616206,0.037539842314916944,-0.0008795810377713043,-0.05207353758992729,-0.11328681593059317,-0.11465969059124512,0.4666666666666667,0.23333333333333334,3.6,0.3126984126984127
S30_short_horizon,30,short_horizon,20,SOX,6,126,2025-10-10,2026-04-13,30,0.4491673460012213,0.044466807562394954,-0.03662138970670431,-0.2814278006011025,-0.17819844033407878,-0.4047005384388263,0.4,0.06666666666666667,7.433333333333334,0.267989417989418
S30_short_horizon,30,short_horizon,21,QQQ,4,84,2025-11-17,2026-03-19,30,-0.01636005142895991,-0.007892404440080785,-0.02028945548239136,-0.1949605097217414,-0.08983208157586484,0.008467646988879125,0.3,0.43333333333333335,4.066666666666666,0.32103174603174606
S30_short_horizon,30,short_horizon,22,SOX,6,126,2025-10-02,2026-04-02,30,0.20812641348315486,-0.013924710210684924,-0.04985485515943838,-0.35014478339015015,-0.1782506283777294,-0.22205112369383972,0.36666666666666664,0.13333333333333333,7.033333333333333,0.26693121693121696
S30_short_horizon,30,short_horizon,23,SOX,4,84,2025-11-25,2026-03-27,30,0.14307622261734187,0.023063613148191837,-0.0201044634588583,-0.17797505270322483,-0.155956638460971,-0.12001260946915006,0.43333333333333335,0.26666666666666666,5.033333333333333,0.3281746031746032
S30_short_horizon,30,short_horizon,24,QQQ,3,63,2026-02-24,2026-05-22,30,0.18190525832585958,0.009743552506164772,-0.017942308568552334,-0.4386057393787441,-0.08289439878210962,-0.1721617058196948,0.3,0.13333333333333333,2.9,0.21005291005291007
S30_short_horizon,30,short_horizon,25,SOX,6,126,2025-10-28,2026-04-29,30,0.48111989000240474,0.02837780378300159,-0.02544949402539659,-0.16367116393959222,-0.18659477338725114,-0.45274208621940315,0.4,0.03333333333333333,7.433333333333334,0.2674603174603174
S30_short_horizon,30,short_horizon,26,SOX,6,126,2025-09-29,2026-03-30,30,0.15433411382016882,0.023414444379144236,-0.030186459775091268,-0.29721103475977234,-0.18070431943603127,-0.1309196694410246,0.36666666666666664,0.23333333333333334,6.833333333333333,0.2746031746031746
S30_short_horizon,30,short_horizon,27,QQQ,2,42,2026-01-14,2026-03-16,30,-0.03094177377936458,-0.009010613006916073,-0.00039999999999995595,-0.44755488222459416,-0.05211250826160321,0.021931160772448506,0.3,0.7,2.6333333333333333,0.24206349206349206
S30_short_horizon,30,short_horizon,28,QQQ,6,126,2025-10-08,2026-04-09,30,0.000501433970914178,-0.059309378756508685,-0.055272657591400265,-0.5644544599233893,-0.13623300005384198,-0.05981081272742286,0.23333333333333334,0.23333333333333334,5.9,0.24576719576719575
S30_short_horizon,30,short_horizon,29,SOX,2,42,2025-12-12,2026-02-12,30,0.17542065172961707,0.10511580597063092,0.07339959389109241,0.20055976026406355,-0.08387226494751582,-0.07030484575898616,0.5666666666666667,0.3333333333333333,3.066666666666667,0.48174603174603176
S30_short_horizon,30,short_horizon,30,QQQ,5,105,2026-01-09,2026-06-10,30,0.10837737707325146,0.012788761940719795,-0.002335572999591362,-0.047166629286344554,-0.10330776797504247,-0.09558861513253165,0.36666666666666664,0.2,4.6,0.23174603174603176
S30_short_horizon,30,short_horizon,31,QQQ,6,126,2026-02-04,2026-08-05,30,0.18694802301290303,0.043289963194537,0.01839830366303785,0.2665793588327386,-0.1218295260702811,-0.14365805981836605,0.6,0.13333333333333333,5.7,0.23227513227513225
S30_short_horizon,30,short_horizon,32,SOX,5,105,2025-12-15,2026-05-15,30,0.7099386095424811,0.14219027079959468,0.045929754588746374,0.42748042717155443,-0.15228558946314152,-0.5677483387428863,0.5333333333333333,0.03333333333333333,6.5,0.34222222222222226
S30_short_horizon,30,short_horizon,33,QQQ,2,42,2026-04-22,2026-06-22,30,0.12768995871861688,0.08314105265776339,0.0,0.6481744149274851,-0.04816986849590984,-0.04454890606085351,0.4666666666666667,0.23333333333333334,2.033333333333333,0.27460317460317457
S30_short_horizon,30,short_horizon,34,SOX,3,63,2026-02-13,2026-05-14,30,0.4953944540492021,0.0030749274676322713,-0.038011679211132354,-0.3332614287498578,-0.128224153137818,-0.4923195265815699,0.3333333333333333,0.0,3.2333333333333334,0.2746031746031746
S30_short_horizon,30,short_horizon,35,QQQ,2,42,2025-10-20,2025-12-17,30,-0.018200029129502693,-0.015180500538847733,0.0,-0.4975850064191719,-0.05830465840371527,0.003019528590654959,0.36666666666666664,0.6333333333333333,2.2333333333333334,0.24444444444444444
S30_short_horizon,30,short_horizon,36,QQQ,2,42,2026-04-02,2026-06-02,30,0.27553076936816345,0.10383888577340196,0.0,0.8754145461822944,-0.05443327709169925,-0.17169188359476148,0.4666666666666667,0.16666666666666666,1.8,0.26111111111111107
S30_short_horizon,30,short_horizon,37,SOX,2,42,2026-01-09,2026-03-11,30,0.04048293395479541,-0.015008017474321364,-0.001674010611244836,-0.5279079939774038,-0.11738333623012824,-0.055490951429116774,0.36666666666666664,0.23333333333333334,2.9,0.32698412698412704
S30_short_horizon,30,short_horizon,38,QQQ,6,126,2025-11-20,2026-05-22,30,0.228286228145548,0.03468645429566957,-0.017328161419952692,0.08110445686829747,-0.1006728278132922,-0.19359977384987842,0.36666666666666664,0.13333333333333333,5.0,0.223015873015873
S30_short_horizon,30,short_horizon,39,SOX,6,126,2025-10-10,2026-04-13,30,0.4491673460012213,0.026508156765245303,-0.04193364149715839,-0.4695004278026161,-0.18115035909243798,-0.42265918923597595,0.4,0.06666666666666667,7.1,0.24470899470899474
S30_short_horizon,30,short_horizon,40,SOX,6,126,2025-11-05,2026-05-07,30,0.615167354577042,0.06454398863181038,0.00968315050704005,0.12646255332392461,-0.1672774792194384,-0.5506233659452316,0.5333333333333333,0.03333333333333333,6.633333333333334,0.26005291005291004
S30_short_horizon,30,short_horizon,41,QQQ,4,84,2026-01-08,2026-05-08,30,0.14772152134628924,0.02724458890381192,0.0,-0.156107920700926,-0.08036695585290428,-0.12047693244247733,0.3333333333333333,0.1,2.933333333333333,0.17896825396825397
S30_short_horizon,30,short_horizon,42,SOX,3,63,2026-03-31,2026-06-30,30,0.9505394578193211,0.13706091068516024,0.04184999869983397,1.47526208245787,-0.06019951785963828,-0.8134785471341608,0.5333333333333333,0.0,2.3333333333333335,0.19894179894179898
S30_short_horizon,30,short_horizon,43,SOX,5,105,2025-12-23,2026-05-26,30,0.8705446464027979,0.15077090575302862,0.10399234296698456,0.50130412234281,-0.16997228783907958,-0.7197737406497692,0.6333333333333333,0.03333333333333333,6.166666666666667,0.3228571428571429
S30_short_horizon,30,short_horizon,44,QQQ,4,84,2026-02-19,2026-06-18,30,0.22881662131638825,0.02475621941132754,-0.003450169478928178,-0.29356275861832504,-0.08051709461840827,-0.20406040190506067,0.36666666666666664,0.1,3.3,0.1817460317460318
S30_short_horizon,30,short_horizon,45,SOX,2,42,2026-05-26,2026-07-24,30,-0.0751280912586888,-0.03375094390948686,0.0,-0.222958300068583,-0.08412486926232887,0.041377147349201934,0.13333333333333333,0.7,1.7333333333333334,0.13492063492063494
S30_short_horizon,30,short_horizon,46,SOX,6,126,2026-01-09,2026-07-13,30,0.6856684619187268,0.09050744124179301,0.0242038149985907,0.43195417598159414,-0.1630381795035072,-0.5951610206769338,0.5666666666666667,0.03333333333333333,6.233333333333333,0.2171957671957672
S30_short_horizon,30,short_horizon,47,SOX,4,84,2025-12-11,2026-04-14,30,0.2783780379079748,0.011333829757229038,-0.03649014879017021,-0.4979259518839637,-0.16278324884319584,-0.26704420815074575,0.43333333333333335,0.1,5.633333333333334,0.348015873015873
S30_short_horizon,30,short_horizon,48,SOX,2,42,2026-03-31,2026-05-29,30,0.7315160251565831,0.13429365486489253,0.03860957060163095,1.9393151985190271,-0.059372456165108035,-0.5972223702916906,0.5333333333333333,0.03333333333333333,2.2333333333333334,0.3
S30_short_horizon,30,short_horizon,49,QQQ,5,105,2026-01-27,2026-06-26,30,0.12209575831893438,0.016272499964905516,-0.022337798862967884,0.1400136620864014,-0.12106351148893586,-0.10582325835402885,0.4666666666666667,0.13333333333333333,5.333333333333333,0.27174603174603174
S30_short_horizon,30,short_horizon,50,QQQ,1,21,2026-01-12,2026-02-10,30,-0.025033100528154995,0.013417204134931759,0.0,0.4077080128209827,-0.03150913484665006,0.03845030466308675,0.4,0.8,1.0666666666666667,0.4142857142857143
S30_short_horizon,30,short_horizon,51,QQQ,4,84,2026-02-05,2026-06-05,30,0.18243470414134189,0.04868537822566122,0.0,-0.2019667443304281,-0.09197656370295983,-0.13374932591568067,0.43333333333333335,0.16666666666666666,4.066666666666666,0.2273809523809524
S30_short_horizon,30,short_horizon,52,SOX,5,105,2026-02-11,2026-07-14,30,0.57840007029586,0.03211920427217571,-0.04426605524727939,-0.16001095203221338,-0.15198119607435814,-0.5462808660236844,0.36666666666666664,0.03333333333333333,4.8,0.19904761904761906
S30_short_horizon,30,short_horizon,53,QQQ,5,105,2025-12-11,2026-05-13,30,0.1453902053044196,0.03981883452717393,0.015932977814675064,0.049798757310615026,-0.10501168952560128,-0.10557137077724565,0.5333333333333333,0.13333333333333333,4.533333333333333,0.3057142857142857
S30_short_horizon,30,short_horizon,54,QQQ,1,21,2026-05-07,2026-06-05,30,0.014562402546714814,0.02751031056811937,0.0,-0.09964041683055905,-0.04688065273465141,0.012947908021404556,0.23333333333333334,0.23333333333333334,1.1333333333333333,0.2571428571428572
S30_short_horizon,30,short_horizon,55,SOX,3,63,2026-03-16,2026-06-12,30,0.7660283383550617,0.08867129860265836,0.059413409885824,0.9362436315932823,-0.10544246151349175,-0.6773570397524034,0.6,0.0,2.7,0.27513227513227506
S30_short_horizon,30,short_horizon,56,QQQ,1,21,2026-06-25,2026-07-24,30,-0.044878450256748414,-0.017726544425488495,0.0,-0.7087101049375009,-0.0545053668268406,0.02715190583125992,0.3,0.7333333333333333,1.4333333333333333,0.3222222222222222
S30_short_horizon,30,short_horizon,57,SOX,5,105,2026-01-07,2026-06-08,30,0.7599866320506741,0.10641124502068136,0.032987348674066386,0.4843187668788384,-0.1521185926687699,-0.6535753870299926,0.6333333333333333,0.0,5.866666666666666,0.2857142857142857
S30_short_horizon,30,short_horizon,58,QQQ,6,126,2025-11-10,2026-05-12,30,0.13769257973244708,0.027552397307120925,-0.012099150731032016,0.24894689493501893,-0.11231072052139345,-0.11014018242532614,0.4666666666666667,0.13333333333333333,5.666666666666667,0.30978835978835984
S30_short_horizon,30,short_horizon,59,QQQ,6,126,2026-02-02,2026-08-03,30,0.12071264365120671,0.02558269557258184,0.027624792373076912,0.3621435564225766,-0.1227207115829471,-0.09512994807862488,0.6,0.23333333333333334,6.0,0.2723395445134576
S30_short_horizon,30,short_horizon,60,QQQ,1,21,2026-04-14,2026-05-12,30,0.12510347332089378,0.05257721567107111,0.0,0.7412648787516563,-0.03829396565367302,-0.07252625764982266,0.36666666666666664,0.26666666666666666,1.2,0.34761904761904755
S30_short_horizon,30,short_horizon,61,QQQ,4,84,2025-12-31,2026-05-01,30,0.0987939124472359,0.040086238932576075,0.0,0.07411191866989818,-0.08597409016081432,-0.058707673514659844,0.4666666666666667,0.23333333333333334,3.566666666666667,0.2353174603174603
S30_short_horizon,30,short_horizon,62,SOX,6,126,2025-12-05,2026-06-08,30,0.8508075756552427,0.09501065246597123,0.014008408011948026,0.23470936860518246,-0.1808285068794591,-0.7557969231892715,0.5333333333333333,0.0,7.333333333333333,0.312962962962963
S30_short_horizon,30,short_horizon,63,QQQ,4,84,2026-02-17,2026-06-16,30,0.21533397141026023,0.10499343571451751,0.016382574447609155,0.26666219879059583,-0.09658623176852202,-0.11034053569574273,0.5,0.26666666666666666,4.233333333333333,0.2615079365079365
S30_short_horizon,30,short_horizon,64,QQQ,5,105,2025-10-10,2026-03-12,30,0.014468964539720464,-0.03378664288027956,-0.04886132608455346,-0.7525042643966576,-0.09993948165509446,-0.04825560742000003,0.23333333333333334,0.23333333333333334,5.2,0.28158730158730155
S30_short_horizon,30,short_horizon,65,SOX,3,63,2026-04-29,2026-07-29,30,0.03384704571560038,0.040312086771013084,0.0,-0.01602228909707161,-0.08322323007566218,0.006465041055412709,0.26666666666666666,0.23333333333333334,1.9666666666666666,0.15608465608465608
S30_short_horizon,30,short_horizon,66,QQQ,2,42,2025-12-31,2026-03-03,30,-0.020722437530779625,0.0027158621460485386,-0.005967498431654228,-0.43805081611562957,-0.05866256313709865,0.023438299676828162,0.36666666666666664,0.6,2.466666666666667,0.26587301587301587
S30_short_horizon,30,short_horizon,67,SOX,6,126,2026-01-27,2026-07-28,30,0.40137947130129015,0.07391474875181593,0.004879136233620129,0.18223028552456727,-0.14980740243926932,-0.3274647225494742,0.5666666666666667,0.13333333333333333,5.566666666666666,0.2248677248677249
S30_short_horizon,30,short_horizon,68,SOX,3,63,2025-11-24,2026-02-25,30,0.3036404809673894,0.12071412024864636,0.10382325430096062,1.001075614833234,-0.11050081701977761,-0.18292636071874305,0.6666666666666666,0.2,3.533333333333333,0.3899470899470899
S30_short_horizon,30,short_horizon,69,SOX,4,84,2026-01-12,2026-05-12,30,0.5629116473347304,0.10619863217845399,0.05381862743906585,0.6809527713881011,-0.16173093759103027,-0.45671301515627644,0.7,0.0,4.933333333333334,0.3190476190476191
S30_short_horizon,30,short_horizon,70,QQQ,4,84,2026-01-26,2026-05-26,30,0.1690609295520853,0.06751921056294537,0.02991865789677517,0.7069599886168536,-0.09871288208603658,-0.10154171898913991,0.6333333333333333,0.23333333333333334,3.533333333333333,0.29404761904761906
S30_short_horizon,30,short_horizon,71,SOX,5,105,2025-11-21,2026-04-24,30,0.7079390965614893,0.10648829150088854,0.04234374482664749,0.47082038209619953,-0.18080847020638863,-0.6014508050606008,0.5666666666666667,0.03333333333333333,5.9,0.32190476190476186
S30_short_horizon,30,short_horizon,72,QQQ,6,126,2025-12-05,2026-06-08,30,0.14775319061584047,0.036541707396605526,0.00967522864569692,0.13217641477304207,-0.10536131317430983,-0.11121148321923498,0.5,0.2,5.1,0.23306878306878306
S30_short_horizon,30,short_horizon,73,SOX,3,63,2026-02-19,2026-05-19,30,0.3968244565014418,0.022473532566905517,-0.020110559818343365,-0.19593412489922254,-0.12101677141718022,-0.37435092393453634,0.36666666666666664,0.03333333333333333,3.466666666666667,0.274074074074074
S30_short_horizon,30,short_horizon,74,SOX,1,21,2025-10-16,2025-11-13,29,0.0013842045260121782,0.015292882195656058,0.0,-0.4144757933051909,-0.0340680247172101,0.01390867766964388,0.1724137931034483,0.1724137931034483,0.9310344827586207,0.19211822660098524
S30_short_horizon,30,short_horizon,75,QQQ,6,126,2025-10-10,2026-04-13,30,0.04998286435992627,0.00240589362359603,0.0036229992653000753,-0.09082679079886095,-0.12987825819718377,-0.04757697073633024,0.5,0.36666666666666664,6.6,0.3097883597883598
S30_short_horizon,30,short_horizon,76,QQQ,1,21,2025-11-18,2025-12-17,30,0.006875523530708527,-0.008429497426759698,0.0,-0.5047073641304772,-0.04002292770969103,-0.015305020957468225,0.36666666666666664,0.3,1.1,0.3587301587301587
S30_short_horizon,30,short_horizon,77,QQQ,6,126,2025-10-30,2026-05-01,30,0.07957789690732953,0.01860577726769882,-0.026041327623420707,-0.22322392350120168,-0.09923358548641274,-0.06097211963963071,0.43333333333333335,0.26666666666666666,5.433333333333334,0.2441798941798942
S30_short_horizon,30,short_horizon,78,QQQ,5,105,2026-02-17,2026-07-17,30,0.1591084531694642,0.07473552891103857,0.03329471249083871,0.39784507455550777,-0.11690294857157306,-0.08437292425842562,0.6666666666666666,0.16666666666666666,4.933333333333334,0.23238095238095238
S30_short_horizon,30,short_horizon,79,SOX,5,105,2026-03-03,2026-07-31,30,0.5097705234468746,0.0812458381516052,0.05079802455795479,0.1043859713418587,-0.12959398710772685,-0.42852468529526927,0.6,0.03333333333333333,5.333333333333333,0.19968253968253966
S30_short_horizon,30,short_horizon,80,SOX,1,21,2026-06-09,2026-07-09,30,0.03528693158642149,0.011150307163154493,0.0,0.11099352138587575,-0.035761190462786425,-0.024136624423266993,0.16666666666666666,0.16666666666666666,0.8333333333333334,0.1285714285714286
S30_short_horizon,30,short_horizon,81,SOX,1,21,2026-06-22,2026-07-21,30,-0.15621136440469174,-0.0249152055701176,0.0,-0.5452099776336509,-0.038715051205849796,0.13129615883457413,0.06666666666666667,0.9333333333333333,0.8333333333333334,0.11111111111111112
S30_short_horizon,30,short_horizon,82,QQQ,2,42,2026-04-10,2026-06-09,30,0.15834513324509358,0.045439169578787714,0.0,0.06713194080520084,-0.050868466723909614,-0.11290596366630587,0.3333333333333333,0.1,1.4666666666666666,0.20793650793650795
S30_short_horizon,30,short_horizon,83,QQQ,1,21,2025-12-12,2026-01-13,30,0.021881386979544004,0.01787491215196808,0.0,-0.21275885407941858,-0.03476591019895052,-0.004006474827575923,0.36666666666666664,0.3,1.4,0.45238095238095233
S30_short_horizon,30,short_horizon,84,SOX,6,126,2025-12-29,2026-06-30,30,1.1009407814029069,0.15326727426289047,0.03653801749982122,0.41675630514618134,-0.16461921426558795,-0.9476735071400165,0.6333333333333333,0.0,6.533333333333333,0.2656084656084656
S30_short_horizon,30,short_horizon,85,SOX,3,63,2026-02-27,2026-05-28,30,0.617476675348867,0.047769364469936564,0.0,-0.09461859268159524,-0.10387319398644836,-0.5697073108789303,0.4666666666666667,0.0,3.2666666666666666,0.2492063492063492
S30_short_horizon,30,short_horizon,86,SOX,1,21,2026-01-02,2026-02-02,30,0.12432657118294888,0.06355854782675605,0.0,1.6128032165635295,-0.040320720150697036,-0.06076802335619283,0.4666666666666667,0.23333333333333334,1.5333333333333334,0.3396825396825397
S30_short_horizon,30,short_horizon,87,QQQ,3,63,2026-02-02,2026-05-01,30,0.07803371572577178,0.015475801762957882,0.0,-0.01883104172823779,-0.07279640639373194,-0.06255791396281389,0.4,0.26666666666666666,3.1333333333333333,0.20846560846560847
S30_short_horizon,30,short_horizon,88,SOX,3,63,2026-01-23,2026-04-23,30,0.2801244936694949,0.0008304675191472266,-0.004955193784403067,-0.24496203843086378,-0.14045206771853333,-0.2792940261503477,0.4666666666666667,0.03333333333333333,4.033333333333333,0.2693121693121693
S30_short_horizon,30,short_horizon,89,QQQ,1,21,2025-10-14,2025-11-11,30,0.03941466762617196,-0.018094412755163554,0.0,-0.705177522702987,-0.03676668015290816,-0.057509080381335516,0.1,0.06666666666666667,1.1,0.2365079365079365
S30_short_horizon,30,short_horizon,90,QQQ,1,21,2026-04-06,2026-05-04,30,0.1433814398737463,0.051944200767817424,0.0,1.3380542358224803,-0.033475466292365995,-0.09143723910592885,0.4,0.13333333333333333,0.8666666666666667,0.3777777777777777
S30_short_horizon,30,short_horizon,91,SOX,6,126,2025-11-20,2026-05-22,30,1.008388067311781,0.13543822291479815,0.058264065238645024,0.5337980098886934,-0.19430325675818508,-0.872949844396983,0.6666666666666666,0.0,7.3,0.30978835978835967
S30_short_horizon,30,short_horizon,92,QQQ,4,84,2026-03-02,2026-06-30,30,0.21386447194354385,0.07308846654086569,0.0,0.07360553725657056,-0.09465903751452523,-0.14077600540267818,0.43333333333333335,0.2,3.8,0.22936507936507938
S30_short_horizon,30,short_horizon,93,SOX,6,126,2025-10-27,2026-04-28,30,0.44574938095338723,0.013217737012614028,-0.031187286156444616,-0.09227274232079462,-0.17290882095230706,-0.4325316439407732,0.36666666666666664,0.03333333333333333,7.033333333333333,0.2685185185185185
S30_short_horizon,30,short_horizon,94,QQQ,1,21,2026-07-09,2026-08-06,30,-0.011931761604425883,0.006567807570736043,0.0,-0.010366212708098062,-0.05249923798258824,0.018499569175161927,0.3,0.5333333333333333,1.5333333333333334,0.36031746031746026
S30_short_horizon,30,short_horizon,95,SOX,4,84,2025-10-27,2026-02-26,30,0.17509455490523385,0.07692278686101783,0.007325157286916184,0.08368064523662694,-0.12859165595314312,-0.09817176804421604,0.5,0.23333333333333334,4.7,0.301984126984127
S30_short_horizon,30,short_horizon,96,SOX,5,105,2025-12-03,2026-05-05,30,0.5636640753600646,0.09643975309324107,0.04748111836453095,0.4532336124314847,-0.1757398783482071,-0.4672243222668235,0.5666666666666667,0.03333333333333333,6.266666666666667,0.3463492063492063
S30_short_horizon,30,short_horizon,97,SOX,3,63,2026-02-26,2026-05-27,30,0.5816352890778798,0.033520867918002045,0.0,-0.2691010963159583,-0.11506430535769004,-0.5481144211598777,0.4666666666666667,0.0,3.433333333333333,0.27089947089947086
S30_short_horizon,30,short_horizon,98,QQQ,1,21,2025-10-06,2025-11-03,30,0.0401013700541224,-0.017731649689453035,0.0,-0.4655625343069873,-0.04337038971957516,-0.05783301974357544,0.16666666666666666,0.1,1.3333333333333333,0.28888888888888886
S30_short_horizon,30,short_horizon,99,SOX,2,42,2026-03-26,2026-05-26,30,0.733586911532293,0.13685590901758363,0.06847088495158682,1.180848966006917,-0.07431958451770705,-0.5967310025147096,0.6333333333333333,0.0,2.2333333333333334,0.31349206349206343
