entry,exit,hold_days,trade_ret,bench_ret,vs_bench,lose_money,lose_vs_bench,run,universe,ticker,win_start,win_end,open_at_end
2026-02-09,2026-03-19,27,-0.08171780386289029,-0.035038118667871876,-0.04667968519501842,True,True,0,SOX,SMCI,2025-12-16,2026-06-17,
2026-06-05,2026-06-11,4,-0.23222863155703777,0.0873704591773532,-0.31959909073439097,True,True,0,SOX,SMCI,2025-12-16,2026-06-17,
2026-03-13,2026-06-17,66,0.07689655473079582,0.8120984329994516,-0.7352018782686558,False,True,0,SOX,SLAB,2025-12-16,2026-06-17,True
2026-04-16,2026-06-05,35,-0.031972319422038264,0.32964662072152406,-0.36161894014356233,True,True,0,SOX,AVGO,2025-12-16,2026-06-17,
2025-12-29,2026-01-12,9,0.1331174255653773,0.08197956337016277,0.051137862195214545,False,False,0,SOX,KLAC,2025-12-16,2026-06-17,
2026-01-14,2026-01-16,2,0.09293832731273244,0.031846922691452395,0.06109140462128004,False,False,0,SOX,KLAC,2025-12-16,2026-06-17,
2026-01-20,2026-01-21,1,0.022756228106193932,0.03198455457753302,-0.009228326471339088,False,True,0,SOX,KLAC,2025-12-16,2026-06-17,
2026-03-03,2026-03-09,4,-0.008498949013089896,0.00474935785020647,-0.013248306863296366,True,True,0,SOX,KLAC,2025-12-16,2026-06-17,
2026-03-25,2026-03-27,2,-0.06516949271634676,-0.06305569032017067,-0.00211380239617609,True,True,0,SOX,KLAC,2025-12-16,2026-06-17,
2026-04-29,2026-06-02,23,0.8572523836711641,0.34451885916348535,0.5127335245076787,False,False,0,SOX,MRVL,2025-12-16,2026-06-17,
2026-03-26,2026-04-21,17,0.7332742339759895,0.279306748845612,0.45396748513037743,False,False,0,SOX,AOSL,2025-12-16,2026-06-17,
2025-12-17,2026-02-09,35,0.44057057471909444,0.2367913212068813,0.20377925351221315,False,False,0,SOX,ENTG,2025-12-16,2026-06-17,
2026-03-30,2026-05-27,40,0.2548976652938941,0.8205233964701306,-0.5656257311762365,False,True,0,SOX,CRUS,2025-12-16,2026-06-17,
2026-02-27,2026-03-05,4,-0.052030887377579216,-0.04124442656068228,-0.010786460816896937,True,True,0,SOX,SWKS,2025-12-16,2026-06-17,
2025-12-17,2026-01-08,14,0.3527213039513417,0.12042902975066272,0.232292274200679,False,False,0,SOX,UCTT,2025-12-16,2026-06-17,
2026-01-14,2026-01-15,1,0.05498788856776948,0.01602894886929529,0.03895893969847419,False,False,0,SOX,UCTT,2025-12-16,2026-06-17,
2026-01-20,2026-01-23,3,-0.0173971231872323,0.021816958087112148,-0.03921408127434445,True,True,0,SOX,UCTT,2025-12-16,2026-06-17,
2026-05-07,2026-05-08,1,0.060052566459242396,0.05674713757179872,0.0033054288874436732,False,False,0,SOX,AMKR,2025-12-16,2026-06-17,
2026-05-01,2026-05-11,6,0.054071354133128136,0.14387550598343357,-0.08980415185030544,False,True,0,SOX,MCHP,2025-12-16,2026-06-17,
2026-03-23,2026-03-25,2,0.16962021007272,0.02572861426182138,0.1438915958108986,False,False,0,SOX,VECO,2025-12-16,2026-06-17,
2025-12-22,2026-02-04,29,0.3643140816726327,0.08734863317384889,0.2769654484987838,False,False,0,SOX,TER,2025-12-16,2026-06-17,
2026-02-09,2026-02-12,3,0.013992780957545303,-0.0036000795706786493,0.017592860528223953,False,False,0,SOX,SITM,2025-12-16,2026-06-17,
2026-02-23,2026-03-03,6,0.02626194702159057,-0.06176788061645955,0.08802982763805012,False,False,0,SOX,SITM,2025-12-16,2026-06-17,
2026-04-14,2026-05-08,18,0.867724870258902,0.2967301069763846,0.5709947632825174,False,False,0,SOX,SITM,2025-12-16,2026-06-17,
2026-04-08,2026-04-09,1,0.02690341000839247,0.022219252910562037,0.0046841570978304325,False,False,0,SOX,ONTO,2025-12-16,2026-06-17,
2026-04-27,2026-04-28,1,-0.05327204035097466,-0.036670261961282424,-0.016601778389692234,True,True,0,SOX,ONTO,2025-12-16,2026-06-17,
2026-04-29,2026-05-27,19,-0.0613701270106114,0.25331672170816755,-0.31468684871877894,True,True,0,SOX,ONTO,2025-12-16,2026-06-17,
2026-01-26,2026-02-05,8,-0.2340137604150906,-0.035677927281302146,-0.19833583313378844,True,True,0,SOX,AMD,2025-12-16,2026-06-17,
2026-04-01,2026-05-05,23,0.690024253931909,0.4259171209560162,0.26410713297589283,False,False,0,SOX,AMD,2025-12-16,2026-06-17,
2025-12-18,2026-01-26,24,0.7743619813635219,0.17473629415880265,0.5996256872047192,False,False,0,SOX,ICHR,2025-12-16,2026-06-17,
2026-04-27,2026-05-20,17,-0.06960948143325107,0.1425089596315101,-0.2121184410647612,True,True,0,SOX,ICHR,2025-12-16,2026-06-17,
2026-01-13,2026-02-17,23,0.08728449324199805,0.06240639036861606,0.02487810287338199,False,False,0,SOX,COHU,2025-12-16,2026-06-17,
2026-04-17,2026-04-21,2,0.08773637648678201,0.012003581207328029,0.07573279527945398,False,False,0,SOX,COHU,2025-12-16,2026-06-17,
2026-04-23,2026-05-13,14,0.078779902932403,0.19793650284837905,-0.11915659991597605,False,True,0,SOX,COHU,2025-12-16,2026-06-17,
2026-01-05,2026-03-16,48,0.055795335935532986,0.06215806637492549,-0.0063627304393925055,False,True,0,SOX,TSM,2025-12-16,2026-06-17,
2026-03-25,2026-04-09,10,0.07327713933029734,0.09668359365258361,-0.023406454322286274,False,True,0,SOX,ACLS,2025-12-16,2026-06-17,
2026-04-14,2026-04-16,2,0.05041575005061061,0.011738608229505232,0.038677141821105376,False,False,0,SOX,ACLS,2025-12-16,2026-06-17,
2026-04-23,2026-05-07,10,0.13442015565361265,0.11646253912310933,0.017957616530503318,False,False,0,SOX,ACLS,2025-12-16,2026-06-17,
2026-01-20,2026-01-21,1,0.025654715111482762,0.03198455457753302,-0.006329839466050258,False,True,0,SOX,ASML,2025-12-16,2026-06-17,
2026-02-03,2026-03-12,26,-0.030459093713758878,-0.04469970882795249,0.014240615114193611,True,False,0,SOX,ASML,2025-12-16,2026-06-17,
2026-05-04,2026-05-06,2,0.06715874158105195,0.0969787352589564,-0.029819993677904444,False,True,0,SOX,GFS,2025-12-16,2026-06-17,
2025-10-01,2025-10-02,1,0.018341490603585475,0.01936026386167855,-0.0010187732580930753,False,True,1,SOX,FORM,2025-10-01,2026-01-30,
2025-12-04,2026-01-26,34,0.29032261497604295,0.12176002659587226,0.16856258838017069,False,False,1,SOX,FORM,2025-10-01,2026-01-30,
2025-12-18,2026-01-30,28,0.2701134014367106,0.1857962895391383,0.0843171118975723,False,False,1,SOX,POWI,2025-10-01,2026-01-30,True
2025-12-05,2025-12-12,5,-0.14639581390548684,-0.03206203854991685,-0.11433377535556999,True,True,1,SOX,MRVL,2025-10-01,2026-01-30,
2025-10-21,2025-10-23,2,0.010929294907651377,-0.0009267016196169431,0.01185599652726832,False,False,1,SOX,AMAT,2025-10-01,2026-01-30,
2025-11-06,2025-11-26,14,0.07249601669336414,-0.02053774900610439,0.09303376569946853,False,False,1,SOX,AMAT,2025-10-01,2026-01-30,
2025-11-28,2025-12-03,3,0.0649356193714099,0.042528812428302754,0.02240680694310715,False,False,1,SOX,AMAT,2025-10-01,2026-01-30,
2025-12-04,2026-01-30,38,0.19625882132797035,0.13232125703855613,0.06393756428941422,False,False,1,SOX,AMAT,2025-10-01,2026-01-30,True
2025-12-08,2025-12-30,15,-0.10522269477851065,-0.023638645085372056,-0.0815840496931386,True,True,1,SOX,ACLS,2025-10-01,2026-01-30,
2026-01-22,2026-01-26,2,-0.08479598049462722,-0.016061050937261956,-0.06873492955736527,True,True,1,SOX,RMBS,2025-10-01,2026-01-30,
2025-12-11,2026-01-30,33,-0.0036371565224945224,0.10265611688213916,-0.10629327340463368,True,True,1,SOX,SLAB,2025-10-01,2026-01-30,True
2025-12-11,2026-01-30,33,-0.05834911142014809,0.10265611688213916,-0.16100522830228725,True,True,1,SOX,SITM,2025-10-01,2026-01-30,True
2025-12-12,2026-01-30,32,0.16999403929990242,0.15803178522324868,0.011962254076653744,False,False,1,SOX,DIOD,2025-10-01,2026-01-30,True
2025-12-01,2026-01-30,41,0.1706052566727898,0.16801615720299035,0.0025890994697994607,False,False,1,SOX,ADI,2025-10-01,2026-01-30,True
2025-11-20,2025-11-21,1,-0.019087687890487315,0.010182608391993142,-0.029270296282480457,True,True,1,SOX,AVGO,2025-10-01,2026-01-30,
2026-01-29,2026-01-30,1,-0.04986690706811525,-0.041065650678404175,-0.008801256389711076,True,True,1,SOX,MPWR,2025-10-01,2026-01-30,True
2025-12-22,2026-01-30,26,0.22223910217248055,0.13974454057845587,0.08249456159402468,False,False,1,SOX,TER,2025-10-01,2026-01-30,True
2025-11-06,2025-11-26,14,-0.037620499829220555,-0.02053774900610439,-0.017082750823116166,True,True,1,SOX,KLAC,2025-10-01,2026-01-30,
2025-12-29,2026-01-12,9,0.1331174255653773,0.08197956337016277,0.051137862195214545,False,False,1,SOX,KLAC,2025-10-01,2026-01-30,
2026-01-14,2026-01-16,2,0.09293832731273244,0.031846922691452395,0.06109140462128004,False,False,1,SOX,KLAC,2025-10-01,2026-01-30,
2026-01-20,2026-01-21,1,0.022756228106193932,0.03198455457753302,-0.009228326471339088,False,True,1,SOX,KLAC,2025-10-01,2026-01-30,
2026-01-05,2026-01-30,18,0.025787477933578717,0.08878822234041106,-0.06300074440683234,False,True,1,SOX,TSM,2025-10-01,2026-01-30,True
2025-12-05,2026-01-30,37,0.09408106600784971,0.12090292548339177,-0.026821859475542054,False,True,1,SOX,ON,2025-10-01,2026-01-30,True
2026-01-26,2026-01-30,4,-0.05801600402966589,0.009414875010953283,-0.06743087904061917,True,True,1,SOX,AMD,2025-10-01,2026-01-30,True
2025-12-08,2026-01-26,32,0.08102563711313104,0.09851853351830031,-0.017492896405169267,False,True,1,SOX,SYNA,2025-10-01,2026-01-30,
2025-12-17,2026-01-30,29,0.38972283050763923,0.21410775164148177,0.17561507886615746,False,False,1,SOX,ENTG,2025-10-01,2026-01-30,True
2025-11-24,2025-11-26,2,0.05346192975540798,0.03073936690506085,0.022722562850347128,False,False,1,SOX,COHU,2025-10-01,2026-01-30,
2025-12-04,2025-12-29,16,-0.06685230616521431,-0.001673829757648293,-0.06517847640756602,True,True,1,SOX,COHU,2025-10-01,2026-01-30,
2026-01-13,2026-01-30,12,0.025143705427544072,0.03900393669174895,-0.01386023126420488,False,True,1,SOX,COHU,2025-10-01,2026-01-30,True
2025-12-09,2025-12-11,2,0.5441805116490444,0.007495530417564122,0.5366849812314802,False,False,1,SOX,PLAB,2025-10-01,2026-01-30,
2025-12-18,2026-01-26,24,0.7743619813635219,0.17473629415880265,0.5996256872047192,False,False,1,SOX,ICHR,2025-10-01,2026-01-30,
2025-12-17,2026-01-08,14,0.3527213039513417,0.12042902975066272,0.232292274200679,False,False,1,SOX,UCTT,2025-10-01,2026-01-30,
2026-01-14,2026-01-15,1,0.05498788856776948,0.01602894886929529,0.03895893969847419,False,False,1,SOX,UCTT,2025-10-01,2026-01-30,
2026-01-20,2026-01-23,3,-0.0173971231872323,0.021816958087112148,-0.03921408127434445,True,True,1,SOX,UCTT,2025-10-01,2026-01-30,
2025-12-04,2026-01-30,38,0.061848802568418515,0.13232125703855613,-0.07047245447013761,False,True,1,SOX,LSCC,2025-10-01,2026-01-30,True
2025-12-04,2026-01-28,36,0.21846713230070836,0.17862119022921363,0.03984594207149472,False,False,1,SOX,GFS,2025-10-01,2026-01-30,
2026-07-22,2026-07-30,6,-0.08026032475907285,-0.09178790855274432,0.01152758379367147,True,False,2,SOX,NVDA,2026-07-07,2026-08-04,
2026-01-22,2026-01-26,2,-0.08479598049462722,-0.016061050937261956,-0.06873492955736527,True,True,3,SOX,RMBS,2025-12-04,2026-06-05,
2025-12-17,2026-02-09,35,0.44057057471909444,0.2367913212068813,0.20377925351221315,False,False,3,SOX,ENTG,2025-12-04,2026-06-05,
2026-02-09,2026-03-19,27,-0.08171780386289029,-0.035038118667871876,-0.04667968519501842,True,True,3,SOX,SMCI,2025-12-04,2026-06-05,
2026-06-05,2026-06-05,0,0.0,0.0,0.0,True,False,3,SOX,SMCI,2025-12-04,2026-06-05,True
2025-12-12,2026-02-12,41,0.4247875393091394,0.17542077181359583,0.24936676749554354,False,False,3,SOX,DIOD,2025-12-04,2026-06-05,
2026-03-24,2026-03-25,1,0.016745074020223072,0.012403978462632859,0.004341095557590213,False,False,3,SOX,DIOD,2025-12-04,2026-06-05,
2026-04-29,2026-05-13,10,0.009504941430422242,0.17400390127120047,-0.16449895984077822,False,True,3,SOX,DIOD,2025-12-04,2026-06-05,
2025-12-04,2026-02-02,39,0.2188242301861325,0.15321515964715715,0.06560907053897536,False,False,3,SOX,AMAT,2025-12-04,2026-06-05,
2025-12-17,2026-01-08,14,0.3527213039513417,0.12042902975066272,0.232292274200679,False,False,3,SOX,UCTT,2025-12-04,2026-06-05,
2026-01-14,2026-01-15,1,0.05498788856776948,0.01602894886929529,0.03895893969847419,False,False,3,SOX,UCTT,2025-12-04,2026-06-05,
2026-01-20,2026-01-23,3,-0.0173971231872323,0.021816958087112148,-0.03921408127434445,True,True,3,SOX,UCTT,2025-12-04,2026-06-05,
2025-12-09,2025-12-11,2,0.5441805116490444,0.007495530417564122,0.5366849812314802,False,False,3,SOX,PLAB,2025-12-04,2026-06-05,
2026-02-17,2026-02-26,7,0.0010357565156304815,0.0076248645334657805,-0.006589108017835299,False,True,3,SOX,PLAB,2025-12-04,2026-06-05,
2025-12-16,2026-01-06,13,0.2676712787992974,0.10854143584181286,0.15912984295748456,False,False,3,SOX,LRCX,2025-12-04,2026-06-05,
2026-01-20,2026-01-21,1,0.025654715111482762,0.03198455457753302,-0.006329839466050258,False,True,3,SOX,ASML,2025-12-04,2026-06-05,
2026-02-03,2026-03-12,26,-0.030459093713758878,-0.04469970882795249,0.014240615114193611,True,False,3,SOX,ASML,2025-12-04,2026-06-05,
2025-12-08,2025-12-30,15,-0.10522269477851065,-0.023638645085372056,-0.0815840496931386,True,True,3,SOX,ACLS,2025-12-04,2026-06-05,
2026-03-25,2026-04-09,10,0.07327713933029734,0.09668359365258361,-0.023406454322286274,False,True,3,SOX,ACLS,2025-12-04,2026-06-05,
2026-04-14,2026-04-16,2,0.05041575005061061,0.011738608229505232,0.038677141821105376,False,False,3,SOX,ACLS,2025-12-04,2026-06-05,
2026-04-23,2026-05-07,10,0.13442015565361265,0.11646253912310933,0.017957616530503318,False,False,3,SOX,ACLS,2025-12-04,2026-06-05,
2025-12-08,2025-12-29,14,-0.09023023253274542,-0.022357924594988754,-0.06787230793775667,True,True,3,SOX,VECO,2025-12-04,2026-06-05,
2026-03-23,2026-03-25,2,0.16962021007272,0.02572861426182138,0.1438915958108986,False,False,3,SOX,VECO,2025-12-04,2026-06-05,
2026-04-30,2026-05-06,4,0.2889436375495966,0.09845269285858294,0.19049094469101369,False,False,3,SOX,MU,2025-12-04,2026-06-05,
2026-05-01,2026-05-11,6,0.054071354133128136,0.14387550598343357,-0.08980415185030544,False,True,3,SOX,MCHP,2025-12-04,2026-06-05,
2025-12-08,2026-01-26,32,0.08102563711313104,0.09851853351830031,-0.017492896405169267,False,True,3,SOX,SYNA,2025-12-04,2026-06-05,
2026-05-08,2026-05-11,1,0.008929305141170518,0.023947752662416555,-0.015018447521246037,False,True,3,SOX,SYNA,2025-12-04,2026-06-05,
2025-12-04,2026-01-26,34,0.29032261497604295,0.12176002659587226,0.16856258838017069,False,False,3,SOX,FORM,2025-12-04,2026-06-05,
2026-03-19,2026-03-24,3,0.10967403230836048,0.0024102564056540654,0.10726377590270642,False,False,3,SOX,FORM,2025-12-04,2026-06-05,
2026-04-27,2026-04-28,1,-0.0677412665611885,-0.036670261961282424,-0.031071004599906082,True,True,3,SOX,FORM,2025-12-04,2026-06-05,
2026-04-17,2026-05-12,17,0.22625571398872268,0.2412257482637461,-0.014970034275023414,False,True,3,SOX,SMTC,2025-12-04,2026-06-05,
2026-05-15,2026-05-26,6,0.19485620054598618,0.12107696336908047,0.07377923717690571,False,False,3,SOX,SMTC,2025-12-04,2026-06-05,
2026-05-27,2026-06-02,4,0.05998732899260251,0.07276862733548861,-0.012781298342886105,False,True,3,SOX,SMTC,2025-12-04,2026-06-05,
2026-04-08,2026-04-09,1,0.02690341000839247,0.022219252910562037,0.0046841570978304325,False,False,3,SOX,ONTO,2025-12-04,2026-06-05,
2026-04-27,2026-04-28,1,-0.05327204035097466,-0.036670261961282424,-0.016601778389692234,True,True,3,SOX,ONTO,2025-12-04,2026-06-05,
2026-04-29,2026-05-27,19,-0.0613701270106114,0.25331672170816755,-0.31468684871877894,True,True,3,SOX,ONTO,2025-12-04,2026-06-05,
2026-01-05,2026-03-16,48,0.055795335935532986,0.06215806637492549,-0.0063627304393925055,False,True,3,SOX,TSM,2025-12-04,2026-06-05,
2025-12-04,2026-02-12,47,0.3161018151378532,0.14932417475278137,0.1667776403850718,False,False,3,SOX,LSCC,2025-12-04,2026-06-05,
2025-12-04,2025-12-29,16,-0.06685230616521431,-0.001673829757648293,-0.06517847640756602,True,True,3,SOX,COHU,2025-12-04,2026-06-05,
2026-01-13,2026-02-17,23,0.08728449324199805,0.06240639036861606,0.02487810287338199,False,False,3,SOX,COHU,2025-12-04,2026-06-05,
2026-04-17,2026-04-21,2,0.08773637648678201,0.012003581207328029,0.07573279527945398,False,False,3,SOX,COHU,2025-12-04,2026-06-05,
2026-04-23,2026-05-13,14,0.078779902932403,0.19793650284837905,-0.11915659991597605,False,True,3,SOX,COHU,2025-12-04,2026-06-05,
2025-12-05,2025-12-12,5,-0.14639581390548684,-0.03206203854991685,-0.11433377535556999,True,True,3,SOX,MRVL,2025-12-04,2026-06-05,
2026-04-29,2026-06-02,23,0.8572523836711641,0.34451885916348535,0.5127335245076787,False,False,3,SOX,MRVL,2025-12-04,2026-06-05,
2025-12-17,2025-12-26,6,0.05455264214950106,0.07295857888661472,-0.01840593673711366,False,True,3,SOX,ALGM,2025-12-04,2026-06-05,
2026-01-09,2026-01-30,14,0.17961005968190613,0.053287764409406746,0.12632229527249939,False,False,3,SOX,ALGM,2025-12-04,2026-06-05,
2026-02-05,2026-02-19,9,-0.06110825156971045,0.07559780290003904,-0.13670605446974948,True,True,3,SOX,ALGM,2025-12-04,2026-06-05,
2026-04-29,2026-05-13,10,0.043113263876469965,0.17400390127120047,-0.1308906373947305,False,True,3,SOX,ALGM,2025-12-04,2026-06-05,
2026-02-12,2026-03-30,31,0.12087735475366412,-0.11811987017918635,0.23899722493285047,False,False,3,SOX,ARM,2025-12-04,2026-06-05,
2025-12-08,2026-02-04,39,-0.10041865596064814,0.05788480969825893,-0.15830346565890707,True,True,3,SOX,SNPS,2025-12-04,2026-06-05,
2026-02-05,2026-02-19,9,-0.06110825156971045,0.07559780290003904,-0.13670605446974948,True,True,4,SOX,ALGM,2026-01-22,2026-04-22,
2026-02-17,2026-02-26,7,0.0010357565156304815,0.0076248645334657805,-0.006589108017835299,False,True,4,SOX,PLAB,2026-01-22,2026-04-22,
2026-01-26,2026-02-05,8,-0.2340137604150906,-0.035677927281302146,-0.19833583313378844,True,True,4,SOX,AMD,2026-01-22,2026-04-22,
2026-04-01,2026-04-22,14,0.443603928276072,0.2753883608011318,0.16821556747494015,False,False,4,SOX,AMD,2026-01-22,2026-04-22,True
2026-03-19,2026-03-24,3,0.10967403230836048,0.0024102564056540654,0.10726377590270642,False,False,4,SOX,FORM,2026-01-22,2026-04-22,
2026-02-27,2026-03-09,6,-0.05862485549936225,-0.045190050866102616,-0.013434804633259634,True,True,4,SOX,QRVO,2026-01-22,2026-04-22,
2026-03-03,2026-03-10,5,-0.20479618127770405,0.012037747739962246,-0.2168339290176663,True,True,4,SOX,WOLF,2026-01-22,2026-04-22,
2026-03-16,2026-03-17,1,-0.024536573565728914,0.007783904895176663,-0.03232047846090558,True,True,4,SOX,WOLF,2026-01-22,2026-04-22,
2026-04-13,2026-04-22,7,0.14906834113187517,0.09770177352878595,0.05136656760308922,False,False,4,SOX,WOLF,2026-01-22,2026-04-22,True
2026-03-13,2026-04-22,27,0.055320175997729315,0.30398412741004743,-0.24866395141231812,False,True,4,SOX,SLAB,2026-01-22,2026-04-22,True
2026-04-08,2026-04-09,1,0.02690341000839247,0.022219252910562037,0.0046841570978304325,False,False,4,SOX,ONTO,2026-01-22,2026-04-22,
2026-02-03,2026-03-12,26,-0.030459093713758878,-0.04469970882795249,0.014240615114193611,True,False,4,SOX,ASML,2026-01-22,2026-04-22,
2026-04-17,2026-04-21,2,0.08773637648678201,0.012003581207328029,0.07573279527945398,False,False,4,SOX,COHU,2026-01-22,2026-04-22,
2026-02-09,2026-02-12,3,0.013992780957545303,-0.0036000795706786493,0.017592860528223953,False,False,4,SOX,SITM,2026-01-22,2026-04-22,
2026-02-23,2026-03-03,6,0.02626194702159057,-0.06176788061645955,0.08802982763805012,False,False,4,SOX,SITM,2026-01-22,2026-04-22,
2026-04-14,2026-04-22,6,0.17592592529241746,0.0760891070123011,0.09983681828011637,False,False,4,SOX,SITM,2026-01-22,2026-04-22,True
2026-02-09,2026-03-19,27,-0.08171780386289029,-0.035038118667871876,-0.04667968519501842,True,True,4,SOX,SMCI,2026-01-22,2026-04-22,
2026-03-24,2026-03-25,1,0.016745074020223072,0.012403978462632859,0.004341095557590213,False,False,4,SOX,DIOD,2026-01-22,2026-04-22,
2026-03-03,2026-03-09,4,-0.008498949013089896,0.00474935785020647,-0.013248306863296366,True,True,4,SOX,KLAC,2026-01-22,2026-04-22,
2026-03-25,2026-03-27,2,-0.06516949271634676,-0.06305569032017067,-0.00211380239617609,True,True,4,SOX,KLAC,2026-01-22,2026-04-22,
2026-02-12,2026-03-30,31,0.12087735475366412,-0.11811987017918635,0.23899722493285047,False,False,4,SOX,ARM,2026-01-22,2026-04-22,
2026-02-27,2026-03-04,3,-0.05538777298752684,-0.030514631755173216,-0.024873141232353624,True,True,5,SOX,SWKS,2025-10-02,2026-03-04,True
2026-01-22,2026-01-26,2,-0.08479598049462722,-0.016061050937261956,-0.06873492955736527,True,True,5,SOX,RMBS,2025-10-02,2026-03-04,
2025-12-08,2025-12-30,15,-0.10522269477851065,-0.023638645085372056,-0.0815840496931386,True,True,5,SOX,ACLS,2025-10-02,2026-03-04,
2025-12-17,2026-01-08,14,0.3527213039513417,0.12042902975066272,0.232292274200679,False,False,5,SOX,UCTT,2025-10-02,2026-03-04,
2026-01-14,2026-01-15,1,0.05498788856776948,0.01602894886929529,0.03895893969847419,False,False,5,SOX,UCTT,2025-10-02,2026-03-04,
2026-01-20,2026-01-23,3,-0.0173971231872323,0.021816958087112148,-0.03921408127434445,True,True,5,SOX,UCTT,2025-10-02,2026-03-04,
2025-12-17,2026-02-09,35,0.44057057471909444,0.2367913212068813,0.20377925351221315,False,False,5,SOX,ENTG,2025-10-02,2026-03-04,
2025-10-09,2025-10-10,1,-0.03549514002212595,-0.06271764035575667,0.027222500333630717,True,False,5,SOX,CAMT,2025-10-02,2026-03-04,
2025-10-17,2025-11-17,21,-0.20583123840432227,-0.01599749518562188,-0.1898337432187004,True,True,5,SOX,CAMT,2025-10-02,2026-03-04,
2025-12-11,2025-12-24,9,-0.07672785521589265,-0.025217477923410447,-0.0515103772924822,True,True,5,SOX,CAMT,2025-10-02,2026-03-04,
2026-01-07,2026-03-04,38,0.2544190318288324,0.05124806864821885,0.20317096318061356,False,False,5,SOX,CAMT,2025-10-02,2026-03-04,True
2025-12-05,2025-12-12,5,-0.14639581390548684,-0.03206203854991685,-0.11433377535556999,True,True,5,SOX,MRVL,2025-10-02,2026-03-04,
2025-11-10,2025-11-17,5,-0.09761114026749551,-0.061059484619407356,-0.036551655648088155,True,True,5,SOX,ONTO,2025-10-02,2026-03-04,
2025-12-03,2026-03-04,61,0.32203389666946913,0.10563884183181038,0.21639505483765875,False,False,5,SOX,ONTO,2025-10-02,2026-03-04,True
2025-12-04,2026-01-28,36,0.21846713230070836,0.17862119022921363,0.03984594207149472,False,False,5,SOX,GFS,2025-10-02,2026-03-04,
2026-02-09,2026-03-04,16,-0.026245072635115108,-0.03183381402233154,0.005588741387216434,True,False,5,SOX,SMCI,2025-10-02,2026-03-04,True
2025-11-24,2025-11-26,2,0.05346192975540798,0.03073936690506085,0.022722562850347128,False,False,5,SOX,COHU,2025-10-02,2026-03-04,
2025-12-04,2025-12-29,16,-0.06685230616521431,-0.001673829757648293,-0.06517847640756602,True,True,5,SOX,COHU,2025-10-02,2026-03-04,
2026-01-13,2026-02-17,23,0.08728449324199805,0.06240639036861606,0.02487810287338199,False,False,5,SOX,COHU,2025-10-02,2026-03-04,
2025-12-03,2026-01-09,25,0.11653754376066727,0.06433205096544503,0.05220549279522224,False,False,5,SOX,ASML,2025-10-02,2026-03-04,
2026-01-20,2026-01-21,1,0.025654715111482762,0.03198455457753302,-0.006329839466050258,False,True,5,SOX,ASML,2025-10-02,2026-03-04,
2026-02-03,2026-03-04,20,0.0038225443829722483,-0.011862109856238368,0.015684654239210616,False,False,5,SOX,ASML,2025-10-02,2026-03-04,True
2025-12-08,2026-01-26,32,0.08102563711313104,0.09851853351830031,-0.017492896405169267,False,True,5,SOX,SYNA,2025-10-02,2026-03-04,
2026-02-27,2026-03-04,3,-0.04149580673207087,-0.030514631755173216,-0.010981174976897656,True,True,5,SOX,QRVO,2025-10-02,2026-03-04,True
2025-10-23,2025-11-19,19,-0.07992660506437055,-0.032467585026530243,-0.047459020037840305,True,True,5,SOX,INTC,2025-10-02,2026-03-04,
2025-12-11,2026-02-04,36,-0.09763749728150506,0.051965224544144206,-0.14960272182564927,True,True,5,SOX,SITM,2025-10-02,2026-03-04,
2026-02-09,2026-02-12,3,0.013992780957545303,-0.0036000795706786493,0.017592860528223953,False,False,5,SOX,SITM,2025-10-02,2026-03-04,
2026-02-23,2026-03-03,6,0.02626194702159057,-0.06176788061645955,0.08802982763805012,False,False,5,SOX,SITM,2025-10-02,2026-03-04,
2026-02-12,2026-03-04,13,0.01571321818956517,-0.02833574538975059,0.04404896357931576,False,False,5,SOX,ARM,2025-10-02,2026-03-04,True
2025-11-18,2025-11-21,3,-0.013674438642651832,-0.022203986247979146,0.008529547605327314,True,False,5,SOX,NVDA,2025-10-02,2026-03-04,
2025-11-06,2025-11-26,14,-0.037620499829220555,-0.02053774900610439,-0.017082750823116166,True,True,5,SOX,KLAC,2025-10-02,2026-03-04,
2025-12-29,2026-01-12,9,0.1331174255653773,0.08197956337016277,0.051137862195214545,False,False,5,SOX,KLAC,2025-10-02,2026-03-04,
2026-01-14,2026-01-16,2,0.09293832731273244,0.031846922691452395,0.06109140462128004,False,False,5,SOX,KLAC,2025-10-02,2026-03-04,
2026-01-20,2026-01-21,1,0.022756228106193932,0.03198455457753302,-0.009228326471339088,False,True,5,SOX,KLAC,2025-10-02,2026-03-04,
2026-03-03,2026-03-04,1,0.023977553505992732,0.020192345160156666,0.0037852083458360664,False,False,5,SOX,KLAC,2025-10-02,2026-03-04,True
2026-01-29,2026-03-04,23,-0.07110679748762949,-0.05424644364770037,-0.01686035383992912,True,True,5,SOX,MPWR,2025-10-02,2026-03-04,True
2025-12-11,2026-02-05,37,0.4354060255193293,0.05339802141928707,0.3820080041000422,False,False,5,SOX,SLAB,2025-10-02,2026-03-04,
2025-12-09,2025-12-11,2,0.5441805116490444,0.007495530417564122,0.5366849812314802,False,False,5,SOX,PLAB,2025-10-02,2026-03-04,
2026-02-17,2026-02-26,7,0.0010357565156304815,0.0076248645334657805,-0.006589108017835299,False,True,5,SOX,PLAB,2025-10-02,2026-03-04,
2025-12-05,2026-03-04,59,0.14230904022596058,0.1054958338405414,0.036813206385419184,False,False,5,SOX,ON,2025-10-02,2026-03-04,True
2025-12-17,2025-12-26,6,0.05455264214950106,0.07295857888661472,-0.01840593673711366,False,True,5,SOX,ALGM,2025-10-02,2026-03-04,
2026-01-09,2026-01-30,14,0.17961005968190613,0.053287764409406746,0.12632229527249939,False,False,5,SOX,ALGM,2025-10-02,2026-03-04,
2026-02-05,2026-02-19,9,-0.06110825156971045,0.07559780290003904,-0.13670605446974948,True,True,5,SOX,ALGM,2025-10-02,2026-03-04,
2025-12-18,2026-01-26,24,0.7743619813635219,0.17473629415880265,0.5996256872047192,False,False,5,SOX,ICHR,2025-10-02,2026-03-04,
2025-11-05,2025-11-06,1,-0.017328045113835344,-0.02609088189312192,0.008762836779286576,True,False,5,SOX,LRCX,2025-10-02,2026-03-04,
2025-11-10,2025-11-17,5,-0.11366229642758885,-0.061059484619407356,-0.05260281180818149,True,True,5,SOX,LRCX,2025-10-02,2026-03-04,
2025-11-18,2025-11-19,1,0.038815951518385905,0.016715814691474318,0.022100136826911587,False,False,5,SOX,LRCX,2025-10-02,2026-03-04,
2025-12-16,2026-01-06,13,0.2676712787992974,0.10854143584181286,0.15912984295748456,False,False,5,SOX,LRCX,2025-10-02,2026-03-04,
2026-04-10,2026-04-17,5,-0.05533447684137005,0.06182587139944373,-0.11716034824081378,True,True,6,QQQ,NFLX,2026-02-18,2026-04-17,True
2026-04-10,2026-04-17,5,0.05109485873938513,0.06182587139944373,-0.010731012660058603,False,True,6,QQQ,AMZN,2026-02-18,2026-04-17,True
2026-03-16,2026-03-25,7,-0.06446518837154436,-0.019685525605969145,-0.04477966276557521,True,True,6,QQQ,SHOP,2026-02-18,2026-04-17,
2026-03-19,2026-04-14,17,0.004649264333169478,0.06133443486700707,-0.05668517053383759,False,True,6,QQQ,ROP,2026-02-18,2026-04-17,
2026-04-15,2026-04-17,2,0.0573231918247572,0.017963518499097608,0.039359673325659594,False,False,6,QQQ,MCHP,2026-02-18,2026-04-17,True
2026-03-03,2026-03-09,4,-0.008498949013089896,0.010272989060992943,-0.01877193807408284,True,True,6,QQQ,KLAC,2026-02-18,2026-04-17,
2026-03-25,2026-03-27,2,-0.06516949271634676,-0.042938291447299104,-0.02223120126904765,True,True,6,QQQ,KLAC,2026-02-18,2026-04-17,
2026-04-08,2026-04-09,1,0.03284031355736161,0.006764706060259584,0.026075607497102027,False,False,6,QQQ,KLAC,2026-02-18,2026-04-17,
2026-04-09,2026-04-17,6,0.03942720211638928,0.06335719884054081,-0.023929996724151525,False,True,6,QQQ,ODFL,2026-02-18,2026-04-17,True
2026-02-27,2026-03-09,6,-0.10252748093318809,0.0007738957956664461,-0.10330137672885453,True,True,6,QQQ,GEHC,2026-02-18,2026-04-17,
2026-03-18,2026-04-01,10,-0.1264940174169049,-0.01656293237618478,-0.10993108504072013,True,True,6,QQQ,MSTR,2026-02-18,2026-04-17,
2026-04-01,2026-04-17,11,0.3243423517291224,0.11045500566464339,0.213887346064479,False,False,6,QQQ,AMD,2026-02-18,2026-04-17,True
2026-02-25,2026-03-12,11,-0.05086502881515431,-0.031491235415010754,-0.019373793400143557,True,True,6,QQQ,WBD,2026-02-18,2026-04-17,
2026-04-14,2026-04-17,3,0.0065374970110350095,0.03221446709635889,-0.02567697008532388,False,True,6,QQQ,PCAR,2026-02-18,2026-04-17,True
2026-02-27,2026-03-12,9,-0.11126240140257004,-0.016516056524414013,-0.09474634487815603,True,True,6,QQQ,DXCM,2026-02-18,2026-04-17,
2026-03-13,2026-04-10,19,-0.1516396147891078,0.03052039379704019,-0.182160008586148,True,True,6,QQQ,PLTR,2026-02-18,2026-04-17,
2025-10-09,2025-10-10,1,-0.03549514002212595,-0.06271764035575667,0.027222500333630717,True,False,7,SOX,CAMT,2025-10-02,2026-02-02,
2025-10-17,2025-11-17,21,-0.20583123840432227,-0.01599749518562188,-0.1898337432187004,True,True,7,SOX,CAMT,2025-10-02,2026-02-02,
2025-12-11,2025-12-24,9,-0.07672785521589265,-0.025217477923410447,-0.0515103772924822,True,True,7,SOX,CAMT,2025-10-02,2026-02-02,
2026-01-07,2026-02-02,17,0.07221632577409709,0.08556738227887228,-0.013351056504775194,False,True,7,SOX,CAMT,2025-10-02,2026-02-02,True
2025-10-23,2025-11-19,19,-0.07992660506437055,-0.032467585026530243,-0.047459020037840305,True,True,7,SOX,INTC,2025-10-02,2026-02-02,
2025-11-06,2025-11-26,14,-0.037620499829220555,-0.02053774900610439,-0.017082750823116166,True,True,7,SOX,KLAC,2025-10-02,2026-02-02,
2025-12-29,2026-01-12,9,0.1331174255653773,0.08197956337016277,0.051137862195214545,False,False,7,SOX,KLAC,2025-10-02,2026-02-02,
2026-01-14,2026-01-16,2,0.09293832731273244,0.031846922691452395,0.06109140462128004,False,False,7,SOX,KLAC,2025-10-02,2026-02-02,
2026-01-20,2026-01-21,1,0.022756228106193932,0.03198455457753302,-0.009228326471339088,False,True,7,SOX,KLAC,2025-10-02,2026-02-02,
2025-12-18,2026-02-02,29,0.28614887837363256,0.20767692812404803,0.07847195024958453,False,False,7,SOX,POWI,2025-10-02,2026-02-02,True
2025-12-04,2026-01-26,34,0.29032261497604295,0.12176002659587226,0.16856258838017069,False,False,7,SOX,FORM,2025-10-02,2026-02-02,
2025-12-05,2026-02-02,38,0.12404086395015712,0.14158613390429386,-0.017545269954136744,False,True,7,SOX,ON,2025-10-02,2026-02-02,True
2025-12-03,2026-02-02,40,0.1946638065610924,0.14173381057106438,0.05292999599002801,False,False,7,SOX,SMTC,2025-10-02,2026-02-02,True
2025-12-09,2025-12-11,2,0.5441805116490444,0.007495530417564122,0.5366849812314802,False,False,7,SOX,PLAB,2025-10-02,2026-02-02,
2025-12-17,2026-02-02,30,0.4063190391956457,0.2365108010953887,0.16980823810025703,False,False,7,SOX,ENTG,2025-10-02,2026-02-02,True
2025-10-30,2025-11-05,4,0.06022054668867338,0.00019645086123820654,0.060024095827435175,False,False,7,SOX,MU,2025-10-02,2026-02-02,
2025-11-05,2025-11-06,1,-0.017328045113835344,-0.02609088189312192,0.008762836779286576,True,False,7,SOX,LRCX,2025-10-02,2026-02-02,
2025-11-10,2025-11-17,5,-0.11366229642758885,-0.061059484619407356,-0.05260281180818149,True,True,7,SOX,LRCX,2025-10-02,2026-02-02,
2025-11-18,2025-11-19,1,0.038815951518385905,0.016715814691474318,0.022100136826911587,False,False,7,SOX,LRCX,2025-10-02,2026-02-02,
2025-12-16,2026-01-06,13,0.2676712787992974,0.10854143584181286,0.15912984295748456,False,False,7,SOX,LRCX,2025-10-02,2026-02-02,
2025-10-21,2025-10-23,2,0.010929294907651377,-0.0009267016196169431,0.01185599652726832,False,False,7,SOX,AMAT,2025-10-02,2026-02-02,
2025-11-06,2025-11-26,14,0.07249601669336414,-0.02053774900610439,0.09303376569946853,False,False,7,SOX,AMAT,2025-10-02,2026-02-02,
2025-11-28,2025-12-03,3,0.0649356193714099,0.042528812428302754,0.02240680694310715,False,False,7,SOX,AMAT,2025-10-02,2026-02-02,
2025-12-04,2026-02-02,39,0.2188242301861325,0.15321515964715715,0.06560907053897536,False,False,7,SOX,AMAT,2025-10-02,2026-02-02,
2025-11-24,2025-11-26,2,0.05346192975540798,0.03073936690506085,0.022722562850347128,False,False,7,SOX,COHU,2025-10-02,2026-02-02,
2025-12-04,2025-12-29,16,-0.06685230616521431,-0.001673829757648293,-0.06517847640756602,True,True,7,SOX,COHU,2025-10-02,2026-02-02,
2026-01-13,2026-02-02,13,0.0542385136711816,0.05817592249370018,-0.003937408822518584,False,True,7,SOX,COHU,2025-10-02,2026-02-02,True
2025-11-18,2025-11-21,3,-0.013674438642651832,-0.022203986247979146,0.008529547605327314,True,False,7,SOX,NVDA,2025-10-02,2026-02-02,
2025-12-08,2025-12-29,14,-0.09023023253274542,-0.022357924594988754,-0.06787230793775667,True,True,7,SOX,VECO,2025-10-02,2026-02-02,
2026-01-29,2026-02-02,2,-0.008392894435028775,-0.02337113087828213,0.014978236443253357,True,False,7,SOX,MPWR,2025-10-02,2026-02-02,True
2025-12-05,2025-12-12,5,-0.14639581390548684,-0.03206203854991685,-0.11433377535556999,True,True,7,SOX,MRVL,2025-10-02,2026-02-02,
2025-12-05,2026-01-08,22,0.032376430509373444,0.03441574732231256,-0.002039316812939118,False,True,7,SOX,TXN,2025-10-02,2026-02-02,
2025-12-08,2026-01-26,32,0.08102563711313104,0.09851853351830031,-0.017492896405169267,False,True,7,SOX,SYNA,2025-10-02,2026-02-02,
2025-12-01,2026-02-02,42,0.19312264229019926,0.189568711906148,0.0035539303840512737,False,False,7,SOX,ADI,2025-10-02,2026-02-02,True
2025-12-12,2026-02-02,33,0.19905118925580978,0.17940010555435348,0.019651083701456296,False,False,7,SOX,DIOD,2025-10-02,2026-02-02,True
2026-01-22,2026-01-26,2,-0.08479598049462722,-0.016061050937261956,-0.06873492955736527,True,True,7,SOX,RMBS,2025-10-02,2026-02-02,
2025-11-20,2025-11-21,1,-0.019087687890487315,0.010182608391993142,-0.029270296282480457,True,True,7,SOX,AVGO,2025-10-02,2026-02-02,
2026-02-27,2026-03-05,4,-0.052030887377579216,-0.04124442656068228,-0.010786460816896937,True,True,8,SOX,SWKS,2026-01-26,2026-04-24,
2026-02-03,2026-03-12,26,-0.030459093713758878,-0.04469970882795249,0.014240615114193611,True,False,8,SOX,ASML,2026-01-26,2026-04-24,
2026-03-24,2026-03-25,1,0.016745074020223072,0.012403978462632859,0.004341095557590213,False,False,8,SOX,DIOD,2026-01-26,2026-04-24,
2026-04-16,2026-04-24,6,0.060958162405314376,0.13708587096611158,-0.0761277085607972,False,True,8,SOX,AVGO,2026-01-26,2026-04-24,True
2026-03-26,2026-03-27,1,-0.010988997554918778,-0.016329574411627412,0.005340576856708634,True,False,8,SOX,POWI,2026-01-26,2026-04-24,
2026-04-09,2026-04-22,9,0.3151814994078683,0.14034809446515828,0.17483340494271005,False,False,8,SOX,POWI,2026-01-26,2026-04-24,
2026-01-29,2026-03-11,28,-0.09471335968513672,-0.05272342567121546,-0.04198993401392126,True,True,8,SOX,MPWR,2026-01-26,2026-04-24,
2026-04-13,2026-04-20,5,0.08645048699317237,0.06154982668039133,0.024900660312781042,False,False,8,SOX,MPWR,2026-01-26,2026-04-24,
2026-04-21,2026-04-24,3,0.06813714884489364,0.09721891101320823,-0.029081762168314595,False,True,8,SOX,MPWR,2026-01-26,2026-04-24,True
2026-02-27,2026-03-09,6,-0.05862485549936225,-0.045190050866102616,-0.013434804633259634,True,True,8,SOX,QRVO,2026-01-26,2026-04-24,
2026-03-25,2026-04-09,10,0.07327713933029734,0.09668359365258361,-0.023406454322286274,False,True,8,SOX,ACLS,2026-01-26,2026-04-24,
2026-04-14,2026-04-16,2,0.05041575005061061,0.011738608229505232,0.038677141821105376,False,False,8,SOX,ACLS,2026-01-26,2026-04-24,
2026-04-23,2026-04-24,1,0.023380553826616524,0.0467120595238284,-0.023331505697211874,False,True,8,SOX,ACLS,2026-01-26,2026-04-24,True
2026-04-17,2026-04-24,5,0.01931113033826537,0.1103894673137713,-0.09107833697550594,False,True,8,SOX,SMTC,2026-01-26,2026-04-24,True
2026-02-09,2026-02-12,3,0.013992780957545303,-0.0036000795706786493,0.017592860528223953,False,False,8,SOX,SITM,2026-01-26,2026-04-24,
2026-02-23,2026-03-03,6,0.02626194702159057,-0.06176788061645955,0.08802982763805012,False,False,8,SOX,SITM,2026-01-26,2026-04-24,
2026-04-14,2026-04-24,8,0.2784951996255569,0.15043367652868844,0.12806152309686847,False,False,8,SOX,SITM,2026-01-26,2026-04-24,True
2026-03-30,2026-04-24,18,0.25909055059265285,0.4900416217368537,-0.23095107114420088,False,True,8,SOX,CRUS,2026-01-26,2026-04-24,True
2026-03-03,2026-03-10,5,-0.20479618127770405,0.012037747739962246,-0.2168339290176663,True,True,8,SOX,WOLF,2026-01-26,2026-04-24,
2026-03-16,2026-03-17,1,-0.024536573565728914,0.007783904895176663,-0.03232047846090558,True,True,8,SOX,WOLF,2026-01-26,2026-04-24,
2026-04-13,2026-04-24,9,0.29316770333501685,0.1735395134320854,0.11962818990293145,False,False,8,SOX,WOLF,2026-01-26,2026-04-24,True
2026-03-23,2026-03-25,2,0.16962021007272,0.02572861426182138,0.1438915958108986,False,False,8,SOX,VECO,2026-01-26,2026-04-24,
2026-02-05,2026-02-19,9,-0.06110825156971045,0.07559780290003904,-0.13670605446974948,True,True,8,SOX,ALGM,2026-01-26,2026-04-24,
2026-02-09,2026-03-19,27,-0.08171780386289029,-0.035038118667871876,-0.04667968519501842,True,True,8,SOX,SMCI,2026-01-26,2026-04-24,
2026-05-27,2026-06-02,4,0.05998732899260251,0.07276862733548861,-0.012781298342886105,False,True,9,SOX,SMTC,2026-05-18,2026-06-16,
2026-06-05,2026-06-11,4,-0.23222863155703777,0.0873704591773532,-0.31959909073439097,True,True,9,SOX,SMCI,2026-05-18,2026-06-16,
2026-04-14,2026-04-17,3,0.15211656655447237,0.03221446709635889,0.11990209945811348,False,False,10,QQQ,ON,2026-03-09,2026-07-08,
2026-04-30,2026-05-08,6,0.023707959999297756,0.06513014627604341,-0.041422186276745654,False,True,10,QQQ,ON,2026-03-09,2026-07-08,
2026-05-11,2026-05-12,1,-0.02918684554054274,-0.008481790799397704,-0.020705054741145035,True,True,10,QQQ,ON,2026-03-09,2026-07-08,
2026-04-01,2026-05-05,23,0.690024253931909,0.16652117271609868,0.5235030812158104,False,False,10,QQQ,AMD,2026-03-09,2026-07-08,
2026-03-10,2026-03-26,12,0.040202302039518356,-0.054718993799932725,0.09492129583945108,False,False,10,QQQ,LIN,2026-03-09,2026-07-08,
2026-03-27,2026-05-12,31,0.02596106753081595,0.2571366756404476,-0.23117560810963167,False,True,10,QQQ,LIN,2026-03-09,2026-07-08,
2026-06-29,2026-07-02,3,0.06962003925138838,-0.01585465864676916,0.08547469789815754,False,False,10,QQQ,LIN,2026-03-09,2026-07-08,
2026-04-15,2026-04-24,7,0.2813354675171853,0.041543764016174656,0.23979170350101064,False,False,10,QQQ,TXN,2026-03-09,2026-07-08,
2026-05-27,2026-06-02,4,-0.029390447370249317,0.022907576441654864,-0.05229802381190418,True,True,10,QQQ,TXN,2026-03-09,2026-07-08,
2026-04-30,2026-05-06,4,0.2889436375495966,0.04197747451053879,0.24696616303905783,False,False,10,QQQ,MU,2026-03-09,2026-07-08,
2026-04-10,2026-06-09,41,0.024372839330421003,0.15834513324509358,-0.13397229391467258,False,True,10,QQQ,AMZN,2026-03-09,2026-07-08,
2026-04-28,2026-05-01,3,-0.09323144402837369,0.025245242914236687,-0.11847668694261038,True,True,10,QQQ,META,2026-03-09,2026-07-08,
2026-06-08,2026-06-11,3,0.033287825031792506,0.0014663101921870147,0.03182151483960549,False,False,10,QQQ,GE,2026-03-09,2026-07-08,
2026-06-22,2026-07-08,11,0.0038122247428065137,-0.03592385571800438,0.039736080460810896,False,False,10,QQQ,GE,2026-03-09,2026-07-08,True
2026-05-29,2026-06-11,9,0.020477382424394897,-0.028700694319845232,0.04917807674424013,False,False,10,QQQ,DXCM,2026-03-09,2026-07-08,
2026-06-12,2026-07-07,15,-0.023882220859272052,-0.015430147115813586,-0.008452073743458466,True,True,10,QQQ,DXCM,2026-03-09,2026-07-08,
2026-04-02,2026-05-18,31,-0.04045821915280501,0.20667371995064432,-0.24713193910344933,True,True,10,QQQ,ROST,2026-03-09,2026-07-08,
2026-03-24,2026-04-07,9,-0.04919636774341529,0.007894176517210472,-0.057090544260625764,True,True,10,QQQ,DDOG,2026-03-09,2026-07-08,
2026-05-05,2026-05-06,1,-0.013861175275462823,0.02077436440402569,-0.034635539679488514,True,True,10,QQQ,DDOG,2026-03-09,2026-07-08,
2026-07-06,2026-07-08,2,0.02239887743302904,-0.01574389857433489,0.03814277600736393,False,False,10,QQQ,DDOG,2026-03-09,2026-07-08,True
2026-03-13,2026-04-10,19,-0.1516396147891078,0.03052039379704019,-0.182160008586148,True,True,10,QQQ,PLTR,2026-03-09,2026-07-08,
2026-04-24,2026-04-27,1,-0.08061834194712059,0.0005271940263615882,-0.08114553597348217,True,True,10,QQQ,ARM,2026-03-09,2026-07-08,
2026-05-08,2026-05-29,14,0.12047946847829816,0.038074914089347045,0.08240455438895111,False,False,10,QQQ,MDB,2026-03-09,2026-07-08,
2026-06-01,2026-06-02,1,-0.013419860756184288,0.004604508800567064,-0.018024369556751352,True,True,10,QQQ,MDB,2026-03-09,2026-07-08,
2026-04-21,2026-06-15,38,0.0641264461173332,0.15468784879897934,-0.09056140268164614,False,True,10,QQQ,NVDA,2026-03-09,2026-07-08,
2026-03-18,2026-03-27,7,-0.1386673161343014,-0.05313608289364269,-0.0855312332406587,True,True,10,QQQ,APP,2026-03-09,2026-07-08,
2026-05-07,2026-06-23,31,-0.0638443009506593,0.028051774852159372,-0.09189607580281867,True,True,10,QQQ,APP,2026-03-09,2026-07-08,
2026-06-18,2026-06-23,2,-0.016532753277868295,-0.03535649457247658,0.018823741294608287,True,False,10,QQQ,BKNG,2026-03-09,2026-07-08,
2026-03-19,2026-03-30,7,-0.048965346009827715,-0.057394436814773964,0.008429090804946249,True,False,10,QQQ,FTNT,2026-03-09,2026-07-08,
2026-06-30,2026-07-08,5,0.02011464454430234,-0.033894651201996306,0.05400929574629865,False,False,10,QQQ,FTNT,2026-03-09,2026-07-08,True
2026-06-10,2026-07-08,18,0.0431970450713115,0.02671483979349487,0.01648220527781663,False,False,10,QQQ,MNST,2026-03-09,2026-07-08,True
2026-04-24,2026-05-01,5,0.11947884084369909,0.015469665634920027,0.10400917520877906,False,False,10,QQQ,GOOG,2026-03-09,2026-07-08,
2026-04-24,2026-05-01,5,0.11988975190276907,0.015469665634920027,0.10442008626784904,False,False,10,QQQ,GOOGL,2026-03-09,2026-07-08,
2025-12-03,2026-03-18,71,-0.0012251067113019376,0.09579267356149979,-0.09701778027280172,True,True,11,SOX,SMTC,2025-12-01,2026-06-02,
2026-04-17,2026-05-12,17,0.22625571398872268,0.2412257482637461,-0.014970034275023414,False,True,11,SOX,SMTC,2025-12-01,2026-06-02,
2026-05-15,2026-05-26,6,0.19485620054598618,0.12107696336908047,0.07377923717690571,False,False,11,SOX,SMTC,2025-12-01,2026-06-02,
2026-05-27,2026-06-02,4,0.05998732899260251,0.07276862733548861,-0.012781298342886105,False,True,11,SOX,SMTC,2025-12-01,2026-06-02,
2025-12-01,2026-03-16,71,0.17442174703666602,0.13944820266573243,0.034973544370933585,False,False,11,SOX,ADI,2025-12-01,2026-06-02,
2025-12-05,2025-12-12,5,-0.14639581390548684,-0.03206203854991685,-0.11433377535556999,True,True,11,SOX,MRVL,2025-12-01,2026-06-02,
2026-04-29,2026-06-02,23,0.8572523836711641,0.34451885916348535,0.5127335245076787,False,False,11,SOX,MRVL,2025-12-01,2026-06-02,
2025-12-17,2026-02-09,35,0.44057057471909444,0.2367913212068813,0.20377925351221315,False,False,11,SOX,ENTG,2025-12-01,2026-06-02,
2026-01-05,2026-03-16,48,0.055795335935532986,0.06215806637492549,-0.0063627304393925055,False,True,11,SOX,TSM,2025-12-01,2026-06-02,
2025-12-08,2026-01-26,32,0.08102563711313104,0.09851853351830031,-0.017492896405169267,False,True,11,SOX,SYNA,2025-12-01,2026-06-02,
2026-05-08,2026-05-11,1,0.008929305141170518,0.023947752662416555,-0.015018447521246037,False,True,11,SOX,SYNA,2025-12-01,2026-06-02,
2026-04-30,2026-05-06,4,0.2889436375495966,0.09845269285858294,0.19049094469101369,False,False,11,SOX,MU,2025-12-01,2026-06-02,
2026-04-16,2026-06-02,32,0.208547690921282,0.4903806118237142,-0.28183292090243217,False,True,11,SOX,AVGO,2025-12-01,2026-06-02,True
2025-12-09,2025-12-11,2,0.5441805116490444,0.007495530417564122,0.5366849812314802,False,False,11,SOX,PLAB,2025-12-01,2026-06-02,
2026-02-17,2026-02-26,7,0.0010357565156304815,0.0076248645334657805,-0.006589108017835299,False,True,11,SOX,PLAB,2025-12-01,2026-06-02,
2026-05-01,2026-05-11,6,0.054071354133128136,0.14387550598343357,-0.08980415185030544,False,True,11,SOX,MCHP,2025-12-01,2026-06-02,
2026-03-26,2026-04-21,17,0.7332742339759895,0.279306748845612,0.45396748513037743,False,False,11,SOX,AOSL,2025-12-01,2026-06-02,
2025-12-04,2026-02-12,47,0.3161018151378532,0.14932417475278137,0.1667776403850718,False,False,11,SOX,LSCC,2025-12-01,2026-06-02,
2025-12-18,2026-03-25,65,0.44378476591459703,0.18292929402824698,0.26085547188635005,False,False,11,SOX,POWI,2025-12-01,2026-06-02,
2026-03-26,2026-03-27,1,-0.010988997554918778,-0.016329574411627412,0.005340576856708634,True,False,11,SOX,POWI,2025-12-01,2026-06-02,
2026-04-09,2026-04-22,9,0.3151814994078683,0.14034809446515828,0.17483340494271005,False,False,11,SOX,POWI,2025-12-01,2026-06-02,
2025-12-11,2025-12-24,9,-0.07672785521589265,-0.025217477923410447,-0.0515103772924822,True,True,11,SOX,CAMT,2025-12-01,2026-06-02,
2026-01-07,2026-03-27,55,0.15825650532939517,-0.0037264945402138983,0.16198299986960907,False,False,11,SOX,CAMT,2025-12-01,2026-06-02,
2026-01-22,2026-01-26,2,-0.08479598049462722,-0.016061050937261956,-0.06873492955736527,True,True,11,SOX,RMBS,2025-12-01,2026-06-02,
2025-12-03,2026-01-09,25,0.11653754376066727,0.06433205096544503,0.05220549279522224,False,False,11,SOX,ASML,2025-12-01,2026-06-02,
2026-01-20,2026-01-21,1,0.025654715111482762,0.03198455457753302,-0.006329839466050258,False,True,11,SOX,ASML,2025-12-01,2026-06-02,
2026-02-03,2026-03-12,26,-0.030459093713758878,-0.04469970882795249,0.014240615114193611,True,False,11,SOX,ASML,2025-12-01,2026-06-02,
2025-12-05,2026-01-08,22,0.032376430509373444,0.03441574732231256,-0.002039316812939118,False,True,11,SOX,TXN,2025-12-01,2026-06-02,
2025-12-05,2026-03-11,64,0.0822067932411148,0.10727609680287387,-0.02506930356175907,False,True,11,SOX,ON,2025-12-01,2026-06-02,
2026-04-30,2026-05-08,6,0.023707959999297756,0.12755721140514154,-0.10384925140584378,False,True,11,SOX,ON,2025-12-01,2026-06-02,
2026-05-11,2026-05-12,1,-0.02918684554054274,-0.03147767169073823,0.0022908261501954907,True,False,11,SOX,ON,2025-12-01,2026-06-02,
2025-12-03,2026-03-09,64,0.21211743979668318,0.08890242277828753,0.12321501701839566,False,False,11,SOX,ONTO,2025-12-01,2026-06-02,
2026-04-08,2026-04-09,1,0.02690341000839247,0.022219252910562037,0.0046841570978304325,False,False,11,SOX,ONTO,2025-12-01,2026-06-02,
2026-04-27,2026-04-28,1,-0.05327204035097466,-0.036670261961282424,-0.016601778389692234,True,True,11,SOX,ONTO,2025-12-01,2026-06-02,
2026-04-29,2026-05-27,19,-0.0613701270106114,0.25331672170816755,-0.31468684871877894,True,True,11,SOX,ONTO,2025-12-01,2026-06-02,
2025-12-04,2026-02-02,39,0.2188242301861325,0.15321515964715715,0.06560907053897536,False,False,11,SOX,AMAT,2025-12-01,2026-06-02,
2025-12-11,2026-02-04,36,-0.09763749728150506,0.051965224544144206,-0.14960272182564927,True,True,11,SOX,SITM,2025-12-01,2026-06-02,
2026-02-09,2026-02-12,3,0.013992780957545303,-0.0036000795706786493,0.017592860528223953,False,False,11,SOX,SITM,2025-12-01,2026-06-02,
2026-02-23,2026-03-03,6,0.02626194702159057,-0.06176788061645955,0.08802982763805012,False,False,11,SOX,SITM,2025-12-01,2026-06-02,
2026-04-14,2026-05-08,18,0.867724870258902,0.2967301069763846,0.5709947632825174,False,False,11,SOX,SITM,2025-12-01,2026-06-02,
2026-02-27,2026-03-05,4,-0.052030887377579216,-0.04124442656068228,-0.010786460816896937,True,True,11,SOX,SWKS,2025-12-01,2026-06-02,
2026-01-26,2026-02-05,8,-0.2340137604150906,-0.035677927281302146,-0.19833583313378844,True,True,11,SOX,AMD,2025-12-01,2026-06-02,
2026-04-01,2026-05-05,23,0.690024253931909,0.4259171209560162,0.26410713297589283,False,False,11,SOX,AMD,2025-12-01,2026-06-02,
2026-02-12,2026-03-30,31,0.12087735475366412,-0.11811987017918635,0.23899722493285047,False,False,11,SOX,ARM,2025-12-01,2026-06-02,
2025-12-08,2025-12-29,14,-0.09023023253274542,-0.022357924594988754,-0.06787230793775667,True,True,11,SOX,VECO,2025-12-01,2026-06-02,
2026-03-23,2026-03-25,2,0.16962021007272,0.02572861426182138,0.1438915958108986,False,False,11,SOX,VECO,2025-12-01,2026-06-02,
2025-12-04,2026-01-28,36,0.21846713230070836,0.17862119022921363,0.03984594207149472,False,False,11,SOX,GFS,2025-12-01,2026-06-02,
2026-05-04,2026-05-06,2,0.06715874158105195,0.0969787352589564,-0.029819993677904444,False,True,11,SOX,GFS,2025-12-01,2026-06-02,
2025-12-16,2026-01-06,13,0.2676712787992974,0.10854143584181286,0.15912984295748456,False,False,11,SOX,LRCX,2025-12-01,2026-06-02,
2026-01-29,2026-03-11,28,-0.09471335968513672,-0.05272342567121546,-0.04198993401392126,True,True,11,SOX,MPWR,2025-12-01,2026-06-02,
2026-04-13,2026-04-20,5,0.08645048699317237,0.06154982668039133,0.024900660312781042,False,False,11,SOX,MPWR,2025-12-01,2026-06-02,
2026-04-21,2026-06-02,29,0.06350996999815006,0.43812691165621787,-0.3746169416580678,False,True,11,SOX,MPWR,2025-12-01,2026-06-02,True
2026-04-30,2026-05-08,6,0.023707959999297756,0.12755721140514154,-0.10384925140584378,False,True,12,SOX,ON,2026-03-12,2026-05-11,
2026-05-11,2026-05-11,0,0.0,0.0,0.0,True,False,12,SOX,ON,2026-03-12,2026-05-11,True
2026-03-25,2026-03-27,2,-0.06516949271634676,-0.06305569032017067,-0.00211380239617609,True,True,12,SOX,KLAC,2026-03-12,2026-05-11,
2026-04-14,2026-05-08,18,0.867724870258902,0.2967301069763846,0.5709947632825174,False,False,12,SOX,SITM,2026-03-12,2026-05-11,
2026-04-08,2026-04-09,1,0.02690341000839247,0.022219252910562037,0.0046841570978304325,False,False,12,SOX,ONTO,2026-03-12,2026-05-11,
2026-04-27,2026-04-28,1,-0.05327204035097466,-0.036670261961282424,-0.016601778389692234,True,True,12,SOX,ONTO,2026-03-12,2026-05-11,
2026-04-29,2026-05-11,8,0.011183768434752217,0.18393749389769076,-0.17275372546293855,False,True,12,SOX,ONTO,2026-03-12,2026-05-11,True
2026-04-30,2026-05-06,4,0.2889436375495966,0.09845269285858294,0.19049094469101369,False,False,12,SOX,MU,2026-03-12,2026-05-11,
2026-03-30,2026-05-11,29,0.25952427832922154,0.7197455920490272,-0.4602213137198057,False,True,12,SOX,CRUS,2026-03-12,2026-05-11,True
2026-05-04,2026-05-06,2,0.06715874158105195,0.0969787352589564,-0.029819993677904444,False,True,12,SOX,GFS,2026-03-12,2026-05-11,
2026-05-08,2026-05-11,1,0.008929305141170518,0.023947752662416555,-0.015018447521246037,False,True,12,SOX,SYNA,2026-03-12,2026-05-11,
2026-04-16,2026-05-11,17,0.07518751486698849,0.3123783831593845,-0.237190868292396,False,True,12,SOX,AVGO,2026-03-12,2026-05-11,True
2026-03-13,2026-05-11,40,0.07000003307323732,0.6089830213560177,-0.5389829882827804,False,True,12,SOX,SLAB,2026-03-12,2026-05-11,True
2026-03-23,2026-03-25,2,0.16962021007272,0.02572861426182138,0.1438915958108986,False,False,12,SOX,VECO,2026-03-12,2026-05-11,
2026-03-26,2026-03-27,1,-0.010988997554918778,-0.016329574411627412,0.005340576856708634,True,False,12,SOX,POWI,2026-03-12,2026-05-11,
2026-04-09,2026-04-22,9,0.3151814994078683,0.14034809446515828,0.17483340494271005,False,False,12,SOX,POWI,2026-03-12,2026-05-11,
2026-03-19,2026-03-24,3,0.10967403230836048,0.0024102564056540654,0.10726377590270642,False,False,12,SOX,FORM,2026-03-12,2026-05-11,
2026-04-27,2026-04-28,1,-0.0677412665611885,-0.036670261961282424,-0.031071004599906082,True,True,12,SOX,FORM,2026-03-12,2026-05-11,
2026-03-24,2026-03-25,1,0.016745074020223072,0.012403978462632859,0.004341095557590213,False,False,12,SOX,DIOD,2026-03-12,2026-05-11,
2026-04-29,2026-05-11,8,0.10881186003732202,0.18393749389769076,-0.07512563386036875,False,True,12,SOX,DIOD,2026-03-12,2026-05-11,True
2026-03-26,2026-04-21,17,0.7332742339759895,0.279306748845612,0.45396748513037743,False,False,12,SOX,AOSL,2026-03-12,2026-05-11,
2025-10-15,2025-11-12,20,0.04311069625569486,0.031317494710281224,0.011793201545413634,False,False,13,QQQ,GILD,2025-10-01,2026-01-30,
2025-11-20,2025-12-15,16,-0.03535385356979026,0.042464172322200344,-0.0778180258919906,True,True,13,QQQ,GILD,2025-10-01,2026-01-30,
2025-11-28,2025-12-12,10,-0.07463123466712962,-0.009091720259874814,-0.0655395144072548,True,True,13,QQQ,ORLY,2025-10-01,2026-01-30,
2026-01-23,2026-01-30,5,-0.008263626595624074,-0.0013650193886984852,-0.006898607206925589,True,True,13,QQQ,ORLY,2025-10-01,2026-01-30,True
2025-12-17,2026-01-22,23,0.06950079761329064,0.035225681451927615,0.03427511616136303,False,False,13,QQQ,FAST,2025-10-01,2026-01-30,
2025-10-24,2025-11-06,9,0.08167682961042377,-0.008799189260742413,0.09047601887116619,False,False,13,QQQ,AMGN,2025-10-01,2026-01-30,
2025-12-05,2025-12-10,3,-0.04398446999658756,0.0034052950428129503,-0.04738976503940051,True,True,13,QQQ,AMGN,2025-10-01,2026-01-30,
2025-11-03,2025-11-18,11,-0.15521354808524646,-0.056591050278582467,-0.09862249780666399,True,True,13,QQQ,TEAM,2025-10-01,2026-01-30,
2025-12-15,2026-01-14,20,-0.1709492477734218,0.016064824783212694,-0.1870140725566345,True,True,13,QQQ,TEAM,2025-10-01,2026-01-30,
2025-12-03,2026-01-09,25,0.11653754376066727,0.006314735867198662,0.11022280789346861,False,False,13,QQQ,ASML,2025-10-01,2026-01-30,
2026-01-20,2026-01-21,1,0.025654715111482762,0.013518379690002691,0.012136335421480071,False,False,13,QQQ,ASML,2025-10-01,2026-01-30,
2025-12-16,2026-01-27,27,-0.02921780400748275,0.033008879846399664,-0.062226683853882414,True,True,13,QQQ,ADP,2025-10-01,2026-01-30,
2026-01-06,2026-01-30,17,0.005972350275594396,-0.0024863464877313834,0.00845869676332578,False,False,13,QQQ,ROST,2025-10-01,2026-01-30,True
2025-12-04,2026-01-28,36,0.21846713230070836,0.017811992088978545,0.2006551402117298,False,False,13,QQQ,GFS,2025-10-01,2026-01-30,
2026-01-22,2026-01-30,6,0.01778997466671317,0.0017880914078083343,0.016001883258904837,False,False,13,QQQ,CMCSA,2025-10-01,2026-01-30,True
2025-12-05,2026-01-30,37,0.09408106600784971,-0.004490738958818019,0.09857180496666773,False,False,13,QQQ,ON,2025-10-01,2026-01-30,True
2026-01-22,2026-01-30,6,-0.016719133003527342,0.0017880914078083343,-0.018507224411335677,True,True,13,QQQ,CPRT,2025-10-01,2026-01-30,True
2025-10-09,2025-11-10,22,-0.20022188575528288,0.020517400730683644,-0.22073928648596652,True,True,13,QQQ,TTD,2025-10-01,2026-01-30,
2025-10-23,2025-11-19,19,-0.07992660506437055,-0.017540795253616404,-0.062385809810754145,True,True,13,QQQ,INTC,2025-10-01,2026-01-30,
2026-01-08,2026-01-12,2,0.0717587136740796,0.010798245248171634,0.060960468425907965,False,False,13,QQQ,INTC,2025-10-01,2026-01-30,
2025-10-02,2025-11-20,35,-0.09054547370361554,-0.033117074740482644,-0.0574283989631329,True,True,13,QQQ,ZS,2025-10-01,2026-01-30,
2025-12-31,2026-01-20,12,-0.1176048050383608,-0.010173939326640569,-0.10743086571172022,True,True,13,QQQ,CHTR,2025-10-01,2026-01-30,
2025-12-15,2026-01-14,20,-0.13302005486819912,0.016064824783212694,-0.14908487965141182,True,True,13,QQQ,ADBE,2025-10-01,2026-01-30,
2025-11-20,2025-12-22,21,0.04997924342620075,0.058629942697680404,-0.008650699271479656,False,True,13,QQQ,ISRG,2025-10-01,2026-01-30,
2026-01-09,2026-01-21,7,-0.10669689689364537,-0.0165483271840019,-0.09014856970964347,True,True,13,QQQ,ISRG,2025-10-01,2026-01-30,
2025-10-02,2025-10-23,15,0.02333130836759456,0.008006948106230372,0.01532436026136419,False,False,13,QQQ,CEG,2025-10-01,2026-01-30,
2025-12-12,2025-12-18,4,0.02576845959049856,-0.007349833946643125,0.033118293537141685,False,False,13,QQQ,CEG,2025-10-01,2026-01-30,
2025-12-22,2026-01-20,18,-0.11565832190209846,-0.01800678928802979,-0.09765153261406867,True,True,13,QQQ,QCOM,2025-10-01,2026-01-30,
2026-01-22,2026-01-30,6,-0.04048834314748517,0.0017880914078083343,-0.04227643455529351,True,True,13,QQQ,SBUX,2025-10-01,2026-01-30,True
2025-10-15,2025-11-07,17,-0.04085021537863165,0.012487204836442167,-0.053337420215073816,True,True,13,QQQ,WDAY,2025-10-01,2026-01-30,
2025-10-28,2025-11-25,20,0.2092570520279189,-0.03796672499988141,0.2472237770278003,False,False,13,QQQ,GOOGL,2025-10-01,2026-01-30,
2025-12-10,2026-01-30,34,0.05555729978458834,-0.00786923692812902,0.06342653671271736,False,False,13,QQQ,GOOGL,2025-10-01,2026-01-30,True
2025-10-24,2025-10-28,2,0.06222389543425577,0.025636085163358358,0.036587810270897414,False,False,13,QQQ,KDP,2025-10-01,2026-01-30,
2025-12-02,2026-01-08,25,-0.010359178767517796,-0.001174540384501932,-0.009184638383015864,True,True,13,QQQ,KDP,2025-10-01,2026-01-30,
2025-12-16,2026-01-16,21,-0.056151643510280236,0.016854064223525533,-0.07300570773380577,True,True,13,QQQ,META,2025-10-01,2026-01-30,
2026-01-09,2026-02-02,15,-0.014317755915849828,-0.0008138361518202908,-0.013503919764029537,True,True,14,QQQ,MELI,2025-12-17,2026-03-19,
2026-02-05,2026-02-11,4,0.04304746533166215,0.026933308821864177,0.016114156509797972,False,False,14,QQQ,GILD,2025-12-17,2026-03-19,
2026-03-19,2026-03-19,0,0.0,0.0,0.0,True,False,14,QQQ,ROP,2025-12-17,2026-03-19,True
2026-02-05,2026-02-13,6,0.08399844454305949,0.00819043771929806,0.07580800682376143,False,False,14,QQQ,FTNT,2025-12-17,2026-03-19,
2026-03-19,2026-03-19,0,0.0,0.0,0.0,True,False,14,QQQ,FTNT,2025-12-17,2026-03-19,True
2026-01-22,2026-02-13,16,-0.09159192482116352,-0.030349951653627305,-0.06124197316753621,True,True,14,QQQ,CPRT,2025-12-17,2026-03-19,
2025-12-31,2026-02-10,27,0.08002065227562971,-0.004623078344152987,0.0846437306197827,False,False,14,QQQ,LIN,2025-12-17,2026-03-19,
2026-02-24,2026-02-27,3,0.008095247295220487,-0.000954117707327562,0.009049365002548049,False,False,14,QQQ,LIN,2025-12-17,2026-03-19,
2026-03-10,2026-03-19,7,0.028257064957135203,-0.024269076458437122,0.052526141415572325,False,False,14,QQQ,LIN,2025-12-17,2026-03-19,True
2026-01-02,2026-01-26,15,-0.017596049330081964,0.020126637273099712,-0.03772268660318168,True,True,14,QQQ,REGN,2025-12-17,2026-03-19,
2026-02-13,2026-03-17,21,-0.05379547346504132,0.0023093674166867473,-0.05610484088172807,True,True,14,QQQ,REGN,2025-12-17,2026-03-19,
2026-01-08,2026-01-12,2,0.0717587136740796,0.010798245248171634,0.060960468425907965,False,False,14,QQQ,INTC,2025-12-17,2026-03-19,
2025-12-26,2026-01-23,18,-0.06642748835750678,-0.001875416452771117,-0.06455207190473566,True,True,14,QQQ,GE,2025-12-17,2026-03-19,
2026-02-23,2026-03-13,14,-0.11464474320722484,-0.012786602713307782,-0.10185814049391706,True,True,14,QQQ,GE,2025-12-17,2026-03-19,
2026-02-10,2026-02-13,3,-0.06540482255470637,-0.015618140130732927,-0.04978668242397344,True,True,14,QQQ,AAPL,2025-12-17,2026-03-19,
2026-03-18,2026-03-19,1,-0.00598773945958575,-0.003160260480330801,-0.0028274789792549493,True,True,14,QQQ,APP,2025-12-17,2026-03-19,True
2025-12-22,2026-01-20,18,-0.11565832190209846,-0.01800678928802979,-0.09765153261406867,True,True,14,QQQ,QCOM,2025-12-17,2026-03-19,
2026-02-11,2026-02-12,1,0.0006692211004206694,-0.02033890829654672,0.02100812939696739,False,False,14,QQQ,KDP,2025-12-17,2026-03-19,
2025-12-19,2026-01-23,22,-0.054737529107844574,0.010489178297565793,-0.06522670740541037,True,True,14,QQQ,BKNG,2025-12-17,2026-03-19,
2026-01-07,2026-02-10,23,-0.14323559858595314,-0.020111648591255138,-0.123123949994698,True,True,14,QQQ,AMZN,2025-12-17,2026-03-19,
2026-01-05,2026-02-13,28,-0.02822664410302289,-0.026003692991473537,-0.002222951111549354,True,True,14,QQQ,NVDA,2025-12-17,2026-03-19,
2026-02-24,2026-03-09,9,-0.052890933867755785,-0.00018096029934333568,-0.05270997356841245,True,True,14,QQQ,NVDA,2025-12-17,2026-03-19,
2026-01-22,2026-03-19,39,0.0064489620447372165,-0.04468710765693995,0.05113606970167717,False,False,14,QQQ,SBUX,2025-12-17,2026-03-19,True
2026-03-19,2026-03-19,0,0.0,0.0,0.0,True,False,14,QQQ,PANW,2025-12-17,2026-03-19,True
2026-04-30,2026-05-06,4,0.2889436375495966,0.09845269285858294,0.19049094469101369,False,False,15,SOX,MU,2026-03-31,2026-06-30,
2026-04-09,2026-04-22,9,0.3151814994078683,0.14034809446515828,0.17483340494271005,False,False,15,SOX,POWI,2026-03-31,2026-06-30,
2026-05-07,2026-05-08,1,0.060052566459242396,0.05674713757179872,0.0033054288874436732,False,False,15,SOX,AMKR,2026-03-31,2026-06-30,
2026-04-16,2026-06-05,35,-0.031972319422038264,0.32964662072152406,-0.36161894014356233,True,True,15,SOX,AVGO,2026-03-31,2026-06-30,
2026-04-14,2026-05-08,18,0.867724870258902,0.2967301069763846,0.5709947632825174,False,False,15,SOX,SITM,2026-03-31,2026-06-30,
2026-04-17,2026-04-21,2,0.08773637648678201,0.012003581207328029,0.07573279527945398,False,False,15,SOX,COHU,2026-03-31,2026-06-30,
2026-04-23,2026-05-13,14,0.078779902932403,0.19793650284837905,-0.11915659991597605,False,True,15,SOX,COHU,2026-03-31,2026-06-30,
2026-04-29,2026-06-02,23,0.8572523836711641,0.34451885916348535,0.5127335245076787,False,False,15,SOX,MRVL,2026-03-31,2026-06-30,
2026-05-01,2026-05-11,6,0.054071354133128136,0.14387550598343357,-0.08980415185030544,False,True,15,SOX,MCHP,2026-03-31,2026-06-30,
2026-04-13,2026-05-04,15,0.48819872440628354,0.17470897543066366,0.3134897489756199,False,False,15,SOX,WOLF,2026-03-31,2026-06-30,
2026-04-27,2026-04-28,1,-0.0677412665611885,-0.036670261961282424,-0.031071004599906082,True,True,15,SOX,FORM,2026-03-31,2026-06-30,
2026-04-30,2026-05-08,6,0.023707959999297756,0.12755721140514154,-0.10384925140584378,False,True,15,SOX,ON,2026-03-31,2026-06-30,
2026-05-11,2026-05-12,1,-0.02918684554054274,-0.03147767169073823,0.0022908261501954907,True,False,15,SOX,ON,2026-03-31,2026-06-30,
2026-04-08,2026-04-09,1,0.02690341000839247,0.022219252910562037,0.0046841570978304325,False,False,15,SOX,ONTO,2026-03-31,2026-06-30,
2026-04-27,2026-04-28,1,-0.05327204035097466,-0.036670261961282424,-0.016601778389692234,True,True,15,SOX,ONTO,2026-03-31,2026-06-30,
2026-04-29,2026-05-27,19,-0.0613701270106114,0.25331672170816755,-0.31468684871877894,True,True,15,SOX,ONTO,2026-03-31,2026-06-30,
2026-04-14,2026-04-16,2,0.05041575005061061,0.011738608229505232,0.038677141821105376,False,False,15,SOX,ACLS,2026-03-31,2026-06-30,
2026-04-23,2026-05-07,10,0.13442015565361265,0.11646253912310933,0.017957616530503318,False,False,15,SOX,ACLS,2026-03-31,2026-06-30,
2025-12-04,2026-02-12,47,0.3161018151378532,0.14932417475278137,0.1667776403850718,False,False,16,SOX,LSCC,2025-12-04,2026-03-06,
2025-12-17,2026-01-08,14,0.3527213039513417,0.12042902975066272,0.232292274200679,False,False,16,SOX,UCTT,2025-12-04,2026-03-06,
2026-01-14,2026-01-15,1,0.05498788856776948,0.01602894886929529,0.03895893969847419,False,False,16,SOX,UCTT,2025-12-04,2026-03-06,
2026-01-20,2026-01-23,3,-0.0173971231872323,0.021816958087112148,-0.03921408127434445,True,True,16,SOX,UCTT,2025-12-04,2026-03-06,
2025-12-08,2026-01-26,32,0.08102563711313104,0.09851853351830031,-0.017492896405169267,False,True,16,SOX,SYNA,2025-12-04,2026-03-06,
2025-12-08,2025-12-30,15,-0.10522269477851065,-0.023638645085372056,-0.0815840496931386,True,True,16,SOX,ACLS,2025-12-04,2026-03-06,
2026-02-09,2026-03-06,18,-0.0662093466798821,-0.08294351235263775,0.016734165672755652,True,False,16,SOX,SMCI,2025-12-04,2026-03-06,True
2025-12-17,2025-12-26,6,0.05455264214950106,0.07295857888661472,-0.01840593673711366,False,True,16,SOX,ALGM,2025-12-04,2026-03-06,
2026-01-09,2026-01-30,14,0.17961005968190613,0.053287764409406746,0.12632229527249939,False,False,16,SOX,ALGM,2025-12-04,2026-03-06,
2026-02-05,2026-02-19,9,-0.06110825156971045,0.07559780290003904,-0.13670605446974948,True,True,16,SOX,ALGM,2025-12-04,2026-03-06,
2025-12-08,2026-02-04,39,-0.10041865596064814,0.05788480969825893,-0.15830346565890707,True,True,16,SOX,SNPS,2025-12-04,2026-03-06,
2025-12-09,2025-12-11,2,0.5441805116490444,0.007495530417564122,0.5366849812314802,False,False,16,SOX,PLAB,2025-12-04,2026-03-06,
2026-02-17,2026-02-26,7,0.0010357565156304815,0.0076248645334657805,-0.006589108017835299,False,True,16,SOX,PLAB,2025-12-04,2026-03-06,
2026-02-27,2026-03-05,4,-0.052030887377579216,-0.04124442656068228,-0.010786460816896937,True,True,16,SOX,SWKS,2025-12-04,2026-03-06,
2025-12-29,2026-01-12,9,0.1331174255653773,0.08197956337016277,0.051137862195214545,False,False,16,SOX,KLAC,2025-12-04,2026-03-06,
2026-01-14,2026-01-16,2,0.09293832731273244,0.031846922691452395,0.06109140462128004,False,False,16,SOX,KLAC,2025-12-04,2026-03-06,
2026-01-20,2026-01-21,1,0.022756228106193932,0.03198455457753302,-0.009228326471339088,False,True,16,SOX,KLAC,2025-12-04,2026-03-06,
2026-03-03,2026-03-06,3,-0.06715917655202097,-0.03366382514945776,-0.03349535140256321,True,True,16,SOX,KLAC,2025-12-04,2026-03-06,True
2025-12-12,2026-02-12,41,0.4247875393091394,0.17542077181359583,0.24936676749554354,False,False,16,SOX,DIOD,2025-12-04,2026-03-06,
2026-01-22,2026-01-26,2,-0.08479598049462722,-0.016061050937261956,-0.06873492955736527,True,True,16,SOX,RMBS,2025-12-04,2026-03-06,
2025-12-04,2026-01-26,34,0.29032261497604295,0.12176002659587226,0.16856258838017069,False,False,16,SOX,FORM,2025-12-04,2026-03-06,
2026-01-29,2026-03-06,25,-0.13522384761938688,-0.10417297450579743,-0.03105087311358945,True,True,16,SOX,MPWR,2025-12-04,2026-03-06,True
2025-12-05,2026-03-06,61,0.03891116529241634,0.047136474268461015,-0.008225308976044676,False,True,16,SOX,ON,2025-12-04,2026-03-06,True
2025-12-04,2026-01-28,36,0.21846713230070836,0.17862119022921363,0.03984594207149472,False,False,16,SOX,GFS,2025-12-04,2026-03-06,
2025-12-16,2026-01-06,13,0.2676712787992974,0.10854143584181286,0.15912984295748456,False,False,16,SOX,LRCX,2025-12-04,2026-03-06,
2025-12-04,2025-12-29,16,-0.06685230616521431,-0.001673829757648293,-0.06517847640756602,True,True,16,SOX,COHU,2025-12-04,2026-03-06,
2026-01-13,2026-02-17,23,0.08728449324199805,0.06240639036861606,0.02487810287338199,False,False,16,SOX,COHU,2025-12-04,2026-03-06,
2025-12-04,2026-02-02,39,0.2188242301861325,0.15321515964715715,0.06560907053897536,False,False,16,SOX,AMAT,2025-12-04,2026-03-06,
2025-12-17,2026-02-09,35,0.44057057471909444,0.2367913212068813,0.20377925351221315,False,False,16,SOX,ENTG,2025-12-04,2026-03-06,
2025-12-05,2025-12-12,5,-0.14639581390548684,-0.03206203854991685,-0.11433377535556999,True,True,16,SOX,MRVL,2025-12-04,2026-03-06,
2026-03-25,2026-04-09,10,0.07327713933029734,0.09668359365258361,-0.023406454322286274,False,True,17,SOX,ACLS,2026-02-13,2026-07-16,
2026-04-14,2026-04-16,2,0.05041575005061061,0.011738608229505232,0.038677141821105376,False,False,17,SOX,ACLS,2026-02-13,2026-07-16,
2026-04-23,2026-05-07,10,0.13442015565361265,0.11646253912310933,0.017957616530503318,False,False,17,SOX,ACLS,2026-02-13,2026-07-16,
2026-02-27,2026-03-09,6,-0.05862485549936225,-0.045190050866102616,-0.013434804633259634,True,True,17,SOX,QRVO,2026-02-13,2026-07-16,
2026-03-24,2026-03-25,1,0.016745074020223072,0.012403978462632859,0.004341095557590213,False,False,17,SOX,DIOD,2026-02-13,2026-07-16,
2026-04-29,2026-05-13,10,0.009504941430422242,0.17400390127120047,-0.16449895984077822,False,True,17,SOX,DIOD,2026-02-13,2026-07-16,
2026-02-17,2026-02-26,7,0.0010357565156304815,0.0076248645334657805,-0.006589108017835299,False,True,17,SOX,PLAB,2026-02-13,2026-07-16,
2026-06-05,2026-06-11,4,-0.23222863155703777,0.0873704591773532,-0.31959909073439097,True,True,17,SOX,SMCI,2026-02-13,2026-07-16,
2026-04-01,2026-05-05,23,0.690024253931909,0.4259171209560162,0.26410713297589283,False,False,17,SOX,AMD,2026-02-13,2026-07-16,
2026-04-30,2026-05-08,6,0.023707959999297756,0.12755721140514154,-0.10384925140584378,False,True,17,SOX,ON,2026-02-13,2026-07-16,
2026-05-11,2026-05-12,1,-0.02918684554054274,-0.03147767169073823,0.0022908261501954907,True,False,17,SOX,ON,2026-02-13,2026-07-16,
2026-04-16,2026-06-05,35,-0.031972319422038264,0.32964662072152406,-0.36161894014356233,True,True,17,SOX,AVGO,2026-02-13,2026-07-16,
2026-04-08,2026-04-09,1,0.02690341000839247,0.022219252910562037,0.0046841570978304325,False,False,17,SOX,ONTO,2026-02-13,2026-07-16,
2026-04-27,2026-04-28,1,-0.05327204035097466,-0.036670261961282424,-0.016601778389692234,True,True,17,SOX,ONTO,2026-02-13,2026-07-16,
2026-04-29,2026-05-27,19,-0.0613701270106114,0.25331672170816755,-0.31468684871877894,True,True,17,SOX,ONTO,2026-02-13,2026-07-16,
2026-04-29,2026-05-13,10,0.043113263876469965,0.17400390127120047,-0.1308906373947305,False,True,17,SOX,ALGM,2026-02-13,2026-07-16,
2026-04-30,2026-05-06,4,0.2889436375495966,0.09845269285858294,0.19049094469101369,False,False,17,SOX,MU,2026-02-13,2026-07-16,
2026-05-04,2026-05-06,2,0.06715874158105195,0.0969787352589564,-0.029819993677904444,False,True,17,SOX,GFS,2026-02-13,2026-07-16,
2026-03-26,2026-04-21,17,0.7332742339759895,0.279306748845612,0.45396748513037743,False,False,17,SOX,AOSL,2026-02-13,2026-07-16,
2026-03-03,2026-03-09,4,-0.008498949013089896,0.00474935785020647,-0.013248306863296366,True,True,17,SOX,KLAC,2026-02-13,2026-07-16,
2026-03-25,2026-03-27,2,-0.06516949271634676,-0.06305569032017067,-0.00211380239617609,True,True,17,SOX,KLAC,2026-02-13,2026-07-16,
2026-04-13,2026-04-20,5,0.08645048699317237,0.06154982668039133,0.024900660312781042,False,False,17,SOX,MPWR,2026-02-13,2026-07-16,
2026-04-21,2026-06-08,33,0.020439280339666688,0.35833131032070287,-0.3378920299810362,False,True,17,SOX,MPWR,2026-02-13,2026-07-16,
2026-05-07,2026-05-08,1,0.060052566459242396,0.05674713757179872,0.0033054288874436732,False,False,17,SOX,AMKR,2026-02-13,2026-07-16,
2026-03-26,2026-03-27,1,-0.010988997554918778,-0.016329574411627412,0.005340576856708634,True,False,17,SOX,POWI,2026-02-13,2026-07-16,
2026-04-09,2026-04-22,9,0.3151814994078683,0.14034809446515828,0.17483340494271005,False,False,17,SOX,POWI,2026-02-13,2026-07-16,
2026-03-19,2026-03-24,3,0.10967403230836048,0.0024102564056540654,0.10726377590270642,False,False,18,SOX,FORM,2026-01-09,2026-05-11,
2026-04-27,2026-04-28,1,-0.0677412665611885,-0.036670261961282424,-0.031071004599906082,True,True,18,SOX,FORM,2026-01-09,2026-05-11,
2026-04-16,2026-05-11,17,0.07518751486698849,0.3123783831593845,-0.237190868292396,False,True,18,SOX,AVGO,2026-01-09,2026-05-11,True
2026-02-09,2026-03-19,27,-0.08171780386289029,-0.035038118667871876,-0.04667968519501842,True,True,18,SOX,SMCI,2026-01-09,2026-05-11,
2026-01-26,2026-02-05,8,-0.2340137604150906,-0.035677927281302146,-0.19833583313378844,True,True,18,SOX,AMD,2026-01-09,2026-05-11,
2026-04-01,2026-05-05,23,0.690024253931909,0.4259171209560162,0.26410713297589283,False,False,18,SOX,AMD,2026-01-09,2026-05-11,
2026-01-22,2026-01-26,2,-0.08479598049462722,-0.016061050937261956,-0.06873492955736527,True,True,18,SOX,RMBS,2026-01-09,2026-05-11,
2026-04-30,2026-05-08,6,0.023707959999297756,0.12755721140514154,-0.10384925140584378,False,True,18,SOX,ON,2026-01-09,2026-05-11,
2026-05-11,2026-05-11,0,0.0,0.0,0.0,True,False,18,SOX,ON,2026-01-09,2026-05-11,True
2026-04-27,2026-05-11,10,0.0887096295415164,0.16984696488124795,-0.08113733533973155,False,True,18,SOX,ICHR,2026-01-09,2026-05-11,True
2026-01-14,2026-01-15,1,0.05498788856776948,0.01602894886929529,0.03895893969847419,False,False,18,SOX,UCTT,2026-01-09,2026-05-11,
2026-01-20,2026-01-23,3,-0.0173971231872323,0.021816958087112148,-0.03921408127434445,True,True,18,SOX,UCTT,2026-01-09,2026-05-11,
2026-02-27,2026-03-09,6,-0.05862485549936225,-0.045190050866102616,-0.013434804633259634,True,True,18,SOX,QRVO,2026-01-09,2026-05-11,
2026-04-17,2026-05-11,16,0.26757032717289175,0.281566477079098,-0.013996149906206234,False,True,18,SOX,SMTC,2026-01-09,2026-05-11,True
2026-05-04,2026-05-06,2,0.06715874158105195,0.0969787352589564,-0.029819993677904444,False,True,18,SOX,GFS,2026-01-09,2026-05-11,
2026-03-30,2026-05-11,29,0.25952427832922154,0.7197455920490272,-0.4602213137198057,False,True,18,SOX,CRUS,2026-01-09,2026-05-11,True
2026-03-13,2026-05-11,40,0.07000003307323732,0.6089830213560177,-0.5389829882827804,False,True,18,SOX,SLAB,2026-01-09,2026-05-11,True
2026-03-26,2026-04-21,17,0.7332742339759895,0.279306748845612,0.45396748513037743,False,False,18,SOX,AOSL,2026-01-09,2026-05-11,
2026-05-01,2026-05-11,6,0.054071354133128136,0.14387550598343357,-0.08980415185030544,False,True,18,SOX,MCHP,2026-01-09,2026-05-11,
2026-02-17,2026-02-26,7,0.0010357565156304815,0.0076248645334657805,-0.006589108017835299,False,True,18,SOX,PLAB,2026-01-09,2026-05-11,
2026-05-08,2026-05-11,1,0.008929305141170518,0.023947752662416555,-0.015018447521246037,False,True,18,SOX,SYNA,2026-01-09,2026-05-11,
2026-03-25,2026-04-09,10,0.07327713933029734,0.09668359365258361,-0.023406454322286274,False,True,18,SOX,ACLS,2026-01-09,2026-05-11,
2026-04-14,2026-04-16,2,0.05041575005061061,0.011738608229505232,0.038677141821105376,False,False,18,SOX,ACLS,2026-01-09,2026-05-11,
2026-04-23,2026-05-07,10,0.13442015565361265,0.11646253912310933,0.017957616530503318,False,False,18,SOX,ACLS,2026-01-09,2026-05-11,
2026-04-08,2026-04-09,1,0.02690341000839247,0.022219252910562037,0.0046841570978304325,False,False,18,SOX,ONTO,2026-01-09,2026-05-11,
2026-04-27,2026-04-28,1,-0.05327204035097466,-0.036670261961282424,-0.016601778389692234,True,True,18,SOX,ONTO,2026-01-09,2026-05-11,
2026-04-29,2026-05-11,8,0.011183768434752217,0.18393749389769076,-0.17275372546293855,False,True,18,SOX,ONTO,2026-01-09,2026-05-11,True
2025-12-17,2025-12-26,6,0.05455264214950106,0.07295857888661472,-0.01840593673711366,False,True,19,SOX,ALGM,2025-12-12,2026-03-16,
2026-01-09,2026-01-30,14,0.17961005968190613,0.053287764409406746,0.12632229527249939,False,False,19,SOX,ALGM,2025-12-12,2026-03-16,
2026-02-05,2026-02-19,9,-0.06110825156971045,0.07559780290003904,-0.13670605446974948,True,True,19,SOX,ALGM,2025-12-12,2026-03-16,
2026-01-05,2026-03-16,48,0.055795335935532986,0.06215806637492549,-0.0063627304393925055,False,True,19,SOX,TSM,2025-12-12,2026-03-16,
2025-12-17,2026-02-09,35,0.44057057471909444,0.2367913212068813,0.20377925351221315,False,False,19,SOX,ENTG,2025-12-12,2026-03-16,
2026-01-13,2026-02-17,23,0.08728449324199805,0.06240639036861606,0.02487810287338199,False,False,19,SOX,COHU,2025-12-12,2026-03-16,
2026-01-26,2026-02-05,8,-0.2340137604150906,-0.035677927281302146,-0.19833583313378844,True,True,19,SOX,AMD,2025-12-12,2026-03-16,
2026-02-12,2026-03-16,21,-0.004010193005757889,-0.03889053111335494,0.03488033810759705,True,False,19,SOX,ARM,2025-12-12,2026-03-16,True
2026-02-27,2026-03-05,4,-0.052030887377579216,-0.04124442656068228,-0.010786460816896937,True,True,19,SOX,SWKS,2025-12-12,2026-03-16,
2026-01-22,2026-01-26,2,-0.08479598049462722,-0.016061050937261956,-0.06873492955736527,True,True,19,SOX,RMBS,2025-12-12,2026-03-16,
2025-12-16,2026-01-06,13,0.2676712787992974,0.10854143584181286,0.15912984295748456,False,False,19,SOX,LRCX,2025-12-12,2026-03-16,
2026-01-29,2026-03-11,28,-0.09471335968513672,-0.05272342567121546,-0.04198993401392126,True,True,19,SOX,MPWR,2025-12-12,2026-03-16,
2025-12-29,2026-01-12,9,0.1331174255653773,0.08197956337016277,0.051137862195214545,False,False,19,SOX,KLAC,2025-12-12,2026-03-16,
2026-01-14,2026-01-16,2,0.09293832731273244,0.031846922691452395,0.06109140462128004,False,False,19,SOX,KLAC,2025-12-12,2026-03-16,
2026-01-20,2026-01-21,1,0.022756228106193932,0.03198455457753302,-0.009228326471339088,False,True,19,SOX,KLAC,2025-12-12,2026-03-16,
2026-03-03,2026-03-09,4,-0.008498949013089896,0.00474935785020647,-0.013248306863296366,True,True,19,SOX,KLAC,2025-12-12,2026-03-16,
2026-01-20,2026-01-21,1,0.025654715111482762,0.03198455457753302,-0.006329839466050258,False,True,19,SOX,ASML,2025-12-12,2026-03-16,
2026-02-03,2026-03-12,26,-0.030459093713758878,-0.04469970882795249,0.014240615114193611,True,False,19,SOX,ASML,2025-12-12,2026-03-16,
2025-12-22,2026-02-04,29,0.3643140816726327,0.08734863317384889,0.2769654484987838,False,False,19,SOX,TER,2025-12-12,2026-03-16,
2026-02-17,2026-02-26,7,0.0010357565156304815,0.0076248645334657805,-0.006589108017835299,False,True,19,SOX,PLAB,2025-12-12,2026-03-16,
2026-02-02,2026-02-04,2,0.07074735461867543,-0.03256471827870244,0.10331207289737787,False,False,20,QQQ,PEP,2025-12-24,2026-03-26,
2026-03-19,2026-03-26,5,-0.006199453240193442,-0.031207289434850516,0.025007836194657074,True,False,20,QQQ,ROP,2025-12-24,2026-03-26,True
2026-01-02,2026-01-26,15,-0.017596049330081964,0.020126637273099712,-0.03772268660318168,True,True,20,QQQ,REGN,2025-12-24,2026-03-26,
2026-02-13,2026-03-17,21,-0.05379547346504132,0.0023093674166867473,-0.05610484088172807,True,True,20,QQQ,REGN,2025-12-24,2026-03-26,
2026-02-17,2026-02-19,2,-0.05296011012435642,0.0036087940661491125,-0.05656890419050553,True,True,20,QQQ,NXPI,2025-12-24,2026-03-26,
2026-03-13,2026-03-26,9,-0.022457763883299675,-0.03234942464872048,0.009891660765420807,True,False,20,QQQ,PLTR,2025-12-24,2026-03-26,True
2026-01-28,2026-03-26,40,0.2690996050436385,-0.0927110261060714,0.3618106311497099,False,False,20,QQQ,FANG,2025-12-24,2026-03-26,True
2026-02-12,2026-03-26,29,0.26687944969956967,-0.04349784837676918,0.31037729807633885,False,False,20,QQQ,ARM,2025-12-24,2026-03-26,True
2026-01-06,2026-03-05,40,0.14557678347993708,-0.023274856693567436,0.1688516401735045,False,False,20,QQQ,ROST,2025-12-24,2026-03-26,
2026-03-18,2026-03-26,6,-0.03481163089671491,-0.03426892675168214,-0.0005427041450327685,True,True,20,QQQ,ADSK,2025-12-24,2026-03-26,True
2026-01-02,2026-01-23,14,-0.002402080494781078,0.015657632332418014,-0.018059712827199093,True,True,20,QQQ,MDB,2025-12-24,2026-03-26,
2026-02-27,2026-03-12,9,-0.11126240140257004,-0.016516056524414013,-0.09474634487815603,True,True,20,QQQ,DXCM,2025-12-24,2026-03-26,
2026-01-15,2026-03-25,47,0.020320749461554932,-0.05342535249072988,0.07374610195228481,False,False,20,QQQ,COST,2025-12-24,2026-03-26,
2026-02-25,2026-03-12,11,-0.05086502881515431,-0.031491235415010754,-0.019373793400143557,True,True,20,QQQ,WBD,2025-12-24,2026-03-26,
2026-01-09,2026-02-02,15,-0.014317755915849828,-0.0008138361518202908,-0.013503919764029537,True,True,20,QQQ,MELI,2025-12-24,2026-03-26,
2026-02-06,2026-02-13,5,0.09361589545534388,-0.012679508711310516,0.1062954041666544,False,False,20,QQQ,EXC,2025-12-24,2026-03-26,
2026-03-16,2026-03-26,8,-0.03758201224664148,-0.04308360746379414,0.005501595217152655,True,False,20,QQQ,EXC,2025-12-24,2026-03-26,True
2026-03-24,2026-03-26,2,0.014114411040556218,-0.017449260653366383,0.0315636716939226,False,False,20,QQQ,DDOG,2025-12-24,2026-03-26,True
2026-02-11,2026-02-12,1,0.0006692211004206694,-0.02033890829654672,0.02100812939696739,False,False,20,QQQ,KDP,2025-12-24,2026-03-26,
2026-02-04,2026-03-20,31,-0.03900359198738079,-0.039108482301387304,0.00010489031400651161,True,False,20,QQQ,CSX,2025-12-24,2026-03-26,
2026-01-08,2026-01-12,2,0.0717587136740796,0.010798245248171634,0.060960468425907965,False,False,20,QQQ,INTC,2025-12-24,2026-03-26,
2025-11-28,2025-12-01,1,0.012801695050273842,-0.0033590309023721066,0.01616072595264595,False,False,21,QQQ,MNST,2025-10-31,2025-12-01,True
2025-11-03,2025-11-18,11,-0.15521354808524646,-0.056591050278582467,-0.09862249780666399,True,True,21,QQQ,TEAM,2025-10-31,2025-12-01,
2025-11-10,2025-11-11,1,-0.026477545570138594,-0.00266349827862411,-0.023814047291514484,True,True,21,QQQ,AMD,2025-10-31,2025-12-01,
2025-11-10,2025-11-20,8,-0.18243686155673444,-0.0602666368385264,-0.12217022471820804,True,True,21,QQQ,PDD,2025-10-31,2025-12-01,
2025-11-05,2025-11-26,15,0.03972770232228107,-0.014455821843590733,0.0541835241658718,False,False,21,QQQ,AMAT,2025-10-31,2025-12-01,
2025-11-28,2025-12-01,1,0.009910818220871365,-0.0033590309023721066,0.013269849123243471,False,False,21,QQQ,AMAT,2025-10-31,2025-12-01,True
2025-10-31,2025-11-03,1,0.024006089412129006,0.004784903321815692,0.019221186090313314,False,False,21,QQQ,LRCX,2025-10-31,2025-12-01,
2025-11-05,2025-11-06,1,-0.017328045113835344,-0.0186273637779365,0.0012993186641011567,True,False,21,QQQ,LRCX,2025-10-31,2025-12-01,
2025-11-10,2025-11-17,5,-0.11366229642758885,-0.031400932470125875,-0.08226136395746297,True,True,21,QQQ,LRCX,2025-10-31,2025-12-01,
2026-04-10,2026-04-20,6,-0.07940976735790906,0.05845473468522111,-0.13786450204313017,True,True,22,QQQ,NFLX,2026-01-20,2026-07-21,
2026-04-20,2026-04-22,2,-0.031169555443901986,0.012863598395295162,-0.04403315383919715,True,True,22,QQQ,HOOD,2026-01-20,2026-07-21,
2026-04-23,2026-04-30,5,-0.1274838569447444,0.025052928159994714,-0.15253678510473911,True,True,22,QQQ,HOOD,2026-01-20,2026-07-21,
2026-06-02,2026-06-04,2,0.0019282913099329946,-0.007438052059240086,0.00936634336917308,False,False,22,QQQ,HOOD,2026-01-20,2026-07-21,
2026-06-30,2026-07-02,2,0.12415242051445907,-0.03231945687001059,0.15647187738446966,False,False,22,QQQ,HOOD,2026-01-20,2026-07-21,
2026-07-06,2026-07-21,11,-0.09519355296383314,-0.01916111408200316,-0.07603243888182998,True,True,22,QQQ,HOOD,2026-01-20,2026-07-21,True
2026-04-13,2026-06-05,38,0.015747201884097617,0.14200095128626522,-0.1262537494021676,False,True,22,QQQ,AVGO,2026-01-20,2026-07-21,
2026-03-18,2026-03-27,7,-0.1386673161343014,-0.05313608289364269,-0.0855312332406587,True,True,22,QQQ,APP,2026-01-20,2026-07-21,
2026-05-07,2026-06-23,31,-0.0638443009506593,0.028051774852159372,-0.09189607580281867,True,True,22,QQQ,APP,2026-01-20,2026-07-21,
2026-07-16,2026-07-21,3,0.009014770714096842,0.004292104500722482,0.00472266621337436,False,False,22,QQQ,DASH,2026-01-20,2026-07-21,True
2026-03-18,2026-04-01,10,-0.04269961684153256,-0.01656293237618478,-0.02613668446534778,True,True,22,QQQ,ADSK,2026-01-20,2026-07-21,
2026-02-03,2026-02-06,3,0.015862046398398277,-0.011143197626261592,0.02700524402465987,False,False,22,QQQ,BKR,2026-01-20,2026-07-21,
2026-02-11,2026-03-17,23,-0.06587712907471865,-0.015984084667302834,-0.04989304440741582,True,True,22,QQQ,BKR,2026-01-20,2026-07-21,
2026-04-13,2026-04-27,10,0.09303067573092827,0.07586775181127403,0.017162923919654238,False,False,22,QQQ,BKR,2026-01-20,2026-07-21,
2026-04-24,2026-05-01,5,0.11947884084369909,0.015469665634920027,0.10400917520877906,False,False,22,QQQ,GOOG,2026-01-20,2026-07-21,
2026-02-24,2026-02-27,3,0.008095247295220487,-0.000954117707327562,0.009049365002548049,False,False,22,QQQ,LIN,2026-01-20,2026-07-21,
2026-03-10,2026-03-26,12,0.040202302039518356,-0.054718993799932725,0.09492129583945108,False,False,22,QQQ,LIN,2026-01-20,2026-07-21,
2026-03-27,2026-05-12,31,0.02596106753081595,0.2571366756404476,-0.23117560810963167,False,True,22,QQQ,LIN,2026-01-20,2026-07-21,
2026-06-29,2026-07-02,3,0.06962003925138838,-0.01585465864676916,0.08547469789815754,False,False,22,QQQ,LIN,2026-01-20,2026-07-21,
2026-04-02,2026-05-18,31,-0.04045821915280501,0.20667371995064432,-0.24713193910344933,True,True,22,QQQ,ROST,2026-01-20,2026-07-21,
2026-01-23,2026-02-06,10,-0.050488783298830775,-0.020988523973312634,-0.02950025932551814,True,True,22,QQQ,ORLY,2026-01-20,2026-07-21,
2026-02-17,2026-02-18,1,0.001619886915233959,0.007467270408041182,-0.005847383492807223,False,True,22,QQQ,ORLY,2026-01-20,2026-07-21,
2026-02-05,2026-03-19,29,-0.06110865057523607,-0.006716572919519881,-0.05439207765571619,True,True,22,QQQ,CTAS,2026-01-20,2026-07-21,
2026-07-13,2026-07-21,6,0.048653176844858814,-0.0038918981218658555,0.05254507496672467,False,False,22,QQQ,ZS,2026-01-20,2026-07-21,True
2026-03-16,2026-03-25,7,-0.06446518837154436,-0.019685525605969145,-0.04477966276557521,True,True,22,QQQ,SHOP,2026-01-20,2026-07-21,
2026-06-26,2026-07-21,16,0.052798204147867844,0.0034676316369639526,0.04933057251090389,False,False,22,QQQ,SHOP,2026-01-20,2026-07-21,True
2026-04-24,2026-05-01,5,0.11988975190276907,0.015469665634920027,0.10442008626784904,False,False,22,QQQ,GOOGL,2026-01-20,2026-07-21,
2026-04-15,2026-04-24,7,0.2813354675171853,0.041543764016174656,0.23979170350101064,False,False,22,QQQ,TXN,2026-01-20,2026-07-21,
2026-05-27,2026-06-02,4,-0.029390447370249317,0.022907576441654864,-0.05229802381190418,True,True,22,QQQ,TXN,2026-01-20,2026-07-21,
2026-02-12,2026-03-30,31,0.12087735475366412,-0.06935277331644951,0.19023012807011364,False,False,22,QQQ,ARM,2026-01-20,2026-07-21,
2026-04-24,2026-04-27,1,-0.08061834194712059,0.0005271940263615882,-0.08114553597348217,True,True,22,QQQ,ARM,2026-01-20,2026-07-21,
2026-05-08,2026-06-15,25,-0.040154107533442396,0.04607517182130594,-0.08622927935474833,True,True,22,QQQ,TSLA,2026-01-20,2026-07-21,
2026-05-04,2026-05-06,2,0.06715874158105195,0.03401794564727423,0.03314079593377772,False,False,22,QQQ,GFS,2026-01-20,2026-07-21,
2026-03-19,2026-04-14,17,0.004649264333169478,0.06133443486700707,-0.05668517053383759,False,True,22,QQQ,ROP,2026-01-20,2026-07-21,
2026-04-27,2026-05-20,17,0.05431510085298252,0.07364923899790976,-0.019334138144927238,False,True,22,QQQ,AMAT,2026-01-20,2026-07-21,
2026-05-28,2026-06-03,4,0.11361411930711895,0.011704782188317164,0.10190933711880179,False,False,22,QQQ,AMAT,2026-01-20,2026-07-21,
2026-06-04,2026-06-08,2,-0.018995412691686808,-0.03313484864160332,0.014139435949916512,True,False,22,QQQ,AMAT,2026-01-20,2026-07-21,
2026-03-27,2026-03-30,1,0.014799290337322635,-0.007643371872404492,0.022442662209727127,False,False,22,QQQ,TMUS,2026-01-20,2026-07-21,
2026-01-07,2026-03-27,55,0.15825650532939517,-0.0037264945402138983,0.16198299986960907,False,False,23,SOX,CAMT,2025-12-26,2026-04-28,
2026-03-26,2026-03-27,1,-0.010988997554918778,-0.016329574411627412,0.005340576856708634,True,False,23,SOX,POWI,2025-12-26,2026-04-28,
2026-04-09,2026-04-22,9,0.3151814994078683,0.14034809446515828,0.17483340494271005,False,False,23,SOX,POWI,2025-12-26,2026-04-28,
2025-12-29,2026-01-12,9,0.1331174255653773,0.08197956337016277,0.051137862195214545,False,False,23,SOX,KLAC,2025-12-26,2026-04-28,
2026-01-14,2026-01-16,2,0.09293832731273244,0.031846922691452395,0.06109140462128004,False,False,23,SOX,KLAC,2025-12-26,2026-04-28,
2026-01-20,2026-01-21,1,0.022756228106193932,0.03198455457753302,-0.009228326471339088,False,True,23,SOX,KLAC,2025-12-26,2026-04-28,
2026-03-03,2026-03-09,4,-0.008498949013089896,0.00474935785020647,-0.013248306863296366,True,True,23,SOX,KLAC,2025-12-26,2026-04-28,
2026-03-25,2026-03-27,2,-0.06516949271634676,-0.06305569032017067,-0.00211380239617609,True,True,23,SOX,KLAC,2025-12-26,2026-04-28,
2026-01-26,2026-02-05,8,-0.2340137604150906,-0.035677927281302146,-0.19833583313378844,True,True,23,SOX,AMD,2025-12-26,2026-04-28,
2026-04-01,2026-04-28,18,0.537557590657536,0.2958881545423735,0.24166943611516256,False,False,23,SOX,AMD,2025-12-26,2026-04-28,True
2026-03-13,2026-04-28,31,0.06261087051166103,0.3249435515943546,-0.2623326810826936,False,True,23,SOX,SLAB,2025-12-26,2026-04-28,True
2026-02-09,2026-03-19,27,-0.08171780386289029,-0.035038118667871876,-0.04667968519501842,True,True,23,SOX,SMCI,2025-12-26,2026-04-28,
2026-02-27,2026-03-05,4,-0.052030887377579216,-0.04124442656068228,-0.010786460816896937,True,True,23,SOX,SWKS,2025-12-26,2026-04-28,
2026-01-20,2026-01-21,1,0.025654715111482762,0.03198455457753302,-0.006329839466050258,False,True,23,SOX,ASML,2025-12-26,2026-04-28,
2026-02-03,2026-03-12,26,-0.030459093713758878,-0.04469970882795249,0.014240615114193611,True,False,23,SOX,ASML,2025-12-26,2026-04-28,
2026-03-03,2026-03-10,5,-0.20479618127770405,0.012037747739962246,-0.2168339290176663,True,True,23,SOX,WOLF,2025-12-26,2026-04-28,
2026-03-16,2026-03-17,1,-0.024536573565728914,0.007783904895176663,-0.03232047846090558,True,True,23,SOX,WOLF,2025-12-26,2026-04-28,
2026-04-13,2026-04-28,11,0.07039340744482026,0.11534554435056155,-0.04495213690574129,False,True,23,SOX,WOLF,2025-12-26,2026-04-28,True
2026-03-19,2026-03-24,3,0.10967403230836048,0.0024102564056540654,0.10726377590270642,False,False,23,SOX,FORM,2025-12-26,2026-04-28,
2026-04-27,2026-04-28,1,-0.0677412665611885,-0.036670261961282424,-0.031071004599906082,True,True,23,SOX,FORM,2025-12-26,2026-04-28,
2026-04-16,2026-04-28,8,0.0034129734721146665,0.08069958038053371,-0.07728660690841904,False,True,23,SOX,AVGO,2025-12-26,2026-04-28,True
2026-01-09,2026-01-30,14,0.17961005968190613,0.053287764409406746,0.12632229527249939,False,False,23,SOX,ALGM,2025-12-26,2026-04-28,
2026-02-05,2026-02-19,9,-0.06110825156971045,0.07559780290003904,-0.13670605446974948,True,True,23,SOX,ALGM,2025-12-26,2026-04-28,
2026-03-24,2026-03-25,1,0.016745074020223072,0.012403978462632859,0.004341095557590213,False,False,23,SOX,DIOD,2025-12-26,2026-04-28,
2026-04-08,2026-04-09,1,0.02690341000839247,0.022219252910562037,0.0046841570978304325,False,False,23,SOX,ONTO,2025-12-26,2026-04-28,
2026-04-27,2026-04-28,1,-0.05327204035097466,-0.036670261961282424,-0.016601778389692234,True,True,23,SOX,ONTO,2025-12-26,2026-04-28,
2026-02-17,2026-02-26,7,0.0010357565156304815,0.0076248645334657805,-0.006589108017835299,False,True,23,SOX,PLAB,2025-12-26,2026-04-28,
2026-01-05,2026-03-16,48,0.055795335935532986,0.06215806637492549,-0.0063627304393925055,False,True,23,SOX,TSM,2025-12-26,2026-04-28,
2026-02-12,2026-03-30,31,0.12087735475366412,-0.11811987017918635,0.23899722493285047,False,False,23,SOX,ARM,2025-12-26,2026-04-28,
2026-02-04,2026-04-02,40,0.11459458510295173,-0.03307034238581319,0.14766492748876492,False,False,24,QQQ,AEP,2026-01-07,2026-06-08,
2026-02-12,2026-03-30,31,0.12087735475366412,-0.06935277331644951,0.19023012807011364,False,False,24,QQQ,ARM,2026-01-07,2026-06-08,
2026-04-24,2026-04-27,1,-0.08061834194712059,0.0005271940263615882,-0.08114553597348217,True,True,24,QQQ,ARM,2026-01-07,2026-06-08,
2026-05-12,2026-06-02,14,0.16297063096565845,0.05503079993433957,0.10793983103131888,False,False,24,QQQ,CDNS,2026-01-07,2026-06-08,
2026-02-05,2026-03-19,29,-0.06110865057523607,-0.006716572919519881,-0.05439207765571619,True,True,24,QQQ,CTAS,2026-01-07,2026-06-08,
2026-05-04,2026-05-06,2,0.06715874158105195,0.03401794564727423,0.03314079593377772,False,False,24,QQQ,GFS,2026-01-07,2026-06-08,
2026-03-24,2026-04-07,9,-0.04919636774341529,0.007894176517210472,-0.057090544260625764,True,True,24,QQQ,DDOG,2026-01-07,2026-06-08,
2026-05-05,2026-05-06,1,-0.013861175275462823,0.02077436440402569,-0.034635539679488514,True,True,24,QQQ,DDOG,2026-01-07,2026-06-08,
2026-04-29,2026-06-02,23,0.8572523836711641,0.12786249601007227,0.7293898876610918,False,False,24,QQQ,MRVL,2026-01-07,2026-06-08,
2026-04-10,2026-04-24,10,0.07798944308504452,0.0864221504300513,-0.008432707345006785,False,True,24,QQQ,CDW,2026-01-07,2026-06-08,
2026-01-14,2026-01-16,2,0.09293832731273244,0.002760103270580627,0.09017822404215181,False,False,24,QQQ,KLAC,2026-01-07,2026-06-08,
2026-01-20,2026-01-21,1,0.022756228106193932,0.013518379690002691,0.009237848416191241,False,False,24,QQQ,KLAC,2026-01-07,2026-06-08,
2026-03-03,2026-03-09,4,-0.008498949013089896,0.010272989060992943,-0.01877193807408284,True,True,24,QQQ,KLAC,2026-01-07,2026-06-08,
2026-03-25,2026-03-27,2,-0.06516949271634676,-0.042938291447299104,-0.02223120126904765,True,True,24,QQQ,KLAC,2026-01-07,2026-06-08,
2026-04-08,2026-04-09,1,0.03284031355736161,0.006764706060259584,0.026075607497102027,False,False,24,QQQ,KLAC,2026-01-07,2026-06-08,
2026-04-27,2026-05-18,15,-0.07437273881695416,0.06270413634767191,-0.13707687516462608,True,True,24,QQQ,KLAC,2026-01-07,2026-06-08,
2026-01-09,2026-02-02,15,-0.014317755915849828,-0.0008138361518202908,-0.013503919764029537,True,True,24,QQQ,MELI,2026-01-07,2026-06-08,
2026-04-15,2026-04-24,7,0.2813354675171853,0.041543764016174656,0.23979170350101064,False,False,24,QQQ,TXN,2026-01-07,2026-06-08,
2026-05-27,2026-06-02,4,-0.029390447370249317,0.022907576441654864,-0.05229802381190418,True,True,24,QQQ,TXN,2026-01-07,2026-06-08,
2026-03-18,2026-04-01,10,-0.1264940174169049,-0.01656293237618478,-0.10993108504072013,True,True,24,QQQ,MSTR,2026-01-07,2026-06-08,
2026-04-20,2026-06-02,30,-0.20332531013370847,0.15363566747854152,-0.35696097761225,True,True,24,QQQ,MSTR,2026-01-07,2026-06-08,
2026-02-27,2026-03-09,6,-0.10252748093318809,0.0007738957956664461,-0.10330137672885453,True,True,24,QQQ,GEHC,2026-01-07,2026-06-08,
2026-03-06,2026-03-23,11,-0.09061523659514792,-0.01835521132174167,-0.07226002527340625,True,True,24,QQQ,CEG,2026-01-07,2026-06-08,
2026-05-07,2026-05-19,8,-0.04586062916978517,0.009482917945894398,-0.05534354711567957,True,True,24,QQQ,LRCX,2026-01-07,2026-06-08,
2026-06-04,2026-06-08,2,-0.035551819885086045,-0.03313484864160332,-0.002416971243482724,True,True,24,QQQ,LRCX,2026-01-07,2026-06-08,
2026-01-23,2026-02-06,10,-0.050488783298830775,-0.020988523973312634,-0.02950025932551814,True,True,24,QQQ,ORLY,2026-01-07,2026-06-08,
2026-02-17,2026-02-18,1,0.001619886915233959,0.007467270408041182,-0.005847383492807223,False,True,24,QQQ,ORLY,2026-01-07,2026-06-08,
2026-01-28,2026-05-12,72,0.24374138813697943,0.1183030029460197,0.12543838519095973,False,False,24,QQQ,FANG,2026-01-07,2026-06-08,
2026-03-18,2026-03-27,7,-0.1386673161343014,-0.05313608289364269,-0.0855312332406587,True,True,24,QQQ,APP,2026-01-07,2026-06-08,
2026-05-07,2026-06-08,21,0.12993366600248657,0.030405512934656764,0.0995281530678298,False,False,24,QQQ,APP,2026-01-07,2026-06-08,True
2026-05-08,2026-05-29,14,0.12047946847829816,0.038074914089347045,0.08240455438895111,False,False,24,QQQ,MDB,2026-01-07,2026-06-08,
2026-06-01,2026-06-02,1,-0.013419860756184288,0.004604508800567064,-0.018024369556751352,True,True,24,QQQ,MDB,2026-01-07,2026-06-08,
2026-02-11,2026-02-12,1,0.0006692211004206694,-0.02033890829654672,0.02100812939696739,False,False,24,QQQ,KDP,2026-01-07,2026-06-08,
2026-06-08,2026-06-08,0,0.0,0.0,0.0,True,False,24,QQQ,KDP,2026-01-07,2026-06-08,True
2026-01-22,2026-02-13,16,-0.09159192482116352,-0.030349951653627305,-0.06124197316753621,True,True,24,QQQ,CPRT,2026-01-07,2026-06-08,
2026-04-02,2026-05-18,31,-0.04045821915280501,0.20667371995064432,-0.24713193910344933,True,True,24,QQQ,ROST,2026-01-07,2026-06-08,
2026-04-13,2026-04-14,1,-0.0257641815144265,0.01815697886050316,-0.04392116037492966,True,True,24,QQQ,FAST,2026-01-07,2026-06-08,
2026-01-23,2026-01-29,4,0.026099458449530877,0.010775243378025046,0.015324215071505831,False,False,24,QQQ,HON,2026-01-07,2026-06-08,
2026-02-20,2026-03-20,20,-0.08759399792075884,-0.043938120305549666,-0.04365587761520917,True,True,24,QQQ,HON,2026-01-07,2026-06-08,
2026-04-30,2026-05-06,4,0.2889436375495966,0.04197747451053879,0.24696616303905783,False,False,24,QQQ,MU,2026-01-07,2026-06-08,
2026-01-12,2026-01-27,10,-0.03798603020818225,0.0063140970645125805,-0.044300127272694834,True,True,24,QQQ,VRSK,2026-01-07,2026-06-08,
2026-04-29,2026-06-02,23,0.8572523836711641,0.34451885916348535,0.5127335245076787,False,False,25,SOX,MRVL,2026-02-17,2026-06-16,
2026-04-29,2026-05-13,10,0.043113263876469965,0.17400390127120047,-0.1308906373947305,False,True,25,SOX,ALGM,2026-02-17,2026-06-16,
2026-02-27,2026-03-09,6,-0.05862485549936225,-0.045190050866102616,-0.013434804633259634,True,True,25,SOX,QRVO,2026-02-17,2026-06-16,
2026-02-17,2026-02-26,7,0.0010357565156304815,0.0076248645334657805,-0.006589108017835299,False,True,25,SOX,PLAB,2026-02-17,2026-06-16,
2026-03-19,2026-03-24,3,0.10967403230836048,0.0024102564056540654,0.10726377590270642,False,False,25,SOX,FORM,2026-02-17,2026-06-16,
2026-04-27,2026-04-28,1,-0.0677412665611885,-0.036670261961282424,-0.031071004599906082,True,True,25,SOX,FORM,2026-02-17,2026-06-16,
2026-06-05,2026-06-11,4,-0.23222863155703777,0.0873704591773532,-0.31959909073439097,True,True,25,SOX,SMCI,2026-02-17,2026-06-16,
2026-04-16,2026-06-05,35,-0.031972319422038264,0.32964662072152406,-0.36161894014356233,True,True,25,SOX,AVGO,2026-02-17,2026-06-16,
2026-04-30,2026-05-06,4,0.2889436375495966,0.09845269285858294,0.19049094469101369,False,False,25,SOX,MU,2026-02-17,2026-06-16,
2026-03-23,2026-03-25,2,0.16962021007272,0.02572861426182138,0.1438915958108986,False,False,25,SOX,VECO,2026-02-17,2026-06-16,
2026-03-03,2026-03-10,5,-0.20479618127770405,0.012037747739962246,-0.2168339290176663,True,True,25,SOX,WOLF,2026-02-17,2026-06-16,
2026-03-16,2026-03-17,1,-0.024536573565728914,0.007783904895176663,-0.03232047846090558,True,True,25,SOX,WOLF,2026-02-17,2026-06-16,
2026-04-13,2026-05-04,15,0.48819872440628354,0.17470897543066366,0.3134897489756199,False,False,25,SOX,WOLF,2026-02-17,2026-06-16,
2026-03-26,2026-03-27,1,-0.010988997554918778,-0.016329574411627412,0.005340576856708634,True,False,25,SOX,POWI,2026-02-17,2026-06-16,
2026-04-09,2026-04-22,9,0.3151814994078683,0.14034809446515828,0.17483340494271005,False,False,25,SOX,POWI,2026-02-17,2026-06-16,
2026-04-13,2026-04-20,5,0.08645048699317237,0.06154982668039133,0.024900660312781042,False,False,25,SOX,MPWR,2026-02-17,2026-06-16,
2026-04-21,2026-06-08,33,0.020439280339666688,0.35833131032070287,-0.3378920299810362,False,True,25,SOX,MPWR,2026-02-17,2026-06-16,
2026-05-04,2026-05-06,2,0.06715874158105195,0.0969787352589564,-0.029819993677904444,False,True,25,SOX,GFS,2026-02-17,2026-06-16,
2026-05-01,2026-05-11,6,0.054071354133128136,0.14387550598343357,-0.08980415185030544,False,True,25,SOX,MCHP,2026-02-17,2026-06-16,
2026-02-27,2026-03-05,4,-0.052030887377579216,-0.04124442656068228,-0.010786460816896937,True,True,25,SOX,SWKS,2026-02-17,2026-06-16,
2026-05-04,2026-05-06,2,0.06715874158105195,0.0969787352589564,-0.029819993677904444,False,True,26,SOX,GFS,2026-03-25,2026-07-24,
2026-04-08,2026-04-09,1,0.02690341000839247,0.022219252910562037,0.0046841570978304325,False,False,26,SOX,ONTO,2026-03-25,2026-07-24,
2026-04-27,2026-04-28,1,-0.05327204035097466,-0.036670261961282424,-0.016601778389692234,True,True,26,SOX,ONTO,2026-03-25,2026-07-24,
2026-04-29,2026-05-27,19,-0.0613701270106114,0.25331672170816755,-0.31468684871877894,True,True,26,SOX,ONTO,2026-03-25,2026-07-24,
2026-04-13,2026-04-20,5,0.08645048699317237,0.06154982668039133,0.024900660312781042,False,False,26,SOX,MPWR,2026-03-25,2026-07-24,
2026-04-21,2026-06-08,33,0.020439280339666688,0.35833131032070287,-0.3378920299810362,False,True,26,SOX,MPWR,2026-03-25,2026-07-24,
2026-03-26,2026-04-21,17,0.7332742339759895,0.279306748845612,0.45396748513037743,False,False,26,SOX,AOSL,2026-03-25,2026-07-24,
2026-04-30,2026-05-08,6,0.023707959999297756,0.12755721140514154,-0.10384925140584378,False,True,26,SOX,ON,2026-03-25,2026-07-24,
2026-05-11,2026-05-12,1,-0.02918684554054274,-0.03147767169073823,0.0022908261501954907,True,False,26,SOX,ON,2026-03-25,2026-07-24,
2026-05-07,2026-05-08,1,0.060052566459242396,0.05674713757179872,0.0033054288874436732,False,False,26,SOX,AMKR,2026-03-25,2026-07-24,
2026-05-08,2026-05-11,1,0.008929305141170518,0.023947752662416555,-0.015018447521246037,False,True,26,SOX,SYNA,2026-03-25,2026-07-24,
2026-06-05,2026-06-11,4,-0.23222863155703777,0.0873704591773532,-0.31959909073439097,True,True,26,SOX,SMCI,2026-03-25,2026-07-24,
2026-04-13,2026-05-04,15,0.48819872440628354,0.17470897543066366,0.3134897489756199,False,False,26,SOX,WOLF,2026-03-25,2026-07-24,
2026-03-25,2026-04-09,10,0.07327713933029734,0.09668359365258361,-0.023406454322286274,False,True,26,SOX,ACLS,2026-03-25,2026-07-24,
2026-04-14,2026-04-16,2,0.05041575005061061,0.011738608229505232,0.038677141821105376,False,False,26,SOX,ACLS,2026-03-25,2026-07-24,
2026-04-23,2026-05-07,10,0.13442015565361265,0.11646253912310933,0.017957616530503318,False,False,26,SOX,ACLS,2026-03-25,2026-07-24,
2026-03-26,2026-03-27,1,-0.010988997554918778,-0.016329574411627412,0.005340576856708634,True,False,26,SOX,POWI,2026-03-25,2026-07-24,
2026-04-09,2026-04-22,9,0.3151814994078683,0.14034809446515828,0.17483340494271005,False,False,26,SOX,POWI,2026-03-25,2026-07-24,
2026-07-22,2026-07-24,2,-0.02461568084881638,-0.051321300337082154,0.026705619488265775,True,False,26,SOX,NVDA,2026-03-25,2026-07-24,True
2026-04-29,2026-05-13,10,0.009504941430422242,0.17400390127120047,-0.16449895984077822,False,True,26,SOX,DIOD,2026-03-25,2026-07-24,
2026-05-01,2026-05-11,6,0.054071354133128136,0.14387550598343357,-0.08980415185030544,False,True,26,SOX,MCHP,2026-03-25,2026-07-24,
2026-04-01,2026-05-05,23,0.690024253931909,0.4259171209560162,0.26410713297589283,False,False,26,SOX,AMD,2026-03-25,2026-07-24,
2025-12-15,2025-12-30,10,0.03869210377041776,0.01586796889877684,0.022824134871640922,False,False,27,QQQ,ABNB,2025-12-01,2025-12-30,True
2025-12-19,2025-12-30,6,0.0061942289150049845,0.005150426096498295,0.0010438028185066894,False,False,27,QQQ,BKNG,2025-12-01,2025-12-30,True
2025-12-08,2025-12-30,15,0.018765411131239862,-0.006490642361249077,0.02525605349248894,False,False,27,QQQ,SNPS,2025-12-01,2025-12-30,True
2025-12-16,2025-12-30,9,0.0644371987100012,0.013858700713387684,0.050578497996613514,False,False,27,QQQ,LRCX,2025-12-01,2025-12-30,True
2025-12-03,2025-12-30,18,-0.060284579259002546,-0.005279718483131135,-0.05500486077587141,True,True,27,QQQ,ASML,2025-12-01,2025-12-30,True
2025-12-05,2025-12-30,16,-0.00913408813790162,-0.008396789640224722,-0.000737298497676897,True,True,27,QQQ,ON,2025-12-01,2025-12-30,True
2025-12-23,2025-12-30,4,0.0043500571005277155,-0.004307951142724198,0.008658008243251913,False,False,27,QQQ,ODFL,2025-12-01,2025-12-30,True
2025-12-05,2025-12-12,5,-0.14639581390548684,-0.018961528980412368,-0.12743428492507447,True,True,27,QQQ,MRVL,2025-12-01,2025-12-30,
2025-12-04,2025-12-30,17,-0.03514701380619012,-0.004353480896645334,-0.030793532909544785,True,True,27,QQQ,AMAT,2025-12-01,2025-12-30,True
2025-12-29,2025-12-30,1,-0.006333909403592242,-0.002319387022803987,-0.004014522380788255,True,True,27,QQQ,INTU,2025-12-01,2025-12-30,True
2025-12-16,2025-12-30,9,0.013391113809394284,0.013858700713387684,-0.00046758690399339997,False,True,27,QQQ,META,2025-12-01,2025-12-30,True
2026-02-17,2026-02-19,2,-0.05296011012435642,0.0036087940661491125,-0.05656890419050553,True,True,28,QQQ,NXPI,2026-01-05,2026-07-07,
2026-04-21,2026-04-30,7,0.3077505544021306,0.03633227673024675,0.27141827767188387,False,False,28,QQQ,NXPI,2026-01-05,2026-07-07,
2026-03-24,2026-04-07,9,-0.04919636774341529,0.007894176517210472,-0.057090544260625764,True,True,28,QQQ,DDOG,2026-01-05,2026-07-07,
2026-05-05,2026-05-06,1,-0.013861175275462823,0.02077436440402569,-0.034635539679488514,True,True,28,QQQ,DDOG,2026-01-05,2026-07-07,
2026-07-06,2026-07-07,1,0.005638886591768255,-0.0185246873533641,0.024163573945132355,False,False,28,QQQ,DDOG,2026-01-05,2026-07-07,True
2026-01-12,2026-01-27,10,-0.03798603020818225,0.0063140970645125805,-0.044300127272694834,True,True,28,QQQ,VRSK,2026-01-05,2026-07-07,
2026-04-14,2026-04-29,11,-0.058120060504764814,0.05244994107512713,-0.11057000157989194,True,True,28,QQQ,PCAR,2026-01-05,2026-07-07,
2026-03-18,2026-04-01,10,-0.1264940174169049,-0.01656293237618478,-0.10993108504072013,True,True,28,QQQ,MSTR,2026-01-05,2026-07-07,
2026-04-20,2026-06-02,30,-0.20332531013370847,0.15363566747854152,-0.35696097761225,True,True,28,QQQ,MSTR,2026-01-05,2026-07-07,
2026-01-13,2026-01-22,6,-0.056089770912349124,-0.008750656741316476,-0.04733911417103265,True,True,28,QQQ,PDD,2026-01-05,2026-07-07,
2026-01-22,2026-03-19,39,-0.00855286986240833,-0.04468710765693995,0.03613423779453162,True,False,28,QQQ,CMCSA,2026-01-05,2026-07-07,
2026-03-16,2026-03-25,7,-0.06446518837154436,-0.019685525605969145,-0.04477966276557521,True,True,28,QQQ,SHOP,2026-01-05,2026-07-07,
2026-06-26,2026-07-07,6,0.04295735595453798,0.004118741244532487,0.03883861471000549,False,False,28,QQQ,SHOP,2026-01-05,2026-07-07,True
2026-03-27,2026-05-14,33,0.033264517359387735,0.27944456035623455,-0.24618004299684682,False,True,28,QQQ,PYPL,2026-01-05,2026-07-07,
2026-07-07,2026-07-07,0,0.0,0.0,0.0,True,False,28,QQQ,PYPL,2026-01-05,2026-07-07,True
2026-02-05,2026-03-19,29,-0.06110865057523607,-0.006716572919519881,-0.05439207765571619,True,True,28,QQQ,CTAS,2026-01-05,2026-07-07,
2026-03-13,2026-04-10,19,-0.1516396147891078,0.03052039379704019,-0.182160008586148,True,True,28,QQQ,PLTR,2026-01-05,2026-07-07,
2026-01-23,2026-02-06,10,-0.050488783298830775,-0.020988523973312634,-0.02950025932551814,True,True,28,QQQ,ORLY,2026-01-05,2026-07-07,
2026-02-17,2026-02-18,1,0.001619886915233959,0.007467270408041182,-0.005847383492807223,False,True,28,QQQ,ORLY,2026-01-05,2026-07-07,
2026-01-06,2026-01-22,11,0.08587874657983385,-0.004266808452007886,0.09014555503184174,False,False,28,QQQ,HON,2026-01-05,2026-07-07,
2026-01-23,2026-01-29,4,0.026099458449530877,0.010775243378025046,0.015324215071505831,False,False,28,QQQ,HON,2026-01-05,2026-07-07,
2026-02-20,2026-03-20,20,-0.08759399792075884,-0.043938120305549666,-0.04365587761520917,True,True,28,QQQ,HON,2026-01-05,2026-07-07,
2026-05-08,2026-06-15,25,-0.040154107533442396,0.04607517182130594,-0.08622927935474833,True,True,28,QQQ,TSLA,2026-01-05,2026-07-07,
2026-07-06,2026-07-07,1,-0.0023992690236489533,-0.0185246873533641,0.016125418329715147,True,False,28,QQQ,TTWO,2026-01-05,2026-07-07,True
2026-03-27,2026-03-30,1,0.014799290337322635,-0.007643371872404492,0.022442662209727127,False,False,28,QQQ,TMUS,2026-01-05,2026-07-07,
2026-04-29,2026-06-02,23,0.8572523836711641,0.12786249601007227,0.7293898876610918,False,False,28,QQQ,MRVL,2026-01-05,2026-07-07,
2026-02-27,2026-03-12,9,-0.11126240140257004,-0.016516056524414013,-0.09474634487815603,True,True,28,QQQ,DXCM,2026-01-05,2026-07-07,
2026-05-29,2026-06-11,9,0.020477382424394897,-0.028700694319845232,0.04917807674424013,False,False,28,QQQ,DXCM,2026-01-05,2026-07-07,
2026-06-12,2026-07-07,15,-0.023882220859272052,-0.015430147115813586,-0.008452073743458466,True,True,28,QQQ,DXCM,2026-01-05,2026-07-07,
2026-04-24,2026-05-01,5,0.11988975190276907,0.015469665634920027,0.10442008626784904,False,False,28,QQQ,GOOGL,2026-01-05,2026-07-07,
2026-04-20,2026-04-22,2,-0.031169555443901986,0.012863598395295162,-0.04403315383919715,True,True,28,QQQ,HOOD,2026-01-05,2026-07-07,
2026-04-23,2026-04-30,5,-0.1274838569447444,0.025052928159994714,-0.15253678510473911,True,True,28,QQQ,HOOD,2026-01-05,2026-07-07,
2026-06-02,2026-06-04,2,0.0019282913099329946,-0.007438052059240086,0.00936634336917308,False,False,28,QQQ,HOOD,2026-01-05,2026-07-07,
2026-06-30,2026-07-02,2,0.12415242051445907,-0.03231945687001059,0.15647187738446966,False,False,28,QQQ,HOOD,2026-01-05,2026-07-07,
2026-07-06,2026-07-07,1,-0.039557647002624874,-0.0185246873533641,-0.021032959649260774,True,True,28,QQQ,HOOD,2026-01-05,2026-07-07,True
2026-02-27,2026-03-09,6,-0.10252748093318809,0.0007738957956664461,-0.10330137672885453,True,True,28,QQQ,GEHC,2026-01-05,2026-07-07,
2026-06-29,2026-07-07,5,-0.002459683949388669,-0.020232604226453454,0.017772920277064785,True,False,28,QQQ,GEHC,2026-01-05,2026-07-07,True
2026-04-10,2026-04-24,10,0.07798944308504452,0.0864221504300513,-0.008432707345006785,False,True,28,QQQ,CDW,2026-01-05,2026-07-07,
2026-04-10,2026-04-20,6,-0.07940976735790906,0.05845473468522111,-0.13786450204313017,True,True,28,QQQ,NFLX,2026-01-05,2026-07-07,
2026-03-06,2026-03-23,11,-0.09061523659514792,-0.01835521132174167,-0.07226002527340625,True,True,28,QQQ,CEG,2026-01-05,2026-07-07,
2026-02-05,2026-02-13,6,0.08399844454305949,0.00819043771929806,0.07580800682376143,False,False,28,QQQ,FTNT,2026-01-05,2026-07-07,
2026-03-19,2026-03-30,7,-0.048965346009827715,-0.057394436814773964,0.008429090804946249,True,False,28,QQQ,FTNT,2026-01-05,2026-07-07,
2026-06-30,2026-07-07,4,0.03287334469647307,-0.03662415921257023,0.0694975039090433,False,False,28,QQQ,FTNT,2026-01-05,2026-07-07,True
2026-05-08,2026-05-29,14,0.12047946847829816,0.038074914089347045,0.08240455438895111,False,False,29,QQQ,MDB,2026-05-05,2026-08-04,
2026-06-01,2026-06-02,1,-0.013419860756184288,0.004604508800567064,-0.018024369556751352,True,True,29,QQQ,MDB,2026-05-05,2026-08-04,
2026-06-25,2026-07-31,25,-0.01989305465616642,-0.039629825588280654,0.019736770932114234,True,False,29,QQQ,EXC,2026-05-05,2026-08-04,
2026-07-17,2026-07-31,10,0.05253147374623213,-0.010556177174960601,0.06308765092119273,False,False,29,QQQ,PDD,2026-05-05,2026-08-04,True
2026-07-22,2026-07-31,7,-0.00034482968547666637,-0.024611874888265883,0.024267045202789217,True,False,29,QQQ,FANG,2026-05-05,2026-08-04,True
2026-07-14,2026-07-17,3,0.018234584979166524,-0.03384788626898538,0.05208247124815191,False,False,29,QQQ,PCAR,2026-05-05,2026-08-04,
2026-07-20,2026-07-30,8,0.0758464774141574,-0.017972602662850057,0.09381908007700746,False,False,29,QQQ,PCAR,2026-05-05,2026-08-04,
2026-07-09,2026-07-31,16,0.141747123206033,-0.04879166800278811,0.1905387912088211,False,False,29,QQQ,REGN,2026-05-05,2026-08-04,
2026-06-08,2026-07-09,21,-0.04841349843377363,0.011178908616040095,-0.05959240704981372,True,True,29,QQQ,MAR,2026-05-05,2026-08-04,
2026-07-27,2026-07-31,4,0.03172385875108308,0.008605516858040563,0.023118341893042516,False,False,29,QQQ,ROST,2026-05-05,2026-08-04,True
2026-05-07,2026-05-19,8,-0.04586062916978517,0.009482917945894398,-0.05534354711567957,True,True,29,QQQ,LRCX,2026-05-05,2026-08-04,
2026-06-04,2026-06-08,2,-0.035551819885086045,-0.03313484864160332,-0.002416971243482724,True,True,29,QQQ,LRCX,2026-05-05,2026-08-04,
2026-06-08,2026-06-29,14,0.09719085650131398,0.012297328523453555,0.08489352797786043,False,False,29,QQQ,KDP,2026-05-05,2026-08-04,
2026-06-24,2026-07-09,10,0.044823205483607964,0.017815477001318802,0.02700772848228916,False,False,29,QQQ,VRTX,2026-05-05,2026-08-04,
2026-05-12,2026-06-02,14,0.16297063096565845,0.05503079993433957,0.10793983103131888,False,False,29,QQQ,CDNS,2026-05-05,2026-08-04,
2026-06-25,2026-07-31,25,-0.06678833230568548,-0.039629825588280654,-0.02715850671740483,True,True,29,QQQ,AEP,2026-05-05,2026-08-04,
2026-07-29,2026-07-31,2,0.18994210849782545,0.039683874904720584,0.15025823359310486,False,False,29,QQQ,MSFT,2026-05-05,2026-08-04,
2026-06-10,2026-07-28,32,0.09545357293128287,-0.025166430443001486,0.12062000337428436,False,False,29,QQQ,CSX,2026-05-05,2026-08-04,
2026-02-23,2026-03-03,6,0.02626194702159057,-0.06176788061645955,0.08802982763805012,False,False,30,SOX,SITM,2026-02-10,2026-03-11,
2026-02-27,2026-03-05,4,-0.052030887377579216,-0.04124442656068228,-0.010786460816896937,True,True,30,SOX,SWKS,2026-02-10,2026-03-11,
2026-02-12,2026-03-11,18,-0.017104541497062087,-0.026771001470005773,0.009666459972943686,True,False,30,SOX,ARM,2026-02-10,2026-03-11,True
2026-01-08,2026-01-08,0,0.0,0.0,0.0,True,False,31,QQQ,VRTX,2025-12-09,2026-01-08,True
2025-12-15,2026-01-08,16,-0.03448664548498437,0.01757365189337845,-0.05206029737836282,True,True,31,QQQ,ADBE,2025-12-09,2026-01-08,True
2025-12-15,2026-01-08,16,0.0519687901554704,0.01757365189337845,0.03439513826209195,False,False,31,QQQ,ABNB,2025-12-09,2026-01-08,True
2025-12-15,2026-01-08,16,-0.034870392303674946,0.01757365189337845,-0.0524440441970534,True,True,31,QQQ,PLTR,2025-12-09,2026-01-08,True
2025-12-17,2026-01-08,14,-0.0016718115332307049,0.034742072874915264,-0.03641388440814597,True,True,31,QQQ,FAST,2025-12-09,2026-01-08,True
2026-07-06,2026-07-09,3,-0.04763746520699719,0.0006364267286391723,-0.04827389193563636,True,True,32,QQQ,TTWO,2026-03-20,2026-07-21,
2026-07-17,2026-07-21,2,-0.003168835656621738,0.019616517736956496,-0.022785353393578234,True,True,32,QQQ,TTWO,2026-03-20,2026-07-21,True
2026-04-21,2026-04-30,7,0.3077505544021306,0.03633227673024675,0.27141827767188387,False,False,32,QQQ,NXPI,2026-03-20,2026-07-21,
2026-06-10,2026-07-21,27,0.03563205824604898,0.023150212795081115,0.012481845450967866,False,False,32,QQQ,MNST,2026-03-20,2026-07-21,True
2026-04-13,2026-04-23,8,0.024140623943614825,0.05511908199885718,-0.030978458055242353,False,True,32,QQQ,MAR,2026-03-20,2026-07-21,
2026-06-08,2026-07-09,21,-0.04841349843377363,0.011178908616040095,-0.05959240704981372,True,True,32,QQQ,MAR,2026-03-20,2026-07-21,
2026-04-30,2026-05-06,4,0.2889436375495966,0.04197747451053879,0.24696616303905783,False,False,32,QQQ,MU,2026-03-20,2026-07-21,
2026-04-27,2026-05-20,17,0.05431510085298252,0.07364923899790976,-0.019334138144927238,False,True,32,QQQ,AMAT,2026-03-20,2026-07-21,
2026-05-28,2026-06-03,4,0.11361411930711895,0.011704782188317164,0.10190933711880179,False,False,32,QQQ,AMAT,2026-03-20,2026-07-21,
2026-06-04,2026-06-08,2,-0.018995412691686808,-0.03313484864160332,0.014139435949916512,True,False,32,QQQ,AMAT,2026-03-20,2026-07-21,
2026-05-08,2026-05-29,14,0.12047946847829816,0.038074914089347045,0.08240455438895111,False,False,32,QQQ,MDB,2026-03-20,2026-07-21,
2026-06-01,2026-06-02,1,-0.013419860756184288,0.004604508800567064,-0.018024369556751352,True,True,32,QQQ,MDB,2026-03-20,2026-07-21,
2026-07-21,2026-07-21,0,0.0,0.0,0.0,True,False,32,QQQ,PLTR,2026-03-20,2026-07-21,True
2026-04-24,2026-05-01,5,0.11947884084369909,0.015469665634920027,0.10400917520877906,False,False,32,QQQ,GOOG,2026-03-20,2026-07-21,
2026-03-27,2026-05-14,33,0.033264517359387735,0.27944456035623455,-0.24618004299684682,False,True,32,QQQ,PYPL,2026-03-20,2026-07-21,
2026-07-07,2026-07-16,7,0.24271626825852777,-0.004919428654562075,0.24763569691308984,False,False,32,QQQ,PYPL,2026-03-20,2026-07-21,
2026-03-27,2026-05-07,28,-0.0057422941550099305,0.23527311744198265,-0.24101541159699258,True,True,32,QQQ,EA,2026-03-20,2026-07-21,
2026-06-29,2026-07-17,13,0.018775863386623737,-0.03970555645983631,0.05848141984646005,False,False,32,QQQ,EA,2026-03-20,2026-07-21,True
2026-04-13,2026-06-05,38,0.015747201884097617,0.14200095128626522,-0.1262537494021676,False,True,32,QQQ,AVGO,2026-03-20,2026-07-21,
2026-05-29,2026-06-11,9,0.020477382424394897,-0.028700694319845232,0.04917807674424013,False,False,32,QQQ,DXCM,2026-03-20,2026-07-21,
2026-06-12,2026-07-07,15,-0.023882220859272052,-0.015430147115813586,-0.008452073743458466,True,True,32,QQQ,DXCM,2026-03-20,2026-07-21,
2026-07-17,2026-07-21,2,-0.0247880168043757,0.019616517736956496,-0.0444045345413322,True,True,32,QQQ,DXCM,2026-03-20,2026-07-21,True
2026-06-26,2026-07-21,16,0.052798204147867844,0.0034676316369639526,0.04933057251090389,False,False,32,QQQ,SHOP,2026-03-20,2026-07-21,True
2026-04-10,2026-06-09,41,0.024372839330421003,0.15834513324509358,-0.13397229391467258,False,True,32,QQQ,AMZN,2026-03-20,2026-07-21,
2026-07-21,2026-07-21,0,0.0,0.0,0.0,True,False,32,QQQ,AMZN,2026-03-20,2026-07-21,True
2026-06-25,2026-07-21,17,-0.018395734980782064,-0.010343719993831546,-0.008052014986950518,True,True,32,QQQ,EXC,2026-03-20,2026-07-21,True
2026-07-17,2026-07-21,2,0.008200647093077329,0.019616517736956496,-0.011415870643879167,False,True,32,QQQ,PDD,2026-03-20,2026-07-21,True
2026-04-20,2026-06-02,30,-0.20332531013370847,0.15363566747854152,-0.35696097761225,True,True,32,QQQ,MSTR,2026-03-20,2026-07-21,
2026-03-27,2026-03-30,1,0.014799290337322635,-0.007643371872404492,0.022442662209727127,False,False,32,QQQ,TMUS,2026-03-20,2026-07-21,
2026-05-04,2026-05-06,2,0.06715874158105195,0.03401794564727423,0.03314079593377772,False,False,32,QQQ,GFS,2026-03-20,2026-07-21,
2026-06-11,2026-06-23,7,-0.07225433730855146,-0.003745101988719579,-0.06850923531983188,True,True,32,QQQ,KHC,2026-03-20,2026-07-21,
2026-04-14,2026-04-24,8,0.14621345218923,0.056124823526712886,0.0900886286625171,False,False,32,QQQ,ADI,2026-03-20,2026-07-21,
2026-04-30,2026-05-01,1,-0.011360833761244526,0.009599622702352262,-0.02096045646359679,True,True,32,QQQ,ADI,2026-03-20,2026-07-21,
2026-05-07,2026-05-27,13,0.020464177184164933,0.049659037694803176,-0.029194860510638243,False,True,32,QQQ,ADI,2026-03-20,2026-07-21,
2026-04-30,2026-05-08,6,0.023707959999297756,0.12755721140514154,-0.10384925140584378,False,True,33,SOX,ON,2026-04-08,2026-07-08,
2026-05-11,2026-05-12,1,-0.02918684554054274,-0.03147767169073823,0.0022908261501954907,True,False,33,SOX,ON,2026-04-08,2026-07-08,
2026-04-17,2026-05-12,17,0.22625571398872268,0.2412257482637461,-0.014970034275023414,False,True,33,SOX,SMTC,2026-04-08,2026-07-08,
2026-05-15,2026-05-26,6,0.19485620054598618,0.12107696336908047,0.07377923717690571,False,False,33,SOX,SMTC,2026-04-08,2026-07-08,
2026-05-27,2026-06-02,4,0.05998732899260251,0.07276862733548861,-0.012781298342886105,False,True,33,SOX,SMTC,2026-04-08,2026-07-08,
2026-05-08,2026-05-11,1,0.008929305141170518,0.023947752662416555,-0.015018447521246037,False,True,33,SOX,SYNA,2026-04-08,2026-07-08,
2026-04-30,2026-05-06,4,0.2889436375495966,0.09845269285858294,0.19049094469101369,False,False,33,SOX,MU,2026-04-08,2026-07-08,
2026-04-14,2026-05-08,18,0.867724870258902,0.2967301069763846,0.5709947632825174,False,False,33,SOX,SITM,2026-04-08,2026-07-08,
2026-04-08,2026-04-09,1,0.02690341000839247,0.022219252910562037,0.0046841570978304325,False,False,33,SOX,ONTO,2026-04-08,2026-07-08,
2026-04-27,2026-04-28,1,-0.05327204035097466,-0.036670261961282424,-0.016601778389692234,True,True,33,SOX,ONTO,2026-04-08,2026-07-08,
2026-04-29,2026-05-27,19,-0.0613701270106114,0.25331672170816755,-0.31468684871877894,True,True,33,SOX,ONTO,2026-04-08,2026-07-08,
2026-04-09,2026-04-22,9,0.3151814994078683,0.14034809446515828,0.17483340494271005,False,False,33,SOX,POWI,2026-04-08,2026-07-08,
2026-04-29,2026-05-13,10,0.043113263876469965,0.17400390127120047,-0.1308906373947305,False,True,33,SOX,ALGM,2026-04-08,2026-07-08,
2026-04-17,2026-04-21,2,0.08773637648678201,0.012003581207328029,0.07573279527945398,False,False,33,SOX,COHU,2026-04-08,2026-07-08,
2026-04-23,2026-05-13,14,0.078779902932403,0.19793650284837905,-0.11915659991597605,False,True,33,SOX,COHU,2026-04-08,2026-07-08,
2026-04-29,2026-06-02,23,0.8572523836711641,0.34451885916348535,0.5127335245076787,False,False,33,SOX,MRVL,2026-04-08,2026-07-08,
2026-05-04,2026-05-06,2,0.06715874158105195,0.0969787352589564,-0.029819993677904444,False,True,33,SOX,GFS,2026-04-08,2026-07-08,
2026-04-14,2026-04-16,2,0.05041575005061061,0.011738608229505232,0.038677141821105376,False,False,33,SOX,ACLS,2026-04-08,2026-07-08,
2026-04-23,2026-05-07,10,0.13442015565361265,0.11646253912310933,0.017957616530503318,False,False,33,SOX,ACLS,2026-04-08,2026-07-08,
2026-04-16,2026-05-29,30,0.1212136019108907,0.4018476132713833,-0.2806340113604926,False,True,34,SOX,AVGO,2025-11-26,2026-05-29,True
2025-12-05,2026-03-11,64,0.0822067932411148,0.10727609680287387,-0.02506930356175907,False,True,34,SOX,ON,2025-11-26,2026-05-29,
2026-04-30,2026-05-08,6,0.023707959999297756,0.12755721140514154,-0.10384925140584378,False,True,34,SOX,ON,2025-11-26,2026-05-29,
2026-05-11,2026-05-12,1,-0.02918684554054274,-0.03147767169073823,0.0022908261501954907,True,False,34,SOX,ON,2025-11-26,2026-05-29,
2026-01-26,2026-02-05,8,-0.2340137604150906,-0.035677927281302146,-0.19833583313378844,True,True,34,SOX,AMD,2025-11-26,2026-05-29,
2026-04-01,2026-05-05,23,0.690024253931909,0.4259171209560162,0.26410713297589283,False,False,34,SOX,AMD,2025-11-26,2026-05-29,
2025-12-11,2026-02-05,37,0.4354060255193293,0.05339802141928707,0.3820080041000422,False,False,34,SOX,SLAB,2025-11-26,2026-05-29,
2026-03-13,2026-05-29,53,0.07192121233258919,0.7186727831131783,-0.6467515707805891,False,True,34,SOX,SLAB,2025-11-26,2026-05-29,True
2026-02-27,2026-03-09,6,-0.05862485549936225,-0.045190050866102616,-0.013434804633259634,True,True,34,SOX,QRVO,2025-11-26,2026-05-29,
2025-12-09,2025-12-11,2,0.5441805116490444,0.007495530417564122,0.5366849812314802,False,False,34,SOX,PLAB,2025-11-26,2026-05-29,
2026-02-17,2026-02-26,7,0.0010357565156304815,0.0076248645334657805,-0.006589108017835299,False,True,34,SOX,PLAB,2025-11-26,2026-05-29,
2026-05-01,2026-05-11,6,0.054071354133128136,0.14387550598343357,-0.08980415185030544,False,True,34,SOX,MCHP,2025-11-26,2026-05-29,
2025-12-11,2025-12-24,9,-0.07672785521589265,-0.025217477923410447,-0.0515103772924822,True,True,34,SOX,CAMT,2025-11-26,2026-05-29,
2026-01-07,2026-03-27,55,0.15825650532939517,-0.0037264945402138983,0.16198299986960907,False,False,34,SOX,CAMT,2025-11-26,2026-05-29,
2025-12-29,2026-01-12,9,0.1331174255653773,0.08197956337016277,0.051137862195214545,False,False,34,SOX,KLAC,2025-11-26,2026-05-29,
2026-01-14,2026-01-16,2,0.09293832731273244,0.031846922691452395,0.06109140462128004,False,False,34,SOX,KLAC,2025-11-26,2026-05-29,
2026-01-20,2026-01-21,1,0.022756228106193932,0.03198455457753302,-0.009228326471339088,False,True,34,SOX,KLAC,2025-11-26,2026-05-29,
2026-03-03,2026-03-09,4,-0.008498949013089896,0.00474935785020647,-0.013248306863296366,True,True,34,SOX,KLAC,2025-11-26,2026-05-29,
2026-03-25,2026-03-27,2,-0.06516949271634676,-0.06305569032017067,-0.00211380239617609,True,True,34,SOX,KLAC,2025-11-26,2026-05-29,
2026-02-27,2026-03-05,4,-0.052030887377579216,-0.04124442656068228,-0.010786460816896937,True,True,34,SOX,SWKS,2025-11-26,2026-05-29,
2026-03-30,2026-05-27,40,0.2548976652938941,0.8205233964701306,-0.5656257311762365,False,True,34,SOX,CRUS,2025-11-26,2026-05-29,
2025-12-11,2026-02-04,36,-0.09763749728150506,0.051965224544144206,-0.14960272182564927,True,True,34,SOX,SITM,2025-11-26,2026-05-29,
2026-02-09,2026-02-12,3,0.013992780957545303,-0.0036000795706786493,0.017592860528223953,False,False,34,SOX,SITM,2025-11-26,2026-05-29,
2026-02-23,2026-03-03,6,0.02626194702159057,-0.06176788061645955,0.08802982763805012,False,False,34,SOX,SITM,2025-11-26,2026-05-29,
2026-04-14,2026-05-08,18,0.867724870258902,0.2967301069763846,0.5709947632825174,False,False,34,SOX,SITM,2025-11-26,2026-05-29,
2026-02-12,2026-03-30,31,0.12087735475366412,-0.11811987017918635,0.23899722493285047,False,False,34,SOX,ARM,2025-11-26,2026-05-29,
2026-05-07,2026-05-08,1,0.060052566459242396,0.05674713757179872,0.0033054288874436732,False,False,34,SOX,AMKR,2025-11-26,2026-05-29,
2025-12-17,2026-01-08,14,0.3527213039513417,0.12042902975066272,0.232292274200679,False,False,34,SOX,UCTT,2025-11-26,2026-05-29,
2026-01-14,2026-01-15,1,0.05498788856776948,0.01602894886929529,0.03895893969847419,False,False,34,SOX,UCTT,2025-11-26,2026-05-29,
2026-01-20,2026-01-23,3,-0.0173971231872323,0.021816958087112148,-0.03921408127434445,True,True,34,SOX,UCTT,2025-11-26,2026-05-29,
2025-12-01,2026-03-16,71,0.17442174703666602,0.13944820266573243,0.034973544370933585,False,False,34,SOX,ADI,2025-11-26,2026-05-29,
2025-12-22,2026-02-04,29,0.3643140816726327,0.08734863317384889,0.2769654484987838,False,False,34,SOX,TER,2025-11-26,2026-05-29,
2026-03-26,2026-04-21,17,0.7332742339759895,0.279306748845612,0.45396748513037743,False,False,34,SOX,AOSL,2025-11-26,2026-05-29,
2025-12-04,2025-12-29,16,-0.06685230616521431,-0.001673829757648293,-0.06517847640756602,True,True,34,SOX,COHU,2025-11-26,2026-05-29,
2026-01-13,2026-02-17,23,0.08728449324199805,0.06240639036861606,0.02487810287338199,False,False,34,SOX,COHU,2025-11-26,2026-05-29,
2026-04-17,2026-04-21,2,0.08773637648678201,0.012003581207328029,0.07573279527945398,False,False,34,SOX,COHU,2025-11-26,2026-05-29,
2026-04-23,2026-05-13,14,0.078779902932403,0.19793650284837905,-0.11915659991597605,False,True,34,SOX,COHU,2025-11-26,2026-05-29,
2026-04-30,2026-05-06,4,0.2889436375495966,0.09845269285858294,0.19049094469101369,False,False,34,SOX,MU,2025-11-26,2026-05-29,
2025-12-08,2026-02-04,39,-0.10041865596064814,0.05788480969825893,-0.15830346565890707,True,True,34,SOX,SNPS,2025-11-26,2026-05-29,
2025-12-18,2026-01-26,24,0.7743619813635219,0.17473629415880265,0.5996256872047192,False,False,34,SOX,ICHR,2025-11-26,2026-05-29,
2026-04-27,2026-05-20,17,-0.06960948143325107,0.1425089596315101,-0.2121184410647612,True,True,34,SOX,ICHR,2025-11-26,2026-05-29,
2025-12-18,2026-03-25,65,0.44378476591459703,0.18292929402824698,0.26085547188635005,False,False,34,SOX,POWI,2025-11-26,2026-05-29,
2026-03-26,2026-03-27,1,-0.010988997554918778,-0.016329574411627412,0.005340576856708634,True,False,34,SOX,POWI,2025-11-26,2026-05-29,
2026-04-09,2026-04-22,9,0.3151814994078683,0.14034809446515828,0.17483340494271005,False,False,34,SOX,POWI,2025-11-26,2026-05-29,
2026-01-22,2026-01-26,2,-0.08479598049462722,-0.016061050937261956,-0.06873492955736527,True,True,34,SOX,RMBS,2025-11-26,2026-05-29,
2025-11-28,2025-12-03,3,0.0649356193714099,0.042528812428302754,0.02240680694310715,False,False,34,SOX,AMAT,2025-11-26,2026-05-29,
2025-12-04,2026-02-02,39,0.2188242301861325,0.15321515964715715,0.06560907053897536,False,False,34,SOX,AMAT,2025-11-26,2026-05-29,
2025-12-04,2026-02-12,47,0.3161018151378532,0.14932417475278137,0.1667776403850718,False,False,34,SOX,LSCC,2025-11-26,2026-05-29,
2025-12-04,2026-01-28,36,0.21846713230070836,0.17862119022921363,0.03984594207149472,False,False,34,SOX,GFS,2025-11-26,2026-05-29,
2026-05-04,2026-05-06,2,0.06715874158105195,0.0969787352589564,-0.029819993677904444,False,True,34,SOX,GFS,2025-11-26,2026-05-29,
2026-04-30,2026-05-06,4,0.2889436375495966,0.04197747451053879,0.24696616303905783,False,False,35,QQQ,MU,2026-04-30,2026-05-29,
2026-05-07,2026-05-19,8,-0.04586062916978517,0.009482917945894398,-0.05534354711567957,True,True,35,QQQ,LRCX,2026-04-30,2026-05-29,
2026-05-08,2026-05-29,14,0.017368979421954922,0.038074914089347045,-0.020705934667392123,False,True,35,QQQ,TSLA,2026-04-30,2026-05-29,True
2025-12-09,2025-12-29,13,-0.02896455233365669,-0.02054155599292551,-0.008422996340731181,True,True,36,SOX,NXPI,2025-10-29,2025-12-29,True
2025-12-11,2025-12-24,9,-0.07672785521589265,-0.025217477923410447,-0.0515103772924822,True,True,36,SOX,CAMT,2025-10-29,2025-12-29,
2025-11-20,2025-11-21,1,-0.019087687890487315,0.010182608391993142,-0.029270296282480457,True,True,36,SOX,AVGO,2025-10-29,2025-12-29,
2025-12-03,2025-12-29,17,0.03130959815440515,-0.011613112255337898,0.04292271040974305,False,False,36,SOX,SMTC,2025-10-29,2025-12-29,True
2025-11-18,2025-11-21,3,-0.013674438642651832,-0.022203986247979146,0.008529547605327314,True,False,36,SOX,NVDA,2025-10-29,2025-12-29,
2025-12-04,2025-12-29,16,-0.016748044860798506,-0.001673829757648293,-0.015074215103150213,True,True,36,SOX,LSCC,2025-10-29,2025-12-29,True
2025-12-12,2025-12-29,10,-0.011267042757560852,0.020994201048964323,-0.032261243806525175,True,True,36,SOX,DIOD,2025-10-29,2025-12-29,True
2025-12-04,2025-12-29,16,-0.046035272652898196,-0.001673829757648293,-0.0443614428952499,True,True,36,SOX,GFS,2025-10-29,2025-12-29,True
2025-12-08,2025-12-29,14,0.028384328976281514,-0.022357924594988754,0.05074225357127027,False,False,36,SOX,SNPS,2025-10-29,2025-12-29,True
2025-12-04,2025-12-29,16,0.0012205701253122925,-0.001673829757648293,0.0028943998829605855,False,False,36,SOX,FORM,2025-10-29,2025-12-29,True
2025-10-30,2025-11-05,4,0.06022054668867338,0.00019645086123820654,0.060024095827435175,False,False,36,SOX,MU,2025-10-29,2025-12-29,
2025-12-11,2025-12-29,11,-0.07183328100142561,-0.027828497064269375,-0.04400478393715623,True,True,36,SOX,SLAB,2025-10-29,2025-12-29,True
2025-12-18,2025-12-29,6,-0.00746465915584682,0.04547314736394581,-0.05293780651979263,True,True,36,SOX,POWI,2025-10-29,2025-12-29,True
2025-12-05,2025-12-29,15,-0.03752609425892306,-0.01174095438430911,-0.02578513987461395,True,True,36,SOX,TXN,2025-10-29,2025-12-29,True
2025-12-01,2025-12-29,19,0.03787281232040485,0.029797056050450133,0.008075756269954715,False,False,36,SOX,ADI,2025-10-29,2025-12-29,True
2025-12-18,2025-12-29,6,0.10208818168491685,0.04547314736394581,0.056615034320971036,False,False,36,SOX,ICHR,2025-10-29,2025-12-29,True
2025-12-05,2025-12-12,5,-0.14639581390548684,-0.03206203854991685,-0.11433377535556999,True,True,36,SOX,MRVL,2025-10-29,2025-12-29,
2025-12-17,2025-12-29,7,0.07561278429162477,0.07043432632168733,0.005178457969937433,False,False,36,SOX,UCTT,2025-10-29,2025-12-29,True
2025-12-17,2025-12-26,6,0.05455264214950106,0.07295857888661472,-0.01840593673711366,False,True,36,SOX,ALGM,2025-10-29,2025-12-29,
2025-12-17,2025-12-29,7,0.01070216583185557,0.07043432632168733,-0.059732160489831765,False,True,36,SOX,ENTG,2025-10-29,2025-12-29,True
2025-12-09,2025-12-11,2,0.5441805116490444,0.007495530417564122,0.5366849812314802,False,False,36,SOX,PLAB,2025-10-29,2025-12-29,
2025-11-06,2025-11-26,14,0.07249601669336414,-0.02053774900610439,0.09303376569946853,False,False,36,SOX,AMAT,2025-10-29,2025-12-29,
2025-11-28,2025-12-03,3,0.0649356193714099,0.042528812428302754,0.02240680694310715,False,False,36,SOX,AMAT,2025-10-29,2025-12-29,
2025-12-04,2025-12-29,16,-0.023715849004844247,-0.001673829757648293,-0.022042019247195954,True,True,36,SOX,AMAT,2025-10-29,2025-12-29,True
2026-01-15,2026-03-25,47,0.020320749461554932,-0.05342535249072988,0.07374610195228481,False,False,37,QQQ,COST,2025-12-02,2026-05-04,
2026-02-10,2026-02-13,3,-0.06540482255470637,-0.015618140130732927,-0.04978668242397344,True,True,37,QQQ,AAPL,2025-12-02,2026-05-04,
2026-01-02,2026-01-26,15,-0.017596049330081964,0.020126637273099712,-0.03772268660318168,True,True,37,QQQ,REGN,2025-12-02,2026-05-04,
2026-02-13,2026-03-17,21,-0.05379547346504132,0.0023093674166867473,-0.05610484088172807,True,True,37,QQQ,REGN,2025-12-02,2026-05-04,
2026-01-08,2026-01-12,2,0.0717587136740796,0.010798245248171634,0.060960468425907965,False,False,37,QQQ,INTC,2025-12-02,2026-05-04,
2026-01-22,2026-03-25,43,-0.02642369813618828,-0.05186992692015324,0.025446228783964964,True,False,37,QQQ,SBUX,2025-12-02,2026-05-04,
2025-12-26,2026-01-23,18,-0.06642748835750678,-0.001875416452771117,-0.06455207190473566,True,True,37,QQQ,GE,2025-12-02,2026-05-04,
2026-02-23,2026-03-13,14,-0.11464474320722484,-0.012786602713307782,-0.10185814049391706,True,True,37,QQQ,GE,2025-12-02,2026-05-04,
2026-01-22,2026-03-19,39,-0.00855286986240833,-0.04468710765693995,0.03613423779453162,True,False,37,QQQ,CMCSA,2025-12-02,2026-05-04,
2026-01-13,2026-01-22,6,-0.056089770912349124,-0.008750656741316476,-0.04733911417103265,True,True,37,QQQ,PDD,2025-12-02,2026-05-04,
2026-01-09,2026-01-21,7,-0.10669689689364537,-0.0165483271840019,-0.09014856970964347,True,True,37,QQQ,ISRG,2025-12-02,2026-05-04,
2025-12-11,2025-12-24,9,-0.052678601484619336,-0.0013526955303078125,-0.051325905954311524,True,True,37,QQQ,CDNS,2025-12-02,2026-05-04,
2025-12-15,2026-01-14,20,-0.07597144082186291,0.016064824783212694,-0.0920362656050756,True,True,37,QQQ,TSLA,2025-12-02,2026-05-04,
2026-03-27,2026-05-04,25,0.1559990492841843,0.1960609493034413,-0.040061900019257024,False,True,37,QQQ,PYPL,2025-12-02,2026-05-04,True
2025-12-22,2026-01-21,19,-0.12095024792852638,-0.004731832212620635,-0.11621841571590574,True,True,37,QQQ,DASH,2025-12-02,2026-05-04,
2026-02-05,2026-02-13,6,0.08399844454305949,0.00819043771929806,0.07580800682376143,False,False,37,QQQ,FTNT,2025-12-02,2026-05-04,
2026-03-19,2026-03-30,7,-0.048965346009827715,-0.057394436814773964,0.008429090804946249,True,False,37,QQQ,FTNT,2025-12-02,2026-05-04,
2026-04-13,2026-05-04,15,0.09677418316264874,0.08987834184826249,0.006895841314386253,False,False,37,QQQ,AVGO,2025-12-02,2026-05-04,True
2026-01-09,2026-02-02,15,-0.014317755915849828,-0.0008138361518202908,-0.013503919764029537,True,True,37,QQQ,MELI,2025-12-02,2026-05-04,
2025-12-12,2025-12-15,1,0.005836082097182116,-0.005019386618356658,0.010855468715538774,False,False,37,QQQ,GEHC,2025-12-02,2026-05-04,
2025-12-17,2026-01-26,25,-0.025226104227521806,0.043063813376062354,-0.06828991760358416,True,True,37,QQQ,GEHC,2025-12-02,2026-05-04,
2026-02-27,2026-03-09,6,-0.10252748093318809,0.0007738957956664461,-0.10330137672885453,True,True,37,QQQ,GEHC,2025-12-02,2026-05-04,
2025-12-12,2025-12-18,4,0.02576845959049856,-0.007349833946643125,0.033118293537141685,False,False,37,QQQ,CEG,2025-12-02,2026-05-04,
2026-03-06,2026-03-23,11,-0.09061523659514792,-0.01835521132174167,-0.07226002527340625,True,True,37,QQQ,CEG,2025-12-02,2026-05-04,
2026-04-14,2026-04-24,8,0.14621345218923,0.056124823526712886,0.0900886286625171,False,False,37,QQQ,ADI,2025-12-02,2026-05-04,
2026-04-30,2026-05-01,1,-0.011360833761244526,0.009599622702352262,-0.02096045646359679,True,True,37,QQQ,ADI,2025-12-02,2026-05-04,
2026-03-27,2026-05-04,25,-0.000940541662782346,0.1960609493034413,-0.19700149096622366,True,True,37,QQQ,EA,2025-12-02,2026-05-04,True
2026-04-13,2026-04-23,8,0.024140623943614825,0.05511908199885718,-0.030978458055242353,False,True,37,QQQ,MAR,2025-12-02,2026-05-04,
2025-12-05,2025-12-11,4,0.022296646815387122,0.00015993232110766975,0.022136714494279452,False,False,37,QQQ,PCAR,2025-12-02,2026-05-04,
2025-12-15,2026-03-10,57,0.06982349980752378,-0.003254342819405731,0.07307784262692951,False,False,37,QQQ,PCAR,2025-12-02,2026-05-04,
2026-04-14,2026-04-29,11,-0.058120060504764814,0.05244994107512713,-0.11057000157989194,True,True,37,QQQ,PCAR,2025-12-02,2026-05-04,
2025-12-22,2026-01-20,18,-0.11565832190209846,-0.01800678928802979,-0.09765153261406867,True,True,37,QQQ,QCOM,2025-12-02,2026-05-04,
2026-04-30,2026-05-04,2,0.1146454975692428,0.007697669945449626,0.10694782762379318,False,False,37,QQQ,MU,2025-12-02,2026-05-04,True
2025-12-15,2026-01-30,31,-0.01851151268189344,0.019869601538405668,-0.038381114220299106,True,True,37,QQQ,ABNB,2025-12-02,2026-05-04,
2026-03-05,2026-04-06,21,-0.06654404224342492,-0.03230019853549926,-0.03424384370792566,True,True,37,QQQ,ABNB,2025-12-02,2026-05-04,
2026-03-19,2026-04-02,10,-0.038470593660725805,-0.012313951127558953,-0.02615664253316685,True,True,37,QQQ,PANW,2025-12-02,2026-05-04,
2026-01-28,2026-05-04,66,0.3412823774269709,0.06397226111559196,0.2773101163113789,False,False,37,QQQ,FANG,2025-12-02,2026-05-04,True
2025-12-04,2025-12-09,3,-0.001358931309527689,0.003387220742358421,-0.00474615205188611,True,True,37,QQQ,GOOG,2025-12-02,2026-05-04,
2025-12-10,2026-02-18,46,-0.05314636612345158,-0.03352314647665633,-0.019623219646795254,True,True,37,QQQ,GOOG,2025-12-02,2026-05-04,
2026-04-24,2026-05-01,5,0.11947884084369909,0.015469665634920027,0.10400917520877906,False,False,37,QQQ,GOOG,2025-12-02,2026-05-04,
2026-03-26,2026-04-21,17,0.7332742339759895,0.279306748845612,0.45396748513037743,False,False,38,SOX,AOSL,2026-03-09,2026-07-08,
2026-03-25,2026-03-27,2,-0.06516949271634676,-0.06305569032017067,-0.00211380239617609,True,True,38,SOX,KLAC,2026-03-09,2026-07-08,
2026-04-01,2026-05-05,23,0.690024253931909,0.4259171209560162,0.26410713297589283,False,False,38,SOX,AMD,2026-03-09,2026-07-08,
2026-04-30,2026-05-06,4,0.2889436375495966,0.09845269285858294,0.19049094469101369,False,False,38,SOX,MU,2026-03-09,2026-07-08,
2026-04-14,2026-05-08,18,0.867724870258902,0.2967301069763846,0.5709947632825174,False,False,38,SOX,SITM,2026-03-09,2026-07-08,
2026-05-07,2026-05-08,1,0.060052566459242396,0.05674713757179872,0.0033054288874436732,False,False,38,SOX,AMKR,2026-03-09,2026-07-08,
2026-03-24,2026-03-25,1,0.016745074020223072,0.012403978462632859,0.004341095557590213,False,False,38,SOX,DIOD,2026-03-09,2026-07-08,
2026-04-29,2026-05-13,10,0.009504941430422242,0.17400390127120047,-0.16449895984077822,False,True,38,SOX,DIOD,2026-03-09,2026-07-08,
2026-06-05,2026-06-11,4,-0.23222863155703777,0.0873704591773532,-0.31959909073439097,True,True,38,SOX,SMCI,2026-03-09,2026-07-08,
2026-04-08,2026-04-09,1,0.02690341000839247,0.022219252910562037,0.0046841570978304325,False,False,38,SOX,ONTO,2026-03-09,2026-07-08,
2026-04-27,2026-04-28,1,-0.05327204035097466,-0.036670261961282424,-0.016601778389692234,True,True,38,SOX,ONTO,2026-03-09,2026-07-08,
2026-04-29,2026-05-27,19,-0.0613701270106114,0.25331672170816755,-0.31468684871877894,True,True,38,SOX,ONTO,2026-03-09,2026-07-08,
2026-04-13,2026-04-20,5,0.08645048699317237,0.06154982668039133,0.024900660312781042,False,False,38,SOX,MPWR,2026-03-09,2026-07-08,
2026-04-21,2026-06-08,33,0.020439280339666688,0.35833131032070287,-0.3378920299810362,False,True,38,SOX,MPWR,2026-03-09,2026-07-08,
2026-04-27,2026-05-20,17,-0.06960948143325107,0.1425089596315101,-0.2121184410647612,True,True,38,SOX,ICHR,2026-03-09,2026-07-08,
2026-04-16,2026-06-05,35,-0.031972319422038264,0.32964662072152406,-0.36161894014356233,True,True,38,SOX,AVGO,2026-03-09,2026-07-08,
2026-03-19,2026-03-24,3,0.10967403230836048,0.0024102564056540654,0.10726377590270642,False,False,38,SOX,FORM,2026-03-09,2026-07-08,
2026-04-27,2026-04-28,1,-0.0677412665611885,-0.036670261961282424,-0.031071004599906082,True,True,38,SOX,FORM,2026-03-09,2026-07-08,
2026-03-23,2026-03-25,2,0.16962021007272,0.02572861426182138,0.1438915958108986,False,False,38,SOX,VECO,2026-03-09,2026-07-08,
2026-05-08,2026-05-11,1,0.008929305141170518,0.023947752662416555,-0.015018447521246037,False,True,38,SOX,SYNA,2026-03-09,2026-07-08,
2026-04-29,2026-05-13,10,0.043113263876469965,0.17400390127120047,-0.1308906373947305,False,True,38,SOX,ALGM,2026-03-09,2026-07-08,
2026-03-26,2026-03-27,1,-0.010988997554918778,-0.016329574411627412,0.005340576856708634,True,False,38,SOX,POWI,2026-03-09,2026-07-08,
2026-04-09,2026-04-22,9,0.3151814994078683,0.14034809446515828,0.17483340494271005,False,False,38,SOX,POWI,2026-03-09,2026-07-08,
2026-03-16,2026-03-17,1,-0.024536573565728914,0.007783904895176663,-0.03232047846090558,True,True,38,SOX,WOLF,2026-03-09,2026-07-08,
2026-04-13,2026-05-04,15,0.48819872440628354,0.17470897543066366,0.3134897489756199,False,False,38,SOX,WOLF,2026-03-09,2026-07-08,
2026-02-27,2026-03-09,6,-0.05862485549936225,-0.045190050866102616,-0.013434804633259634,True,True,39,SOX,QRVO,2025-12-02,2026-05-04,
2026-05-01,2026-05-04,1,0.014369384357771464,-0.007922670706230539,0.022292055064002003,False,False,39,SOX,MCHP,2025-12-02,2026-05-04,True
2025-12-17,2026-01-08,14,0.3527213039513417,0.12042902975066272,0.232292274200679,False,False,39,SOX,UCTT,2025-12-02,2026-05-04,
2026-01-14,2026-01-15,1,0.05498788856776948,0.01602894886929529,0.03895893969847419,False,False,39,SOX,UCTT,2025-12-02,2026-05-04,
2026-01-20,2026-01-23,3,-0.0173971231872323,0.021816958087112148,-0.03921408127434445,True,True,39,SOX,UCTT,2025-12-02,2026-05-04,
2026-01-05,2026-03-16,48,0.055795335935532986,0.06215806637492549,-0.0063627304393925055,False,True,39,SOX,TSM,2025-12-02,2026-05-04,
2025-12-04,2026-01-26,34,0.29032261497604295,0.12176002659587226,0.16856258838017069,False,False,39,SOX,FORM,2025-12-02,2026-05-04,
2026-03-19,2026-03-24,3,0.10967403230836048,0.0024102564056540654,0.10726377590270642,False,False,39,SOX,FORM,2025-12-02,2026-05-04,
2026-04-27,2026-04-28,1,-0.0677412665611885,-0.036670261961282424,-0.031071004599906082,True,True,39,SOX,FORM,2025-12-02,2026-05-04,
2026-03-26,2026-04-21,17,0.7332742339759895,0.279306748845612,0.45396748513037743,False,False,39,SOX,AOSL,2025-12-02,2026-05-04,
2026-01-22,2026-01-26,2,-0.08479598049462722,-0.016061050937261956,-0.06873492955736527,True,True,39,SOX,RMBS,2025-12-02,2026-05-04,
2025-12-08,2025-12-30,15,-0.10522269477851065,-0.023638645085372056,-0.0815840496931386,True,True,39,SOX,ACLS,2025-12-02,2026-05-04,
2026-03-25,2026-04-09,10,0.07327713933029734,0.09668359365258361,-0.023406454322286274,False,True,39,SOX,ACLS,2025-12-02,2026-05-04,
2026-04-14,2026-04-16,2,0.05041575005061061,0.011738608229505232,0.038677141821105376,False,False,39,SOX,ACLS,2025-12-02,2026-05-04,
2026-04-23,2026-05-04,7,0.014371475032634695,0.047755134736086946,-0.03338365970345225,False,True,39,SOX,ACLS,2025-12-02,2026-05-04,True
2026-01-26,2026-02-05,8,-0.2340137604150906,-0.035677927281302146,-0.19833583313378844,True,True,39,SOX,AMD,2025-12-02,2026-05-04,
2026-04-01,2026-05-04,22,0.6247561849413665,0.36486083080342424,0.2598953541379423,False,False,39,SOX,AMD,2025-12-02,2026-05-04,True
2026-04-16,2026-05-04,12,0.04524803679043177,0.1382190059820143,-0.09297096919158254,False,True,39,SOX,AVGO,2025-12-02,2026-05-04,True
2025-12-09,2025-12-11,2,0.5441805116490444,0.007495530417564122,0.5366849812314802,False,False,39,SOX,PLAB,2025-12-02,2026-05-04,
2026-02-17,2026-02-26,7,0.0010357565156304815,0.0076248645334657805,-0.006589108017835299,False,True,39,SOX,PLAB,2025-12-02,2026-05-04,
2025-12-11,2025-12-24,9,-0.07672785521589265,-0.025217477923410447,-0.0515103772924822,True,True,39,SOX,CAMT,2025-12-02,2026-05-04,
2026-01-07,2026-03-27,55,0.15825650532939517,-0.0037264945402138983,0.16198299986960907,False,False,39,SOX,CAMT,2025-12-02,2026-05-04,
2025-12-05,2026-01-08,22,0.032376430509373444,0.03441574732231256,-0.002039316812939118,False,True,39,SOX,TXN,2025-12-02,2026-05-04,
2025-12-04,2026-02-12,47,0.3161018151378532,0.14932417475278137,0.1667776403850718,False,False,39,SOX,LSCC,2025-12-02,2026-05-04,
2025-12-29,2026-01-12,9,0.1331174255653773,0.08197956337016277,0.051137862195214545,False,False,39,SOX,KLAC,2025-12-02,2026-05-04,
2026-01-14,2026-01-16,2,0.09293832731273244,0.031846922691452395,0.06109140462128004,False,False,39,SOX,KLAC,2025-12-02,2026-05-04,
2026-01-20,2026-01-21,1,0.022756228106193932,0.03198455457753302,-0.009228326471339088,False,True,39,SOX,KLAC,2025-12-02,2026-05-04,
2026-03-03,2026-03-09,4,-0.008498949013089896,0.00474935785020647,-0.013248306863296366,True,True,39,SOX,KLAC,2025-12-02,2026-05-04,
2026-03-25,2026-03-27,2,-0.06516949271634676,-0.06305569032017067,-0.00211380239617609,True,True,39,SOX,KLAC,2025-12-02,2026-05-04,
2025-12-22,2026-02-04,29,0.3643140816726327,0.08734863317384889,0.2769654484987838,False,False,39,SOX,TER,2025-12-02,2026-05-04,
2025-12-03,2026-03-09,64,0.21211743979668318,0.08890242277828753,0.12321501701839566,False,False,39,SOX,ONTO,2025-12-02,2026-05-04,
2026-04-08,2026-04-09,1,0.02690341000839247,0.022219252910562037,0.0046841570978304325,False,False,39,SOX,ONTO,2025-12-02,2026-05-04,
2026-04-27,2026-04-28,1,-0.05327204035097466,-0.036670261961282424,-0.016601778389692234,True,True,39,SOX,ONTO,2025-12-02,2026-05-04,
2026-04-29,2026-05-04,3,0.053492268590323855,0.026822884879388553,0.0266693837109353,False,False,39,SOX,ONTO,2025-12-02,2026-05-04,True
2025-12-17,2026-02-09,35,0.44057057471909444,0.2367913212068813,0.20377925351221315,False,False,39,SOX,ENTG,2025-12-02,2026-05-04,
2025-12-18,2026-01-26,24,0.7743619813635219,0.17473629415880265,0.5996256872047192,False,False,39,SOX,ICHR,2025-12-02,2026-05-04,
2026-04-27,2026-05-04,5,-0.013582329942383398,0.01460224170463098,-0.028184571647014378,True,True,39,SOX,ICHR,2025-12-02,2026-05-04,True
2025-12-05,2026-03-11,64,0.0822067932411148,0.10727609680287387,-0.02506930356175907,False,True,39,SOX,ON,2025-12-02,2026-05-04,
2026-04-30,2026-05-04,2,0.01220120411389436,0.0013436519344003361,0.010857552179494023,False,False,39,SOX,ON,2025-12-02,2026-05-04,True
2026-03-30,2026-05-04,24,0.18679965297368795,0.4915264861431874,-0.30472683316949944,False,True,39,SOX,CRUS,2025-12-02,2026-05-04,True
2025-12-18,2026-03-25,65,0.44378476591459703,0.18292929402824698,0.26085547188635005,False,False,39,SOX,POWI,2025-12-02,2026-05-04,
2026-03-26,2026-03-27,1,-0.010988997554918778,-0.016329574411627412,0.005340576856708634,True,False,39,SOX,POWI,2025-12-02,2026-05-04,
2026-04-09,2026-04-22,9,0.3151814994078683,0.14034809446515828,0.17483340494271005,False,False,39,SOX,POWI,2025-12-02,2026-05-04,
2025-12-04,2026-02-02,39,0.2188242301861325,0.15321515964715715,0.06560907053897536,False,False,39,SOX,AMAT,2025-12-02,2026-05-04,
2025-12-17,2025-12-26,6,0.05455264214950106,0.07295857888661472,-0.01840593673711366,False,True,39,SOX,ALGM,2025-12-02,2026-05-04,
2026-01-09,2026-01-30,14,0.17961005968190613,0.053287764409406746,0.12632229527249939,False,False,39,SOX,ALGM,2025-12-02,2026-05-04,
2026-02-05,2026-02-19,9,-0.06110825156971045,0.07559780290003904,-0.13670605446974948,True,True,39,SOX,ALGM,2025-12-02,2026-05-04,
2026-04-29,2026-05-04,3,0.12275924404073657,0.026822884879388553,0.09593635916134802,False,False,39,SOX,ALGM,2025-12-02,2026-05-04,True
2025-12-11,2026-02-04,36,-0.09763749728150506,0.051965224544144206,-0.14960272182564927,True,True,39,SOX,SITM,2025-12-02,2026-05-04,
2026-02-09,2026-02-12,3,0.013992780957545303,-0.0036000795706786493,0.017592860528223953,False,False,39,SOX,SITM,2025-12-02,2026-05-04,
2026-02-23,2026-03-03,6,0.02626194702159057,-0.06176788061645955,0.08802982763805012,False,False,39,SOX,SITM,2025-12-02,2026-05-04,
2026-04-14,2026-05-04,14,0.2659850727693429,0.15158011297261398,0.11440495979672893,False,False,39,SOX,SITM,2025-12-02,2026-05-04,True
2025-12-16,2026-01-06,13,0.2676712787992974,0.10854143584181286,0.15912984295748456,False,False,39,SOX,LRCX,2025-12-02,2026-05-04,
2026-05-07,2026-05-08,1,0.060052566459242396,0.05674713757179872,0.0033054288874436732,False,False,40,SOX,AMKR,2026-03-06,2026-08-05,
2026-04-17,2026-05-12,17,0.22625571398872268,0.2412257482637461,-0.014970034275023414,False,True,40,SOX,SMTC,2026-03-06,2026-08-05,
2026-05-15,2026-05-26,6,0.19485620054598618,0.12107696336908047,0.07377923717690571,False,False,40,SOX,SMTC,2026-03-06,2026-08-05,
2026-05-27,2026-06-02,4,0.05998732899260251,0.07276862733548861,-0.012781298342886105,False,True,40,SOX,SMTC,2026-03-06,2026-08-05,
2026-04-08,2026-04-09,1,0.02690341000839247,0.022219252910562037,0.0046841570978304325,False,False,40,SOX,ONTO,2026-03-06,2026-08-05,
2026-04-27,2026-04-28,1,-0.05327204035097466,-0.036670261961282424,-0.016601778389692234,True,True,40,SOX,ONTO,2026-03-06,2026-08-05,
2026-04-29,2026-05-27,19,-0.0613701270106114,0.25331672170816755,-0.31468684871877894,True,True,40,SOX,ONTO,2026-03-06,2026-08-05,
2026-04-16,2026-06-05,35,-0.031972319422038264,0.32964662072152406,-0.36161894014356233,True,True,40,SOX,AVGO,2026-03-06,2026-08-05,
2026-03-25,2026-03-27,2,-0.06516949271634676,-0.06305569032017067,-0.00211380239617609,True,True,40,SOX,KLAC,2026-03-06,2026-08-05,
2026-04-29,2026-06-02,23,0.8572523836711641,0.34451885916348535,0.5127335245076787,False,False,40,SOX,MRVL,2026-03-06,2026-08-05,
2026-03-25,2026-04-09,10,0.07327713933029734,0.09668359365258361,-0.023406454322286274,False,True,40,SOX,ACLS,2026-03-06,2026-08-05,
2026-04-14,2026-04-16,2,0.05041575005061061,0.011738608229505232,0.038677141821105376,False,False,40,SOX,ACLS,2026-03-06,2026-08-05,
2026-04-23,2026-05-07,10,0.13442015565361265,0.11646253912310933,0.017957616530503318,False,False,40,SOX,ACLS,2026-03-06,2026-08-05,
2026-03-30,2026-05-27,40,0.2548976652938941,0.8205233964701306,-0.5656257311762365,False,True,40,SOX,CRUS,2026-03-06,2026-08-05,
2026-03-19,2026-03-24,3,0.10967403230836048,0.0024102564056540654,0.10726377590270642,False,False,40,SOX,FORM,2026-03-06,2026-08-05,
2026-04-27,2026-04-28,1,-0.0677412665611885,-0.036670261961282424,-0.031071004599906082,True,True,40,SOX,FORM,2026-03-06,2026-08-05,
2026-04-14,2026-05-08,18,0.867724870258902,0.2967301069763846,0.5709947632825174,False,False,40,SOX,SITM,2026-03-06,2026-08-05,
2026-04-01,2026-05-05,23,0.690024253931909,0.4259171209560162,0.26410713297589283,False,False,40,SOX,AMD,2026-03-06,2026-08-05,
2026-03-26,2026-03-27,1,-0.010988997554918778,-0.016329574411627412,0.005340576856708634,True,False,40,SOX,POWI,2026-03-06,2026-08-05,
2026-04-09,2026-04-22,9,0.3151814994078683,0.14034809446515828,0.17483340494271005,False,False,40,SOX,POWI,2026-03-06,2026-08-05,
2026-06-05,2026-06-11,4,-0.23222863155703777,0.0873704591773532,-0.31959909073439097,True,True,40,SOX,SMCI,2026-03-06,2026-08-05,
2026-05-08,2026-05-11,1,0.008929305141170518,0.023947752662416555,-0.015018447521246037,False,True,40,SOX,SYNA,2026-03-06,2026-08-05,
2025-12-05,2025-12-12,5,-0.14639581390548684,-0.018961528980412368,-0.12743428492507447,True,True,41,QQQ,MRVL,2025-11-07,2026-03-11,
2025-12-08,2026-02-18,48,0.10941786047928459,-0.02836783394411857,0.13778569442340316,False,False,41,QQQ,DXCM,2025-11-07,2026-03-11,
2026-02-27,2026-03-11,8,-0.09696313110433386,0.000658546838879559,-0.09762167794321341,True,True,41,QQQ,DXCM,2025-11-07,2026-03-11,True
2026-01-05,2026-02-13,28,-0.02822664410302289,-0.026003692991473537,-0.002222951111549354,True,True,41,QQQ,NVDA,2025-11-07,2026-03-11,
2026-02-24,2026-03-09,9,-0.052890933867755785,-0.00018096029934333568,-0.05270997356841245,True,True,41,QQQ,NVDA,2025-11-07,2026-03-11,
2025-12-15,2026-01-14,20,-0.1709492477734218,0.016064824783212694,-0.1870140725566345,True,True,41,QQQ,TEAM,2025-11-07,2026-03-11,
2025-12-19,2026-01-23,22,-0.054737529107844574,0.010489178297565793,-0.06522670740541037,True,True,41,QQQ,BKNG,2025-11-07,2026-03-11,
2026-01-15,2026-03-11,37,0.038500725754782694,-0.022660870355789897,0.06116159611057259,False,False,41,QQQ,COST,2025-11-07,2026-03-11,True
2025-12-05,2026-03-11,64,0.0822067932411148,-0.027190551280736663,0.10939734452185146,False,False,41,QQQ,ON,2025-11-07,2026-03-11,
2026-02-06,2026-02-13,5,0.09361589545534388,-0.012679508711310516,0.1062954041666544,False,False,41,QQQ,EXC,2025-11-07,2026-03-11,
2026-01-07,2026-02-10,23,-0.14323559858595314,-0.020111648591255138,-0.123123949994698,True,True,41,QQQ,AMZN,2025-11-07,2026-03-11,
2025-11-17,2025-12-30,29,0.03334022963198224,0.027445996040335485,0.005894233591646758,False,False,41,QQQ,FANG,2025-11-07,2026-03-11,
2026-01-28,2026-03-11,29,0.10872817734168527,-0.04031772802088762,0.1490459053625729,False,False,41,QQQ,FANG,2025-11-07,2026-03-11,True
2025-11-10,2025-11-20,8,-0.18243686155673444,-0.0602666368385264,-0.12217022471820804,True,True,41,QQQ,PDD,2025-11-07,2026-03-11,
2026-01-13,2026-01-22,6,-0.056089770912349124,-0.008750656741316476,-0.04733911417103265,True,True,41,QQQ,PDD,2025-11-07,2026-03-11,
2025-11-10,2025-11-18,6,-0.011197883298774358,-0.043194318604247495,0.031996435305473137,True,False,41,QQQ,CTSH,2025-11-07,2026-03-11,
2025-11-19,2025-11-24,3,0.03638128558966813,0.008818584751740133,0.027562700837928,False,False,41,QQQ,CTSH,2025-11-07,2026-03-11,
2025-11-28,2026-02-03,44,-0.04130743681928761,-0.003125869286254357,-0.038181567533033256,True,True,41,QQQ,CTSH,2025-11-07,2026-03-11,
2025-12-16,2026-01-27,27,-0.02921780400748275,0.033008879846399664,-0.062226683853882414,True,True,41,QQQ,ADP,2025-11-07,2026-03-11,
2025-11-28,2026-01-07,26,-0.0682735665573484,0.009001205674067592,-0.07727477223141599,True,True,41,QQQ,CCEP,2025-11-07,2026-03-11,
2026-02-04,2026-03-03,18,0.10943597808952132,-0.0068839945913780065,0.11631997268089933,False,False,41,QQQ,CCEP,2025-11-07,2026-03-11,
2025-12-16,2026-01-12,17,0.16740638348783232,0.026527286917432225,0.1408790965704001,False,False,41,QQQ,KLAC,2025-11-07,2026-03-11,
2026-01-14,2026-01-16,2,0.09293832731273244,0.002760103270580627,0.09017822404215181,False,False,41,QQQ,KLAC,2025-11-07,2026-03-11,
2026-01-20,2026-01-21,1,0.022756228106193932,0.013518379690002691,0.009237848416191241,False,False,41,QQQ,KLAC,2025-11-07,2026-03-11,
2026-03-03,2026-03-09,4,-0.008498949013089896,0.010272989060992943,-0.01877193807408284,True,True,41,QQQ,KLAC,2025-11-07,2026-03-11,
2025-12-31,2026-01-20,12,-0.1176048050383608,-0.010173939326640569,-0.10743086571172022,True,True,41,QQQ,CHTR,2025-11-07,2026-03-11,
2026-03-03,2026-03-11,6,-0.022013002794750824,0.010156545241017279,-0.0321695480357681,True,True,41,QQQ,CHTR,2025-11-07,2026-03-11,True
2025-12-03,2025-12-04,1,-0.007766986170851586,-0.0009302875756749263,-0.00683669859517666,True,True,41,QQQ,PEP,2025-11-07,2026-03-11,
2026-02-02,2026-02-04,2,0.07074735461867543,-0.03256471827870244,0.10331207289737787,False,False,41,QQQ,PEP,2025-11-07,2026-03-11,
2025-12-05,2026-01-08,22,0.032376430509373444,-0.0067318481467585345,0.03910827865613198,False,False,41,QQQ,TXN,2025-11-07,2026-03-11,
2026-02-10,2026-02-13,3,-0.06540482255470637,-0.015618140130732927,-0.04978668242397344,True,True,41,QQQ,AAPL,2025-11-07,2026-03-11,
2025-12-12,2025-12-18,4,0.02576845959049856,-0.007349833946643125,0.033118293537141685,False,False,41,QQQ,CEG,2025-11-07,2026-03-11,
2026-03-06,2026-03-11,3,-0.056312513369599526,0.013238797791241819,-0.06955131116084134,True,True,41,QQQ,CEG,2025-11-07,2026-03-11,True
2025-11-26,2025-12-02,3,-0.05430719468948686,0.012584003385864406,-0.06689119807535127,True,True,41,QQQ,REGN,2025-11-07,2026-03-11,
2026-01-02,2026-01-26,15,-0.017596049330081964,0.020126637273099712,-0.03772268660318168,True,True,41,QQQ,REGN,2025-11-07,2026-03-11,
2026-02-13,2026-03-11,17,-0.034336592697576385,0.00958599397781712,-0.043922586675393505,True,True,41,QQQ,REGN,2025-11-07,2026-03-11,True
2025-11-12,2025-12-17,24,-0.047128126983387975,-0.033280858047365025,-0.01384726893602295,True,True,41,QQQ,BKR,2025-11-07,2026-03-11,
2026-01-16,2026-01-27,6,0.09178736393949016,0.015887054191212613,0.07590030974827755,False,False,41,QQQ,BKR,2025-11-07,2026-03-11,
2026-02-03,2026-02-06,3,0.015862046398398277,-0.011143197626261592,0.02700524402465987,False,False,41,QQQ,BKR,2025-11-07,2026-03-11,
2026-02-11,2026-03-11,19,-0.03359250163006,-0.008840266023225407,-0.024752235606834594,True,True,41,QQQ,BKR,2025-11-07,2026-03-11,True
2026-02-25,2026-03-11,10,-0.037716268753477666,-0.014578143954831257,-0.02313812479864641,True,True,41,QQQ,WBD,2025-11-07,2026-03-11,True
2025-12-11,2026-02-04,36,-0.09763749728150506,0.051965224544144206,-0.14960272182564927,True,True,42,SOX,SITM,2025-11-18,2026-05-20,
2026-02-09,2026-02-12,3,0.013992780957545303,-0.0036000795706786493,0.017592860528223953,False,False,42,SOX,SITM,2025-11-18,2026-05-20,
2026-02-23,2026-03-03,6,0.02626194702159057,-0.06176788061645955,0.08802982763805012,False,False,42,SOX,SITM,2025-11-18,2026-05-20,
2026-04-14,2026-05-08,18,0.867724870258902,0.2967301069763846,0.5709947632825174,False,False,42,SOX,SITM,2025-11-18,2026-05-20,
2025-12-17,2026-02-09,35,0.44057057471909444,0.2367913212068813,0.20377925351221315,False,False,42,SOX,ENTG,2025-11-18,2026-05-20,
2025-12-05,2026-01-08,22,0.032376430509373444,0.03441574732231256,-0.002039316812939118,False,True,42,SOX,TXN,2025-11-18,2026-05-20,
2025-12-09,2026-01-29,34,0.028471268972632524,0.1584954800422682,-0.1300242110696357,False,True,42,SOX,NXPI,2025-11-18,2026-05-20,
2025-12-08,2025-12-30,15,-0.10522269477851065,-0.023638645085372056,-0.0815840496931386,True,True,42,SOX,ACLS,2025-11-18,2026-05-20,
2026-03-25,2026-04-09,10,0.07327713933029734,0.09668359365258361,-0.023406454322286274,False,True,42,SOX,ACLS,2025-11-18,2026-05-20,
2026-04-14,2026-04-16,2,0.05041575005061061,0.011738608229505232,0.038677141821105376,False,False,42,SOX,ACLS,2025-11-18,2026-05-20,
2026-04-23,2026-05-07,10,0.13442015565361265,0.11646253912310933,0.017957616530503318,False,False,42,SOX,ACLS,2025-11-18,2026-05-20,
2026-01-05,2026-03-16,48,0.055795335935532986,0.06215806637492549,-0.0063627304393925055,False,True,42,SOX,TSM,2025-11-18,2026-05-20,
2026-05-07,2026-05-08,1,0.060052566459242396,0.05674713757179872,0.0033054288874436732,False,False,42,SOX,AMKR,2025-11-18,2026-05-20,
2025-12-11,2026-02-05,37,0.4354060255193293,0.05339802141928707,0.3820080041000422,False,False,42,SOX,SLAB,2025-11-18,2026-05-20,
2026-03-13,2026-05-20,47,0.06842364231353915,0.5713829013360154,-0.5029592590224763,False,True,42,SOX,SLAB,2025-11-18,2026-05-20,True
2025-11-20,2025-11-21,1,-0.019087687890487315,0.010182608391993142,-0.029270296282480457,True,True,42,SOX,AVGO,2025-11-18,2026-05-20,
2026-04-16,2026-05-20,24,0.04841017477710352,0.2817095792854556,-0.23329940450835207,False,True,42,SOX,AVGO,2025-11-18,2026-05-20,True
2025-12-08,2026-02-04,39,-0.10041865596064814,0.05788480969825893,-0.15830346565890707,True,True,42,SOX,SNPS,2025-11-18,2026-05-20,
2025-12-08,2026-01-26,32,0.08102563711313104,0.09851853351830031,-0.017492896405169267,False,True,42,SOX,SYNA,2025-11-18,2026-05-20,
2026-05-08,2026-05-11,1,0.008929305141170518,0.023947752662416555,-0.015018447521246037,False,True,42,SOX,SYNA,2025-11-18,2026-05-20,
2025-11-24,2025-11-26,2,0.05346192975540798,0.03073936690506085,0.022722562850347128,False,False,42,SOX,COHU,2025-11-18,2026-05-20,
2025-12-04,2025-12-29,16,-0.06685230616521431,-0.001673829757648293,-0.06517847640756602,True,True,42,SOX,COHU,2025-11-18,2026-05-20,
2026-01-13,2026-02-17,23,0.08728449324199805,0.06240639036861606,0.02487810287338199,False,False,42,SOX,COHU,2025-11-18,2026-05-20,
2026-04-17,2026-04-21,2,0.08773637648678201,0.012003581207328029,0.07573279527945398,False,False,42,SOX,COHU,2025-11-18,2026-05-20,
2026-04-23,2026-05-13,14,0.078779902932403,0.19793650284837905,-0.11915659991597605,False,True,42,SOX,COHU,2025-11-18,2026-05-20,
2026-02-27,2026-03-05,4,-0.052030887377579216,-0.04124442656068228,-0.010786460816896937,True,True,42,SOX,SWKS,2025-11-18,2026-05-20,
2026-04-30,2026-05-06,4,0.2889436375495966,0.09845269285858294,0.19049094469101369,False,False,42,SOX,MU,2025-11-18,2026-05-20,
2025-12-05,2025-12-12,5,-0.14639581390548684,-0.03206203854991685,-0.11433377535556999,True,True,42,SOX,MRVL,2025-11-18,2026-05-20,
2026-04-29,2026-05-20,15,0.19307660881414623,0.15627020886368448,0.036806399950461754,False,False,42,SOX,MRVL,2025-11-18,2026-05-20,True
2025-12-12,2026-02-12,41,0.4247875393091394,0.17542077181359583,0.24936676749554354,False,False,42,SOX,DIOD,2025-11-18,2026-05-20,
2026-03-24,2026-03-25,1,0.016745074020223072,0.012403978462632859,0.004341095557590213,False,False,42,SOX,DIOD,2025-11-18,2026-05-20,
2026-04-29,2026-05-13,10,0.009504941430422242,0.17400390127120047,-0.16449895984077822,False,True,42,SOX,DIOD,2025-11-18,2026-05-20,
2025-12-08,2025-12-29,14,-0.09023023253274542,-0.022357924594988754,-0.06787230793775667,True,True,42,SOX,VECO,2025-11-18,2026-05-20,
2026-03-23,2026-03-25,2,0.16962021007272,0.02572861426182138,0.1438915958108986,False,False,42,SOX,VECO,2025-11-18,2026-05-20,
2026-03-30,2026-05-20,36,0.20010115166186004,0.6795570755720686,-0.4794559239102085,False,True,42,SOX,CRUS,2025-11-18,2026-05-20,True
2026-02-12,2026-03-30,31,0.12087735475366412,-0.11811987017918635,0.23899722493285047,False,False,42,SOX,ARM,2025-11-18,2026-05-20,
2026-01-26,2026-02-05,8,-0.2340137604150906,-0.035677927281302146,-0.19833583313378844,True,True,42,SOX,AMD,2025-11-18,2026-05-20,
2026-04-01,2026-05-05,23,0.690024253931909,0.4259171209560162,0.26410713297589283,False,False,42,SOX,AMD,2025-11-18,2026-05-20,
2026-02-09,2026-03-19,27,-0.08171780386289029,-0.035038118667871876,-0.04667968519501842,True,True,42,SOX,SMCI,2025-11-18,2026-05-20,
2025-12-09,2025-12-11,2,0.5441805116490444,0.007495530417564122,0.5366849812314802,False,False,42,SOX,PLAB,2025-11-18,2026-05-20,
2026-02-17,2026-02-26,7,0.0010357565156304815,0.0076248645334657805,-0.006589108017835299,False,True,42,SOX,PLAB,2025-11-18,2026-05-20,
2025-12-03,2026-03-18,71,-0.0012251067113019376,0.09579267356149979,-0.09701778027280172,True,True,42,SOX,SMTC,2025-11-18,2026-05-20,
2026-04-17,2026-05-12,17,0.22625571398872268,0.2412257482637461,-0.014970034275023414,False,True,42,SOX,SMTC,2025-11-18,2026-05-20,
2026-05-15,2026-05-20,3,0.030587087565649984,0.023184968316942722,0.007402119248707262,False,False,42,SOX,SMTC,2025-11-18,2026-05-20,True
2025-12-18,2026-03-25,65,0.44378476591459703,0.18292929402824698,0.26085547188635005,False,False,42,SOX,POWI,2025-11-18,2026-05-20,
2026-03-26,2026-03-27,1,-0.010988997554918778,-0.016329574411627412,0.005340576856708634,True,False,42,SOX,POWI,2025-11-18,2026-05-20,
2026-04-09,2026-04-22,9,0.3151814994078683,0.14034809446515828,0.17483340494271005,False,False,42,SOX,POWI,2025-11-18,2026-05-20,
2025-12-29,2026-01-12,9,0.1331174255653773,0.08197956337016277,0.051137862195214545,False,False,42,SOX,KLAC,2025-11-18,2026-05-20,
2026-01-14,2026-01-16,2,0.09293832731273244,0.031846922691452395,0.06109140462128004,False,False,42,SOX,KLAC,2025-11-18,2026-05-20,
2026-01-20,2026-01-21,1,0.022756228106193932,0.03198455457753302,-0.009228326471339088,False,True,42,SOX,KLAC,2025-11-18,2026-05-20,
2026-03-03,2026-03-09,4,-0.008498949013089896,0.00474935785020647,-0.013248306863296366,True,True,42,SOX,KLAC,2025-11-18,2026-05-20,
2026-03-25,2026-03-27,2,-0.06516949271634676,-0.06305569032017067,-0.00211380239617609,True,True,42,SOX,KLAC,2025-11-18,2026-05-20,
2025-12-03,2026-01-09,25,0.11653754376066727,0.06433205096544503,0.05220549279522224,False,False,42,SOX,ASML,2025-11-18,2026-05-20,
2026-01-20,2026-01-21,1,0.025654715111482762,0.03198455457753302,-0.006329839466050258,False,True,42,SOX,ASML,2025-11-18,2026-05-20,
2026-02-03,2026-03-12,26,-0.030459093713758878,-0.04469970882795249,0.014240615114193611,True,False,42,SOX,ASML,2025-11-18,2026-05-20,
2025-12-03,2026-03-09,64,0.21211743979668318,0.08890242277828753,0.12321501701839566,False,False,42,SOX,ONTO,2025-11-18,2026-05-20,
2026-04-08,2026-04-09,1,0.02690341000839247,0.022219252910562037,0.0046841570978304325,False,False,42,SOX,ONTO,2025-11-18,2026-05-20,
2026-04-27,2026-04-28,1,-0.05327204035097466,-0.036670261961282424,-0.016601778389692234,True,True,42,SOX,ONTO,2025-11-18,2026-05-20,
2026-04-29,2026-05-20,15,-0.07462897057748674,0.15627020886368448,-0.23089917944117122,True,True,42,SOX,ONTO,2025-11-18,2026-05-20,True
2025-12-17,2026-01-08,14,0.3527213039513417,0.12042902975066272,0.232292274200679,False,False,42,SOX,UCTT,2025-11-18,2026-05-20,
2026-01-14,2026-01-15,1,0.05498788856776948,0.01602894886929529,0.03895893969847419,False,False,42,SOX,UCTT,2025-11-18,2026-05-20,
2026-01-20,2026-01-23,3,-0.0173971231872323,0.021816958087112148,-0.03921408127434445,True,True,42,SOX,UCTT,2025-11-18,2026-05-20,
2025-12-05,2025-12-10,3,-0.04398446999658756,0.0034052950428129503,-0.04738976503940051,True,True,43,QQQ,AMGN,2025-12-01,2026-06-02,
2026-02-04,2026-02-05,1,0.004369131914353952,-0.014395285110089362,0.018764417024443314,False,False,43,QQQ,AMGN,2025-12-01,2026-06-02,
2025-12-12,2025-12-15,1,0.005836082097182116,-0.005019386618356658,0.010855468715538774,False,False,43,QQQ,GEHC,2025-12-01,2026-06-02,
2025-12-17,2026-01-26,25,-0.025226104227521806,0.043063813376062354,-0.06828991760358416,True,True,43,QQQ,GEHC,2025-12-01,2026-06-02,
2026-02-27,2026-03-09,6,-0.10252748093318809,0.0007738957956664461,-0.10330137672885453,True,True,43,QQQ,GEHC,2025-12-01,2026-06-02,
2026-01-15,2026-03-25,47,0.020320749461554932,-0.05342535249072988,0.07374610195228481,False,False,43,QQQ,COST,2025-12-01,2026-06-02,
2025-12-05,2026-01-15,27,-0.12277077767913103,-0.0046347074291354096,-0.11813607024999562,True,True,43,QQQ,APP,2025-12-01,2026-06-02,
2026-03-18,2026-03-27,7,-0.1386673161343014,-0.05313608289364269,-0.0855312332406587,True,True,43,QQQ,APP,2025-12-01,2026-06-02,
2026-05-07,2026-06-02,17,0.21400366991513775,0.07370418233847098,0.14029948757666677,False,False,43,QQQ,APP,2025-12-01,2026-06-02,True
2025-12-04,2025-12-09,3,-0.001358931309527689,0.003387220742358421,-0.00474615205188611,True,True,43,QQQ,GOOG,2025-12-01,2026-06-02,
2025-12-10,2026-02-18,46,-0.05314636612345158,-0.03352314647665633,-0.019623219646795254,True,True,43,QQQ,GOOG,2025-12-01,2026-06-02,
2026-04-24,2026-05-01,5,0.11947884084369909,0.015469665634920027,0.10400917520877906,False,False,43,QQQ,GOOG,2025-12-01,2026-06-02,
2026-01-02,2026-01-23,14,-0.002402080494781078,0.015657632332418014,-0.018059712827199093,True,True,43,QQQ,MDB,2025-12-01,2026-06-02,
2026-05-08,2026-05-29,14,0.12047946847829816,0.038074914089347045,0.08240455438895111,False,False,43,QQQ,MDB,2025-12-01,2026-06-02,
2026-06-01,2026-06-02,1,-0.013419860756184288,0.004604508800567064,-0.018024369556751352,True,True,43,QQQ,MDB,2025-12-01,2026-06-02,
2025-12-16,2026-01-12,17,0.16740638348783232,0.026527286917432225,0.1408790965704001,False,False,43,QQQ,KLAC,2025-12-01,2026-06-02,
2026-01-14,2026-01-16,2,0.09293832731273244,0.002760103270580627,0.09017822404215181,False,False,43,QQQ,KLAC,2025-12-01,2026-06-02,
2026-01-20,2026-01-21,1,0.022756228106193932,0.013518379690002691,0.009237848416191241,False,False,43,QQQ,KLAC,2025-12-01,2026-06-02,
2026-03-03,2026-03-09,4,-0.008498949013089896,0.010272989060992943,-0.01877193807408284,True,True,43,QQQ,KLAC,2025-12-01,2026-06-02,
2026-03-25,2026-03-27,2,-0.06516949271634676,-0.042938291447299104,-0.02223120126904765,True,True,43,QQQ,KLAC,2025-12-01,2026-06-02,
2026-04-08,2026-04-09,1,0.03284031355736161,0.006764706060259584,0.026075607497102027,False,False,43,QQQ,KLAC,2025-12-01,2026-06-02,
2026-04-27,2026-05-18,15,-0.07437273881695416,0.06270413634767191,-0.13707687516462608,True,True,43,QQQ,KLAC,2025-12-01,2026-06-02,
2026-02-04,2026-03-03,18,0.10943597808952132,-0.0068839945913780065,0.11631997268089933,False,False,43,QQQ,CCEP,2025-12-01,2026-06-02,
2025-12-08,2026-03-04,58,0.06315929151674093,-0.020412562914711163,0.0835718544314521,False,False,43,QQQ,MNST,2025-12-01,2026-06-02,
2025-12-03,2025-12-04,1,-0.007766986170851586,-0.0009302875756749263,-0.00683669859517666,True,True,43,QQQ,PEP,2025-12-01,2026-06-02,
2026-02-02,2026-02-04,2,0.07074735461867543,-0.03256471827870244,0.10331207289737787,False,False,43,QQQ,PEP,2025-12-01,2026-06-02,
2026-01-16,2026-01-27,6,0.09178736393949016,0.015887054191212613,0.07590030974827755,False,False,43,QQQ,BKR,2025-12-01,2026-06-02,
2026-02-03,2026-02-06,3,0.015862046398398277,-0.011143197626261592,0.02700524402465987,False,False,43,QQQ,BKR,2025-12-01,2026-06-02,
2026-02-11,2026-03-17,23,-0.06587712907471865,-0.015984084667302834,-0.04989304440741582,True,True,43,QQQ,BKR,2025-12-01,2026-06-02,
2026-04-13,2026-04-27,10,0.09303067573092827,0.07586775181127403,0.017162923919654238,False,False,43,QQQ,BKR,2025-12-01,2026-06-02,
2026-01-05,2026-02-13,28,-0.02822664410302289,-0.026003692991473537,-0.002222951111549354,True,True,43,QQQ,NVDA,2025-12-01,2026-06-02,
2026-02-24,2026-03-09,9,-0.052890933867755785,-0.00018096029934333568,-0.05270997356841245,True,True,43,QQQ,NVDA,2025-12-01,2026-06-02,
2026-04-21,2026-06-02,29,0.11476880274489165,0.1580401122263828,-0.04327130948149116,False,True,43,QQQ,NVDA,2025-12-01,2026-06-02,True
2025-12-16,2026-01-16,21,-0.056151643510280236,0.016854064223525533,-0.07300570773380577,True,True,43,QQQ,META,2025-12-01,2026-06-02,
2026-04-28,2026-05-01,3,-0.09323144402837369,0.025245242914236687,-0.11847668694261038,True,True,43,QQQ,META,2025-12-01,2026-06-02,
2025-12-30,2026-01-29,20,-0.1092971637977479,0.016143871212493055,-0.12544103501024095,True,True,43,QQQ,AXON,2025-12-01,2026-06-02,
2025-12-09,2026-01-29,34,0.028471268972632524,0.008304757491731651,0.020166511480900873,False,False,43,QQQ,NXPI,2025-12-01,2026-06-02,
2026-02-17,2026-02-19,2,-0.05296011012435642,0.0036087940661491125,-0.05656890419050553,True,True,43,QQQ,NXPI,2025-12-01,2026-06-02,
2026-04-21,2026-04-30,7,0.3077505544021306,0.03633227673024675,0.27141827767188387,False,False,43,QQQ,NXPI,2025-12-01,2026-06-02,
2026-02-06,2026-02-13,5,0.09361589545534388,-0.012679508711310516,0.1062954041666544,False,False,43,QQQ,EXC,2025-12-01,2026-06-02,
2026-03-16,2026-04-20,24,-0.07735132400646016,0.07865935887608999,-0.15601068288255016,True,True,43,QQQ,EXC,2025-12-01,2026-06-02,
2026-02-04,2026-04-02,40,0.11459458510295173,-0.03307034238581319,0.14766492748876492,False,False,43,QQQ,AEP,2025-12-01,2026-06-02,
2025-12-15,2026-01-22,25,-0.13894279553223432,0.01804923644599077,-0.1569920319782251,True,True,43,QQQ,SHOP,2025-12-01,2026-06-02,
2026-03-16,2026-03-25,7,-0.06446518837154436,-0.019685525605969145,-0.04477966276557521,True,True,43,QQQ,SHOP,2025-12-01,2026-06-02,
2026-03-27,2026-03-30,1,0.014799290337322635,-0.007643371872404492,0.022442662209727127,False,False,43,QQQ,TMUS,2025-12-01,2026-06-02,
2025-12-02,2026-01-08,25,-0.010359178767517796,-0.001174540384501932,-0.009184638383015864,True,True,43,QQQ,KDP,2025-12-01,2026-06-02,
2026-02-11,2026-02-12,1,0.0006692211004206694,-0.02033890829654672,0.02100812939696739,False,False,43,QQQ,KDP,2025-12-01,2026-06-02,
2026-02-05,2026-03-19,29,-0.06110865057523607,-0.006716572919519881,-0.05439207765571619,True,True,43,QQQ,CTAS,2025-12-01,2026-06-02,
2025-12-16,2026-01-27,27,-0.02921780400748275,0.033008879846399664,-0.062226683853882414,True,True,43,QQQ,ADP,2025-12-01,2026-06-02,
2026-01-16,2026-01-22,3,0.01030794034788296,-0.0008048453402970113,0.011112785688179971,False,False,43,QQQ,MCHP,2025-12-01,2026-06-02,
2026-01-28,2026-01-29,1,-0.011459919057512424,-0.005985274152202957,-0.005474644905309467,True,True,43,QQQ,MCHP,2025-12-01,2026-06-02,
2026-02-05,2026-03-05,19,-0.12597034314110644,0.01989845570571558,-0.14586879884682202,True,True,43,QQQ,MCHP,2025-12-01,2026-06-02,
2026-04-15,2026-04-24,7,0.20069813111837465,0.041543764016174656,0.1591543671022,False,False,43,QQQ,MCHP,2025-12-01,2026-06-02,
2026-04-28,2026-05-11,9,0.17529072098002252,0.08476915753075809,0.09052156344926443,False,False,43,QQQ,MCHP,2025-12-01,2026-06-02,
2026-02-05,2026-02-11,4,0.04304746533166215,0.026933308821864177,0.016114156509797972,False,False,43,QQQ,GILD,2025-12-01,2026-06-02,
2026-01-06,2026-01-22,11,0.08587874657983385,-0.004266808452007886,0.09014555503184174,False,False,43,QQQ,HON,2025-12-01,2026-06-02,
2026-01-23,2026-01-29,4,0.026099458449530877,0.010775243378025046,0.015324215071505831,False,False,43,QQQ,HON,2025-12-01,2026-06-02,
2026-02-20,2026-03-20,20,-0.08759399792075884,-0.043938120305549666,-0.04365587761520917,True,True,43,QQQ,HON,2025-12-01,2026-06-02,
2025-12-15,2026-01-14,20,-0.07597144082186291,0.016064824783212694,-0.0920362656050756,True,True,43,QQQ,TSLA,2025-12-01,2026-06-02,
2026-05-08,2026-06-02,16,-0.010762264044479886,0.049112113402061786,-0.05987437744654167,True,True,43,QQQ,TSLA,2025-12-01,2026-06-02,True
2026-01-16,2026-01-22,3,0.01030794034788296,-0.0008048453402970113,0.011112785688179971,False,False,44,QQQ,MCHP,2025-10-02,2026-03-04,
2026-01-28,2026-01-29,1,-0.011459919057512424,-0.005985274152202957,-0.005474644905309467,True,True,44,QQQ,MCHP,2025-10-02,2026-03-04,
2026-02-05,2026-03-04,18,-0.09903145806877289,0.022980322065538017,-0.12201178013431091,True,True,44,QQQ,MCHP,2025-10-02,2026-03-04,True
2025-12-09,2026-01-29,34,0.028471268972632524,0.008304757491731651,0.020166511480900873,False,False,44,QQQ,NXPI,2025-10-02,2026-03-04,
2026-02-17,2026-02-19,2,-0.05296011012435642,0.0036087940661491125,-0.05656890419050553,True,True,44,QQQ,NXPI,2025-10-02,2026-03-04,
2025-12-05,2026-03-04,59,0.14230904022596058,-0.022291999593754275,0.16460103981971486,False,False,44,QQQ,ON,2025-10-02,2026-03-04,True
2025-10-28,2025-11-25,20,0.2092570520279189,-0.03796672499988141,0.2472237770278003,False,False,44,QQQ,GOOGL,2025-10-02,2026-03-04,
2025-12-10,2026-02-18,46,-0.052715425831145524,-0.03352314647665633,-0.019192279354489195,True,True,44,QQQ,GOOGL,2025-10-02,2026-03-04,
2025-11-10,2025-11-18,6,-0.011197883298774358,-0.043194318604247495,0.031996435305473137,True,False,44,QQQ,CTSH,2025-10-02,2026-03-04,
2025-11-19,2025-11-24,3,0.03638128558966813,0.008818584751740133,0.027562700837928,False,False,44,QQQ,CTSH,2025-10-02,2026-03-04,
2025-11-28,2026-02-03,44,-0.04130743681928761,-0.003125869286254357,-0.038181567533033256,True,True,44,QQQ,CTSH,2025-10-02,2026-03-04,
2025-12-03,2025-12-04,1,-0.007766986170851586,-0.0009302875756749263,-0.00683669859517666,True,True,44,QQQ,PEP,2025-10-02,2026-03-04,
2026-02-02,2026-02-04,2,0.07074735461867543,-0.03256471827870244,0.10331207289737787,False,False,44,QQQ,PEP,2025-10-02,2026-03-04,
2025-10-24,2025-11-06,9,0.08167682961042377,-0.008799189260742413,0.09047601887116619,False,False,44,QQQ,AMGN,2025-10-02,2026-03-04,
2025-12-05,2025-12-10,3,-0.04398446999658756,0.0034052950428129503,-0.04738976503940051,True,True,44,QQQ,AMGN,2025-10-02,2026-03-04,
2026-02-04,2026-02-05,1,0.004369131914353952,-0.014395285110089362,0.018764417024443314,False,False,44,QQQ,AMGN,2025-10-02,2026-03-04,
2025-12-31,2026-02-10,27,0.08002065227562971,-0.004623078344152987,0.0846437306197827,False,False,44,QQQ,LIN,2025-10-02,2026-03-04,
2026-02-24,2026-02-27,3,0.008095247295220487,-0.000954117707327562,0.009049365002548049,False,False,44,QQQ,LIN,2025-10-02,2026-03-04,
2025-12-19,2026-01-23,22,-0.054737529107844574,0.010489178297565793,-0.06522670740541037,True,True,44,QQQ,BKNG,2025-10-02,2026-03-04,
2025-10-09,2025-11-10,22,-0.20022188575528288,0.020517400730683644,-0.22073928648596652,True,True,44,QQQ,TTD,2025-10-02,2026-03-04,
2026-01-22,2026-03-04,28,0.09784472684432455,-0.016125444522007593,0.11397017136633214,False,False,44,QQQ,CMCSA,2025-10-02,2026-03-04,True
2025-10-07,2025-10-23,12,-0.07358619426858837,0.010041195766583577,-0.08362739003517194,True,True,44,QQQ,HOOD,2025-10-02,2026-03-04,
2025-10-31,2025-11-03,1,0.024006089412129006,0.004784903321815692,0.019221186090313314,False,False,44,QQQ,LRCX,2025-10-02,2026-03-04,
2025-11-05,2025-11-06,1,-0.017328045113835344,-0.0186273637779365,0.0012993186641011567,True,False,44,QQQ,LRCX,2025-10-02,2026-03-04,
2025-11-10,2025-11-17,5,-0.11366229642758885,-0.031400932470125875,-0.08226136395746297,True,True,44,QQQ,LRCX,2025-10-02,2026-03-04,
2025-12-16,2026-01-06,13,0.2676712787992974,0.020389460341899923,0.2472818184573975,False,False,44,QQQ,LRCX,2025-10-02,2026-03-04,
2025-12-16,2026-01-27,27,-0.02921780400748275,0.033008879846399664,-0.062226683853882414,True,True,44,QQQ,ADP,2025-10-02,2026-03-04,
2025-12-15,2026-01-30,31,-0.01851151268189344,0.019869601538405668,-0.038381114220299106,True,True,44,QQQ,ABNB,2025-10-02,2026-03-04,
2025-10-24,2025-11-28,24,-0.034438298205787254,0.003484197424022728,-0.03792249562980998,True,True,44,QQQ,CRWD,2025-10-02,2026-03-04,
2025-10-24,2025-10-28,2,0.06222389543425577,0.025636085163358358,0.036587810270897414,False,False,44,QQQ,KDP,2025-10-02,2026-03-04,
2025-12-02,2026-01-08,25,-0.010359178767517796,-0.001174540384501932,-0.009184638383015864,True,True,44,QQQ,KDP,2025-10-02,2026-03-04,
2026-02-11,2026-02-12,1,0.0006692211004206694,-0.02033890829654672,0.02100812939696739,False,False,44,QQQ,KDP,2025-10-02,2026-03-04,
2025-12-17,2026-01-22,23,0.06950079761329064,0.035225681451927615,0.03427511616136303,False,False,44,QQQ,FAST,2025-10-02,2026-03-04,
2025-10-06,2025-11-21,34,-0.03589516191454922,-0.029027011182115703,-0.00686815073243352,True,True,44,QQQ,NVDA,2025-10-02,2026-03-04,
2026-01-05,2026-02-13,28,-0.02822664410302289,-0.026003692991473537,-0.002222951111549354,True,True,44,QQQ,NVDA,2025-10-02,2026-03-04,
2026-02-24,2026-03-04,6,-0.05086862926121394,0.004737778159782602,-0.05560640742099654,True,True,44,QQQ,NVDA,2025-10-02,2026-03-04,True
2025-12-26,2026-01-23,18,-0.06642748835750678,-0.001875416452771117,-0.06455207190473566,True,True,44,QQQ,GE,2025-10-02,2026-03-04,
2026-02-23,2026-03-04,7,0.002418925990360865,0.015530163965677968,-0.013111237975317103,False,True,44,QQQ,GE,2025-10-02,2026-03-04,True
2025-10-02,2025-10-23,15,0.02333130836759456,0.008006948106230372,0.01532436026136419,False,False,44,QQQ,CEG,2025-10-02,2026-03-04,
2025-12-12,2025-12-18,4,0.02576845959049856,-0.007349833946643125,0.033118293537141685,False,False,44,QQQ,CEG,2025-10-02,2026-03-04,
2025-10-20,2025-12-04,32,0.09129081052458132,0.0186414793299734,0.07264933119460792,False,False,44,QQQ,VRTX,2025-10-02,2026-03-04,
2026-01-08,2026-01-22,9,-0.004960795879321189,0.0004673711349811871,-0.005428167014302376,True,True,44,QQQ,VRTX,2025-10-02,2026-03-04,
2026-02-13,2026-02-17,1,-0.028791164997535756,-0.0010300219796973709,-0.027761143017838386,True,True,44,QQQ,VRTX,2025-10-02,2026-03-04,
2025-10-23,2025-11-19,19,-0.07992660506437055,-0.017540795253616404,-0.062385809810754145,True,True,44,QQQ,INTC,2025-10-02,2026-03-04,
2026-01-08,2026-01-12,2,0.0717587136740796,0.010798245248171634,0.060960468425907965,False,False,44,QQQ,INTC,2025-10-02,2026-03-04,
2025-12-22,2026-01-20,18,-0.11565832190209846,-0.01800678928802979,-0.09765153261406867,True,True,44,QQQ,QCOM,2025-10-02,2026-03-04,
2025-12-11,2025-12-24,9,-0.052678601484619336,-0.0013526955303078125,-0.051325905954311524,True,True,44,QQQ,CDNS,2025-10-02,2026-03-04,
2026-01-12,2026-01-27,10,-0.03798603020818225,0.0063140970645125805,-0.044300127272694834,True,True,44,QQQ,VRSK,2025-10-02,2026-03-04,
2025-12-31,2026-01-02,1,0.006379023143328499,-0.0019371296799318705,0.00831615282326037,False,False,45,QQQ,LIN,2025-10-03,2026-01-02,True
2025-10-23,2025-11-19,19,-0.07992660506437055,-0.017540795253616404,-0.062385809810754145,True,True,45,QQQ,INTC,2025-10-03,2026-01-02,
2025-12-16,2026-01-02,11,-0.035435053749123036,0.003530789869536921,-0.03896584361865996,True,True,45,QQQ,ADP,2025-10-03,2026-01-02,True
2025-11-07,2026-01-02,37,0.07896220392232234,0.0068388163787196365,0.0721233875436027,False,False,45,QQQ,MAR,2025-10-03,2026-01-02,True
2025-11-28,2025-12-12,10,-0.07463123466712962,-0.009091720259874814,-0.0655395144072548,True,True,45,QQQ,ORLY,2025-10-03,2026-01-02,
2025-10-20,2025-12-04,32,0.09129081052458132,0.0186414793299734,0.07264933119460792,False,False,45,QQQ,VRTX,2025-10-03,2026-01-02,
2025-11-20,2025-11-21,1,-0.019087687890487315,0.00751273835218047,-0.026600426242667785,True,True,45,QQQ,AVGO,2025-10-03,2026-01-02,
2025-10-15,2025-11-07,17,-0.04085021537863165,0.012487204836442167,-0.053337420215073816,True,True,45,QQQ,WDAY,2025-10-03,2026-01-02,
2025-10-06,2025-11-14,29,-0.037241410245767104,0.001892246386365759,-0.03913365663213286,True,True,45,QQQ,CSX,2025-10-03,2026-01-02,
2025-12-11,2026-01-02,14,-0.023687671521089637,-0.01865493847458166,-0.005032733046507976,True,True,45,QQQ,CSX,2025-10-03,2026-01-02,True
2025-12-30,2026-01-02,2,-0.015136902634568905,-0.010186735919496148,-0.004950166715072757,True,True,45,QQQ,AXON,2025-10-03,2026-01-02,True
2025-11-03,2025-11-28,18,-0.0993903099554041,-0.02029809145102246,-0.07909221850438164,True,True,45,QQQ,MDB,2025-10-03,2026-01-02,
2026-01-02,2026-01-02,0,0.0,0.0,0.0,True,False,45,QQQ,MDB,2025-10-03,2026-01-02,True
2025-12-22,2026-01-02,7,-0.06428543634361761,-0.009835160481356131,-0.05445027586226148,True,True,45,QQQ,DASH,2025-10-03,2026-01-02,True
2025-12-17,2026-01-02,10,-0.03415336956193593,0.022484635990170698,-0.05663800555210663,True,True,45,QQQ,FAST,2025-10-03,2026-01-02,True
2025-12-31,2026-01-02,1,0.002538916308008954,-0.0019371296799318705,0.004476045987940824,False,False,45,QQQ,CHTR,2025-10-03,2026-01-02,True
2025-12-08,2026-01-02,17,0.014020087327613506,-0.016611259821063262,0.03063134714867677,False,False,45,QQQ,DXCM,2025-10-03,2026-01-02,True
2025-11-10,2025-11-18,6,-0.011197883298774358,-0.043194318604247495,0.031996435305473137,True,False,45,QQQ,CTSH,2025-10-03,2026-01-02,
2025-11-19,2025-11-24,3,0.03638128558966813,0.008818584751740133,0.027562700837928,False,False,45,QQQ,CTSH,2025-10-03,2026-01-02,
2025-11-28,2026-01-02,23,0.045940014979510835,-0.008623517489792176,0.05456353246930301,False,False,45,QQQ,CTSH,2025-10-03,2026-01-02,True
2025-10-06,2025-11-21,34,-0.03589516191454922,-0.029027011182115703,-0.00686815073243352,True,True,45,QQQ,NVDA,2025-10-03,2026-01-02,
2025-10-13,2025-11-14,24,-0.01086158888898181,0.011378452261449734,-0.022240041150431544,True,True,45,QQQ,EXC,2025-10-03,2026-01-02,
2025-12-11,2025-12-24,9,-0.052678601484619336,-0.0013526955303078125,-0.051325905954311524,True,True,45,QQQ,CDNS,2025-10-03,2026-01-02,
2025-12-05,2026-01-02,18,-0.02750088397489514,-0.018497989681084404,-0.009002894293810737,True,True,45,QQQ,TXN,2025-10-03,2026-01-02,True
2025-12-04,2026-01-02,19,-0.01889318866880363,-0.014495869055916821,-0.0043973196128868075,True,True,45,QQQ,GFS,2025-10-03,2026-01-02,True
2025-12-03,2026-01-02,20,0.020036483528014015,-0.015412671304710357,0.03544915483272437,False,False,45,QQQ,ASML,2025-10-03,2026-01-02,True
2025-12-15,2026-01-02,12,-0.01657809855545045,0.005519590170530275,-0.022097688725980724,True,True,45,QQQ,SHOP,2025-10-03,2026-01-02,True
2025-12-05,2025-12-11,4,0.022296646815387122,0.00015993232110766975,0.022136714494279452,False,False,45,QQQ,PCAR,2025-10-03,2026-01-02,
2025-12-15,2026-01-02,12,0.00016434076446181223,0.005519590170530275,-0.005355249406068463,False,True,45,QQQ,PCAR,2025-10-03,2026-01-02,True
2025-12-26,2026-01-23,18,-0.06642748835750678,-0.001875416452771117,-0.06455207190473566,True,True,46,QQQ,GE,2025-10-03,2026-03-05,
2026-02-23,2026-03-05,8,-0.035399258191215255,0.012470742213174013,-0.04787000040438927,True,True,46,QQQ,GE,2025-10-03,2026-03-05,True
2026-02-10,2026-02-13,3,-0.06540482255470637,-0.015618140130732927,-0.04978668242397344,True,True,46,QQQ,AAPL,2025-10-03,2026-03-05,
2025-12-22,2026-01-21,19,-0.12095024792852638,-0.004731832212620635,-0.11621841571590574,True,True,46,QQQ,DASH,2025-10-03,2026-03-05,
2025-11-20,2025-12-22,21,0.04997924342620075,0.058629942697680404,-0.008650699271479656,False,True,46,QQQ,ISRG,2025-10-03,2026-03-05,
2026-01-09,2026-01-21,7,-0.10669689689364537,-0.0165483271840019,-0.09014856970964347,True,True,46,QQQ,ISRG,2025-10-03,2026-03-05,
2025-10-06,2025-11-21,34,-0.03589516191454922,-0.029027011182115703,-0.00686815073243352,True,True,46,QQQ,NVDA,2025-10-03,2026-03-05,
2026-01-05,2026-02-13,28,-0.02822664410302289,-0.026003692991473537,-0.002222951111549354,True,True,46,QQQ,NVDA,2025-10-03,2026-03-05,
2026-02-24,2026-03-05,7,-0.049313004239329716,0.0017108699268841843,-0.0510238741662139,True,True,46,QQQ,NVDA,2025-10-03,2026-03-05,True
2025-11-05,2025-11-26,15,-0.05385490395442549,-0.014455821843590733,-0.03939908211083476,True,True,46,QQQ,KLAC,2025-10-03,2026-03-05,
2025-12-16,2026-01-12,17,0.16740638348783232,0.026527286917432225,0.1408790965704001,False,False,46,QQQ,KLAC,2025-10-03,2026-03-05,
2026-01-14,2026-01-16,2,0.09293832731273244,0.002760103270580627,0.09017822404215181,False,False,46,QQQ,KLAC,2025-10-03,2026-03-05,
2026-01-20,2026-01-21,1,0.022756228106193932,0.013518379690002691,0.009237848416191241,False,False,46,QQQ,KLAC,2025-10-03,2026-03-05,
2026-03-03,2026-03-05,2,-0.008318537543499649,0.012184599964121023,-0.020503137507620672,True,True,46,QQQ,KLAC,2025-10-03,2026-03-05,True
2025-10-31,2025-11-03,1,0.024006089412129006,0.004784903321815692,0.019221186090313314,False,False,46,QQQ,LRCX,2025-10-03,2026-03-05,
2025-11-05,2025-11-06,1,-0.017328045113835344,-0.0186273637779365,0.0012993186641011567,True,False,46,QQQ,LRCX,2025-10-03,2026-03-05,
2025-11-10,2025-11-17,5,-0.11366229642758885,-0.031400932470125875,-0.08226136395746297,True,True,46,QQQ,LRCX,2025-10-03,2026-03-05,
2025-12-16,2026-01-06,13,0.2676712787992974,0.020389460341899923,0.2472818184573975,False,False,46,QQQ,LRCX,2025-10-03,2026-03-05,
2025-10-15,2025-11-12,20,0.04311069625569486,0.031317494710281224,0.011793201545413634,False,False,46,QQQ,GILD,2025-10-03,2026-03-05,
2025-11-20,2025-12-15,16,-0.03535385356979026,0.042464172322200344,-0.0778180258919906,True,True,46,QQQ,GILD,2025-10-03,2026-03-05,
2026-02-05,2026-02-11,4,0.04304746533166215,0.026933308821864177,0.016114156509797972,False,False,46,QQQ,GILD,2025-10-03,2026-03-05,
2025-12-11,2025-12-24,9,-0.052678601484619336,-0.0013526955303078125,-0.051325905954311524,True,True,46,QQQ,CDNS,2025-10-03,2026-03-05,
2025-10-28,2025-11-25,20,0.20567741859052613,-0.03796672499988141,0.24364414359040754,False,False,46,QQQ,GOOG,2025-10-03,2026-03-05,
2025-12-04,2025-12-09,3,-0.001358931309527689,0.003387220742358421,-0.00474615205188611,True,True,46,QQQ,GOOG,2025-10-03,2026-03-05,
2025-12-10,2026-02-18,46,-0.05314636612345158,-0.03352314647665633,-0.019623219646795254,True,True,46,QQQ,GOOG,2025-10-03,2026-03-05,
2025-10-24,2025-10-28,2,0.06222389543425577,0.025636085163358358,0.036587810270897414,False,False,46,QQQ,KDP,2025-10-03,2026-03-05,
2025-12-02,2026-01-08,25,-0.010359178767517796,-0.001174540384501932,-0.009184638383015864,True,True,46,QQQ,KDP,2025-10-03,2026-03-05,
2026-02-11,2026-02-12,1,0.0006692211004206694,-0.02033890829654672,0.02100812939696739,False,False,46,QQQ,KDP,2025-10-03,2026-03-05,
2025-12-15,2026-01-22,25,-0.13894279553223432,0.01804923644599077,-0.1569920319782251,True,True,46,QQQ,SHOP,2025-10-03,2026-03-05,
2026-01-06,2026-03-05,40,0.14557678347993708,-0.023274856693567436,0.1688516401735045,False,False,46,QQQ,ROST,2025-10-03,2026-03-05,
2025-11-28,2025-12-16,12,-0.032536288174063066,-0.012111544042320066,-0.020424744131743,True,True,46,QQQ,KHC,2025-10-03,2026-03-05,
2026-03-03,2026-03-05,2,0.00041283809067271804,0.012184599964121023,-0.011771761873448305,False,True,46,QQQ,KHC,2025-10-03,2026-03-05,True
2025-10-13,2025-11-20,28,0.0432647581081278,-0.0271423825240259,0.0704071406321537,False,False,46,QQQ,AEP,2025-10-03,2026-03-05,
2026-02-04,2026-03-05,20,0.10921826739511209,0.005216726652492065,0.10400154074262002,False,False,46,QQQ,AEP,2025-10-03,2026-03-05,True
2026-02-05,2026-03-05,19,0.056104299824626835,0.01989845570571558,0.03620584411891126,False,False,46,QQQ,CTAS,2025-10-03,2026-03-05,True
2025-10-24,2025-11-06,9,0.08167682961042377,-0.008799189260742413,0.09047601887116619,False,False,46,QQQ,AMGN,2025-10-03,2026-03-05,
2025-12-05,2025-12-10,3,-0.04398446999658756,0.0034052950428129503,-0.04738976503940051,True,True,46,QQQ,AMGN,2025-10-03,2026-03-05,
2026-02-04,2026-02-05,1,0.004369131914353952,-0.014395285110089362,0.018764417024443314,False,False,46,QQQ,AMGN,2025-10-03,2026-03-05,
2025-12-05,2025-12-12,5,-0.14639581390548684,-0.018961528980412368,-0.12743428492507447,True,True,46,QQQ,MRVL,2025-10-03,2026-03-05,
2025-12-15,2026-01-14,20,-0.07597144082186291,0.016064824783212694,-0.0920362656050756,True,True,46,QQQ,TSLA,2025-10-03,2026-03-05,
2025-10-28,2026-02-02,65,0.311100560164401,-0.00943755340799246,0.3205381135723935,False,False,46,QQQ,WBD,2025-10-03,2026-03-05,
2026-02-25,2026-03-05,6,-0.03114185572352768,-0.012599748171705172,-0.018542107551822506,True,True,46,QQQ,WBD,2025-10-03,2026-03-05,True
2025-10-20,2025-12-04,32,0.09129081052458132,0.0186414793299734,0.07264933119460792,False,False,46,QQQ,VRTX,2025-10-03,2026-03-05,
2026-01-08,2026-01-22,9,-0.004960795879321189,0.0004673711349811871,-0.005428167014302376,True,True,46,QQQ,VRTX,2025-10-03,2026-03-05,
2026-02-13,2026-02-17,1,-0.028791164997535756,-0.0010300219796973709,-0.027761143017838386,True,True,46,QQQ,VRTX,2025-10-03,2026-03-05,
2025-10-21,2025-10-23,2,0.010929294907651377,-0.0013083651807733743,0.012237660088424751,False,False,46,QQQ,AMAT,2025-10-03,2026-03-05,
2025-11-05,2025-11-26,15,0.03972770232228107,-0.014455821843590733,0.0541835241658718,False,False,46,QQQ,AMAT,2025-10-03,2026-03-05,
2025-11-28,2025-12-03,3,0.0649356193714099,0.0068954308237083595,0.05804018854770154,False,False,46,QQQ,AMAT,2025-10-03,2026-03-05,
2025-12-04,2026-02-02,39,0.2188242301861325,0.006432031769957325,0.21239219841617518,False,False,46,QQQ,AMAT,2025-10-03,2026-03-05,
2025-12-04,2026-01-28,36,0.21846713230070836,0.017811992088978545,0.2006551402117298,False,False,46,QQQ,GFS,2025-10-03,2026-03-05,
2025-12-08,2026-02-18,48,0.10941786047928459,-0.02836783394411857,0.13778569442340316,False,False,46,QQQ,DXCM,2025-10-03,2026-03-05,
2026-02-27,2026-03-05,4,-0.037314419888084926,0.002667532774466741,-0.03998195266255167,True,True,46,QQQ,DXCM,2025-10-03,2026-03-05,True
2025-11-20,2025-11-21,1,-0.019087687890487315,0.00751273835218047,-0.026600426242667785,True,True,46,QQQ,AVGO,2025-10-03,2026-03-05,
2025-12-12,2025-12-18,4,0.02576845959049856,-0.007349833946643125,0.033118293537141685,False,False,46,QQQ,CEG,2025-10-03,2026-03-05,
2025-11-07,2026-02-11,64,0.23505202786702784,0.006822440431991428,0.2282295874350364,False,False,46,QQQ,MAR,2025-10-03,2026-03-05,
2026-02-05,2026-02-13,6,0.08399844454305949,0.00819043771929806,0.07580800682376143,False,False,46,QQQ,FTNT,2025-10-03,2026-03-05,
2026-03-18,2026-04-01,10,-0.04269961684153256,-0.01656293237618478,-0.02613668446534778,True,True,47,QQQ,ADSK,2026-02-18,2026-07-20,
2026-03-18,2026-03-27,7,-0.1386673161343014,-0.05313608289364269,-0.0855312332406587,True,True,47,QQQ,APP,2026-02-18,2026-07-20,
2026-05-07,2026-06-23,31,-0.0638443009506593,0.028051774852159372,-0.09189607580281867,True,True,47,QQQ,APP,2026-02-18,2026-07-20,
2026-05-12,2026-06-02,14,0.16297063096565845,0.05503079993433957,0.10793983103131888,False,False,47,QQQ,CDNS,2026-02-18,2026-07-20,
2026-03-03,2026-03-11,6,-0.0285542269843172,0.010156545241017279,-0.03871077222533448,True,True,47,QQQ,KHC,2026-02-18,2026-07-20,
2026-06-11,2026-06-23,7,-0.07225433730855146,-0.003745101988719579,-0.06850923531983188,True,True,47,QQQ,KHC,2026-02-18,2026-07-20,
2026-04-24,2026-05-01,5,0.11947884084369909,0.015469665634920027,0.10400917520877906,False,False,47,QQQ,GOOG,2026-02-18,2026-07-20,
2026-03-19,2026-04-14,17,0.004649264333169478,0.06133443486700707,-0.05668517053383759,False,True,47,QQQ,ROP,2026-02-18,2026-07-20,
2026-04-30,2026-05-06,4,0.2889436375495966,0.04197747451053879,0.24696616303905783,False,False,47,QQQ,MU,2026-02-18,2026-07-20,
2026-06-10,2026-06-29,12,-0.03772400918146546,0.04495628049154843,-0.08268028967301388,True,True,47,QQQ,IDXX,2026-02-18,2026-07-20,
2026-07-20,2026-07-20,0,0.0,0.0,0.0,True,False,47,QQQ,IDXX,2026-02-18,2026-07-20,True
2026-03-27,2026-05-14,33,0.033264517359387735,0.27944456035623455,-0.24618004299684682,False,True,47,QQQ,PYPL,2026-02-18,2026-07-20,
2026-07-07,2026-07-16,7,0.24271626825852777,-0.004919428654562075,0.24763569691308984,False,False,47,QQQ,PYPL,2026-02-18,2026-07-20,
2026-04-14,2026-04-17,3,0.15211656655447237,0.03221446709635889,0.11990209945811348,False,False,47,QQQ,ON,2026-02-18,2026-07-20,
2026-04-30,2026-05-08,6,0.023707959999297756,0.06513014627604341,-0.041422186276745654,False,True,47,QQQ,ON,2026-02-18,2026-07-20,
2026-05-11,2026-05-12,1,-0.02918684554054274,-0.008481790799397704,-0.020705054741145035,True,True,47,QQQ,ON,2026-02-18,2026-07-20,
2026-03-27,2026-05-07,28,-0.0057422941550099305,0.23527311744198265,-0.24101541159699258,True,True,47,QQQ,EA,2026-02-18,2026-07-20,
2026-06-29,2026-07-17,13,0.018775863386623737,-0.03970555645983631,0.05848141984646005,False,False,47,QQQ,EA,2026-02-18,2026-07-20,True
2026-04-10,2026-04-20,6,-0.07940976735790906,0.05845473468522111,-0.13786450204313017,True,True,47,QQQ,NFLX,2026-02-18,2026-07-20,
2026-03-16,2026-03-25,7,-0.06446518837154436,-0.019685525605969145,-0.04477966276557521,True,True,47,QQQ,SHOP,2026-02-18,2026-07-20,
2026-06-26,2026-07-20,15,0.06520625283915193,-0.014804990210462998,0.08001124304961493,False,False,47,QQQ,SHOP,2026-02-18,2026-07-20,True
2026-06-08,2026-07-20,28,0.05333642395925953,-0.02687595377573171,0.08021237773499124,False,False,47,QQQ,AMGN,2026-02-18,2026-07-20,True
2026-04-02,2026-05-18,31,-0.04045821915280501,0.20667371995064432,-0.24713193910344933,True,True,47,QQQ,ROST,2026-02-18,2026-07-20,
2026-04-14,2026-04-24,8,0.14621345218923,0.056124823526712886,0.0900886286625171,False,False,47,QQQ,ADI,2026-02-18,2026-07-20,
2026-04-30,2026-05-01,1,-0.011360833761244526,0.009599622702352262,-0.02096045646359679,True,True,47,QQQ,ADI,2026-02-18,2026-07-20,
2026-05-07,2026-05-27,13,0.020464177184164933,0.049659037694803176,-0.029194860510638243,False,True,47,QQQ,ADI,2026-02-18,2026-07-20,
2026-04-24,2026-05-01,5,0.11988975190276907,0.015469665634920027,0.10442008626784904,False,False,47,QQQ,GOOGL,2026-02-18,2026-07-20,
2026-03-24,2026-03-30,4,-0.03290158273005872,-0.04400829721394628,0.011106714483887559,True,False,47,QQQ,CRWD,2026-02-18,2026-07-20,
2026-05-08,2026-06-04,18,0.3625063952934342,0.041308762886598016,0.3211976324068362,False,False,47,QQQ,CRWD,2026-02-18,2026-07-20,
2026-07-06,2026-07-15,7,0.03706489722473405,-0.007028052680292163,0.04409294990502621,False,False,47,QQQ,CRWD,2026-02-18,2026-07-20,
2026-04-14,2026-04-29,11,-0.058120060504764814,0.05244994107512713,-0.11057000157989194,True,True,47,QQQ,PCAR,2026-02-18,2026-07-20,
2026-07-14,2026-07-17,3,0.018234584979166524,-0.03384788626898538,0.05208247124815191,False,False,47,QQQ,PCAR,2026-02-18,2026-07-20,
2026-07-20,2026-07-20,0,0.0,0.0,0.0,True,False,47,QQQ,PCAR,2026-02-18,2026-07-20,True
2026-03-19,2026-04-02,10,-0.038470593660725805,-0.012313951127558953,-0.02615664253316685,True,True,47,QQQ,PANW,2026-02-18,2026-07-20,
2026-05-11,2026-05-20,7,0.15445099426370668,-0.00019616721807647064,0.15464716148178315,False,False,47,QQQ,PANW,2026-02-18,2026-07-20,
2026-05-22,2026-06-01,5,0.1531200647406481,0.03512003045148404,0.11800003428916406,False,False,47,QQQ,PANW,2026-02-18,2026-07-20,
2026-06-08,2026-06-29,14,0.09719085650131398,0.012297328523453555,0.08489352797786043,False,False,47,QQQ,KDP,2026-02-18,2026-07-20,
2026-03-18,2026-04-01,10,-0.1264940174169049,-0.01656293237618478,-0.10993108504072013,True,True,47,QQQ,MSTR,2026-02-18,2026-07-20,
2026-04-20,2026-06-02,30,-0.20332531013370847,0.15363566747854152,-0.35696097761225,True,True,47,QQQ,MSTR,2026-02-18,2026-07-20,
2026-02-25,2026-03-12,11,-0.05086502881515431,-0.031491235415010754,-0.019373793400143557,True,True,47,QQQ,WBD,2026-02-18,2026-07-20,
2026-04-27,2026-05-20,17,-0.06960948143325107,0.1425089596315101,-0.2121184410647612,True,True,48,SOX,ICHR,2026-02-05,2026-07-08,
2026-03-30,2026-05-27,40,0.2548976652938941,0.8205233964701306,-0.5656257311762365,False,True,48,SOX,CRUS,2026-02-05,2026-07-08,
2026-05-07,2026-05-08,1,0.060052566459242396,0.05674713757179872,0.0033054288874436732,False,False,48,SOX,AMKR,2026-02-05,2026-07-08,
2026-04-17,2026-04-21,2,0.08773637648678201,0.012003581207328029,0.07573279527945398,False,False,48,SOX,COHU,2026-02-05,2026-07-08,
2026-04-23,2026-05-13,14,0.078779902932403,0.19793650284837905,-0.11915659991597605,False,True,48,SOX,COHU,2026-02-05,2026-07-08,
2026-02-27,2026-03-09,6,-0.05862485549936225,-0.045190050866102616,-0.013434804633259634,True,True,48,SOX,QRVO,2026-02-05,2026-07-08,
2026-03-03,2026-03-09,4,-0.008498949013089896,0.00474935785020647,-0.013248306863296366,True,True,48,SOX,KLAC,2026-02-05,2026-07-08,
2026-03-25,2026-03-27,2,-0.06516949271634676,-0.06305569032017067,-0.00211380239617609,True,True,48,SOX,KLAC,2026-02-05,2026-07-08,
2026-04-01,2026-05-05,23,0.690024253931909,0.4259171209560162,0.26410713297589283,False,False,48,SOX,AMD,2026-02-05,2026-07-08,
2026-03-19,2026-03-24,3,0.10967403230836048,0.0024102564056540654,0.10726377590270642,False,False,48,SOX,FORM,2026-02-05,2026-07-08,
2026-04-27,2026-04-28,1,-0.0677412665611885,-0.036670261961282424,-0.031071004599906082,True,True,48,SOX,FORM,2026-02-05,2026-07-08,
2026-03-24,2026-03-25,1,0.016745074020223072,0.012403978462632859,0.004341095557590213,False,False,48,SOX,DIOD,2026-02-05,2026-07-08,
2026-04-29,2026-05-13,10,0.009504941430422242,0.17400390127120047,-0.16449895984077822,False,True,48,SOX,DIOD,2026-02-05,2026-07-08,
2026-03-13,2026-07-08,79,0.07546801637546174,0.6981871318013448,-0.6227191154258831,False,True,48,SOX,SLAB,2026-02-05,2026-07-08,True
2026-04-08,2026-04-09,1,0.02690341000839247,0.022219252910562037,0.0046841570978304325,False,False,48,SOX,ONTO,2026-02-05,2026-07-08,
2026-04-27,2026-04-28,1,-0.05327204035097466,-0.036670261961282424,-0.016601778389692234,True,True,48,SOX,ONTO,2026-02-05,2026-07-08,
2026-04-29,2026-05-27,19,-0.0613701270106114,0.25331672170816755,-0.31468684871877894,True,True,48,SOX,ONTO,2026-02-05,2026-07-08,
2026-02-17,2026-02-26,7,0.0010357565156304815,0.0076248645334657805,-0.006589108017835299,False,True,48,SOX,PLAB,2026-02-05,2026-07-08,
2026-04-16,2026-06-05,35,-0.031972319422038264,0.32964662072152406,-0.36161894014356233,True,True,48,SOX,AVGO,2026-02-05,2026-07-08,
2026-05-01,2026-05-11,6,0.054071354133128136,0.14387550598343357,-0.08980415185030544,False,True,48,SOX,MCHP,2026-02-05,2026-07-08,
2026-02-09,2026-02-12,3,0.013992780957545303,-0.0036000795706786493,0.017592860528223953,False,False,48,SOX,SITM,2026-02-05,2026-07-08,
2026-02-23,2026-03-03,6,0.02626194702159057,-0.06176788061645955,0.08802982763805012,False,False,48,SOX,SITM,2026-02-05,2026-07-08,
2026-04-14,2026-05-08,18,0.867724870258902,0.2967301069763846,0.5709947632825174,False,False,48,SOX,SITM,2026-02-05,2026-07-08,
2026-03-03,2026-03-10,5,-0.20479618127770405,0.012037747739962246,-0.2168339290176663,True,True,48,SOX,WOLF,2026-02-05,2026-07-08,
2026-03-16,2026-03-17,1,-0.024536573565728914,0.007783904895176663,-0.03232047846090558,True,True,48,SOX,WOLF,2026-02-05,2026-07-08,
2026-04-13,2026-05-04,15,0.48819872440628354,0.17470897543066366,0.3134897489756199,False,False,48,SOX,WOLF,2026-02-05,2026-07-08,
2026-02-09,2026-03-19,27,-0.08171780386289029,-0.035038118667871876,-0.04667968519501842,True,True,48,SOX,SMCI,2026-02-05,2026-07-08,
2026-06-05,2026-06-11,4,-0.23222863155703777,0.0873704591773532,-0.31959909073439097,True,True,48,SOX,SMCI,2026-02-05,2026-07-08,
2026-04-17,2026-05-12,17,0.22625571398872268,0.2412257482637461,-0.014970034275023414,False,True,48,SOX,SMTC,2026-02-05,2026-07-08,
2026-05-15,2026-05-26,6,0.19485620054598618,0.12107696336908047,0.07377923717690571,False,False,48,SOX,SMTC,2026-02-05,2026-07-08,
2026-05-27,2026-06-02,4,0.05998732899260251,0.07276862733548861,-0.012781298342886105,False,True,48,SOX,SMTC,2026-02-05,2026-07-08,
2026-04-30,2026-05-08,6,0.023707959999297756,0.12755721140514154,-0.10384925140584378,False,True,48,SOX,ON,2026-02-05,2026-07-08,
2026-05-11,2026-05-12,1,-0.02918684554054274,-0.03147767169073823,0.0022908261501954907,True,False,48,SOX,ON,2026-02-05,2026-07-08,
2025-11-20,2025-12-22,21,0.04997924342620075,0.058629942697680404,-0.008650699271479656,False,True,49,QQQ,ISRG,2025-10-13,2026-01-12,
2026-01-09,2026-01-12,1,-0.023011037218702457,0.0008297496946161331,-0.02384078691331859,True,True,49,QQQ,ISRG,2025-10-13,2026-01-12,True
2025-11-28,2025-12-12,10,-0.07463123466712962,-0.009091720259874814,-0.0655395144072548,True,True,49,QQQ,ORLY,2025-10-13,2026-01-12,
2025-11-17,2025-12-30,29,0.03334022963198224,0.027445996040335485,0.005894233591646758,False,False,49,QQQ,FANG,2025-10-13,2026-01-12,
2025-12-16,2026-01-12,17,0.0024029617923162494,0.026527286917432225,-0.024124325125115975,False,True,49,QQQ,ADP,2025-10-13,2026-01-12,True
2025-12-15,2026-01-12,18,-0.020954959551927055,0.02856166174460073,-0.049516621296527785,True,True,49,QQQ,PLTR,2025-10-13,2026-01-12,True
2025-12-17,2026-01-12,16,-0.004060206329306371,0.04591547154642006,-0.04997567787572643,True,True,49,QQQ,FAST,2025-10-13,2026-01-12,True
2025-12-08,2026-01-12,23,0.14529250222255774,0.005923670336284603,0.13936883188627314,False,False,49,QQQ,SNPS,2025-10-13,2026-01-12,True
2025-12-05,2025-12-12,5,-0.14639581390548684,-0.018961528980412368,-0.12743428492507447,True,True,49,QQQ,MRVL,2025-10-13,2026-01-12,
2025-10-28,2025-11-25,20,0.20567741859052613,-0.03796672499988141,0.24364414359040754,False,False,49,QQQ,GOOG,2025-10-13,2026-01-12,
2025-12-04,2025-12-09,3,-0.001358931309527689,0.003387220742358421,-0.00474615205188611,True,True,49,QQQ,GOOG,2025-10-13,2026-01-12,
2025-12-10,2026-01-12,21,0.03654205348583006,0.00058641300204898,0.03595564048378108,False,False,49,QQQ,GOOG,2025-10-13,2026-01-12,True
2025-10-15,2025-11-12,20,0.04311069625569486,0.031317494710281224,0.011793201545413634,False,False,49,QQQ,GILD,2025-10-13,2026-01-12,
2025-11-20,2025-12-15,16,-0.03535385356979026,0.042464172322200344,-0.0778180258919906,True,True,49,QQQ,GILD,2025-10-13,2026-01-12,
2025-10-24,2025-11-28,24,-0.034438298205787254,0.003484197424022728,-0.03792249562980998,True,True,49,QQQ,CRWD,2025-10-13,2026-01-12,
2025-11-03,2025-11-18,11,-0.15521354808524646,-0.056591050278582467,-0.09862249780666399,True,True,49,QQQ,TEAM,2025-10-13,2026-01-12,
2025-12-15,2026-01-12,18,-0.07997735675053075,0.02856166174460073,-0.10853901849513148,True,True,49,QQQ,TEAM,2025-10-13,2026-01-12,True
2025-12-01,2026-01-12,28,0.10651716183870263,0.017512311770067956,0.08900485006863468,False,False,49,QQQ,ADI,2025-10-13,2026-01-12,True
2025-12-15,2026-01-12,18,0.050830719007212144,0.02856166174460073,0.022269057262611414,False,False,49,QQQ,ABNB,2025-10-13,2026-01-12,True
2025-11-05,2025-11-26,15,-0.05385490395442549,-0.014455821843590733,-0.03939908211083476,True,True,49,QQQ,KLAC,2025-10-13,2026-01-12,
2025-12-16,2026-01-12,17,0.16740638348783232,0.026527286917432225,0.1408790965704001,False,False,49,QQQ,KLAC,2025-10-13,2026-01-12,
2025-12-05,2026-01-08,22,0.032376430509373444,-0.0067318481467585345,0.03910827865613198,False,False,49,QQQ,TXN,2025-10-13,2026-01-12,
2025-12-15,2026-01-12,18,-0.055437517070672016,0.02856166174460073,-0.08399917881527275,True,True,49,QQQ,TSLA,2025-10-13,2026-01-12,True
2025-11-10,2025-11-18,6,-0.011197883298774358,-0.043194318604247495,0.031996435305473137,True,False,49,QQQ,CTSH,2025-10-13,2026-01-12,
2025-11-19,2025-11-24,3,0.03638128558966813,0.008818584751740133,0.027562700837928,False,False,49,QQQ,CTSH,2025-10-13,2026-01-12,
2025-11-28,2026-01-12,29,0.09676998461405306,0.014094456471288375,0.08267552814276469,False,False,49,QQQ,CTSH,2025-10-13,2026-01-12,True
2026-01-09,2026-01-12,1,-0.013087532152302073,0.0008297496946161331,-0.013917281846918206,True,True,49,QQQ,MELI,2025-10-13,2026-01-12,True
2025-11-28,2026-01-07,26,-0.0682735665573484,0.009001205674067592,-0.07727477223141599,True,True,49,QQQ,CCEP,2025-10-13,2026-01-12,
2025-12-15,2026-01-12,18,-0.06692296855607405,0.02856166174460073,-0.09548463030067478,True,True,49,QQQ,ADBE,2025-10-13,2026-01-12,True
2026-01-07,2026-01-12,3,0.020326228314845096,0.005047814381766047,0.01527841393307905,False,False,49,QQQ,AMZN,2025-10-13,2026-01-12,True
2026-01-22,2026-03-19,39,-0.00855286986240833,-0.04468710765693995,0.03613423779453162,True,False,50,QQQ,CMCSA,2026-01-21,2026-07-22,
2026-07-22,2026-07-22,0,0.0,0.0,0.0,True,False,50,QQQ,CMCSA,2026-01-21,2026-07-22,True
2026-02-25,2026-03-12,11,-0.05086502881515431,-0.031491235415010754,-0.019373793400143557,True,True,50,QQQ,WBD,2026-01-21,2026-07-22,
2026-04-20,2026-04-22,2,-0.031169555443901986,0.012863598395295162,-0.04403315383919715,True,True,50,QQQ,HOOD,2026-01-21,2026-07-22,
2026-04-23,2026-04-30,5,-0.1274838569447444,0.025052928159994714,-0.15253678510473911,True,True,50,QQQ,HOOD,2026-01-21,2026-07-22,
2026-06-02,2026-06-04,2,0.0019282913099329946,-0.007438052059240086,0.00936634336917308,False,False,50,QQQ,HOOD,2026-01-21,2026-07-22,
2026-06-30,2026-07-02,2,0.12415242051445907,-0.03231945687001059,0.15647187738446966,False,False,50,QQQ,HOOD,2026-01-21,2026-07-22,
2026-07-06,2026-07-22,12,-0.11118672356877302,-0.02416926975078193,-0.08701745381799109,True,True,50,QQQ,HOOD,2026-01-21,2026-07-22,True
2026-03-13,2026-04-10,19,-0.1516396147891078,0.03052039379704019,-0.182160008586148,True,True,50,QQQ,PLTR,2026-01-21,2026-07-22,
2026-07-21,2026-07-22,1,-0.060982992190251495,-0.005105992167196205,-0.05587700002305529,True,True,50,QQQ,PLTR,2026-01-21,2026-07-22,True
2026-05-08,2026-06-15,25,-0.040154107533442396,0.04607517182130594,-0.08622927935474833,True,True,50,QQQ,TSLA,2026-01-21,2026-07-22,
2026-04-10,2026-06-09,41,0.024372839330421003,0.15834513324509358,-0.13397229391467258,False,True,50,QQQ,AMZN,2026-01-21,2026-07-22,
2026-07-21,2026-07-22,1,-0.010906875035172847,-0.005105992167196205,-0.005800882867976642,True,True,50,QQQ,AMZN,2026-01-21,2026-07-22,True
2026-05-12,2026-06-02,14,0.16297063096565845,0.05503079993433957,0.10793983103131888,False,False,50,QQQ,CDNS,2026-01-21,2026-07-22,
2026-03-19,2026-04-02,10,-0.038470593660725805,-0.012313951127558953,-0.02615664253316685,True,True,50,QQQ,PANW,2026-01-21,2026-07-22,
2026-05-11,2026-05-20,7,0.15445099426370668,-0.00019616721807647064,0.15464716148178315,False,False,50,QQQ,PANW,2026-01-21,2026-07-22,
2026-05-22,2026-06-01,5,0.1531200647406481,0.03512003045148404,0.11800003428916406,False,False,50,QQQ,PANW,2026-01-21,2026-07-22,
2026-05-04,2026-05-06,2,0.06715874158105195,0.03401794564727423,0.03314079593377772,False,False,50,QQQ,GFS,2026-01-21,2026-07-22,
2026-04-10,2026-04-20,6,-0.07940976735790906,0.05845473468522111,-0.13786450204313017,True,True,50,QQQ,NFLX,2026-01-21,2026-07-22,
2026-03-03,2026-03-11,6,-0.0285542269843172,0.010156545241017279,-0.03871077222533448,True,True,50,QQQ,KHC,2026-01-21,2026-07-22,
2026-06-11,2026-06-23,7,-0.07225433730855146,-0.003745101988719579,-0.06850923531983188,True,True,50,QQQ,KHC,2026-01-21,2026-07-22,
2026-07-16,2026-07-22,4,-0.04630824669751121,-0.0008358031184353409,-0.04547244357907587,True,True,50,QQQ,DASH,2026-01-21,2026-07-22,True
2026-06-18,2026-06-23,2,-0.016532753277868295,-0.03535649457247658,0.018823741294608287,True,False,50,QQQ,BKNG,2026-01-21,2026-07-22,
2026-03-16,2026-03-25,7,-0.06446518837154436,-0.019685525605969145,-0.04477966276557521,True,True,50,QQQ,SHOP,2026-01-21,2026-07-22,
2026-06-26,2026-07-22,17,0.013349285901471886,-0.0016560662302093077,0.015005352131681193,False,False,50,QQQ,SHOP,2026-01-21,2026-07-22,True
2026-07-06,2026-07-09,3,-0.04763746520699719,0.0006364267286391723,-0.04827389193563636,True,True,50,QQQ,TTWO,2026-01-21,2026-07-22,
2026-07-17,2026-07-22,3,-0.013097815365294196,0.014410363783847746,-0.027508179149141943,True,True,50,QQQ,TTWO,2026-01-21,2026-07-22,True
2026-07-13,2026-07-22,7,0.0031024337885650066,-0.008978018287736367,0.012080452076301373,False,False,50,QQQ,ZS,2026-01-21,2026-07-22,True
2026-01-28,2026-01-29,1,-0.011459919057512424,-0.005985274152202957,-0.005474644905309467,True,True,50,QQQ,MCHP,2026-01-21,2026-07-22,
2026-02-05,2026-03-05,19,-0.12597034314110644,0.01989845570571558,-0.14586879884682202,True,True,50,QQQ,MCHP,2026-01-21,2026-07-22,
2026-04-15,2026-04-24,7,0.20069813111837465,0.041543764016174656,0.1591543671022,False,False,50,QQQ,MCHP,2026-01-21,2026-07-22,
2026-04-28,2026-05-11,9,0.17529072098002252,0.08476915753075809,0.09052156344926443,False,False,50,QQQ,MCHP,2026-01-21,2026-07-22,
2026-02-04,2026-02-05,1,0.004369131914353952,-0.014395285110089362,0.018764417024443314,False,False,50,QQQ,AMGN,2026-01-21,2026-07-22,
2026-06-08,2026-07-22,30,0.05877411899727791,-0.013888135140826874,0.07266225413810479,False,False,50,QQQ,AMGN,2026-01-21,2026-07-22,True
2026-02-04,2026-04-02,40,0.11459458510295173,-0.03307034238581319,0.14766492748876492,False,False,50,QQQ,AEP,2026-01-21,2026-07-22,
2026-06-25,2026-07-22,18,-0.028686077925410558,-0.015396897207759608,-0.01328918071765095,True,True,50,QQQ,AEP,2026-01-21,2026-07-22,True
2026-01-23,2026-02-06,10,-0.050488783298830775,-0.020988523973312634,-0.02950025932551814,True,True,50,QQQ,ORLY,2026-01-21,2026-07-22,
2026-02-17,2026-02-18,1,0.001619886915233959,0.007467270408041182,-0.005847383492807223,False,True,50,QQQ,ORLY,2026-01-21,2026-07-22,
2026-04-10,2026-04-24,10,0.07798944308504452,0.0864221504300513,-0.008432707345006785,False,True,50,QQQ,CDW,2026-01-21,2026-07-22,
2026-03-18,2026-04-01,10,-0.04269961684153256,-0.01656293237618478,-0.02613668446534778,True,True,50,QQQ,ADSK,2026-01-21,2026-07-22,
2026-02-03,2026-03-12,26,-0.030459093713758878,-0.031239912321483154,0.0007808186077242762,True,False,50,QQQ,ASML,2026-01-21,2026-07-22,
2026-06-05,2026-06-08,1,0.06535746647703666,0.015615708159669062,0.0497417583173676,False,False,50,QQQ,ASML,2026-01-21,2026-07-22,
2026-02-27,2026-03-09,6,-0.10252748093318809,0.0007738957956664461,-0.10330137672885453,True,True,50,QQQ,GEHC,2026-01-21,2026-07-22,
2026-06-29,2026-07-17,13,-0.03043817814401828,-0.03970555645983631,0.009267378315818031,True,False,50,QQQ,GEHC,2026-01-21,2026-07-22,
2025-12-04,2026-01-28,36,0.21846713230070836,0.017811992088978545,0.2006551402117298,False,False,51,QQQ,GFS,2025-10-16,2026-02-17,
2025-10-28,2025-11-25,20,0.2092570520279189,-0.03796672499988141,0.2472237770278003,False,False,51,QQQ,GOOGL,2025-10-16,2026-02-17,
2025-12-10,2026-02-17,45,-0.056806560090985725,-0.040686599047625505,-0.01611996104336022,True,True,51,QQQ,GOOGL,2025-10-16,2026-02-17,True
2025-10-28,2026-02-02,65,0.311100560164401,-0.00943755340799246,0.3205381135723935,False,False,51,QQQ,WBD,2025-10-16,2026-02-17,
2026-02-10,2026-02-13,3,-0.06540482255470637,-0.015618140130732927,-0.04978668242397344,True,True,51,QQQ,AAPL,2025-10-16,2026-02-17,
2026-01-09,2026-02-02,15,-0.014317755915849828,-0.0008138361518202908,-0.013503919764029537,True,True,51,QQQ,MELI,2025-10-16,2026-02-17,
2025-11-03,2025-11-28,18,-0.0993903099554041,-0.02029809145102246,-0.07909221850438164,True,True,51,QQQ,MDB,2025-10-16,2026-02-17,
2026-01-02,2026-01-23,14,-0.002402080494781078,0.015657632332418014,-0.018059712827199093,True,True,51,QQQ,MDB,2025-10-16,2026-02-17,
2026-02-06,2026-02-13,5,0.09361589545534388,-0.012679508711310516,0.1062954041666544,False,False,51,QQQ,EXC,2025-10-16,2026-02-17,
2026-01-07,2026-02-10,23,-0.14323559858595314,-0.020111648591255138,-0.123123949994698,True,True,51,QQQ,AMZN,2025-10-16,2026-02-17,
2025-11-28,2025-12-12,10,-0.07463123466712962,-0.009091720259874814,-0.0655395144072548,True,True,51,QQQ,ORLY,2025-10-16,2026-02-17,
2026-01-23,2026-02-06,10,-0.050488783298830775,-0.020988523973312634,-0.02950025932551814,True,True,51,QQQ,ORLY,2025-10-16,2026-02-17,
2026-02-17,2026-02-17,0,0.0,0.0,0.0,True,False,51,QQQ,ORLY,2025-10-16,2026-02-17,True
2025-10-31,2025-11-03,1,0.024006089412129006,0.004784903321815692,0.019221186090313314,False,False,51,QQQ,LRCX,2025-10-16,2026-02-17,
2025-11-05,2025-11-06,1,-0.017328045113835344,-0.0186273637779365,0.0012993186641011567,True,False,51,QQQ,LRCX,2025-10-16,2026-02-17,
2025-11-10,2025-11-17,5,-0.11366229642758885,-0.031400932470125875,-0.08226136395746297,True,True,51,QQQ,LRCX,2025-10-16,2026-02-17,
2025-12-16,2026-01-06,13,0.2676712787992974,0.020389460341899923,0.2472818184573975,False,False,51,QQQ,LRCX,2025-10-16,2026-02-17,
2025-10-30,2025-11-05,4,0.06022054668867338,-0.004424516821295188,0.06464506350996857,False,False,51,QQQ,MU,2025-10-16,2026-02-17,
2025-12-01,2026-02-17,52,0.2708793855887437,-0.024458873685447524,0.2953382592741912,False,False,51,QQQ,ADI,2025-10-16,2026-02-17,True
2025-11-28,2025-12-11,9,0.07575959175778646,0.010222113890496987,0.06553747786728947,False,False,51,QQQ,GEHC,2025-10-16,2026-02-17,
2025-12-12,2025-12-15,1,0.005836082097182116,-0.005019386618356658,0.010855468715538774,False,False,51,QQQ,GEHC,2025-10-16,2026-02-17,
2025-12-17,2026-01-26,25,-0.025226104227521806,0.043063813376062354,-0.06828991760358416,True,True,51,QQQ,GEHC,2025-10-16,2026-02-17,
2025-12-11,2026-01-14,22,-0.026110318913359354,-0.008363230574561675,-0.01774708833879768,True,True,51,QQQ,CSX,2025-10-16,2026-02-17,
2026-02-04,2026-02-17,8,0.029611112406296325,-0.007346260484053069,0.036957372890349394,False,False,51,QQQ,CSX,2025-10-16,2026-02-17,True
2026-01-12,2026-01-27,10,-0.03798603020818225,0.0063140970645125805,-0.044300127272694834,True,True,51,QQQ,VRSK,2025-10-16,2026-02-17,
2025-12-15,2026-01-14,20,-0.026466609023277576,0.016064824783212694,-0.04253143380649027,True,True,51,QQQ,PLTR,2025-10-16,2026-02-17,
2025-10-24,2025-11-28,24,-0.034438298205787254,0.003484197424022728,-0.03792249562980998,True,True,51,QQQ,CRWD,2025-10-16,2026-02-17,
2025-10-28,2025-11-25,20,0.20567741859052613,-0.03796672499988141,0.24364414359040754,False,False,51,QQQ,GOOG,2025-10-16,2026-02-17,
2025-12-04,2025-12-09,3,-0.001358931309527689,0.003387220742358421,-0.00474615205188611,True,True,51,QQQ,GOOG,2025-10-16,2026-02-17,
2025-12-10,2026-02-17,45,-0.056635532648357634,-0.040686599047625505,-0.01594893360073213,True,True,51,QQQ,GOOG,2025-10-16,2026-02-17,True
2025-12-08,2026-02-04,39,-0.10041865596064814,-0.028432106473774477,-0.07198654948687366,True,True,51,QQQ,SNPS,2025-10-16,2026-02-17,
2025-12-15,2026-01-14,20,-0.13302005486819912,0.016064824783212694,-0.14908487965141182,True,True,51,QQQ,ADBE,2025-10-16,2026-02-17,
2025-11-07,2026-02-11,64,0.23505202786702784,0.006822440431991428,0.2282295874350364,False,False,51,QQQ,MAR,2025-10-16,2026-02-17,
2026-01-22,2026-02-17,17,0.07937051723571487,-0.03134871251603866,0.11071922975175352,False,False,51,QQQ,CMCSA,2025-10-16,2026-02-17,True
2025-12-17,2026-01-22,23,0.06950079761329064,0.035225681451927615,0.03427511616136303,False,False,51,QQQ,FAST,2025-10-16,2026-02-17,
2025-12-08,2026-02-17,47,0.07330078264655793,-0.03556949729756087,0.1088702799441188,False,False,51,QQQ,DXCM,2025-10-16,2026-02-17,True
2026-01-22,2026-02-13,16,-0.09159192482116352,-0.030349951653627305,-0.06124197316753621,True,True,51,QQQ,CPRT,2025-10-16,2026-02-17,
2025-11-28,2025-12-16,12,-0.032536288174063066,-0.012111544042320066,-0.020424744131743,True,True,51,QQQ,KHC,2025-10-16,2026-02-17,
2025-12-08,2025-12-30,15,-0.10522269477851065,-0.023638645085372056,-0.0815840496931386,True,True,52,SOX,ACLS,2025-12-05,2026-02-05,
2025-12-11,2025-12-24,9,-0.07672785521589265,-0.025217477923410447,-0.0515103772924822,True,True,52,SOX,CAMT,2025-12-05,2026-02-05,
2026-01-07,2026-02-05,20,0.06594648289420424,0.01828304037344508,0.04766344252075916,False,False,52,SOX,CAMT,2025-12-05,2026-02-05,True
2025-12-16,2026-01-06,13,0.2676712787992974,0.10854143584181286,0.15912984295748456,False,False,52,SOX,LRCX,2025-12-05,2026-02-05,
2025-12-08,2025-12-29,14,-0.09023023253274542,-0.022357924594988754,-0.06787230793775667,True,True,52,SOX,VECO,2025-12-05,2026-02-05,
2025-12-29,2026-01-12,9,0.1331174255653773,0.08197956337016277,0.051137862195214545,False,False,52,SOX,KLAC,2025-12-05,2026-02-05,
2026-01-14,2026-01-16,2,0.09293832731273244,0.031846922691452395,0.06109140462128004,False,False,52,SOX,KLAC,2025-12-05,2026-02-05,
2026-01-20,2026-01-21,1,0.022756228106193932,0.03198455457753302,-0.009228326471339088,False,True,52,SOX,KLAC,2025-12-05,2026-02-05,
2025-12-09,2026-01-29,34,0.028471268972632524,0.1584954800422682,-0.1300242110696357,False,True,52,SOX,NXPI,2025-12-05,2026-02-05,
2025-12-17,2026-01-08,14,0.3527213039513417,0.12042902975066272,0.232292274200679,False,False,52,SOX,UCTT,2025-12-05,2026-02-05,
2026-01-14,2026-01-15,1,0.05498788856776948,0.01602894886929529,0.03895893969847419,False,False,52,SOX,UCTT,2025-12-05,2026-02-05,
2026-01-20,2026-01-23,3,-0.0173971231872323,0.021816958087112148,-0.03921408127434445,True,True,52,SOX,UCTT,2025-12-05,2026-02-05,
2026-01-20,2026-01-21,1,0.025654715111482762,0.03198455457753302,-0.006329839466050258,False,True,52,SOX,ASML,2025-12-05,2026-02-05,
2026-02-03,2026-02-05,2,-0.03275348147486845,-0.042848129673473956,0.010094648198605505,True,False,52,SOX,ASML,2025-12-05,2026-02-05,True
2025-12-12,2026-02-05,36,0.18027275952514965,0.10629993578061692,0.07397282374453273,False,False,52,SOX,DIOD,2025-12-05,2026-02-05,True
2025-12-17,2025-12-26,6,0.05455264214950106,0.07295857888661472,-0.01840593673711366,False,True,52,SOX,ALGM,2025-12-05,2026-02-05,
2026-01-09,2026-01-30,14,0.17961005968190613,0.053287764409406746,0.12632229527249939,False,False,52,SOX,ALGM,2025-12-05,2026-02-05,
2026-02-05,2026-02-05,0,0.0,0.0,0.0,True,False,52,SOX,ALGM,2025-12-05,2026-02-05,True
2026-01-26,2026-02-05,8,-0.2340137604150906,-0.035677927281302146,-0.19833583313378844,True,True,52,SOX,AMD,2025-12-05,2026-02-05,
2026-01-29,2026-02-05,5,-0.022955722281658764,-0.08390337587513474,0.06094765359347598,True,False,52,SOX,MPWR,2025-12-05,2026-02-05,True
2025-12-08,2026-02-04,39,-0.10041865596064814,0.05788480969825893,-0.15830346565890707,True,True,52,SOX,SNPS,2025-12-05,2026-02-05,
2026-01-13,2026-02-05,16,0.039152304116872205,-0.007410674641978088,0.04656297875885029,False,False,52,SOX,COHU,2025-12-05,2026-02-05,True
2025-12-11,2026-02-04,36,-0.09763749728150506,0.051965224544144206,-0.14960272182564927,True,True,52,SOX,SITM,2025-12-05,2026-02-05,
2025-12-18,2026-02-05,32,0.30494900848745243,0.1328241380810986,0.17212487040635382,False,False,52,SOX,POWI,2025-12-05,2026-02-05,True
2026-01-22,2026-01-26,2,-0.08479598049462722,-0.016061050937261956,-0.06873492955736527,True,True,52,SOX,RMBS,2025-12-05,2026-02-05,
2026-02-09,2026-02-27,13,-0.03399938655387991,-0.001360703637587224,-0.03263868291629268,True,True,53,SOX,SMCI,2026-01-29,2026-02-27,True
2026-02-09,2026-02-12,3,0.013992780957545303,-0.0036000795706786493,0.017592860528223953,False,False,53,SOX,SITM,2026-01-29,2026-02-27,
2026-02-23,2026-02-27,4,0.004722090530727252,-0.01269554185085997,0.017417632381587222,False,False,53,SOX,SITM,2026-01-29,2026-02-27,True
2026-02-12,2026-02-27,10,0.04304766676273908,0.0022474669930989677,0.04080019976964011,False,False,53,SOX,ARM,2026-01-29,2026-02-27,True
2026-01-29,2026-02-27,20,-0.03415460026097794,-0.024478772624997536,-0.009675827635980405,True,True,53,SOX,MPWR,2026-01-29,2026-02-27,True
2026-02-17,2026-02-26,7,0.0010357565156304815,0.0076248645334657805,-0.006589108017835299,False,True,53,SOX,PLAB,2026-01-29,2026-02-27,
2026-02-05,2026-02-19,9,-0.06110825156971045,0.07559780290003904,-0.13670605446974948,True,True,53,SOX,ALGM,2026-01-29,2026-02-27,
2026-03-13,2026-04-07,16,-0.0058296763286797,-0.007390315080704535,0.0015606387520248344,True,False,54,QQQ,PLTR,2026-03-09,2026-04-07,True
2026-03-18,2026-03-27,7,-0.1386673161343014,-0.05313608289364269,-0.0855312332406587,True,True,54,QQQ,APP,2026-03-09,2026-04-07,
2026-03-24,2026-04-07,9,-0.04919636774341529,0.007894176517210472,-0.057090544260625764,True,True,54,QQQ,DDOG,2026-03-09,2026-04-07,
2026-03-16,2026-04-07,15,-0.024656984010516636,-0.018401370200543,-0.006255613809973637,True,True,54,QQQ,EXC,2026-03-09,2026-04-07,True
2025-12-18,2026-01-26,24,0.7743619813635219,0.17473629415880265,0.5996256872047192,False,False,55,SOX,ICHR,2025-09-29,2026-02-27,
2025-12-12,2026-02-12,41,0.4247875393091394,0.17542077181359583,0.24936676749554354,False,False,55,SOX,DIOD,2025-09-29,2026-02-27,
2026-01-29,2026-02-27,20,-0.03415460026097794,-0.024478772624997536,-0.009675827635980405,True,True,55,SOX,MPWR,2025-09-29,2026-02-27,True
2025-12-17,2026-02-09,35,0.44057057471909444,0.2367913212068813,0.20377925351221315,False,False,55,SOX,ENTG,2025-09-29,2026-02-27,
2025-12-03,2026-02-27,58,0.22815140682152624,0.14043891537370823,0.08771249144781801,False,False,55,SOX,SMTC,2025-09-29,2026-02-27,True
2025-11-05,2025-11-06,1,-0.017328045113835344,-0.02609088189312192,0.008762836779286576,True,False,55,SOX,LRCX,2025-09-29,2026-02-27,
2025-11-10,2025-11-17,5,-0.11366229642758885,-0.061059484619407356,-0.05260281180818149,True,True,55,SOX,LRCX,2025-09-29,2026-02-27,
2025-11-18,2025-11-19,1,0.038815951518385905,0.016715814691474318,0.022100136826911587,False,False,55,SOX,LRCX,2025-09-29,2026-02-27,
2025-12-16,2026-01-06,13,0.2676712787992974,0.10854143584181286,0.15912984295748456,False,False,55,SOX,LRCX,2025-09-29,2026-02-27,
2025-10-23,2025-11-19,19,-0.07992660506437055,-0.032467585026530243,-0.047459020037840305,True,True,55,SOX,INTC,2025-09-29,2026-02-27,
2025-10-01,2025-10-02,1,0.018341490603585475,0.01936026386167855,-0.0010187732580930753,False,True,55,SOX,FORM,2025-09-29,2026-02-27,
2025-12-04,2026-01-26,34,0.29032261497604295,0.12176002659587226,0.16856258838017069,False,False,55,SOX,FORM,2025-09-29,2026-02-27,
2025-12-05,2026-02-27,56,0.21446842014045808,0.14029140619414426,0.07417701394631382,False,False,55,SOX,ON,2025-09-29,2026-02-27,True
2025-12-09,2026-01-29,34,0.028471268972632524,0.1584954800422682,-0.1300242110696357,False,True,55,SOX,NXPI,2025-09-29,2026-02-27,
2025-12-17,2026-01-08,14,0.3527213039513417,0.12042902975066272,0.232292274200679,False,False,55,SOX,UCTT,2025-09-29,2026-02-27,
2026-01-14,2026-01-15,1,0.05498788856776948,0.01602894886929529,0.03895893969847419,False,False,55,SOX,UCTT,2025-09-29,2026-02-27,
2026-01-20,2026-01-23,3,-0.0173971231872323,0.021816958087112148,-0.03921408127434445,True,True,55,SOX,UCTT,2025-09-29,2026-02-27,
2025-10-30,2025-11-05,4,0.06022054668867338,0.00019645086123820654,0.060024095827435175,False,False,55,SOX,MU,2025-09-29,2026-02-27,
2025-12-22,2026-02-04,29,0.3643140816726327,0.08734863317384889,0.2769654484987838,False,False,55,SOX,TER,2025-09-29,2026-02-27,
2025-12-04,2026-01-28,36,0.21846713230070836,0.17862119022921363,0.03984594207149472,False,False,55,SOX,GFS,2025-09-29,2026-02-27,
2026-01-26,2026-02-05,8,-0.2340137604150906,-0.035677927281302146,-0.19833583313378844,True,True,55,SOX,AMD,2025-09-29,2026-02-27,
2025-12-04,2026-02-12,47,0.3161018151378532,0.14932417475278137,0.1667776403850718,False,False,55,SOX,LSCC,2025-09-29,2026-02-27,
2025-09-30,2025-10-08,6,0.11461202224050138,0.07531728649404057,0.03929473574646081,False,False,55,SOX,CAMT,2025-09-29,2026-02-27,
2025-10-09,2025-10-10,1,-0.03549514002212595,-0.06271764035575667,0.027222500333630717,True,False,55,SOX,CAMT,2025-09-29,2026-02-27,
2025-10-17,2025-11-17,21,-0.20583123840432227,-0.01599749518562188,-0.1898337432187004,True,True,55,SOX,CAMT,2025-09-29,2026-02-27,
2025-12-11,2025-12-24,9,-0.07672785521589265,-0.025217477923410447,-0.0515103772924822,True,True,55,SOX,CAMT,2025-09-29,2026-02-27,
2026-01-07,2026-02-27,35,0.26446588015937933,0.08433618812774513,0.1801296920316342,False,False,55,SOX,CAMT,2025-09-29,2026-02-27,True
2025-11-24,2025-11-26,2,0.05346192975540798,0.03073936690506085,0.022722562850347128,False,False,55,SOX,COHU,2025-09-29,2026-02-27,
2025-12-04,2025-12-29,16,-0.06685230616521431,-0.001673829757648293,-0.06517847640756602,True,True,55,SOX,COHU,2025-09-29,2026-02-27,
2026-01-13,2026-02-17,23,0.08728449324199805,0.06240639036861606,0.02487810287338199,False,False,55,SOX,COHU,2025-09-29,2026-02-27,
2025-12-18,2026-02-27,47,0.33075905781537274,0.20630724366720998,0.12445181414816275,False,False,55,SOX,POWI,2025-09-29,2026-02-27,True
2025-12-08,2025-12-29,14,-0.09023023253274542,-0.022357924594988754,-0.06787230793775667,True,True,55,SOX,VECO,2025-09-29,2026-02-27,
2026-02-27,2026-02-27,0,0.0,0.0,0.0,True,False,55,SOX,SWKS,2025-09-29,2026-02-27,True
2025-12-05,2026-01-08,22,0.032376430509373444,0.03441574732231256,-0.002039316812939118,False,True,55,SOX,TXN,2025-09-29,2026-02-27,
2025-10-21,2025-10-23,2,0.010929294907651377,-0.0009267016196169431,0.01185599652726832,False,False,55,SOX,AMAT,2025-09-29,2026-02-27,
2025-11-06,2025-11-26,14,0.07249601669336414,-0.02053774900610439,0.09303376569946853,False,False,55,SOX,AMAT,2025-09-29,2026-02-27,
2025-11-28,2025-12-03,3,0.0649356193714099,0.042528812428302754,0.02240680694310715,False,False,55,SOX,AMAT,2025-09-29,2026-02-27,
2025-12-04,2026-02-02,39,0.2188242301861325,0.15321515964715715,0.06560907053897536,False,False,55,SOX,AMAT,2025-09-29,2026-02-27,
2025-12-03,2026-01-09,25,0.11653754376066727,0.06433205096544503,0.05220549279522224,False,False,55,SOX,ASML,2025-09-29,2026-02-27,
2026-01-20,2026-01-21,1,0.025654715111482762,0.03198455457753302,-0.006329839466050258,False,True,55,SOX,ASML,2025-09-29,2026-02-27,
2026-02-03,2026-02-27,17,0.0405432051554,0.019239611560825987,0.02130359359457401,False,False,55,SOX,ASML,2025-09-29,2026-02-27,True
2025-12-11,2026-02-04,36,-0.09763749728150506,0.051965224544144206,-0.14960272182564927,True,True,55,SOX,SITM,2025-09-29,2026-02-27,
2026-02-09,2026-02-12,3,0.013992780957545303,-0.0036000795706786493,0.017592860528223953,False,False,55,SOX,SITM,2025-09-29,2026-02-27,
2026-02-23,2026-02-27,4,0.004722090530727252,-0.01269554185085997,0.017417632381587222,False,False,55,SOX,SITM,2025-09-29,2026-02-27,True
2026-06-04,2026-06-08,2,-0.035551819885086045,-0.03313484864160332,-0.002416971243482724,True,True,56,QQQ,LRCX,2026-05-13,2026-07-14,
2026-07-14,2026-07-14,0,0.0,0.0,0.0,True,False,56,QQQ,PCAR,2026-05-13,2026-07-14,True
2026-05-26,2026-06-24,20,-0.049459996316075894,-0.025851894455166224,-0.02360810186090967,True,True,56,QQQ,AAPL,2026-05-13,2026-07-14,
2026-06-03,2026-06-18,11,-0.06362790997120438,-0.004823907744591183,-0.058804002226613195,True,True,56,QQQ,ODFL,2026-05-13,2026-07-14,
2026-06-29,2026-07-02,3,0.06962003925138838,-0.01585465864676916,0.08547469789815754,False,False,56,QQQ,LIN,2026-05-13,2026-07-14,
2026-06-02,2026-06-04,2,0.0019282913099329946,-0.007438052059240086,0.00936634336917308,False,False,56,QQQ,HOOD,2026-05-13,2026-07-14,
2026-06-30,2026-07-02,2,0.12415242051445907,-0.03231945687001059,0.15647187738446966,False,False,56,QQQ,HOOD,2026-05-13,2026-07-14,
2026-07-06,2026-07-14,6,-0.03487882600658354,-0.004330268740622367,-0.030548557265961174,True,True,56,QQQ,HOOD,2026-05-13,2026-07-14,True
2026-07-06,2026-07-14,6,0.060148083811067954,-0.004330268740622367,0.06447835255169032,False,False,56,QQQ,DDOG,2026-05-13,2026-07-14,True
2026-06-10,2026-07-14,22,0.07455326301955223,0.03862082961586788,0.03593243340368435,False,False,56,QQQ,MNST,2026-05-13,2026-07-14,True
2026-04-01,2026-05-05,23,0.690024253931909,0.4259171209560162,0.26410713297589283,False,False,57,SOX,AMD,2026-03-16,2026-07-15,
2026-05-01,2026-05-11,6,0.054071354133128136,0.14387550598343357,-0.08980415185030544,False,True,57,SOX,MCHP,2026-03-16,2026-07-15,
2026-03-24,2026-03-25,1,0.016745074020223072,0.012403978462632859,0.004341095557590213,False,False,57,SOX,DIOD,2026-03-16,2026-07-15,
2026-04-29,2026-05-13,10,0.009504941430422242,0.17400390127120047,-0.16449895984077822,False,True,57,SOX,DIOD,2026-03-16,2026-07-15,
2026-04-17,2026-04-21,2,0.08773637648678201,0.012003581207328029,0.07573279527945398,False,False,57,SOX,COHU,2026-03-16,2026-07-15,
2026-04-23,2026-05-13,14,0.078779902932403,0.19793650284837905,-0.11915659991597605,False,True,57,SOX,COHU,2026-03-16,2026-07-15,
2026-05-07,2026-05-08,1,0.060052566459242396,0.05674713757179872,0.0033054288874436732,False,False,57,SOX,AMKR,2026-03-16,2026-07-15,
2026-04-27,2026-05-20,17,-0.06960948143325107,0.1425089596315101,-0.2121184410647612,True,True,57,SOX,ICHR,2026-03-16,2026-07-15,
2026-04-30,2026-05-08,6,0.023707959999297756,0.12755721140514154,-0.10384925140584378,False,True,57,SOX,ON,2026-03-16,2026-07-15,
2026-05-11,2026-05-12,1,-0.02918684554054274,-0.03147767169073823,0.0022908261501954907,True,False,57,SOX,ON,2026-03-16,2026-07-15,
2026-03-25,2026-03-27,2,-0.06516949271634676,-0.06305569032017067,-0.00211380239617609,True,True,57,SOX,KLAC,2026-03-16,2026-07-15,
2026-04-13,2026-04-20,5,0.08645048699317237,0.06154982668039133,0.024900660312781042,False,False,57,SOX,MPWR,2026-03-16,2026-07-15,
2026-04-21,2026-06-08,33,0.020439280339666688,0.35833131032070287,-0.3378920299810362,False,True,57,SOX,MPWR,2026-03-16,2026-07-15,
2026-03-30,2026-05-27,40,0.2548976652938941,0.8205233964701306,-0.5656257311762365,False,True,57,SOX,CRUS,2026-03-16,2026-07-15,
2026-03-25,2026-04-09,10,0.07327713933029734,0.09668359365258361,-0.023406454322286274,False,True,57,SOX,ACLS,2026-03-16,2026-07-15,
2026-04-14,2026-04-16,2,0.05041575005061061,0.011738608229505232,0.038677141821105376,False,False,57,SOX,ACLS,2026-03-16,2026-07-15,
2026-04-23,2026-05-07,10,0.13442015565361265,0.11646253912310933,0.017957616530503318,False,False,57,SOX,ACLS,2026-03-16,2026-07-15,
2026-04-29,2026-05-13,10,0.043113263876469965,0.17400390127120047,-0.1308906373947305,False,True,57,SOX,ALGM,2026-03-16,2026-07-15,
2026-03-16,2026-03-17,1,-0.024536573565728914,0.007783904895176663,-0.03232047846090558,True,True,57,SOX,WOLF,2026-03-16,2026-07-15,
2026-04-13,2026-05-04,15,0.48819872440628354,0.17470897543066366,0.3134897489756199,False,False,57,SOX,WOLF,2026-03-16,2026-07-15,
2026-04-30,2026-05-06,4,0.2889436375495966,0.09845269285858294,0.19049094469101369,False,False,57,SOX,MU,2026-03-16,2026-07-15,
2026-04-14,2026-05-08,18,0.867724870258902,0.2967301069763846,0.5709947632825174,False,False,57,SOX,SITM,2026-03-16,2026-07-15,
2026-03-19,2026-03-24,3,0.10967403230836048,0.0024102564056540654,0.10726377590270642,False,False,57,SOX,FORM,2026-03-16,2026-07-15,
2026-04-27,2026-04-28,1,-0.0677412665611885,-0.036670261961282424,-0.031071004599906082,True,True,57,SOX,FORM,2026-03-16,2026-07-15,
2026-04-17,2026-05-12,17,0.22625571398872268,0.2412257482637461,-0.014970034275023414,False,True,57,SOX,SMTC,2026-03-16,2026-07-15,
2026-05-15,2026-05-26,6,0.19485620054598618,0.12107696336908047,0.07377923717690571,False,False,57,SOX,SMTC,2026-03-16,2026-07-15,
2026-05-27,2026-06-02,4,0.05998732899260251,0.07276862733548861,-0.012781298342886105,False,True,57,SOX,SMTC,2026-03-16,2026-07-15,
2026-04-16,2026-06-05,35,-0.031972319422038264,0.32964662072152406,-0.36161894014356233,True,True,57,SOX,AVGO,2026-03-16,2026-07-15,
2026-05-04,2026-05-06,2,0.06715874158105195,0.0969787352589564,-0.029819993677904444,False,True,57,SOX,GFS,2026-03-16,2026-07-15,
2025-12-15,2026-01-14,20,-0.13302005486819912,0.016064824783212694,-0.14908487965141182,True,True,58,QQQ,ADBE,2025-10-21,2026-03-23,
2025-11-03,2025-11-28,18,-0.0993903099554041,-0.02029809145102246,-0.07909221850438164,True,True,58,QQQ,MDB,2025-10-21,2026-03-23,
2026-01-02,2026-01-23,14,-0.002402080494781078,0.015657632332418014,-0.018059712827199093,True,True,58,QQQ,MDB,2025-10-21,2026-03-23,
2025-12-22,2026-01-20,18,-0.11565832190209846,-0.01800678928802979,-0.09765153261406867,True,True,58,QQQ,QCOM,2025-10-21,2026-03-23,
2026-02-04,2026-03-23,32,0.07460770569386121,-0.02807843633133178,0.102686142025193,False,False,58,QQQ,AEP,2025-10-21,2026-03-23,True
2025-11-28,2025-12-11,9,0.07575959175778646,0.010222113890496987,0.06553747786728947,False,False,58,QQQ,GEHC,2025-10-21,2026-03-23,
2025-12-12,2025-12-15,1,0.005836082097182116,-0.005019386618356658,0.010855468715538774,False,False,58,QQQ,GEHC,2025-10-21,2026-03-23,
2025-12-17,2026-01-26,25,-0.025226104227521806,0.043063813376062354,-0.06828991760358416,True,True,58,QQQ,GEHC,2025-10-21,2026-03-23,
2026-02-27,2026-03-09,6,-0.10252748093318809,0.0007738957956664461,-0.10330137672885453,True,True,58,QQQ,GEHC,2025-10-21,2026-03-23,
2026-01-06,2026-03-05,40,0.14557678347993708,-0.023274856693567436,0.1688516401735045,False,False,58,QQQ,ROST,2025-10-21,2026-03-23,
2025-12-31,2026-02-10,27,0.08002065227562971,-0.004623078344152987,0.0846437306197827,False,False,58,QQQ,LIN,2025-10-21,2026-03-23,
2026-02-24,2026-02-27,3,0.008095247295220487,-0.000954117707327562,0.009049365002548049,False,False,58,QQQ,LIN,2025-10-21,2026-03-23,
2026-03-10,2026-03-23,9,0.00358983096315324,-0.03130886518122611,0.03489869614437935,False,False,58,QQQ,LIN,2025-10-21,2026-03-23,True
2025-10-28,2025-11-25,20,0.2092570520279189,-0.03796672499988141,0.2472237770278003,False,False,58,QQQ,GOOGL,2025-10-21,2026-03-23,
2025-12-10,2026-02-18,46,-0.052715425831145524,-0.03352314647665633,-0.019192279354489195,True,True,58,QQQ,GOOGL,2025-10-21,2026-03-23,
2025-11-28,2025-12-16,12,-0.032536288174063066,-0.012111544042320066,-0.020424744131743,True,True,58,QQQ,KHC,2025-10-21,2026-03-23,
2026-03-03,2026-03-11,6,-0.0285542269843172,0.010156545241017279,-0.03871077222533448,True,True,58,QQQ,KHC,2025-10-21,2026-03-23,
2025-10-31,2025-11-03,1,0.024006089412129006,0.004784903321815692,0.019221186090313314,False,False,58,QQQ,LRCX,2025-10-21,2026-03-23,
2025-11-05,2025-11-06,1,-0.017328045113835344,-0.0186273637779365,0.0012993186641011567,True,False,58,QQQ,LRCX,2025-10-21,2026-03-23,
2025-11-10,2025-11-17,5,-0.11366229642758885,-0.031400932470125875,-0.08226136395746297,True,True,58,QQQ,LRCX,2025-10-21,2026-03-23,
2025-12-16,2026-01-06,13,0.2676712787992974,0.020389460341899923,0.2472818184573975,False,False,58,QQQ,LRCX,2025-10-21,2026-03-23,
2025-11-26,2025-12-02,3,-0.05430719468948686,0.012584003385864406,-0.06689119807535127,True,True,58,QQQ,REGN,2025-10-21,2026-03-23,
2026-01-02,2026-01-26,15,-0.017596049330081964,0.020126637273099712,-0.03772268660318168,True,True,58,QQQ,REGN,2025-10-21,2026-03-23,
2026-02-13,2026-03-17,21,-0.05379547346504132,0.0023093674166867473,-0.05610484088172807,True,True,58,QQQ,REGN,2025-10-21,2026-03-23,
2025-12-17,2026-01-22,23,0.06950079761329064,0.035225681451927615,0.03427511616136303,False,False,58,QQQ,FAST,2025-10-21,2026-03-23,
2026-03-18,2026-03-23,3,-0.004185420573144194,-0.010352346933045875,0.006166926359901681,True,False,58,QQQ,ADSK,2025-10-21,2026-03-23,True
2026-01-22,2026-02-13,16,-0.09159192482116352,-0.030349951653627305,-0.06124197316753621,True,True,58,QQQ,CPRT,2025-10-21,2026-03-23,
2025-11-10,2025-11-12,2,-0.10203896890207653,-0.00344973057365372,-0.09858923832842281,True,True,58,QQQ,APP,2025-10-21,2026-03-23,
2025-12-05,2026-01-15,27,-0.12277077767913103,-0.0046347074291354096,-0.11813607024999562,True,True,58,QQQ,APP,2025-10-21,2026-03-23,
2026-03-18,2026-03-23,3,0.037011104710520604,-0.010352346933045875,0.04736345164356648,False,False,58,QQQ,APP,2025-10-21,2026-03-23,True
2025-11-20,2025-11-21,1,-0.019087687890487315,0.00751273835218047,-0.026600426242667785,True,True,58,QQQ,AVGO,2025-10-21,2026-03-23,
2025-10-30,2025-11-05,4,0.06022054668867338,-0.004424516821295188,0.06464506350996857,False,False,58,QQQ,MU,2025-10-21,2026-03-23,
2025-12-05,2026-03-11,64,0.0822067932411148,-0.027190551280736663,0.10939734452185146,False,False,58,QQQ,ON,2025-10-21,2026-03-23,
2026-01-06,2026-01-22,11,0.08587874657983385,-0.004266808452007886,0.09014555503184174,False,False,58,QQQ,HON,2025-10-21,2026-03-23,
2026-01-23,2026-01-29,4,0.026099458449530877,0.010775243378025046,0.015324215071505831,False,False,58,QQQ,HON,2025-10-21,2026-03-23,
2026-02-20,2026-03-20,20,-0.08759399792075884,-0.043938120305549666,-0.04365587761520917,True,True,58,QQQ,HON,2025-10-21,2026-03-23,
2025-11-10,2025-11-18,6,-0.011197883298774358,-0.043194318604247495,0.031996435305473137,True,False,58,QQQ,CTSH,2025-10-21,2026-03-23,
2025-11-19,2025-11-24,3,0.03638128558966813,0.008818584751740133,0.027562700837928,False,False,58,QQQ,CTSH,2025-10-21,2026-03-23,
2025-11-28,2026-02-03,44,-0.04130743681928761,-0.003125869286254357,-0.038181567533033256,True,True,58,QQQ,CTSH,2025-10-21,2026-03-23,
2025-11-07,2026-02-11,64,0.23505202786702784,0.006822440431991428,0.2282295874350364,False,False,58,QQQ,MAR,2025-10-21,2026-03-23,
2026-01-08,2026-01-22,9,-0.004960795879321189,0.0004673711349811871,-0.005428167014302376,True,True,58,QQQ,VRTX,2025-10-21,2026-03-23,
2026-02-13,2026-02-17,1,-0.028791164997535756,-0.0010300219796973709,-0.027761143017838386,True,True,58,QQQ,VRTX,2025-10-21,2026-03-23,
2026-03-26,2026-03-27,1,-0.010988997554918778,-0.016329574411627412,0.005340576856708634,True,False,59,SOX,POWI,2026-01-28,2026-03-27,
2026-03-25,2026-03-27,2,-0.03470500796188036,-0.06305569032017067,0.028350682358290302,True,False,59,SOX,ACLS,2026-01-28,2026-03-27,True
2026-02-17,2026-02-26,7,0.0010357565156304815,0.0076248645334657805,-0.006589108017835299,False,True,59,SOX,PLAB,2026-01-28,2026-03-27,
2026-03-03,2026-03-10,5,-0.20479618127770405,0.012037747739962246,-0.2168339290176663,True,True,59,SOX,WOLF,2026-01-28,2026-03-27,
2026-03-16,2026-03-17,1,-0.024536573565728914,0.007783904895176663,-0.03232047846090558,True,True,59,SOX,WOLF,2026-01-28,2026-03-27,
2026-02-03,2026-03-12,26,-0.030459093713758878,-0.04469970882795249,0.014240615114193611,True,False,59,SOX,ASML,2026-01-28,2026-03-27,
2026-03-19,2026-03-24,3,0.10967403230836048,0.0024102564056540654,0.10726377590270642,False,False,59,SOX,FORM,2026-01-28,2026-03-27,
2026-03-13,2026-03-27,10,0.01443346145705049,-0.023061341784157863,0.03749480324120835,False,False,59,SOX,SLAB,2026-01-28,2026-03-27,True
2026-03-23,2026-03-25,2,0.16962021007272,0.02572861426182138,0.1438915958108986,False,False,59,SOX,VECO,2026-01-28,2026-03-27,
2026-02-09,2026-03-19,27,-0.08171780386289029,-0.035038118667871876,-0.04667968519501842,True,True,59,SOX,SMCI,2026-01-28,2026-03-27,
2026-01-22,2026-02-13,16,-0.09159192482116352,-0.030349951653627305,-0.06124197316753621,True,True,60,QQQ,CPRT,2026-01-15,2026-05-15,
2026-03-27,2026-03-30,1,0.014799290337322635,-0.007643371872404492,0.022442662209727127,False,False,60,QQQ,TMUS,2026-01-15,2026-05-15,
2026-04-24,2026-05-01,5,0.11947884084369909,0.015469665634920027,0.10400917520877906,False,False,60,QQQ,GOOG,2026-01-15,2026-05-15,
2026-03-18,2026-03-27,7,-0.1386673161343014,-0.05313608289364269,-0.0855312332406587,True,True,60,QQQ,APP,2026-01-15,2026-05-15,
2026-05-07,2026-05-15,6,0.00426965923719691,0.020131274751837624,-0.015861615514640715,False,True,60,QQQ,APP,2026-01-15,2026-05-15,True
2026-01-23,2026-01-29,4,0.026099458449530877,0.010775243378025046,0.015324215071505831,False,False,60,QQQ,HON,2026-01-15,2026-05-15,
2026-02-20,2026-03-20,20,-0.08759399792075884,-0.043938120305549666,-0.04365587761520917,True,True,60,QQQ,HON,2026-01-15,2026-05-15,
2026-02-13,2026-03-17,21,-0.05379547346504132,0.0023093674166867473,-0.05610484088172807,True,True,60,QQQ,REGN,2026-01-15,2026-05-15,
2026-03-13,2026-04-10,19,-0.1516396147891078,0.03052039379704019,-0.182160008586148,True,True,60,QQQ,PLTR,2026-01-15,2026-05-15,
2026-02-13,2026-02-17,1,-0.028791164997535756,-0.0010300219796973709,-0.027761143017838386,True,True,60,QQQ,VRTX,2026-01-15,2026-05-15,
2026-01-16,2026-01-22,3,0.01030794034788296,-0.0008048453402970113,0.011112785688179971,False,False,60,QQQ,MCHP,2026-01-15,2026-05-15,
2026-01-28,2026-01-29,1,-0.011459919057512424,-0.005985274152202957,-0.005474644905309467,True,True,60,QQQ,MCHP,2026-01-15,2026-05-15,
2026-02-05,2026-03-05,19,-0.12597034314110644,0.01989845570571558,-0.14586879884682202,True,True,60,QQQ,MCHP,2026-01-15,2026-05-15,
2026-04-15,2026-04-24,7,0.20069813111837465,0.041543764016174656,0.1591543671022,False,False,60,QQQ,MCHP,2026-01-15,2026-05-15,
2026-04-28,2026-05-11,9,0.17529072098002252,0.08476915753075809,0.09052156344926443,False,False,60,QQQ,MCHP,2026-01-15,2026-05-15,
2026-02-05,2026-03-19,29,-0.06110865057523607,-0.006716572919519881,-0.05439207765571619,True,True,60,QQQ,CTAS,2026-01-15,2026-05-15,
2026-04-14,2026-04-24,8,0.14621345218923,0.056124823526712886,0.0900886286625171,False,False,60,QQQ,ADI,2026-01-15,2026-05-15,
2026-04-30,2026-05-01,1,-0.011360833761244526,0.009599622702352262,-0.02096045646359679,True,True,60,QQQ,ADI,2026-01-15,2026-05-15,
2026-05-07,2026-05-15,6,0.02195738128525515,0.020131274751837624,0.0018261065334175264,False,False,60,QQQ,ADI,2026-01-15,2026-05-15,True
2026-05-12,2026-05-15,3,-0.021024547617849887,0.002389608369979257,-0.023414155987829144,True,True,60,QQQ,SNPS,2026-01-15,2026-05-15,True
2026-04-13,2026-04-23,8,0.024140623943614825,0.05511908199885718,-0.030978458055242353,False,True,60,QQQ,MAR,2026-01-15,2026-05-15,
2026-03-24,2026-04-07,9,-0.04919636774341529,0.007894176517210472,-0.057090544260625764,True,True,60,QQQ,DDOG,2026-01-15,2026-05-15,
2026-05-05,2026-05-06,1,-0.013861175275462823,0.02077436440402569,-0.034635539679488514,True,True,60,QQQ,DDOG,2026-01-15,2026-05-15,
2026-03-27,2026-05-14,33,0.033264517359387735,0.27944456035623455,-0.24618004299684682,False,True,60,QQQ,PYPL,2026-01-15,2026-05-15,
2026-03-27,2026-05-07,28,-0.0057422941550099305,0.23527311744198265,-0.24101541159699258,True,True,60,QQQ,EA,2026-01-15,2026-05-15,
2026-02-05,2026-02-11,4,0.04304746533166215,0.026933308821864177,0.016114156509797972,False,False,60,QQQ,GILD,2026-01-15,2026-05-15,
2026-02-27,2026-03-12,9,-0.11126240140257004,-0.016516056524414013,-0.09474634487815603,True,True,60,QQQ,DXCM,2026-01-15,2026-05-15,
2026-03-18,2026-04-01,10,-0.1264940174169049,-0.01656293237618478,-0.10993108504072013,True,True,60,QQQ,MSTR,2026-01-15,2026-05-15,
2026-04-20,2026-05-15,19,0.03869797262940722,0.09607454587811448,-0.05737657324870726,False,True,60,QQQ,MSTR,2026-01-15,2026-05-15,True
2026-02-02,2026-02-04,2,0.07074735461867543,-0.03256471827870244,0.10331207289737787,False,False,60,QQQ,PEP,2026-01-15,2026-05-15,
2026-03-16,2026-03-25,7,-0.06446518837154436,-0.019685525605969145,-0.04477966276557521,True,True,60,QQQ,SHOP,2026-01-15,2026-05-15,
2026-02-24,2026-02-27,3,0.008095247295220487,-0.000954117707327562,0.009049365002548049,False,False,60,QQQ,LIN,2026-01-15,2026-05-15,
2026-03-10,2026-03-26,12,0.040202302039518356,-0.054718993799932725,0.09492129583945108,False,False,60,QQQ,LIN,2026-01-15,2026-05-15,
2026-03-27,2026-05-12,31,0.02596106753081595,0.2571366756404476,-0.23117560810963167,False,True,60,QQQ,LIN,2026-01-15,2026-05-15,
2026-02-04,2026-03-20,31,-0.03900359198738079,-0.039108482301387304,0.00010489031400651161,True,False,60,QQQ,CSX,2026-01-15,2026-05-15,
2026-04-13,2026-04-24,9,0.0722550048021886,0.0753008596215401,-0.00304585481935149,False,True,60,QQQ,CSX,2026-01-15,2026-05-15,
2026-03-03,2026-03-20,13,-0.0714877681595284,-0.03244785859306576,-0.03903990956646264,True,True,60,QQQ,CHTR,2026-01-15,2026-05-15,
2025-12-03,2026-01-09,25,0.11653754376066727,0.006314735867198662,0.11022280789346861,False,False,61,QQQ,ASML,2025-11-11,2026-01-12,
2025-11-26,2025-12-02,3,-0.05430719468948686,0.012584003385864406,-0.06689119807535127,True,True,61,QQQ,REGN,2025-11-11,2026-01-12,
2026-01-02,2026-01-12,6,-0.010704513641327296,0.022915586925723375,-0.03362010056705067,True,True,61,QQQ,REGN,2025-11-11,2026-01-12,True
2025-12-04,2026-01-12,25,0.061468735603112945,0.008087536522391803,0.05338119908072114,False,False,61,QQQ,GFS,2025-11-11,2026-01-12,True
2025-11-28,2025-12-11,9,0.07575959175778646,0.010222113890496987,0.06553747786728947,False,False,61,QQQ,GEHC,2025-11-11,2026-01-12,
2025-12-12,2025-12-15,1,0.005836082097182116,-0.005019386618356658,0.010855468715538774,False,False,61,QQQ,GEHC,2025-11-11,2026-01-12,
2025-12-17,2026-01-12,16,0.05528661664232848,0.04591547154642006,0.009371145095908417,False,False,61,QQQ,GEHC,2025-11-11,2026-01-12,True
2025-11-19,2025-11-24,3,0.03638128558966813,0.008818584751740133,0.027562700837928,False,False,61,QQQ,CTSH,2025-11-11,2026-01-12,
2025-11-28,2026-01-12,29,0.09676998461405306,0.014094456471288375,0.08267552814276469,False,False,61,QQQ,CTSH,2025-11-11,2026-01-12,True
2025-12-05,2026-01-12,24,0.07325535620344392,0.003993704954150967,0.06926165124929295,False,False,61,QQQ,ON,2025-11-11,2026-01-12,True
2025-12-15,2026-01-12,18,-0.06692296855607405,0.02856166174460073,-0.09548463030067478,True,True,61,QQQ,ADBE,2025-11-11,2026-01-12,True
2025-12-11,2026-01-12,20,-0.05195154663880408,0.003833159586933421,-0.0557847062257375,True,True,61,QQQ,CSX,2025-11-11,2026-01-12,True
2025-12-11,2025-12-24,9,-0.052678601484619336,-0.0013526955303078125,-0.051325905954311524,True,True,61,QQQ,CDNS,2025-11-11,2026-01-12,
2025-11-20,2025-12-15,16,-0.03535385356979026,0.042464172322200344,-0.0778180258919906,True,True,61,QQQ,GILD,2025-11-11,2026-01-12,
2025-12-31,2026-01-12,7,0.04043236938037187,0.020934066782224647,0.01949830259814722,False,False,61,QQQ,LIN,2025-11-11,2026-01-12,True
2025-12-16,2026-01-12,17,-0.023099908584029438,0.026527286917432225,-0.04962719550146166,True,True,61,QQQ,META,2025-11-11,2026-01-12,True
2025-12-09,2026-01-12,22,0.04974542728290143,0.0046844485188437535,0.04506097876405768,False,False,61,QQQ,NXPI,2025-11-11,2026-01-12,True
2025-12-05,2025-12-12,5,-0.14639581390548684,-0.018961528980412368,-0.12743428492507447,True,True,61,QQQ,MRVL,2025-11-11,2026-01-12,
2025-11-20,2025-12-22,21,0.04997924342620075,0.058629942697680404,-0.008650699271479656,False,True,61,QQQ,ISRG,2025-11-11,2026-01-12,
2026-01-09,2026-01-12,1,-0.023011037218702457,0.0008297496946161331,-0.02384078691331859,True,True,61,QQQ,ISRG,2025-11-11,2026-01-12,True
2026-01-08,2026-01-12,2,0.0717587136740796,0.010798245248171634,0.060960468425907965,False,False,61,QQQ,INTC,2025-11-11,2026-01-12,
2026-06-29,2026-07-02,3,0.007916990360761433,-0.01585465864676916,0.023771649007530593,False,False,62,QQQ,GEHC,2026-06-03,2026-07-02,True
2026-06-29,2026-07-02,3,0.06962003925138838,-0.01585465864676916,0.08547469789815754,False,False,62,QQQ,LIN,2026-06-03,2026-07-02,
2026-06-10,2026-07-02,15,0.05343674963133216,0.028388855363557397,0.025047894267774762,False,False,62,QQQ,CSX,2026-06-03,2026-07-02,True
2026-06-10,2026-06-29,12,-0.03772400918146546,0.04495628049154843,-0.08268028967301388,True,True,62,QQQ,IDXX,2026-06-03,2026-07-02,
2026-06-04,2026-06-08,2,-0.018995412691686808,-0.03313484864160332,0.014139435949916512,True,False,62,QQQ,AMAT,2026-06-03,2026-07-02,
2026-06-08,2026-07-02,17,0.08220282303256599,-0.0037523000693220343,0.08595512310188802,False,False,62,QQQ,AMGN,2026-06-03,2026-07-02,True
2026-06-25,2026-07-02,5,0.024171145842037056,-0.0052765700760916134,0.02944771591812867,False,False,62,QQQ,EXC,2026-06-03,2026-07-02,True
2026-06-25,2026-07-02,5,0.011021857714131,-0.0052765700760916134,0.016298427790222614,False,False,62,QQQ,AEP,2026-06-03,2026-07-02,True
2026-06-10,2026-07-02,15,0.05583313348278107,0.028388855363557397,0.027444278119223675,False,False,62,QQQ,FAST,2026-06-03,2026-07-02,True
2026-03-26,2026-03-27,1,-0.010988997554918778,-0.016329574411627412,0.005340576856708634,True,False,63,SOX,POWI,2026-02-04,2026-06-04,
2026-04-09,2026-04-22,9,0.3151814994078683,0.14034809446515828,0.17483340494271005,False,False,63,SOX,POWI,2026-02-04,2026-06-04,
2026-02-05,2026-02-19,9,-0.06110825156971045,0.07559780290003904,-0.13670605446974948,True,True,63,SOX,ALGM,2026-02-04,2026-06-04,
2026-04-29,2026-05-13,10,0.043113263876469965,0.17400390127120047,-0.1308906373947305,False,True,63,SOX,ALGM,2026-02-04,2026-06-04,
2026-03-24,2026-03-25,1,0.016745074020223072,0.012403978462632859,0.004341095557590213,False,False,63,SOX,DIOD,2026-02-04,2026-06-04,
2026-04-29,2026-05-13,10,0.009504941430422242,0.17400390127120047,-0.16449895984077822,False,True,63,SOX,DIOD,2026-02-04,2026-06-04,
2026-05-07,2026-05-08,1,0.060052566459242396,0.05674713757179872,0.0033054288874436732,False,False,63,SOX,AMKR,2026-02-04,2026-06-04,
2026-04-30,2026-05-08,6,0.023707959999297756,0.12755721140514154,-0.10384925140584378,False,True,63,SOX,ON,2026-02-04,2026-06-04,
2026-05-11,2026-05-12,1,-0.02918684554054274,-0.03147767169073823,0.0022908261501954907,True,False,63,SOX,ON,2026-02-04,2026-06-04,
2026-04-01,2026-05-05,23,0.690024253931909,0.4259171209560162,0.26410713297589283,False,False,63,SOX,AMD,2026-02-04,2026-06-04,
2026-03-25,2026-04-09,10,0.07327713933029734,0.09668359365258361,-0.023406454322286274,False,True,63,SOX,ACLS,2026-02-04,2026-06-04,
2026-04-14,2026-04-16,2,0.05041575005061061,0.011738608229505232,0.038677141821105376,False,False,63,SOX,ACLS,2026-02-04,2026-06-04,
2026-04-23,2026-05-07,10,0.13442015565361265,0.11646253912310933,0.017957616530503318,False,False,63,SOX,ACLS,2026-02-04,2026-06-04,
2026-03-26,2026-04-21,17,0.7332742339759895,0.279306748845612,0.45396748513037743,False,False,63,SOX,AOSL,2026-02-04,2026-06-04,
2026-04-27,2026-05-20,17,-0.06960948143325107,0.1425089596315101,-0.2121184410647612,True,True,63,SOX,ICHR,2026-02-04,2026-06-04,
2026-02-17,2026-02-26,7,0.0010357565156304815,0.0076248645334657805,-0.006589108017835299,False,True,63,SOX,PLAB,2026-02-04,2026-06-04,
2026-04-16,2026-06-04,34,0.05129616360548939,0.4847147863213921,-0.4334186227159027,False,True,63,SOX,AVGO,2026-02-04,2026-06-04,True
2026-03-19,2026-03-24,3,0.10967403230836048,0.0024102564056540654,0.10726377590270642,False,False,63,SOX,FORM,2026-02-04,2026-06-04,
2026-04-27,2026-04-28,1,-0.0677412665611885,-0.036670261961282424,-0.031071004599906082,True,True,63,SOX,FORM,2026-02-04,2026-06-04,
2026-04-17,2026-05-12,17,0.22625571398872268,0.2412257482637461,-0.014970034275023414,False,True,63,SOX,SMTC,2026-02-04,2026-06-04,
2026-05-15,2026-05-26,6,0.19485620054598618,0.12107696336908047,0.07377923717690571,False,False,63,SOX,SMTC,2026-02-04,2026-06-04,
2026-05-27,2026-06-02,4,0.05998732899260251,0.07276862733548861,-0.012781298342886105,False,True,63,SOX,SMTC,2026-02-04,2026-06-04,
2026-04-17,2026-04-21,2,0.08773637648678201,0.012003581207328029,0.07573279527945398,False,False,63,SOX,COHU,2026-02-04,2026-06-04,
2026-04-23,2026-05-13,14,0.078779902932403,0.19793650284837905,-0.11915659991597605,False,True,63,SOX,COHU,2026-02-04,2026-06-04,
2026-04-30,2026-05-06,4,0.2889436375495966,0.09845269285858294,0.19049094469101369,False,False,63,SOX,MU,2026-02-04,2026-06-04,
2026-02-09,2026-02-12,3,0.013992780957545303,-0.0036000795706786493,0.017592860528223953,False,False,63,SOX,SITM,2026-02-04,2026-06-04,
2026-02-23,2026-03-03,6,0.02626194702159057,-0.06176788061645955,0.08802982763805012,False,False,63,SOX,SITM,2026-02-04,2026-06-04,
2026-04-14,2026-05-08,18,0.867724870258902,0.2967301069763846,0.5709947632825174,False,False,63,SOX,SITM,2026-02-04,2026-06-04,
2026-02-27,2026-03-05,4,-0.052030887377579216,-0.04124442656068228,-0.010786460816896937,True,True,63,SOX,SWKS,2026-02-04,2026-06-04,
2026-04-08,2026-04-09,1,0.02690341000839247,0.022219252910562037,0.0046841570978304325,False,False,64,SOX,ONTO,2026-03-16,2026-06-12,
2026-04-27,2026-04-28,1,-0.05327204035097466,-0.036670261961282424,-0.016601778389692234,True,True,64,SOX,ONTO,2026-03-16,2026-06-12,
2026-04-29,2026-05-27,19,-0.0613701270106114,0.25331672170816755,-0.31468684871877894,True,True,64,SOX,ONTO,2026-03-16,2026-06-12,
2026-04-27,2026-05-20,17,-0.06960948143325107,0.1425089596315101,-0.2121184410647612,True,True,64,SOX,ICHR,2026-03-16,2026-06-12,
2026-03-23,2026-03-25,2,0.16962021007272,0.02572861426182138,0.1438915958108986,False,False,64,SOX,VECO,2026-03-16,2026-06-12,
2026-06-05,2026-06-11,4,-0.23222863155703777,0.0873704591773532,-0.31959909073439097,True,True,64,SOX,SMCI,2026-03-16,2026-06-12,
2026-04-17,2026-05-12,17,0.22625571398872268,0.2412257482637461,-0.014970034275023414,False,True,64,SOX,SMTC,2026-03-16,2026-06-12,
2026-05-15,2026-05-26,6,0.19485620054598618,0.12107696336908047,0.07377923717690571,False,False,64,SOX,SMTC,2026-03-16,2026-06-12,
2026-05-27,2026-06-02,4,0.05998732899260251,0.07276862733548861,-0.012781298342886105,False,True,64,SOX,SMTC,2026-03-16,2026-06-12,
2026-03-19,2026-03-24,3,0.10967403230836048,0.0024102564056540654,0.10726377590270642,False,False,64,SOX,FORM,2026-03-16,2026-06-12,
2026-04-27,2026-04-28,1,-0.0677412665611885,-0.036670261961282424,-0.031071004599906082,True,True,64,SOX,FORM,2026-03-16,2026-06-12,
2026-05-08,2026-05-11,1,0.008929305141170518,0.023947752662416555,-0.015018447521246037,False,True,64,SOX,SYNA,2026-03-16,2026-06-12,
2026-03-26,2026-03-27,1,-0.010988997554918778,-0.016329574411627412,0.005340576856708634,True,False,64,SOX,POWI,2026-03-16,2026-06-12,
2026-04-09,2026-04-22,9,0.3151814994078683,0.14034809446515828,0.17483340494271005,False,False,64,SOX,POWI,2026-03-16,2026-06-12,
2026-03-30,2026-05-27,40,0.2548976652938941,0.8205233964701306,-0.5656257311762365,False,True,64,SOX,CRUS,2026-03-16,2026-06-12,
2026-03-25,2026-03-27,2,-0.06516949271634676,-0.06305569032017067,-0.00211380239617609,True,True,64,SOX,KLAC,2026-03-16,2026-06-12,
2026-04-16,2026-06-05,35,-0.031972319422038264,0.32964662072152406,-0.36161894014356233,True,True,64,SOX,AVGO,2026-03-16,2026-06-12,
2026-04-01,2026-05-05,23,0.690024253931909,0.4259171209560162,0.26410713297589283,False,False,64,SOX,AMD,2026-03-16,2026-06-12,
2026-03-16,2026-03-17,1,-0.024536573565728914,0.007783904895176663,-0.03232047846090558,True,True,64,SOX,WOLF,2026-03-16,2026-06-12,
2026-04-13,2026-05-04,15,0.48819872440628354,0.17470897543066366,0.3134897489756199,False,False,64,SOX,WOLF,2026-03-16,2026-06-12,
2026-05-07,2026-05-08,1,0.060052566459242396,0.05674713757179872,0.0033054288874436732,False,False,64,SOX,AMKR,2026-03-16,2026-06-12,
2026-03-26,2026-04-21,17,0.7332742339759895,0.279306748845612,0.45396748513037743,False,False,64,SOX,AOSL,2026-03-16,2026-06-12,
2026-04-29,2026-06-02,23,0.8572523836711641,0.34451885916348535,0.5127335245076787,False,False,64,SOX,MRVL,2026-03-16,2026-06-12,
2026-04-17,2026-04-21,2,0.08773637648678201,0.012003581207328029,0.07573279527945398,False,False,64,SOX,COHU,2026-03-16,2026-06-12,
2026-04-23,2026-05-13,14,0.078779902932403,0.19793650284837905,-0.11915659991597605,False,True,64,SOX,COHU,2026-03-16,2026-06-12,
2026-03-26,2026-04-17,15,0.5011077326635782,0.2641326301626217,0.23697510250095655,False,False,65,SOX,AOSL,2025-11-14,2026-04-17,True
2026-02-12,2026-03-30,31,0.12087735475366412,-0.11811987017918635,0.23899722493285047,False,False,65,SOX,ARM,2025-11-14,2026-04-17,
2025-12-03,2026-03-09,64,0.21211743979668318,0.08890242277828753,0.12321501701839566,False,False,65,SOX,ONTO,2025-11-14,2026-04-17,
2026-04-08,2026-04-09,1,0.02690341000839247,0.022219252910562037,0.0046841570978304325,False,False,65,SOX,ONTO,2025-11-14,2026-04-17,
2026-01-05,2026-03-16,48,0.055795335935532986,0.06215806637492549,-0.0063627304393925055,False,True,65,SOX,TSM,2025-11-14,2026-04-17,
2025-11-20,2025-11-21,1,-0.019087687890487315,0.010182608391993142,-0.029270296282480457,True,True,65,SOX,AVGO,2025-11-14,2026-04-17,
2026-04-16,2026-04-17,1,0.020252472436286917,0.024042378316973423,-0.003789905880686506,False,True,65,SOX,AVGO,2025-11-14,2026-04-17,True
2025-12-09,2025-12-11,2,0.5441805116490444,0.007495530417564122,0.5366849812314802,False,False,65,SOX,PLAB,2025-11-14,2026-04-17,
2026-02-17,2026-02-26,7,0.0010357565156304815,0.0076248645334657805,-0.006589108017835299,False,True,65,SOX,PLAB,2025-11-14,2026-04-17,
2025-11-24,2025-11-26,2,0.05346192975540798,0.03073936690506085,0.022722562850347128,False,False,65,SOX,COHU,2025-11-14,2026-04-17,
2025-12-04,2025-12-29,16,-0.06685230616521431,-0.001673829757648293,-0.06517847640756602,True,True,65,SOX,COHU,2025-11-14,2026-04-17,
2026-01-13,2026-02-17,23,0.08728449324199805,0.06240639036861606,0.02487810287338199,False,False,65,SOX,COHU,2025-11-14,2026-04-17,
2026-04-17,2026-04-17,0,0.0,0.0,0.0,True,False,65,SOX,COHU,2025-11-14,2026-04-17,True
2025-11-28,2025-12-03,3,0.0649356193714099,0.042528812428302754,0.02240680694310715,False,False,65,SOX,AMAT,2025-11-14,2026-04-17,
2025-12-04,2026-02-02,39,0.2188242301861325,0.15321515964715715,0.06560907053897536,False,False,65,SOX,AMAT,2025-11-14,2026-04-17,
2026-01-29,2026-03-11,28,-0.09471335968513672,-0.05272342567121546,-0.04198993401392126,True,True,65,SOX,MPWR,2025-11-14,2026-04-17,
2026-04-13,2026-04-17,4,0.0700465298941162,0.05687197868607763,0.013174551208038565,False,False,65,SOX,MPWR,2025-11-14,2026-04-17,True
2025-12-11,2025-12-24,9,-0.07672785521589265,-0.025217477923410447,-0.0515103772924822,True,True,65,SOX,CAMT,2025-11-14,2026-04-17,
2026-01-07,2026-03-27,55,0.15825650532939517,-0.0037264945402138983,0.16198299986960907,False,False,65,SOX,CAMT,2025-11-14,2026-04-17,
2025-12-17,2026-02-09,35,0.44057057471909444,0.2367913212068813,0.20377925351221315,False,False,65,SOX,ENTG,2025-11-14,2026-04-17,
2025-12-08,2025-12-29,14,-0.09023023253274542,-0.022357924594988754,-0.06787230793775667,True,True,65,SOX,VECO,2025-11-14,2026-04-17,
2026-03-23,2026-03-25,2,0.16962021007272,0.02572861426182138,0.1438915958108986,False,False,65,SOX,VECO,2025-11-14,2026-04-17,
2025-12-03,2026-01-09,25,0.11653754376066727,0.06433205096544503,0.05220549279522224,False,False,65,SOX,ASML,2025-11-14,2026-04-17,
2026-01-20,2026-01-21,1,0.025654715111482762,0.03198455457753302,-0.006329839466050258,False,True,65,SOX,ASML,2025-11-14,2026-04-17,
2026-02-03,2026-03-12,26,-0.030459093713758878,-0.04469970882795249,0.014240615114193611,True,False,65,SOX,ASML,2025-11-14,2026-04-17,
2025-11-18,2025-11-19,1,0.038815951518385905,0.016715814691474318,0.022100136826911587,False,False,65,SOX,LRCX,2025-11-14,2026-04-17,
2025-12-16,2026-01-06,13,0.2676712787992974,0.10854143584181286,0.15912984295748456,False,False,65,SOX,LRCX,2025-11-14,2026-04-17,
2026-02-27,2026-03-05,4,-0.052030887377579216,-0.04124442656068228,-0.010786460816896937,True,True,65,SOX,SWKS,2025-11-14,2026-04-17,
2026-03-30,2026-04-17,13,0.2130412841076621,0.3419090018401636,-0.1288677177325015,False,True,65,SOX,CRUS,2025-11-14,2026-04-17,True
2025-12-04,2026-01-28,36,0.21846713230070836,0.17862119022921363,0.03984594207149472,False,False,65,SOX,GFS,2025-11-14,2026-04-17,
2026-01-26,2026-02-05,8,-0.2340137604150906,-0.035677927281302146,-0.19833583313378844,True,True,65,SOX,AMD,2025-11-14,2026-04-17,
2026-04-01,2026-04-17,11,0.3243423517291224,0.2279493875097922,0.09639296421933019,False,False,65,SOX,AMD,2025-11-14,2026-04-17,True
2025-12-08,2026-02-04,39,-0.10041865596064814,0.05788480969825893,-0.15830346565890707,True,True,65,SOX,SNPS,2025-11-14,2026-04-17,
2025-12-11,2026-02-05,37,0.4354060255193293,0.05339802141928707,0.3820080041000422,False,False,65,SOX,SLAB,2025-11-14,2026-04-17,
2026-03-13,2026-04-17,24,0.048719208816002224,0.25548151432858646,-0.20676230551258423,False,True,65,SOX,SLAB,2025-11-14,2026-04-17,True
2025-12-04,2026-01-26,34,0.29032261497604295,0.12176002659587226,0.16856258838017069,False,False,65,SOX,FORM,2025-11-14,2026-04-17,
2026-03-19,2026-03-24,3,0.10967403230836048,0.0024102564056540654,0.10726377590270642,False,False,65,SOX,FORM,2025-11-14,2026-04-17,
2026-02-09,2026-03-19,27,-0.08171780386289029,-0.035038118667871876,-0.04667968519501842,True,True,65,SOX,SMCI,2025-11-14,2026-04-17,
2026-02-27,2026-03-09,6,-0.05862485549936225,-0.045190050866102616,-0.013434804633259634,True,True,65,SOX,QRVO,2025-11-14,2026-04-17,
2025-12-17,2025-12-26,6,0.05455264214950106,0.07295857888661472,-0.01840593673711366,False,True,65,SOX,ALGM,2025-11-14,2026-04-17,
2026-01-09,2026-01-30,14,0.17961005968190613,0.053287764409406746,0.12632229527249939,False,False,65,SOX,ALGM,2025-11-14,2026-04-17,
2026-02-05,2026-02-19,9,-0.06110825156971045,0.07559780290003904,-0.13670605446974948,True,True,65,SOX,ALGM,2025-11-14,2026-04-17,
2025-12-18,2026-01-26,24,0.7743619813635219,0.17473629415880265,0.5996256872047192,False,False,65,SOX,ICHR,2025-11-14,2026-04-17,
2025-12-08,2026-01-26,32,0.08102563711313104,0.09851853351830031,-0.017492896405169267,False,True,65,SOX,SYNA,2025-11-14,2026-04-17,
2025-12-11,2026-02-04,36,-0.09763749728150506,0.051965224544144206,-0.14960272182564927,True,True,65,SOX,SITM,2025-11-14,2026-04-17,
2026-02-09,2026-02-12,3,0.013992780957545303,-0.0036000795706786493,0.017592860528223953,False,False,65,SOX,SITM,2025-11-14,2026-04-17,
2026-02-23,2026-03-03,6,0.02626194702159057,-0.06176788061645955,0.08802982763805012,False,False,65,SOX,SITM,2025-11-14,2026-04-17,
2026-04-14,2026-04-17,3,0.1291139701251498,0.03606321060644713,0.09305075951870267,False,False,65,SOX,SITM,2025-11-14,2026-04-17,True
2026-01-13,2026-01-22,6,-0.056089770912349124,-0.008750656741316476,-0.04733911417103265,True,True,66,QQQ,PDD,2025-12-24,2026-03-26,
2026-01-12,2026-01-27,10,-0.03798603020818225,0.0063140970645125805,-0.044300127272694834,True,True,66,QQQ,VRSK,2025-12-24,2026-03-26,
2026-01-22,2026-02-13,16,-0.09159192482116352,-0.030349951653627305,-0.06124197316753621,True,True,66,QQQ,CPRT,2025-12-24,2026-03-26,
2026-01-16,2026-01-27,6,0.09178736393949016,0.015887054191212613,0.07590030974827755,False,False,66,QQQ,BKR,2025-12-24,2026-03-26,
2026-02-03,2026-02-06,3,0.015862046398398277,-0.011143197626261592,0.02700524402465987,False,False,66,QQQ,BKR,2025-12-24,2026-03-26,
2026-02-11,2026-03-17,23,-0.06587712907471865,-0.015984084667302834,-0.04989304440741582,True,True,66,QQQ,BKR,2025-12-24,2026-03-26,
2025-12-31,2026-01-20,12,-0.1176048050383608,-0.010173939326640569,-0.10743086571172022,True,True,66,QQQ,CHTR,2025-12-24,2026-03-26,
2026-03-03,2026-03-20,13,-0.0714877681595284,-0.03244785859306576,-0.03903990956646264,True,True,66,QQQ,CHTR,2025-12-24,2026-03-26,
2026-02-06,2026-02-13,5,0.09361589545534388,-0.012679508711310516,0.1062954041666544,False,False,66,QQQ,EXC,2025-12-24,2026-03-26,
2026-03-16,2026-03-26,8,-0.03758201224664148,-0.04308360746379414,0.005501595217152655,True,False,66,QQQ,EXC,2025-12-24,2026-03-26,True
2026-02-17,2026-02-19,2,-0.05296011012435642,0.0036087940661491125,-0.05656890419050553,True,True,66,QQQ,NXPI,2025-12-24,2026-03-26,
2026-02-12,2026-03-26,29,0.26687944969956967,-0.04349784837676918,0.31037729807633885,False,False,66,QQQ,ARM,2025-12-24,2026-03-26,True
2026-02-27,2026-03-09,6,-0.10252748093318809,0.0007738957956664461,-0.10330137672885453,True,True,66,QQQ,GEHC,2025-12-24,2026-03-26,
2026-02-10,2026-02-13,3,-0.06540482255470637,-0.015618140130732927,-0.04978668242397344,True,True,66,QQQ,AAPL,2025-12-24,2026-03-26,
2026-01-08,2026-01-12,2,0.0717587136740796,0.010798245248171634,0.060960468425907965,False,False,66,QQQ,INTC,2025-12-24,2026-03-26,
2026-03-13,2026-03-26,9,-0.022457763883299675,-0.03234942464872048,0.009891660765420807,True,False,66,QQQ,PLTR,2025-12-24,2026-03-26,True
2026-02-05,2026-02-13,6,0.08399844454305949,0.00819043771929806,0.07580800682376143,False,False,66,QQQ,FTNT,2025-12-24,2026-03-26,
2026-03-19,2026-03-26,5,-0.025144416484888743,-0.031207289434850516,0.006062872949961773,True,False,66,QQQ,FTNT,2025-12-24,2026-03-26,True
2026-03-06,2026-03-23,11,-0.09061523659514792,-0.01835521132174167,-0.07226002527340625,True,True,66,QQQ,CEG,2025-12-24,2026-03-26,
2026-01-06,2026-01-22,11,0.08587874657983385,-0.004266808452007886,0.09014555503184174,False,False,66,QQQ,HON,2025-12-24,2026-03-26,
2026-01-23,2026-01-29,4,0.026099458449530877,0.010775243378025046,0.015324215071505831,False,False,66,QQQ,HON,2025-12-24,2026-03-26,
2026-02-20,2026-03-20,20,-0.08759399792075884,-0.043938120305549666,-0.04365587761520917,True,True,66,QQQ,HON,2025-12-24,2026-03-26,
2026-04-29,2026-05-22,17,0.2539439472333076,0.19409336494174045,0.059850582291567145,False,False,67,SOX,MRVL,2025-12-22,2026-05-22,True
2026-02-12,2026-03-30,31,0.12087735475366412,-0.11811987017918635,0.23899722493285047,False,False,67,SOX,ARM,2025-12-22,2026-05-22,
2026-01-07,2026-03-27,55,0.15825650532939517,-0.0037264945402138983,0.16198299986960907,False,False,67,SOX,CAMT,2025-12-22,2026-05-22,
2026-05-01,2026-05-11,6,0.054071354133128136,0.14387550598343357,-0.08980415185030544,False,True,67,SOX,MCHP,2025-12-22,2026-05-22,
2026-03-24,2026-03-25,1,0.016745074020223072,0.012403978462632859,0.004341095557590213,False,False,67,SOX,DIOD,2025-12-22,2026-05-22,
2026-04-29,2026-05-13,10,0.009504941430422242,0.17400390127120047,-0.16449895984077822,False,True,67,SOX,DIOD,2025-12-22,2026-05-22,
2026-03-26,2026-03-27,1,-0.010988997554918778,-0.016329574411627412,0.005340576856708634,True,False,67,SOX,POWI,2025-12-22,2026-05-22,
2026-04-09,2026-04-22,9,0.3151814994078683,0.14034809446515828,0.17483340494271005,False,False,67,SOX,POWI,2025-12-22,2026-05-22,
2026-04-30,2026-05-06,4,0.2889436375495966,0.09845269285858294,0.19049094469101369,False,False,67,SOX,MU,2025-12-22,2026-05-22,
2025-12-22,2026-02-04,29,0.3643140816726327,0.08734863317384889,0.2769654484987838,False,False,67,SOX,TER,2025-12-22,2026-05-22,
2026-01-29,2026-03-11,28,-0.09471335968513672,-0.05272342567121546,-0.04198993401392126,True,True,67,SOX,MPWR,2025-12-22,2026-05-22,
2026-04-13,2026-04-20,5,0.08645048699317237,0.06154982668039133,0.024900660312781042,False,False,67,SOX,MPWR,2025-12-22,2026-05-22,
2026-04-21,2026-05-22,23,0.04048569455210704,0.27722849809727945,-0.2367428035451724,False,True,67,SOX,MPWR,2025-12-22,2026-05-22,True
2026-05-04,2026-05-06,2,0.06715874158105195,0.0969787352589564,-0.029819993677904444,False,True,67,SOX,GFS,2025-12-22,2026-05-22,
2026-03-03,2026-03-10,5,-0.20479618127770405,0.012037747739962246,-0.2168339290176663,True,True,67,SOX,WOLF,2025-12-22,2026-05-22,
2026-03-16,2026-03-17,1,-0.024536573565728914,0.007783904895176663,-0.03232047846090558,True,True,67,SOX,WOLF,2025-12-22,2026-05-22,
2026-04-13,2026-05-04,15,0.48819872440628354,0.17470897543066366,0.3134897489756199,False,False,67,SOX,WOLF,2025-12-22,2026-05-22,
2026-02-17,2026-02-26,7,0.0010357565156304815,0.0076248645334657805,-0.006589108017835299,False,True,67,SOX,PLAB,2025-12-22,2026-05-22,
2026-04-16,2026-05-22,26,0.039325404426195476,0.3236360261422808,-0.28431062171608534,False,True,67,SOX,AVGO,2025-12-22,2026-05-22,True
2025-12-29,2026-01-12,9,0.1331174255653773,0.08197956337016277,0.051137862195214545,False,False,67,SOX,KLAC,2025-12-22,2026-05-22,
2026-01-14,2026-01-16,2,0.09293832731273244,0.031846922691452395,0.06109140462128004,False,False,67,SOX,KLAC,2025-12-22,2026-05-22,
2026-01-20,2026-01-21,1,0.022756228106193932,0.03198455457753302,-0.009228326471339088,False,True,67,SOX,KLAC,2025-12-22,2026-05-22,
2026-03-03,2026-03-09,4,-0.008498949013089896,0.00474935785020647,-0.013248306863296366,True,True,67,SOX,KLAC,2025-12-22,2026-05-22,
2026-03-25,2026-03-27,2,-0.06516949271634676,-0.06305569032017067,-0.00211380239617609,True,True,67,SOX,KLAC,2025-12-22,2026-05-22,
2026-01-13,2026-02-17,23,0.08728449324199805,0.06240639036861606,0.02487810287338199,False,False,67,SOX,COHU,2025-12-22,2026-05-22,
2026-04-17,2026-04-21,2,0.08773637648678201,0.012003581207328029,0.07573279527945398,False,False,67,SOX,COHU,2025-12-22,2026-05-22,
2026-04-23,2026-05-13,14,0.078779902932403,0.19793650284837905,-0.11915659991597605,False,True,67,SOX,COHU,2025-12-22,2026-05-22,
2026-05-07,2026-05-08,1,0.060052566459242396,0.05674713757179872,0.0033054288874436732,False,False,67,SOX,AMKR,2025-12-22,2026-05-22,
2026-03-13,2026-05-22,49,0.0714285714285714,0.6227849527596441,-0.5513563813310727,False,True,67,SOX,SLAB,2025-12-22,2026-05-22,True
2026-03-30,2026-05-22,38,0.2374032813069633,0.7344976499502631,-0.4970943686432998,False,True,67,SOX,CRUS,2025-12-22,2026-05-22,True
2026-01-05,2026-03-16,48,0.055795335935532986,0.06215806637492549,-0.0063627304393925055,False,True,67,SOX,TSM,2025-12-22,2026-05-22,
2026-04-17,2026-05-12,17,0.22625571398872268,0.2412257482637461,-0.014970034275023414,False,True,67,SOX,SMTC,2025-12-22,2026-05-22,
2026-05-15,2026-05-22,5,0.13905840943419756,0.05665472690512319,0.08240368252907437,False,False,67,SOX,SMTC,2025-12-22,2026-05-22,True
2026-02-27,2026-03-05,4,-0.052030887377579216,-0.04124442656068228,-0.010786460816896937,True,True,67,SOX,SWKS,2025-12-22,2026-05-22,
2026-04-30,2026-05-08,6,0.023707959999297756,0.12755721140514154,-0.10384925140584378,False,True,67,SOX,ON,2025-12-22,2026-05-22,
2026-05-11,2026-05-12,1,-0.02918684554054274,-0.03147767169073823,0.0022908261501954907,True,False,67,SOX,ON,2025-12-22,2026-05-22,
2026-03-24,2026-03-25,1,0.016745074020223072,0.012403978462632859,0.004341095557590213,False,False,68,SOX,DIOD,2026-02-24,2026-04-23,
2026-03-26,2026-03-27,1,-0.010988997554918778,-0.016329574411627412,0.005340576856708634,True,False,68,SOX,POWI,2026-02-24,2026-04-23,
2026-04-09,2026-04-22,9,0.3151814994078683,0.14034809446515828,0.17483340494271005,False,False,68,SOX,POWI,2026-02-24,2026-04-23,
2026-02-27,2026-03-05,4,-0.052030887377579216,-0.04124442656068228,-0.010786460816896937,True,True,68,SOX,SWKS,2026-02-24,2026-04-23,
2026-03-25,2026-04-09,10,0.07327713933029734,0.09668359365258361,-0.023406454322286274,False,True,68,SOX,ACLS,2026-02-24,2026-04-23,
2026-04-14,2026-04-16,2,0.05041575005061061,0.011738608229505232,0.038677141821105376,False,False,68,SOX,ACLS,2026-02-24,2026-04-23,
2026-04-23,2026-04-23,0,0.0,0.0,0.0,True,False,68,SOX,ACLS,2026-02-24,2026-04-23,True
2026-02-27,2026-03-09,6,-0.05862485549936225,-0.045190050866102616,-0.013434804633259634,True,True,68,SOX,QRVO,2026-02-24,2026-04-23,
2026-04-17,2026-04-23,4,-0.02200355367864526,0.06083564931783725,-0.08283920299648251,True,True,68,SOX,SMTC,2026-02-24,2026-04-23,True
2026-04-08,2026-04-09,1,0.02690341000839247,0.022219252910562037,0.0046841570978304325,False,False,68,SOX,ONTO,2026-02-24,2026-04-23,
2026-03-30,2026-04-23,17,0.24925898410418723,0.4235449072925608,-0.17428592318837355,False,True,68,SOX,CRUS,2026-02-24,2026-04-23,True
2026-03-23,2026-03-25,2,0.16962021007272,0.02572861426182138,0.1438915958108986,False,False,68,SOX,VECO,2026-02-24,2026-04-23,
2026-04-14,2026-04-23,7,0.24681641608121163,0.09909278875801353,0.1477236273231981,False,False,68,SOX,SITM,2026-02-24,2026-04-23,True
2026-03-19,2026-03-24,3,0.10967403230836048,0.0024102564056540654,0.10726377590270642,False,False,68,SOX,FORM,2026-02-24,2026-04-23,
2026-04-17,2026-04-21,2,0.08773637648678201,0.012003581207328029,0.07573279527945398,False,False,68,SOX,COHU,2026-02-24,2026-04-23,
2026-04-23,2026-04-23,0,0.0,0.0,0.0,True,False,68,SOX,COHU,2026-02-24,2026-04-23,True
2026-03-25,2026-04-09,10,0.07327713933029734,0.09668359365258361,-0.023406454322286274,False,True,69,SOX,ACLS,2025-12-15,2026-05-15,
2026-04-14,2026-04-16,2,0.05041575005061061,0.011738608229505232,0.038677141821105376,False,False,69,SOX,ACLS,2025-12-15,2026-05-15,
2026-04-23,2026-05-07,10,0.13442015565361265,0.11646253912310933,0.017957616530503318,False,False,69,SOX,ACLS,2025-12-15,2026-05-15,
2026-05-01,2026-05-11,6,0.054071354133128136,0.14387550598343357,-0.08980415185030544,False,True,69,SOX,MCHP,2025-12-15,2026-05-15,
2025-12-29,2026-01-12,9,0.1331174255653773,0.08197956337016277,0.051137862195214545,False,False,69,SOX,KLAC,2025-12-15,2026-05-15,
2026-01-14,2026-01-16,2,0.09293832731273244,0.031846922691452395,0.06109140462128004,False,False,69,SOX,KLAC,2025-12-15,2026-05-15,
2026-01-20,2026-01-21,1,0.022756228106193932,0.03198455457753302,-0.009228326471339088,False,True,69,SOX,KLAC,2025-12-15,2026-05-15,
2026-03-03,2026-03-09,4,-0.008498949013089896,0.00474935785020647,-0.013248306863296366,True,True,69,SOX,KLAC,2025-12-15,2026-05-15,
2026-03-25,2026-03-27,2,-0.06516949271634676,-0.06305569032017067,-0.00211380239617609,True,True,69,SOX,KLAC,2025-12-15,2026-05-15,
2025-12-16,2026-01-06,13,0.2676712787992974,0.10854143584181286,0.15912984295748456,False,False,69,SOX,LRCX,2025-12-15,2026-05-15,
2025-12-18,2026-01-26,24,0.7743619813635219,0.17473629415880265,0.5996256872047192,False,False,69,SOX,ICHR,2025-12-15,2026-05-15,
2026-04-27,2026-05-15,14,0.03664397745766501,0.11662015667689651,-0.0799761792192315,False,True,69,SOX,ICHR,2025-12-15,2026-05-15,True
2026-04-08,2026-04-09,1,0.02690341000839247,0.022219252910562037,0.0046841570978304325,False,False,69,SOX,ONTO,2025-12-15,2026-05-15,
2026-04-27,2026-04-28,1,-0.05327204035097466,-0.036670261961282424,-0.016601778389692234,True,True,69,SOX,ONTO,2025-12-15,2026-05-15,
2026-04-29,2026-05-15,12,-0.044207665070380764,0.13006958142246372,-0.17427724649284448,True,True,69,SOX,ONTO,2025-12-15,2026-05-15,True
2026-01-13,2026-02-17,23,0.08728449324199805,0.06240639036861606,0.02487810287338199,False,False,69,SOX,COHU,2025-12-15,2026-05-15,
2026-04-17,2026-04-21,2,0.08773637648678201,0.012003581207328029,0.07573279527945398,False,False,69,SOX,COHU,2025-12-15,2026-05-15,
2026-04-23,2026-05-13,14,0.078779902932403,0.19793650284837905,-0.11915659991597605,False,True,69,SOX,COHU,2025-12-15,2026-05-15,
2026-04-16,2026-05-15,21,0.06705645631746049,0.2526665451250374,-0.1856100888075769,False,True,69,SOX,AVGO,2025-12-15,2026-05-15,True
2026-02-12,2026-03-30,31,0.12087735475366412,-0.11811987017918635,0.23899722493285047,False,False,69,SOX,ARM,2025-12-15,2026-05-15,
2026-03-23,2026-03-25,2,0.16962021007272,0.02572861426182138,0.1438915958108986,False,False,69,SOX,VECO,2025-12-15,2026-05-15,
2025-12-17,2025-12-26,6,0.05455264214950106,0.07295857888661472,-0.01840593673711366,False,True,69,SOX,ALGM,2025-12-15,2026-05-15,
2026-01-09,2026-01-30,14,0.17961005968190613,0.053287764409406746,0.12632229527249939,False,False,69,SOX,ALGM,2025-12-15,2026-05-15,
2026-02-05,2026-02-19,9,-0.06110825156971045,0.07559780290003904,-0.13670605446974948,True,True,69,SOX,ALGM,2025-12-15,2026-05-15,
2026-04-29,2026-05-13,10,0.043113263876469965,0.17400390127120047,-0.1308906373947305,False,True,69,SOX,ALGM,2025-12-15,2026-05-15,
2026-05-08,2026-05-11,1,0.008929305141170518,0.023947752662416555,-0.015018447521246037,False,True,69,SOX,SYNA,2025-12-15,2026-05-15,
2026-04-17,2026-05-12,17,0.22625571398872268,0.2412257482637461,-0.014970034275023414,False,True,69,SOX,SMTC,2025-12-15,2026-05-15,
2026-05-15,2026-05-15,0,0.0,0.0,0.0,True,False,69,SOX,SMTC,2025-12-15,2026-05-15,True
2026-03-24,2026-03-25,1,0.016745074020223072,0.012403978462632859,0.004341095557590213,False,False,69,SOX,DIOD,2025-12-15,2026-05-15,
2026-04-29,2026-05-13,10,0.009504941430422242,0.17400390127120047,-0.16449895984077822,False,True,69,SOX,DIOD,2025-12-15,2026-05-15,
2025-12-17,2026-01-08,14,0.3527213039513417,0.12042902975066272,0.232292274200679,False,False,69,SOX,UCTT,2025-12-15,2026-05-15,
2026-01-14,2026-01-15,1,0.05498788856776948,0.01602894886929529,0.03895893969847419,False,False,69,SOX,UCTT,2025-12-15,2026-05-15,
2026-01-20,2026-01-23,3,-0.0173971231872323,0.021816958087112148,-0.03921408127434445,True,True,69,SOX,UCTT,2025-12-15,2026-05-15,
2026-04-30,2026-05-06,4,0.2889436375495966,0.09845269285858294,0.19049094469101369,False,False,69,SOX,MU,2025-12-15,2026-05-15,
2026-02-27,2026-03-05,4,-0.052030887377579216,-0.04124442656068228,-0.010786460816896937,True,True,69,SOX,SWKS,2025-12-15,2026-05-15,
2026-03-13,2026-05-15,44,0.06694579476793416,0.5357759838094713,-0.46883018904153717,False,True,69,SOX,SLAB,2025-12-15,2026-05-15,True
2026-01-20,2026-01-21,1,0.025654715111482762,0.03198455457753302,-0.006329839466050258,False,True,69,SOX,ASML,2025-12-15,2026-05-15,
2026-02-03,2026-03-12,26,-0.030459093713758878,-0.04469970882795249,0.014240615114193611,True,False,69,SOX,ASML,2025-12-15,2026-05-15,
2026-02-27,2026-03-09,6,-0.05862485549936225,-0.045190050866102616,-0.013434804633259634,True,True,69,SOX,QRVO,2025-12-15,2026-05-15,
2025-12-18,2026-03-25,65,0.44378476591459703,0.18292929402824698,0.26085547188635005,False,False,69,SOX,POWI,2025-12-15,2026-05-15,
2026-03-26,2026-03-27,1,-0.010988997554918778,-0.016329574411627412,0.005340576856708634,True,False,69,SOX,POWI,2025-12-15,2026-05-15,
2026-04-09,2026-04-22,9,0.3151814994078683,0.14034809446515828,0.17483340494271005,False,False,69,SOX,POWI,2025-12-15,2026-05-15,
2026-01-29,2026-03-11,28,-0.09471335968513672,-0.05272342567121546,-0.04198993401392126,True,True,69,SOX,MPWR,2025-12-15,2026-05-15,
2026-04-13,2026-04-20,5,0.08645048699317237,0.06154982668039133,0.024900660312781042,False,False,69,SOX,MPWR,2025-12-15,2026-05-15,
2026-04-21,2026-05-15,18,0.01444427125973835,0.20874725260369886,-0.1943029813439605,False,True,69,SOX,MPWR,2025-12-15,2026-05-15,True
2026-01-22,2026-01-26,2,-0.08479598049462722,-0.016061050937261956,-0.06873492955736527,True,True,69,SOX,RMBS,2025-12-15,2026-05-15,
2026-01-14,2026-01-15,1,0.05498788856776948,0.01602894886929529,0.03895893969847419,False,False,70,SOX,UCTT,2025-12-22,2026-05-22,
2026-01-20,2026-01-23,3,-0.0173971231872323,0.021816958087112148,-0.03921408127434445,True,True,70,SOX,UCTT,2025-12-22,2026-05-22,
2026-04-29,2026-05-22,17,0.2539439472333076,0.19409336494174045,0.059850582291567145,False,False,70,SOX,MRVL,2025-12-22,2026-05-22,True
2026-02-09,2026-02-12,3,0.013992780957545303,-0.0036000795706786493,0.017592860528223953,False,False,70,SOX,SITM,2025-12-22,2026-05-22,
2026-02-23,2026-03-03,6,0.02626194702159057,-0.06176788061645955,0.08802982763805012,False,False,70,SOX,SITM,2025-12-22,2026-05-22,
2026-04-14,2026-05-08,18,0.867724870258902,0.2967301069763846,0.5709947632825174,False,False,70,SOX,SITM,2025-12-22,2026-05-22,
2026-02-17,2026-02-26,7,0.0010357565156304815,0.0076248645334657805,-0.006589108017835299,False,True,70,SOX,PLAB,2025-12-22,2026-05-22,
2026-03-03,2026-03-10,5,-0.20479618127770405,0.012037747739962246,-0.2168339290176663,True,True,70,SOX,WOLF,2025-12-22,2026-05-22,
2026-03-16,2026-03-17,1,-0.024536573565728914,0.007783904895176663,-0.03232047846090558,True,True,70,SOX,WOLF,2025-12-22,2026-05-22,
2026-04-13,2026-05-04,15,0.48819872440628354,0.17470897543066366,0.3134897489756199,False,False,70,SOX,WOLF,2025-12-22,2026-05-22,
2026-02-12,2026-03-30,31,0.12087735475366412,-0.11811987017918635,0.23899722493285047,False,False,70,SOX,ARM,2025-12-22,2026-05-22,
2026-04-27,2026-05-20,17,-0.06960948143325107,0.1425089596315101,-0.2121184410647612,True,True,70,SOX,ICHR,2025-12-22,2026-05-22,
2026-05-01,2026-05-11,6,0.054071354133128136,0.14387550598343357,-0.08980415185030544,False,True,70,SOX,MCHP,2025-12-22,2026-05-22,
2026-01-05,2026-03-16,48,0.055795335935532986,0.06215806637492549,-0.0063627304393925055,False,True,70,SOX,TSM,2025-12-22,2026-05-22,
2026-04-16,2026-05-22,26,0.039325404426195476,0.3236360261422808,-0.28431062171608534,False,True,70,SOX,AVGO,2025-12-22,2026-05-22,True
2026-03-30,2026-05-22,38,0.2374032813069633,0.7344976499502631,-0.4970943686432998,False,True,70,SOX,CRUS,2025-12-22,2026-05-22,True
2026-04-08,2026-04-09,1,0.02690341000839247,0.022219252910562037,0.0046841570978304325,False,False,70,SOX,ONTO,2025-12-22,2026-05-22,
2026-04-27,2026-04-28,1,-0.05327204035097466,-0.036670261961282424,-0.016601778389692234,True,True,70,SOX,ONTO,2025-12-22,2026-05-22,
2026-04-29,2026-05-22,17,-0.07768867068437446,0.19409336494174045,-0.2717820356261149,True,True,70,SOX,ONTO,2025-12-22,2026-05-22,True
2025-12-29,2026-01-12,9,0.1331174255653773,0.08197956337016277,0.051137862195214545,False,False,70,SOX,KLAC,2025-12-22,2026-05-22,
2026-01-14,2026-01-16,2,0.09293832731273244,0.031846922691452395,0.06109140462128004,False,False,70,SOX,KLAC,2025-12-22,2026-05-22,
2026-01-20,2026-01-21,1,0.022756228106193932,0.03198455457753302,-0.009228326471339088,False,True,70,SOX,KLAC,2025-12-22,2026-05-22,
2026-03-03,2026-03-09,4,-0.008498949013089896,0.00474935785020647,-0.013248306863296366,True,True,70,SOX,KLAC,2025-12-22,2026-05-22,
2026-03-25,2026-03-27,2,-0.06516949271634676,-0.06305569032017067,-0.00211380239617609,True,True,70,SOX,KLAC,2025-12-22,2026-05-22,
2026-05-07,2026-05-08,1,0.060052566459242396,0.05674713757179872,0.0033054288874436732,False,False,70,SOX,AMKR,2025-12-22,2026-05-22,
2026-03-26,2026-04-21,17,0.7332742339759895,0.279306748845612,0.45396748513037743,False,False,70,SOX,AOSL,2025-12-22,2026-05-22,
2026-01-07,2026-03-27,55,0.15825650532939517,-0.0037264945402138983,0.16198299986960907,False,False,70,SOX,CAMT,2025-12-22,2026-05-22,
2026-04-30,2026-05-08,6,0.023707959999297756,0.12755721140514154,-0.10384925140584378,False,True,70,SOX,ON,2025-12-22,2026-05-22,
2026-05-11,2026-05-12,1,-0.02918684554054274,-0.03147767169073823,0.0022908261501954907,True,False,70,SOX,ON,2025-12-22,2026-05-22,
2026-02-09,2026-03-19,27,-0.08171780386289029,-0.035038118667871876,-0.04667968519501842,True,True,70,SOX,SMCI,2025-12-22,2026-05-22,
2026-04-17,2026-05-12,17,0.22625571398872268,0.2412257482637461,-0.014970034275023414,False,True,70,SOX,SMTC,2025-12-22,2026-05-22,
2026-05-15,2026-05-22,5,0.13905840943419756,0.05665472690512319,0.08240368252907437,False,False,70,SOX,SMTC,2025-12-22,2026-05-22,True
2026-04-30,2026-05-06,4,0.2889436375495966,0.09845269285858294,0.19049094469101369,False,False,70,SOX,MU,2025-12-22,2026-05-22,
2026-05-04,2026-05-06,2,0.06715874158105195,0.0969787352589564,-0.029819993677904444,False,True,70,SOX,GFS,2025-12-22,2026-05-22,
2026-01-29,2026-03-11,28,-0.09471335968513672,-0.05272342567121546,-0.04198993401392126,True,True,70,SOX,MPWR,2025-12-22,2026-05-22,
2026-04-13,2026-04-20,5,0.08645048699317237,0.06154982668039133,0.024900660312781042,False,False,70,SOX,MPWR,2025-12-22,2026-05-22,
2026-04-21,2026-05-22,23,0.04048569455210704,0.27722849809727945,-0.2367428035451724,False,True,70,SOX,MPWR,2025-12-22,2026-05-22,True
2026-05-08,2026-05-11,1,0.008929305141170518,0.023947752662416555,-0.015018447521246037,False,True,70,SOX,SYNA,2025-12-22,2026-05-22,
2026-03-03,2026-03-10,5,-0.20479618127770405,0.012037747739962246,-0.2168339290176663,True,True,71,SOX,WOLF,2026-01-23,2026-04-23,
2026-03-16,2026-03-17,1,-0.024536573565728914,0.007783904895176663,-0.03232047846090558,True,True,71,SOX,WOLF,2026-01-23,2026-04-23,
2026-04-13,2026-04-23,8,0.14078673591039959,0.12116747175527265,0.019619264155126936,False,False,71,SOX,WOLF,2026-01-23,2026-04-23,True
2026-02-03,2026-03-12,26,-0.030459093713758878,-0.04469970882795249,0.014240615114193611,True,False,71,SOX,ASML,2026-01-23,2026-04-23,
2026-04-17,2026-04-21,2,0.08773637648678201,0.012003581207328029,0.07573279527945398,False,False,71,SOX,COHU,2026-01-23,2026-04-23,
2026-04-23,2026-04-23,0,0.0,0.0,0.0,True,False,71,SOX,COHU,2026-01-23,2026-04-23,True
2026-03-30,2026-04-23,17,0.24925898410418723,0.4235449072925608,-0.17428592318837355,False,True,71,SOX,CRUS,2026-01-23,2026-04-23,True
2026-01-26,2026-02-05,8,-0.2340137604150906,-0.035677927281302146,-0.19833583313378844,True,True,71,SOX,AMD,2026-01-23,2026-04-23,
2026-04-01,2026-04-23,15,0.4524997708024123,0.302652485828391,0.14984728497402133,False,False,71,SOX,AMD,2026-01-23,2026-04-23,True
2026-03-26,2026-03-27,1,-0.010988997554918778,-0.016329574411627412,0.005340576856708634,True,False,71,SOX,POWI,2026-01-23,2026-04-23,
2026-04-09,2026-04-22,9,0.3151814994078683,0.14034809446515828,0.17483340494271005,False,False,71,SOX,POWI,2026-01-23,2026-04-23,
2026-03-24,2026-03-25,1,0.016745074020223072,0.012403978462632859,0.004341095557590213,False,False,71,SOX,DIOD,2026-01-23,2026-04-23,
2026-04-08,2026-04-09,1,0.02690341000839247,0.022219252910562037,0.0046841570978304325,False,False,71,SOX,ONTO,2026-01-23,2026-04-23,
2026-01-29,2026-03-11,28,-0.09471335968513672,-0.05272342567121546,-0.04198993401392126,True,True,71,SOX,MPWR,2026-01-23,2026-04-23,
2026-04-13,2026-04-20,5,0.08645048699317237,0.06154982668039133,0.024900660312781042,False,False,71,SOX,MPWR,2026-01-23,2026-04-23,
2026-04-21,2026-04-23,2,0.042030274535809875,0.04825286097530612,-0.006222586439496247,False,True,71,SOX,MPWR,2026-01-23,2026-04-23,True
2026-02-09,2026-02-12,3,0.013992780957545303,-0.0036000795706786493,0.017592860528223953,False,False,71,SOX,SITM,2026-01-23,2026-04-23,
2026-02-23,2026-03-03,6,0.02626194702159057,-0.06176788061645955,0.08802982763805012,False,False,71,SOX,SITM,2026-01-23,2026-04-23,
2026-04-14,2026-04-23,7,0.24681641608121163,0.09909278875801353,0.1477236273231981,False,False,71,SOX,SITM,2026-01-23,2026-04-23,True
2026-02-27,2026-03-09,6,-0.05862485549936225,-0.045190050866102616,-0.013434804633259634,True,True,71,SOX,QRVO,2026-01-23,2026-04-23,
2026-03-25,2026-04-09,10,0.07327713933029734,0.09668359365258361,-0.023406454322286274,False,True,71,SOX,ACLS,2026-01-23,2026-04-23,
2026-04-14,2026-04-16,2,0.05041575005061061,0.011738608229505232,0.038677141821105376,False,False,71,SOX,ACLS,2026-01-23,2026-04-23,
2026-04-23,2026-04-23,0,0.0,0.0,0.0,True,False,71,SOX,ACLS,2026-01-23,2026-04-23,True
2026-03-03,2026-03-09,4,-0.008498949013089896,0.00474935785020647,-0.013248306863296366,True,True,71,SOX,KLAC,2026-01-23,2026-04-23,
2026-03-25,2026-03-27,2,-0.06516949271634676,-0.06305569032017067,-0.00211380239617609,True,True,71,SOX,KLAC,2026-01-23,2026-04-23,
2026-04-17,2026-04-23,4,-0.02200355367864526,0.06083564931783725,-0.08283920299648251,True,True,71,SOX,SMTC,2026-01-23,2026-04-23,True
2026-02-17,2026-02-26,7,0.0010357565156304815,0.0076248645334657805,-0.006589108017835299,False,True,71,SOX,PLAB,2026-01-23,2026-04-23,
2026-01-14,2026-01-16,2,0.09293832731273244,0.002760103270580627,0.09017822404215181,False,False,72,QQQ,KLAC,2026-01-07,2026-03-09,
2026-01-20,2026-01-21,1,0.022756228106193932,0.013518379690002691,0.009237848416191241,False,False,72,QQQ,KLAC,2026-01-07,2026-03-09,
2026-03-03,2026-03-09,4,-0.008498949013089896,0.010272989060992943,-0.01877193807408284,True,True,72,QQQ,KLAC,2026-01-07,2026-03-09,
2026-02-17,2026-02-19,2,-0.05296011012435642,0.0036087940661491125,-0.05656890419050553,True,True,72,QQQ,NXPI,2026-01-07,2026-03-09,
2026-02-13,2026-03-09,15,-0.025685466588182826,0.009702372028611794,-0.03538783861679462,True,True,72,QQQ,REGN,2026-01-07,2026-03-09,True
2026-01-15,2026-03-09,35,0.05218020863215367,-0.022548209499209215,0.07472841813136288,False,False,72,QQQ,COST,2026-01-07,2026-03-09,True
2026-02-05,2026-02-13,6,0.08399844454305949,0.00819043771929806,0.07580800682376143,False,False,72,QQQ,FTNT,2026-01-07,2026-03-09,
2026-01-09,2026-01-21,7,-0.10669689689364537,-0.0165483271840019,-0.09014856970964347,True,True,72,QQQ,ISRG,2026-01-07,2026-03-09,
2026-01-13,2026-01-22,6,-0.056089770912349124,-0.008750656741316476,-0.04733911417103265,True,True,72,QQQ,PDD,2026-01-07,2026-03-09,
2026-01-23,2026-01-29,4,0.026099458449530877,0.010775243378025046,0.015324215071505831,False,False,72,QQQ,HON,2026-01-07,2026-03-09,
2026-02-20,2026-03-09,11,-0.021315897372360837,-0.0017246083279026658,-0.01959128904445817,True,True,72,QQQ,HON,2026-01-07,2026-03-09,True
2026-03-03,2026-03-09,4,0.02602143594936046,0.010272989060992943,0.015748446888367518,False,False,72,QQQ,KHC,2026-01-07,2026-03-09,True
2026-01-07,2026-02-10,23,-0.14323559858595314,-0.020111648591255138,-0.123123949994698,True,True,72,QQQ,AMZN,2026-01-07,2026-03-09,
2026-03-03,2026-03-09,4,-0.028769478218729105,0.010272989060992943,-0.03904246727972205,True,True,72,QQQ,CHTR,2026-01-07,2026-03-09,True
2026-02-27,2026-03-09,6,-0.06387038569950365,0.0007738957956664461,-0.0646442814951701,True,True,72,QQQ,DXCM,2026-01-07,2026-03-09,True
2026-02-24,2026-03-09,9,-0.052890933867755785,-0.00018096029934333568,-0.05270997356841245,True,True,72,QQQ,NVDA,2026-01-07,2026-03-09,
2026-06-05,2026-06-11,4,-0.23222863155703777,0.0873704591773532,-0.31959909073439097,True,True,73,SOX,SMCI,2026-02-26,2026-06-26,
2026-03-30,2026-05-27,40,0.2548976652938941,0.8205233964701306,-0.5656257311762365,False,True,73,SOX,CRUS,2026-02-26,2026-06-26,
2026-03-25,2026-04-09,10,0.07327713933029734,0.09668359365258361,-0.023406454322286274,False,True,73,SOX,ACLS,2026-02-26,2026-06-26,
2026-04-14,2026-04-16,2,0.05041575005061061,0.011738608229505232,0.038677141821105376,False,False,73,SOX,ACLS,2026-02-26,2026-06-26,
2026-04-23,2026-05-07,10,0.13442015565361265,0.11646253912310933,0.017957616530503318,False,False,73,SOX,ACLS,2026-02-26,2026-06-26,
2026-04-01,2026-05-05,23,0.690024253931909,0.4259171209560162,0.26410713297589283,False,False,73,SOX,AMD,2026-02-26,2026-06-26,
2026-04-29,2026-06-02,23,0.8572523836711641,0.34451885916348535,0.5127335245076787,False,False,73,SOX,MRVL,2026-02-26,2026-06-26,
2026-05-07,2026-05-08,1,0.060052566459242396,0.05674713757179872,0.0033054288874436732,False,False,73,SOX,AMKR,2026-02-26,2026-06-26,
2026-04-17,2026-05-12,17,0.22625571398872268,0.2412257482637461,-0.014970034275023414,False,True,73,SOX,SMTC,2026-02-26,2026-06-26,
2026-05-15,2026-05-26,6,0.19485620054598618,0.12107696336908047,0.07377923717690571,False,False,73,SOX,SMTC,2026-02-26,2026-06-26,
2026-05-27,2026-06-02,4,0.05998732899260251,0.07276862733548861,-0.012781298342886105,False,True,73,SOX,SMTC,2026-02-26,2026-06-26,
2026-03-24,2026-03-25,1,0.016745074020223072,0.012403978462632859,0.004341095557590213,False,False,73,SOX,DIOD,2026-02-26,2026-06-26,
2026-04-29,2026-05-13,10,0.009504941430422242,0.17400390127120047,-0.16449895984077822,False,True,73,SOX,DIOD,2026-02-26,2026-06-26,
2026-04-30,2026-05-06,4,0.2889436375495966,0.09845269285858294,0.19049094469101369,False,False,73,SOX,MU,2026-02-26,2026-06-26,
2026-03-26,2026-03-27,1,-0.010988997554918778,-0.016329574411627412,0.005340576856708634,True,False,73,SOX,POWI,2026-02-26,2026-06-26,
2026-04-09,2026-04-22,9,0.3151814994078683,0.14034809446515828,0.17483340494271005,False,False,73,SOX,POWI,2026-02-26,2026-06-26,
2026-04-27,2026-05-20,17,-0.06960948143325107,0.1425089596315101,-0.2121184410647612,True,True,73,SOX,ICHR,2026-02-26,2026-06-26,
2026-04-29,2026-05-13,10,0.043113263876469965,0.17400390127120047,-0.1308906373947305,False,True,73,SOX,ALGM,2026-02-26,2026-06-26,
2026-02-27,2026-03-09,6,-0.05862485549936225,-0.045190050866102616,-0.013434804633259634,True,True,73,SOX,QRVO,2026-02-26,2026-06-26,
2026-03-23,2026-03-25,2,0.16962021007272,0.02572861426182138,0.1438915958108986,False,False,73,SOX,VECO,2026-02-26,2026-06-26,
2026-05-08,2026-05-11,1,0.008929305141170518,0.023947752662416555,-0.015018447521246037,False,True,73,SOX,SYNA,2026-02-26,2026-06-26,
2026-03-13,2026-06-26,72,0.07596058211303114,0.7825177810057282,-0.7065571988926971,False,True,73,SOX,SLAB,2026-02-26,2026-06-26,True
2026-04-16,2026-06-05,35,-0.031972319422038264,0.32964662072152406,-0.36161894014356233,True,True,73,SOX,AVGO,2026-02-26,2026-06-26,
2026-02-05,2026-02-13,6,0.08399844454305949,0.00819043771929806,0.07580800682376143,False,False,74,QQQ,FTNT,2025-12-30,2026-03-31,
2026-03-19,2026-03-30,7,-0.048965346009827715,-0.057394436814773964,0.008429090804946249,True,False,74,QQQ,FTNT,2025-12-30,2026-03-31,
2026-02-06,2026-02-13,5,0.09361589545534388,-0.012679508711310516,0.1062954041666544,False,False,74,QQQ,EXC,2025-12-30,2026-03-31,
2026-03-16,2026-03-31,11,-0.025253520241383165,-0.03743004247026582,0.012176522228882658,True,False,74,QQQ,EXC,2025-12-30,2026-03-31,True
2026-03-27,2026-03-31,2,0.0376233404069235,0.025951774878619327,0.011671565528304173,False,False,74,QQQ,PYPL,2025-12-30,2026-03-31,True
2026-01-12,2026-01-27,10,-0.03798603020818225,0.0063140970645125805,-0.044300127272694834,True,True,74,QQQ,VRSK,2025-12-30,2026-03-31,
2026-01-16,2026-01-27,6,0.09178736393949016,0.015887054191212613,0.07590030974827755,False,False,74,QQQ,BKR,2025-12-30,2026-03-31,
2026-02-03,2026-02-06,3,0.015862046398398277,-0.011143197626261592,0.02700524402465987,False,False,74,QQQ,BKR,2025-12-30,2026-03-31,
2026-02-11,2026-03-17,23,-0.06587712907471865,-0.015984084667302834,-0.04989304440741582,True,True,74,QQQ,BKR,2025-12-30,2026-03-31,
2026-01-02,2026-01-23,14,-0.002402080494781078,0.015657632332418014,-0.018059712827199093,True,True,74,QQQ,MDB,2025-12-30,2026-03-31,
2026-01-22,2026-03-19,39,-0.00855286986240833,-0.04468710765693995,0.03613423779453162,True,False,74,QQQ,CMCSA,2025-12-30,2026-03-31,
2026-01-14,2026-01-16,2,0.09293832731273244,0.002760103270580627,0.09017822404215181,False,False,74,QQQ,KLAC,2025-12-30,2026-03-31,
2026-01-20,2026-01-21,1,0.022756228106193932,0.013518379690002691,0.009237848416191241,False,False,74,QQQ,KLAC,2025-12-30,2026-03-31,
2026-03-03,2026-03-09,4,-0.008498949013089896,0.010272989060992943,-0.01877193807408284,True,True,74,QQQ,KLAC,2025-12-30,2026-03-31,
2026-03-25,2026-03-27,2,-0.06516949271634676,-0.042938291447299104,-0.02223120126904765,True,True,74,QQQ,KLAC,2025-12-30,2026-03-31,
2026-01-20,2026-01-21,1,0.025654715111482762,0.013518379690002691,0.012136335421480071,False,False,74,QQQ,ASML,2025-12-30,2026-03-31,
2026-02-03,2026-03-12,26,-0.030459093713758878,-0.031239912321483154,0.0007808186077242762,True,False,74,QQQ,ASML,2025-12-30,2026-03-31,
2026-03-27,2026-03-30,1,0.014799290337322635,-0.007643371872404492,0.022442662209727127,False,False,74,QQQ,TMUS,2025-12-30,2026-03-31,
2026-02-17,2026-02-19,2,-0.05296011012435642,0.0036087940661491125,-0.05656890419050553,True,True,74,QQQ,NXPI,2025-12-30,2026-03-31,
2025-12-31,2026-01-20,12,-0.1176048050383608,-0.010173939326640569,-0.10743086571172022,True,True,74,QQQ,CHTR,2025-12-30,2026-03-31,
2026-03-03,2026-03-20,13,-0.0714877681595284,-0.03244785859306576,-0.03903990956646264,True,True,74,QQQ,CHTR,2025-12-30,2026-03-31,
2026-03-06,2026-03-23,11,-0.09061523659514792,-0.01835521132174167,-0.07226002527340625,True,True,74,QQQ,CEG,2025-12-30,2026-03-31,
2026-01-22,2026-02-13,16,-0.09159192482116352,-0.030349951653627305,-0.06124197316753621,True,True,74,QQQ,CPRT,2025-12-30,2026-03-31,
2026-01-06,2026-03-05,40,0.14557678347993708,-0.023274856693567436,0.1688516401735045,False,False,74,QQQ,ROST,2025-12-30,2026-03-31,
2026-01-08,2026-01-12,2,0.0717587136740796,0.010798245248171634,0.060960468425907965,False,False,74,QQQ,INTC,2025-12-30,2026-03-31,
2026-01-16,2026-01-22,3,0.01030794034788296,-0.0008048453402970113,0.011112785688179971,False,False,74,QQQ,MCHP,2025-12-30,2026-03-31,
2026-01-28,2026-01-29,1,-0.011459919057512424,-0.005985274152202957,-0.005474644905309467,True,True,74,QQQ,MCHP,2025-12-30,2026-03-31,
2026-02-05,2026-03-05,19,-0.12597034314110644,0.01989845570571558,-0.14586879884682202,True,True,74,QQQ,MCHP,2025-12-30,2026-03-31,
2025-12-05,2025-12-10,3,-0.04398446999658756,0.0034052950428129503,-0.04738976503940051,True,True,75,QQQ,AMGN,2025-12-01,2026-06-02,
2026-02-04,2026-02-05,1,0.004369131914353952,-0.014395285110089362,0.018764417024443314,False,False,75,QQQ,AMGN,2025-12-01,2026-06-02,
2025-12-03,2025-12-04,1,-0.007766986170851586,-0.0009302875756749263,-0.00683669859517666,True,True,75,QQQ,PEP,2025-12-01,2026-06-02,
2026-02-02,2026-02-04,2,0.07074735461867543,-0.03256471827870244,0.10331207289737787,False,False,75,QQQ,PEP,2025-12-01,2026-06-02,
2025-12-16,2026-01-16,21,-0.056151643510280236,0.016854064223525533,-0.07300570773380577,True,True,75,QQQ,META,2025-12-01,2026-06-02,
2026-04-28,2026-05-01,3,-0.09323144402837369,0.025245242914236687,-0.11847668694261038,True,True,75,QQQ,META,2025-12-01,2026-06-02,
2026-03-27,2026-05-07,28,-0.0057422941550099305,0.23527311744198265,-0.24101541159699258,True,True,75,QQQ,EA,2025-12-01,2026-06-02,
2025-12-15,2026-01-14,20,-0.026466609023277576,0.016064824783212694,-0.04253143380649027,True,True,75,QQQ,PLTR,2025-12-01,2026-06-02,
2026-03-13,2026-04-10,19,-0.1516396147891078,0.03052039379704019,-0.182160008586148,True,True,75,QQQ,PLTR,2025-12-01,2026-06-02,
2025-12-15,2026-01-14,20,-0.13302005486819912,0.016064824783212694,-0.14908487965141182,True,True,75,QQQ,ADBE,2025-12-01,2026-06-02,
2026-03-03,2026-03-11,6,-0.0285542269843172,0.010156545241017279,-0.03871077222533448,True,True,75,QQQ,KHC,2025-12-01,2026-06-02,
2026-01-09,2026-01-21,7,-0.10669689689364537,-0.0165483271840019,-0.09014856970964347,True,True,75,QQQ,ISRG,2025-12-01,2026-06-02,
2025-12-17,2026-01-22,23,0.06950079761329064,0.035225681451927615,0.03427511616136303,False,False,75,QQQ,FAST,2025-12-01,2026-06-02,
2026-04-13,2026-04-14,1,-0.0257641815144265,0.01815697886050316,-0.04392116037492966,True,True,75,QQQ,FAST,2025-12-01,2026-06-02,
2026-01-08,2026-01-12,2,0.0717587136740796,0.010798245248171634,0.060960468425907965,False,False,75,QQQ,INTC,2025-12-01,2026-06-02,
2025-12-16,2026-01-06,13,0.2676712787992974,0.020389460341899923,0.2472818184573975,False,False,75,QQQ,LRCX,2025-12-01,2026-06-02,
2026-05-07,2026-05-19,8,-0.04586062916978517,0.009482917945894398,-0.05534354711567957,True,True,75,QQQ,LRCX,2025-12-01,2026-06-02,
2026-01-13,2026-01-22,6,-0.056089770912349124,-0.008750656741316476,-0.04733911417103265,True,True,75,QQQ,PDD,2025-12-01,2026-06-02,
2026-01-12,2026-01-27,10,-0.03798603020818225,0.0063140970645125805,-0.044300127272694834,True,True,75,QQQ,VRSK,2025-12-01,2026-06-02,
2025-12-31,2026-02-10,27,0.08002065227562971,-0.004623078344152987,0.0846437306197827,False,False,75,QQQ,LIN,2025-12-01,2026-06-02,
2026-02-24,2026-02-27,3,0.008095247295220487,-0.000954117707327562,0.009049365002548049,False,False,75,QQQ,LIN,2025-12-01,2026-06-02,
2026-03-10,2026-03-26,12,0.040202302039518356,-0.054718993799932725,0.09492129583945108,False,False,75,QQQ,LIN,2025-12-01,2026-06-02,
2026-03-27,2026-05-12,31,0.02596106753081595,0.2571366756404476,-0.23117560810963167,False,True,75,QQQ,LIN,2025-12-01,2026-06-02,
2025-12-05,2025-12-12,5,-0.14639581390548684,-0.018961528980412368,-0.12743428492507447,True,True,75,QQQ,MRVL,2025-12-01,2026-06-02,
2026-04-29,2026-06-02,23,0.8572523836711641,0.12786249601007227,0.7293898876610918,False,False,75,QQQ,MRVL,2025-12-01,2026-06-02,
2026-02-05,2026-02-11,4,0.04304746533166215,0.026933308821864177,0.016114156509797972,False,False,75,QQQ,GILD,2025-12-01,2026-06-02,
2025-12-05,2026-01-08,22,0.032376430509373444,-0.0067318481467585345,0.03910827865613198,False,False,75,QQQ,TXN,2025-12-01,2026-06-02,
2026-04-15,2026-04-24,7,0.2813354675171853,0.041543764016174656,0.23979170350101064,False,False,75,QQQ,TXN,2025-12-01,2026-06-02,
2026-05-27,2026-06-02,4,-0.029390447370249317,0.022907576441654864,-0.05229802381190418,True,True,75,QQQ,TXN,2025-12-01,2026-06-02,
2025-12-08,2026-02-18,48,0.10941786047928459,-0.02836783394411857,0.13778569442340316,False,False,75,QQQ,DXCM,2025-12-01,2026-06-02,
2026-02-27,2026-03-12,9,-0.11126240140257004,-0.016516056524414013,-0.09474634487815603,True,True,75,QQQ,DXCM,2025-12-01,2026-06-02,
2026-05-29,2026-06-02,2,-0.0039327491718009755,0.010632372637958687,-0.014565121809759662,True,True,75,QQQ,DXCM,2025-12-01,2026-06-02,True
2025-12-09,2026-01-29,34,0.028471268972632524,0.008304757491731651,0.020166511480900873,False,False,75,QQQ,NXPI,2025-12-01,2026-06-02,
2026-02-17,2026-02-19,2,-0.05296011012435642,0.0036087940661491125,-0.05656890419050553,True,True,75,QQQ,NXPI,2025-12-01,2026-06-02,
2026-04-21,2026-04-30,7,0.3077505544021306,0.03633227673024675,0.27141827767188387,False,False,75,QQQ,NXPI,2025-12-01,2026-06-02,
2025-12-08,2026-03-04,58,0.06315929151674093,-0.020412562914711163,0.0835718544314521,False,False,75,QQQ,MNST,2025-12-01,2026-06-02,
2026-03-18,2026-04-01,10,-0.04269961684153256,-0.01656293237618478,-0.02613668446534778,True,True,75,QQQ,ADSK,2025-12-01,2026-06-02,
2026-03-27,2026-03-30,1,0.014799290337322635,-0.007643371872404492,0.022442662209727127,False,False,75,QQQ,TMUS,2025-12-01,2026-06-02,
2026-01-15,2026-03-25,47,0.020320749461554932,-0.05342535249072988,0.07374610195228481,False,False,75,QQQ,COST,2025-12-01,2026-06-02,
2025-12-03,2026-01-09,25,0.11653754376066727,0.006314735867198662,0.11022280789346861,False,False,75,QQQ,ASML,2025-12-01,2026-06-02,
2026-01-20,2026-01-21,1,0.025654715111482762,0.013518379690002691,0.012136335421480071,False,False,75,QQQ,ASML,2025-12-01,2026-06-02,
2026-02-03,2026-03-12,26,-0.030459093713758878,-0.031239912321483154,0.0007808186077242762,True,False,75,QQQ,ASML,2025-12-01,2026-06-02,
2026-01-02,2026-01-26,15,-0.017596049330081964,0.020126637273099712,-0.03772268660318168,True,True,75,QQQ,REGN,2025-12-01,2026-06-02,
2026-02-13,2026-03-17,21,-0.05379547346504132,0.0023093674166867473,-0.05610484088172807,True,True,75,QQQ,REGN,2025-12-01,2026-06-02,
2026-02-12,2026-03-30,31,0.12087735475366412,-0.06935277331644951,0.19023012807011364,False,False,76,QQQ,ARM,2026-02-04,2026-07-07,
2026-04-24,2026-04-27,1,-0.08061834194712059,0.0005271940263615882,-0.08114553597348217,True,True,76,QQQ,ARM,2026-02-04,2026-07-07,
2026-04-30,2026-05-06,4,0.2889436375495966,0.04197747451053879,0.24696616303905783,False,False,76,QQQ,MU,2026-02-04,2026-07-07,
2026-04-13,2026-04-14,1,-0.0257641815144265,0.01815697886050316,-0.04392116037492966,True,True,76,QQQ,FAST,2026-02-04,2026-07-07,
2026-06-10,2026-07-07,17,0.02346301037095211,0.023814093634416,-0.0003510832634638916,False,True,76,QQQ,FAST,2026-02-04,2026-07-07,True
2026-02-05,2026-02-13,6,0.08399844454305949,0.00819043771929806,0.07580800682376143,False,False,76,QQQ,FTNT,2026-02-04,2026-07-07,
2026-03-19,2026-03-30,7,-0.048965346009827715,-0.057394436814773964,0.008429090804946249,True,False,76,QQQ,FTNT,2026-02-04,2026-07-07,
2026-06-30,2026-07-07,4,0.03287334469647307,-0.03662415921257023,0.0694975039090433,False,False,76,QQQ,FTNT,2026-02-04,2026-07-07,True
2026-04-20,2026-04-22,2,-0.031169555443901986,0.012863598395295162,-0.04403315383919715,True,True,76,QQQ,HOOD,2026-02-04,2026-07-07,
2026-04-23,2026-04-30,5,-0.1274838569447444,0.025052928159994714,-0.15253678510473911,True,True,76,QQQ,HOOD,2026-02-04,2026-07-07,
2026-06-02,2026-06-04,2,0.0019282913099329946,-0.007438052059240086,0.00936634336917308,False,False,76,QQQ,HOOD,2026-02-04,2026-07-07,
2026-06-30,2026-07-02,2,0.12415242051445907,-0.03231945687001059,0.15647187738446966,False,False,76,QQQ,HOOD,2026-02-04,2026-07-07,
2026-07-06,2026-07-07,1,-0.039557647002624874,-0.0185246873533641,-0.021032959649260774,True,True,76,QQQ,HOOD,2026-02-04,2026-07-07,True
2026-03-19,2026-04-02,10,-0.038470593660725805,-0.012313951127558953,-0.02615664253316685,True,True,76,QQQ,PANW,2026-02-04,2026-07-07,
2026-05-11,2026-05-20,7,0.15445099426370668,-0.00019616721807647064,0.15464716148178315,False,False,76,QQQ,PANW,2026-02-04,2026-07-07,
2026-05-22,2026-06-01,5,0.1531200647406481,0.03512003045148404,0.11800003428916406,False,False,76,QQQ,PANW,2026-02-04,2026-07-07,
2026-03-13,2026-04-10,19,-0.1516396147891078,0.03052039379704019,-0.182160008586148,True,True,76,QQQ,PLTR,2026-02-04,2026-07-07,
2026-04-13,2026-06-05,38,0.015747201884097617,0.14200095128626522,-0.1262537494021676,False,True,76,QQQ,AVGO,2026-02-04,2026-07-07,
2026-02-20,2026-03-20,20,-0.08759399792075884,-0.043938120305549666,-0.04365587761520917,True,True,76,QQQ,HON,2026-02-04,2026-07-07,
2026-04-28,2026-05-01,3,-0.09323144402837369,0.025245242914236687,-0.11847668694261038,True,True,76,QQQ,META,2026-02-04,2026-07-07,
2026-06-10,2026-06-29,12,-0.03772400918146546,0.04495628049154843,-0.08268028967301388,True,True,76,QQQ,IDXX,2026-02-04,2026-07-07,
2026-02-10,2026-02-13,3,-0.06540482255470637,-0.015618140130732927,-0.04978668242397344,True,True,76,QQQ,AAPL,2026-02-04,2026-07-07,
2026-05-26,2026-06-24,20,-0.049459996316075894,-0.025851894455166224,-0.02360810186090967,True,True,76,QQQ,AAPL,2026-02-04,2026-07-07,
2026-02-24,2026-02-27,3,0.008095247295220487,-0.000954117707327562,0.009049365002548049,False,False,76,QQQ,LIN,2026-02-04,2026-07-07,
2026-03-10,2026-03-26,12,0.040202302039518356,-0.054718993799932725,0.09492129583945108,False,False,76,QQQ,LIN,2026-02-04,2026-07-07,
2026-03-27,2026-05-12,31,0.02596106753081595,0.2571366756404476,-0.23117560810963167,False,True,76,QQQ,LIN,2026-02-04,2026-07-07,
2026-06-29,2026-07-02,3,0.06962003925138838,-0.01585465864676916,0.08547469789815754,False,False,76,QQQ,LIN,2026-02-04,2026-07-07,
2026-04-14,2026-04-29,11,-0.058120060504764814,0.05244994107512713,-0.11057000157989194,True,True,76,QQQ,PCAR,2026-02-04,2026-07-07,
2026-04-27,2026-05-20,17,0.05431510085298252,0.07364923899790976,-0.019334138144927238,False,True,76,QQQ,AMAT,2026-02-04,2026-07-07,
2026-05-28,2026-06-03,4,0.11361411930711895,0.011704782188317164,0.10190933711880179,False,False,76,QQQ,AMAT,2026-02-04,2026-07-07,
2026-06-04,2026-06-08,2,-0.018995412691686808,-0.03313484864160332,0.014139435949916512,True,False,76,QQQ,AMAT,2026-02-04,2026-07-07,
2026-07-06,2026-07-07,1,-0.0023992690236489533,-0.0185246873533641,0.016125418329715147,True,False,76,QQQ,TTWO,2026-02-04,2026-07-07,True
2026-03-24,2026-03-30,4,-0.03290158273005872,-0.04400829721394628,0.011106714483887559,True,False,76,QQQ,CRWD,2026-02-04,2026-07-07,
2026-05-08,2026-06-04,18,0.3625063952934342,0.041308762886598016,0.3211976324068362,False,False,76,QQQ,CRWD,2026-02-04,2026-07-07,
2026-07-06,2026-07-07,1,-0.023874057824518236,-0.0185246873533641,-0.005349370471154136,True,True,76,QQQ,CRWD,2026-02-04,2026-07-07,True
2026-02-04,2026-03-03,18,0.10943597808952132,-0.0068839945913780065,0.11631997268089933,False,False,76,QQQ,CCEP,2026-02-04,2026-07-07,
2026-06-16,2026-07-02,11,0.07426443878706146,-0.022575410641814564,0.09683984942887602,False,False,76,QQQ,CCEP,2026-02-04,2026-07-07,
2026-02-25,2026-03-12,11,-0.05086502881515431,-0.031491235415010754,-0.019373793400143557,True,True,76,QQQ,WBD,2026-02-04,2026-07-07,
2026-04-14,2026-04-17,3,0.15211656655447237,0.03221446709635889,0.11990209945811348,False,False,76,QQQ,ON,2026-02-04,2026-07-07,
2026-04-30,2026-05-08,6,0.023707959999297756,0.06513014627604341,-0.041422186276745654,False,True,76,QQQ,ON,2026-02-04,2026-07-07,
2026-05-11,2026-05-12,1,-0.02918684554054274,-0.008481790799397704,-0.020705054741145035,True,True,76,QQQ,ON,2026-02-04,2026-07-07,
2026-03-18,2026-03-27,7,-0.1386673161343014,-0.05313608289364269,-0.0855312332406587,True,True,76,QQQ,APP,2026-02-04,2026-07-07,
2026-05-07,2026-06-23,31,-0.0638443009506593,0.028051774852159372,-0.09189607580281867,True,True,76,QQQ,APP,2026-02-04,2026-07-07,
2026-03-24,2026-04-07,9,-0.04919636774341529,0.007894176517210472,-0.057090544260625764,True,True,76,QQQ,DDOG,2026-02-04,2026-07-07,
2026-05-05,2026-05-06,1,-0.013861175275462823,0.02077436440402569,-0.034635539679488514,True,True,76,QQQ,DDOG,2026-02-04,2026-07-07,
2026-07-06,2026-07-07,1,0.005638886591768255,-0.0185246873533641,0.024163573945132355,False,False,76,QQQ,DDOG,2026-02-04,2026-07-07,True
2026-02-05,2026-03-05,19,-0.12597034314110644,0.01989845570571558,-0.14586879884682202,True,True,76,QQQ,MCHP,2026-02-04,2026-07-07,
2026-04-15,2026-04-24,7,0.20069813111837465,0.041543764016174656,0.1591543671022,False,False,76,QQQ,MCHP,2026-02-04,2026-07-07,
2026-04-28,2026-05-11,9,0.17529072098002252,0.08476915753075809,0.09052156344926443,False,False,76,QQQ,MCHP,2026-02-04,2026-07-07,
2026-04-29,2026-06-02,23,0.8572523836711641,0.12786249601007227,0.7293898876610918,False,False,76,QQQ,MRVL,2026-02-04,2026-07-07,
2026-05-07,2026-05-19,8,-0.04586062916978517,0.009482917945894398,-0.05534354711567957,True,True,76,QQQ,LRCX,2026-02-04,2026-07-07,
2026-06-04,2026-06-08,2,-0.035551819885086045,-0.03313484864160332,-0.002416971243482724,True,True,76,QQQ,LRCX,2026-02-04,2026-07-07,
2026-05-12,2026-06-08,18,-0.07741472162530161,0.012485161602460604,-0.08989988322776221,True,True,76,QQQ,SNPS,2026-02-04,2026-07-07,
2026-02-27,2026-03-09,6,-0.10252748093318809,0.0007738957956664461,-0.10330137672885453,True,True,76,QQQ,GEHC,2026-02-04,2026-07-07,
2026-06-29,2026-07-07,5,-0.002459683949388669,-0.020232604226453454,0.017772920277064785,True,False,76,QQQ,GEHC,2026-02-04,2026-07-07,True
2025-12-11,2026-02-05,37,0.4354060255193293,0.05339802141928707,0.3820080041000422,False,False,77,SOX,SLAB,2025-11-17,2026-02-18,
2025-12-12,2026-02-12,41,0.4247875393091394,0.17542077181359583,0.24936676749554354,False,False,77,SOX,DIOD,2025-11-17,2026-02-18,
2025-12-05,2026-01-08,22,0.032376430509373444,0.03441574732231256,-0.002039316812939118,False,True,77,SOX,TXN,2025-11-17,2026-02-18,
2025-12-03,2026-01-09,25,0.11653754376066727,0.06433205096544503,0.05220549279522224,False,False,77,SOX,ASML,2025-11-17,2026-02-18,
2026-01-20,2026-01-21,1,0.025654715111482762,0.03198455457753302,-0.006329839466050258,False,True,77,SOX,ASML,2025-11-17,2026-02-18,
2026-02-03,2026-02-18,10,0.05356992535748817,0.035528346184843684,0.018041579172644484,False,False,77,SOX,ASML,2025-11-17,2026-02-18,True
2025-12-18,2026-02-18,40,0.26983696797842827,0.2255855550125032,0.04425141296592505,False,False,77,SOX,POWI,2025-11-17,2026-02-18,True
2025-12-29,2026-01-12,9,0.1331174255653773,0.08197956337016277,0.051137862195214545,False,False,77,SOX,KLAC,2025-11-17,2026-02-18,
2026-01-14,2026-01-16,2,0.09293832731273244,0.031846922691452395,0.06109140462128004,False,False,77,SOX,KLAC,2025-11-17,2026-02-18,
2026-01-20,2026-01-21,1,0.022756228106193932,0.03198455457753302,-0.009228326471339088,False,True,77,SOX,KLAC,2025-11-17,2026-02-18,
2025-12-08,2026-02-04,39,-0.10041865596064814,0.05788480969825893,-0.15830346565890707,True,True,77,SOX,SNPS,2025-11-17,2026-02-18,
2026-01-05,2026-02-18,30,0.12415833469376869,0.1253223926740128,-0.0011640579802441042,False,True,77,SOX,TSM,2025-11-17,2026-02-18,True
2025-12-08,2025-12-29,14,-0.09023023253274542,-0.022357924594988754,-0.06787230793775667,True,True,77,SOX,VECO,2025-11-17,2026-02-18,
2025-12-09,2026-01-29,34,0.028471268972632524,0.1584954800422682,-0.1300242110696357,False,True,77,SOX,NXPI,2025-11-17,2026-02-18,
2026-02-09,2026-02-18,6,-0.11392782087373299,0.014598811965081504,-0.1285266328388145,True,True,77,SOX,SMCI,2025-11-17,2026-02-18,True
2025-12-22,2026-02-04,29,0.3643140816726327,0.08734863317384889,0.2769654484987838,False,False,77,SOX,TER,2025-11-17,2026-02-18,
2025-12-04,2026-01-26,34,0.29032261497604295,0.12176002659587226,0.16856258838017069,False,False,77,SOX,FORM,2025-11-17,2026-02-18,
2025-11-18,2025-11-21,3,-0.013674438642651832,-0.022203986247979146,0.008529547605327314,True,False,77,SOX,NVDA,2025-11-17,2026-02-18,
2026-01-22,2026-01-26,2,-0.08479598049462722,-0.016061050937261956,-0.06873492955736527,True,True,77,SOX,RMBS,2025-11-17,2026-02-18,
2025-12-08,2025-12-30,15,-0.10522269477851065,-0.023638645085372056,-0.0815840496931386,True,True,77,SOX,ACLS,2025-11-17,2026-02-18,
2025-11-18,2025-11-19,1,0.038815951518385905,0.016715814691474318,0.022100136826911587,False,False,77,SOX,LRCX,2025-11-17,2026-02-18,
2025-12-16,2026-01-06,13,0.2676712787992974,0.10854143584181286,0.15912984295748456,False,False,77,SOX,LRCX,2025-11-17,2026-02-18,
2025-12-05,2026-02-18,49,0.2908294025483209,0.15851470118667388,0.13231470136164702,False,False,77,SOX,ON,2025-11-17,2026-02-18,True
2025-12-09,2025-12-11,2,0.5441805116490444,0.007495530417564122,0.5366849812314802,False,False,77,SOX,PLAB,2025-11-17,2026-02-18,
2026-02-17,2026-02-18,1,-0.02770584475446025,0.010787971978087896,-0.03849381673254815,True,True,77,SOX,PLAB,2025-11-17,2026-02-18,True
2025-12-04,2026-01-28,36,0.21846713230070836,0.17862119022921363,0.03984594207149472,False,False,77,SOX,GFS,2025-11-17,2026-02-18,
2025-12-17,2025-12-26,6,0.05455264214950106,0.07295857888661472,-0.01840593673711366,False,True,77,SOX,ALGM,2025-11-17,2026-02-18,
2026-01-09,2026-01-30,14,0.17961005968190613,0.053287764409406746,0.12632229527249939,False,False,77,SOX,ALGM,2025-11-17,2026-02-18,
2026-02-05,2026-02-18,8,-0.0007767679991339538,0.0818850992074851,-0.08266186720661906,True,True,77,SOX,ALGM,2025-11-17,2026-02-18,True
2025-12-01,2026-02-18,53,0.3042413693777333,0.20720881227040655,0.09703255710732672,False,False,77,SOX,ADI,2025-11-17,2026-02-18,True
2026-01-29,2026-02-18,13,0.004369614535245425,-0.008888712925027797,0.013258327460273223,False,False,77,SOX,MPWR,2025-11-17,2026-02-18,True
2025-12-17,2026-01-08,14,0.3527213039513417,0.12042902975066272,0.232292274200679,False,False,77,SOX,UCTT,2025-11-17,2026-02-18,
2026-01-14,2026-01-15,1,0.05498788856776948,0.01602894886929529,0.03895893969847419,False,False,77,SOX,UCTT,2025-11-17,2026-02-18,
2026-01-20,2026-01-23,3,-0.0173971231872323,0.021816958087112148,-0.03921408127434445,True,True,77,SOX,UCTT,2025-11-17,2026-02-18,
2025-12-18,2026-01-26,24,0.7743619813635219,0.17473629415880265,0.5996256872047192,False,False,77,SOX,ICHR,2025-11-17,2026-02-18,
2025-11-28,2025-12-03,3,0.0649356193714099,0.042528812428302754,0.02240680694310715,False,False,77,SOX,AMAT,2025-11-17,2026-02-18,
2025-12-04,2026-02-02,39,0.2188242301861325,0.15321515964715715,0.06560907053897536,False,False,77,SOX,AMAT,2025-11-17,2026-02-18,
2025-12-05,2025-12-12,5,-0.14639581390548684,-0.03206203854991685,-0.11433377535556999,True,True,77,SOX,MRVL,2025-11-17,2026-02-18,
2025-12-05,2026-02-03,39,0.08567772164599519,-0.013055100063473435,0.09873282170946862,False,False,78,QQQ,ON,2025-11-03,2026-02-03,True
2025-11-10,2025-11-20,8,-0.18243686155673444,-0.0602666368385264,-0.12217022471820804,True,True,78,QQQ,PDD,2025-11-03,2026-02-03,
2026-01-13,2026-01-22,6,-0.056089770912349124,-0.008750656741316476,-0.04733911417103265,True,True,78,QQQ,PDD,2025-11-03,2026-02-03,
2025-11-05,2025-11-26,15,0.03972770232228107,-0.014455821843590733,0.0541835241658718,False,False,78,QQQ,AMAT,2025-11-03,2026-02-03,
2025-11-28,2025-12-03,3,0.0649356193714099,0.0068954308237083595,0.05804018854770154,False,False,78,QQQ,AMAT,2025-11-03,2026-02-03,
2025-12-04,2026-02-02,39,0.2188242301861325,0.006432031769957325,0.21239219841617518,False,False,78,QQQ,AMAT,2025-11-03,2026-02-03,
2025-11-20,2025-12-22,21,0.04997924342620075,0.058629942697680404,-0.008650699271479656,False,True,78,QQQ,ISRG,2025-11-03,2026-02-03,
2026-01-09,2026-01-21,7,-0.10669689689364537,-0.0165483271840019,-0.09014856970964347,True,True,78,QQQ,ISRG,2025-11-03,2026-02-03,
2025-12-03,2025-12-04,1,-0.007766986170851586,-0.0009302875756749263,-0.00683669859517666,True,True,78,QQQ,PEP,2025-11-03,2026-02-03,
2026-02-02,2026-02-03,1,0.04929130554328465,-0.015363995860281365,0.06465530140356601,False,False,78,QQQ,PEP,2025-11-03,2026-02-03,True
2025-12-16,2026-01-16,21,-0.056151643510280236,0.016854064223525533,-0.07300570773380577,True,True,78,QQQ,META,2025-11-03,2026-02-03,
2025-11-10,2025-11-12,2,-0.10203896890207653,-0.00344973057365372,-0.09858923832842281,True,True,78,QQQ,APP,2025-11-03,2026-02-03,
2025-12-05,2026-01-15,27,-0.12277077767913103,-0.0046347074291354096,-0.11813607024999562,True,True,78,QQQ,APP,2025-11-03,2026-02-03,
2025-12-15,2026-01-22,25,-0.13894279553223432,0.01804923644599077,-0.1569920319782251,True,True,78,QQQ,SHOP,2025-11-03,2026-02-03,
2025-11-26,2025-12-02,3,-0.05430719468948686,0.012584003385864406,-0.06689119807535127,True,True,78,QQQ,REGN,2025-11-03,2026-02-03,
2026-01-02,2026-01-26,15,-0.017596049330081964,0.020126637273099712,-0.03772268660318168,True,True,78,QQQ,REGN,2025-11-03,2026-02-03,
2025-12-30,2026-01-29,20,-0.1092971637977479,0.016143871212493055,-0.12544103501024095,True,True,78,QQQ,AXON,2025-11-03,2026-02-03,
2026-01-22,2026-02-03,8,-0.05645751890502748,-0.0068302864425259235,-0.04962723246250156,True,True,78,QQQ,CPRT,2025-11-03,2026-02-03,True
2026-01-12,2026-01-27,10,-0.03798603020818225,0.0063140970645125805,-0.044300127272694834,True,True,78,QQQ,VRSK,2025-11-03,2026-02-03,
2025-12-05,2025-12-12,5,-0.14639581390548684,-0.018961528980412368,-0.12743428492507447,True,True,78,QQQ,MRVL,2025-11-03,2026-02-03,
2025-11-12,2025-12-17,24,-0.047128126983387975,-0.033280858047365025,-0.01384726893602295,True,True,78,QQQ,BKR,2025-11-03,2026-02-03,
2026-01-16,2026-01-27,6,0.09178736393949016,0.015887054191212613,0.07590030974827755,False,False,78,QQQ,BKR,2025-11-03,2026-02-03,
2026-02-03,2026-02-03,0,0.0,0.0,0.0,True,False,78,QQQ,BKR,2025-11-03,2026-02-03,True
2025-11-05,2025-11-06,1,-0.017328045113835344,-0.0186273637779365,0.0012993186641011567,True,False,78,QQQ,LRCX,2025-11-03,2026-02-03,
2025-11-10,2025-11-17,5,-0.11366229642758885,-0.031400932470125875,-0.08226136395746297,True,True,78,QQQ,LRCX,2025-11-03,2026-02-03,
2025-12-16,2026-01-06,13,0.2676712787992974,0.020389460341899923,0.2472818184573975,False,False,78,QQQ,LRCX,2025-11-03,2026-02-03,
2025-12-03,2026-01-09,25,0.11653754376066727,0.006314735867198662,0.11022280789346861,False,False,78,QQQ,ASML,2025-11-03,2026-02-03,
2026-01-20,2026-01-21,1,0.025654715111482762,0.013518379690002691,0.012136335421480071,False,False,78,QQQ,ASML,2025-11-03,2026-02-03,
2026-02-03,2026-02-03,0,0.0,0.0,0.0,True,False,78,QQQ,ASML,2025-11-03,2026-02-03,True
2025-12-22,2026-01-21,19,-0.12095024792852638,-0.004731832212620635,-0.11621841571590574,True,True,78,QQQ,DASH,2025-11-03,2026-02-03,
2025-12-05,2026-01-08,22,0.032376430509373444,-0.0067318481467585345,0.03910827865613198,False,False,78,QQQ,TXN,2025-11-03,2026-02-03,
2025-11-28,2025-12-12,10,-0.07463123466712962,-0.009091720259874814,-0.0655395144072548,True,True,78,QQQ,ORLY,2025-11-03,2026-02-03,
2026-01-23,2026-02-03,7,-0.02146533115746052,-0.009956271042902753,-0.011509060114557768,True,True,78,QQQ,ORLY,2025-11-03,2026-02-03,True
2025-11-28,2025-12-03,3,-0.013335111728055349,0.0068954308237083595,-0.02023054255176371,True,True,78,QQQ,MNST,2025-11-03,2026-02-03,
2025-12-08,2026-02-03,38,0.10860154874433836,-0.01115790740026057,0.11975945614459893,False,False,78,QQQ,MNST,2025-11-03,2026-02-03,True
2025-12-15,2026-01-30,31,-0.01851151268189344,0.019869601538405668,-0.038381114220299106,True,True,78,QQQ,ABNB,2025-11-03,2026-02-03,
2025-11-03,2025-11-28,18,-0.0993903099554041,-0.02029809145102246,-0.07909221850438164,True,True,78,QQQ,MDB,2025-11-03,2026-02-03,
2026-01-02,2026-01-23,14,-0.002402080494781078,0.015657632332418014,-0.018059712827199093,True,True,78,QQQ,MDB,2025-11-03,2026-02-03,
2026-01-22,2026-02-03,8,0.018132092137661537,-0.0068302864425259235,0.02496237858018746,False,False,78,QQQ,CMCSA,2025-11-03,2026-02-03,True
2026-06-24,2026-07-09,10,0.044823205483607964,0.017815477001318802,0.02700772848228916,False,False,79,QQQ,VRTX,2026-05-18,2026-07-17,
2026-06-30,2026-07-17,12,0.03229274237717572,-0.0557713280317953,0.08806407040897102,False,False,79,QQQ,SBUX,2026-05-18,2026-07-17,True
2026-06-08,2026-06-29,14,0.09719085650131398,0.012297328523453555,0.08489352797786043,False,False,79,QQQ,KDP,2026-05-18,2026-07-17,
2026-07-13,2026-07-17,4,0.057255638822695465,-0.02305613478192714,0.0803117736046226,False,False,79,QQQ,ZS,2026-05-18,2026-07-17,True
2026-06-24,2026-07-17,16,0.010941841397772656,-0.021516391506577692,0.03245823290435035,False,False,79,QQQ,ABNB,2026-05-18,2026-07-17,True
2026-06-08,2026-07-17,27,0.0594683623210448,-0.027896500208375752,0.08736486252942055,False,False,79,QQQ,AMGN,2026-05-18,2026-07-17,True
2026-06-01,2026-06-02,1,-0.013419860756184288,0.004604508800567064,-0.018024369556751352,True,True,79,QQQ,MDB,2026-05-18,2026-07-17,
2026-05-27,2026-06-02,4,-0.029390447370249317,0.022907576441654864,-0.05229802381190418,True,True,79,QQQ,TXN,2026-05-18,2026-07-17,
2026-06-16,2026-07-02,11,0.07426443878706146,-0.022575410641814564,0.09683984942887602,False,False,79,QQQ,CCEP,2026-05-18,2026-07-17,
2026-06-03,2026-06-18,11,-0.06362790997120438,-0.004823907744591183,-0.058804002226613195,True,True,79,QQQ,ODFL,2026-05-18,2026-07-17,
2026-06-29,2026-07-17,13,-0.03043817814401828,-0.03970555645983631,0.009267378315818031,True,False,79,QQQ,GEHC,2026-05-18,2026-07-17,
2026-05-28,2026-06-03,4,0.11361411930711895,0.011704782188317164,0.10190933711880179,False,False,79,QQQ,AMAT,2026-05-18,2026-07-17,
2026-06-04,2026-06-08,2,-0.018995412691686808,-0.03313484864160332,0.014139435949916512,True,False,79,QQQ,AMAT,2026-05-18,2026-07-17,
2026-07-07,2026-07-16,7,0.24271626825852777,-0.004919428654562075,0.24763569691308984,False,False,79,QQQ,PYPL,2026-05-18,2026-07-17,
2025-11-03,2025-11-13,8,-0.04852993831984209,-0.03746359626721818,-0.011066342052623912,True,True,80,QQQ,MDB,2025-10-16,2025-11-13,True
2025-10-24,2025-11-06,9,0.08167682961042377,-0.008799189260742413,0.09047601887116619,False,False,80,QQQ,AMGN,2025-10-16,2025-11-13,
2025-10-24,2025-11-13,14,0.004665140594871664,-0.014098000460403659,0.018763141055275323,False,False,80,QQQ,CRWD,2025-10-16,2025-11-13,True
2025-11-07,2025-11-13,4,-0.012810867520661184,-0.0021975917713580317,-0.010613275749303153,True,True,80,QQQ,MAR,2025-10-16,2025-11-13,True
2025-10-28,2025-11-13,12,0.03982408345282695,-0.03874092009685226,0.07856500354967921,False,False,80,QQQ,GOOG,2025-10-16,2025-11-13,True
2026-05-01,2026-05-11,6,0.054071354133128136,0.14387550598343357,-0.08980415185030544,False,True,81,SOX,MCHP,2025-12-15,2026-06-16,
2026-03-23,2026-03-25,2,0.16962021007272,0.02572861426182138,0.1438915958108986,False,False,81,SOX,VECO,2025-12-15,2026-06-16,
2026-04-30,2026-05-06,4,0.2889436375495966,0.09845269285858294,0.19049094469101369,False,False,81,SOX,MU,2025-12-15,2026-06-16,
2026-03-13,2026-06-16,65,0.08128078817733986,0.7864457251127008,-0.705164936935361,False,True,81,SOX,SLAB,2025-12-15,2026-06-16,True
2025-12-17,2026-02-09,35,0.44057057471909444,0.2367913212068813,0.20377925351221315,False,False,81,SOX,ENTG,2025-12-15,2026-06-16,
2026-03-25,2026-04-09,10,0.07327713933029734,0.09668359365258361,-0.023406454322286274,False,True,81,SOX,ACLS,2025-12-15,2026-06-16,
2026-04-14,2026-04-16,2,0.05041575005061061,0.011738608229505232,0.038677141821105376,False,False,81,SOX,ACLS,2025-12-15,2026-06-16,
2026-04-23,2026-05-07,10,0.13442015565361265,0.11646253912310933,0.017957616530503318,False,False,81,SOX,ACLS,2025-12-15,2026-06-16,
2026-03-30,2026-05-27,40,0.2548976652938941,0.8205233964701306,-0.5656257311762365,False,True,81,SOX,CRUS,2025-12-15,2026-06-16,
2026-03-26,2026-04-21,17,0.7332742339759895,0.279306748845612,0.45396748513037743,False,False,81,SOX,AOSL,2025-12-15,2026-06-16,
2026-02-12,2026-03-30,31,0.12087735475366412,-0.11811987017918635,0.23899722493285047,False,False,81,SOX,ARM,2025-12-15,2026-06-16,
2026-04-30,2026-05-08,6,0.023707959999297756,0.12755721140514154,-0.10384925140584378,False,True,81,SOX,ON,2025-12-15,2026-06-16,
2026-05-11,2026-05-12,1,-0.02918684554054274,-0.03147767169073823,0.0022908261501954907,True,False,81,SOX,ON,2025-12-15,2026-06-16,
2026-01-22,2026-01-26,2,-0.08479598049462722,-0.016061050937261956,-0.06873492955736527,True,True,81,SOX,RMBS,2025-12-15,2026-06-16,
2026-01-13,2026-02-17,23,0.08728449324199805,0.06240639036861606,0.02487810287338199,False,False,81,SOX,COHU,2025-12-15,2026-06-16,
2026-04-17,2026-04-21,2,0.08773637648678201,0.012003581207328029,0.07573279527945398,False,False,81,SOX,COHU,2025-12-15,2026-06-16,
2026-04-23,2026-05-13,14,0.078779902932403,0.19793650284837905,-0.11915659991597605,False,True,81,SOX,COHU,2025-12-15,2026-06-16,
2026-01-26,2026-02-05,8,-0.2340137604150906,-0.035677927281302146,-0.19833583313378844,True,True,81,SOX,AMD,2025-12-15,2026-06-16,
2026-04-01,2026-05-05,23,0.690024253931909,0.4259171209560162,0.26410713297589283,False,False,81,SOX,AMD,2025-12-15,2026-06-16,
2025-12-17,2025-12-26,6,0.05455264214950106,0.07295857888661472,-0.01840593673711366,False,True,81,SOX,ALGM,2025-12-15,2026-06-16,
2026-01-09,2026-01-30,14,0.17961005968190613,0.053287764409406746,0.12632229527249939,False,False,81,SOX,ALGM,2025-12-15,2026-06-16,
2026-02-05,2026-02-19,9,-0.06110825156971045,0.07559780290003904,-0.13670605446974948,True,True,81,SOX,ALGM,2025-12-15,2026-06-16,
2026-04-29,2026-05-13,10,0.043113263876469965,0.17400390127120047,-0.1308906373947305,False,True,81,SOX,ALGM,2025-12-15,2026-06-16,
2026-04-17,2026-05-12,17,0.22625571398872268,0.2412257482637461,-0.014970034275023414,False,True,81,SOX,SMTC,2025-12-15,2026-06-16,
2026-05-15,2026-05-26,6,0.19485620054598618,0.12107696336908047,0.07377923717690571,False,False,81,SOX,SMTC,2025-12-15,2026-06-16,
2026-05-27,2026-06-02,4,0.05998732899260251,0.07276862733548861,-0.012781298342886105,False,True,81,SOX,SMTC,2025-12-15,2026-06-16,
2026-05-07,2026-05-08,1,0.060052566459242396,0.05674713757179872,0.0033054288874436732,False,False,81,SOX,AMKR,2025-12-15,2026-06-16,
2025-12-18,2026-03-25,65,0.44378476591459703,0.18292929402824698,0.26085547188635005,False,False,81,SOX,POWI,2025-12-15,2026-06-16,
2026-03-26,2026-03-27,1,-0.010988997554918778,-0.016329574411627412,0.005340576856708634,True,False,81,SOX,POWI,2025-12-15,2026-06-16,
2026-04-09,2026-04-22,9,0.3151814994078683,0.14034809446515828,0.17483340494271005,False,False,81,SOX,POWI,2025-12-15,2026-06-16,
2026-01-29,2026-03-11,28,-0.09471335968513672,-0.05272342567121546,-0.04198993401392126,True,True,81,SOX,MPWR,2025-12-15,2026-06-16,
2026-04-13,2026-04-20,5,0.08645048699317237,0.06154982668039133,0.024900660312781042,False,False,81,SOX,MPWR,2025-12-15,2026-06-16,
2026-04-21,2026-06-08,33,0.020439280339666688,0.35833131032070287,-0.3378920299810362,False,True,81,SOX,MPWR,2025-12-15,2026-06-16,
2026-02-17,2026-02-26,7,0.0010357565156304815,0.0076248645334657805,-0.006589108017835299,False,True,81,SOX,PLAB,2025-12-15,2026-06-16,
2026-01-05,2026-03-16,48,0.055795335935532986,0.06215806637492549,-0.0063627304393925055,False,True,81,SOX,TSM,2025-12-15,2026-06-16,
2026-02-27,2026-03-09,6,-0.05862485549936225,-0.045190050866102616,-0.013434804633259634,True,True,81,SOX,QRVO,2025-12-15,2026-06-16,
2025-12-16,2026-01-06,13,0.2676712787992974,0.10854143584181286,0.15912984295748456,False,False,81,SOX,LRCX,2025-12-15,2026-06-16,
2026-05-04,2026-05-06,2,0.06715874158105195,0.0969787352589564,-0.029819993677904444,False,True,82,SOX,GFS,2026-01-27,2026-06-26,
2026-04-17,2026-04-21,2,0.08773637648678201,0.012003581207328029,0.07573279527945398,False,False,82,SOX,COHU,2026-01-27,2026-06-26,
2026-04-23,2026-05-13,14,0.078779902932403,0.19793650284837905,-0.11915659991597605,False,True,82,SOX,COHU,2026-01-27,2026-06-26,
2026-04-30,2026-05-08,6,0.023707959999297756,0.12755721140514154,-0.10384925140584378,False,True,82,SOX,ON,2026-01-27,2026-06-26,
2026-05-11,2026-05-12,1,-0.02918684554054274,-0.03147767169073823,0.0022908261501954907,True,False,82,SOX,ON,2026-01-27,2026-06-26,
2026-03-03,2026-03-09,4,-0.008498949013089896,0.00474935785020647,-0.013248306863296366,True,True,82,SOX,KLAC,2026-01-27,2026-06-26,
2026-03-25,2026-03-27,2,-0.06516949271634676,-0.06305569032017067,-0.00211380239617609,True,True,82,SOX,KLAC,2026-01-27,2026-06-26,
2026-04-17,2026-05-12,17,0.22625571398872268,0.2412257482637461,-0.014970034275023414,False,True,82,SOX,SMTC,2026-01-27,2026-06-26,
2026-05-15,2026-05-26,6,0.19485620054598618,0.12107696336908047,0.07377923717690571,False,False,82,SOX,SMTC,2026-01-27,2026-06-26,
2026-05-27,2026-06-02,4,0.05998732899260251,0.07276862733548861,-0.012781298342886105,False,True,82,SOX,SMTC,2026-01-27,2026-06-26,
2026-02-27,2026-03-09,6,-0.05862485549936225,-0.045190050866102616,-0.013434804633259634,True,True,82,SOX,QRVO,2026-01-27,2026-06-26,
2026-05-08,2026-05-11,1,0.008929305141170518,0.023947752662416555,-0.015018447521246037,False,True,82,SOX,SYNA,2026-01-27,2026-06-26,
2026-03-26,2026-04-21,17,0.7332742339759895,0.279306748845612,0.45396748513037743,False,False,82,SOX,AOSL,2026-01-27,2026-06-26,
2026-05-01,2026-05-11,6,0.054071354133128136,0.14387550598343357,-0.08980415185030544,False,True,82,SOX,MCHP,2026-01-27,2026-06-26,
2026-03-23,2026-03-25,2,0.16962021007272,0.02572861426182138,0.1438915958108986,False,False,82,SOX,VECO,2026-01-27,2026-06-26,
2026-04-30,2026-05-06,4,0.2889436375495966,0.09845269285858294,0.19049094469101369,False,False,82,SOX,MU,2026-01-27,2026-06-26,
2026-04-29,2026-06-02,23,0.8572523836711641,0.34451885916348535,0.5127335245076787,False,False,82,SOX,MRVL,2026-01-27,2026-06-26,
2026-01-29,2026-03-11,28,-0.09471335968513672,-0.05272342567121546,-0.04198993401392126,True,True,82,SOX,MPWR,2026-01-27,2026-06-26,
2026-04-13,2026-04-20,5,0.08645048699317237,0.06154982668039133,0.024900660312781042,False,False,82,SOX,MPWR,2026-01-27,2026-06-26,
2026-04-21,2026-06-08,33,0.020439280339666688,0.35833131032070287,-0.3378920299810362,False,True,82,SOX,MPWR,2026-01-27,2026-06-26,
2026-04-16,2026-06-05,35,-0.031972319422038264,0.32964662072152406,-0.36161894014356233,True,True,82,SOX,AVGO,2026-01-27,2026-06-26,
2026-04-01,2026-05-05,23,0.690024253931909,0.4259171209560162,0.26410713297589283,False,False,82,SOX,AMD,2026-01-27,2026-06-26,
2026-04-08,2026-04-09,1,0.02690341000839247,0.022219252910562037,0.0046841570978304325,False,False,82,SOX,ONTO,2026-01-27,2026-06-26,
2026-04-27,2026-04-28,1,-0.05327204035097466,-0.036670261961282424,-0.016601778389692234,True,True,82,SOX,ONTO,2026-01-27,2026-06-26,
2026-04-29,2026-05-27,19,-0.0613701270106114,0.25331672170816755,-0.31468684871877894,True,True,82,SOX,ONTO,2026-01-27,2026-06-26,
2026-03-25,2026-04-09,10,0.07327713933029734,0.09668359365258361,-0.023406454322286274,False,True,82,SOX,ACLS,2026-01-27,2026-06-26,
2026-04-14,2026-04-16,2,0.05041575005061061,0.011738608229505232,0.038677141821105376,False,False,82,SOX,ACLS,2026-01-27,2026-06-26,
2026-04-23,2026-05-07,10,0.13442015565361265,0.11646253912310933,0.017957616530503318,False,False,82,SOX,ACLS,2026-01-27,2026-06-26,
2026-04-21,2026-04-30,7,0.3077505544021306,0.03633227673024675,0.27141827767188387,False,False,83,QQQ,NXPI,2026-04-17,2026-06-16,
2026-04-30,2026-05-06,4,0.2889436375495966,0.04197747451053879,0.24696616303905783,False,False,83,QQQ,MU,2026-04-17,2026-06-16,
2026-05-08,2026-06-04,18,0.3625063952934342,0.041308762886598016,0.3211976324068362,False,False,83,QQQ,CRWD,2026-04-17,2026-06-16,
2026-04-20,2026-06-02,30,-0.20332531013370847,0.15363566747854152,-0.35696097761225,True,True,83,QQQ,MSTR,2026-04-17,2026-06-16,
2026-05-08,2026-05-29,14,0.12047946847829816,0.038074914089347045,0.08240455438895111,False,False,83,QQQ,MDB,2026-04-17,2026-06-16,
2026-06-01,2026-06-02,1,-0.013419860756184288,0.004604508800567064,-0.018024369556751352,True,True,83,QQQ,MDB,2026-04-17,2026-06-16,
2026-05-05,2026-05-06,1,-0.013861175275462823,0.02077436440402569,-0.034635539679488514,True,True,83,QQQ,DDOG,2026-04-17,2026-06-16,
2026-06-08,2026-06-16,6,0.006102985811220041,0.019257864777938893,-0.013154878966718853,False,True,83,QQQ,AMGN,2026-04-17,2026-06-16,True
2026-04-28,2026-05-11,9,0.17529072098002252,0.08476915753075809,0.09052156344926443,False,False,83,QQQ,MCHP,2026-04-17,2026-06-16,
2026-04-20,2026-04-22,2,-0.031169555443901986,0.012863598395295162,-0.04403315383919715,True,True,83,QQQ,HOOD,2026-04-17,2026-06-16,
2026-04-23,2026-04-30,5,-0.1274838569447444,0.025052928159994714,-0.15253678510473911,True,True,83,QQQ,HOOD,2026-04-17,2026-06-16,
2026-06-02,2026-06-04,2,0.0019282913099329946,-0.007438052059240086,0.00936634336917308,False,False,83,QQQ,HOOD,2026-04-17,2026-06-16,
2026-04-28,2026-05-01,3,-0.09323144402837369,0.025245242914236687,-0.11847668694261038,True,True,83,QQQ,META,2026-04-17,2026-06-16,
2026-05-07,2026-06-16,27,0.032734013369570825,0.050248922969195364,-0.01751490959962454,False,True,83,QQQ,APP,2026-04-17,2026-06-16,True
2026-05-11,2026-05-20,7,0.15445099426370668,-0.00019616721807647064,0.15464716148178315,False,False,83,QQQ,PANW,2026-04-17,2026-06-16,
2026-05-22,2026-06-01,5,0.1531200647406481,0.03512003045148404,0.11800003428916406,False,False,83,QQQ,PANW,2026-04-17,2026-06-16,
2026-06-10,2026-06-16,4,0.028836135828263387,0.05214137904882965,-0.023305243220566263,False,True,83,QQQ,IDXX,2026-04-17,2026-06-16,True
2026-04-30,2026-05-08,6,0.023707959999297756,0.06513014627604341,-0.041422186276745654,False,True,83,QQQ,ON,2026-04-17,2026-06-16,
2026-05-11,2026-05-12,1,-0.02918684554054274,-0.008481790799397704,-0.020705054741145035,True,True,83,QQQ,ON,2026-04-17,2026-06-16,
2026-06-10,2026-06-16,4,0.01907683237841118,0.05214137904882965,-0.03306454667041847,False,True,83,QQQ,MNST,2026-04-17,2026-06-16,True
2026-05-07,2026-06-01,16,0.2301802437784808,0.06878296178503551,0.16139728199344527,False,False,84,QQQ,APP,2026-05-01,2026-06-01,True
2026-05-28,2026-06-01,2,0.01888013896601004,0.009706416897309111,0.009173722068700929,False,False,84,QQQ,AMAT,2026-05-01,2026-06-01,True
2026-04-27,2026-05-20,17,-0.06960948143325107,0.1425089596315101,-0.2121184410647612,True,True,85,SOX,ICHR,2025-12-26,2026-06-29,
2026-01-20,2026-01-21,1,0.025654715111482762,0.03198455457753302,-0.006329839466050258,False,True,85,SOX,ASML,2025-12-26,2026-06-29,
2026-02-03,2026-03-12,26,-0.030459093713758878,-0.04469970882795249,0.014240615114193611,True,False,85,SOX,ASML,2025-12-26,2026-06-29,
2026-01-05,2026-03-16,48,0.055795335935532986,0.06215806637492549,-0.0063627304393925055,False,True,85,SOX,TSM,2025-12-26,2026-06-29,
2026-04-30,2026-05-08,6,0.023707959999297756,0.12755721140514154,-0.10384925140584378,False,True,85,SOX,ON,2025-12-26,2026-06-29,
2026-05-11,2026-05-12,1,-0.02918684554054274,-0.03147767169073823,0.0022908261501954907,True,False,85,SOX,ON,2025-12-26,2026-06-29,
2026-03-03,2026-03-10,5,-0.20479618127770405,0.012037747739962246,-0.2168339290176663,True,True,85,SOX,WOLF,2025-12-26,2026-06-29,
2026-03-16,2026-03-17,1,-0.024536573565728914,0.007783904895176663,-0.03232047846090558,True,True,85,SOX,WOLF,2025-12-26,2026-06-29,
2026-04-13,2026-05-04,15,0.48819872440628354,0.17470897543066366,0.3134897489756199,False,False,85,SOX,WOLF,2025-12-26,2026-06-29,
2026-05-04,2026-05-06,2,0.06715874158105195,0.0969787352589564,-0.029819993677904444,False,True,85,SOX,GFS,2025-12-26,2026-06-29,
2026-02-27,2026-03-05,4,-0.052030887377579216,-0.04124442656068228,-0.010786460816896937,True,True,85,SOX,SWKS,2025-12-26,2026-06-29,
2025-12-29,2026-01-12,9,0.1331174255653773,0.08197956337016277,0.051137862195214545,False,False,85,SOX,KLAC,2025-12-26,2026-06-29,
2026-01-14,2026-01-16,2,0.09293832731273244,0.031846922691452395,0.06109140462128004,False,False,85,SOX,KLAC,2025-12-26,2026-06-29,
2026-01-20,2026-01-21,1,0.022756228106193932,0.03198455457753302,-0.009228326471339088,False,True,85,SOX,KLAC,2025-12-26,2026-06-29,
2026-03-03,2026-03-09,4,-0.008498949013089896,0.00474935785020647,-0.013248306863296366,True,True,85,SOX,KLAC,2025-12-26,2026-06-29,
2026-03-25,2026-03-27,2,-0.06516949271634676,-0.06305569032017067,-0.00211380239617609,True,True,85,SOX,KLAC,2025-12-26,2026-06-29,
2026-02-17,2026-02-26,7,0.0010357565156304815,0.0076248645334657805,-0.006589108017835299,False,True,85,SOX,PLAB,2025-12-26,2026-06-29,
2026-03-26,2026-03-27,1,-0.010988997554918778,-0.016329574411627412,0.005340576856708634,True,False,85,SOX,POWI,2025-12-26,2026-06-29,
2026-04-09,2026-04-22,9,0.3151814994078683,0.14034809446515828,0.17483340494271005,False,False,85,SOX,POWI,2025-12-26,2026-06-29,
2026-04-30,2026-05-06,4,0.2889436375495966,0.09845269285858294,0.19049094469101369,False,False,85,SOX,MU,2025-12-26,2026-06-29,
2026-01-22,2026-01-26,2,-0.08479598049462722,-0.016061050937261956,-0.06873492955736527,True,True,85,SOX,RMBS,2025-12-26,2026-06-29,
2026-03-26,2026-04-21,17,0.7332742339759895,0.279306748845612,0.45396748513037743,False,False,85,SOX,AOSL,2025-12-26,2026-06-29,
2026-03-25,2026-04-09,10,0.07327713933029734,0.09668359365258361,-0.023406454322286274,False,True,85,SOX,ACLS,2025-12-26,2026-06-29,
2026-04-14,2026-04-16,2,0.05041575005061061,0.011738608229505232,0.038677141821105376,False,False,85,SOX,ACLS,2025-12-26,2026-06-29,
2026-04-23,2026-05-07,10,0.13442015565361265,0.11646253912310933,0.017957616530503318,False,False,85,SOX,ACLS,2025-12-26,2026-06-29,
2026-03-24,2026-03-25,1,0.016745074020223072,0.012403978462632859,0.004341095557590213,False,False,85,SOX,DIOD,2025-12-26,2026-06-29,
2026-04-29,2026-05-13,10,0.009504941430422242,0.17400390127120047,-0.16449895984077822,False,True,85,SOX,DIOD,2025-12-26,2026-06-29,
2026-01-29,2026-03-11,28,-0.09471335968513672,-0.05272342567121546,-0.04198993401392126,True,True,85,SOX,MPWR,2025-12-26,2026-06-29,
2026-04-13,2026-04-20,5,0.08645048699317237,0.06154982668039133,0.024900660312781042,False,False,85,SOX,MPWR,2025-12-26,2026-06-29,
2026-04-21,2026-06-08,33,0.020439280339666688,0.35833131032070287,-0.3378920299810362,False,True,85,SOX,MPWR,2025-12-26,2026-06-29,
2026-01-07,2026-03-27,55,0.15825650532939517,-0.0037264945402138983,0.16198299986960907,False,False,85,SOX,CAMT,2025-12-26,2026-06-29,
2026-02-12,2026-03-30,31,0.12087735475366412,-0.11811987017918635,0.23899722493285047,False,False,85,SOX,ARM,2025-12-26,2026-06-29,
2026-05-08,2026-05-11,1,0.008929305141170518,0.023947752662416555,-0.015018447521246037,False,True,85,SOX,SYNA,2025-12-26,2026-06-29,
2026-02-27,2026-03-09,6,-0.05862485549936225,-0.045190050866102616,-0.013434804633259634,True,True,85,SOX,QRVO,2025-12-26,2026-06-29,
2026-01-09,2026-01-30,14,0.17961005968190613,0.053287764409406746,0.12632229527249939,False,False,85,SOX,ALGM,2025-12-26,2026-06-29,
2026-02-05,2026-02-19,9,-0.06110825156971045,0.07559780290003904,-0.13670605446974948,True,True,85,SOX,ALGM,2025-12-26,2026-06-29,
2026-04-29,2026-05-13,10,0.043113263876469965,0.17400390127120047,-0.1308906373947305,False,True,85,SOX,ALGM,2025-12-26,2026-06-29,
2026-04-17,2026-05-12,17,0.22625571398872268,0.2412257482637461,-0.014970034275023414,False,True,85,SOX,SMTC,2025-12-26,2026-06-29,
2026-05-15,2026-05-26,6,0.19485620054598618,0.12107696336908047,0.07377923717690571,False,False,85,SOX,SMTC,2025-12-26,2026-06-29,
2026-05-27,2026-06-02,4,0.05998732899260251,0.07276862733548861,-0.012781298342886105,False,True,85,SOX,SMTC,2025-12-26,2026-06-29,
2026-02-09,2026-03-19,27,-0.08171780386289029,-0.035038118667871876,-0.04667968519501842,True,True,85,SOX,SMCI,2025-12-26,2026-06-29,
2026-06-05,2026-06-11,4,-0.23222863155703777,0.0873704591773532,-0.31959909073439097,True,True,85,SOX,SMCI,2025-12-26,2026-06-29,
2026-02-09,2026-02-12,3,0.013992780957545303,-0.0036000795706786493,0.017592860528223953,False,False,85,SOX,SITM,2025-12-26,2026-06-29,
2026-02-23,2026-03-03,6,0.02626194702159057,-0.06176788061645955,0.08802982763805012,False,False,85,SOX,SITM,2025-12-26,2026-06-29,
2026-04-14,2026-05-08,18,0.867724870258902,0.2967301069763846,0.5709947632825174,False,False,85,SOX,SITM,2025-12-26,2026-06-29,
2026-04-28,2026-05-01,3,-0.09323144402837369,0.025245242914236687,-0.11847668694261038,True,True,86,QQQ,META,2026-03-16,2026-07-15,
2026-03-16,2026-03-25,7,-0.06446518837154436,-0.019685525605969145,-0.04477966276557521,True,True,86,QQQ,SHOP,2026-03-16,2026-07-15,
2026-06-26,2026-07-15,12,0.05724800963943899,0.01588061257000062,0.04136739706943837,False,False,86,QQQ,SHOP,2026-03-16,2026-07-15,True
2026-03-18,2026-04-01,10,-0.1264940174169049,-0.01656293237618478,-0.10993108504072013,True,True,86,QQQ,MSTR,2026-03-16,2026-07-15,
2026-04-20,2026-06-02,30,-0.20332531013370847,0.15363566747854152,-0.35696097761225,True,True,86,QQQ,MSTR,2026-03-16,2026-07-15,
2026-06-11,2026-06-23,7,-0.07225433730855146,-0.003745101988719579,-0.06850923531983188,True,True,86,QQQ,KHC,2026-03-16,2026-07-15,
2026-03-18,2026-03-27,7,-0.1386673161343014,-0.05313608289364269,-0.0855312332406587,True,True,86,QQQ,APP,2026-03-16,2026-07-15,
2026-05-07,2026-06-23,31,-0.0638443009506593,0.028051774852159372,-0.09189607580281867,True,True,86,QQQ,APP,2026-03-16,2026-07-15,
2026-04-14,2026-04-24,8,0.14621345218923,0.056124823526712886,0.0900886286625171,False,False,86,QQQ,ADI,2026-03-16,2026-07-15,
2026-04-30,2026-05-01,1,-0.011360833761244526,0.009599622702352262,-0.02096045646359679,True,True,86,QQQ,ADI,2026-03-16,2026-07-15,
2026-05-07,2026-05-27,13,0.020464177184164933,0.049659037694803176,-0.029194860510638243,False,True,86,QQQ,ADI,2026-03-16,2026-07-15,
2026-03-24,2026-03-30,4,-0.03290158273005872,-0.04400829721394628,0.011106714483887559,True,False,86,QQQ,CRWD,2026-03-16,2026-07-15,
2026-05-08,2026-06-04,18,0.3625063952934342,0.041308762886598016,0.3211976324068362,False,False,86,QQQ,CRWD,2026-03-16,2026-07-15,
2026-07-06,2026-07-15,7,0.03706489722473405,-0.007028052680292163,0.04409294990502621,False,False,86,QQQ,CRWD,2026-03-16,2026-07-15,
2026-03-24,2026-04-07,9,-0.04919636774341529,0.007894176517210472,-0.057090544260625764,True,True,86,QQQ,DDOG,2026-03-16,2026-07-15,
2026-05-05,2026-05-06,1,-0.013861175275462823,0.02077436440402569,-0.034635539679488514,True,True,86,QQQ,DDOG,2026-03-16,2026-07-15,
2026-07-06,2026-07-15,7,0.03559539692092373,-0.007028052680292163,0.04262344960121589,False,False,86,QQQ,DDOG,2026-03-16,2026-07-15,True
2026-03-25,2026-03-27,2,-0.06516949271634676,-0.042938291447299104,-0.02223120126904765,True,True,86,QQQ,KLAC,2026-03-16,2026-07-15,
2026-04-08,2026-04-09,1,0.03284031355736161,0.006764706060259584,0.026075607497102027,False,False,86,QQQ,KLAC,2026-03-16,2026-07-15,
2026-04-27,2026-05-18,15,-0.07437273881695416,0.06270413634767191,-0.13707687516462608,True,True,86,QQQ,KLAC,2026-03-16,2026-07-15,
2026-06-08,2026-06-11,3,0.033287825031792506,0.0014663101921870147,0.03182151483960549,False,False,86,QQQ,GE,2026-03-16,2026-07-15,
2026-06-22,2026-07-15,16,0.015992311190289765,-0.027386708636555124,0.04337901982684489,False,False,86,QQQ,GE,2026-03-16,2026-07-15,True
2026-06-08,2026-07-15,25,0.03641568836321962,0.003433677964013171,0.03298201039920645,False,False,86,QQQ,AMGN,2026-03-16,2026-07-15,True
2026-03-16,2026-04-20,24,-0.07735132400646016,0.07865935887608999,-0.15601068288255016,True,True,86,QQQ,EXC,2026-03-16,2026-07-15,
2026-06-25,2026-07-15,13,-0.02160424217183321,0.0018984133313226792,-0.02350265550315589,True,True,86,QQQ,EXC,2026-03-16,2026-07-15,True
2026-04-10,2026-06-09,41,0.024372839330421003,0.15834513324509358,-0.13397229391467258,False,True,86,QQQ,AMZN,2026-03-16,2026-07-15,
2026-04-10,2026-04-20,6,-0.07940976735790906,0.05845473468522111,-0.13786450204313017,True,True,86,QQQ,NFLX,2026-03-16,2026-07-15,
2026-03-19,2026-04-14,17,0.004649264333169478,0.06133443486700707,-0.05668517053383759,False,True,86,QQQ,ROP,2026-03-16,2026-07-15,
2026-06-30,2026-07-15,10,0.028574205883002968,-0.025339534982409706,0.053913740865412674,False,False,86,QQQ,SBUX,2026-03-16,2026-07-15,True
2026-03-18,2026-04-01,10,-0.04269961684153256,-0.01656293237618478,-0.02613668446534778,True,True,86,QQQ,ADSK,2026-03-16,2026-07-15,
2026-04-14,2026-04-17,3,0.15211656655447237,0.03221446709635889,0.11990209945811348,False,False,86,QQQ,ON,2026-03-16,2026-07-15,
2026-04-30,2026-05-08,6,0.023707959999297756,0.06513014627604341,-0.041422186276745654,False,True,86,QQQ,ON,2026-03-16,2026-07-15,
2026-05-11,2026-05-12,1,-0.02918684554054274,-0.008481790799397704,-0.020705054741145035,True,True,86,QQQ,ON,2026-03-16,2026-07-15,
2026-01-07,2026-02-20,30,0.11874906058976986,0.1063128109545719,0.01243624963519796,False,False,87,SOX,CAMT,2025-12-19,2026-02-20,True
2026-02-09,2026-02-20,8,-0.033104701782361357,0.018879070148897004,-0.05198377193125836,True,True,87,SOX,SMCI,2025-12-19,2026-02-20,True
2026-01-20,2026-01-21,1,0.025654715111482762,0.03198455457753302,-0.006329839466050258,False,True,87,SOX,ASML,2025-12-19,2026-02-20,
2026-02-03,2026-02-20,12,0.054194069827909086,0.03989689917944683,0.014297170648462254,False,False,87,SOX,ASML,2025-12-19,2026-02-20,True
2026-02-17,2026-02-20,3,-0.016053830891561538,0.01505215348327038,-0.03110598437483192,True,True,87,SOX,PLAB,2025-12-19,2026-02-20,True
2026-01-14,2026-01-15,1,0.05498788856776948,0.01602894886929529,0.03895893969847419,False,False,87,SOX,UCTT,2025-12-19,2026-02-20,
2026-01-20,2026-01-23,3,-0.0173971231872323,0.021816958087112148,-0.03921408127434445,True,True,87,SOX,UCTT,2025-12-19,2026-02-20,
2026-02-09,2026-02-12,3,0.013992780957545303,-0.0036000795706786493,0.017592860528223953,False,False,87,SOX,SITM,2025-12-19,2026-02-20,
2026-01-29,2026-02-20,15,0.017706862985773064,-0.004707540872048166,0.02241440385782123,False,False,87,SOX,MPWR,2025-12-19,2026-02-20,True
2026-02-12,2026-02-20,5,0.02774367232928121,0.022560368842552858,0.005183303486728352,False,False,87,SOX,ARM,2025-12-19,2026-02-20,True
2025-12-22,2026-02-04,29,0.3643140816726327,0.08734863317384889,0.2769654484987838,False,False,87,SOX,TER,2025-12-19,2026-02-20,
2026-01-26,2026-02-05,8,-0.2340137604150906,-0.035677927281302146,-0.19833583313378844,True,True,87,SOX,AMD,2025-12-19,2026-02-20,
2025-11-26,2025-12-02,3,-0.05430719468948686,0.012584003385864406,-0.06689119807535127,True,True,88,QQQ,REGN,2025-10-16,2026-02-17,
2026-01-02,2026-01-26,15,-0.017596049330081964,0.020126637273099712,-0.03772268660318168,True,True,88,QQQ,REGN,2025-10-16,2026-02-17,
2026-02-13,2026-02-17,1,-0.012002308795711625,-0.0010300219796973709,-0.010972286816014254,True,True,88,QQQ,REGN,2025-10-16,2026-02-17,True
2025-12-08,2026-02-17,47,0.07330078264655793,-0.03556949729756087,0.1088702799441188,False,False,88,QQQ,DXCM,2025-10-16,2026-02-17,True
2025-11-05,2025-11-26,15,-0.05385490395442549,-0.014455821843590733,-0.03939908211083476,True,True,88,QQQ,KLAC,2025-10-16,2026-02-17,
2025-12-16,2026-01-12,17,0.16740638348783232,0.026527286917432225,0.1408790965704001,False,False,88,QQQ,KLAC,2025-10-16,2026-02-17,
2026-01-14,2026-01-16,2,0.09293832731273244,0.002760103270580627,0.09017822404215181,False,False,88,QQQ,KLAC,2025-10-16,2026-02-17,
2026-01-20,2026-01-21,1,0.022756228106193932,0.013518379690002691,0.009237848416191241,False,False,88,QQQ,KLAC,2025-10-16,2026-02-17,
2026-01-15,2026-02-17,21,0.059245016390915284,-0.032937803532454124,0.09218281992336941,False,False,88,QQQ,COST,2025-10-16,2026-02-17,True
2026-02-06,2026-02-13,5,0.09361589545534388,-0.012679508711310516,0.1062954041666544,False,False,88,QQQ,EXC,2025-10-16,2026-02-17,
2025-11-20,2025-12-22,21,0.04997924342620075,0.058629942697680404,-0.008650699271479656,False,True,88,QQQ,ISRG,2025-10-16,2026-02-17,
2026-01-09,2026-01-21,7,-0.10669689689364537,-0.0165483271840019,-0.09014856970964347,True,True,88,QQQ,ISRG,2025-10-16,2026-02-17,
2025-12-04,2026-01-28,36,0.21846713230070836,0.017811992088978545,0.2006551402117298,False,False,88,QQQ,GFS,2025-10-16,2026-02-17,
2026-01-09,2026-02-02,15,-0.014317755915849828,-0.0008138361518202908,-0.013503919764029537,True,True,88,QQQ,MELI,2025-10-16,2026-02-17,
2025-10-24,2025-10-28,2,0.06222389543425577,0.025636085163358358,0.036587810270897414,False,False,88,QQQ,KDP,2025-10-16,2026-02-17,
2025-12-02,2026-01-08,25,-0.010359178767517796,-0.001174540384501932,-0.009184638383015864,True,True,88,QQQ,KDP,2025-10-16,2026-02-17,
2026-02-11,2026-02-12,1,0.0006692211004206694,-0.02033890829654672,0.02100812939696739,False,False,88,QQQ,KDP,2025-10-16,2026-02-17,
2025-12-15,2026-01-30,31,-0.01851151268189344,0.019869601538405668,-0.038381114220299106,True,True,88,QQQ,ABNB,2025-10-16,2026-02-17,
2025-12-22,2026-01-20,18,-0.11565832190209846,-0.01800678928802979,-0.09765153261406867,True,True,88,QQQ,QCOM,2025-10-16,2026-02-17,
2025-11-10,2025-11-20,8,-0.18243686155673444,-0.0602666368385264,-0.12217022471820804,True,True,88,QQQ,PDD,2025-10-16,2026-02-17,
2026-01-13,2026-01-22,6,-0.056089770912349124,-0.008750656741316476,-0.04733911417103265,True,True,88,QQQ,PDD,2025-10-16,2026-02-17,
2025-10-20,2025-12-04,32,0.09129081052458132,0.0186414793299734,0.07264933119460792,False,False,88,QQQ,VRTX,2025-10-16,2026-02-17,
2026-01-08,2026-01-22,9,-0.004960795879321189,0.0004673711349811871,-0.005428167014302376,True,True,88,QQQ,VRTX,2025-10-16,2026-02-17,
2026-02-13,2026-02-17,1,-0.028791164997535756,-0.0010300219796973709,-0.027761143017838386,True,True,88,QQQ,VRTX,2025-10-16,2026-02-17,
2026-01-16,2026-01-22,3,0.01030794034788296,-0.0008048453402970113,0.011112785688179971,False,False,88,QQQ,MCHP,2025-10-16,2026-02-17,
2026-01-28,2026-01-29,1,-0.011459919057512424,-0.005985274152202957,-0.005474644905309467,True,True,88,QQQ,MCHP,2025-10-16,2026-02-17,
2026-02-05,2026-02-17,7,0.011532684818711392,0.007151979408726472,0.00438070540998492,False,False,88,QQQ,MCHP,2025-10-16,2026-02-17,True
2025-12-30,2026-01-29,20,-0.1092971637977479,0.016143871212493055,-0.12544103501024095,True,True,88,QQQ,AXON,2025-10-16,2026-02-17,
2025-12-08,2026-02-04,39,-0.10041865596064814,-0.028432106473774477,-0.07198654948687366,True,True,88,QQQ,SNPS,2025-10-16,2026-02-17,
2026-02-05,2026-02-13,6,0.08399844454305949,0.00819043771929806,0.07580800682376143,False,False,88,QQQ,FTNT,2025-10-16,2026-02-17,
2025-12-31,2026-01-20,12,-0.1176048050383608,-0.010173939326640569,-0.10743086571172022,True,True,88,QQQ,CHTR,2025-10-16,2026-02-17,
2025-11-28,2025-12-11,9,0.07575959175778646,0.010222113890496987,0.06553747786728947,False,False,88,QQQ,GEHC,2025-10-16,2026-02-17,
2025-12-12,2025-12-15,1,0.005836082097182116,-0.005019386618356658,0.010855468715538774,False,False,88,QQQ,GEHC,2025-10-16,2026-02-17,
2025-12-17,2026-01-26,25,-0.025226104227521806,0.043063813376062354,-0.06828991760358416,True,True,88,QQQ,GEHC,2025-10-16,2026-02-17,
2025-12-22,2026-01-21,19,-0.12095024792852638,-0.004731832212620635,-0.11621841571590574,True,True,88,QQQ,DASH,2025-10-16,2026-02-17,
2025-10-24,2025-11-06,9,0.08167682961042377,-0.008799189260742413,0.09047601887116619,False,False,88,QQQ,AMGN,2025-10-16,2026-02-17,
2025-12-05,2025-12-10,3,-0.04398446999658756,0.0034052950428129503,-0.04738976503940051,True,True,88,QQQ,AMGN,2025-10-16,2026-02-17,
2026-02-04,2026-02-05,1,0.004369131914353952,-0.014395285110089362,0.018764417024443314,False,False,88,QQQ,AMGN,2025-10-16,2026-02-17,
2025-12-05,2026-01-08,22,0.032376430509373444,-0.0067318481467585345,0.03910827865613198,False,False,88,QQQ,TXN,2025-10-16,2026-02-17,
2025-10-28,2025-11-25,20,0.2092570520279189,-0.03796672499988141,0.2472237770278003,False,False,88,QQQ,GOOGL,2025-10-16,2026-02-17,
2025-12-10,2026-02-17,45,-0.056806560090985725,-0.040686599047625505,-0.01611996104336022,True,True,88,QQQ,GOOGL,2025-10-16,2026-02-17,True
2025-11-28,2026-01-07,26,-0.0682735665573484,0.009001205674067592,-0.07727477223141599,True,True,88,QQQ,CCEP,2025-10-16,2026-02-17,
2026-02-04,2026-02-17,8,0.10142331612927658,-0.007346260484053069,0.10876957661332964,False,False,88,QQQ,CCEP,2025-10-16,2026-02-17,True
2026-04-23,2026-05-13,14,0.078779902932403,0.19793650284837905,-0.11915659991597605,False,True,89,SOX,COHU,2026-04-21,2026-05-19,
2026-04-30,2026-05-08,6,0.023707959999297756,0.12755721140514154,-0.10384925140584378,False,True,89,SOX,ON,2026-04-21,2026-05-19,
2026-05-11,2026-05-12,1,-0.02918684554054274,-0.03147767169073823,0.0022908261501954907,True,False,89,SOX,ON,2026-04-21,2026-05-19,
2026-05-07,2026-05-08,1,0.060052566459242396,0.05674713757179872,0.0033054288874436732,False,False,89,SOX,AMKR,2026-04-21,2026-05-19,
2026-04-29,2026-05-13,10,0.043113263876469965,0.17400390127120047,-0.1308906373947305,False,True,89,SOX,ALGM,2026-04-21,2026-05-19,
2026-04-21,2026-05-19,20,-0.039163552009074176,0.18074629026656952,-0.2199098422756437,True,True,89,SOX,MPWR,2026-04-21,2026-05-19,True
2026-04-29,2026-05-13,10,0.009504941430422242,0.17400390127120047,-0.16449895984077822,False,True,89,SOX,DIOD,2026-04-21,2026-05-19,
2026-05-04,2026-05-06,2,0.06715874158105195,0.0969787352589564,-0.029819993677904444,False,True,89,SOX,GFS,2026-04-21,2026-05-19,
2026-05-01,2026-05-11,6,0.054071354133128136,0.14387550598343357,-0.08980415185030544,False,True,89,SOX,MCHP,2026-04-21,2026-05-19,
2026-04-23,2026-05-07,10,0.13442015565361265,0.11646253912310933,0.017957616530503318,False,False,89,SOX,ACLS,2026-04-21,2026-05-19,
2026-04-29,2026-05-19,14,0.1258223349922274,0.10389120896322113,0.021931126029006265,False,False,89,SOX,MRVL,2026-04-21,2026-05-19,True
2025-12-18,2026-01-12,15,0.14846568810850802,0.131180579500072,0.017285108608436017,False,False,90,SOX,POWI,2025-10-13,2026-01-12,True
2025-12-03,2026-01-09,25,0.11653754376066727,0.06433205096544503,0.05220549279522224,False,False,90,SOX,ASML,2025-10-13,2026-01-12,
2025-12-11,2026-01-12,20,-0.10653247616192507,0.0518696982673168,-0.15840217442924187,True,True,90,SOX,SITM,2025-10-13,2026-01-12,True
2025-11-18,2025-11-21,3,-0.013674438642651832,-0.022203986247979146,0.008529547605327314,True,False,90,SOX,NVDA,2025-10-13,2026-01-12,
2025-11-05,2025-11-06,1,-0.017328045113835344,-0.02609088189312192,0.008762836779286576,True,False,90,SOX,LRCX,2025-10-13,2026-01-12,
2025-11-10,2025-11-17,5,-0.11366229642758885,-0.061059484619407356,-0.05260281180818149,True,True,90,SOX,LRCX,2025-10-13,2026-01-12,
2025-11-18,2025-11-19,1,0.038815951518385905,0.016715814691474318,0.022100136826911587,False,False,90,SOX,LRCX,2025-10-13,2026-01-12,
2025-12-16,2026-01-06,13,0.2676712787992974,0.10854143584181286,0.15912984295748456,False,False,90,SOX,LRCX,2025-10-13,2026-01-12,
2025-11-20,2025-11-21,1,-0.019087687890487315,0.010182608391993142,-0.029270296282480457,True,True,90,SOX,AVGO,2025-10-13,2026-01-12,
2025-12-17,2026-01-12,16,0.19769488907140453,0.15818806500997362,0.03950682406143091,False,False,90,SOX,ENTG,2025-10-13,2026-01-12,True
2025-12-08,2025-12-30,15,-0.10522269477851065,-0.023638645085372056,-0.0815840496931386,True,True,90,SOX,ACLS,2025-10-13,2026-01-12,
2025-12-01,2026-01-12,28,0.10651716183870263,0.11421936906534502,-0.007702207226642388,False,True,90,SOX,ADI,2025-10-13,2026-01-12,True
2025-12-12,2026-01-12,19,0.07313699845383748,0.10469485985442661,-0.03155786140058914,False,True,90,SOX,DIOD,2025-10-13,2026-01-12,True
2025-12-11,2026-01-12,20,0.015038077066009237,0.0518696982673168,-0.03683162120130756,False,True,90,SOX,SLAB,2025-10-13,2026-01-12,True
2025-10-21,2025-10-23,2,0.010929294907651377,-0.0009267016196169431,0.01185599652726832,False,False,90,SOX,AMAT,2025-10-13,2026-01-12,
2025-11-06,2025-11-26,14,0.07249601669336414,-0.02053774900610439,0.09303376569946853,False,False,90,SOX,AMAT,2025-10-13,2026-01-12,
2025-11-28,2025-12-03,3,0.0649356193714099,0.042528812428302754,0.02240680694310715,False,False,90,SOX,AMAT,2025-10-13,2026-01-12,
2025-12-04,2026-01-12,25,0.14029090738979533,0.08016851377982648,0.06012239360996885,False,False,90,SOX,AMAT,2025-10-13,2026-01-12,True
2025-12-05,2025-12-12,5,-0.14639581390548684,-0.03206203854991685,-0.11433377535556999,True,True,90,SOX,MRVL,2025-10-13,2026-01-12,
2025-11-06,2025-11-26,14,-0.037620499829220555,-0.02053774900610439,-0.017082750823116166,True,True,90,SOX,KLAC,2025-10-13,2026-01-12,
2025-12-29,2026-01-12,9,0.1331174255653773,0.08197956337016277,0.051137862195214545,False,False,90,SOX,KLAC,2025-10-13,2026-01-12,
2025-12-09,2025-12-11,2,0.5441805116490444,0.007495530417564122,0.5366849812314802,False,False,90,SOX,PLAB,2025-10-13,2026-01-12,
2025-12-18,2026-01-12,15,0.42981438200631183,0.131180579500072,0.29863380250623983,False,False,90,SOX,ICHR,2025-10-13,2026-01-12,True
2025-12-09,2026-01-12,22,0.04974542728290143,0.05975401958599358,-0.010008592303092145,False,True,90,SOX,NXPI,2025-10-13,2026-01-12,True
2025-10-23,2025-11-19,19,-0.07992660506437055,-0.032467585026530243,-0.047459020037840305,True,True,90,SOX,INTC,2025-10-13,2026-01-12,
2025-12-05,2026-01-08,22,0.032376430509373444,-0.0067318481467585345,0.03910827865613198,False,False,91,QQQ,TXN,2025-12-04,2026-05-06,
2026-04-15,2026-04-24,7,0.2813354675171853,0.041543764016174656,0.23979170350101064,False,False,91,QQQ,TXN,2025-12-04,2026-05-06,
2025-12-08,2026-03-04,58,0.06315929151674093,-0.020412562914711163,0.0835718544314521,False,False,91,QQQ,MNST,2025-12-04,2026-05-06,
2026-04-20,2026-04-22,2,-0.031169555443901986,0.012863598395295162,-0.04403315383919715,True,True,91,QQQ,HOOD,2025-12-04,2026-05-06,
2026-04-23,2026-04-30,5,-0.1274838569447444,0.025052928159994714,-0.15253678510473911,True,True,91,QQQ,HOOD,2025-12-04,2026-05-06,
2025-12-05,2025-12-12,5,-0.14639581390548684,-0.018961528980412368,-0.12743428492507447,True,True,91,QQQ,MRVL,2025-12-04,2026-05-06,
2026-04-29,2026-05-06,5,0.09950810264444665,0.05169523898188877,0.04781286366255788,False,False,91,QQQ,MRVL,2025-12-04,2026-05-06,True
2026-01-08,2026-01-12,2,0.0717587136740796,0.010798245248171634,0.060960468425907965,False,False,91,QQQ,INTC,2025-12-04,2026-05-06,
2025-12-05,2025-12-10,3,-0.04398446999658756,0.0034052950428129503,-0.04738976503940051,True,True,91,QQQ,AMGN,2025-12-04,2026-05-06,
2026-02-04,2026-02-05,1,0.004369131914353952,-0.014395285110089362,0.018764417024443314,False,False,91,QQQ,AMGN,2025-12-04,2026-05-06,
2025-12-10,2026-02-18,46,-0.052715425831145524,-0.03352314647665633,-0.019192279354489195,True,True,91,QQQ,GOOGL,2025-12-04,2026-05-06,
2026-04-24,2026-05-01,5,0.11988975190276907,0.015469665634920027,0.10442008626784904,False,False,91,QQQ,GOOGL,2025-12-04,2026-05-06,
2026-02-05,2026-02-11,4,0.04304746533166215,0.026933308821864177,0.016114156509797972,False,False,91,QQQ,GILD,2025-12-04,2026-05-06,
2026-02-11,2026-02-12,1,0.0006692211004206694,-0.02033890829654672,0.02100812939696739,False,False,91,QQQ,KDP,2025-12-04,2026-05-06,
2025-12-15,2026-01-14,20,-0.1709492477734218,0.016064824783212694,-0.1870140725566345,True,True,91,QQQ,TEAM,2025-12-04,2026-05-06,
2025-12-11,2025-12-24,9,-0.052678601484619336,-0.0013526955303078125,-0.051325905954311524,True,True,91,QQQ,CDNS,2025-12-04,2026-05-06,
2025-12-23,2026-02-03,27,0.19638144695823945,-0.008985469933586954,0.2053669168918264,False,False,91,QQQ,ODFL,2025-12-04,2026-05-06,
2026-04-09,2026-05-05,18,-0.06405729816587324,0.1170454275769024,-0.18110272574277564,True,True,91,QQQ,ODFL,2025-12-04,2026-05-06,
2026-02-25,2026-03-12,11,-0.05086502881515431,-0.031491235415010754,-0.019373793400143557,True,True,91,QQQ,WBD,2025-12-04,2026-05-06,
2026-01-12,2026-01-27,10,-0.03798603020818225,0.0063140970645125805,-0.044300127272694834,True,True,91,QQQ,VRSK,2025-12-04,2026-05-06,
2026-01-09,2026-02-02,15,-0.014317755915849828,-0.0008138361518202908,-0.013503919764029537,True,True,91,QQQ,MELI,2025-12-04,2026-05-06,
2025-12-12,2025-12-18,4,0.02576845959049856,-0.007349833946643125,0.033118293537141685,False,False,91,QQQ,CEG,2025-12-04,2026-05-06,
2026-03-06,2026-03-23,11,-0.09061523659514792,-0.01835521132174167,-0.07226002527340625,True,True,91,QQQ,CEG,2025-12-04,2026-05-06,
2026-01-13,2026-01-22,6,-0.056089770912349124,-0.008750656741316476,-0.04733911417103265,True,True,91,QQQ,PDD,2025-12-04,2026-05-06,
2026-01-09,2026-01-21,7,-0.10669689689364537,-0.0165483271840019,-0.09014856970964347,True,True,91,QQQ,ISRG,2025-12-04,2026-05-06,
2025-12-22,2026-01-21,19,-0.12095024792852638,-0.004731832212620635,-0.11621841571590574,True,True,91,QQQ,DASH,2025-12-04,2026-05-06,
2026-01-05,2026-02-13,28,-0.02822664410302289,-0.026003692991473537,-0.002222951111549354,True,True,91,QQQ,NVDA,2025-12-04,2026-05-06,
2026-02-24,2026-03-09,9,-0.052890933867755785,-0.00018096029934333568,-0.05270997356841245,True,True,91,QQQ,NVDA,2025-12-04,2026-05-06,
2026-04-21,2026-05-06,11,0.03977381073666053,0.07983488846113951,-0.04006107772447898,False,True,91,QQQ,NVDA,2025-12-04,2026-05-06,True
2025-12-15,2026-01-14,20,-0.026466609023277576,0.016064824783212694,-0.04253143380649027,True,True,91,QQQ,PLTR,2025-12-04,2026-05-06,
2026-03-13,2026-04-10,19,-0.1516396147891078,0.03052039379704019,-0.182160008586148,True,True,91,QQQ,PLTR,2025-12-04,2026-05-06,
2025-12-08,2026-02-18,48,0.10941786047928459,-0.02836783394411857,0.13778569442340316,False,False,91,QQQ,DXCM,2025-12-04,2026-05-06,
2026-02-27,2026-03-12,9,-0.11126240140257004,-0.016516056524414013,-0.09474634487815603,True,True,91,QQQ,DXCM,2025-12-04,2026-05-06,
2026-02-10,2026-02-13,3,-0.06540482255470637,-0.015618140130732927,-0.04978668242397344,True,True,91,QQQ,AAPL,2025-12-04,2026-05-06,
2026-01-08,2026-01-22,9,-0.004960795879321189,0.0004673711349811871,-0.005428167014302376,True,True,91,QQQ,VRTX,2025-12-04,2026-05-06,
2026-02-13,2026-02-17,1,-0.028791164997535756,-0.0010300219796973709,-0.027761143017838386,True,True,91,QQQ,VRTX,2025-12-04,2026-05-06,
2025-12-04,2025-12-09,3,-0.001358931309527689,0.003387220742358421,-0.00474615205188611,True,True,91,QQQ,GOOG,2025-12-04,2026-05-06,
2025-12-10,2026-02-18,46,-0.05314636612345158,-0.03352314647665633,-0.019623219646795254,True,True,91,QQQ,GOOG,2025-12-04,2026-05-06,
2026-04-24,2026-05-01,5,0.11947884084369909,0.015469665634920027,0.10400917520877906,False,False,91,QQQ,GOOG,2025-12-04,2026-05-06,
2026-03-19,2026-04-02,10,-0.038470593660725805,-0.012313951127558953,-0.02615664253316685,True,True,91,QQQ,PANW,2025-12-04,2026-05-06,
2026-01-22,2026-03-25,43,-0.02642369813618828,-0.05186992692015324,0.025446228783964964,True,False,91,QQQ,SBUX,2025-12-04,2026-05-06,
2026-04-14,2026-04-24,8,0.14621345218923,0.056124823526712886,0.0900886286625171,False,False,91,QQQ,ADI,2025-12-04,2026-05-06,
2026-04-30,2026-05-01,1,-0.011360833761244526,0.009599622702352262,-0.02096045646359679,True,True,91,QQQ,ADI,2025-12-04,2026-05-06,
2026-03-18,2026-04-01,10,-0.04269961684153256,-0.01656293237618478,-0.02613668446534778,True,True,91,QQQ,ADSK,2025-12-04,2026-05-06,
2025-12-15,2026-01-02,12,-0.07834884691181832,0.005519590170530275,-0.08386843708234859,True,True,92,QQQ,TSLA,2025-10-03,2026-01-02,True
2025-12-05,2025-12-12,5,-0.14639581390548684,-0.018961528980412368,-0.12743428492507447,True,True,92,QQQ,MRVL,2025-10-03,2026-01-02,
2025-12-23,2026-01-02,6,0.003593571560850606,-0.014450803101575316,0.01804437466242592,False,False,92,QQQ,ODFL,2025-10-03,2026-01-02,True
2025-10-08,2025-10-13,3,-0.0954946686162258,-0.015422626183529409,-0.08007204243269639,True,True,92,QQQ,PYPL,2025-10-03,2026-01-02,
2025-12-15,2026-01-02,12,-0.01657809855545045,0.005519590170530275,-0.022097688725980724,True,True,92,QQQ,SHOP,2025-10-03,2026-01-02,True
2025-10-24,2025-11-06,9,0.08167682961042377,-0.008799189260742413,0.09047601887116619,False,False,92,QQQ,AMGN,2025-10-03,2026-01-02,
2025-12-05,2025-12-10,3,-0.04398446999658756,0.0034052950428129503,-0.04738976503940051,True,True,92,QQQ,AMGN,2025-10-03,2026-01-02,
2025-11-10,2025-11-12,2,-0.10203896890207653,-0.00344973057365372,-0.09858923832842281,True,True,92,QQQ,APP,2025-10-03,2026-01-02,
2025-12-05,2026-01-02,18,-0.10639650093567421,-0.018497989681084404,-0.0878985112545898,True,True,92,QQQ,APP,2025-10-03,2026-01-02,True
2025-10-15,2025-11-12,20,0.04311069625569486,0.031317494710281224,0.011793201545413634,False,False,92,QQQ,GILD,2025-10-03,2026-01-02,
2025-11-20,2025-12-15,16,-0.03535385356979026,0.042464172322200344,-0.0778180258919906,True,True,92,QQQ,GILD,2025-10-03,2026-01-02,
2025-12-04,2026-01-02,19,-0.01889318866880363,-0.014495869055916821,-0.0043973196128868075,True,True,92,QQQ,GFS,2025-10-03,2026-01-02,True
2025-10-07,2025-10-23,12,-0.07358619426858837,0.010041195766583577,-0.08362739003517194,True,True,92,QQQ,HOOD,2025-10-03,2026-01-02,
2025-10-30,2025-11-05,4,0.06022054668867338,-0.004424516821295188,0.06464506350996857,False,False,92,QQQ,MU,2025-10-03,2026-01-02,
2025-12-15,2026-01-02,12,-0.05083299562516197,0.005519590170530275,-0.056352585795692245,True,True,92,QQQ,ADBE,2025-10-03,2026-01-02,True
2025-11-20,2025-12-22,21,0.04997924342620075,0.058629942697680404,-0.008650699271479656,False,True,92,QQQ,ISRG,2025-10-03,2026-01-02,
2025-12-17,2026-01-02,10,-0.03415336956193593,0.022484635990170698,-0.05663800555210663,True,True,92,QQQ,FAST,2025-10-03,2026-01-02,True
2025-10-13,2025-11-20,28,0.0432647581081278,-0.0271423825240259,0.0704071406321537,False,False,92,QQQ,AEP,2025-10-03,2026-01-02,
2025-12-12,2025-12-18,4,0.02576845959049856,-0.007349833946643125,0.033118293537141685,False,False,92,QQQ,CEG,2025-10-03,2026-01-02,
2025-12-26,2026-01-02,4,0.018965506179421165,-0.01726275491567486,0.036228261095096026,False,False,92,QQQ,GE,2025-10-03,2026-01-02,True
2025-12-19,2026-01-02,8,-0.01307813466471397,-0.005088775853515859,-0.00798935881119811,True,True,92,QQQ,BKNG,2025-10-03,2026-01-02,True
2025-12-11,2025-12-24,9,-0.052678601484619336,-0.0013526955303078125,-0.051325905954311524,True,True,92,QQQ,CDNS,2025-10-03,2026-01-02,
2025-12-15,2026-01-02,12,0.009103990368475312,0.005519590170530275,0.003584400197945037,False,False,92,QQQ,ABNB,2025-10-03,2026-01-02,True
2025-10-06,2025-11-14,29,-0.037241410245767104,0.001892246386365759,-0.03913365663213286,True,True,92,QQQ,CSX,2025-10-03,2026-01-02,
2025-12-11,2026-01-02,14,-0.023687671521089637,-0.01865493847458166,-0.005032733046507976,True,True,92,QQQ,CSX,2025-10-03,2026-01-02,True
2026-06-30,2026-07-28,19,0.00890494188251556,-0.08271324302053396,0.09161818490304952,False,False,93,QQQ,SBUX,2026-01-27,2026-07-28,True
2026-03-16,2026-03-25,7,-0.06446518837154436,-0.019685525605969145,-0.04477966276557521,True,True,93,QQQ,SHOP,2026-01-27,2026-07-28,
2026-06-26,2026-07-28,21,0.11483825174442597,-0.043919532977228726,0.1587577847216547,False,False,93,QQQ,SHOP,2026-01-27,2026-07-28,True
2026-04-02,2026-05-18,31,-0.04045821915280501,0.20667371995064432,-0.24713193910344933,True,True,93,QQQ,ROST,2026-01-27,2026-07-28,
2026-07-27,2026-07-28,1,0.03155945133822735,-0.009719704641810822,0.041279155980038174,False,False,93,QQQ,ROST,2026-01-27,2026-07-28,True
2026-01-28,2026-05-12,72,0.24374138813697943,0.1183030029460197,0.12543838519095973,False,False,93,QQQ,FANG,2026-01-27,2026-07-28,
2026-07-22,2026-07-28,4,-0.06260470124318318,-0.042333573949240866,-0.020271127293942315,True,True,93,QQQ,FANG,2026-01-27,2026-07-28,True
2026-03-06,2026-03-23,11,-0.09061523659514792,-0.01835521132174167,-0.07226002527340625,True,True,93,QQQ,CEG,2026-01-27,2026-07-28,
2026-07-27,2026-07-28,1,-0.037703676576967604,-0.009719704641810822,-0.02798397193515678,True,True,93,QQQ,CEG,2026-01-27,2026-07-28,True
2026-02-17,2026-02-18,1,0.001619886915233959,0.007467270408041182,-0.005847383492807223,False,True,93,QQQ,ORLY,2026-01-27,2026-07-28,
2026-02-25,2026-03-12,11,-0.05086502881515431,-0.031491235415010754,-0.019373793400143557,True,True,93,QQQ,WBD,2026-01-27,2026-07-28,
2026-02-02,2026-02-04,2,0.07074735461867543,-0.03256471827870244,0.10331207289737787,False,False,93,QQQ,PEP,2026-01-27,2026-07-28,
2026-02-12,2026-03-30,31,0.12087735475366412,-0.06935277331644951,0.19023012807011364,False,False,93,QQQ,ARM,2026-01-27,2026-07-28,
2026-04-24,2026-04-27,1,-0.08061834194712059,0.0005271940263615882,-0.08114553597348217,True,True,93,QQQ,ARM,2026-01-27,2026-07-28,
2026-05-08,2026-06-15,25,-0.040154107533442396,0.04607517182130594,-0.08622927935474833,True,True,93,QQQ,TSLA,2026-01-27,2026-07-28,
2026-07-17,2026-07-28,7,0.018659373736783946,-0.02853325236627202,0.04719262610305597,False,False,93,QQQ,PDD,2026-01-27,2026-07-28,True
2026-04-14,2026-04-24,8,0.14621345218923,0.056124823526712886,0.0900886286625171,False,False,93,QQQ,ADI,2026-01-27,2026-07-28,
2026-04-30,2026-05-01,1,-0.011360833761244526,0.009599622702352262,-0.02096045646359679,True,True,93,QQQ,ADI,2026-01-27,2026-07-28,
2026-05-07,2026-05-27,13,0.020464177184164933,0.049659037694803176,-0.029194860510638243,False,True,93,QQQ,ADI,2026-01-27,2026-07-28,
2026-03-05,2026-04-06,21,-0.06654404224342492,-0.03230019853549926,-0.03424384370792566,True,True,93,QQQ,ABNB,2026-01-27,2026-07-28,
2026-06-24,2026-07-28,23,0.0603186086012657,-0.04943571124398105,0.10975431984524675,False,False,93,QQQ,ABNB,2026-01-27,2026-07-28,True
2026-05-12,2026-06-02,14,0.16297063096565845,0.05503079993433957,0.10793983103131888,False,False,93,QQQ,CDNS,2026-01-27,2026-07-28,
2026-03-18,2026-04-01,10,-0.1264940174169049,-0.01656293237618478,-0.10993108504072013,True,True,93,QQQ,MSTR,2026-01-27,2026-07-28,
2026-04-20,2026-06-02,30,-0.20332531013370847,0.15363566747854152,-0.35696097761225,True,True,93,QQQ,MSTR,2026-01-27,2026-07-28,
2026-02-05,2026-02-13,6,0.08399844454305949,0.00819043771929806,0.07580800682376143,False,False,93,QQQ,FTNT,2026-01-27,2026-07-28,
2026-03-19,2026-03-30,7,-0.048965346009827715,-0.057394436814773964,0.008429090804946249,True,False,93,QQQ,FTNT,2026-01-27,2026-07-28,
2026-06-30,2026-07-28,19,-0.02369482818217572,-0.08271324302053396,0.059018414838358235,True,False,93,QQQ,FTNT,2026-01-27,2026-07-28,True
2026-02-05,2026-02-11,4,0.04304746533166215,0.026933308821864177,0.016114156509797972,False,False,93,QQQ,GILD,2026-01-27,2026-07-28,
2026-06-10,2026-07-28,32,0.07159301441554922,-0.025166430443001486,0.0967594448585507,False,False,93,QQQ,MNST,2026-01-27,2026-07-28,True
2026-04-29,2026-06-02,23,0.8572523836711641,0.12786249601007227,0.7293898876610918,False,False,93,QQQ,MRVL,2026-01-27,2026-07-28,
2026-04-13,2026-04-14,1,-0.0257641815144265,0.01815697886050316,-0.04392116037492966,True,True,93,QQQ,FAST,2026-01-27,2026-07-28,
2026-06-10,2026-07-22,28,-0.015207363210977043,0.01792601582268416,-0.0331333790336612,True,True,93,QQQ,FAST,2026-01-27,2026-07-28,
2026-02-05,2026-03-19,29,-0.06110865057523607,-0.006716572919519881,-0.05439207765571619,True,True,93,QQQ,CTAS,2026-01-27,2026-07-28,
2026-02-03,2026-02-06,3,0.015862046398398277,-0.011143197626261592,0.02700524402465987,False,False,93,QQQ,BKR,2026-01-27,2026-07-28,
2026-02-11,2026-03-17,23,-0.06587712907471865,-0.015984084667302834,-0.04989304440741582,True,True,93,QQQ,BKR,2026-01-27,2026-07-28,
2026-04-13,2026-04-27,10,0.09303067573092827,0.07586775181127403,0.017162923919654238,False,False,93,QQQ,BKR,2026-01-27,2026-07-28,
2026-02-27,2026-03-12,9,-0.11126240140257004,-0.016516056524414013,-0.09474634487815603,True,True,93,QQQ,DXCM,2026-01-27,2026-07-28,
2026-05-29,2026-06-11,9,0.020477382424394897,-0.028700694319845232,0.04917807674424013,False,False,93,QQQ,DXCM,2026-01-27,2026-07-28,
2026-06-12,2026-07-07,15,-0.023882220859272052,-0.015430147115813586,-0.008452073743458466,True,True,93,QQQ,DXCM,2026-01-27,2026-07-28,
2026-07-17,2026-07-28,7,-0.023483405295824933,-0.02853325236627202,0.005049847070447089,True,False,93,QQQ,DXCM,2026-01-27,2026-07-28,True
2026-04-14,2026-04-29,11,-0.058120060504764814,0.05244994107512713,-0.11057000157989194,True,True,93,QQQ,PCAR,2026-01-27,2026-07-28,
2026-07-14,2026-07-17,3,0.018234584979166524,-0.03384788626898538,0.05208247124815191,False,False,93,QQQ,PCAR,2026-01-27,2026-07-28,
2026-07-20,2026-07-28,6,0.11163841935491403,-0.02955206073667116,0.1411904800915852,False,False,93,QQQ,PCAR,2026-01-27,2026-07-28,True
2026-02-24,2026-03-09,9,-0.052890933867755785,-0.00018096029934333568,-0.05270997356841245,True,True,93,QQQ,NVDA,2026-01-27,2026-07-28,
2026-04-21,2026-06-15,38,0.0641264461173332,0.15468784879897934,-0.09056140268164614,False,True,93,QQQ,NVDA,2026-01-27,2026-07-28,
2026-07-23,2026-07-28,3,-0.05628473035630033,-0.023801998981571315,-0.03248273137472901,True,True,93,QQQ,NVDA,2026-01-27,2026-07-28,True
2026-02-24,2026-02-27,3,0.008095247295220487,-0.000954117707327562,0.009049365002548049,False,False,93,QQQ,LIN,2026-01-27,2026-07-28,
2026-03-10,2026-03-26,12,0.040202302039518356,-0.054718993799932725,0.09492129583945108,False,False,93,QQQ,LIN,2026-01-27,2026-07-28,
2026-03-27,2026-05-12,31,0.02596106753081595,0.2571366756404476,-0.23117560810963167,False,True,93,QQQ,LIN,2026-01-27,2026-07-28,
2026-06-29,2026-07-02,3,0.06962003925138838,-0.01585465864676916,0.08547469789815754,False,False,93,QQQ,LIN,2026-01-27,2026-07-28,
2026-07-21,2026-07-23,2,-0.06598875352837663,-0.02399248125220177,-0.04199627227617486,True,True,93,QQQ,ADBE,2026-01-27,2026-07-28,
2026-04-24,2026-05-01,5,0.11947884084369909,0.015469665634920027,0.10400917520877906,False,False,94,QQQ,GOOG,2026-03-11,2026-07-10,
2026-03-27,2026-05-14,33,0.033264517359387735,0.27944456035623455,-0.24618004299684682,False,True,94,QQQ,PYPL,2026-03-11,2026-07-10,
2026-07-07,2026-07-10,3,0.014676848774374918,0.022666108362848103,-0.007989259588473185,False,True,94,QQQ,PYPL,2026-03-11,2026-07-10,True
2026-03-19,2026-04-02,10,-0.038470593660725805,-0.012313951127558953,-0.02615664253316685,True,True,94,QQQ,PANW,2026-03-11,2026-07-10,
2026-05-11,2026-05-20,7,0.15445099426370668,-0.00019616721807647064,0.15464716148178315,False,False,94,QQQ,PANW,2026-03-11,2026-07-10,
2026-05-22,2026-06-01,5,0.1531200647406481,0.03512003045148404,0.11800003428916406,False,False,94,QQQ,PANW,2026-03-11,2026-07-10,
2026-04-15,2026-04-24,7,0.2813354675171853,0.041543764016174656,0.23979170350101064,False,False,94,QQQ,TXN,2026-03-11,2026-07-10,
2026-05-27,2026-06-02,4,-0.029390447370249317,0.022907576441654864,-0.05229802381190418,True,True,94,QQQ,TXN,2026-03-11,2026-07-10,
2026-06-08,2026-06-29,14,0.09719085650131398,0.012297328523453555,0.08489352797786043,False,False,94,QQQ,KDP,2026-03-11,2026-07-10,
2026-03-18,2026-03-27,7,-0.1386673161343014,-0.05313608289364269,-0.0855312332406587,True,True,94,QQQ,APP,2026-03-11,2026-07-10,
2026-05-07,2026-06-23,31,-0.0638443009506593,0.028051774852159372,-0.09189607580281867,True,True,94,QQQ,APP,2026-03-11,2026-07-10,
2026-03-24,2026-04-07,9,-0.04919636774341529,0.007894176517210472,-0.057090544260625764,True,True,94,QQQ,DDOG,2026-03-11,2026-07-10,
2026-05-05,2026-05-06,1,-0.013861175275462823,0.02077436440402569,-0.034635539679488514,True,True,94,QQQ,DDOG,2026-03-11,2026-07-10,
2026-07-06,2026-07-10,4,0.00849752699700912,0.0037215384385447248,0.004775988558464395,False,False,94,QQQ,DDOG,2026-03-11,2026-07-10,True
2026-07-06,2026-07-10,4,0.02577417682415062,0.0037215384385447248,0.022052638385605894,False,False,94,QQQ,MELI,2026-03-11,2026-07-10,True
2026-07-06,2026-07-09,3,-0.04763746520699719,0.0006364267286391723,-0.04827389193563636,True,True,94,QQQ,TTWO,2026-03-11,2026-07-10,
2026-06-16,2026-07-02,11,0.07426443878706146,-0.022575410641814564,0.09683984942887602,False,False,94,QQQ,CCEP,2026-03-11,2026-07-10,
2026-04-13,2026-04-24,9,0.0722550048021886,0.0753008596215401,-0.00304585481935149,False,True,94,QQQ,CSX,2026-03-11,2026-07-10,
2026-06-10,2026-07-10,20,0.06464124132435844,0.04701997482414466,0.017621266500213784,False,False,94,QQQ,CSX,2026-03-11,2026-07-10,True
2026-06-11,2026-06-23,7,-0.07225433730855146,-0.003745101988719579,-0.06850923531983188,True,True,94,QQQ,KHC,2026-03-11,2026-07-10,
2026-05-12,2026-06-08,18,-0.07741472162530161,0.012485161602460604,-0.08989988322776221,True,True,94,QQQ,SNPS,2026-03-11,2026-07-10,
2026-04-30,2026-05-06,4,0.2889436375495966,0.04197747451053879,0.24696616303905783,False,False,94,QQQ,MU,2026-03-11,2026-07-10,
2026-06-08,2026-06-11,3,0.033287825031792506,0.0014663101921870147,0.03182151483960549,False,False,94,QQQ,GE,2026-03-11,2026-07-10,
2026-06-22,2026-07-10,13,0.012947246556878511,-0.016857513700963556,0.029804760257842067,False,False,94,QQQ,GE,2026-03-11,2026-07-10,True
2026-04-27,2026-05-20,17,0.05431510085298252,0.07364923899790976,-0.019334138144927238,False,True,94,QQQ,AMAT,2026-03-11,2026-07-10,
2026-05-28,2026-06-03,4,0.11361411930711895,0.011704782188317164,0.10190933711880179,False,False,94,QQQ,AMAT,2026-03-11,2026-07-10,
2026-06-04,2026-06-08,2,-0.018995412691686808,-0.03313484864160332,0.014139435949916512,True,False,94,QQQ,AMAT,2026-03-11,2026-07-10,
2025-11-28,2025-12-16,12,-0.032536288174063066,-0.012111544042320066,-0.020424744131743,True,True,95,QQQ,KHC,2025-11-05,2026-01-06,
2025-11-10,2025-11-11,1,-0.026477545570138594,-0.00266349827862411,-0.023814047291514484,True,True,95,QQQ,AMD,2025-11-05,2026-01-06,
2025-12-15,2026-01-06,14,0.05380037858214015,0.02241167120612464,0.03138870737601551,False,False,95,QQQ,SHOP,2025-11-05,2026-01-06,True
2025-11-05,2025-11-26,15,-0.05385490395442549,-0.014455821843590733,-0.03939908211083476,True,True,95,QQQ,KLAC,2025-11-05,2026-01-06,
2025-12-16,2026-01-06,13,0.14029276342177277,0.020389460341899923,0.11990330307987285,False,False,95,QQQ,KLAC,2025-11-05,2026-01-06,True
2025-12-15,2026-01-06,14,-0.005088883381992648,0.02241167120612464,-0.027500554588117287,True,True,95,QQQ,TEAM,2025-11-05,2026-01-06,True
2025-12-08,2026-01-06,19,0.06507157062392555,-9.096280151299485e-05,0.06516253342543854,False,False,95,QQQ,DXCM,2025-11-05,2026-01-06,True
2025-11-07,2026-01-06,39,0.10805249858957255,0.023753059564341594,0.08429943902523096,False,False,95,QQQ,MAR,2025-11-05,2026-01-06,True
2025-12-16,2026-01-06,13,0.005280260896062705,0.020389460341899923,-0.015109199445837218,False,True,95,QQQ,META,2025-11-05,2026-01-06,True
2025-12-05,2025-12-11,4,0.022296646815387122,0.00015993232110766975,0.022136714494279452,False,False,95,QQQ,PCAR,2025-11-05,2026-01-06,
2025-12-15,2026-01-06,14,0.049652579909234884,0.02241167120612464,0.027240908703110245,False,False,95,QQQ,PCAR,2025-11-05,2026-01-06,True
2025-12-05,2026-01-06,20,0.052372197629587225,-0.002009388507143939,0.054381586136731164,False,False,95,QQQ,TXN,2025-11-05,2026-01-06,True
2025-12-17,2026-01-06,12,-0.007881489833833855,0.03966171886119363,-0.047543208695027483,True,True,95,QQQ,FAST,2025-11-05,2026-01-06,True
2025-11-20,2025-11-21,1,-0.019087687890487315,0.00751273835218047,-0.026600426242667785,True,True,95,QQQ,AVGO,2025-11-05,2026-01-06,
2025-11-05,2025-11-26,15,0.03972770232228107,-0.014455821843590733,0.0541835241658718,False,False,95,QQQ,AMAT,2025-11-05,2026-01-06,
2025-11-28,2025-12-03,3,0.0649356193714099,0.0068954308237083595,0.05804018854770154,False,False,95,QQQ,AMAT,2025-11-05,2026-01-06,
2025-12-04,2026-01-06,21,0.09861197783960685,0.0020599651650725637,0.09655201267453428,False,False,95,QQQ,AMAT,2025-11-05,2026-01-06,True
2025-12-05,2025-12-12,5,-0.14639581390548684,-0.018961528980412368,-0.12743428492507447,True,True,95,QQQ,MRVL,2025-11-05,2026-01-06,
2025-12-03,2026-01-06,22,0.08876164138033649,0.001127761229398283,0.0876338801509382,False,False,95,QQQ,ASML,2025-11-05,2026-01-06,True
2025-12-09,2026-01-06,18,0.08330842174405517,-0.0013227750462118104,0.08463119679026698,False,False,95,QQQ,NXPI,2025-11-05,2026-01-06,True
2025-11-20,2025-12-22,21,0.04997924342620075,0.058629942697680404,-0.008650699271479656,False,True,95,QQQ,ISRG,2025-11-05,2026-01-06,
2025-12-03,2025-12-04,1,-0.007766986170851586,-0.0009302875756749263,-0.00683669859517666,True,True,95,QQQ,PEP,2025-11-05,2026-01-06,
2025-11-17,2025-12-30,29,0.03334022963198224,0.027445996040335485,0.005894233591646758,False,False,95,QQQ,FANG,2025-11-05,2026-01-06,
2026-01-06,2026-01-06,0,0.0,0.0,0.0,True,False,95,QQQ,ROST,2025-11-05,2026-01-06,True
2026-01-06,2026-01-06,0,0.0,0.0,0.0,True,False,95,QQQ,HON,2025-11-05,2026-01-06,True
2025-12-05,2026-01-06,20,0.1282425361310846,-0.002009388507143939,0.13025192463822854,False,False,95,QQQ,ON,2025-11-05,2026-01-06,True
2025-11-28,2026-01-06,25,-0.06521973689112526,0.008030968452649612,-0.07325070534377487,True,True,95,QQQ,CCEP,2025-11-05,2026-01-06,True
2025-11-20,2025-12-15,16,0.013201092516404112,0.042464172322200344,-0.029263079805796233,False,True,96,QQQ,ISRG,2025-10-16,2025-12-15,True
2025-12-04,2025-12-15,7,-0.00904739521302611,-0.019905588535627183,0.010858193322601073,True,False,96,QQQ,GFS,2025-10-16,2025-12-15,True
2025-12-08,2025-12-15,5,0.0016763274268118966,-0.02200936730416181,0.023685694730973705,False,False,96,QQQ,DXCM,2025-10-16,2025-12-15,True
2025-12-15,2025-12-15,0,0.0,0.0,0.0,True,False,96,QQQ,ADBE,2025-10-16,2025-12-15,True
2025-10-24,2025-10-28,2,0.06222389543425577,0.025636085163358358,0.036587810270897414,False,False,96,QQQ,KDP,2025-10-16,2025-12-15,
2025-12-02,2025-12-15,9,0.03910420499193279,-0.018424408142836524,0.05752861313476931,False,False,96,QQQ,KDP,2025-10-16,2025-12-15,True
2025-10-24,2025-11-06,9,0.08167682961042377,-0.008799189260742413,0.09047601887116619,False,False,96,QQQ,AMGN,2025-10-16,2025-12-15,
2025-12-05,2025-12-10,3,-0.04398446999658756,0.0034052950428129503,-0.04738976503940051,True,True,96,QQQ,AMGN,2025-10-16,2025-12-15,
2025-11-28,2025-12-03,3,-0.013335111728055349,0.0068954308237083595,-0.02023054255176371,True,True,96,QQQ,MNST,2025-10-16,2025-12-15,
2025-12-08,2025-12-15,5,0.012307222108032478,-0.02200936730416181,0.03431658941219429,False,False,96,QQQ,MNST,2025-10-16,2025-12-15,True
2025-11-26,2025-12-02,3,-0.05430719468948686,0.012584003385864406,-0.06689119807535127,True,True,96,QQQ,REGN,2025-10-16,2025-12-15,
2025-11-17,2025-12-15,19,0.05253798553000477,0.01139717708996102,0.04114080844004375,False,False,96,QQQ,FANG,2025-10-16,2025-12-15,True
2025-12-09,2025-12-15,4,0.02111560536517687,-0.02321417773364931,0.04432978309882618,False,False,96,QQQ,NXPI,2025-10-16,2025-12-15,True
2025-12-12,2025-12-15,1,0.014659954191067026,-0.005019386618356658,0.019679340809423684,False,False,96,QQQ,CEG,2025-10-16,2025-12-15,True
2025-11-03,2025-11-28,18,-0.0993903099554041,-0.02029809145102246,-0.07909221850438164,True,True,96,QQQ,MDB,2025-10-16,2025-12-15,
2025-12-08,2025-12-15,5,-0.0237895578577898,-0.02200936730416181,-0.0017801905536279916,True,True,96,QQQ,SNPS,2025-10-16,2025-12-15,True
2025-12-05,2025-12-12,5,-0.14639581390548684,-0.018961528980412368,-0.12743428492507447,True,True,96,QQQ,MRVL,2025-10-16,2025-12-15,
2026-04-29,2026-06-02,23,0.8572523836711641,0.34451885916348535,0.5127335245076787,False,False,97,SOX,MRVL,2026-04-07,2026-08-05,
2026-04-29,2026-05-13,10,0.009504941430422242,0.17400390127120047,-0.16449895984077822,False,True,97,SOX,DIOD,2026-04-07,2026-08-05,
2026-04-13,2026-05-04,15,0.48819872440628354,0.17470897543066366,0.3134897489756199,False,False,97,SOX,WOLF,2026-04-07,2026-08-05,
2026-05-01,2026-05-11,6,0.054071354133128136,0.14387550598343357,-0.08980415185030544,False,True,97,SOX,MCHP,2026-04-07,2026-08-05,
2026-07-22,2026-07-30,6,-0.08026032475907285,-0.09178790855274432,0.01152758379367147,True,False,97,SOX,NVDA,2026-04-07,2026-08-05,
2026-04-14,2026-04-16,2,0.05041575005061061,0.011738608229505232,0.038677141821105376,False,False,97,SOX,ACLS,2026-04-07,2026-08-05,
2026-04-23,2026-05-07,10,0.13442015565361265,0.11646253912310933,0.017957616530503318,False,False,97,SOX,ACLS,2026-04-07,2026-08-05,
2026-04-27,2026-04-28,1,-0.0677412665611885,-0.036670261961282424,-0.031071004599906082,True,True,97,SOX,FORM,2026-04-07,2026-08-05,
2026-04-09,2026-04-22,9,0.3151814994078683,0.14034809446515828,0.17483340494271005,False,False,97,SOX,POWI,2026-04-07,2026-08-05,
2026-05-08,2026-05-11,1,0.008929305141170518,0.023947752662416555,-0.015018447521246037,False,True,97,SOX,SYNA,2026-04-07,2026-08-05,
2026-04-13,2026-04-20,5,0.08645048699317237,0.06154982668039133,0.024900660312781042,False,False,97,SOX,MPWR,2026-04-07,2026-08-05,
2026-04-21,2026-06-08,33,0.020439280339666688,0.35833131032070287,-0.3378920299810362,False,True,97,SOX,MPWR,2026-04-07,2026-08-05,
2026-06-05,2026-06-11,4,-0.23222863155703777,0.0873704591773532,-0.31959909073439097,True,True,97,SOX,SMCI,2026-04-07,2026-08-05,
2026-04-17,2026-05-12,17,0.22625571398872268,0.2412257482637461,-0.014970034275023414,False,True,97,SOX,SMTC,2026-04-07,2026-08-05,
2026-05-15,2026-05-26,6,0.19485620054598618,0.12107696336908047,0.07377923717690571,False,False,97,SOX,SMTC,2026-04-07,2026-08-05,
2026-05-27,2026-06-02,4,0.05998732899260251,0.07276862733548861,-0.012781298342886105,False,True,97,SOX,SMTC,2026-04-07,2026-08-05,
2026-04-16,2026-06-05,35,-0.031972319422038264,0.32964662072152406,-0.36161894014356233,True,True,97,SOX,AVGO,2026-04-07,2026-08-05,
2026-05-07,2026-05-08,1,0.060052566459242396,0.05674713757179872,0.0033054288874436732,False,False,97,SOX,AMKR,2026-04-07,2026-08-05,
2026-04-14,2026-04-16,2,0.05041575005061061,0.011738608229505232,0.038677141821105376,False,False,98,SOX,ACLS,2026-04-07,2026-06-04,
2026-04-23,2026-05-07,10,0.13442015565361265,0.11646253912310933,0.017957616530503318,False,False,98,SOX,ACLS,2026-04-07,2026-06-04,
2026-04-16,2026-06-04,34,0.05129616360548939,0.4847147863213921,-0.4334186227159027,False,True,98,SOX,AVGO,2026-04-07,2026-06-04,True
2026-04-27,2026-04-28,1,-0.0677412665611885,-0.036670261961282424,-0.031071004599906082,True,True,98,SOX,FORM,2026-04-07,2026-06-04,
2026-04-17,2026-05-12,17,0.22625571398872268,0.2412257482637461,-0.014970034275023414,False,True,98,SOX,SMTC,2026-04-07,2026-06-04,
2026-05-15,2026-05-26,6,0.19485620054598618,0.12107696336908047,0.07377923717690571,False,False,98,SOX,SMTC,2026-04-07,2026-06-04,
2026-05-27,2026-06-02,4,0.05998732899260251,0.07276862733548861,-0.012781298342886105,False,True,98,SOX,SMTC,2026-04-07,2026-06-04,
2026-04-13,2026-04-20,5,0.08645048699317237,0.06154982668039133,0.024900660312781042,False,False,98,SOX,MPWR,2026-04-07,2026-06-04,
2026-04-21,2026-06-04,31,0.08157997154080965,0.43265973363001775,-0.3510797620892081,False,True,98,SOX,MPWR,2026-04-07,2026-06-04,True
2026-04-30,2026-05-08,6,0.023707959999297756,0.12755721140514154,-0.10384925140584378,False,True,98,SOX,ON,2026-04-07,2026-06-04,
2026-05-11,2026-05-12,1,-0.02918684554054274,-0.03147767169073823,0.0022908261501954907,True,False,98,SOX,ON,2026-04-07,2026-06-04,
2026-04-08,2026-04-09,1,0.02690341000839247,0.022219252910562037,0.0046841570978304325,False,False,98,SOX,ONTO,2026-04-07,2026-06-04,
2026-04-27,2026-04-28,1,-0.05327204035097466,-0.036670261961282424,-0.016601778389692234,True,True,98,SOX,ONTO,2026-04-07,2026-06-04,
2026-04-29,2026-05-27,19,-0.0613701270106114,0.25331672170816755,-0.31468684871877894,True,True,98,SOX,ONTO,2026-04-07,2026-06-04,
2026-05-08,2026-05-11,1,0.008929305141170518,0.023947752662416555,-0.015018447521246037,False,True,98,SOX,SYNA,2026-04-07,2026-06-04,
2026-04-09,2026-04-22,9,0.3151814994078683,0.14034809446515828,0.17483340494271005,False,False,98,SOX,POWI,2026-04-07,2026-06-04,
2026-04-13,2026-05-04,15,0.48819872440628354,0.17470897543066366,0.3134897489756199,False,False,98,SOX,WOLF,2026-04-07,2026-06-04,
2025-12-26,2026-01-09,9,0.021634049410093503,0.00442382548673792,0.017210223923355583,False,False,99,QQQ,GE,2025-12-10,2026-01-09,True
2025-12-16,2026-01-09,16,0.014685029299696284,0.025676232376842467,-0.010991203077146183,False,True,99,QQQ,ADP,2025-12-10,2026-01-09,True
2025-12-15,2026-01-09,17,0.06507288915328946,0.027708920581593688,0.03736396857169577,False,False,99,QQQ,PCAR,2025-12-10,2026-01-09,True
2025-12-11,2025-12-24,9,-0.052678601484619336,-0.0013526955303078125,-0.051325905954311524,True,True,99,QQQ,CDNS,2025-12-10,2026-01-09,
2025-12-15,2026-01-09,17,-0.04898186526673698,0.027708920581593688,-0.07669078584833067,True,True,99,QQQ,ADBE,2025-12-10,2026-01-09,True
2025-12-12,2025-12-15,1,0.005836082097182116,-0.005019386618356658,0.010855468715538774,False,False,99,QQQ,GEHC,2025-12-10,2026-01-09,
2025-12-17,2026-01-09,15,0.05990121576670937,0.04504834300295424,0.014852872763755132,False,False,99,QQQ,GEHC,2025-12-10,2026-01-09,True
2025-12-23,2026-01-09,11,0.09147658878360443,0.007297830122595661,0.08417875866100877,False,False,99,QQQ,ODFL,2025-12-10,2026-01-09,True
2025-12-19,2026-01-09,13,0.01823781279562664,0.01686645415698851,0.0013713586386381316,False,False,99,QQQ,BKNG,2025-12-10,2026-01-09,True
2026-01-08,2026-01-09,1,0.10800288398903568,0.00996023105487942,0.09804265293415626,False,False,99,QQQ,INTC,2025-12-10,2026-01-09,True
