pair,logic_a,logic_b,run,n_names,tickers,basket_mean_ret,portfolio_total_pnl_usd,portfolio_total_ret,qqq_ret,vs_qqq_ret,beat_qqq,positive
L1_time+L2_price,L1_time,L2_price,0,10,"KHC,APP,PANW,MU,INTU,COST,GILD,ABNB,CEG,CHTR",-0.0008916221475777086,-44.58110737888637,-0.0008916221475777275,0.2481105102115162,-0.2490021323590939,0,0
L1_time+L2_price,L1_time,L2_price,1,10,"LIN,DASH,ADBE,HON,CSGP,MDB,MSTR,PDD,AMGN,KDP",-0.014607545516067189,-730.3772758033592,-0.014607545516067185,0.2481105102115162,-0.2627180557275834,0,0
L1_time+L2_price,L1_time,L2_price,2,10,"GOOGL,TSLA,CRWD,ODFL,LRCX,MDB,MAR,XEL,ROST,GE",0.10942249352792977,5471.124676396487,0.10942249352792975,0.2481105102115162,-0.13868801668358643,0,1
L1_time+L2_price,L1_time,L2_price,3,10,"GILD,AMAT,ISRG,MDB,BKNG,TSLA,CSX,PANW,KDP,SHOP",0.02222100161624223,1111.0500808121105,0.02222100161624221,0.2481105102115162,-0.22588950859527396,0,1
L1_time+L2_price,L1_time,L2_price,4,10,"SHOP,EXC,HOOD,VRSK,PLTR,SBUX,ADI,MRVL,ARM,GOOG",0.07574529093832275,3787.264546916137,0.07574529093832275,0.2481105102115162,-0.17236521927319345,0,1
L1_time+L2_price,L1_time,L2_price,5,10,"ADBE,CDW,MSFT,FAST,QCOM,FTNT,EA,TMUS,GOOGL,ROST",0.009853038118228297,492.6519059114148,0.009853038118228297,0.2481105102115162,-0.2382574720932879,0,1
L1_time+L2_price,L1_time,L2_price,6,10,"NVDA,CRWD,APP,ISRG,CSGP,EXC,CDW,TXN,CPRT,XEL",-0.010798974481041423,-539.9487240520721,-0.010798974481041442,0.2481105102115162,-0.25890948469255765,0,0
L1_time+L2_price,L1_time,L2_price,7,10,"ARM,AAPL,CTSH,SNPS,NFLX,CDW,AMAT,PYPL,PCAR,AMZN",0.02959611478620865,1479.8057393104323,0.029596114786208647,0.2481105102115162,-0.21851439542530754,0,1
L1_time+L2_price,L1_time,L2_price,8,10,"GOOG,MSFT,CHTR,INTC,DDOG,MU,ORLY,DASH,EA,VRTX",0.07792735255032525,3896.3676275162616,0.07792735255032524,0.2481105102115162,-0.17018315766119096,0,1
L1_time+L2_price,L1_time,L2_price,9,10,"TEAM,APP,HON,PAYX,ZS,IDXX,TSLA,TXN,VRTX,ADBE",0.010622144096239693,531.107204811984,0.010622144096239681,0.2481105102115162,-0.23748836611527652,0,1
L1_time+L2_price,L1_time,L2_price,10,10,"ASML,ODFL,TXN,TMUS,NVDA,KLAC,GFS,MNST,FTNT,AXON",-0.011282537143655824,-564.1268571827909,-0.011282537143655819,0.2481105102115162,-0.25939304735517205,0,0
L1_time+L2_price,L1_time,L2_price,11,10,"WDAY,GFS,LIN,ASML,NVDA,AMD,CPRT,KLAC,TRI,NFLX",-0.03782732106497679,-1891.3660532488389,-0.03782732106497678,0.2481105102115162,-0.28593783127649297,0,0
L1_time+L2_price,L1_time,L2_price,12,10,"CPRT,ISRG,MELI,EXC,PDD,GEHC,ROP,GFS,REGN,AXON",-0.025354029582772795,-1267.7014791386418,-0.025354029582772837,0.2481105102115162,-0.273464539794289,0,0
L1_time+L2_price,L1_time,L2_price,13,10,"GOOG,MRVL,AAPL,MELI,INTU,FTNT,CRWD,KDP,TSLA,ON",0.12554447963713025,6277.223981856512,0.12554447963713025,0.2481105102115162,-0.12256603057438595,0,1
L1_time+L2_price,L1_time,L2_price,14,10,"FAST,GE,PCAR,FTNT,AMD,LRCX,ADBE,APP,AMAT,CSX",0.12579970324361164,6289.985162180582,0.12579970324361164,0.2481105102115162,-0.12231080696790456,0,1
L1_time+L2_price,L1_time,L2_price,15,10,"GOOGL,TRI,QCOM,MRVL,SNPS,GILD,ABNB,MELI,APP,KLAC",0.10399425317439973,5199.712658719985,0.1039942531743997,0.2481105102115162,-0.14411625703711647,0,1
L1_time+L2_price,L1_time,L2_price,16,10,"COST,KLAC,DXCM,MRVL,MAR,GOOG,ODFL,INTU,CDW,LIN",0.10185301166759204,5092.650583379602,0.10185301166759203,0.2481105102115162,-0.14625749854392417,0,1
L1_time+L2_price,L1_time,L2_price,17,10,"TSLA,ADSK,NVDA,AMGN,ARM,GFS,AXON,BKNG,WDAY,ORLY",-0.026207120386386507,-1310.3560193193248,-0.026207120386386496,0.2481105102115162,-0.2743176305979027,0,0
L1_time+L2_price,L1_time,L2_price,18,10,"INTU,MRVL,AEP,CSGP,GEHC,ON,ADSK,ADI,NVDA,AAPL",0.10395404230008409,5197.702115004206,0.1039540423000841,0.2481105102115162,-0.1441564679114321,0,1
L1_time+L2_price,L1_time,L2_price,19,10,"ARM,GE,INTC,KHC,CTAS,TTWO,PCAR,LRCX,ZS,MELI",0.06458430571119517,3229.215285559758,0.06458430571119515,0.2481105102115162,-0.18352620450032103,0,1
L1_time+L2_price,L1_time,L2_price,20,10,"ON,ADBE,ZS,EA,FANG,GILD,CSCO,TTD,MU,VRSK",-0.010904567279646404,-545.228363982319,-0.010904567279646381,0.2481105102115162,-0.2590150774911626,0,0
L1_time+L2_price,L1_time,L2_price,21,10,"TEAM,CHTR,ADP,TXN,CSX,PDD,SNPS,GFS,GILD,CTAS",-0.004675162050792703,-233.75810253963482,-0.0046751620507926965,0.2481105102115162,-0.2527856722623089,0,0
L1_time+L2_price,L1_time,L2_price,22,10,"ODFL,ORLY,IDXX,AAPL,DDOG,CPRT,PDD,EA,CSX,WBD",0.036974146455839255,1848.7073227919618,0.036974146455839234,0.2481105102115162,-0.21113636375567696,0,1
L1_time+L2_price,L1_time,L2_price,23,10,"LIN,KHC,WBD,VRSK,LRCX,ADSK,QCOM,ZS,DXCM,GOOG",0.08699749205934446,4349.874602967224,0.08699749205934448,0.2481105102115162,-0.16111301815217174,0,1
L1_time+L2_price,L1_time,L2_price,24,10,"FANG,GE,TRI,VRTX,CDNS,KHC,ZS,CDW,MDB,AAPL",-0.03771524501866145,-1885.7622509330736,-0.03771524501866147,0.2481105102115162,-0.28582575523017767,0,0
L1_time+L2_price,L1_time,L2_price,25,10,"FANG,MELI,KHC,GOOG,COST,CTAS,TTWO,WBD,PCAR,KDP",0.045548360857496674,2277.418042874833,0.04554836085749667,0.2481105102115162,-0.20256214935401953,0,1
L1_time+L2_price,L1_time,L2_price,26,10,"ZS,AMGN,MELI,CEG,KDP,REGN,ROST,EXC,ODFL,AEP",0.02639253308585422,1319.6266542927087,0.026392533085854174,0.2481105102115162,-0.221717977125662,0,1
L1_time+L2_price,L1_time,L2_price,27,10,"NVDA,EA,ISRG,ABNB,GILD,DDOG,FANG,GOOGL,GE,AEP",0.013350987850703211,667.5493925351598,0.013350987850703195,0.2481105102115162,-0.234759522360813,0,1
L1_time+L2_price,L1_time,L2_price,28,10,"SHOP,TSLA,AMGN,INTU,PDD,TTWO,CDW,META,PLTR,GOOGL",-0.051701900770180845,-2585.0950385090423,-0.051701900770180845,0.2481105102115162,-0.29981241098169703,0,0
L1_time+L2_price,L1_time,L2_price,29,10,"QCOM,ZS,BKR,HON,DDOG,SHOP,MAR,IDXX,BKNG,MCHP",0.024235906198762612,1211.795309938132,0.02423590619876264,0.2481105102115162,-0.22387460401275358,0,1
L1_time+L2_price,L1_time,L2_price,30,10,"AVGO,AMAT,AEP,EXC,MSFT,CDNS,PAYX,META,FANG,MELI",0.07052205593945705,3526.102796972851,0.07052205593945703,0.2481105102115162,-0.17758845427205916,0,1
L1_time+L2_price,L1_time,L2_price,31,10,"INTC,COST,WDAY,PCAR,CDNS,ON,QCOM,IDXX,PANW,AVGO",0.03819491879683654,1909.7459398418268,0.038194918796836536,0.2481105102115162,-0.20991559141467966,0,1
L1_time+L2_price,L1_time,L2_price,32,10,"QCOM,ASML,NVDA,DXCM,PAYX,HOOD,GOOGL,MRVL,ON,ADBE",0.0704361795601884,3521.80897800942,0.0704361795601884,0.2481105102115162,-0.17767433065132782,0,1
L1_time+L2_price,L1_time,L2_price,33,10,"DXCM,ROP,REGN,PEP,CTSH,GFS,MNST,TSLA,EA,TXN",0.026354598360636194,1317.7299180318096,0.02635459836063619,0.2481105102115162,-0.22175591185088,0,1
L1_time+L2_price,L1_time,L2_price,34,10,"XEL,TTWO,ROST,KHC,INTC,BKNG,AMD,MAR,ODFL,CMCSA",0.05040618539565885,2520.3092697829416,0.05040618539565883,0.2481105102115162,-0.19770432481585734,0,1
L1_time+L2_price,L1_time,L2_price,35,10,"COST,CCEP,MNST,CEG,GEHC,HON,IDXX,ORLY,TXN,HOOD",-0.01468099201020362,-734.0496005101813,-0.014680992010203626,0.2481105102115162,-0.2627915022217198,0,0
L1_time+L2_price,L1_time,L2_price,36,10,"CRWD,PANW,HOOD,TMUS,GILD,ARM,GOOG,PCAR,LRCX,GFS",0.09715964885028738,4857.98244251437,0.0971596488502874,0.2481105102115162,-0.15095086136122882,0,1
L1_time+L2_price,L1_time,L2_price,37,10,"MRVL,ODFL,KDP,CSGP,REGN,META,CMCSA,ARM,SNPS,ADBE",0.07914594619092534,3957.2973095462667,0.07914594619092534,0.2481105102115162,-0.16896456402059085,0,1
L1_time+L2_price,L1_time,L2_price,38,10,"GE,ADSK,PCAR,LRCX,PDD,KHC,ROP,AMAT,CPRT,AMGN",0.12058003369827963,6029.001684913979,0.12058003369827959,0.2481105102115162,-0.12753047651323657,0,1
L1_time+L2_price,L1_time,L2_price,39,10,"QCOM,INTC,CSX,PDD,BKR,AAPL,LIN,SHOP,CMCSA,CEG",-0.04396997234468882,-2198.4986172344416,-0.04396997234468883,0.2481105102115162,-0.292080482556205,0,0
L1_time+L2_price,L1_time,L2_price,40,10,"LRCX,AMD,AEP,INTC,TSLA,ADP,MRVL,AVGO,FAST,CSCO",0.20417009092477673,10208.50454623884,0.2041700909247768,0.2481105102115162,-0.043940419286739474,0,1
L1_time+L2_price,L1_time,L2_price,41,10,"ADBE,CMCSA,CRWD,GFS,CSX,PLTR,KLAC,HON,IDXX,AMZN",-0.043021797918831275,-2151.0898959415645,-0.04302179791883129,0.2481105102115162,-0.29113230813034746,0,0
L1_time+L2_price,L1_time,L2_price,42,10,"HOOD,TTD,ADP,INTC,CTAS,CPRT,MAR,ABNB,PYPL,AEP",-0.045239165878074486,-2261.9582939037246,-0.04523916587807449,0.2481105102115162,-0.29334967608959067,0,0
L1_time+L2_price,L1_time,L2_price,43,10,"TEAM,SHOP,DXCM,INTU,CTSH,META,AVGO,PDD,MRVL,LIN",0.09923848760991938,4961.92438049597,0.09923848760991939,0.2481105102115162,-0.14887202260159682,0,1
L1_time+L2_price,L1_time,L2_price,44,10,"AAPL,EXC,GOOGL,TSLA,ROP,ASML,MSFT,ORLY,CSGP,AMD",-0.005557657323317322,-277.8828661658672,-0.005557657323317344,0.2481105102115162,-0.2536681675348335,0,0
L1_time+L2_price,L1_time,L2_price,45,10,"CTAS,MSFT,SBUX,LIN,LRCX,ARM,KDP,AXON,KLAC,MNST",0.052021189417440626,2601.059470872032,0.05202118941744064,0.2481105102115162,-0.19608932079407557,0,1
L1_time+L2_price,L1_time,L2_price,46,10,"ODFL,GEHC,TEAM,CRWD,DDOG,KDP,DASH,ISRG,PCAR,FAST",0.02958004287825481,1479.0021439127395,0.02958004287825479,0.2481105102115162,-0.2185304673332614,0,1
L1_time+L2_price,L1_time,L2_price,47,10,"BKR,MU,BKNG,EA,GOOG,PEP,MAR,TXN,AAPL,QCOM",0.0635054713559523,3175.273567797615,0.0635054713559523,0.2481105102115162,-0.1846050388555639,0,1
L1_time+L2_price,L1_time,L2_price,48,10,"MCHP,LIN,AXON,HOOD,TEAM,NFLX,LRCX,IDXX,AAPL,VRSK",0.062110205314141444,3105.510265707073,0.06211020531414146,0.2481105102115162,-0.18600030489737476,0,1
L1_time+L2_price,L1_time,L2_price,49,10,"EA,MDB,CHTR,VRTX,AMD,ADSK,EXC,APP,TTD,KDP",-0.02415469959739449,-1207.734979869726,-0.02415469959739452,0.2481105102115162,-0.27226520980891067,0,0
L1_time+L2_price,L1_time,L2_price,50,10,"NFLX,APP,LIN,CEG,CSGP,KHC,CMCSA,EA,BKNG,REGN",-0.038584993249430634,-1929.2496624715313,-0.03858499324943063,0.2481105102115162,-0.28669550346094685,0,0
L1_time+L2_price,L1_time,L2_price,51,10,"AMAT,FTNT,INTU,PLTR,LIN,PCAR,MRVL,MSTR,GE,SBUX",0.11847082394751274,5923.541197375637,0.11847082394751275,0.2481105102115162,-0.12963968626400346,0,1
L1_time+L2_price,L1_time,L2_price,52,10,"SHOP,ON,PDD,CRWD,PCAR,MELI,TXN,GEHC,AEP,CMCSA",0.02640961598758057,1320.4807993790264,0.02640961598758053,0.2481105102115162,-0.22170089422393563,0,1
L1_time+L2_price,L1_time,L2_price,53,10,"IDXX,ROP,EXC,FTNT,CPRT,LRCX,AMD,CSCO,MU,ROST",0.11498062513408484,5749.031256704243,0.11498062513408486,0.2481105102115162,-0.13312988507743134,0,1
L1_time+L2_price,L1_time,L2_price,54,10,"AEP,PCAR,ADP,FANG,KLAC,CTSH,CDNS,COST,ROP,ADBE",0.004055751488813153,202.7875744406565,0.00405575148881313,0.2481105102115162,-0.24405475872270305,0,1
L1_time+L2_price,L1_time,L2_price,55,10,"AMZN,CTSH,HON,TMUS,ZS,ROST,NFLX,AXON,BKNG,BKR",-0.0032456655759021793,-162.28327879510925,-0.003245665575902185,0.2481105102115162,-0.25135617578741837,0,0
L1_time+L2_price,L1_time,L2_price,56,10,"BKNG,ASML,ADI,LIN,TTD,GE,GOOG,AMZN,ADP,CEG",-0.05937312068296111,-2968.6560341480545,-0.05937312068296109,0.2481105102115162,-0.30748363089447733,0,0
L1_time+L2_price,L1_time,L2_price,57,10,"AAPL,IDXX,APP,REGN,INTU,MRVL,TSLA,EA,COST,VRSK",0.09843675930619775,4921.837965309887,0.09843675930619775,0.2481105102115162,-0.14967375090531845,0,1
L1_time+L2_price,L1_time,L2_price,58,10,"APP,LRCX,COST,INTU,GFS,TXN,MNST,IDXX,REGN,ABNB",0.09909081682489929,4954.540841244964,0.09909081682489929,0.2481105102115162,-0.1490196933866169,0,1
L1_time+L2_price,L1_time,L2_price,59,10,"ON,ADP,CSX,GILD,GFS,MSTR,CTAS,ORLY,PEP,CSGP",-0.017510407850319386,-875.5203925159676,-0.017510407850319352,0.2481105102115162,-0.2656209180618356,0,0
L1_time+L2_price,L1_time,L2_price,60,10,"HOOD,ASML,ODFL,CSGP,KDP,HON,AAPL,EXC,VRTX,CDNS",-0.030537217974559484,-1526.8608987279758,-0.03053721797455952,0.2481105102115162,-0.2786477281860757,0,0
L1_time+L2_price,L1_time,L2_price,61,10,"CDNS,BKNG,TTD,MU,WDAY,MAR,GFS,CSGP,GE,AAPL",-0.022944473147534783,-1147.2236573767386,-0.022944473147534773,0.2481105102115162,-0.271054983359051,0,0
L1_time+L2_price,L1_time,L2_price,62,10,"PLTR,MSFT,TTD,ROP,ARM,GOOG,QCOM,IDXX,CSGP,NVDA",-0.0825482583501557,-4127.412917507783,-0.08254825835015567,0.2481105102115162,-0.33065876856167187,0,0
L1_time+L2_price,L1_time,L2_price,63,10,"CTAS,PLTR,WDAY,ROP,CPRT,TEAM,REGN,ASML,ISRG,MDB",-0.0674898037893406,-3374.49018946703,-0.06748980378934061,0.2481105102115162,-0.3156003140008568,0,0
L1_time+L2_price,L1_time,L2_price,64,10,"CSX,PCAR,ORLY,DXCM,EXC,COST,AMAT,QCOM,ZS,AAPL",0.04201037136499815,2100.518568249906,0.04201037136499812,0.2481105102115162,-0.20610013884651807,0,1
L1_time+L2_price,L1_time,L2_price,65,10,"PAYX,PCAR,CPRT,ROST,VRSK,CSX,CTAS,APP,META,EXC",0.02506084367278748,1253.0421836393734,0.025060843672787467,0.2481105102115162,-0.2230496665387287,0,1
L1_time+L2_price,L1_time,L2_price,66,10,"SNPS,GFS,TRI,DXCM,AMAT,PANW,AEP,CSGP,TTD,MELI",0.006486054313129108,324.3027156564549,0.006486054313129098,0.2481105102115162,-0.2416244558983871,0,1
L1_time+L2_price,L1_time,L2_price,67,10,"WDAY,TRI,DASH,REGN,META,QCOM,ROST,TTWO,ON,PYPL",0.012614305819454507,630.7152909727265,0.01261430581945453,0.2481105102115162,-0.2354962043920617,0,1
L1_time+L2_price,L1_time,L2_price,68,10,"SBUX,GOOG,MNST,LRCX,IDXX,CEG,AMGN,ADSK,VRTX,QCOM",0.0840139190188561,4200.695950942806,0.08401391901885612,0.2481105102115162,-0.1640965911926601,0,1
L1_time+L2_price,L1_time,L2_price,69,10,"PANW,ZS,TSLA,AXON,CSX,BKNG,TRI,CDNS,KLAC,HON",-0.035193926785311455,-1759.6963392655744,-0.03519392678531149,0.2481105102115162,-0.28330443699682767,0,0
L1_time+L2_price,L1_time,L2_price,70,10,"CMCSA,KHC,APP,IDXX,SNPS,HOOD,HON,CCEP,ROST,PANW",0.0019528435061770156,97.6421753088498,0.001952843506176996,0.2481105102115162,-0.24615766670533917,0,1
L1_time+L2_price,L1_time,L2_price,71,10,"CSGP,MSTR,ADI,ABNB,CDNS,MRVL,IDXX,CSCO,ISRG,GEHC",0.0941501614234039,4707.508071170195,0.09415016142340389,0.2481105102115162,-0.1539603487881123,0,1
L1_time+L2_price,L1_time,L2_price,72,10,"DXCM,AAPL,FANG,TTWO,APP,AMAT,CHTR,WBD,ROST,PLTR",0.08573797183942279,4286.8985919711395,0.08573797183942279,0.2481105102115162,-0.16237253837209342,0,1
L1_time+L2_price,L1_time,L2_price,73,10,"ZS,PDD,ODFL,ASML,ADP,ADI,COST,CDW,ADBE,MCHP",0.008152404038506478,407.62020192532464,0.008152404038506493,0.2481105102115162,-0.23995810617300972,0,1
L1_time+L2_price,L1_time,L2_price,74,10,"CPRT,ZS,AAPL,AXON,GOOG,REGN,NFLX,KDP,MELI,ASML",-0.016460829975732262,-823.0414987866143,-0.016460829975732286,0.2481105102115162,-0.2645713401872485,0,0
L1_time+L2_price,L1_time,L2_price,75,10,"VRTX,XEL,HOOD,ORLY,NVDA,CMCSA,COST,PCAR,ADI,ROST",0.013313632083480876,665.6816041740426,0.013313632083480851,0.2481105102115162,-0.23479687812803532,0,1
L1_time+L2_price,L1_time,L2_price,76,10,"CCEP,MAR,PLTR,ASML,SBUX,CSX,CMCSA,FTNT,MCHP,PDD",-0.026199165308024353,-1309.9582654012165,-0.02619916530802433,0.2481105102115162,-0.27430967551954055,0,0
L1_time+L2_price,L1_time,L2_price,77,10,"AVGO,NVDA,COST,WBD,AMAT,CTAS,LIN,CDNS,GOOGL,ISRG",0.08258981920376904,4129.490960188452,0.08258981920376904,0.2481105102115162,-0.16552069100774716,0,1
L1_time+L2_price,L1_time,L2_price,78,10,"WBD,ROP,AEP,DDOG,BKR,MRVL,ODFL,ON,CTSH,PEP",0.16399953471367748,8199.976735683875,0.16399953471367748,0.2481105102115162,-0.08411097549783872,0,1
L1_time+L2_price,L1_time,L2_price,79,10,"GOOG,TEAM,ON,INTU,AMD,MU,REGN,ARM,CPRT,FANG",0.05529228931658664,2764.6144658293324,0.05529228931658665,0.2481105102115162,-0.19281822089492956,0,1
L1_time+L2_price,L1_time,L2_price,80,10,"ON,ADBE,MNST,AEP,PYPL,MELI,SBUX,DXCM,CDNS,IDXX",-0.0020300418400786002,-101.50209200392965,-0.002030041840078593,0.2481105102115162,-0.2501405520515948,0,0
L1_time+L2_price,L1_time,L2_price,81,10,"TXN,ROP,ADI,ISRG,WDAY,ABNB,MSFT,PDD,TEAM,GEHC",0.020627505530379908,1031.3752765189938,0.020627505530379876,0.2481105102115162,-0.2274830046811363,0,1
L1_time+L2_price,L1_time,L2_price,82,10,"APP,META,GOOGL,ODFL,CSX,TXN,INTU,AVGO,HON,COST",0.06515167503487199,3257.5837517435984,0.06515167503487197,0.2481105102115162,-0.1829588351766442,0,1
L1_time+L2_price,L1_time,L2_price,83,10,"FANG,BKNG,CTSH,EXC,GOOG,ARM,AXON,MRVL,GFS,MSTR",0.1257158781924419,6285.793909622094,0.1257158781924419,0.2481105102115162,-0.1223946320190743,0,1
L1_time+L2_price,L1_time,L2_price,84,10,"DXCM,KHC,ADBE,PDD,SNPS,CDW,CTAS,CPRT,TRI,ODFL",-0.05481983018219916,-2740.991509109958,-0.05481983018219916,0.2481105102115162,-0.30293034039371536,0,0
L1_time+L2_price,L1_time,L2_price,85,10,"KHC,MSTR,AMAT,MCHP,TEAM,TXN,MNST,ARM,CSX,CCEP",0.10360815552067155,5180.407776033579,0.10360815552067157,0.2481105102115162,-0.14450235469084466,0,1
L1_time+L2_price,L1_time,L2_price,86,10,"TMUS,AXON,TTD,MCHP,MNST,WDAY,SBUX,CCEP,KDP,LRCX",0.055518885497248746,2775.9442748624388,0.055518885497248774,0.2481105102115162,-0.19259162471426744,0,1
L1_time+L2_price,L1_time,L2_price,87,10,"GILD,VRSK,MCHP,MDB,SBUX,DXCM,VRTX,CTAS,ZS,ADI",0.029975311749942134,1498.7655874971078,0.029975311749942158,0.2481105102115162,-0.21813519846157406,0,1
L1_time+L2_price,L1_time,L2_price,88,10,"GE,CSGP,NFLX,INTU,CTAS,MU,CDW,CSCO,TXN,XEL",0.005062682553679166,253.13412768395892,0.005062682553679179,0.2481105102115162,-0.24304782765783703,0,1
L1_time+L2_price,L1_time,L2_price,89,10,"META,MCHP,TTD,XEL,NVDA,CDW,FAST,REGN,COST,TEAM",-0.07098370982419648,-3549.1854912098233,-0.07098370982419647,0.2481105102115162,-0.3190942200357127,0,0
L1_time+L2_price,L1_time,L2_price,90,10,"FTNT,HON,MU,TRI,PDD,KDP,ADSK,EA,CSX,ODFL",0.025967880079114315,1298.3940039557147,0.025967880079114294,0.2481105102115162,-0.22214263013240187,0,1
L1_time+L2_price,L1_time,L2_price,91,10,"ADP,MSTR,PYPL,META,CDW,KHC,PCAR,AEP,MU,SBUX",0.0029956973519118966,149.7848675955952,0.0029956973519119036,0.2481105102115162,-0.2451148128596043,0,1
L1_time+L2_price,L1_time,L2_price,92,10,"PLTR,LRCX,AMD,AEP,ISRG,TEAM,AXON,TRI,SBUX,CDNS",0.029983976318035566,1499.1988159017774,0.02998397631803555,0.2481105102115162,-0.21812653389348063,0,1
L1_time+L2_price,L1_time,L2_price,93,10,"ROP,INTU,NXPI,SHOP,SNPS,DASH,GILD,ROST,WBD,CRWD",0.03635070100704789,1817.5350503523941,0.03635070100704788,0.2481105102115162,-0.2117598092044683,0,1
L1_time+L2_price,L1_time,L2_price,94,10,"ARM,AAPL,TXN,AMD,CPRT,TMUS,GEHC,TTD,EXC,CHTR",-0.025544671316014077,-1277.233565800705,-0.025544671316014102,0.2481105102115162,-0.27365518152753027,0,0
L1_time+L2_price,L1_time,L2_price,95,10,"MELI,GEHC,SNPS,WDAY,AEP,CPRT,CDNS,ABNB,CDW,PEP",-0.05748294717040529,-2874.147358520266,-0.05748294717040532,0.2481105102115162,-0.3055934573819215,0,0
L1_time+L2_price,L1_time,L2_price,96,10,"GFS,MSTR,CTAS,ISRG,AMZN,ROP,AMD,COST,ZS,CCEP",-0.003909064718077759,-195.45323590388762,-0.003909064718077752,0.2481105102115162,-0.252019574929594,0,0
L1_time+L2_price,L1_time,L2_price,97,10,"CDNS,ADP,MAR,DASH,ABNB,ADI,ON,ADBE,DDOG,GOOGL",0.04482465726801058,2241.23286340053,0.0448246572680106,0.2481105102115162,-0.20328585294350562,0,1
L1_time+L2_price,L1_time,L2_price,98,10,"MELI,MNST,DXCM,LRCX,TRI,BKNG,DASH,CPRT,GFS,NVDA",0.0405462066804028,2027.310334020141,0.04054620668040282,0.2481105102115162,-0.2075643035311134,0,1
L1_time+L2_price,L1_time,L2_price,99,10,"NXPI,FANG,MRVL,MDB,AXON,INTC,MSTR,AVGO,CDW,QCOM",0.12183528400833929,6091.764200416963,0.12183528400833926,0.2481105102115162,-0.1262752262031769,0,1
L1_time+L3_pullback,L1_time,L3_pullback,0,10,"KHC,APP,PANW,MU,INTU,COST,GILD,ABNB,CEG,CHTR",0.06269705014299506,3134.8525071497534,0.06269705014299506,0.2481105102115162,-0.18541346006852114,0,1
L1_time+L3_pullback,L1_time,L3_pullback,1,10,"LIN,DASH,ADBE,HON,CSGP,MDB,MSTR,PDD,AMGN,KDP",-0.013891668009295356,-694.5834004647677,-0.013891668009295354,0.2481105102115162,-0.26200217822081157,0,0
L1_time+L3_pullback,L1_time,L3_pullback,2,10,"GOOGL,TSLA,CRWD,ODFL,LRCX,MDB,MAR,XEL,ROST,GE",0.10115839221272194,5057.919610636096,0.10115839221272192,0.2481105102115162,-0.14695211799879426,0,1
L1_time+L3_pullback,L1_time,L3_pullback,3,10,"GILD,AMAT,ISRG,MDB,BKNG,TSLA,CSX,PANW,KDP,SHOP",0.048822415493289154,2441.1207746644586,0.048822415493289174,0.2481105102115162,-0.19928809471822706,0,1
L1_time+L3_pullback,L1_time,L3_pullback,4,10,"SHOP,EXC,HOOD,VRSK,PLTR,SBUX,ADI,MRVL,ARM,GOOG",0.08925023285855956,4462.511642927978,0.08925023285855956,0.2481105102115162,-0.15886027735295666,0,1
L1_time+L3_pullback,L1_time,L3_pullback,5,10,"ADBE,CDW,MSFT,FAST,QCOM,FTNT,EA,TMUS,GOOGL,ROST",0.030396175937747027,1519.8087968873524,0.030396175937747048,0.2481105102115162,-0.21771433427376918,0,1
L1_time+L3_pullback,L1_time,L3_pullback,6,10,"NVDA,CRWD,APP,ISRG,CSGP,EXC,CDW,TXN,CPRT,XEL",0.02271788340893267,1135.8941704466333,0.022717883408932667,0.2481105102115162,-0.22539262680258354,0,1
L1_time+L3_pullback,L1_time,L3_pullback,7,10,"ARM,AAPL,CTSH,SNPS,NFLX,CDW,AMAT,PYPL,PCAR,AMZN",0.012088453193342553,604.4226596671269,0.012088453193342539,0.2481105102115162,-0.23602205701817364,0,1
L1_time+L3_pullback,L1_time,L3_pullback,8,10,"GOOG,MSFT,CHTR,INTC,DDOG,MU,ORLY,DASH,EA,VRTX",0.1017630193261044,5088.15096630522,0.1017630193261044,0.2481105102115162,-0.1463474908854118,0,1
L1_time+L3_pullback,L1_time,L3_pullback,9,10,"TEAM,APP,HON,PAYX,ZS,IDXX,TSLA,TXN,VRTX,ADBE",0.026520798454807336,1326.039922740366,0.02652079845480732,0.2481105102115162,-0.22158971175670886,0,1
L1_time+L3_pullback,L1_time,L3_pullback,10,10,"ASML,ODFL,TXN,TMUS,NVDA,KLAC,GFS,MNST,FTNT,AXON",0.05347908643829132,2673.954321914566,0.05347908643829132,0.2481105102115162,-0.19463142377322487,0,1
L1_time+L3_pullback,L1_time,L3_pullback,11,10,"WDAY,GFS,LIN,ASML,NVDA,AMD,CPRT,KLAC,TRI,NFLX",0.035706243686086894,1785.3121843043446,0.035706243686086894,0.2481105102115162,-0.21240426652542932,0,1
L1_time+L3_pullback,L1_time,L3_pullback,12,10,"CPRT,ISRG,MELI,EXC,PDD,GEHC,ROP,GFS,REGN,AXON",0.008902192405034249,445.10962025171284,0.008902192405034258,0.2481105102115162,-0.23920831780648194,0,1
L1_time+L3_pullback,L1_time,L3_pullback,13,10,"GOOG,MRVL,AAPL,MELI,INTU,FTNT,CRWD,KDP,TSLA,ON",0.10366747447849156,5183.373723924578,0.10366747447849156,0.2481105102115162,-0.14444303573302464,0,1
L1_time+L3_pullback,L1_time,L3_pullback,14,10,"FAST,GE,PCAR,FTNT,AMD,LRCX,ADBE,APP,AMAT,CSX",0.0978930816846643,4894.654084233215,0.0978930816846643,0.2481105102115162,-0.15021742852685188,0,1
L1_time+L3_pullback,L1_time,L3_pullback,15,10,"GOOGL,TRI,QCOM,MRVL,SNPS,GILD,ABNB,MELI,APP,KLAC",0.11761213546406413,5880.606773203207,0.11761213546406414,0.2481105102115162,-0.13049837474745207,0,1
L1_time+L3_pullback,L1_time,L3_pullback,16,10,"COST,KLAC,DXCM,MRVL,MAR,GOOG,ODFL,INTU,CDW,LIN",0.08863000531733486,4431.500265866743,0.08863000531733485,0.2481105102115162,-0.15948050489418134,0,1
L1_time+L3_pullback,L1_time,L3_pullback,17,10,"TSLA,ADSK,NVDA,AMGN,ARM,GFS,AXON,BKNG,WDAY,ORLY",0.020174065905639037,1008.7032952819527,0.020174065905639055,0.2481105102115162,-0.22793644430587717,0,1
L1_time+L3_pullback,L1_time,L3_pullback,18,10,"INTU,MRVL,AEP,CSGP,GEHC,ON,ADSK,ADI,NVDA,AAPL",0.05172469629998089,2586.234814999045,0.051724696299980895,0.2481105102115162,-0.1963858139115353,0,1
L1_time+L3_pullback,L1_time,L3_pullback,19,10,"ARM,GE,INTC,KHC,CTAS,TTWO,PCAR,LRCX,ZS,MELI",0.056959072394726515,2847.953619736326,0.056959072394726515,0.2481105102115162,-0.19115143781678967,0,1
L1_time+L3_pullback,L1_time,L3_pullback,20,10,"ON,ADBE,ZS,EA,FANG,GILD,CSCO,TTD,MU,VRSK",0.0398820014513539,1994.1000725676954,0.039882001451353906,0.2481105102115162,-0.2082285087601623,0,1
L1_time+L3_pullback,L1_time,L3_pullback,21,10,"TEAM,CHTR,ADP,TXN,CSX,PDD,SNPS,GFS,GILD,CTAS",-0.0050344981220744045,-251.72490610372097,-0.005034498122074419,0.2481105102115162,-0.2531450083335906,0,0
L1_time+L3_pullback,L1_time,L3_pullback,22,10,"ODFL,ORLY,IDXX,AAPL,DDOG,CPRT,PDD,EA,CSX,WBD",0.0055936740548095274,279.6837027404763,0.005593674054809526,0.2481105102115162,-0.24251683615670666,0,1
L1_time+L3_pullback,L1_time,L3_pullback,23,10,"LIN,KHC,WBD,VRSK,LRCX,ADSK,QCOM,ZS,DXCM,GOOG",0.08689654830863966,4344.827415431984,0.08689654830863969,0.2481105102115162,-0.16121396190287654,0,1
L1_time+L3_pullback,L1_time,L3_pullback,24,10,"FANG,GE,TRI,VRTX,CDNS,KHC,ZS,CDW,MDB,AAPL",-0.005542333015508394,-277.11665077542057,-0.005542333015508411,0.2481105102115162,-0.2536528432270246,0,0
L1_time+L3_pullback,L1_time,L3_pullback,25,10,"FANG,MELI,KHC,GOOG,COST,CTAS,TTWO,WBD,PCAR,KDP",0.03697523585437747,1848.761792718873,0.03697523585437746,0.2481105102115162,-0.21113527435713875,0,1
L1_time+L3_pullback,L1_time,L3_pullback,26,10,"ZS,AMGN,MELI,CEG,KDP,REGN,ROST,EXC,ODFL,AEP",0.005574468033795288,278.7234016897655,0.00557446803379531,0.2481105102115162,-0.2425360421777209,0,1
L1_time+L3_pullback,L1_time,L3_pullback,27,10,"NVDA,EA,ISRG,ABNB,GILD,DDOG,FANG,GOOGL,GE,AEP",0.04779306494766955,2389.6532473834777,0.04779306494766956,0.2481105102115162,-0.20031744526384665,0,1
L1_time+L3_pullback,L1_time,L3_pullback,28,10,"SHOP,TSLA,AMGN,INTU,PDD,TTWO,CDW,META,PLTR,GOOGL",0.037874700544728156,1893.7350272364074,0.03787470054472815,0.2481105102115162,-0.21023580966678804,0,1
L1_time+L3_pullback,L1_time,L3_pullback,29,10,"QCOM,ZS,BKR,HON,DDOG,SHOP,MAR,IDXX,BKNG,MCHP",0.044565646477609785,2228.2823238804885,0.04456564647760977,0.2481105102115162,-0.2035448637339064,0,1
L1_time+L3_pullback,L1_time,L3_pullback,30,10,"AVGO,AMAT,AEP,EXC,MSFT,CDNS,PAYX,META,FANG,MELI",0.06580606559086175,3290.3032795430872,0.06580606559086175,0.2481105102115162,-0.18230444462065445,0,1
L1_time+L3_pullback,L1_time,L3_pullback,31,10,"INTC,COST,WDAY,PCAR,CDNS,ON,QCOM,IDXX,PANW,AVGO",0.030900823771750706,1545.0411885875355,0.03090082377175071,0.2481105102115162,-0.2172096864397655,0,1
L1_time+L3_pullback,L1_time,L3_pullback,32,10,"QCOM,ASML,NVDA,DXCM,PAYX,HOOD,GOOGL,MRVL,ON,ADBE",0.09379281024472233,4689.6405122361175,0.09379281024472234,0.2481105102115162,-0.15431769996679387,0,1
L1_time+L3_pullback,L1_time,L3_pullback,33,10,"DXCM,ROP,REGN,PEP,CTSH,GFS,MNST,TSLA,EA,TXN",0.045122019431640494,2256.1009715820246,0.045122019431640494,0.2481105102115162,-0.2029884907798757,0,1
L1_time+L3_pullback,L1_time,L3_pullback,34,10,"XEL,TTWO,ROST,KHC,INTC,BKNG,AMD,MAR,ODFL,CMCSA",0.010810338606801796,540.516930340089,0.010810338606801778,0.2481105102115162,-0.2373001716047144,0,1
L1_time+L3_pullback,L1_time,L3_pullback,35,10,"COST,CCEP,MNST,CEG,GEHC,HON,IDXX,ORLY,TXN,HOOD",-0.02450779717884578,-1225.3898589422897,-0.024507797178845794,0.2481105102115162,-0.27261830739036197,0,0
L1_time+L3_pullback,L1_time,L3_pullback,36,10,"CRWD,PANW,HOOD,TMUS,GILD,ARM,GOOG,PCAR,LRCX,GFS",0.10067368056776427,5033.684028388215,0.1006736805677643,0.2481105102115162,-0.14743682964375193,0,1
L1_time+L3_pullback,L1_time,L3_pullback,37,10,"MRVL,ODFL,KDP,CSGP,REGN,META,CMCSA,ARM,SNPS,ADBE",0.024368134052024516,1218.4067026012262,0.024368134052024523,0.2481105102115162,-0.2237423761594917,0,1
L1_time+L3_pullback,L1_time,L3_pullback,38,10,"GE,ADSK,PCAR,LRCX,PDD,KHC,ROP,AMAT,CPRT,AMGN",0.07719588167516014,3859.794083758008,0.07719588167516016,0.2481105102115162,-0.17091462853635606,0,1
L1_time+L3_pullback,L1_time,L3_pullback,39,10,"QCOM,INTC,CSX,PDD,BKR,AAPL,LIN,SHOP,CMCSA,CEG",-0.005566736678475126,-278.3368339237559,-0.005566736678475117,0.2481105102115162,-0.2536772468899913,0,0
L1_time+L3_pullback,L1_time,L3_pullback,40,10,"LRCX,AMD,AEP,INTC,TSLA,ADP,MRVL,AVGO,FAST,CSCO",0.13096857347804525,6548.428673902265,0.1309685734780453,0.2481105102115162,-0.11714193673347095,0,1
L1_time+L3_pullback,L1_time,L3_pullback,41,10,"ADBE,CMCSA,CRWD,GFS,CSX,PLTR,KLAC,HON,IDXX,AMZN",0.005499067165728499,274.9533582864251,0.005499067165728502,0.2481105102115162,-0.2426114430457877,0,1
L1_time+L3_pullback,L1_time,L3_pullback,42,10,"HOOD,TTD,ADP,INTC,CTAS,CPRT,MAR,ABNB,PYPL,AEP",-0.013547170648489615,-677.3585324244809,-0.013547170648489619,0.2481105102115162,-0.2616576808600058,0,0
L1_time+L3_pullback,L1_time,L3_pullback,43,10,"TEAM,SHOP,DXCM,INTU,CTSH,META,AVGO,PDD,MRVL,LIN",0.07222821986043527,3611.410993021763,0.07222821986043526,0.2481105102115162,-0.17588229035108094,0,1
L1_time+L3_pullback,L1_time,L3_pullback,44,10,"AAPL,EXC,GOOGL,TSLA,ROP,ASML,MSFT,ORLY,CSGP,AMD",0.05735672577582762,2867.836288791381,0.057356725775827615,0.2481105102115162,-0.19075378443568858,0,1
L1_time+L3_pullback,L1_time,L3_pullback,45,10,"CTAS,MSFT,SBUX,LIN,LRCX,ARM,KDP,AXON,KLAC,MNST",0.07714360368822851,3857.180184411426,0.07714360368822852,0.2481105102115162,-0.1709669065232877,0,1
L1_time+L3_pullback,L1_time,L3_pullback,46,10,"ODFL,GEHC,TEAM,CRWD,DDOG,KDP,DASH,ISRG,PCAR,FAST",0.0034976310671718026,174.88155335858937,0.0034976310671717874,0.2481105102115162,-0.2446128791443444,0,1
L1_time+L3_pullback,L1_time,L3_pullback,47,10,"BKR,MU,BKNG,EA,GOOG,PEP,MAR,TXN,AAPL,QCOM",0.09508004456025326,4754.002228012664,0.09508004456025328,0.2481105102115162,-0.15303046565126294,0,1
L1_time+L3_pullback,L1_time,L3_pullback,48,10,"MCHP,LIN,AXON,HOOD,TEAM,NFLX,LRCX,IDXX,AAPL,VRSK",0.0396130260404378,1980.6513020218908,0.039613026040437815,0.2481105102115162,-0.20849748417107838,0,1
L1_time+L3_pullback,L1_time,L3_pullback,49,10,"EA,MDB,CHTR,VRTX,AMD,ADSK,EXC,APP,TTD,KDP",0.006538179052071891,326.90895260359457,0.006538179052071892,0.2481105102115162,-0.24157233115944432,0,1
L1_time+L3_pullback,L1_time,L3_pullback,50,10,"NFLX,APP,LIN,CEG,CSGP,KHC,CMCSA,EA,BKNG,REGN",-0.0022274384553170436,-111.3719227658512,-0.002227438455317024,0.2481105102115162,-0.25033794866683323,0,0
L1_time+L3_pullback,L1_time,L3_pullback,51,10,"AMAT,FTNT,INTU,PLTR,LIN,PCAR,MRVL,MSTR,GE,SBUX",0.07106554982107309,3553.2774910536546,0.07106554982107309,0.2481105102115162,-0.1770449603904431,0,1
L1_time+L3_pullback,L1_time,L3_pullback,52,10,"SHOP,ON,PDD,CRWD,PCAR,MELI,TXN,GEHC,AEP,CMCSA",0.029208891112912215,1460.4445556456103,0.029208891112912205,0.2481105102115162,-0.21890161909860398,0,1
L1_time+L3_pullback,L1_time,L3_pullback,53,10,"IDXX,ROP,EXC,FTNT,CPRT,LRCX,AMD,CSCO,MU,ROST",0.11246433889386984,5623.216944693493,0.11246433889386986,0.2481105102115162,-0.13564617131764636,0,1
L1_time+L3_pullback,L1_time,L3_pullback,54,10,"AEP,PCAR,ADP,FANG,KLAC,CTSH,CDNS,COST,ROP,ADBE",0.020311387604612617,1015.5693802306296,0.020311387604612593,0.2481105102115162,-0.22779912260690358,0,1
L1_time+L3_pullback,L1_time,L3_pullback,55,10,"AMZN,CTSH,HON,TMUS,ZS,ROST,NFLX,AXON,BKNG,BKR",-0.004490009017092555,-224.50045085462898,-0.00449000901709258,0.2481105102115162,-0.25260051922860877,0,0
L1_time+L3_pullback,L1_time,L3_pullback,56,10,"BKNG,ASML,ADI,LIN,TTD,GE,GOOG,AMZN,ADP,CEG",0.0042942317608886,214.7115880444303,0.004294231760888606,0.2481105102115162,-0.2438162784506276,0,1
L1_time+L3_pullback,L1_time,L3_pullback,57,10,"AAPL,IDXX,APP,REGN,INTU,MRVL,TSLA,EA,COST,VRSK",0.08055703099650234,4027.851549825117,0.08055703099650234,0.2481105102115162,-0.16755347921501385,0,1
L1_time+L3_pullback,L1_time,L3_pullback,58,10,"APP,LRCX,COST,INTU,GFS,TXN,MNST,IDXX,REGN,ABNB",0.1072195622081387,5360.978110406935,0.1072195622081387,0.2481105102115162,-0.14089094800337748,0,1
L1_time+L3_pullback,L1_time,L3_pullback,59,10,"ON,ADP,CSX,GILD,GFS,MSTR,CTAS,ORLY,PEP,CSGP",0.0005556884045008426,27.784420225041686,0.0005556884045008337,0.2481105102115162,-0.24755482180701535,0,1
L1_time+L3_pullback,L1_time,L3_pullback,60,10,"HOOD,ASML,ODFL,CSGP,KDP,HON,AAPL,EXC,VRTX,CDNS",0.022269093142577533,1113.4546571288765,0.02226909314257753,0.2481105102115162,-0.22584141706893868,0,1
L1_time+L3_pullback,L1_time,L3_pullback,61,10,"CDNS,BKNG,TTD,MU,WDAY,MAR,GFS,CSGP,GE,AAPL",0.050098550202671954,2504.9275101335975,0.05009855020267195,0.2481105102115162,-0.19801196000884425,0,1
L1_time+L3_pullback,L1_time,L3_pullback,62,10,"PLTR,MSFT,TTD,ROP,ARM,GOOG,QCOM,IDXX,CSGP,NVDA",0.005078837109526946,253.94185547634834,0.005078837109526967,0.2481105102115162,-0.24303167310198925,0,1
L1_time+L3_pullback,L1_time,L3_pullback,63,10,"CTAS,PLTR,WDAY,ROP,CPRT,TEAM,REGN,ASML,ISRG,MDB",-0.005407619773307293,-270.3809886653644,-0.005407619773307288,0.2481105102115162,-0.2535181299848235,0,0
L1_time+L3_pullback,L1_time,L3_pullback,64,10,"CSX,PCAR,ORLY,DXCM,EXC,COST,AMAT,QCOM,ZS,AAPL",0.03706142566905859,1853.0712834529295,0.03706142566905859,0.2481105102115162,-0.2110490845424576,0,1
L1_time+L3_pullback,L1_time,L3_pullback,65,10,"PAYX,PCAR,CPRT,ROST,VRSK,CSX,CTAS,APP,META,EXC",0.028010369655311028,1400.5184827655503,0.028010369655311007,0.2481105102115162,-0.22010014055620516,0,1
L1_time+L3_pullback,L1_time,L3_pullback,66,10,"SNPS,GFS,TRI,DXCM,AMAT,PANW,AEP,CSGP,TTD,MELI",0.028563346932903844,1428.1673466451934,0.02856334693290387,0.2481105102115162,-0.21954716327861235,0,1
L1_time+L3_pullback,L1_time,L3_pullback,67,10,"WDAY,TRI,DASH,REGN,META,QCOM,ROST,TTWO,ON,PYPL",0.010222460656418042,511.12303282090124,0.010222460656418025,0.2481105102115162,-0.23788804955509815,0,1
L1_time+L3_pullback,L1_time,L3_pullback,68,10,"SBUX,GOOG,MNST,LRCX,IDXX,CEG,AMGN,ADSK,VRTX,QCOM",0.08548740805843183,4274.370402921593,0.08548740805843187,0.2481105102115162,-0.16262310215308437,0,1
L1_time+L3_pullback,L1_time,L3_pullback,69,10,"PANW,ZS,TSLA,AXON,CSX,BKNG,TRI,CDNS,KLAC,HON",0.02059948088465119,1029.9740442325592,0.020599480884651186,0.2481105102115162,-0.227511029326865,0,1
L1_time+L3_pullback,L1_time,L3_pullback,70,10,"CMCSA,KHC,APP,IDXX,SNPS,HOOD,HON,CCEP,ROST,PANW",0.007348372261769332,367.41861308846546,0.007348372261769309,0.2481105102115162,-0.24076213794974688,0,1
L1_time+L3_pullback,L1_time,L3_pullback,71,10,"CSGP,MSTR,ADI,ABNB,CDNS,MRVL,IDXX,CSCO,ISRG,GEHC",0.04336770594218774,2168.3852971093866,0.04336770594218773,0.2481105102115162,-0.20474280426932845,0,1
L1_time+L3_pullback,L1_time,L3_pullback,72,10,"DXCM,AAPL,FANG,TTWO,APP,AMAT,CHTR,WBD,ROST,PLTR",0.07009712736719356,3504.8563683596776,0.07009712736719355,0.2481105102115162,-0.17801338284432264,0,1
L1_time+L3_pullback,L1_time,L3_pullback,73,10,"ZS,PDD,ODFL,ASML,ADP,ADI,COST,CDW,ADBE,MCHP",0.03056541993411842,1528.27099670592,0.0305654199341184,0.2481105102115162,-0.21754509027739777,0,1
L1_time+L3_pullback,L1_time,L3_pullback,74,10,"CPRT,ZS,AAPL,AXON,GOOG,REGN,NFLX,KDP,MELI,ASML",0.04816994174434983,2408.4970872174936,0.048169941744349874,0.2481105102115162,-0.19994056846716637,0,1
L1_time+L3_pullback,L1_time,L3_pullback,75,10,"VRTX,XEL,HOOD,ORLY,NVDA,CMCSA,COST,PCAR,ADI,ROST",0.001582082269753793,79.10411348768775,0.0015820822697537552,0.2481105102115162,-0.2465284279417624,0,1
L1_time+L3_pullback,L1_time,L3_pullback,76,10,"CCEP,MAR,PLTR,ASML,SBUX,CSX,CMCSA,FTNT,MCHP,PDD",0.04998329804647779,2499.1649023238897,0.049983298046477796,0.2481105102115162,-0.19812721216503842,0,1
L1_time+L3_pullback,L1_time,L3_pullback,77,10,"AVGO,NVDA,COST,WBD,AMAT,CTAS,LIN,CDNS,GOOGL,ISRG",0.07424350726689108,3712.175363344554,0.07424350726689108,0.2481105102115162,-0.17386700294462512,0,1
L1_time+L3_pullback,L1_time,L3_pullback,78,10,"WBD,ROP,AEP,DDOG,BKR,MRVL,ODFL,ON,CTSH,PEP",0.06799767812337688,3399.883906168843,0.06799767812337687,0.2481105102115162,-0.18011283208813933,0,1
L1_time+L3_pullback,L1_time,L3_pullback,79,10,"GOOG,TEAM,ON,INTU,AMD,MU,REGN,ARM,CPRT,FANG",0.07616985182359409,3808.4925911797054,0.0761698518235941,0.2481105102115162,-0.1719406583879221,0,1
L1_time+L3_pullback,L1_time,L3_pullback,80,10,"ON,ADBE,MNST,AEP,PYPL,MELI,SBUX,DXCM,CDNS,IDXX",0.0271462629465538,1357.3131473276908,0.027146262946553815,0.2481105102115162,-0.2209642472649624,0,1
L1_time+L3_pullback,L1_time,L3_pullback,81,10,"TXN,ROP,ADI,ISRG,WDAY,ABNB,MSFT,PDD,TEAM,GEHC",0.0030590871095198535,152.95435547599118,0.0030590871095198236,0.2481105102115162,-0.24505142310199635,0,1
L1_time+L3_pullback,L1_time,L3_pullback,82,10,"APP,META,GOOGL,ODFL,CSX,TXN,INTU,AVGO,HON,COST",0.07332277942439663,3666.1389712198306,0.07332277942439662,0.2481105102115162,-0.17478773078711957,0,1
L1_time+L3_pullback,L1_time,L3_pullback,83,10,"FANG,BKNG,CTSH,EXC,GOOG,ARM,AXON,MRVL,GFS,MSTR",0.08931383168127235,4465.691584063618,0.08931383168127237,0.2481105102115162,-0.15879667853024385,0,1
L1_time+L3_pullback,L1_time,L3_pullback,84,10,"DXCM,KHC,ADBE,PDD,SNPS,CDW,CTAS,CPRT,TRI,ODFL",-0.031370242393574346,-1568.5121196787177,-0.03137024239357435,0.2481105102115162,-0.27948075260509053,0,0
L1_time+L3_pullback,L1_time,L3_pullback,85,10,"KHC,MSTR,AMAT,MCHP,TEAM,TXN,MNST,ARM,CSX,CCEP",0.03483099265593378,1741.5496327966894,0.034830992655933785,0.2481105102115162,-0.21327951755558242,0,1
L1_time+L3_pullback,L1_time,L3_pullback,86,10,"TMUS,AXON,TTD,MCHP,MNST,WDAY,SBUX,CCEP,KDP,LRCX",0.055573391088674026,2778.669554433702,0.05557339108867404,0.2481105102115162,-0.19253711912284216,0,1
L1_time+L3_pullback,L1_time,L3_pullback,87,10,"GILD,VRSK,MCHP,MDB,SBUX,DXCM,VRTX,CTAS,ZS,ADI",0.0406444263271548,2032.2213163577399,0.040644426327154794,0.2481105102115162,-0.20746608388436139,0,1
L1_time+L3_pullback,L1_time,L3_pullback,88,10,"GE,CSGP,NFLX,INTU,CTAS,MU,CDW,CSCO,TXN,XEL",0.04102970597827765,2051.4852989138826,0.04102970597827765,0.2481105102115162,-0.20708080423323855,0,1
L1_time+L3_pullback,L1_time,L3_pullback,89,10,"META,MCHP,TTD,XEL,NVDA,CDW,FAST,REGN,COST,TEAM",-0.033286242333832164,-1664.3121166916076,-0.03328624233383215,0.2481105102115162,-0.28139675254534835,0,0
L1_time+L3_pullback,L1_time,L3_pullback,90,10,"FTNT,HON,MU,TRI,PDD,KDP,ADSK,EA,CSX,ODFL",0.06340819079418439,3170.4095397092196,0.06340819079418439,0.2481105102115162,-0.1847023194173318,0,1
L1_time+L3_pullback,L1_time,L3_pullback,91,10,"ADP,MSTR,PYPL,META,CDW,KHC,PCAR,AEP,MU,SBUX",0.044719277238760256,2235.963861938012,0.04471927723876024,0.2481105102115162,-0.20339123297275594,0,1
L1_time+L3_pullback,L1_time,L3_pullback,92,10,"PLTR,LRCX,AMD,AEP,ISRG,TEAM,AXON,TRI,SBUX,CDNS",0.04468280208239446,2234.140104119723,0.04468280208239447,0.2481105102115162,-0.20342770812912175,0,1
L1_time+L3_pullback,L1_time,L3_pullback,93,10,"ROP,INTU,NXPI,SHOP,SNPS,DASH,GILD,ROST,WBD,CRWD",0.016542064802722502,827.1032401361235,0.01654206480272247,0.2481105102115162,-0.2315684454087937,0,1
L1_time+L3_pullback,L1_time,L3_pullback,94,10,"ARM,AAPL,TXN,AMD,CPRT,TMUS,GEHC,TTD,EXC,CHTR",-0.028251378885265077,-1412.5689442632533,-0.028251378885265067,0.2481105102115162,-0.2763618890967813,0,0
L1_time+L3_pullback,L1_time,L3_pullback,95,10,"MELI,GEHC,SNPS,WDAY,AEP,CPRT,CDNS,ABNB,CDW,PEP",-0.016012208500493296,-800.6104250246644,-0.01601220850049329,0.2481105102115162,-0.2641227187120095,0,0
L1_time+L3_pullback,L1_time,L3_pullback,96,10,"GFS,MSTR,CTAS,ISRG,AMZN,ROP,AMD,COST,ZS,CCEP",-0.006134488431517216,-306.72442157586283,-0.006134488431517256,0.2481105102115162,-0.2542449986430334,0,0
L1_time+L3_pullback,L1_time,L3_pullback,97,10,"CDNS,ADP,MAR,DASH,ABNB,ADI,ON,ADBE,DDOG,GOOGL",0.05862058950175897,2931.0294750879475,0.05862058950175895,0.2481105102115162,-0.18948992070975723,0,1
L1_time+L3_pullback,L1_time,L3_pullback,98,10,"MELI,MNST,DXCM,LRCX,TRI,BKNG,DASH,CPRT,GFS,NVDA",0.06985441724784283,3492.7208623921424,0.06985441724784285,0.2481105102115162,-0.17825609296367337,0,1
L1_time+L3_pullback,L1_time,L3_pullback,99,10,"NXPI,FANG,MRVL,MDB,AXON,INTC,MSTR,AVGO,CDW,QCOM",0.059650481292190694,2982.5240646095344,0.05965048129219069,0.2481105102115162,-0.1884600289193255,0,1
L1_time+L4_regime,L1_time,L4_regime,0,10,"KHC,APP,PANW,MU,INTU,COST,GILD,ABNB,CEG,CHTR",0.054071949472337344,2703.5974736168664,0.05407194947233733,0.2481105102115162,-0.19403856073917886,0,1
L1_time+L4_regime,L1_time,L4_regime,1,10,"LIN,DASH,ADBE,HON,CSGP,MDB,MSTR,PDD,AMGN,KDP",-0.029098458732239697,-1454.9229366119853,-0.029098458732239707,0.2481105102115162,-0.2772089689437559,0,0
L1_time+L4_regime,L1_time,L4_regime,2,10,"GOOGL,TSLA,CRWD,ODFL,LRCX,MDB,MAR,XEL,ROST,GE",0.14322809634589528,7161.404817294763,0.14322809634589526,0.2481105102115162,-0.10488241386562092,0,1
L1_time+L4_regime,L1_time,L4_regime,3,10,"GILD,AMAT,ISRG,MDB,BKNG,TSLA,CSX,PANW,KDP,SHOP",0.06253728686283681,3126.8643431418413,0.06253728686283683,0.2481105102115162,-0.18557322334867937,0,1
L1_time+L4_regime,L1_time,L4_regime,4,10,"SHOP,EXC,HOOD,VRSK,PLTR,SBUX,ADI,MRVL,ARM,GOOG",0.09343899006868932,4671.949503434466,0.09343899006868933,0.2481105102115162,-0.15467152014282687,0,1
L1_time+L4_regime,L1_time,L4_regime,5,10,"ADBE,CDW,MSFT,FAST,QCOM,FTNT,EA,TMUS,GOOGL,ROST",0.05586077801346281,2793.0389006731402,0.05586077801346281,0.2481105102115162,-0.19224973219805339,0,1
L1_time+L4_regime,L1_time,L4_regime,6,10,"NVDA,CRWD,APP,ISRG,CSGP,EXC,CDW,TXN,CPRT,XEL",-0.009949495034861477,-497.4747517430733,-0.009949495034861465,0.2481105102115162,-0.2580600052463777,0,0
L1_time+L4_regime,L1_time,L4_regime,7,10,"ARM,AAPL,CTSH,SNPS,NFLX,CDW,AMAT,PYPL,PCAR,AMZN",0.05289131163069525,2644.5655815347627,0.052891311630695256,0.2481105102115162,-0.19521919858082096,0,1
L1_time+L4_regime,L1_time,L4_regime,8,10,"GOOG,MSFT,CHTR,INTC,DDOG,MU,ORLY,DASH,EA,VRTX",0.17495166203104165,8747.583101552082,0.17495166203104162,0.2481105102115162,-0.07315884818047455,0,1
L1_time+L4_regime,L1_time,L4_regime,9,10,"TEAM,APP,HON,PAYX,ZS,IDXX,TSLA,TXN,VRTX,ADBE",-0.0048185381742826385,-240.92690871413197,-0.004818538174282639,0.2481105102115162,-0.2529290483857988,0,0
L1_time+L4_regime,L1_time,L4_regime,10,10,"ASML,ODFL,TXN,TMUS,NVDA,KLAC,GFS,MNST,FTNT,AXON",0.08193621481651152,4096.810740825576,0.08193621481651153,0.2481105102115162,-0.16617429539500467,0,1
L1_time+L4_regime,L1_time,L4_regime,11,10,"WDAY,GFS,LIN,ASML,NVDA,AMD,CPRT,KLAC,TRI,NFLX",0.056332495208542596,2816.6247604271293,0.05633249520854259,0.2481105102115162,-0.1917780150029736,0,1
L1_time+L4_regime,L1_time,L4_regime,12,10,"CPRT,ISRG,MELI,EXC,PDD,GEHC,ROP,GFS,REGN,AXON",0.008143820935857648,407.19104679288284,0.008143820935857657,0.2481105102115162,-0.23996668927565856,0,1
L1_time+L4_regime,L1_time,L4_regime,13,10,"GOOG,MRVL,AAPL,MELI,INTU,FTNT,CRWD,KDP,TSLA,ON",0.13703676794558256,6851.838397279129,0.1370367679455826,0.2481105102115162,-0.11107374226593364,0,1
L1_time+L4_regime,L1_time,L4_regime,14,10,"FAST,GE,PCAR,FTNT,AMD,LRCX,ADBE,APP,AMAT,CSX",0.13098994845692405,6549.497422846203,0.13098994845692408,0.2481105102115162,-0.11712056175459215,0,1
L1_time+L4_regime,L1_time,L4_regime,15,10,"GOOGL,TRI,QCOM,MRVL,SNPS,GILD,ABNB,MELI,APP,KLAC",0.0972686282449014,4863.4314122450705,0.09726862824490141,0.2481105102115162,-0.1508418819666148,0,1
L1_time+L4_regime,L1_time,L4_regime,16,10,"COST,KLAC,DXCM,MRVL,MAR,GOOG,ODFL,INTU,CDW,LIN",0.12242111949782164,6121.05597489108,0.1224211194978216,0.2481105102115162,-0.12568939071369456,0,1
L1_time+L4_regime,L1_time,L4_regime,17,10,"TSLA,ADSK,NVDA,AMGN,ARM,GFS,AXON,BKNG,WDAY,ORLY",0.020787757964205244,1039.3878982102633,0.020787757964205265,0.2481105102115162,-0.22732275224731097,0,1
L1_time+L4_regime,L1_time,L4_regime,18,10,"INTU,MRVL,AEP,CSGP,GEHC,ON,ADSK,ADI,NVDA,AAPL",0.05152944359536445,2576.472179768224,0.05152944359536448,0.2481105102115162,-0.19658106661615174,0,1
L1_time+L4_regime,L1_time,L4_regime,19,10,"ARM,GE,INTC,KHC,CTAS,TTWO,PCAR,LRCX,ZS,MELI",0.08474900466814891,4237.450233407446,0.08474900466814891,0.2481105102115162,-0.16336150554336729,0,1
L1_time+L4_regime,L1_time,L4_regime,20,10,"ON,ADBE,ZS,EA,FANG,GILD,CSCO,TTD,MU,VRSK",0.05763516630421235,2881.7583152106185,0.05763516630421237,0.2481105102115162,-0.19047534390730386,0,1
L1_time+L4_regime,L1_time,L4_regime,21,10,"TEAM,CHTR,ADP,TXN,CSX,PDD,SNPS,GFS,GILD,CTAS",-0.015091643772431352,-754.5821886215672,-0.015091643772431343,0.2481105102115162,-0.26320215398394753,0,0
L1_time+L4_regime,L1_time,L4_regime,22,10,"ODFL,ORLY,IDXX,AAPL,DDOG,CPRT,PDD,EA,CSX,WBD",0.03714408034699791,1857.2040173498963,0.037144080346997926,0.2481105102115162,-0.2109664298645183,0,1
L1_time+L4_regime,L1_time,L4_regime,23,10,"LIN,KHC,WBD,VRSK,LRCX,ADSK,QCOM,ZS,DXCM,GOOG",0.11512244723068923,5756.122361534462,0.11512244723068923,0.2481105102115162,-0.13298806298082697,0,1
L1_time+L4_regime,L1_time,L4_regime,24,10,"FANG,GE,TRI,VRTX,CDNS,KHC,ZS,CDW,MDB,AAPL",-0.007888749722890775,-394.4374861445385,-0.00788874972289077,0.2481105102115162,-0.255999259934407,0,0
L1_time+L4_regime,L1_time,L4_regime,25,10,"FANG,MELI,KHC,GOOG,COST,CTAS,TTWO,WBD,PCAR,KDP",0.06983987374318162,3491.9936871590808,0.06983987374318161,0.2481105102115162,-0.17827063646833458,0,1
L1_time+L4_regime,L1_time,L4_regime,26,10,"ZS,AMGN,MELI,CEG,KDP,REGN,ROST,EXC,ODFL,AEP",0.02838958097639186,1419.479048819594,0.02838958097639188,0.2481105102115162,-0.21972092923512435,0,1
L1_time+L4_regime,L1_time,L4_regime,27,10,"NVDA,EA,ISRG,ABNB,GILD,DDOG,FANG,GOOGL,GE,AEP",0.05308111332500922,2654.0556662504614,0.05308111332500923,0.2481105102115162,-0.19502939688650697,0,1
L1_time+L4_regime,L1_time,L4_regime,28,10,"SHOP,TSLA,AMGN,INTU,PDD,TTWO,CDW,META,PLTR,GOOGL",0.043430765082127024,2171.538254106349,0.04343076508212698,0.2481105102115162,-0.2046797451293892,0,1
L1_time+L4_regime,L1_time,L4_regime,29,10,"QCOM,ZS,BKR,HON,DDOG,SHOP,MAR,IDXX,BKNG,MCHP",0.03767383699967081,1883.6918499835401,0.0376738369996708,0.2481105102115162,-0.2104366732118454,0,1
L1_time+L4_regime,L1_time,L4_regime,30,10,"AVGO,AMAT,AEP,EXC,MSFT,CDNS,PAYX,META,FANG,MELI",0.1066819797853713,5334.098989268566,0.10668197978537132,0.2481105102115162,-0.1414285304261449,0,1
L1_time+L4_regime,L1_time,L4_regime,31,10,"INTC,COST,WDAY,PCAR,CDNS,ON,QCOM,IDXX,PANW,AVGO",0.0603001966778405,3015.0098338920243,0.060300196677840485,0.2481105102115162,-0.1878103135336757,0,1
L1_time+L4_regime,L1_time,L4_regime,32,10,"QCOM,ASML,NVDA,DXCM,PAYX,HOOD,GOOGL,MRVL,ON,ADBE",0.0981541546433766,4907.707732168828,0.09815415464337657,0.2481105102115162,-0.1499563555681396,0,1
L1_time+L4_regime,L1_time,L4_regime,33,10,"DXCM,ROP,REGN,PEP,CTSH,GFS,MNST,TSLA,EA,TXN",0.08432618663299893,4216.309331649946,0.08432618663299893,0.2481105102115162,-0.16378432357851727,0,1
L1_time+L4_regime,L1_time,L4_regime,34,10,"XEL,TTWO,ROST,KHC,INTC,BKNG,AMD,MAR,ODFL,CMCSA",0.05665762658897192,2832.8813294485944,0.05665762658897189,0.2481105102115162,-0.19145288362254428,0,1
L1_time+L4_regime,L1_time,L4_regime,35,10,"COST,CCEP,MNST,CEG,GEHC,HON,IDXX,ORLY,TXN,HOOD",-0.04555174823395993,-2277.5874116979967,-0.04555174823395993,0.2481105102115162,-0.2936622584454761,0,0
L1_time+L4_regime,L1_time,L4_regime,36,10,"CRWD,PANW,HOOD,TMUS,GILD,ARM,GOOG,PCAR,LRCX,GFS",0.13839951165957748,6919.975582978874,0.13839951165957748,0.2481105102115162,-0.10971099855193872,0,1
L1_time+L4_regime,L1_time,L4_regime,37,10,"MRVL,ODFL,KDP,CSGP,REGN,META,CMCSA,ARM,SNPS,ADBE",0.0179108718954611,895.5435947730557,0.017910871895461113,0.2481105102115162,-0.2301996383160551,0,1
L1_time+L4_regime,L1_time,L4_regime,38,10,"GE,ADSK,PCAR,LRCX,PDD,KHC,ROP,AMAT,CPRT,AMGN",0.13530541701563892,6765.270850781944,0.1353054170156389,0.2481105102115162,-0.11280509319587728,0,1
L1_time+L4_regime,L1_time,L4_regime,39,10,"QCOM,INTC,CSX,PDD,BKR,AAPL,LIN,SHOP,CMCSA,CEG",0.004504888700682374,225.2444350341193,0.0045048887006823865,0.2481105102115162,-0.24360562151083381,0,1
L1_time+L4_regime,L1_time,L4_regime,40,10,"LRCX,AMD,AEP,INTC,TSLA,ADP,MRVL,AVGO,FAST,CSCO",0.18385381036162146,9192.690518081074,0.18385381036162146,0.2481105102115162,-0.06425669984989474,0,1
L1_time+L4_regime,L1_time,L4_regime,41,10,"ADBE,CMCSA,CRWD,GFS,CSX,PLTR,KLAC,HON,IDXX,AMZN",-0.016501272945847523,-825.0636472923752,-0.016501272945847505,0.2481105102115162,-0.2646117831573637,0,0
L1_time+L4_regime,L1_time,L4_regime,42,10,"HOOD,TTD,ADP,INTC,CTAS,CPRT,MAR,ABNB,PYPL,AEP",-0.056096273147571096,-2804.8136573785537,-0.056096273147571075,0.2481105102115162,-0.3042067833590873,0,0
L1_time+L4_regime,L1_time,L4_regime,43,10,"TEAM,SHOP,DXCM,INTU,CTSH,META,AVGO,PDD,MRVL,LIN",0.07622700104729263,3811.35005236463,0.0762270010472926,0.2481105102115162,-0.17188350916422357,0,1
L1_time+L4_regime,L1_time,L4_regime,44,10,"AAPL,EXC,GOOGL,TSLA,ROP,ASML,MSFT,ORLY,CSGP,AMD",0.0936302509181853,4681.512545909264,0.09363025091818529,0.2481105102115162,-0.1544802592933309,0,1
L1_time+L4_regime,L1_time,L4_regime,45,10,"CTAS,MSFT,SBUX,LIN,LRCX,ARM,KDP,AXON,KLAC,MNST",0.10842654899612521,5421.327449806261,0.10842654899612522,0.2481105102115162,-0.139683961215391,0,1
L1_time+L4_regime,L1_time,L4_regime,46,10,"ODFL,GEHC,TEAM,CRWD,DDOG,KDP,DASH,ISRG,PCAR,FAST",0.01987331053868553,993.6655269342764,0.01987331053868553,0.2481105102115162,-0.22823719967283068,0,1
L1_time+L4_regime,L1_time,L4_regime,47,10,"BKR,MU,BKNG,EA,GOOG,PEP,MAR,TXN,AAPL,QCOM",0.1706469441601782,8532.347208008912,0.17064694416017825,0.2481105102115162,-0.077463566051338,0,1
L1_time+L4_regime,L1_time,L4_regime,48,10,"MCHP,LIN,AXON,HOOD,TEAM,NFLX,LRCX,IDXX,AAPL,VRSK",0.008551927332231068,427.596366611554,0.00855192733223108,0.2481105102115162,-0.23955858287928514,0,1
L1_time+L4_regime,L1_time,L4_regime,49,10,"EA,MDB,CHTR,VRTX,AMD,ADSK,EXC,APP,TTD,KDP",-0.05474586743834451,-2737.2933719172247,-0.054745867438344496,0.2481105102115162,-0.30285637764986073,0,0
L1_time+L4_regime,L1_time,L4_regime,50,10,"NFLX,APP,LIN,CEG,CSGP,KHC,CMCSA,EA,BKNG,REGN",-0.051024904070390745,-2551.2452035195365,-0.05102490407039073,0.2481105102115162,-0.29913541428190693,0,0
L1_time+L4_regime,L1_time,L4_regime,51,10,"AMAT,FTNT,INTU,PLTR,LIN,PCAR,MRVL,MSTR,GE,SBUX",0.09042134159777868,4521.067079888934,0.09042134159777868,0.2481105102115162,-0.15768916861373752,0,1
L1_time+L4_regime,L1_time,L4_regime,52,10,"SHOP,ON,PDD,CRWD,PCAR,MELI,TXN,GEHC,AEP,CMCSA",0.05051664598240076,2525.8322991200384,0.05051664598240077,0.2481105102115162,-0.19759386422911546,0,1
L1_time+L4_regime,L1_time,L4_regime,53,10,"IDXX,ROP,EXC,FTNT,CPRT,LRCX,AMD,CSCO,MU,ROST",0.2008718933617391,10043.594668086955,0.2008718933617391,0.2481105102115162,-0.04723861684977709,0,1
L1_time+L4_regime,L1_time,L4_regime,54,10,"AEP,PCAR,ADP,FANG,KLAC,CTSH,CDNS,COST,ROP,ADBE",0.04319057464185736,2159.5287320928674,0.04319057464185735,0.2481105102115162,-0.20491993556965885,0,1
L1_time+L4_regime,L1_time,L4_regime,55,10,"AMZN,CTSH,HON,TMUS,ZS,ROST,NFLX,AXON,BKNG,BKR",-0.007123109569839947,-356.1554784919972,-0.007123109569839944,0.2481105102115162,-0.25523361978135617,0,0
L1_time+L4_regime,L1_time,L4_regime,56,10,"BKNG,ASML,ADI,LIN,TTD,GE,GOOG,AMZN,ADP,CEG",-0.009286636080041488,-464.3318040020745,-0.00928663608004149,0.2481105102115162,-0.2573971462915577,0,0
L1_time+L4_regime,L1_time,L4_regime,57,10,"AAPL,IDXX,APP,REGN,INTU,MRVL,TSLA,EA,COST,VRSK",0.06587287639239395,3293.6438196196978,0.06587287639239396,0.2481105102115162,-0.18223763381912225,0,1
L1_time+L4_regime,L1_time,L4_regime,58,10,"APP,LRCX,COST,INTU,GFS,TXN,MNST,IDXX,REGN,ABNB",0.10376563773719867,5188.281886859934,0.10376563773719868,0.2481105102115162,-0.14434487247431754,0,1
L1_time+L4_regime,L1_time,L4_regime,59,10,"ON,ADP,CSX,GILD,GFS,MSTR,CTAS,ORLY,PEP,CSGP",-0.018877441102061455,-943.872055103071,-0.01887744110206142,0.2481105102115162,-0.26698795131357766,0,0
L1_time+L4_regime,L1_time,L4_regime,60,10,"HOOD,ASML,ODFL,CSGP,KDP,HON,AAPL,EXC,VRTX,CDNS",0.031102260159279204,1555.1130079639606,0.03110226015927921,0.2481105102115162,-0.217008250052237,0,1
L1_time+L4_regime,L1_time,L4_regime,61,10,"CDNS,BKNG,TTD,MU,WDAY,MAR,GFS,CSGP,GE,AAPL",0.07271564889093435,3635.782444546718,0.07271564889093436,0.2481105102115162,-0.17539486132058185,0,1
L1_time+L4_regime,L1_time,L4_regime,62,10,"PLTR,MSFT,TTD,ROP,ARM,GOOG,QCOM,IDXX,CSGP,NVDA",-0.04003265183556811,-2001.6325917784065,-0.04003265183556813,0.2481105102115162,-0.2881431620470843,0,0
L1_time+L4_regime,L1_time,L4_regime,63,10,"CTAS,PLTR,WDAY,ROP,CPRT,TEAM,REGN,ASML,ISRG,MDB",-0.042478499165962504,-2123.9249582981256,-0.04247849916596251,0.2481105102115162,-0.2905890093774787,0,0
L1_time+L4_regime,L1_time,L4_regime,64,10,"CSX,PCAR,ORLY,DXCM,EXC,COST,AMAT,QCOM,ZS,AAPL",0.07044991596797766,3522.4957983988843,0.07044991596797769,0.2481105102115162,-0.17766059424353853,0,1
L1_time+L4_regime,L1_time,L4_regime,65,10,"PAYX,PCAR,CPRT,ROST,VRSK,CSX,CTAS,APP,META,EXC",0.01972179596719461,986.0897983597324,0.019721795967194648,0.2481105102115162,-0.22838871424432158,0,1
L1_time+L4_regime,L1_time,L4_regime,66,10,"SNPS,GFS,TRI,DXCM,AMAT,PANW,AEP,CSGP,TTD,MELI",0.02845799753399403,1422.8998766997015,0.028457997533994032,0.2481105102115162,-0.21965251267752217,0,1
L1_time+L4_regime,L1_time,L4_regime,67,10,"WDAY,TRI,DASH,REGN,META,QCOM,ROST,TTWO,ON,PYPL",0.022527476984059415,1126.3738492029706,0.02252747698405941,0.2481105102115162,-0.2255830332274568,0,1
L1_time+L4_regime,L1_time,L4_regime,68,10,"SBUX,GOOG,MNST,LRCX,IDXX,CEG,AMGN,ADSK,VRTX,QCOM",0.12977491377360928,6488.745688680464,0.12977491377360928,0.2481105102115162,-0.11833559643790692,0,1
L1_time+L4_regime,L1_time,L4_regime,69,10,"PANW,ZS,TSLA,AXON,CSX,BKNG,TRI,CDNS,KLAC,HON",0.02988713357972377,1494.3566789861889,0.029887133579723776,0.2481105102115162,-0.21822337663179242,0,1
L1_time+L4_regime,L1_time,L4_regime,70,10,"CMCSA,KHC,APP,IDXX,SNPS,HOOD,HON,CCEP,ROST,PANW",-0.028202888836893692,-1410.1444418446845,-0.02820288883689369,0.2481105102115162,-0.2763133990484099,0,0
L1_time+L4_regime,L1_time,L4_regime,71,10,"CSGP,MSTR,ADI,ABNB,CDNS,MRVL,IDXX,CSCO,ISRG,GEHC",0.047006831754274156,2350.3415877137077,0.047006831754274156,0.2481105102115162,-0.20110367845724203,0,1
L1_time+L4_regime,L1_time,L4_regime,72,10,"DXCM,AAPL,FANG,TTWO,APP,AMAT,CHTR,WBD,ROST,PLTR",0.098066977733653,4903.34888668265,0.098066977733653,0.2481105102115162,-0.1500435324778632,0,1
L1_time+L4_regime,L1_time,L4_regime,73,10,"ZS,PDD,ODFL,ASML,ADP,ADI,COST,CDW,ADBE,MCHP",0.061150420012827736,3057.5210006413863,0.06115042001282773,0.2481105102115162,-0.18696009019868848,0,1
L1_time+L4_regime,L1_time,L4_regime,74,10,"CPRT,ZS,AAPL,AXON,GOOG,REGN,NFLX,KDP,MELI,ASML",0.06759578584152298,3379.7892920761496,0.067595785841523,0.2481105102115162,-0.18051472436999322,0,1
L1_time+L4_regime,L1_time,L4_regime,75,10,"VRTX,XEL,HOOD,ORLY,NVDA,CMCSA,COST,PCAR,ADI,ROST",0.013968812804386267,698.4406402193144,0.013968812804386289,0.2481105102115162,-0.23414169740712992,0,1
L1_time+L4_regime,L1_time,L4_regime,76,10,"CCEP,MAR,PLTR,ASML,SBUX,CSX,CMCSA,FTNT,MCHP,PDD",0.06291050501963992,3145.5252509819957,0.06291050501963992,0.2481105102115162,-0.1852000051918763,0,1
L1_time+L4_regime,L1_time,L4_regime,77,10,"AVGO,NVDA,COST,WBD,AMAT,CTAS,LIN,CDNS,GOOGL,ISRG",0.13321702823241638,6660.851411620817,0.13321702823241635,0.2481105102115162,-0.11489348197909982,0,1
L1_time+L4_regime,L1_time,L4_regime,78,10,"WBD,ROP,AEP,DDOG,BKR,MRVL,ODFL,ON,CTSH,PEP",0.10670753341432793,5335.376670716396,0.10670753341432791,0.2481105102115162,-0.14140297679718827,0,1
L1_time+L4_regime,L1_time,L4_regime,79,10,"GOOG,TEAM,ON,INTU,AMD,MU,REGN,ARM,CPRT,FANG",0.16292785204323043,8146.392602161522,0.16292785204323043,0.2481105102115162,-0.08518265816828577,0,1
L1_time+L4_regime,L1_time,L4_regime,80,10,"ON,ADBE,MNST,AEP,PYPL,MELI,SBUX,DXCM,CDNS,IDXX",0.05768641145842812,2884.320572921406,0.05768641145842812,0.2481105102115162,-0.19042409875308808,0,1
L1_time+L4_regime,L1_time,L4_regime,81,10,"TXN,ROP,ADI,ISRG,WDAY,ABNB,MSFT,PDD,TEAM,GEHC",0.006631638900808867,331.5819450404424,0.006631638900808848,0.2481105102115162,-0.24147887131070733,0,1
L1_time+L4_regime,L1_time,L4_regime,82,10,"APP,META,GOOGL,ODFL,CSX,TXN,INTU,AVGO,HON,COST",0.06925752565374502,3462.87628268725,0.069257525653745,0.2481105102115162,-0.17885298455777118,0,1
L1_time+L4_regime,L1_time,L4_regime,83,10,"FANG,BKNG,CTSH,EXC,GOOG,ARM,AXON,MRVL,GFS,MSTR",0.11769873704330905,5884.936852165452,0.11769873704330905,0.2481105102115162,-0.13041177316820715,0,1
L1_time+L4_regime,L1_time,L4_regime,84,10,"DXCM,KHC,ADBE,PDD,SNPS,CDW,CTAS,CPRT,TRI,ODFL",-0.04324283398893156,-2162.141699446579,-0.04324283398893158,0.2481105102115162,-0.2913533442004478,0,0
L1_time+L4_regime,L1_time,L4_regime,85,10,"KHC,MSTR,AMAT,MCHP,TEAM,TXN,MNST,ARM,CSX,CCEP",0.08335609508610024,4167.804754305012,0.08335609508610023,0.2481105102115162,-0.16475441512541594,0,1
L1_time+L4_regime,L1_time,L4_regime,86,10,"TMUS,AXON,TTD,MCHP,MNST,WDAY,SBUX,CCEP,KDP,LRCX",0.032397216985725806,1619.8608492862909,0.03239721698572582,0.2481105102115162,-0.2157132932257904,0,1
L1_time+L4_regime,L1_time,L4_regime,87,10,"GILD,VRSK,MCHP,MDB,SBUX,DXCM,VRTX,CTAS,ZS,ADI",0.05053888994118646,2526.944497059324,0.05053888994118648,0.2481105102115162,-0.19757162027032973,0,1
L1_time+L4_regime,L1_time,L4_regime,88,10,"GE,CSGP,NFLX,INTU,CTAS,MU,CDW,CSCO,TXN,XEL",0.07957379555319495,3978.689777659746,0.07957379555319492,0.2481105102115162,-0.16853671465832126,0,1
L1_time+L4_regime,L1_time,L4_regime,89,10,"META,MCHP,TTD,XEL,NVDA,CDW,FAST,REGN,COST,TEAM",-0.09235483499127968,-4617.741749563984,-0.09235483499127968,0.2481105102115162,-0.34046534520279587,0,0
L1_time+L4_regime,L1_time,L4_regime,90,10,"FTNT,HON,MU,TRI,PDD,KDP,ADSK,EA,CSX,ODFL",0.1268984430871884,6344.922154359422,0.12689844308718845,0.2481105102115162,-0.1212120671243278,0,1
L1_time+L4_regime,L1_time,L4_regime,91,10,"ADP,MSTR,PYPL,META,CDW,KHC,PCAR,AEP,MU,SBUX",0.09713638719262833,4856.819359631419,0.09713638719262838,0.2481105102115162,-0.15097412301888785,0,1
L1_time+L4_regime,L1_time,L4_regime,92,10,"PLTR,LRCX,AMD,AEP,ISRG,TEAM,AXON,TRI,SBUX,CDNS",0.039546273534391864,1977.3136767195929,0.03954627353439186,0.2481105102115162,-0.20856423667712434,0,1
L1_time+L4_regime,L1_time,L4_regime,93,10,"ROP,INTU,NXPI,SHOP,SNPS,DASH,GILD,ROST,WBD,CRWD",0.04322768786872862,2161.3843934364304,0.04322768786872861,0.2481105102115162,-0.2048828223427876,0,1
L1_time+L4_regime,L1_time,L4_regime,94,10,"ARM,AAPL,TXN,AMD,CPRT,TMUS,GEHC,TTD,EXC,CHTR",-0.045515026747178465,-2275.751337358924,-0.04551502674717848,0.2481105102115162,-0.29362553695869464,0,0
L1_time+L4_regime,L1_time,L4_regime,95,10,"MELI,GEHC,SNPS,WDAY,AEP,CPRT,CDNS,ABNB,CDW,PEP",-0.04398169059370098,-2199.0845296850484,-0.04398169059370097,0.2481105102115162,-0.2920922008052172,0,0
L1_time+L4_regime,L1_time,L4_regime,96,10,"GFS,MSTR,CTAS,ISRG,AMZN,ROP,AMD,COST,ZS,CCEP",-0.012489692897471993,-624.4846448736007,-0.012489692897472014,0.2481105102115162,-0.2606002031089882,0,0
L1_time+L4_regime,L1_time,L4_regime,97,10,"CDNS,ADP,MAR,DASH,ABNB,ADI,ON,ADBE,DDOG,GOOGL",0.08980892888441329,4490.446444220664,0.08980892888441327,0.2481105102115162,-0.15830158132710292,0,1
L1_time+L4_regime,L1_time,L4_regime,98,10,"MELI,MNST,DXCM,LRCX,TRI,BKNG,DASH,CPRT,GFS,NVDA",0.075001947082221,3750.0973541110507,0.07500194708222101,0.2481105102115162,-0.1731085631292952,0,1
L1_time+L4_regime,L1_time,L4_regime,99,10,"NXPI,FANG,MRVL,MDB,AXON,INTC,MSTR,AVGO,CDW,QCOM",0.06931138388629635,3465.5691943148177,0.06931138388629636,0.2481105102115162,-0.17879912632521985,0,1
L1_time+L5_pyramid,L1_time,L5_pyramid,0,10,"KHC,APP,PANW,MU,INTU,COST,GILD,ABNB,CEG,CHTR",0.07398722301054943,3699.361150527471,0.07398722301054943,0.2481105102115162,-0.17412328720096676,0,1
L1_time+L5_pyramid,L1_time,L5_pyramid,1,10,"LIN,DASH,ADBE,HON,CSGP,MDB,MSTR,PDD,AMGN,KDP",-0.020722968779088337,-1036.1484389544175,-0.02072296877908835,0.2481105102115162,-0.26883347899060456,0,0
L1_time+L5_pyramid,L1_time,L5_pyramid,2,10,"GOOGL,TSLA,CRWD,ODFL,LRCX,MDB,MAR,XEL,ROST,GE",0.1648889839518201,8244.449197591008,0.16488898395182017,0.2481105102115162,-0.08322152625969609,0,1
L1_time+L5_pyramid,L1_time,L5_pyramid,3,10,"GILD,AMAT,ISRG,MDB,BKNG,TSLA,CSX,PANW,KDP,SHOP",0.036553971409260935,1827.698570463046,0.03655397140926092,0.2481105102115162,-0.21155653880225528,0,1
L1_time+L5_pyramid,L1_time,L5_pyramid,4,10,"SHOP,EXC,HOOD,VRSK,PLTR,SBUX,ADI,MRVL,ARM,GOOG",0.08249551139985828,4124.775569992913,0.08249551139985827,0.2481105102115162,-0.16561499881165792,0,1
L1_time+L5_pyramid,L1_time,L5_pyramid,5,10,"ADBE,CDW,MSFT,FAST,QCOM,FTNT,EA,TMUS,GOOGL,ROST",0.031067510986265767,1553.3755493132885,0.03106751098626577,0.2481105102115162,-0.21704299922525044,0,1
L1_time+L5_pyramid,L1_time,L5_pyramid,6,10,"NVDA,CRWD,APP,ISRG,CSGP,EXC,CDW,TXN,CPRT,XEL",-0.009743442525043122,-487.1721262521569,-0.009743442525043137,0.2481105102115162,-0.2578539527365593,0,0
L1_time+L5_pyramid,L1_time,L5_pyramid,7,10,"ARM,AAPL,CTSH,SNPS,NFLX,CDW,AMAT,PYPL,PCAR,AMZN",0.010921210983550856,546.0605491775423,0.010921210983550846,0.2481105102115162,-0.23718929922796533,0,1
L1_time+L5_pyramid,L1_time,L5_pyramid,8,10,"GOOG,MSFT,CHTR,INTC,DDOG,MU,ORLY,DASH,EA,VRTX",0.1541705997576259,7708.529987881295,0.1541705997576259,0.2481105102115162,-0.0939399104538903,0,1
L1_time+L5_pyramid,L1_time,L5_pyramid,9,10,"TEAM,APP,HON,PAYX,ZS,IDXX,TSLA,TXN,VRTX,ADBE",0.009102880508033095,455.1440254016543,0.009102880508033085,0.2481105102115162,-0.2390076297034831,0,1
L1_time+L5_pyramid,L1_time,L5_pyramid,10,10,"ASML,ODFL,TXN,TMUS,NVDA,KLAC,GFS,MNST,FTNT,AXON",0.03639103873339378,1819.551936669688,0.03639103873339376,0.2481105102115162,-0.21171947147812242,0,1
L1_time+L5_pyramid,L1_time,L5_pyramid,11,10,"WDAY,GFS,LIN,ASML,NVDA,AMD,CPRT,KLAC,TRI,NFLX",0.02750386835364792,1375.1934176823943,0.027503868353647886,0.2481105102115162,-0.22060664185786827,0,1
L1_time+L5_pyramid,L1_time,L5_pyramid,12,10,"CPRT,ISRG,MELI,EXC,PDD,GEHC,ROP,GFS,REGN,AXON",-0.0008913592765530498,-44.56796382765333,-0.0008913592765530666,0.2481105102115162,-0.24900186948806924,0,0
L1_time+L5_pyramid,L1_time,L5_pyramid,13,10,"GOOG,MRVL,AAPL,MELI,INTU,FTNT,CRWD,KDP,TSLA,ON",0.12959472156792734,6479.736078396367,0.12959472156792734,0.2481105102115162,-0.11851578864358886,0,1
L1_time+L5_pyramid,L1_time,L5_pyramid,14,10,"FAST,GE,PCAR,FTNT,AMD,LRCX,ADBE,APP,AMAT,CSX",0.12706785123630668,6353.392561815335,0.1270678512363067,0.2481105102115162,-0.12104265897520952,0,1
L1_time+L5_pyramid,L1_time,L5_pyramid,15,10,"GOOGL,TRI,QCOM,MRVL,SNPS,GILD,ABNB,MELI,APP,KLAC",0.07729029087803138,3864.5145439015696,0.0772902908780314,0.2481105102115162,-0.17082021933348482,0,1
L1_time+L5_pyramid,L1_time,L5_pyramid,16,10,"COST,KLAC,DXCM,MRVL,MAR,GOOG,ODFL,INTU,CDW,LIN",0.08096181713397332,4048.0908566986654,0.08096181713397331,0.2481105102115162,-0.16714869307754288,0,1
L1_time+L5_pyramid,L1_time,L5_pyramid,17,10,"TSLA,ADSK,NVDA,AMGN,ARM,GFS,AXON,BKNG,WDAY,ORLY",0.0059624607531297506,298.1230376564863,0.005962460753129726,0.2481105102115162,-0.24214804945838644,0,1
L1_time+L5_pyramid,L1_time,L5_pyramid,18,10,"INTU,MRVL,AEP,CSGP,GEHC,ON,ADSK,ADI,NVDA,AAPL",0.06706001733888982,3353.0008669444906,0.0670600173388898,0.2481105102115162,-0.18105049287262637,0,1
L1_time+L5_pyramid,L1_time,L5_pyramid,19,10,"ARM,GE,INTC,KHC,CTAS,TTWO,PCAR,LRCX,ZS,MELI",0.07925615875262695,3962.807937631349,0.07925615875262698,0.2481105102115162,-0.16885435145888925,0,1
L1_time+L5_pyramid,L1_time,L5_pyramid,20,10,"ON,ADBE,ZS,EA,FANG,GILD,CSCO,TTD,MU,VRSK",0.05233825724202059,2616.9128621010286,0.05233825724202057,0.2481105102115162,-0.1957722529694956,0,1
L1_time+L5_pyramid,L1_time,L5_pyramid,21,10,"TEAM,CHTR,ADP,TXN,CSX,PDD,SNPS,GFS,GILD,CTAS",0.0010890426256821907,54.45213128410887,0.0010890426256821774,0.2481105102115162,-0.24702146758583401,0,1
L1_time+L5_pyramid,L1_time,L5_pyramid,22,10,"ODFL,ORLY,IDXX,AAPL,DDOG,CPRT,PDD,EA,CSX,WBD",0.010109014031744112,505.4507015872059,0.010109014031744119,0.2481105102115162,-0.2380014961797721,0,1
L1_time+L5_pyramid,L1_time,L5_pyramid,23,10,"LIN,KHC,WBD,VRSK,LRCX,ADSK,QCOM,ZS,DXCM,GOOG",0.11986358624487788,5993.179312243893,0.11986358624487786,0.2481105102115162,-0.12824692396663834,0,1
L1_time+L5_pyramid,L1_time,L5_pyramid,24,10,"FANG,GE,TRI,VRTX,CDNS,KHC,ZS,CDW,MDB,AAPL",-0.05152983897473436,-2576.491948736717,-0.051529838974734336,0.2481105102115162,-0.29964034918625054,0,0
L1_time+L5_pyramid,L1_time,L5_pyramid,25,10,"FANG,MELI,KHC,GOOG,COST,CTAS,TTWO,WBD,PCAR,KDP",0.033310119981758576,1665.50599908793,0.0333101199817586,0.2481105102115162,-0.2148003902297576,0,1
L1_time+L5_pyramid,L1_time,L5_pyramid,26,10,"ZS,AMGN,MELI,CEG,KDP,REGN,ROST,EXC,ODFL,AEP",0.008413538448630586,420.6769224315294,0.00841353844863059,0.2481105102115162,-0.23969697176288562,0,1
L1_time+L5_pyramid,L1_time,L5_pyramid,27,10,"NVDA,EA,ISRG,ABNB,GILD,DDOG,FANG,GOOGL,GE,AEP",0.016450654780046627,822.5327390023303,0.016450654780046606,0.2481105102115162,-0.23165985543146958,0,1
L1_time+L5_pyramid,L1_time,L5_pyramid,28,10,"SHOP,TSLA,AMGN,INTU,PDD,TTWO,CDW,META,PLTR,GOOGL",0.012968851154493843,648.4425577246939,0.012968851154493878,0.2481105102115162,-0.23514165905702236,0,1
L1_time+L5_pyramid,L1_time,L5_pyramid,29,10,"QCOM,ZS,BKR,HON,DDOG,SHOP,MAR,IDXX,BKNG,MCHP",0.02000262263627991,1000.1311318139942,0.020002622636279884,0.2481105102115162,-0.22810788757523628,0,1
L1_time+L5_pyramid,L1_time,L5_pyramid,30,10,"AVGO,AMAT,AEP,EXC,MSFT,CDNS,PAYX,META,FANG,MELI",0.0446435064615983,2232.175323079916,0.044643506461598315,0.2481105102115162,-0.20346700374991789,0,1
L1_time+L5_pyramid,L1_time,L5_pyramid,31,10,"INTC,COST,WDAY,PCAR,CDNS,ON,QCOM,IDXX,PANW,AVGO",0.02076406578065674,1038.2032890328383,0.020764065780656767,0.2481105102115162,-0.22734644443085947,0,1
L1_time+L5_pyramid,L1_time,L5_pyramid,32,10,"QCOM,ASML,NVDA,DXCM,PAYX,HOOD,GOOGL,MRVL,ON,ADBE",0.09350872488723229,4675.436244361614,0.09350872488723228,0.2481105102115162,-0.15460178532428392,0,1
L1_time+L5_pyramid,L1_time,L5_pyramid,33,10,"DXCM,ROP,REGN,PEP,CTSH,GFS,MNST,TSLA,EA,TXN",0.028308097001219844,1415.4048500609915,0.02830809700121983,0.2481105102115162,-0.21980241321029637,0,1
L1_time+L5_pyramid,L1_time,L5_pyramid,34,10,"XEL,TTWO,ROST,KHC,INTC,BKNG,AMD,MAR,ODFL,CMCSA",0.03881258850920288,1940.6294254601444,0.03881258850920289,0.2481105102115162,-0.20929792170231332,0,1
L1_time+L5_pyramid,L1_time,L5_pyramid,35,10,"COST,CCEP,MNST,CEG,GEHC,HON,IDXX,ORLY,TXN,HOOD",-0.028295273706614443,-1414.7636853307222,-0.028295273706614443,0.2481105102115162,-0.27640578391813064,0,0
L1_time+L5_pyramid,L1_time,L5_pyramid,36,10,"CRWD,PANW,HOOD,TMUS,GILD,ARM,GOOG,PCAR,LRCX,GFS",0.151892014529891,7594.600726494548,0.15189201452989096,0.2481105102115162,-0.09621849568162519,0,1
L1_time+L5_pyramid,L1_time,L5_pyramid,37,10,"MRVL,ODFL,KDP,CSGP,REGN,META,CMCSA,ARM,SNPS,ADBE",0.03261499097893815,1630.7495489469056,0.032614990978938115,0.2481105102115162,-0.21549551923257804,0,1
L1_time+L5_pyramid,L1_time,L5_pyramid,38,10,"GE,ADSK,PCAR,LRCX,PDD,KHC,ROP,AMAT,CPRT,AMGN",0.13073703655680272,6536.851827840135,0.13073703655680272,0.2481105102115162,-0.11737347365471348,0,1
L1_time+L5_pyramid,L1_time,L5_pyramid,39,10,"QCOM,INTC,CSX,PDD,BKR,AAPL,LIN,SHOP,CMCSA,CEG",-0.013438038762713368,-671.9019381356675,-0.01343803876271335,0.2481105102115162,-0.2615485489742296,0,0
L1_time+L5_pyramid,L1_time,L5_pyramid,40,10,"LRCX,AMD,AEP,INTC,TSLA,ADP,MRVL,AVGO,FAST,CSCO",0.1875380604408495,9376.903022042476,0.1875380604408495,0.2481105102115162,-0.0605724497706667,0,1
L1_time+L5_pyramid,L1_time,L5_pyramid,41,10,"ADBE,CMCSA,CRWD,GFS,CSX,PLTR,KLAC,HON,IDXX,AMZN",-0.004604316938598307,-230.21584692991564,-0.004604316938598313,0.2481105102115162,-0.2527148271501145,0,0
L1_time+L5_pyramid,L1_time,L5_pyramid,42,10,"HOOD,TTD,ADP,INTC,CTAS,CPRT,MAR,ABNB,PYPL,AEP",-0.04807085457810404,-2403.5427289052022,-0.04807085457810405,0.2481105102115162,-0.29618136478962026,0,0
L1_time+L5_pyramid,L1_time,L5_pyramid,43,10,"TEAM,SHOP,DXCM,INTU,CTSH,META,AVGO,PDD,MRVL,LIN",0.060049768446808025,3002.4884223404006,0.06004976844680801,0.2481105102115162,-0.18806074176470816,0,1
L1_time+L5_pyramid,L1_time,L5_pyramid,44,10,"AAPL,EXC,GOOGL,TSLA,ROP,ASML,MSFT,ORLY,CSGP,AMD",0.08038737142203142,4019.3685711015723,0.08038737142203145,0.2481105102115162,-0.16772313878948478,0,1
L1_time+L5_pyramid,L1_time,L5_pyramid,45,10,"CTAS,MSFT,SBUX,LIN,LRCX,ARM,KDP,AXON,KLAC,MNST",0.06659979656609807,3329.9898283049033,0.06659979656609806,0.2481105102115162,-0.18151071364541813,0,1
L1_time+L5_pyramid,L1_time,L5_pyramid,46,10,"ODFL,GEHC,TEAM,CRWD,DDOG,KDP,DASH,ISRG,PCAR,FAST",0.0020803945952934887,104.01972976467368,0.0020803945952934735,0.2481105102115162,-0.2460301156162227,0,1
L1_time+L5_pyramid,L1_time,L5_pyramid,47,10,"BKR,MU,BKNG,EA,GOOG,PEP,MAR,TXN,AAPL,QCOM",0.1757003526723901,8785.017633619504,0.17570035267239006,0.2481105102115162,-0.07241015753912611,0,1
L1_time+L5_pyramid,L1_time,L5_pyramid,48,10,"MCHP,LIN,AXON,HOOD,TEAM,NFLX,LRCX,IDXX,AAPL,VRSK",0.0796106976547896,3980.534882739479,0.07961069765478958,0.2481105102115162,-0.16849981255672658,0,1
L1_time+L5_pyramid,L1_time,L5_pyramid,49,10,"EA,MDB,CHTR,VRTX,AMD,ADSK,EXC,APP,TTD,KDP",-0.038231246932730466,-1911.562346636525,-0.0382312469327305,0.2481105102115162,-0.28634175714424664,0,0
L1_time+L5_pyramid,L1_time,L5_pyramid,50,10,"NFLX,APP,LIN,CEG,CSGP,KHC,CMCSA,EA,BKNG,REGN",-0.037283252911442535,-1864.162645572127,-0.03728325291144254,0.2481105102115162,-0.2853937631229587,0,0
L1_time+L5_pyramid,L1_time,L5_pyramid,51,10,"AMAT,FTNT,INTU,PLTR,LIN,PCAR,MRVL,MSTR,GE,SBUX",0.07844582118724133,3922.2910593620663,0.07844582118724133,0.2481105102115162,-0.16966468902427487,0,1
L1_time+L5_pyramid,L1_time,L5_pyramid,52,10,"SHOP,ON,PDD,CRWD,PCAR,MELI,TXN,GEHC,AEP,CMCSA",0.030346008046608374,1517.3004023304184,0.030346008046608367,0.2481105102115162,-0.21776450216490784,0,1
L1_time+L5_pyramid,L1_time,L5_pyramid,53,10,"IDXX,ROP,EXC,FTNT,CPRT,LRCX,AMD,CSCO,MU,ROST",0.21096777617782908,10548.388808891454,0.21096777617782908,0.2481105102115162,-0.03714273403368712,0,1
L1_time+L5_pyramid,L1_time,L5_pyramid,54,10,"AEP,PCAR,ADP,FANG,KLAC,CTSH,CDNS,COST,ROP,ADBE",-0.027157349421470255,-1357.8674710735122,-0.027157349421470245,0.2481105102115162,-0.27526785963298644,0,0
L1_time+L5_pyramid,L1_time,L5_pyramid,55,10,"AMZN,CTSH,HON,TMUS,ZS,ROST,NFLX,AXON,BKNG,BKR",-0.015313912363702619,-765.6956181851319,-0.015313912363702638,0.2481105102115162,-0.2634244225752188,0,0
L1_time+L5_pyramid,L1_time,L5_pyramid,56,10,"BKNG,ASML,ADI,LIN,TTD,GE,GOOG,AMZN,ADP,CEG",0.007757617573615661,387.880878680784,0.00775761757361568,0.2481105102115162,-0.24035289263790055,0,1
L1_time+L5_pyramid,L1_time,L5_pyramid,57,10,"AAPL,IDXX,APP,REGN,INTU,MRVL,TSLA,EA,COST,VRSK",0.06261479406302443,3130.739703151223,0.06261479406302446,0.2481105102115162,-0.18549571614849175,0,1
L1_time+L5_pyramid,L1_time,L5_pyramid,58,10,"APP,LRCX,COST,INTU,GFS,TXN,MNST,IDXX,REGN,ABNB",0.09804967747955533,4902.483873977767,0.09804967747955534,0.2481105102115162,-0.15006083273196086,0,1
L1_time+L5_pyramid,L1_time,L5_pyramid,59,10,"ON,ADP,CSX,GILD,GFS,MSTR,CTAS,ORLY,PEP,CSGP",-0.005578112280709346,-278.9056140354669,-0.005578112280709338,0.2481105102115162,-0.25368862249222557,0,0
L1_time+L5_pyramid,L1_time,L5_pyramid,60,10,"HOOD,ASML,ODFL,CSGP,KDP,HON,AAPL,EXC,VRTX,CDNS",-9.413521188798014e-05,-4.706760594399384,-9.413521188798768e-05,0.2481105102115162,-0.24820464542340417,0,0
L1_time+L5_pyramid,L1_time,L5_pyramid,61,10,"CDNS,BKNG,TTD,MU,WDAY,MAR,GFS,CSGP,GE,AAPL",0.0739733140656076,3698.6657032803796,0.07397331406560759,0.2481105102115162,-0.1741371961459086,0,1
L1_time+L5_pyramid,L1_time,L5_pyramid,62,10,"PLTR,MSFT,TTD,ROP,ARM,GOOG,QCOM,IDXX,CSGP,NVDA",-0.0352564955498864,-1762.8247774943202,-0.035256495549886406,0.2481105102115162,-0.2833670057614026,0,0
L1_time+L5_pyramid,L1_time,L5_pyramid,63,10,"CTAS,PLTR,WDAY,ROP,CPRT,TEAM,REGN,ASML,ISRG,MDB",-0.025100128880005422,-1255.0064440002716,-0.025100128880005432,0.2481105102115162,-0.2732106390915216,0,0
L1_time+L5_pyramid,L1_time,L5_pyramid,64,10,"CSX,PCAR,ORLY,DXCM,EXC,COST,AMAT,QCOM,ZS,AAPL",0.02845012977012107,1422.5064885060547,0.028450129770121093,0.2481105102115162,-0.21966038044139513,0,1
L1_time+L5_pyramid,L1_time,L5_pyramid,65,10,"PAYX,PCAR,CPRT,ROST,VRSK,CSX,CTAS,APP,META,EXC",0.0026442540240534827,132.2127012026749,0.0026442540240534983,0.2481105102115162,-0.2454662561874627,0,1
L1_time+L5_pyramid,L1_time,L5_pyramid,66,10,"SNPS,GFS,TRI,DXCM,AMAT,PANW,AEP,CSGP,TTD,MELI",0.005900746569282767,295.0373284641373,0.005900746569282746,0.2481105102115162,-0.24220976364223343,0,1
L1_time+L5_pyramid,L1_time,L5_pyramid,67,10,"WDAY,TRI,DASH,REGN,META,QCOM,ROST,TTWO,ON,PYPL",0.0038857479865317844,194.28739932658937,0.0038857479865317874,0.2481105102115162,-0.2442247622249844,0,1
L1_time+L5_pyramid,L1_time,L5_pyramid,68,10,"SBUX,GOOG,MNST,LRCX,IDXX,CEG,AMGN,ADSK,VRTX,QCOM",0.1114657295513833,5573.286477569165,0.1114657295513833,0.2481105102115162,-0.13664478066013291,0,1
L1_time+L5_pyramid,L1_time,L5_pyramid,69,10,"PANW,ZS,TSLA,AXON,CSX,BKNG,TRI,CDNS,KLAC,HON",-0.01824295202406958,-912.1476012034782,-0.018242952024069562,0.2481105102115162,-0.26635346223558576,0,0
L1_time+L5_pyramid,L1_time,L5_pyramid,70,10,"CMCSA,KHC,APP,IDXX,SNPS,HOOD,HON,CCEP,ROST,PANW",-0.010081366206006803,-504.0683103003403,-0.010081366206006805,0.2481105102115162,-0.258191876417523,0,0
L1_time+L5_pyramid,L1_time,L5_pyramid,71,10,"CSGP,MSTR,ADI,ABNB,CDNS,MRVL,IDXX,CSCO,ISRG,GEHC",0.03280132943194919,1640.066471597459,0.03280132943194918,0.2481105102115162,-0.215309180779567,0,1
L1_time+L5_pyramid,L1_time,L5_pyramid,72,10,"DXCM,AAPL,FANG,TTWO,APP,AMAT,CHTR,WBD,ROST,PLTR",0.044246602384674885,2212.330119233745,0.0442466023846749,0.2481105102115162,-0.20386390782684133,0,1
L1_time+L5_pyramid,L1_time,L5_pyramid,73,10,"ZS,PDD,ODFL,ASML,ADP,ADI,COST,CDW,ADBE,MCHP",0.031446980077885454,1572.3490038942737,0.031446980077885475,0.2481105102115162,-0.21666353013363074,0,1
L1_time+L5_pyramid,L1_time,L5_pyramid,74,10,"CPRT,ZS,AAPL,AXON,GOOG,REGN,NFLX,KDP,MELI,ASML",0.047323457990760084,2366.1728995380045,0.04732345799076009,0.2481105102115162,-0.2007870522207561,0,1
L1_time+L5_pyramid,L1_time,L5_pyramid,75,10,"VRTX,XEL,HOOD,ORLY,NVDA,CMCSA,COST,PCAR,ADI,ROST",-0.006307361292459668,-315.3680646229832,-0.006307361292459663,0.2481105102115162,-0.2544178715039759,0,0
L1_time+L5_pyramid,L1_time,L5_pyramid,76,10,"CCEP,MAR,PLTR,ASML,SBUX,CSX,CMCSA,FTNT,MCHP,PDD",0.02257401310951096,1128.700655475549,0.02257401310951098,0.2481105102115162,-0.22553649710200524,0,1
L1_time+L5_pyramid,L1_time,L5_pyramid,77,10,"AVGO,NVDA,COST,WBD,AMAT,CTAS,LIN,CDNS,GOOGL,ISRG",0.0875250404801618,4376.25202400809,0.08752504048016181,0.2481105102115162,-0.1605854697313544,0,1
L1_time+L5_pyramid,L1_time,L5_pyramid,78,10,"WBD,ROP,AEP,DDOG,BKR,MRVL,ODFL,ON,CTSH,PEP",0.07644549128000058,3822.2745640000276,0.07644549128000055,0.2481105102115162,-0.17166501893151562,0,1
L1_time+L5_pyramid,L1_time,L5_pyramid,79,10,"GOOG,TEAM,ON,INTU,AMD,MU,REGN,ARM,CPRT,FANG",0.14968118919695814,7484.059459847906,0.1496811891969581,0.2481105102115162,-0.09842932101455806,0,1
L1_time+L5_pyramid,L1_time,L5_pyramid,80,10,"ON,ADBE,MNST,AEP,PYPL,MELI,SBUX,DXCM,CDNS,IDXX",-0.02165932563509504,-1082.9662817547523,-0.021659325635095046,0.2481105102115162,-0.26976983584661124,0,0
L1_time+L5_pyramid,L1_time,L5_pyramid,81,10,"TXN,ROP,ADI,ISRG,WDAY,ABNB,MSFT,PDD,TEAM,GEHC",0.011207212214239292,560.360610711964,0.01120721221423928,0.2481105102115162,-0.2369032979972769,0,1
L1_time+L5_pyramid,L1_time,L5_pyramid,82,10,"APP,META,GOOGL,ODFL,CSX,TXN,INTU,AVGO,HON,COST",0.07939417538138296,3969.7087690691487,0.07939417538138298,0.2481105102115162,-0.16871633483013324,0,1
L1_time+L5_pyramid,L1_time,L5_pyramid,83,10,"FANG,BKNG,CTSH,EXC,GOOG,ARM,AXON,MRVL,GFS,MSTR",0.10349323987263233,5174.661993631614,0.10349323987263227,0.2481105102115162,-0.14461727033888389,0,1
L1_time+L5_pyramid,L1_time,L5_pyramid,84,10,"DXCM,KHC,ADBE,PDD,SNPS,CDW,CTAS,CPRT,TRI,ODFL",-0.05015304065995876,-2507.6520329979385,-0.05015304065995877,0.2481105102115162,-0.29826355087147494,0,0
L1_time+L5_pyramid,L1_time,L5_pyramid,85,10,"KHC,MSTR,AMAT,MCHP,TEAM,TXN,MNST,ARM,CSX,CCEP",0.06982908327409273,3491.454163704635,0.0698290832740927,0.2481105102115162,-0.17828142693742347,0,1
L1_time+L5_pyramid,L1_time,L5_pyramid,86,10,"TMUS,AXON,TTD,MCHP,MNST,WDAY,SBUX,CCEP,KDP,LRCX",0.055052921074648965,2752.6460537324474,0.05505292107464895,0.2481105102115162,-0.19305758913686724,0,1
L1_time+L5_pyramid,L1_time,L5_pyramid,87,10,"GILD,VRSK,MCHP,MDB,SBUX,DXCM,VRTX,CTAS,ZS,ADI",0.015526327445177079,776.3163722588533,0.015526327445177067,0.2481105102115162,-0.23258418276633913,0,1
L1_time+L5_pyramid,L1_time,L5_pyramid,88,10,"GE,CSGP,NFLX,INTU,CTAS,MU,CDW,CSCO,TXN,XEL",0.08405917624834065,4202.958812417033,0.08405917624834067,0.2481105102115162,-0.16405133396317556,0,1
L1_time+L5_pyramid,L1_time,L5_pyramid,89,10,"META,MCHP,TTD,XEL,NVDA,CDW,FAST,REGN,COST,TEAM",-0.06948870859611288,-3474.435429805645,-0.0694887085961129,0.2481105102115162,-0.3175992188076291,0,0
L1_time+L5_pyramid,L1_time,L5_pyramid,90,10,"FTNT,HON,MU,TRI,PDD,KDP,ADSK,EA,CSX,ODFL",0.11089337368666578,5544.66868433329,0.1108933736866658,0.2481105102115162,-0.1372171365248504,0,1
L1_time+L5_pyramid,L1_time,L5_pyramid,91,10,"ADP,MSTR,PYPL,META,CDW,KHC,PCAR,AEP,MU,SBUX",0.08325558979793665,4162.779489896832,0.08325558979793665,0.2481105102115162,-0.16485492041357955,0,1
L1_time+L5_pyramid,L1_time,L5_pyramid,92,10,"PLTR,LRCX,AMD,AEP,ISRG,TEAM,AXON,TRI,SBUX,CDNS",0.05011837278265281,2505.9186391326402,0.050118372782652805,0.2481105102115162,-0.1979921374288634,0,1
L1_time+L5_pyramid,L1_time,L5_pyramid,93,10,"ROP,INTU,NXPI,SHOP,SNPS,DASH,GILD,ROST,WBD,CRWD",0.011803742582706977,590.1871291353482,0.011803742582706963,0.2481105102115162,-0.23630676762880923,0,1
L1_time+L5_pyramid,L1_time,L5_pyramid,94,10,"ARM,AAPL,TXN,AMD,CPRT,TMUS,GEHC,TTD,EXC,CHTR",-0.018708271471612636,-935.413573580634,-0.018708271471612678,0.2481105102115162,-0.26681878168312884,0,0
L1_time+L5_pyramid,L1_time,L5_pyramid,95,10,"MELI,GEHC,SNPS,WDAY,AEP,CPRT,CDNS,ABNB,CDW,PEP",-0.07168031809554476,-3584.0159047772386,-0.07168031809554477,0.2481105102115162,-0.31979082830706096,0,0
L1_time+L5_pyramid,L1_time,L5_pyramid,96,10,"GFS,MSTR,CTAS,ISRG,AMZN,ROP,AMD,COST,ZS,CCEP",0.010591821945028968,529.5910972514475,0.01059182194502895,0.2481105102115162,-0.23751868826648723,0,1
L1_time+L5_pyramid,L1_time,L5_pyramid,97,10,"CDNS,ADP,MAR,DASH,ABNB,ADI,ON,ADBE,DDOG,GOOGL",0.039507535374707824,1975.376768735392,0.03950753537470784,0.2481105102115162,-0.20860297483680837,0,1
L1_time+L5_pyramid,L1_time,L5_pyramid,98,10,"MELI,MNST,DXCM,LRCX,TRI,BKNG,DASH,CPRT,GFS,NVDA",0.07017199296493534,3508.5996482467663,0.07017199296493533,0.2481105102115162,-0.17793851724658086,0,1
L1_time+L5_pyramid,L1_time,L5_pyramid,99,10,"NXPI,FANG,MRVL,MDB,AXON,INTC,MSTR,AVGO,CDW,QCOM",0.041645103105412085,2082.2551552706045,0.04164510310541209,0.2481105102115162,-0.20646540710610412,0,1
L2_price+L3_pullback,L2_price,L3_pullback,0,10,"KHC,APP,PANW,MU,INTU,COST,GILD,ABNB,CEG,CHTR",0.0205182007720112,1025.9100386005603,0.020518200772011205,0.2481105102115162,-0.227592309439505,0,1
L2_price+L3_pullback,L2_price,L3_pullback,1,10,"LIN,DASH,ADBE,HON,CSGP,MDB,MSTR,PDD,AMGN,KDP",-0.006482662595428035,-324.1331297714014,-0.006482662595428028,0.2481105102115162,-0.2545931728069442,0,0
L2_price+L3_pullback,L2_price,L3_pullback,2,10,"GOOGL,TSLA,CRWD,ODFL,LRCX,MDB,MAR,XEL,ROST,GE",0.06682503380053781,3341.25169002689,0.06682503380053781,0.2481105102115162,-0.1812854764109784,0,1
L2_price+L3_pullback,L2_price,L3_pullback,3,10,"GILD,AMAT,ISRG,MDB,BKNG,TSLA,CSX,PANW,KDP,SHOP",0.023864769329950998,1193.2384664975498,0.023864769329950995,0.2481105102115162,-0.2242457408815652,0,1
L2_price+L3_pullback,L2_price,L3_pullback,4,10,"SHOP,EXC,HOOD,VRSK,PLTR,SBUX,ADI,MRVL,ARM,GOOG",0.050907781659202025,2545.3890829601014,0.050907781659202025,0.2481105102115162,-0.1972027285523142,0,1
L2_price+L3_pullback,L2_price,L3_pullback,5,10,"ADBE,CDW,MSFT,FAST,QCOM,FTNT,EA,TMUS,GOOGL,ROST",0.007444921375617886,372.24606878089435,0.007444921375617887,0.2481105102115162,-0.2406655888358983,0,1
L2_price+L3_pullback,L2_price,L3_pullback,6,10,"NVDA,CRWD,APP,ISRG,CSGP,EXC,CDW,TXN,CPRT,XEL",0.023035351857770114,1151.7675928885055,0.02303535185777011,0.2481105102115162,-0.22507515835374609,0,1
L2_price+L3_pullback,L2_price,L3_pullback,7,10,"ARM,AAPL,CTSH,SNPS,NFLX,CDW,AMAT,PYPL,PCAR,AMZN",0.011374546798514407,568.727339925721,0.01137454679851442,0.2481105102115162,-0.2367359634130018,0,1
L2_price+L3_pullback,L2_price,L3_pullback,8,10,"GOOG,MSFT,CHTR,INTC,DDOG,MU,ORLY,DASH,EA,VRTX",0.02729256899881166,1364.6284499405847,0.027292568998811693,0.2481105102115162,-0.22081794121270454,0,1
L2_price+L3_pullback,L2_price,L3_pullback,9,10,"TEAM,APP,HON,PAYX,ZS,IDXX,TSLA,TXN,VRTX,ADBE",0.029668779733354977,1483.4389866677493,0.029668779733354987,0.2481105102115162,-0.21844173047816123,0,1
L2_price+L3_pullback,L2_price,L3_pullback,10,10,"ASML,ODFL,TXN,TMUS,NVDA,KLAC,GFS,MNST,FTNT,AXON",0.0003903574757613937,19.517873788068755,0.0003903574757613751,0.2481105102115162,-0.24772015273575482,0,1
L2_price+L3_pullback,L2_price,L3_pullback,11,10,"WDAY,GFS,LIN,ASML,NVDA,AMD,CPRT,KLAC,TRI,NFLX",-0.019903183950359494,-995.1591975179736,-0.01990318395035947,0.2481105102115162,-0.2680136941618757,0,0
L2_price+L3_pullback,L2_price,L3_pullback,12,10,"CPRT,ISRG,MELI,EXC,PDD,GEHC,ROP,GFS,REGN,AXON",-0.011530037758920586,-576.5018879460285,-0.01153003775892057,0.2481105102115162,-0.2596405479704368,0,0
L2_price+L3_pullback,L2_price,L3_pullback,13,10,"GOOG,MRVL,AAPL,MELI,INTU,FTNT,CRWD,KDP,TSLA,ON",0.069043347369485,3452.167368474252,0.06904334736948503,0.2481105102115162,-0.1790671628420312,0,1
L2_price+L3_pullback,L2_price,L3_pullback,14,10,"FAST,GE,PCAR,FTNT,AMD,LRCX,ADBE,APP,AMAT,CSX",0.09162337371543453,4581.168685771727,0.09162337371543454,0.2481105102115162,-0.15648713649608167,0,1
L2_price+L3_pullback,L2_price,L3_pullback,15,10,"GOOGL,TRI,QCOM,MRVL,SNPS,GILD,ABNB,MELI,APP,KLAC",0.09482554728592908,4741.277364296455,0.0948255472859291,0.2481105102115162,-0.15328496292558713,0,1
L2_price+L3_pullback,L2_price,L3_pullback,16,10,"COST,KLAC,DXCM,MRVL,MAR,GOOG,ODFL,INTU,CDW,LIN",0.05474146361616161,2737.07318080808,0.0547414636161616,0.2481105102115162,-0.1933690465953546,0,1
L2_price+L3_pullback,L2_price,L3_pullback,17,10,"TSLA,ADSK,NVDA,AMGN,ARM,GFS,AXON,BKNG,WDAY,ORLY",-0.010001487192631709,-500.0743596315833,-0.010001487192631666,0.2481105102115162,-0.2581119974041479,0,0
L2_price+L3_pullback,L2_price,L3_pullback,18,10,"INTU,MRVL,AEP,CSGP,GEHC,ON,ADSK,ADI,NVDA,AAPL",0.05352255059197862,2676.1275295989335,0.05352255059197867,0.2481105102115162,-0.19458795961953756,0,1
L2_price+L3_pullback,L2_price,L3_pullback,19,10,"ARM,GE,INTC,KHC,CTAS,TTWO,PCAR,LRCX,ZS,MELI",0.051679081064494224,2583.954053224712,0.05167908106449424,0.2481105102115162,-0.19643142914702197,0,1
L2_price+L3_pullback,L2_price,L3_pullback,20,10,"ON,ADBE,ZS,EA,FANG,GILD,CSCO,TTD,MU,VRSK",-0.001729883167841151,-86.4941583920563,-0.0017298831678411262,0.2481105102115162,-0.24984039337935735,0,0
L2_price+L3_pullback,L2_price,L3_pullback,21,10,"TEAM,CHTR,ADP,TXN,CSX,PDD,SNPS,GFS,GILD,CTAS",-0.006149461526505395,-307.4730763252692,-0.006149461526505384,0.2481105102115162,-0.2542599717380216,0,0
L2_price+L3_pullback,L2_price,L3_pullback,22,10,"ODFL,ORLY,IDXX,AAPL,DDOG,CPRT,PDD,EA,CSX,WBD",0.0023262956022464865,116.31478011232593,0.0023262956022465186,0.2481105102115162,-0.24578421460926972,0,1
L2_price+L3_pullback,L2_price,L3_pullback,23,10,"LIN,KHC,WBD,VRSK,LRCX,ADSK,QCOM,ZS,DXCM,GOOG",0.061185072861627575,3059.25364308138,0.061185072861627596,0.2481105102115162,-0.18692543734988862,0,1
L2_price+L3_pullback,L2_price,L3_pullback,24,10,"FANG,GE,TRI,VRTX,CDNS,KHC,ZS,CDW,MDB,AAPL",-0.01233702255916358,-616.851127958179,-0.01233702255916358,0.2481105102115162,-0.2604475327706798,0,0
L2_price+L3_pullback,L2_price,L3_pullback,25,10,"FANG,MELI,KHC,GOOG,COST,CTAS,TTWO,WBD,PCAR,KDP",0.012886870165085273,644.3435082542646,0.012886870165085293,0.2481105102115162,-0.23522364004643093,0,1
L2_price+L3_pullback,L2_price,L3_pullback,26,10,"ZS,AMGN,MELI,CEG,KDP,REGN,ROST,EXC,ODFL,AEP",0.005338394197381513,266.91970986907654,0.005338394197381531,0.2481105102115162,-0.24277211601413468,0,1
L2_price+L3_pullback,L2_price,L3_pullback,27,10,"NVDA,EA,ISRG,ABNB,GILD,DDOG,FANG,GOOGL,GE,AEP",0.015436061507108734,771.8030753554376,0.015436061507108752,0.2481105102115162,-0.23267444870440745,0,1
L2_price+L3_pullback,L2_price,L3_pullback,28,10,"SHOP,TSLA,AMGN,INTU,PDD,TTWO,CDW,META,PLTR,GOOGL",-0.013797753091489373,-689.8876545744679,-0.013797753091489357,0.2481105102115162,-0.2619082633030056,0,0
L2_price+L3_pullback,L2_price,L3_pullback,29,10,"QCOM,ZS,BKR,HON,DDOG,SHOP,MAR,IDXX,BKNG,MCHP",0.03155319892583723,1577.659946291862,0.031553198925837245,0.2481105102115162,-0.21655731128567896,0,1
L2_price+L3_pullback,L2_price,L3_pullback,30,10,"AVGO,AMAT,AEP,EXC,MSFT,CDNS,PAYX,META,FANG,MELI",0.040904380918685014,2045.219045934251,0.04090438091868502,0.2481105102115162,-0.2072061292928312,0,1
L2_price+L3_pullback,L2_price,L3_pullback,31,10,"INTC,COST,WDAY,PCAR,CDNS,ON,QCOM,IDXX,PANW,AVGO",0.024721115252092772,1236.0557626046393,0.024721115252092786,0.2481105102115162,-0.22338939495942342,0,1
L2_price+L3_pullback,L2_price,L3_pullback,32,10,"QCOM,ASML,NVDA,DXCM,PAYX,HOOD,GOOGL,MRVL,ON,ADBE",0.043370165799643846,2168.5082899821928,0.04337016579964385,0.2481105102115162,-0.20474034441187236,0,1
L2_price+L3_pullback,L2_price,L3_pullback,33,10,"DXCM,ROP,REGN,PEP,CTSH,GFS,MNST,TSLA,EA,TXN",0.00997555013177046,498.77750658852347,0.00997555013177047,0.2481105102115162,-0.23813496007974574,0,1
L2_price+L3_pullback,L2_price,L3_pullback,34,10,"XEL,TTWO,ROST,KHC,INTC,BKNG,AMD,MAR,ODFL,CMCSA",0.012434552093832773,621.7276046916395,0.01243455209383279,0.2481105102115162,-0.23567595811768344,0,1
L2_price+L3_pullback,L2_price,L3_pullback,35,10,"COST,CCEP,MNST,CEG,GEHC,HON,IDXX,ORLY,TXN,HOOD",-0.022222083459811935,-1111.1041729905965,-0.022222083459811928,0.2481105102115162,-0.2703325936713281,0,0
L2_price+L3_pullback,L2_price,L3_pullback,36,10,"CRWD,PANW,HOOD,TMUS,GILD,ARM,GOOG,PCAR,LRCX,GFS",0.05800863836540835,2900.4319182704176,0.05800863836540835,0.2481105102115162,-0.19010187184610786,0,1
L2_price+L3_pullback,L2_price,L3_pullback,37,10,"MRVL,ODFL,KDP,CSGP,REGN,META,CMCSA,ARM,SNPS,ADBE",0.03944642522011545,1972.3212610057735,0.03944642522011547,0.2481105102115162,-0.20866408499140077,0,1
L2_price+L3_pullback,L2_price,L3_pullback,38,10,"GE,ADSK,PCAR,LRCX,PDD,KHC,ROP,AMAT,CPRT,AMGN",0.06735544554625288,3367.772277312645,0.0673554455462529,0.2481105102115162,-0.1807550646652633,0,1
L2_price+L3_pullback,L2_price,L3_pullback,39,10,"QCOM,INTC,CSX,PDD,BKR,AAPL,LIN,SHOP,CMCSA,CEG",-0.015698841450461087,-784.942072523053,-0.01569884145046106,0.2481105102115162,-0.2638093516619773,0,0
L2_price+L3_pullback,L2_price,L3_pullback,40,10,"LRCX,AMD,AEP,INTC,TSLA,ADP,MRVL,AVGO,FAST,CSCO",0.12345133415263451,6172.566707631728,0.12345133415263455,0.2481105102115162,-0.12465917605888169,0,1
L2_price+L3_pullback,L2_price,L3_pullback,41,10,"ADBE,CMCSA,CRWD,GFS,CSX,PLTR,KLAC,HON,IDXX,AMZN",-0.012082223222486721,-604.1111611243359,-0.012082223222486718,0.2481105102115162,-0.2601927334340029,0,0
L2_price+L3_pullback,L2_price,L3_pullback,42,10,"HOOD,TTD,ADP,INTC,CTAS,CPRT,MAR,ABNB,PYPL,AEP",-0.00813255569815644,-406.6277849078224,-0.008132555698156447,0.2481105102115162,-0.25624306590967266,0,0
L2_price+L3_pullback,L2_price,L3_pullback,43,10,"TEAM,SHOP,DXCM,INTU,CTSH,META,AVGO,PDD,MRVL,LIN",0.06721075721088413,3360.5378605442074,0.06721075721088415,0.2481105102115162,-0.18089975300063207,0,1
L2_price+L3_pullback,L2_price,L3_pullback,44,10,"AAPL,EXC,GOOGL,TSLA,ROP,ASML,MSFT,ORLY,CSGP,AMD",-0.008418598169765113,-420.9299084882541,-0.008418598169765082,0.2481105102115162,-0.2565291083812813,0,0
L2_price+L3_pullback,L2_price,L3_pullback,45,10,"CTAS,MSFT,SBUX,LIN,LRCX,ARM,KDP,AXON,KLAC,MNST",0.05443849062357893,2721.9245311789464,0.05443849062357893,0.2481105102115162,-0.19367201958793728,0,1
L2_price+L3_pullback,L2_price,L3_pullback,46,10,"ODFL,GEHC,TEAM,CRWD,DDOG,KDP,DASH,ISRG,PCAR,FAST",0.005926702776787118,296.33513883935575,0.005926702776787115,0.2481105102115162,-0.2421838074347291,0,1
L2_price+L3_pullback,L2_price,L3_pullback,47,10,"BKR,MU,BKNG,EA,GOOG,PEP,MAR,TXN,AAPL,QCOM",0.021757178383249497,1087.858919162475,0.021757178383249504,0.2481105102115162,-0.2263533318282667,0,1
L2_price+L3_pullback,L2_price,L3_pullback,48,10,"MCHP,LIN,AXON,HOOD,TEAM,NFLX,LRCX,IDXX,AAPL,VRSK",0.05079550479795638,2539.775239897819,0.05079550479795638,0.2481105102115162,-0.1973150054135598,0,1
L2_price+L3_pullback,L2_price,L3_pullback,49,10,"EA,MDB,CHTR,VRTX,AMD,ADSK,EXC,APP,TTD,KDP",0.021640237467128287,1082.011873356415,0.0216402374671283,0.2481105102115162,-0.2264702727443879,0,1
L2_price+L3_pullback,L2_price,L3_pullback,50,10,"NFLX,APP,LIN,CEG,CSGP,KHC,CMCSA,EA,BKNG,REGN",0.002590778725797749,129.53893628988862,0.0025907787257977723,0.2481105102115162,-0.24551973148571846,0,1
L2_price+L3_pullback,L2_price,L3_pullback,51,10,"AMAT,FTNT,INTU,PLTR,LIN,PCAR,MRVL,MSTR,GE,SBUX",0.07627035779382726,3813.517889691364,0.07627035779382728,0.2481105102115162,-0.17184015241768894,0,1
L2_price+L3_pullback,L2_price,L3_pullback,52,10,"SHOP,ON,PDD,CRWD,PCAR,MELI,TXN,GEHC,AEP,CMCSA",0.01005470585225251,502.73529261262684,0.010054705852252536,0.2481105102115162,-0.23805580435926368,0,1
L2_price+L3_pullback,L2_price,L3_pullback,53,10,"IDXX,ROP,EXC,FTNT,CPRT,LRCX,AMD,CSCO,MU,ROST",0.05641660178168356,2820.8300890841792,0.05641660178168358,0.2481105102115162,-0.19169390842983264,0,1
L2_price+L3_pullback,L2_price,L3_pullback,54,10,"AEP,PCAR,ADP,FANG,KLAC,CTSH,CDNS,COST,ROP,ADBE",-0.0018281162003656482,-91.40581001828195,-0.001828116200365639,0.2481105102115162,-0.24993862641188186,0,0
L2_price+L3_pullback,L2_price,L3_pullback,55,10,"AMZN,CTSH,HON,TMUS,ZS,ROST,NFLX,AXON,BKNG,BKR",0.004604209658534908,230.2104829267455,0.00460420965853491,0.2481105102115162,-0.24350630055298128,0,1
L2_price+L3_pullback,L2_price,L3_pullback,56,10,"BKNG,ASML,ADI,LIN,TTD,GE,GOOG,AMZN,ADP,CEG",-0.03173697118291106,-1586.848559145552,-0.031736971182911036,0.2481105102115162,-0.2798474813944273,0,0
L2_price+L3_pullback,L2_price,L3_pullback,57,10,"AAPL,IDXX,APP,REGN,INTU,MRVL,TSLA,EA,COST,VRSK",0.07594285626382107,3797.142813191055,0.0759428562638211,0.2481105102115162,-0.17216765394769512,0,1
L2_price+L3_pullback,L2_price,L3_pullback,58,10,"APP,LRCX,COST,INTU,GFS,TXN,MNST,IDXX,REGN,ABNB",0.088706737889891,4435.3368944945505,0.08870673788989102,0.2481105102115162,-0.1594037723216252,0,1
L2_price+L3_pullback,L2_price,L3_pullback,59,10,"ON,ADP,CSX,GILD,GFS,MSTR,CTAS,ORLY,PEP,CSGP",-0.004664933886757106,-233.24669433785493,-0.004664933886757099,0.2481105102115162,-0.2527754440982733,0,0
L2_price+L3_pullback,L2_price,L3_pullback,60,10,"HOOD,ASML,ODFL,CSGP,KDP,HON,AAPL,EXC,VRTX,CDNS",-0.01719381944005627,-859.6909720028134,-0.01719381944005627,0.2481105102115162,-0.26530432965157247,0,0
L2_price+L3_pullback,L2_price,L3_pullback,61,10,"CDNS,BKNG,TTD,MU,WDAY,MAR,GFS,CSGP,GE,AAPL",-0.013865168531291572,-693.2584265645773,-0.013865168531291546,0.2481105102115162,-0.26197567874280775,0,0
L2_price+L3_pullback,L2_price,L3_pullback,62,10,"PLTR,MSFT,TTD,ROP,ARM,GOOG,QCOM,IDXX,CSGP,NVDA",-0.012825974338267775,-641.2987169133885,-0.01282597433826777,0.2481105102115162,-0.26093648454978396,0,0
L2_price+L3_pullback,L2_price,L3_pullback,63,10,"CTAS,PLTR,WDAY,ROP,CPRT,TEAM,REGN,ASML,ISRG,MDB",-0.018846243153139985,-942.3121576569993,-0.018846243153139985,0.2481105102115162,-0.2669567533646562,0,0
L2_price+L3_pullback,L2_price,L3_pullback,64,10,"CSX,PCAR,ORLY,DXCM,EXC,COST,AMAT,QCOM,ZS,AAPL",0.024591182223343055,1229.5591111671538,0.024591182223343076,0.2481105102115162,-0.22351932798817314,0,1
L2_price+L3_pullback,L2_price,L3_pullback,65,10,"PAYX,PCAR,CPRT,ROST,VRSK,CSX,CTAS,APP,META,EXC",0.030248781693154703,1512.4390846577362,0.030248781693154723,0.2481105102115162,-0.2178617285183615,0,1
L2_price+L3_pullback,L2_price,L3_pullback,66,10,"SNPS,GFS,TRI,DXCM,AMAT,PANW,AEP,CSGP,TTD,MELI",0.011276755325182963,563.8377662591483,0.011276755325182967,0.2481105102115162,-0.23683375488633324,0,1
L2_price+L3_pullback,L2_price,L3_pullback,67,10,"WDAY,TRI,DASH,REGN,META,QCOM,ROST,TTWO,ON,PYPL",0.007664538533708809,383.2269266854428,0.007664538533708855,0.2481105102115162,-0.2404459716778074,0,1
L2_price+L3_pullback,L2_price,L3_pullback,68,10,"SBUX,GOOG,MNST,LRCX,IDXX,CEG,AMGN,ADSK,VRTX,QCOM",0.054543995945930665,2727.1997972965346,0.05454399594593069,0.2481105102115162,-0.19356651426558552,0,1
L2_price+L3_pullback,L2_price,L3_pullback,69,10,"PANW,ZS,TSLA,AXON,CSX,BKNG,TRI,CDNS,KLAC,HON",-0.009242840035691624,-462.1420017845812,-0.009242840035691624,0.2481105102115162,-0.25735335024720785,0,0
L2_price+L3_pullback,L2_price,L3_pullback,70,10,"CMCSA,KHC,APP,IDXX,SNPS,HOOD,HON,CCEP,ROST,PANW",0.013796547582171581,689.8273791085794,0.013796547582171588,0.2481105102115162,-0.23431396262934462,0,1
L2_price+L3_pullback,L2_price,L3_pullback,71,10,"CSGP,MSTR,ADI,ABNB,CDNS,MRVL,IDXX,CSCO,ISRG,GEHC",0.04859197085165845,2429.598542582923,0.048591970851658464,0.2481105102115162,-0.19951853935985775,0,1
L2_price+L3_pullback,L2_price,L3_pullback,72,10,"DXCM,AAPL,FANG,TTWO,APP,AMAT,CHTR,WBD,ROST,PLTR",0.06553937190543903,3276.968595271952,0.06553937190543904,0.2481105102115162,-0.18257113830607719,0,1
L2_price+L3_pullback,L2_price,L3_pullback,73,10,"ZS,PDD,ODFL,ASML,ADP,ADI,COST,CDW,ADBE,MCHP",0.0013034382796321298,65.17191398160594,0.0013034382796321188,0.2481105102115162,-0.24680707193188406,0,1
L2_price+L3_pullback,L2_price,L3_pullback,74,10,"CPRT,ZS,AAPL,AXON,GOOG,REGN,NFLX,KDP,MELI,ASML",-0.0036969822759648995,-184.84911379824462,-0.003696982275964892,0.2481105102115162,-0.2518074924874811,0,0
L2_price+L3_pullback,L2_price,L3_pullback,75,10,"VRTX,XEL,HOOD,ORLY,NVDA,CMCSA,COST,PCAR,ADI,ROST",-0.006361423239537201,-318.0711619768581,-0.0063614232395371615,0.2481105102115162,-0.2544719334510534,0,0
L2_price+L3_pullback,L2_price,L3_pullback,76,10,"CCEP,MAR,PLTR,ASML,SBUX,CSX,CMCSA,FTNT,MCHP,PDD",0.0058449684000697385,292.248420003486,0.005844968400069719,0.2481105102115162,-0.24226554181144647,0,1
L2_price+L3_pullback,L2_price,L3_pullback,77,10,"AVGO,NVDA,COST,WBD,AMAT,CTAS,LIN,CDNS,GOOGL,ISRG",0.04083963253092978,2041.9816265464888,0.04083963253092977,0.2481105102115162,-0.2072708776805864,0,1
L2_price+L3_pullback,L2_price,L3_pullback,78,10,"WBD,ROP,AEP,DDOG,BKR,MRVL,ODFL,ON,CTSH,PEP",0.0817537957842163,4087.6897892108154,0.08175379578421631,0.2481105102115162,-0.1663567144272999,0,1
L2_price+L3_pullback,L2_price,L3_pullback,79,10,"GOOG,TEAM,ON,INTU,AMD,MU,REGN,ARM,CPRT,FANG",0.004878499876344156,243.92499381720972,0.004878499876344195,0.2481105102115162,-0.24323201033517206,0,1
L2_price+L3_pullback,L2_price,L3_pullback,80,10,"ON,ADBE,MNST,AEP,PYPL,MELI,SBUX,DXCM,CDNS,IDXX",-0.0013926918218360007,-69.63459109179985,-0.001392691821835997,0.2481105102115162,-0.2495032020333522,0,0
L2_price+L3_pullback,L2_price,L3_pullback,81,10,"TXN,ROP,ADI,ISRG,WDAY,ABNB,MSFT,PDD,TEAM,GEHC",0.004908772565325093,245.43862826625536,0.0049087725653251075,0.2481105102115162,-0.2432017376461911,0,1
L2_price+L3_pullback,L2_price,L3_pullback,82,10,"APP,META,GOOGL,ODFL,CSX,TXN,INTU,AVGO,HON,COST",0.05271553176706092,2635.7765883530446,0.05271553176706089,0.2481105102115162,-0.19539497844445528,0,1
L2_price+L3_pullback,L2_price,L3_pullback,83,10,"FANG,BKNG,CTSH,EXC,GOOG,ARM,AXON,MRVL,GFS,MSTR",0.06763135262954152,3381.567631477077,0.06763135262954155,0.2481105102115162,-0.1804791575819747,0,1
L2_price+L3_pullback,L2_price,L3_pullback,84,10,"DXCM,KHC,ADBE,PDD,SNPS,CDW,CTAS,CPRT,TRI,ODFL",-0.0333539918394392,-1667.6995919719602,-0.033353991839439205,0.2481105102115162,-0.2814645020509554,0,0
L2_price+L3_pullback,L2_price,L3_pullback,85,10,"KHC,MSTR,AMAT,MCHP,TEAM,TXN,MNST,ARM,CSX,CCEP",0.049701912071115295,2485.095603555764,0.049701912071115274,0.2481105102115162,-0.1984085981404009,0,1
L2_price+L3_pullback,L2_price,L3_pullback,86,10,"TMUS,AXON,TTD,MCHP,MNST,WDAY,SBUX,CCEP,KDP,LRCX",0.061675323606901665,3083.766180345083,0.06167532360690166,0.2481105102115162,-0.18643518660461453,0,1
L2_price+L3_pullback,L2_price,L3_pullback,87,10,"GILD,VRSK,MCHP,MDB,SBUX,DXCM,VRTX,CTAS,ZS,ADI",0.027924551656600204,1396.2275828300099,0.027924551656600197,0.2481105102115162,-0.220185958554916,0,1
L2_price+L3_pullback,L2_price,L3_pullback,88,10,"GE,CSGP,NFLX,INTU,CTAS,MU,CDW,CSCO,TXN,XEL",-0.006017975476569948,-300.8987738284968,-0.006017975476569936,0.2481105102115162,-0.25412848568808616,0,0
L2_price+L3_pullback,L2_price,L3_pullback,89,10,"META,MCHP,TTD,XEL,NVDA,CDW,FAST,REGN,COST,TEAM",-0.01835424952772633,-917.7124763863167,-0.018354249527726334,0.2481105102115162,-0.26646475973924255,0,0
L2_price+L3_pullback,L2_price,L3_pullback,90,10,"FTNT,HON,MU,TRI,PDD,KDP,ADSK,EA,CSX,ODFL",0.004452923900339989,222.64619501699963,0.004452923900339993,0.2481105102115162,-0.2436575863111762,0,1
L2_price+L3_pullback,L2_price,L3_pullback,91,10,"ADP,MSTR,PYPL,META,CDW,KHC,PCAR,AEP,MU,SBUX",-0.005600215867011293,-280.0107933505651,-0.0056002158670113026,0.2481105102115162,-0.2537107260785275,0,0
L2_price+L3_pullback,L2_price,L3_pullback,92,10,"PLTR,LRCX,AMD,AEP,ISRG,TEAM,AXON,TRI,SBUX,CDNS",0.0398557183433885,1992.7859171694245,0.03985571834338849,0.2481105102115162,-0.2082547918681277,0,1
L2_price+L3_pullback,L2_price,L3_pullback,93,10,"ROP,INTU,NXPI,SHOP,SNPS,DASH,GILD,ROST,WBD,CRWD",0.015534896733189363,776.744836659469,0.01553489673318938,0.2481105102115162,-0.23257561347832684,0,1
L2_price+L3_pullback,L2_price,L3_pullback,94,10,"ARM,AAPL,TXN,AMD,CPRT,TMUS,GEHC,TTD,EXC,CHTR",-0.01683829485984676,-841.9147429923378,-0.016838294859846756,0.2481105102115162,-0.264948805071363,0,0
L2_price+L3_pullback,L2_price,L3_pullback,95,10,"MELI,GEHC,SNPS,WDAY,AEP,CPRT,CDNS,ABNB,CDW,PEP",-0.024562004313425943,-1228.1002156712966,-0.024562004313425933,0.2481105102115162,-0.2726725145249421,0,0
L2_price+L3_pullback,L2_price,L3_pullback,96,10,"GFS,MSTR,CTAS,ISRG,AMZN,ROP,AMD,COST,ZS,CCEP",-0.004898681032344576,-244.93405161722876,-0.004898681032344575,0.2481105102115162,-0.2530091912438608,0,0
L2_price+L3_pullback,L2_price,L3_pullback,97,10,"CDNS,ADP,MAR,DASH,ABNB,ADI,ON,ADBE,DDOG,GOOGL",0.014599227086691202,729.9613543345604,0.014599227086691207,0.2481105102115162,-0.233511283124825,0,1
L2_price+L3_pullback,L2_price,L3_pullback,98,10,"MELI,MNST,DXCM,LRCX,TRI,BKNG,DASH,CPRT,GFS,NVDA",0.03531455025626014,1765.7275128130077,0.03531455025626015,0.2481105102115162,-0.21279595995525608,0,1
L2_price+L3_pullback,L2_price,L3_pullback,99,10,"NXPI,FANG,MRVL,MDB,AXON,INTC,MSTR,AVGO,CDW,QCOM",0.08573155229122566,4286.577614561282,0.08573155229122563,0.2481105102115162,-0.16237895792029056,0,1
L2_price+L4_regime,L2_price,L4_regime,0,10,"KHC,APP,PANW,MU,INTU,COST,GILD,ABNB,CEG,CHTR",0.0020372181314112668,101.8609065705632,0.002037218131411264,0.2481105102115162,-0.24607329208010492,0,1
L2_price+L4_regime,L2_price,L4_regime,1,10,"LIN,DASH,ADBE,HON,CSGP,MDB,MSTR,PDD,AMGN,KDP",-0.01849302878456609,-924.6514392283052,-0.018493028784566105,0.2481105102115162,-0.2666035389960823,0,0
L2_price+L4_regime,L2_price,L4_regime,2,10,"GOOGL,TSLA,CRWD,ODFL,LRCX,MDB,MAR,XEL,ROST,GE",0.09111396161627852,4555.698080813927,0.09111396161627854,0.2481105102115162,-0.15699654859523768,0,1
L2_price+L4_regime,L2_price,L4_regime,3,10,"GILD,AMAT,ISRG,MDB,BKNG,TSLA,CSX,PANW,KDP,SHOP",0.0192284385334912,961.4219266745613,0.019228438533491227,0.2481105102115162,-0.228882071678025,0,1
L2_price+L4_regime,L2_price,L4_regime,4,10,"SHOP,EXC,HOOD,VRSK,PLTR,SBUX,ADI,MRVL,ARM,GOOG",0.030941077919376225,1547.0538959688115,0.03094107791937623,0.2481105102115162,-0.21716943229213997,0,1
L2_price+L4_regime,L2_price,L4_regime,5,10,"ADBE,CDW,MSFT,FAST,QCOM,FTNT,EA,TMUS,GOOGL,ROST",0.02524338896862257,1262.1694484311274,0.02524338896862255,0.2481105102115162,-0.22286712124289362,0,1
L2_price+L4_regime,L2_price,L4_regime,6,10,"NVDA,CRWD,APP,ISRG,CSGP,EXC,CDW,TXN,CPRT,XEL",0.00798816828354475,399.40841417723686,0.007988168283544737,0.2481105102115162,-0.24012234192797144,0,1
L2_price+L4_regime,L2_price,L4_regime,7,10,"ARM,AAPL,CTSH,SNPS,NFLX,CDW,AMAT,PYPL,PCAR,AMZN",0.039193353327561783,1959.667666378089,0.039193353327561783,0.2481105102115162,-0.2089171568839544,0,1
L2_price+L4_regime,L2_price,L4_regime,8,10,"GOOG,MSFT,CHTR,INTC,DDOG,MU,ORLY,DASH,EA,VRTX",0.08571092016952629,4285.546008476313,0.08571092016952625,0.2481105102115162,-0.1623995900419899,0,1
L2_price+L4_regime,L2_price,L4_regime,9,10,"TEAM,APP,HON,PAYX,ZS,IDXX,TSLA,TXN,VRTX,ADBE",0.009685156337723877,484.2578168861928,0.009685156337723856,0.2481105102115162,-0.23842535387379232,0,1
L2_price+L4_regime,L2_price,L4_regime,10,10,"ASML,ODFL,TXN,TMUS,NVDA,KLAC,GFS,MNST,FTNT,AXON",-0.01850859143264726,-925.4295716323636,-0.018508591432647273,0.2481105102115162,-0.26661910164416347,0,0
L2_price+L4_regime,L2_price,L4_regime,11,10,"WDAY,GFS,LIN,ASML,NVDA,AMD,CPRT,KLAC,TRI,NFLX",-0.04050491634890831,-2025.2458174454146,-0.04050491634890829,0.2481105102115162,-0.2886154265604245,0,0
L2_price+L4_regime,L2_price,L4_regime,12,10,"CPRT,ISRG,MELI,EXC,PDD,GEHC,ROP,GFS,REGN,AXON",-0.03494051788336215,-1747.0258941681077,-0.03494051788336215,0.2481105102115162,-0.28305102809487837,0,0
L2_price+L4_regime,L2_price,L4_regime,13,10,"GOOG,MRVL,AAPL,MELI,INTU,FTNT,CRWD,KDP,TSLA,ON",0.09091923172146207,4545.961586073102,0.09091923172146203,0.2481105102115162,-0.15719127849005413,0,1
L2_price+L4_regime,L2_price,L4_regime,14,10,"FAST,GE,PCAR,FTNT,AMD,LRCX,ADBE,APP,AMAT,CSX",0.09837720480652715,4918.860240326357,0.09837720480652713,0.2481105102115162,-0.14973330540498905,0,1
L2_price+L4_regime,L2_price,L4_regime,15,10,"GOOGL,TRI,QCOM,MRVL,SNPS,GILD,ABNB,MELI,APP,KLAC",0.058933570652532394,2946.678532626621,0.058933570652532415,0.2481105102115162,-0.1891769395589838,0,1
L2_price+L4_regime,L2_price,L4_regime,16,10,"COST,KLAC,DXCM,MRVL,MAR,GOOG,ODFL,INTU,CDW,LIN",0.07503360534531286,3751.680267265642,0.07503360534531285,0.2481105102115162,-0.17307690486620333,0,1
L2_price+L4_regime,L2_price,L4_regime,17,10,"TSLA,ADSK,NVDA,AMGN,ARM,GFS,AXON,BKNG,WDAY,ORLY",-0.03869074413974679,-1934.5372069873397,-0.0386907441397468,0.2481105102115162,-0.28680125435126297,0,0
L2_price+L4_regime,L2_price,L4_regime,18,10,"INTU,MRVL,AEP,CSGP,GEHC,ON,ADSK,ADI,NVDA,AAPL",0.049397230028704275,2469.861501435214,0.04939723002870428,0.2481105102115162,-0.19871328018281192,0,1
L2_price+L4_regime,L2_price,L4_regime,19,10,"ARM,GE,INTC,KHC,CTAS,TTWO,PCAR,LRCX,ZS,MELI",0.03208607441878057,1604.3037209390295,0.03208607441878059,0.2481105102115162,-0.21602443579273561,0,1
L2_price+L4_regime,L2_price,L4_regime,20,10,"ON,ADBE,ZS,EA,FANG,GILD,CSCO,TTD,MU,VRSK",-0.013548901840247507,-677.445092012375,-0.013548901840247499,0.2481105102115162,-0.2616594120517637,0,0
L2_price+L4_regime,L2_price,L4_regime,21,10,"TEAM,CHTR,ADP,TXN,CSX,PDD,SNPS,GFS,GILD,CTAS",-0.00814161419587206,-407.0807097936031,-0.008141614195872062,0.2481105102115162,-0.25625212440738826,0,0
L2_price+L4_regime,L2_price,L4_regime,22,10,"ODFL,ORLY,IDXX,AAPL,DDOG,CPRT,PDD,EA,CSX,WBD",0.02906433061686268,1453.2165308431331,0.02906433061686266,0.2481105102115162,-0.21904617959465353,0,1
L2_price+L4_regime,L2_price,L4_regime,23,10,"LIN,KHC,WBD,VRSK,LRCX,ADSK,QCOM,ZS,DXCM,GOOG",0.05683831924097014,2841.915962048507,0.05683831924097014,0.2481105102115162,-0.19127219097054607,0,1
L2_price+L4_regime,L2_price,L4_regime,24,10,"FANG,GE,TRI,VRTX,CDNS,KHC,ZS,CDW,MDB,AAPL",-0.010277555138099425,-513.8777569049707,-0.010277555138099415,0.2481105102115162,-0.2583880653496156,0,0
L2_price+L4_regime,L2_price,L4_regime,25,10,"FANG,MELI,KHC,GOOG,COST,CTAS,TTWO,WBD,PCAR,KDP",0.04868297863691633,2434.148931845816,0.04868297863691632,0.2481105102115162,-0.19942753157459986,0,1
L2_price+L4_regime,L2_price,L4_regime,26,10,"ZS,AMGN,MELI,CEG,KDP,REGN,ROST,EXC,ODFL,AEP",0.022064197555317345,1103.2098777658666,0.02206419755531733,0.2481105102115162,-0.22604631265619884,0,1
L2_price+L4_regime,L2_price,L4_regime,27,10,"NVDA,EA,ISRG,ABNB,GILD,DDOG,FANG,GOOGL,GE,AEP",0.002425265195327986,121.263259766401,0.00242526519532802,0.2481105102115162,-0.24568524501618821,0,1
L2_price+L4_regime,L2_price,L4_regime,28,10,"SHOP,TSLA,AMGN,INTU,PDD,TTWO,CDW,META,PLTR,GOOGL",-0.044390169556261364,-2219.5084778130677,-0.04439016955626136,0.2481105102115162,-0.29250067976777755,0,0
L2_price+L4_regime,L2_price,L4_regime,29,10,"QCOM,ZS,BKR,HON,DDOG,SHOP,MAR,IDXX,BKNG,MCHP",0.017474765923395596,873.7382961697813,0.017474765923395627,0.2481105102115162,-0.23063574428812061,0,1
L2_price+L4_regime,L2_price,L4_regime,30,10,"AVGO,AMAT,AEP,EXC,MSFT,CDNS,PAYX,META,FANG,MELI",0.07388103022123345,3694.0515110616725,0.07388103022123345,0.2481105102115162,-0.17422947999028277,0,1
L2_price+L4_regime,L2_price,L4_regime,31,10,"INTC,COST,WDAY,PCAR,CDNS,ON,QCOM,IDXX,PANW,AVGO",0.030638101463351143,1531.9050731675588,0.030638101463351178,0.2481105102115162,-0.21747240874816506,0,1
L2_price+L4_regime,L2_price,L4_regime,32,10,"QCOM,ASML,NVDA,DXCM,PAYX,HOOD,GOOGL,MRVL,ON,ADBE",0.01513123787240086,756.5618936200435,0.01513123787240087,0.2481105102115162,-0.23297927233911533,0,1
L2_price+L4_regime,L2_price,L4_regime,33,10,"DXCM,ROP,REGN,PEP,CTSH,GFS,MNST,TSLA,EA,TXN",0.020306665315764905,1015.3332657882447,0.020306665315764895,0.2481105102115162,-0.22780384489575128,0,1
L2_price+L4_regime,L2_price,L4_regime,34,10,"XEL,TTWO,ROST,KHC,INTC,BKNG,AMD,MAR,ODFL,CMCSA",0.050454043350274515,2522.7021675137266,0.050454043350274536,0.2481105102115162,-0.1976564668612417,0,1
L2_price+L4_regime,L2_price,L4_regime,35,10,"COST,CCEP,MNST,CEG,GEHC,HON,IDXX,ORLY,TXN,HOOD",-0.020558938620433155,-1027.9469310216587,-0.020558938620433172,0.2481105102115162,-0.2686694488319494,0,0
L2_price+L4_regime,L2_price,L4_regime,36,10,"CRWD,PANW,HOOD,TMUS,GILD,ARM,GOOG,PCAR,LRCX,GFS",0.06460553201420856,3230.276600710428,0.06460553201420856,0.2481105102115162,-0.18350497819730766,0,1
L2_price+L4_regime,L2_price,L4_regime,37,10,"MRVL,ODFL,KDP,CSGP,REGN,META,CMCSA,ARM,SNPS,ADBE",0.03374045243312048,1687.0226216560231,0.03374045243312046,0.2481105102115162,-0.2143700577783957,0,1
L2_price+L4_regime,L2_price,L4_regime,38,10,"GE,ADSK,PCAR,LRCX,PDD,KHC,ROP,AMAT,CPRT,AMGN",0.08021276538094699,4010.6382690473492,0.08021276538094699,0.2481105102115162,-0.1678977448305692,0,1
L2_price+L4_regime,L2_price,L4_regime,39,10,"QCOM,INTC,CSX,PDD,BKR,AAPL,LIN,SHOP,CMCSA,CEG",-0.045091808122598095,-2254.5904061299034,-0.04509180812259807,0.2481105102115162,-0.2932023183341143,0,0
L2_price+L4_regime,L2_price,L4_regime,40,10,"LRCX,AMD,AEP,INTC,TSLA,ADP,MRVL,AVGO,FAST,CSCO",0.1375908858300087,6879.544291500434,0.1375908858300087,0.2481105102115162,-0.1105196243815075,0,1
L2_price+L4_regime,L2_price,L4_regime,41,10,"ADBE,CMCSA,CRWD,GFS,CSX,PLTR,KLAC,HON,IDXX,AMZN",-0.03158444584452526,-1579.2222922262627,-0.03158444584452525,0.2481105102115162,-0.27969495605604144,0,0
L2_price+L4_regime,L2_price,L4_regime,42,10,"HOOD,TTD,ADP,INTC,CTAS,CPRT,MAR,ABNB,PYPL,AEP",-0.05045321839014183,-2522.6609195070914,-0.05045321839014183,0.2481105102115162,-0.29856372860165803,0,0
L2_price+L4_regime,L2_price,L4_regime,43,10,"TEAM,SHOP,DXCM,INTU,CTSH,META,AVGO,PDD,MRVL,LIN",0.06428004419539232,3214.0022097696155,0.06428004419539231,0.2481105102115162,-0.18383046601612388,0,1
L2_price+L4_regime,L2_price,L4_regime,44,10,"AAPL,EXC,GOOGL,TSLA,ROP,ASML,MSFT,ORLY,CSGP,AMD",-0.0035178683537573476,-175.89341768786653,-0.0035178683537573307,0.2481105102115162,-0.25162837856527354,0,0
L2_price+L4_regime,L2_price,L4_regime,45,10,"CTAS,MSFT,SBUX,LIN,LRCX,ARM,KDP,AXON,KLAC,MNST",0.02180304473745055,1090.1522368725282,0.021803044737450563,0.2481105102115162,-0.22630746547406566,0,1
L2_price+L4_regime,L2_price,L4_regime,46,10,"ODFL,GEHC,TEAM,CRWD,DDOG,KDP,DASH,ISRG,PCAR,FAST",0.029316603348781133,1465.830167439055,0.0293166033487811,0.2481105102115162,-0.21879390686273506,0,1
L2_price+L4_regime,L2_price,L4_regime,47,10,"BKR,MU,BKNG,EA,GOOG,PEP,MAR,TXN,AAPL,QCOM",0.07725645074649974,3862.822537324987,0.07725645074649974,0.2481105102115162,-0.17085405946501647,0,1
L2_price+L4_regime,L2_price,L4_regime,48,10,"MCHP,LIN,AXON,HOOD,TEAM,NFLX,LRCX,IDXX,AAPL,VRSK",0.014561236636359687,728.0618318179854,0.014561236636359708,0.2481105102115162,-0.2335492735751565,0,1
L2_price+L4_regime,L2_price,L4_regime,49,10,"EA,MDB,CHTR,VRTX,AMD,ADSK,EXC,APP,TTD,KDP",-0.010399837731567486,-519.9918865783743,-0.010399837731567486,0.2481105102115162,-0.2585103479430837,0,0
L2_price+L4_regime,L2_price,L4_regime,50,10,"NFLX,APP,LIN,CEG,CSGP,KHC,CMCSA,EA,BKNG,REGN",-0.05148667378152878,-2574.3336890764394,-0.05148667378152879,0.2481105102115162,-0.29959718399304497,0,0
L2_price+L4_regime,L2_price,L4_regime,51,10,"AMAT,FTNT,INTU,PLTR,LIN,PCAR,MRVL,MSTR,GE,SBUX",0.0781434631435773,3907.173157178864,0.07814346314357729,0.2481105102115162,-0.16996704706793891,0,1
L2_price+L4_regime,L2_price,L4_regime,52,10,"SHOP,ON,PDD,CRWD,PCAR,MELI,TXN,GEHC,AEP,CMCSA",0.02891074212281508,1445.537106140754,0.02891074212281508,0.2481105102115162,-0.21919976808870112,0,1
L2_price+L4_regime,L2_price,L4_regime,53,10,"IDXX,ROP,EXC,FTNT,CPRT,LRCX,AMD,CSCO,MU,ROST",0.10036368487841218,5018.18424392061,0.1003636848784122,0.2481105102115162,-0.14774682533310401,0,1
L2_price+L4_regime,L2_price,L4_regime,54,10,"AEP,PCAR,ADP,FANG,KLAC,CTSH,CDNS,COST,ROP,ADBE",0.0069513224863421595,347.5661243171089,0.0069513224863421786,0.2481105102115162,-0.24115918772517403,0,1
L2_price+L4_regime,L2_price,L4_regime,55,10,"AMZN,CTSH,HON,TMUS,ZS,ROST,NFLX,AXON,BKNG,BKR",-0.01044839111766358,-522.419555883178,-0.010448391117663559,0.2481105102115162,-0.2585589013291798,0,0
L2_price+L4_regime,L2_price,L4_regime,56,10,"BKNG,ASML,ADI,LIN,TTD,GE,GOOG,AMZN,ADP,CEG",-0.05837573545089082,-2918.78677254454,-0.058375735450890795,0.2481105102115162,-0.306486245662407,0,0
L2_price+L4_regime,L2_price,L4_regime,57,10,"AAPL,IDXX,APP,REGN,INTU,MRVL,TSLA,EA,COST,VRSK",0.04890558778302232,2445.2793891511155,0.048905587783022314,0.2481105102115162,-0.19920492242849389,0,1
L2_price+L4_regime,L2_price,L4_regime,58,10,"APP,LRCX,COST,INTU,GFS,TXN,MNST,IDXX,REGN,ABNB",0.05576721748509964,2788.3608742549814,0.05576721748509963,0.2481105102115162,-0.19234329272641656,0,1
L2_price+L4_regime,L2_price,L4_regime,59,10,"ON,ADP,CSX,GILD,GFS,MSTR,CTAS,ORLY,PEP,CSGP",-0.029098230506074806,-1454.9115253037398,-0.029098230506074796,0.2481105102115162,-0.277208740717591,0,0
L2_price+L4_regime,L2_price,L4_regime,60,10,"HOOD,ASML,ODFL,CSGP,KDP,HON,AAPL,EXC,VRTX,CDNS",-0.029921152047385713,-1496.0576023692852,-0.029921152047385702,0.2481105102115162,-0.2780316622589019,0,0
L2_price+L4_regime,L2_price,L4_regime,61,10,"CDNS,BKNG,TTD,MU,WDAY,MAR,GFS,CSGP,GE,AAPL",-0.007394552907102825,-369.7276453551408,-0.007394552907102816,0.2481105102115162,-0.25550506311861904,0,0
L2_price+L4_regime,L2_price,L4_regime,62,10,"PLTR,MSFT,TTD,ROP,ARM,GOOG,QCOM,IDXX,CSGP,NVDA",-0.08453433480756514,-4226.716740378258,-0.08453433480756516,0.2481105102115162,-0.3326448450190813,0,0
L2_price+L4_regime,L2_price,L4_regime,63,10,"CTAS,PLTR,WDAY,ROP,CPRT,TEAM,REGN,ASML,ISRG,MDB",-0.07465663886235954,-3732.831943117977,-0.07465663886235954,0.2481105102115162,-0.3227671490738757,0,0
L2_price+L4_regime,L2_price,L4_regime,64,10,"CSX,PCAR,ORLY,DXCM,EXC,COST,AMAT,QCOM,ZS,AAPL",0.04017303050437282,2008.6515252186418,0.040173030504372834,0.2481105102115162,-0.20793747970714338,0,1
L2_price+L4_regime,L2_price,L4_regime,65,10,"PAYX,PCAR,CPRT,ROST,VRSK,CSX,CTAS,APP,META,EXC",0.02468540077570842,1234.270038785422,0.02468540077570844,0.2481105102115162,-0.2234251094358078,0,1
L2_price+L4_regime,L2_price,L4_regime,66,10,"SNPS,GFS,TRI,DXCM,AMAT,PANW,AEP,CSGP,TTD,MELI",-0.0030871138794031474,-154.35569397015706,-0.0030871138794031413,0.2481105102115162,-0.25119762409091934,0,0
L2_price+L4_regime,L2_price,L4_regime,67,10,"WDAY,TRI,DASH,REGN,META,QCOM,ROST,TTWO,ON,PYPL",0.010176450720579221,508.8225360289616,0.010176450720579232,0.2481105102115162,-0.237934059490937,0,1
L2_price+L4_regime,L2_price,L4_regime,68,10,"SBUX,GOOG,MNST,LRCX,IDXX,CEG,AMGN,ADSK,VRTX,QCOM",0.05480427030002276,2740.213515001138,0.054804270300022766,0.2481105102115162,-0.19330623991149343,0,1
L2_price+L4_regime,L2_price,L4_regime,69,10,"PANW,ZS,TSLA,AXON,CSX,BKNG,TRI,CDNS,KLAC,HON",-0.031246834221012987,-1562.341711050647,-0.03124683422101294,0.2481105102115162,-0.2793573444325292,0,0
L2_price+L4_regime,L2_price,L4_regime,70,10,"CMCSA,KHC,APP,IDXX,SNPS,HOOD,HON,CCEP,ROST,PANW",-0.010238236138192214,-511.91180690961073,-0.010238236138192214,0.2481105102115162,-0.2583487463497084,0,0
L2_price+L4_regime,L2_price,L4_regime,71,10,"CSGP,MSTR,ADI,ABNB,CDNS,MRVL,IDXX,CSCO,ISRG,GEHC",0.051717283333012065,2585.8641666506037,0.05171728333301207,0.2481105102115162,-0.19639322687850413,0,1
L2_price+L4_regime,L2_price,L4_regime,72,10,"DXCM,AAPL,FANG,TTWO,APP,AMAT,CHTR,WBD,ROST,PLTR",0.07367551207380095,3683.7756036900473,0.07367551207380095,0.2481105102115162,-0.17443499813771524,0,1
L2_price+L4_regime,L2_price,L4_regime,73,10,"ZS,PDD,ODFL,ASML,ADP,ADI,COST,CDW,ADBE,MCHP",0.014989900306833203,749.4950153416603,0.014989900306833205,0.2481105102115162,-0.233120609904683,0,1
L2_price+L4_regime,L2_price,L4_regime,74,10,"CPRT,ZS,AAPL,AXON,GOOG,REGN,NFLX,KDP,MELI,ASML",-0.02414421597128815,-1207.210798564408,-0.024144215971288158,0.2481105102115162,-0.27225472618280433,0,0
L2_price+L4_regime,L2_price,L4_regime,75,10,"VRTX,XEL,HOOD,ORLY,NVDA,CMCSA,COST,PCAR,ADI,ROST",0.01444450801093452,722.2254005467266,0.014444508010934533,0.2481105102115162,-0.23366600220058167,0,1
L2_price+L4_regime,L2_price,L4_regime,76,10,"CCEP,MAR,PLTR,ASML,SBUX,CSX,CMCSA,FTNT,MCHP,PDD",-0.020842918026784008,-1042.1459013392005,-0.02084291802678401,0.2481105102115162,-0.2689534282383002,0,0
L2_price+L4_regime,L2_price,L4_regime,77,10,"AVGO,NVDA,COST,WBD,AMAT,CTAS,LIN,CDNS,GOOGL,ISRG",0.08611068786674553,4305.534393337277,0.08611068786674554,0.2481105102115162,-0.16199982234477067,0,1
L2_price+L4_regime,L2_price,L4_regime,78,10,"WBD,ROP,AEP,DDOG,BKR,MRVL,ODFL,ON,CTSH,PEP",0.10995936044116647,5497.968022058324,0.10995936044116648,0.2481105102115162,-0.13815114977034973,0,1
L2_price+L4_regime,L2_price,L4_regime,79,10,"GOOG,TEAM,ON,INTU,AMD,MU,REGN,ARM,CPRT,FANG",0.05530895073823254,2765.4475369116262,0.055308950738232526,0.2481105102115162,-0.19280155947328365,0,1
L2_price+L4_regime,L2_price,L4_regime,80,10,"ON,ADBE,MNST,AEP,PYPL,MELI,SBUX,DXCM,CDNS,IDXX",0.0030582947852614284,152.91473926307117,0.003058294785261423,0.2481105102115162,-0.24505221542625477,0,1
L2_price+L4_regime,L2_price,L4_regime,81,10,"TXN,ROP,ADI,ISRG,WDAY,ABNB,MSFT,PDD,TEAM,GEHC",0.013366024892982354,668.3012446491175,0.01336602489298235,0.2481105102115162,-0.23474448531853384,0,1
L2_price+L4_regime,L2_price,L4_regime,82,10,"APP,META,GOOGL,ODFL,CSX,TXN,INTU,AVGO,HON,COST",0.06572831313759749,3286.4156568798744,0.06572831313759749,0.2481105102115162,-0.18238219707391873,0,1
L2_price+L4_regime,L2_price,L4_regime,83,10,"FANG,BKNG,CTSH,EXC,GOOG,ARM,AXON,MRVL,GFS,MSTR",0.07995580266429418,3997.7901332147094,0.07995580266429418,0.2481105102115162,-0.168154707547222,0,1
L2_price+L4_regime,L2_price,L4_regime,84,10,"DXCM,KHC,ADBE,PDD,SNPS,CDW,CTAS,CPRT,TRI,ODFL",-0.050900826642119215,-2545.0413321059614,-0.05090082664211923,0.2481105102115162,-0.2990113368536354,0,0
L2_price+L4_regime,L2_price,L4_regime,85,10,"KHC,MSTR,AMAT,MCHP,TEAM,TXN,MNST,ARM,CSX,CCEP",0.10357250055553124,5178.62502777656,0.1035725005555312,0.2481105102115162,-0.14453800965598496,0,1
L2_price+L4_regime,L2_price,L4_regime,86,10,"TMUS,AXON,TTD,MCHP,MNST,WDAY,SBUX,CCEP,KDP,LRCX",0.026181997441854087,1309.0998720927041,0.026181997441854083,0.2481105102115162,-0.2219285127696621,0,1
L2_price+L4_regime,L2_price,L4_regime,87,10,"GILD,VRSK,MCHP,MDB,SBUX,DXCM,VRTX,CTAS,ZS,ADI",0.03380543710069404,1690.2718550347035,0.03380543710069407,0.2481105102115162,-0.21430507311082217,0,1
L2_price+L4_regime,L2_price,L4_regime,88,10,"GE,CSGP,NFLX,INTU,CTAS,MU,CDW,CSCO,TXN,XEL",0.030889535444125517,1544.476772206276,0.030889535444125524,0.2481105102115162,-0.2172209747673907,0,1
L2_price+L4_regime,L2_price,L4_regime,89,10,"META,MCHP,TTD,XEL,NVDA,CDW,FAST,REGN,COST,TEAM",-0.06262245305300951,-3131.122652650475,-0.06262245305300951,0.2481105102115162,-0.3107329632645257,0,0
L2_price+L4_regime,L2_price,L4_regime,90,10,"FTNT,HON,MU,TRI,PDD,KDP,ADSK,EA,CSX,ODFL",0.038676156077260014,1933.8078038630001,0.03867615607726,0.2481105102115162,-0.20943435413425618,0,1
L2_price+L4_regime,L2_price,L4_regime,91,10,"ADP,MSTR,PYPL,META,CDW,KHC,PCAR,AEP,MU,SBUX",0.03726584809604096,1863.2924048020468,0.037265848096040936,0.2481105102115162,-0.21084466211547526,0,1
L2_price+L4_regime,L2_price,L4_regime,92,10,"PLTR,LRCX,AMD,AEP,ISRG,TEAM,AXON,TRI,SBUX,CDNS",0.004914673930673208,245.7336965336617,0.004914673930673234,0.2481105102115162,-0.243195836280843,0,1
L2_price+L4_regime,L2_price,L4_regime,93,10,"ROP,INTU,NXPI,SHOP,SNPS,DASH,GILD,ROST,WBD,CRWD",0.05108494317134101,2554.247158567051,0.05108494317134102,0.2481105102115162,-0.19702556704017518,0,1
L2_price+L4_regime,L2_price,L4_regime,94,10,"ARM,AAPL,TXN,AMD,CPRT,TMUS,GEHC,TTD,EXC,CHTR",-0.02330846537619625,-1165.4232688098132,-0.023308465376196262,0.2481105102115162,-0.27141897558771244,0,0
L2_price+L4_regime,L2_price,L4_regime,95,10,"MELI,GEHC,SNPS,WDAY,AEP,CPRT,CDNS,ABNB,CDW,PEP",-0.04336012715657771,-2168.0063578288855,-0.04336012715657771,0.2481105102115162,-0.2914706373680939,0,0
L2_price+L4_regime,L2_price,L4_regime,96,10,"GFS,MSTR,CTAS,ISRG,AMZN,ROP,AMD,COST,ZS,CCEP",0.002353997424991927,117.69987124959789,0.002353997424991958,0.2481105102115162,-0.24575651278652427,0,1
L2_price+L4_regime,L2_price,L4_regime,97,10,"CDNS,ADP,MAR,DASH,ABNB,ADI,ON,ADBE,DDOG,GOOGL",0.03119861593053459,1559.9307965267299,0.031198615930534596,0.2481105102115162,-0.21691189428098162,0,1
L2_price+L4_regime,L2_price,L4_regime,98,10,"MELI,MNST,DXCM,LRCX,TRI,BKNG,DASH,CPRT,GFS,NVDA",0.0027456931305675724,137.28465652837758,0.0027456931305675516,0.2481105102115162,-0.24536481708094862,0,1
L2_price+L4_regime,L2_price,L4_regime,99,10,"NXPI,FANG,MRVL,MDB,AXON,INTC,MSTR,AVGO,CDW,QCOM",0.10020714400193245,5010.357200096624,0.10020714400193248,0.2481105102115162,-0.14790336620958375,0,1
L2_price+L5_pyramid,L2_price,L5_pyramid,0,10,"KHC,APP,PANW,MU,INTU,COST,GILD,ABNB,CEG,CHTR",0.01232214618173183,616.1073090865921,0.012322146181731842,0.2481105102115162,-0.23578836402978437,0,1
L2_price+L5_pyramid,L2_price,L5_pyramid,1,10,"LIN,DASH,ADBE,HON,CSGP,MDB,MSTR,PDD,AMGN,KDP",-0.02038087279098725,-1019.0436395493634,-0.02038087279098727,0.2481105102115162,-0.26849138300250347,0,0
L2_price+L5_pyramid,L2_price,L5_pyramid,2,10,"GOOGL,TSLA,CRWD,ODFL,LRCX,MDB,MAR,XEL,ROST,GE",0.1119566640133733,5597.833200668665,0.1119566640133733,0.2481105102115162,-0.1361538461981429,0,1
L2_price+L5_pyramid,L2_price,L5_pyramid,3,10,"GILD,AMAT,ISRG,MDB,BKNG,TSLA,CSX,PANW,KDP,SHOP",0.018343697914768354,917.1848957384173,0.018343697914768343,0.2481105102115162,-0.22976681229674784,0,1
L2_price+L5_pyramid,L2_price,L5_pyramid,4,10,"SHOP,EXC,HOOD,VRSK,PLTR,SBUX,ADI,MRVL,ARM,GOOG",0.07087167871880135,3543.583935940065,0.0708716787188013,0.2481105102115162,-0.17723883149271485,0,1
L2_price+L5_pyramid,L2_price,L5_pyramid,5,10,"ADBE,CDW,MSFT,FAST,QCOM,FTNT,EA,TMUS,GOOGL,ROST",-0.005286198022497857,-264.30990112489326,-0.005286198022497865,0.2481105102115162,-0.25339670823401406,0,0
L2_price+L5_pyramid,L2_price,L5_pyramid,6,10,"NVDA,CRWD,APP,ISRG,CSGP,EXC,CDW,TXN,CPRT,XEL",0.014564628277680559,728.2314138840275,0.01456462827768055,0.2481105102115162,-0.23354588193383563,0,1
L2_price+L5_pyramid,L2_price,L5_pyramid,7,10,"ARM,AAPL,CTSH,SNPS,NFLX,CDW,AMAT,PYPL,PCAR,AMZN",0.013758347389403524,687.9173694701749,0.013758347389403498,0.2481105102115162,-0.2343521628221127,0,1
L2_price+L5_pyramid,L2_price,L5_pyramid,8,10,"GOOG,MSFT,CHTR,INTC,DDOG,MU,ORLY,DASH,EA,VRTX",0.05827065663962724,2913.5328319813607,0.058270656639627216,0.2481105102115162,-0.18983985357188896,0,1
L2_price+L5_pyramid,L2_price,L5_pyramid,9,10,"TEAM,APP,HON,PAYX,ZS,IDXX,TSLA,TXN,VRTX,ADBE",0.010341094348448931,517.0547174224466,0.010341094348448933,0.2481105102115162,-0.23776941586306727,0,1
L2_price+L5_pyramid,L2_price,L5_pyramid,10,10,"ASML,ODFL,TXN,TMUS,NVDA,KLAC,GFS,MNST,FTNT,AXON",-0.004785784653580238,-239.28923267901155,-0.004785784653580231,0.2481105102115162,-0.25289629486509646,0,0
L2_price+L5_pyramid,L2_price,L5_pyramid,11,10,"WDAY,GFS,LIN,ASML,NVDA,AMD,CPRT,KLAC,TRI,NFLX",-0.014195386666294673,-709.7693333147336,-0.014195386666294671,0.2481105102115162,-0.26230589687781086,0,0
L2_price+L5_pyramid,L2_price,L5_pyramid,12,10,"CPRT,ISRG,MELI,EXC,PDD,GEHC,ROP,GFS,REGN,AXON",-0.013047839244574987,-652.3919622287494,-0.013047839244574989,0.2481105102115162,-0.2611583494560912,0,0
L2_price+L5_pyramid,L2_price,L5_pyramid,13,10,"GOOG,MRVL,AAPL,MELI,INTU,FTNT,CRWD,KDP,TSLA,ON",0.10786879197841406,5393.439598920702,0.10786879197841405,0.2481105102115162,-0.14024171823310214,0,1
L2_price+L5_pyramid,L2_price,L5_pyramid,14,10,"FAST,GE,PCAR,FTNT,AMD,LRCX,ADBE,APP,AMAT,CSX",0.11576174497852292,5788.087248926145,0.11576174497852289,0.2481105102115162,-0.13234876523299327,0,1
L2_price+L5_pyramid,L2_price,L5_pyramid,15,10,"GOOGL,TRI,QCOM,MRVL,SNPS,GILD,ABNB,MELI,APP,KLAC",0.05028523105155276,2514.261552577638,0.05028523105155276,0.2481105102115162,-0.19782527915996345,0,1
L2_price+L5_pyramid,L2_price,L5_pyramid,16,10,"COST,KLAC,DXCM,MRVL,MAR,GOOG,ODFL,INTU,CDW,LIN",0.05143595091349654,2571.7975456748254,0.05143595091349651,0.2481105102115162,-0.19667455929801966,0,1
L2_price+L5_pyramid,L2_price,L5_pyramid,17,10,"TSLA,ADSK,NVDA,AMGN,ARM,GFS,AXON,BKNG,WDAY,ORLY",-0.015171581909380527,-758.5790954690256,-0.015171581909380512,0.2481105102115162,-0.2632820921208967,0,0
L2_price+L5_pyramid,L2_price,L5_pyramid,18,10,"INTU,MRVL,AEP,CSGP,GEHC,ON,ADSK,ADI,NVDA,AAPL",0.09511425854291611,4755.712927145805,0.09511425854291611,0.2481105102115162,-0.1529962516686001,0,1
L2_price+L5_pyramid,L2_price,L5_pyramid,19,10,"ARM,GE,INTC,KHC,CTAS,TTWO,PCAR,LRCX,ZS,MELI",0.06366979884866479,3183.489942433239,0.06366979884866478,0.2481105102115162,-0.1844407113628514,0,1
L2_price+L5_pyramid,L2_price,L5_pyramid,20,10,"ON,ADBE,ZS,EA,FANG,GILD,CSCO,TTD,MU,VRSK",-0.012066492601171264,-603.324630058562,-0.01206649260117124,0.2481105102115162,-0.26017700281268746,0,0
L2_price+L5_pyramid,L2_price,L5_pyramid,21,10,"TEAM,CHTR,ADP,TXN,CSX,PDD,SNPS,GFS,GILD,CTAS",0.004213767450135375,210.68837250676916,0.004213767450135383,0.2481105102115162,-0.24389674276138082,0,1
L2_price+L5_pyramid,L2_price,L5_pyramid,22,10,"ODFL,ORLY,IDXX,AAPL,DDOG,CPRT,PDD,EA,CSX,WBD",0.009186303282633956,459.3151641316972,0.009186303282633944,0.2481105102115162,-0.23892420692888225,0,1
L2_price+L5_pyramid,L2_price,L5_pyramid,23,10,"LIN,KHC,WBD,VRSK,LRCX,ADSK,QCOM,ZS,DXCM,GOOG",0.0737848360458427,3689.2418022921347,0.0737848360458427,0.2481105102115162,-0.17432567416567352,0,1
L2_price+L5_pyramid,L2_price,L5_pyramid,24,10,"FANG,GE,TRI,VRTX,CDNS,KHC,ZS,CDW,MDB,AAPL",-0.045742792386580855,-2287.139619329044,-0.045742792386580876,0.2481105102115162,-0.29385330259809705,0,0
L2_price+L5_pyramid,L2_price,L5_pyramid,25,10,"FANG,MELI,KHC,GOOG,COST,CTAS,TTWO,WBD,PCAR,KDP",0.0018165320551742693,90.8266027587124,0.001816532055174248,0.2481105102115162,-0.24629397815634194,0,1
L2_price+L5_pyramid,L2_price,L5_pyramid,26,10,"ZS,AMGN,MELI,CEG,KDP,REGN,ROST,EXC,ODFL,AEP",0.007623570413369874,381.17852066849355,0.007623570413369871,0.2481105102115162,-0.24048693979814634,0,1
L2_price+L5_pyramid,L2_price,L5_pyramid,27,10,"NVDA,EA,ISRG,ABNB,GILD,DDOG,FANG,GOOGL,GE,AEP",-0.015849418824727634,-792.4709412363818,-0.015849418824727637,0.2481105102115162,-0.2639599290362438,0,0
L2_price+L5_pyramid,L2_price,L5_pyramid,28,10,"SHOP,TSLA,AMGN,INTU,PDD,TTWO,CDW,META,PLTR,GOOGL",-0.04973180993584414,-2486.590496792206,-0.04973180993584412,0.2481105102115162,-0.29784232014736034,0,0
L2_price+L5_pyramid,L2_price,L5_pyramid,29,10,"QCOM,ZS,BKR,HON,DDOG,SHOP,MAR,IDXX,BKNG,MCHP",0.015006016677546929,750.3008338773461,0.015006016677546922,0.2481105102115162,-0.23310449353396928,0,1
L2_price+L5_pyramid,L2_price,L5_pyramid,30,10,"AVGO,AMAT,AEP,EXC,MSFT,CDNS,PAYX,META,FANG,MELI",0.040409336573086506,2020.4668286543238,0.04040933657308648,0.2481105102115162,-0.2077011736384297,0,1
L2_price+L5_pyramid,L2_price,L5_pyramid,31,10,"INTC,COST,WDAY,PCAR,CDNS,ON,QCOM,IDXX,PANW,AVGO",0.018467176755322702,923.3588377661354,0.01846717675532271,0.2481105102115162,-0.2296433334561935,0,1
L2_price+L5_pyramid,L2_price,L5_pyramid,32,10,"QCOM,ASML,NVDA,DXCM,PAYX,HOOD,GOOGL,MRVL,ON,ADBE",0.05599378342610685,2799.689171305342,0.055993783426106836,0.2481105102115162,-0.19211672678540936,0,1
L2_price+L5_pyramid,L2_price,L5_pyramid,33,10,"DXCM,ROP,REGN,PEP,CTSH,GFS,MNST,TSLA,EA,TXN",0.01383473541021828,691.7367705109145,0.01383473541021829,0.2481105102115162,-0.2342757748012979,0,1
L2_price+L5_pyramid,L2_price,L5_pyramid,34,10,"XEL,TTWO,ROST,KHC,INTC,BKNG,AMD,MAR,ODFL,CMCSA",0.04211272506560184,2105.6362532800913,0.042112725065601826,0.2481105102115162,-0.20599778514591435,0,1
L2_price+L5_pyramid,L2_price,L5_pyramid,35,10,"COST,CCEP,MNST,CEG,GEHC,HON,IDXX,ORLY,TXN,HOOD",-0.01456490251856889,-728.2451259284453,-0.014564902518568906,0.2481105102115162,-0.2626754127300851,0,0
L2_price+L5_pyramid,L2_price,L5_pyramid,36,10,"CRWD,PANW,HOOD,TMUS,GILD,ARM,GOOG,PCAR,LRCX,GFS",0.10623556908445467,5311.778454222732,0.10623556908445464,0.2481105102115162,-0.14187494112706153,0,1
L2_price+L5_pyramid,L2_price,L5_pyramid,37,10,"MRVL,ODFL,KDP,CSGP,REGN,META,CMCSA,ARM,SNPS,ADBE",0.05836099617869571,2918.049808934784,0.058360996178695675,0.2481105102115162,-0.18974951403282048,0,1
L2_price+L5_pyramid,L2_price,L5_pyramid,38,10,"GE,ADSK,PCAR,LRCX,PDD,KHC,ROP,AMAT,CPRT,AMGN",0.11461517910140902,5730.75895507045,0.11461517910140899,0.2481105102115162,-0.1334953311101072,0,1
L2_price+L5_pyramid,L2_price,L5_pyramid,39,10,"QCOM,INTC,CSX,PDD,BKR,AAPL,LIN,SHOP,CMCSA,CEG",-0.02860203841726383,-1430.1019208631924,-0.028602038417263848,0.2481105102115162,-0.27671254862878003,0,0
L2_price+L5_pyramid,L2_price,L5_pyramid,40,10,"LRCX,AMD,AEP,INTC,TSLA,ADP,MRVL,AVGO,FAST,CSCO",0.18435238356530412,9217.619178265206,0.18435238356530412,0.2481105102115162,-0.06375812664621208,0,1
L2_price+L5_pyramid,L2_price,L5_pyramid,41,10,"ADBE,CMCSA,CRWD,GFS,CSX,PLTR,KLAC,HON,IDXX,AMZN",-0.01730567107919695,-865.2835539598491,-0.01730567107919698,0.2481105102115162,-0.26541618129071315,0,0
L2_price+L5_pyramid,L2_price,L5_pyramid,42,10,"HOOD,TTD,ADP,INTC,CTAS,CPRT,MAR,ABNB,PYPL,AEP",-0.048081073178499856,-2404.0536589249937,-0.04808107317849988,0.2481105102115162,-0.29619158339001606,0,0
L2_price+L5_pyramid,L2_price,L5_pyramid,43,10,"TEAM,SHOP,DXCM,INTU,CTSH,META,AVGO,PDD,MRVL,LIN",0.07267618293779882,3633.80914688994,0.0726761829377988,0.2481105102115162,-0.17543432727371738,0,1
L2_price+L5_pyramid,L2_price,L5_pyramid,44,10,"AAPL,EXC,GOOGL,TSLA,ROP,ASML,MSFT,ORLY,CSGP,AMD",0.008855202233421688,442.7601116710839,0.008855202233421677,0.2481105102115162,-0.23925530797809452,0,1
L2_price+L5_pyramid,L2_price,L5_pyramid,45,10,"CTAS,MSFT,SBUX,LIN,LRCX,ARM,KDP,AXON,KLAC,MNST",0.03755466269924508,1877.7331349622527,0.03755466269924505,0.2481105102115162,-0.21055584751227113,0,1
L2_price+L5_pyramid,L2_price,L5_pyramid,46,10,"ODFL,GEHC,TEAM,CRWD,DDOG,KDP,DASH,ISRG,PCAR,FAST",0.010269394295485923,513.4697147742945,0.01026939429548589,0.2481105102115162,-0.23784111591603027,0,1
L2_price+L5_pyramid,L2_price,L5_pyramid,47,10,"BKR,MU,BKNG,EA,GOOG,PEP,MAR,TXN,AAPL,QCOM",0.08885360265022443,4442.680132511221,0.08885360265022442,0.2481105102115162,-0.15925690756129177,0,1
L2_price+L5_pyramid,L2_price,L5_pyramid,48,10,"MCHP,LIN,AXON,HOOD,TEAM,NFLX,LRCX,IDXX,AAPL,VRSK",0.0761756526900202,3808.782634501009,0.07617565269002018,0.2481105102115162,-0.171934857521496,0,1
L2_price+L5_pyramid,L2_price,L5_pyramid,49,10,"EA,MDB,CHTR,VRTX,AMD,ADSK,EXC,APP,TTD,KDP",-0.022019499763642945,-1100.9749881821467,-0.022019499763642935,0.2481105102115162,-0.2701300099751591,0,0
L2_price+L5_pyramid,L2_price,L5_pyramid,50,10,"NFLX,APP,LIN,CEG,CSGP,KHC,CMCSA,EA,BKNG,REGN",-0.038512038602027024,-1925.601930101352,-0.038512038602027045,0.2481105102115162,-0.2866225488135432,0,0
L2_price+L5_pyramid,L2_price,L5_pyramid,51,10,"AMAT,FTNT,INTU,PLTR,LIN,PCAR,MRVL,MSTR,GE,SBUX",0.09926181287367289,4963.090643683642,0.09926181287367285,0.2481105102115162,-0.1488486973378433,0,1
L2_price+L5_pyramid,L2_price,L5_pyramid,52,10,"SHOP,ON,PDD,CRWD,PCAR,MELI,TXN,GEHC,AEP,CMCSA",0.037736804399230925,1886.8402199615475,0.03773680439923095,0.2481105102115162,-0.21037370581228526,0,1
L2_price+L5_pyramid,L2_price,L5_pyramid,53,10,"IDXX,ROP,EXC,FTNT,CPRT,LRCX,AMD,CSCO,MU,ROST",0.1369806828216593,6849.034141082964,0.1369806828216593,0.2481105102115162,-0.11112982738985691,0,1
L2_price+L5_pyramid,L2_price,L5_pyramid,54,10,"AEP,PCAR,ADP,FANG,KLAC,CTSH,CDNS,COST,ROP,ADBE",-0.044910550675214655,-2245.5275337607345,-0.04491055067521469,0.2481105102115162,-0.29302106088673086,0,0
L2_price+L5_pyramid,L2_price,L5_pyramid,55,10,"AMZN,CTSH,HON,TMUS,ZS,ROST,NFLX,AXON,BKNG,BKR",-0.015117206166381236,-755.8603083190628,-0.015117206166381257,0.2481105102115162,-0.26322771637789744,0,0
L2_price+L5_pyramid,L2_price,L5_pyramid,56,10,"BKNG,ASML,ADI,LIN,TTD,GE,GOOG,AMZN,ADP,CEG",-0.04435501778264959,-2217.750889132481,-0.04435501778264962,0.2481105102115162,-0.2924655279941658,0,0
L2_price+L5_pyramid,L2_price,L5_pyramid,57,10,"AAPL,IDXX,APP,REGN,INTU,MRVL,TSLA,EA,COST,VRSK",0.0681707537978385,3408.537689891925,0.06817075379783849,0.2481105102115162,-0.1799397564136777,0,1
L2_price+L5_pyramid,L2_price,L5_pyramid,58,10,"APP,LRCX,COST,INTU,GFS,TXN,MNST,IDXX,REGN,ABNB",0.08102338349778214,4051.169174889108,0.08102338349778217,0.2481105102115162,-0.16708712671373405,0,1
L2_price+L5_pyramid,L2_price,L5_pyramid,59,10,"ON,ADP,CSX,GILD,GFS,MSTR,CTAS,ORLY,PEP,CSGP",-0.021309880448653083,-1065.4940224326547,-0.021309880448653094,0.2481105102115162,-0.26942039066016926,0,0
L2_price+L5_pyramid,L2_price,L5_pyramid,60,10,"HOOD,ASML,ODFL,CSGP,KDP,HON,AAPL,EXC,VRTX,CDNS",-0.027322367245421343,-1366.1183622710687,-0.027322367245421374,0.2481105102115162,-0.27543287745693756,0,0
L2_price+L5_pyramid,L2_price,L5_pyramid,61,10,"CDNS,BKNG,TTD,MU,WDAY,MAR,GFS,CSGP,GE,AAPL",0.0015571831909981682,77.85915954990787,0.0015571831909981574,0.2481105102115162,-0.24655332702051802,0,1
L2_price+L5_pyramid,L2_price,L5_pyramid,62,10,"PLTR,MSFT,TTD,ROP,ARM,GOOG,QCOM,IDXX,CSGP,NVDA",-0.06257799737379224,-3128.8998686896125,-0.06257799737379224,0.2481105102115162,-0.3106885075853084,0,0
L2_price+L5_pyramid,L2_price,L5_pyramid,63,10,"CTAS,PLTR,WDAY,ROP,CPRT,TEAM,REGN,ASML,ISRG,MDB",-0.04477751182743177,-2238.8755913715895,-0.04477751182743179,0.2481105102115162,-0.292888022038948,0,0
L2_price+L5_pyramid,L2_price,L5_pyramid,64,10,"CSX,PCAR,ORLY,DXCM,EXC,COST,AMAT,QCOM,ZS,AAPL",0.02720653115748404,1360.3265578742003,0.027206531157484004,0.2481105102115162,-0.22090397905403217,0,1
L2_price+L5_pyramid,L2_price,L5_pyramid,65,10,"PAYX,PCAR,CPRT,ROST,VRSK,CSX,CTAS,APP,META,EXC",0.0005369688235102088,26.848441175508015,0.0005369688235101603,0.2481105102115162,-0.247573541388006,0,1
L2_price+L5_pyramid,L2_price,L5_pyramid,66,10,"SNPS,GFS,TRI,DXCM,AMAT,PANW,AEP,CSGP,TTD,MELI",-0.0009257357779949738,-46.286788899748444,-0.0009257357779949689,0.2481105102115162,-0.24903624598951118,0,0
L2_price+L5_pyramid,L2_price,L5_pyramid,67,10,"WDAY,TRI,DASH,REGN,META,QCOM,ROST,TTWO,ON,PYPL",0.0015238001732120643,76.19000866060378,0.0015238001732120756,0.2481105102115162,-0.24658671003830412,0,1
L2_price+L5_pyramid,L2_price,L5_pyramid,68,10,"SBUX,GOOG,MNST,LRCX,IDXX,CEG,AMGN,ADSK,VRTX,QCOM",0.0661406925174171,3307.034625870855,0.0661406925174171,0.2481105102115162,-0.1819698176940991,0,1
L2_price+L5_pyramid,L2_price,L5_pyramid,69,10,"PANW,ZS,TSLA,AXON,CSX,BKNG,TRI,CDNS,KLAC,HON",-0.04807736927941868,-2403.8684639709345,-0.04807736927941869,0.2481105102115162,-0.2961878794909349,0,0
L2_price+L5_pyramid,L2_price,L5_pyramid,70,10,"CMCSA,KHC,APP,IDXX,SNPS,HOOD,HON,CCEP,ROST,PANW",-0.0056647761714265,-283.23880857132644,-0.005664776171426529,0.2481105102115162,-0.2537752863829427,0,0
L2_price+L5_pyramid,L2_price,L5_pyramid,71,10,"CSGP,MSTR,ADI,ABNB,CDNS,MRVL,IDXX,CSCO,ISRG,GEHC",0.05729138232409222,2864.5691162046096,0.05729138232409219,0.2481105102115162,-0.19081912788742397,0,1
L2_price+L5_pyramid,L2_price,L5_pyramid,72,10,"DXCM,AAPL,FANG,TTWO,APP,AMAT,CHTR,WBD,ROST,PLTR",0.04435976136507841,2217.9880682539188,0.044359761365078375,0.2481105102115162,-0.2037507488464378,0,1
L2_price+L5_pyramid,L2_price,L5_pyramid,73,10,"ZS,PDD,ODFL,ASML,ADP,ADI,COST,CDW,ADBE,MCHP",0.013208721263411305,660.4360631705649,0.013208721263411298,0.2481105102115162,-0.2349017889481049,0,1
L2_price+L5_pyramid,L2_price,L5_pyramid,74,10,"CPRT,ZS,AAPL,AXON,GOOG,REGN,NFLX,KDP,MELI,ASML",-0.013588097668202782,-679.4048834101395,-0.01358809766820279,0.2481105102115162,-0.261698607879719,0,0
L2_price+L5_pyramid,L2_price,L5_pyramid,75,10,"VRTX,XEL,HOOD,ORLY,NVDA,CMCSA,COST,PCAR,ADI,ROST",0.0072173934871853414,360.86967435926636,0.007217393487185327,0.2481105102115162,-0.24089311672433086,0,1
L2_price+L5_pyramid,L2_price,L5_pyramid,76,10,"CCEP,MAR,PLTR,ASML,SBUX,CSX,CMCSA,FTNT,MCHP,PDD",-0.0037082337094126007,-185.4116854706308,-0.003708233709412616,0.2481105102115162,-0.2518187439209288,0,0
L2_price+L5_pyramid,L2_price,L5_pyramid,77,10,"AVGO,NVDA,COST,WBD,AMAT,CTAS,LIN,CDNS,GOOGL,ISRG",0.05892387505654666,2946.193752827332,0.05892387505654664,0.2481105102115162,-0.18918663515496953,0,1
L2_price+L5_pyramid,L2_price,L5_pyramid,78,10,"WBD,ROP,AEP,DDOG,BKR,MRVL,ODFL,ON,CTSH,PEP",0.0973380878059575,4866.904390297874,0.09733808780595747,0.2481105102115162,-0.15077242240555871,0,1
L2_price+L5_pyramid,L2_price,L5_pyramid,79,10,"GOOG,TEAM,ON,INTU,AMD,MU,REGN,ARM,CPRT,FANG",0.059321078539825954,2966.053926991298,0.05932107853982596,0.2481105102115162,-0.18878943167169024,0,1
L2_price+L5_pyramid,L2_price,L5_pyramid,80,10,"ON,ADBE,MNST,AEP,PYPL,MELI,SBUX,DXCM,CDNS,IDXX",-0.0261310932556724,-1306.5546627836202,-0.026131093255672404,0.2481105102115162,-0.2742416034671886,0,0
L2_price+L5_pyramid,L2_price,L5_pyramid,81,10,"TXN,ROP,ADI,ISRG,WDAY,ABNB,MSFT,PDD,TEAM,GEHC",0.029060760379868857,1453.038018993443,0.02906076037986886,0.2481105102115162,-0.21904974983164735,0,1
L2_price+L5_pyramid,L2_price,L5_pyramid,82,10,"APP,META,GOOGL,ODFL,CSX,TXN,INTU,AVGO,HON,COST",0.053626593632972695,2681.3296816486345,0.05362659363297269,0.2481105102115162,-0.1944839165785435,0,1
L2_price+L5_pyramid,L2_price,L5_pyramid,83,10,"FANG,BKNG,CTSH,EXC,GOOG,ARM,AXON,MRVL,GFS,MSTR",0.07891118455476528,3945.559227738261,0.07891118455476523,0.2481105102115162,-0.16919932565675092,0,1
L2_price+L5_pyramid,L2_price,L5_pyramid,84,10,"DXCM,KHC,ADBE,PDD,SNPS,CDW,CTAS,CPRT,TRI,ODFL",-0.051950245093093005,-2597.5122546546518,-0.05195024509309303,0.2481105102115162,-0.3000607553046092,0,0
L2_price+L5_pyramid,L2_price,L5_pyramid,85,10,"KHC,MSTR,AMAT,MCHP,TEAM,TXN,MNST,ARM,CSX,CCEP",0.09115747595488152,4557.873797744075,0.0911574759548815,0.2481105102115162,-0.15695303425663468,0,1
L2_price+L5_pyramid,L2_price,L5_pyramid,86,10,"TMUS,AXON,TTD,MCHP,MNST,WDAY,SBUX,CCEP,KDP,LRCX",0.05198184922950444,2599.0924614752216,0.05198184922950443,0.2481105102115162,-0.19612866098201176,0,1
L2_price+L5_pyramid,L2_price,L5_pyramid,87,10,"GILD,VRSK,MCHP,MDB,SBUX,DXCM,VRTX,CTAS,ZS,ADI",0.03552768285819889,1776.3841429099448,0.0355276828581989,0.2481105102115162,-0.2125828273533173,0,1
L2_price+L5_pyramid,L2_price,L5_pyramid,88,10,"GE,CSGP,NFLX,INTU,CTAS,MU,CDW,CSCO,TXN,XEL",0.035297419349310466,1764.8709674655238,0.03529741934931047,0.2481105102115162,-0.21281309086220573,0,1
L2_price+L5_pyramid,L2_price,L5_pyramid,89,10,"META,MCHP,TTD,XEL,NVDA,CDW,FAST,REGN,COST,TEAM",-0.0542944327300637,-2714.721636503185,-0.0542944327300637,0.2481105102115162,-0.3024049429415799,0,0
L2_price+L5_pyramid,L2_price,L5_pyramid,90,10,"FTNT,HON,MU,TRI,PDD,KDP,ADSK,EA,CSX,ODFL",0.04082903187700419,2041.45159385021,0.0408290318770042,0.2481105102115162,-0.207281478334512,0,1
L2_price+L5_pyramid,L2_price,L5_pyramid,91,10,"ADP,MSTR,PYPL,META,CDW,KHC,PCAR,AEP,MU,SBUX",0.019176068262129742,958.803413106486,0.01917606826212972,0.2481105102115162,-0.22893444194938645,0,1
L2_price+L5_pyramid,L2_price,L5_pyramid,92,10,"PLTR,LRCX,AMD,AEP,ISRG,TEAM,AXON,TRI,SBUX,CDNS",0.04373317533528106,2186.6587667640524,0.043733175335281045,0.2481105102115162,-0.20437733487623513,0,1
L2_price+L5_pyramid,L2_price,L5_pyramid,93,10,"ROP,INTU,NXPI,SHOP,SNPS,DASH,GILD,ROST,WBD,CRWD",0.018598260289309564,929.9130144654782,0.018598260289309564,0.2481105102115162,-0.22951224992220665,0,1
L2_price+L5_pyramid,L2_price,L5_pyramid,94,10,"ARM,AAPL,TXN,AMD,CPRT,TMUS,GEHC,TTD,EXC,CHTR",0.005897297661945422,294.8648830972702,0.005897297661945404,0.2481105102115162,-0.2422132125495708,0,1
L2_price+L5_pyramid,L2_price,L5_pyramid,95,10,"MELI,GEHC,SNPS,WDAY,AEP,CPRT,CDNS,ABNB,CDW,PEP",-0.07151247496205407,-3575.6237481027038,-0.07151247496205408,0.2481105102115162,-0.31962298517357024,0,0
L2_price+L5_pyramid,L2_price,L5_pyramid,96,10,"GFS,MSTR,CTAS,ISRG,AMZN,ROP,AMD,COST,ZS,CCEP",0.008440376351365474,422.01881756827333,0.008440376351365467,0.2481105102115162,-0.23967013386015074,0,1
L2_price+L5_pyramid,L2_price,L5_pyramid,97,10,"CDNS,ADP,MAR,DASH,ABNB,ADI,ON,ADBE,DDOG,GOOGL",0.0011709857375810317,58.54928687905067,0.0011709857375810134,0.2481105102115162,-0.24693952447393516,0,1
L2_price+L5_pyramid,L2_price,L5_pyramid,98,10,"MELI,MNST,DXCM,LRCX,TRI,BKNG,DASH,CPRT,GFS,NVDA",0.04401337240887852,2200.6686204439256,0.044013372408878516,0.2481105102115162,-0.20409713780263766,0,1
L2_price+L5_pyramid,L2_price,L5_pyramid,99,10,"NXPI,FANG,MRVL,MDB,AXON,INTC,MSTR,AVGO,CDW,QCOM",0.06822160421007832,3411.0802105039147,0.0682216042100783,0.2481105102115162,-0.17988890600143786,0,1
L3_pullback+L4_regime,L3_pullback,L4_regime,0,10,"KHC,APP,PANW,MU,INTU,COST,GILD,ABNB,CEG,CHTR",0.06223109706544265,3111.554853272133,0.062231097065442664,0.2481105102115162,-0.18587941314607354,0,1
L3_pullback+L4_regime,L3_pullback,L4_regime,1,10,"LIN,DASH,ADBE,HON,CSGP,MDB,MSTR,PDD,AMGN,KDP",-0.014238498173682002,-711.9249086840991,-0.014238498173681982,0.2481105102115162,-0.2623490083851982,0,0
L3_pullback+L4_regime,L3_pullback,L4_regime,2,10,"GOOGL,TSLA,CRWD,ODFL,LRCX,MDB,MAR,XEL,ROST,GE",0.0908723093592747,4543.615467963734,0.09087230935927468,0.2481105102115162,-0.1572382008522415,0,1
L3_pullback+L4_regime,L3_pullback,L4_regime,3,10,"GILD,AMAT,ISRG,MDB,BKNG,TSLA,CSX,PANW,KDP,SHOP",0.04829855169260146,2414.9275846300734,0.04829855169260147,0.2481105102115162,-0.19981195851891476,0,1
L3_pullback+L4_regime,L3_pullback,L4_regime,4,10,"SHOP,EXC,HOOD,VRSK,PLTR,SBUX,ADI,MRVL,ARM,GOOG",0.06565269136403876,3282.6345682019373,0.06565269136403874,0.2481105102115162,-0.18245781884747744,0,1
L3_pullback+L4_regime,L3_pullback,L4_regime,5,10,"ADBE,CDW,MSFT,FAST,QCOM,FTNT,EA,TMUS,GOOGL,ROST",0.026853618935053614,1342.6809467526818,0.026853618935053638,0.2481105102115162,-0.2212568912764626,0,1
L3_pullback+L4_regime,L3_pullback,L4_regime,6,10,"NVDA,CRWD,APP,ISRG,CSGP,EXC,CDW,TXN,CPRT,XEL",0.02271788340893264,1135.8941704466324,0.02271788340893265,0.2481105102115162,-0.22539262680258357,0,1
L3_pullback+L4_regime,L3_pullback,L4_regime,7,10,"ARM,AAPL,CTSH,SNPS,NFLX,CDW,AMAT,PYPL,PCAR,AMZN",0.012361000680523626,618.0500340261797,0.012361000680523593,0.2481105102115162,-0.23574950953099258,0,1
L3_pullback+L4_regime,L3_pullback,L4_regime,8,10,"GOOG,MSFT,CHTR,INTC,DDOG,MU,ORLY,DASH,EA,VRTX",0.09756024013045674,4878.012006522836,0.09756024013045671,0.2481105102115162,-0.15055027008105948,0,1
L3_pullback+L4_regime,L3_pullback,L4_regime,9,10,"TEAM,APP,HON,PAYX,ZS,IDXX,TSLA,TXN,VRTX,ADBE",0.02652079845480725,1326.0399227403623,0.026520798454807246,0.2481105102115162,-0.22158971175670894,0,1
L3_pullback+L4_regime,L3_pullback,L4_regime,10,10,"ASML,ODFL,TXN,TMUS,NVDA,KLAC,GFS,MNST,FTNT,AXON",0.05410982601308776,2705.4913006543884,0.05410982601308777,0.2481105102115162,-0.19400068419842845,0,1
L3_pullback+L4_regime,L3_pullback,L4_regime,11,10,"WDAY,GFS,LIN,ASML,NVDA,AMD,CPRT,KLAC,TRI,NFLX",0.038273936702524734,1913.6968351262376,0.038273936702524755,0.2481105102115162,-0.20983657350899146,0,1
L3_pullback+L4_regime,L3_pullback,L4_regime,12,10,"CPRT,ISRG,MELI,EXC,PDD,GEHC,ROP,GFS,REGN,AXON",0.007655689771675811,382.78448858379124,0.007655689771675825,0.2481105102115162,-0.2404548204398404,0,1
L3_pullback+L4_regime,L3_pullback,L4_regime,13,10,"GOOG,MRVL,AAPL,MELI,INTU,FTNT,CRWD,KDP,TSLA,ON",0.08029653850393827,4014.826925196913,0.08029653850393827,0.2481105102115162,-0.16781397170757795,0,1
L3_pullback+L4_regime,L3_pullback,L4_regime,14,10,"FAST,GE,PCAR,FTNT,AMD,LRCX,ADBE,APP,AMAT,CSX",0.09256264547486434,4628.1322737432165,0.09256264547486433,0.2481105102115162,-0.15554786473665186,0,1
L3_pullback+L4_regime,L3_pullback,L4_regime,15,10,"GOOGL,TRI,QCOM,MRVL,SNPS,GILD,ABNB,MELI,APP,KLAC",0.0947813613002115,4739.068065010577,0.09478136130021154,0.2481105102115162,-0.1533291489113047,0,1
L3_pullback+L4_regime,L3_pullback,L4_regime,16,10,"COST,KLAC,DXCM,MRVL,MAR,GOOG,ODFL,INTU,CDW,LIN",0.06715087753322965,3357.5438766614816,0.06715087753322964,0.2481105102115162,-0.18095963267828655,0,1
L3_pullback+L4_regime,L3_pullback,L4_regime,17,10,"TSLA,ADSK,NVDA,AMGN,ARM,GFS,AXON,BKNG,WDAY,ORLY",0.020970477193507843,1048.5238596753925,0.02097047719350785,0.2481105102115162,-0.22714003301800836,0,1
L3_pullback+L4_regime,L3_pullback,L4_regime,18,10,"INTU,MRVL,AEP,CSGP,GEHC,ON,ADSK,ADI,NVDA,AAPL",0.03296424814236228,1648.2124071181142,0.03296424814236228,0.2481105102115162,-0.2151462620691539,0,1
L3_pullback+L4_regime,L3_pullback,L4_regime,19,10,"ARM,GE,INTC,KHC,CTAS,TTWO,PCAR,LRCX,ZS,MELI",0.0497654551984828,2488.272759924138,0.04976545519848276,0.2481105102115162,-0.1983450550130334,0,1
L3_pullback+L4_regime,L3_pullback,L4_regime,20,10,"ON,ADBE,ZS,EA,FANG,GILD,CSCO,TTD,MU,VRSK",0.039043207439282225,1952.1603719641112,0.039043207439282225,0.2481105102115162,-0.20906730277223398,0,1
L3_pullback+L4_regime,L3_pullback,L4_regime,21,10,"TEAM,CHTR,ADP,TXN,CSX,PDD,SNPS,GFS,GILD,CTAS",-0.005034498122074316,-251.7249061037155,-0.00503449812207431,0.2481105102115162,-0.2531450083335905,0,0
L3_pullback+L4_regime,L3_pullback,L4_regime,22,10,"ODFL,ORLY,IDXX,AAPL,DDOG,CPRT,PDD,EA,CSX,WBD",0.005593674054809661,279.6837027404845,0.00559367405480969,0.2481105102115162,-0.24251683615670655,0,1
L3_pullback+L4_regime,L3_pullback,L4_regime,23,10,"LIN,KHC,WBD,VRSK,LRCX,ADSK,QCOM,ZS,DXCM,GOOG",0.07678903727430973,3839.451863715487,0.07678903727430975,0.2481105102115162,-0.17132147293720645,0,1
L3_pullback+L4_regime,L3_pullback,L4_regime,24,10,"FANG,GE,TRI,VRTX,CDNS,KHC,ZS,CDW,MDB,AAPL",-0.004485964198477932,-224.29820992389705,-0.004485964198477941,0.2481105102115162,-0.2525964744099941,0,0
L3_pullback+L4_regime,L3_pullback,L4_regime,25,10,"FANG,MELI,KHC,GOOG,COST,CTAS,TTWO,WBD,PCAR,KDP",0.032364748037442784,1618.2374018721384,0.03236474803744277,0.2481105102115162,-0.21574576217407343,0,1
L3_pullback+L4_regime,L3_pullback,L4_regime,26,10,"ZS,AMGN,MELI,CEG,KDP,REGN,ROST,EXC,ODFL,AEP",0.004627378262227466,231.36891311137333,0.004627378262227467,0.2481105102115162,-0.24348313194928872,0,1
L3_pullback+L4_regime,L3_pullback,L4_regime,27,10,"NVDA,EA,ISRG,ABNB,GILD,DDOG,FANG,GOOGL,GE,AEP",0.04432393601770489,2216.1968008852455,0.04432393601770491,0.2481105102115162,-0.2037865741938113,0,1
L3_pullback+L4_regime,L3_pullback,L4_regime,28,10,"SHOP,TSLA,AMGN,INTU,PDD,TTWO,CDW,META,PLTR,GOOGL",0.03433214354203468,1716.6071771017341,0.034332143542034683,0.2481105102115162,-0.21377836666948152,0,1
L3_pullback+L4_regime,L3_pullback,L4_regime,29,10,"QCOM,ZS,BKR,HON,DDOG,SHOP,MAR,IDXX,BKNG,MCHP",0.038837009212910834,1941.8504606455408,0.03883700921291081,0.2481105102115162,-0.20927350099860537,0,1
L3_pullback+L4_regime,L3_pullback,L4_regime,30,10,"AVGO,AMAT,AEP,EXC,MSFT,CDNS,PAYX,META,FANG,MELI",0.06673921824776427,3336.960912388213,0.06673921824776426,0.2481105102115162,-0.18137129196375193,0,1
L3_pullback+L4_regime,L3_pullback,L4_regime,31,10,"INTC,COST,WDAY,PCAR,CDNS,ON,QCOM,IDXX,PANW,AVGO",0.03360434286269921,1680.2171431349607,0.03360434286269921,0.2481105102115162,-0.214506167348817,0,1
L3_pullback+L4_regime,L3_pullback,L4_regime,32,10,"QCOM,ASML,NVDA,DXCM,PAYX,HOOD,GOOGL,MRVL,ON,ADBE",0.06920571966092258,3460.2859830461302,0.06920571966092261,0.2481105102115162,-0.1789047905505936,0,1
L3_pullback+L4_regime,L3_pullback,L4_regime,33,10,"DXCM,ROP,REGN,PEP,CTSH,GFS,MNST,TSLA,EA,TXN",0.045122019431640494,2256.1009715820246,0.045122019431640494,0.2481105102115162,-0.2029884907798757,0,1
L3_pullback+L4_regime,L3_pullback,L4_regime,34,10,"XEL,TTWO,ROST,KHC,INTC,BKNG,AMD,MAR,ODFL,CMCSA",0.012747292048443081,637.3646024221534,0.01274729204844307,0.2481105102115162,-0.23536321816307312,0,1
L3_pullback+L4_regime,L3_pullback,L4_regime,35,10,"COST,CCEP,MNST,CEG,GEHC,HON,IDXX,ORLY,TXN,HOOD",-0.026477903758249634,-1323.8951879124825,-0.02647790375824965,0.2481105102115162,-0.27458841396976585,0,0
L3_pullback+L4_regime,L3_pullback,L4_regime,36,10,"CRWD,PANW,HOOD,TMUS,GILD,ARM,GOOG,PCAR,LRCX,GFS",0.08909306138010856,4454.653069005428,0.08909306138010856,0.2481105102115162,-0.15901744883140764,0,1
L3_pullback+L4_regime,L3_pullback,L4_regime,37,10,"MRVL,ODFL,KDP,CSGP,REGN,META,CMCSA,ARM,SNPS,ADBE",0.0064040971822745376,320.20485911372634,0.006404097182274527,0.2481105102115162,-0.24170641302924167,0,1
L3_pullback+L4_regime,L3_pullback,L4_regime,38,10,"GE,ADSK,PCAR,LRCX,PDD,KHC,ROP,AMAT,CPRT,AMGN",0.06992849202371901,3496.4246011859505,0.06992849202371901,0.2481105102115162,-0.1781820181877972,0,1
L3_pullback+L4_regime,L3_pullback,L4_regime,39,10,"QCOM,INTC,CSX,PDD,BKR,AAPL,LIN,SHOP,CMCSA,CEG",-0.005267323816684622,-263.3661908342301,-0.005267323816684602,0.2481105102115162,-0.2533778340282008,0,0
L3_pullback+L4_regime,L3_pullback,L4_regime,40,10,"LRCX,AMD,AEP,INTC,TSLA,ADP,MRVL,AVGO,FAST,CSCO",0.10904870318523222,5452.435159261611,0.10904870318523223,0.2481105102115162,-0.13906180702628398,0,1
L3_pullback+L4_regime,L3_pullback,L4_regime,41,10,"ADBE,CMCSA,CRWD,GFS,CSX,PLTR,KLAC,HON,IDXX,AMZN",0.006144372722817782,307.21863614088943,0.006144372722817789,0.2481105102115162,-0.2419661374886984,0,1
L3_pullback+L4_regime,L3_pullback,L4_regime,42,10,"HOOD,TTD,ADP,INTC,CTAS,CPRT,MAR,ABNB,PYPL,AEP",-0.01574326201695562,-787.1631008477812,-0.015743262016955622,0.2481105102115162,-0.26385377222847184,0,0
L3_pullback+L4_regime,L3_pullback,L4_regime,43,10,"TEAM,SHOP,DXCM,INTU,CTSH,META,AVGO,PDD,MRVL,LIN",0.055114921976734586,2755.7460988367293,0.055114921976734586,0.2481105102115162,-0.1929955882347816,0,1
L3_pullback+L4_regime,L3_pullback,L4_regime,44,10,"AAPL,EXC,GOOGL,TSLA,ROP,ASML,MSFT,ORLY,CSGP,AMD",0.055736556232482595,2786.82781162413,0.055736556232482595,0.2481105102115162,-0.19237395397903362,0,1
L3_pullback+L4_regime,L3_pullback,L4_regime,45,10,"CTAS,MSFT,SBUX,LIN,LRCX,ARM,KDP,AXON,KLAC,MNST",0.07184179468243293,3592.089734121646,0.07184179468243292,0.2481105102115162,-0.17626871552908327,0,1
L3_pullback+L4_regime,L3_pullback,L4_regime,46,10,"ODFL,GEHC,TEAM,CRWD,DDOG,KDP,DASH,ISRG,PCAR,FAST",0.0034976310671719136,174.88155335859483,0.0034976310671718967,0.2481105102115162,-0.2446128791443443,0,1
L3_pullback+L4_regime,L3_pullback,L4_regime,47,10,"BKR,MU,BKNG,EA,GOOG,PEP,MAR,TXN,AAPL,QCOM",0.09087726536460558,4543.86326823028,0.0908772653646056,0.2481105102115162,-0.15723324484691062,0,1
L3_pullback+L4_regime,L3_pullback,L4_regime,48,10,"MCHP,LIN,AXON,HOOD,TEAM,NFLX,LRCX,IDXX,AAPL,VRSK",0.024871343483790543,1243.5671741895267,0.024871343483790533,0.2481105102115162,-0.22323916672772565,0,1
L3_pullback+L4_regime,L3_pullback,L4_regime,49,10,"EA,MDB,CHTR,VRTX,AMD,ADSK,EXC,APP,TTD,KDP",0.00847513249371321,423.7566246856618,0.008475132493713235,0.2481105102115162,-0.239635377717803,0,1
L3_pullback+L4_regime,L3_pullback,L4_regime,50,10,"NFLX,APP,LIN,CEG,CSGP,KHC,CMCSA,EA,BKNG,REGN",-0.001928025593526439,-96.40127967632088,-0.0019280255935264176,0.2481105102115162,-0.25003853580504265,0,0
L3_pullback+L4_regime,L3_pullback,L4_regime,51,10,"AMAT,FTNT,INTU,PLTR,LIN,PCAR,MRVL,MSTR,GE,SBUX",0.05143440769838009,2571.7203849190046,0.05143440769838009,0.2481105102115162,-0.1966761025131361,0,1
L3_pullback+L4_regime,L3_pullback,L4_regime,52,10,"SHOP,ON,PDD,CRWD,PCAR,MELI,TXN,GEHC,AEP,CMCSA",0.027962388479553502,1398.119423977675,0.027962388479553502,0.2481105102115162,-0.2201481217319627,0,1
L3_pullback+L4_regime,L3_pullback,L4_regime,53,10,"IDXX,ROP,EXC,FTNT,CPRT,LRCX,AMD,CSCO,MU,ROST",0.10681897247268576,5340.948623634288,0.10681897247268576,0.2481105102115162,-0.14129153773883044,0,1
L3_pullback+L4_regime,L3_pullback,L4_regime,54,10,"AEP,PCAR,ADP,FANG,KLAC,CTSH,CDNS,COST,ROP,ADBE",0.022013061978732585,1100.6530989366283,0.022013061978732568,0.2481105102115162,-0.2260974482327836,0,1
L3_pullback+L4_regime,L3_pullback,L4_regime,55,10,"AMZN,CTSH,HON,TMUS,ZS,ROST,NFLX,AXON,BKNG,BKR",-0.004490009017092689,-224.50045085463535,-0.004490009017092707,0.2481105102115162,-0.2526005192286089,0,0
L3_pullback+L4_regime,L3_pullback,L4_regime,56,10,"BKNG,ASML,ADI,LIN,TTD,GE,GOOG,AMZN,ADP,CEG",0.0012150934568100236,60.754672840500916,0.0012150934568100184,0.2481105102115162,-0.24689541675470617,0,1
L3_pullback+L4_regime,L3_pullback,L4_regime,57,10,"AAPL,IDXX,APP,REGN,INTU,MRVL,TSLA,EA,COST,VRSK",0.061796582838883576,3089.8291419441794,0.06179658283888359,0.2481105102115162,-0.18631392737263264,0,1
L3_pullback+L4_regime,L3_pullback,L4_regime,58,10,"APP,LRCX,COST,INTU,GFS,TXN,MNST,IDXX,REGN,ABNB",0.10054946443011344,5027.473221505673,0.10054946443011346,0.2481105102115162,-0.14756104578140278,0,1
L3_pullback+L4_regime,L3_pullback,L4_regime,59,10,"ON,ADP,CSX,GILD,GFS,MSTR,CTAS,ORLY,PEP,CSGP",0.00020885824011405152,10.442912005702965,0.0002088582401140593,0.2481105102115162,-0.24790165197140215,0,1
L3_pullback+L4_regime,L3_pullback,L4_regime,60,10,"HOOD,ASML,ODFL,CSGP,KDP,HON,AAPL,EXC,VRTX,CDNS",0.02104137653612037,1052.0688268060185,0.02104137653612037,0.2481105102115162,-0.22706913367539583,0,1
L3_pullback+L4_regime,L3_pullback,L4_regime,61,10,"CDNS,BKNG,TTD,MU,WDAY,MAR,GFS,CSGP,GE,AAPL",0.05031612500763079,2515.8062503815386,0.050316125007630774,0.2481105102115162,-0.19779438520388543,0,1
L3_pullback+L4_regime,L3_pullback,L4_regime,62,10,"PLTR,MSFT,TTD,ROP,ARM,GOOG,QCOM,IDXX,CSGP,NVDA",0.0025112632138197034,125.56316069098511,0.002511263213819702,0.2481105102115162,-0.2455992469976965,0,1
L3_pullback+L4_regime,L3_pullback,L4_regime,63,10,"CTAS,PLTR,WDAY,ROP,CPRT,TEAM,REGN,ASML,ISRG,MDB",-0.005422185755600373,-271.10928778001835,-0.005422185755600367,0.2481105102115162,-0.2535326959671166,0,0
L3_pullback+L4_regime,L3_pullback,L4_regime,64,10,"CSX,PCAR,ORLY,DXCM,EXC,COST,AMAT,QCOM,ZS,AAPL",0.03653756186837113,1826.878093418556,0.03653756186837112,0.2481105102115162,-0.21157294834314508,0,1
L3_pullback+L4_regime,L3_pullback,L4_regime,65,10,"PAYX,PCAR,CPRT,ROST,VRSK,CSX,CTAS,APP,META,EXC",0.02801036965531094,1400.5184827655467,0.028010369655310934,0.2481105102115162,-0.22010014055620525,0,1
L3_pullback+L4_regime,L3_pullback,L4_regime,66,10,"SNPS,GFS,TRI,DXCM,AMAT,PANW,AEP,CSGP,TTD,MELI",0.02679298049885782,1339.6490249428912,0.026792980498857824,0.2481105102115162,-0.2213175297126584,0,1
L3_pullback+L4_regime,L3_pullback,L4_regime,67,10,"WDAY,TRI,DASH,REGN,META,QCOM,ROST,TTWO,ON,PYPL",0.010222460656418042,511.12303282090124,0.010222460656418025,0.2481105102115162,-0.23788804955509815,0,1
L3_pullback+L4_regime,L3_pullback,L4_regime,68,10,"SBUX,GOOG,MNST,LRCX,IDXX,CEG,AMGN,ADSK,VRTX,QCOM",0.07567930988589272,3783.9654942946363,0.07567930988589272,0.2481105102115162,-0.17243120032562348,0,1
L3_pullback+L4_regime,L3_pullback,L4_regime,69,10,"PANW,ZS,TSLA,AXON,CSX,BKNG,TRI,CDNS,KLAC,HON",0.022301155258771153,1115.057762938558,0.02230115525877116,0.2481105102115162,-0.22580935495274504,0,1
L3_pullback+L4_regime,L3_pullback,L4_regime,70,10,"CMCSA,KHC,APP,IDXX,SNPS,HOOD,HON,CCEP,ROST,PANW",0.005078852820574575,253.94264102872876,0.005078852820574575,0.2481105102115162,-0.24303165739094162,0,1
L3_pullback+L4_regime,L3_pullback,L4_regime,71,10,"CSGP,MSTR,ADI,ABNB,CDNS,MRVL,IDXX,CSCO,ISRG,GEHC",0.025390224509941394,1269.51122549707,0.0253902245099414,0.2481105102115162,-0.22272028570157482,0,1
L3_pullback+L4_regime,L3_pullback,L4_regime,72,10,"DXCM,AAPL,FANG,TTWO,APP,AMAT,CHTR,WBD,ROST,PLTR",0.06957326356650592,3478.663178325296,0.06957326356650592,0.2481105102115162,-0.17853724664501028,0,1
L3_pullback+L4_regime,L3_pullback,L4_regime,73,10,"ZS,PDD,ODFL,ASML,ADP,ADI,COST,CDW,ADBE,MCHP",0.024822216687126596,1241.1108343563292,0.024822216687126582,0.2481105102115162,-0.2232882935243896,0,1
L3_pullback+L4_regime,L3_pullback,L4_regime,74,10,"CPRT,ZS,AAPL,AXON,GOOG,REGN,NFLX,KDP,MELI,ASML",0.043544887945122145,2177.2443972561086,0.04354488794512217,0.2481105102115162,-0.20456562226639405,0,1
L3_pullback+L4_regime,L3_pullback,L4_regime,75,10,"VRTX,XEL,HOOD,ORLY,NVDA,CMCSA,COST,PCAR,ADI,ROST",-0.00068743717144083,-34.37185857204258,-0.0006874371714408517,0.2481105102115162,-0.24879794738295702,0,0
L3_pullback+L4_regime,L3_pullback,L4_regime,76,10,"CCEP,MAR,PLTR,ASML,SBUX,CSX,CMCSA,FTNT,MCHP,PDD",0.04424009479948591,2212.004739974296,0.04424009479948592,0.2481105102115162,-0.2038704154120303,0,1
L3_pullback+L4_regime,L3_pullback,L4_regime,77,10,"AVGO,NVDA,COST,WBD,AMAT,CTAS,LIN,CDNS,GOOGL,ISRG",0.0728806055544587,3644.0302777229354,0.0728806055544587,0.2481105102115162,-0.1752299046570575,0,1
L3_pullback+L4_regime,L3_pullback,L4_regime,78,10,"WBD,ROP,AEP,DDOG,BKR,MRVL,ODFL,ON,CTSH,PEP",0.049237229965758245,2461.8614982879117,0.04923722996575823,0.2481105102115162,-0.19887328024575796,0,1
L3_pullback+L4_regime,L3_pullback,L4_regime,79,10,"GOOG,TEAM,ON,INTU,AMD,MU,REGN,ARM,CPRT,FANG",0.07470043735745653,3735.021867872826,0.07470043735745652,0.2481105102115162,-0.17341007285405968,0,1
L3_pullback+L4_regime,L3_pullback,L4_regime,80,10,"ON,ADBE,MNST,AEP,PYPL,MELI,SBUX,DXCM,CDNS,IDXX",0.026956129130225694,1347.8064565112854,0.026956129130225708,0.2481105102115162,-0.2211543810812905,0,1
L3_pullback+L4_regime,L3_pullback,L4_regime,81,10,"TXN,ROP,ADI,ISRG,WDAY,ABNB,MSFT,PDD,TEAM,GEHC",0.003132515182248641,156.6257591124313,0.003132515182248626,0.2481105102115162,-0.24497799502926756,0,1
L3_pullback+L4_regime,L3_pullback,L4_regime,82,10,"APP,META,GOOGL,ODFL,CSX,TXN,INTU,AVGO,HON,COST",0.07142737269562124,3571.3686347810617,0.07142737269562123,0.2481105102115162,-0.17668313751589496,0,1
L3_pullback+L4_regime,L3_pullback,L4_regime,83,10,"FANG,BKNG,CTSH,EXC,GOOG,ARM,AXON,MRVL,GFS,MSTR",0.06763897946355954,3381.9489731779768,0.06763897946355954,0.2481105102115162,-0.18047153074795666,0,1
L3_pullback+L4_regime,L3_pullback,L4_regime,84,10,"DXCM,KHC,ADBE,PDD,SNPS,CDW,CTAS,CPRT,TRI,ODFL",-0.031370242393574256,-1568.5121196787122,-0.03137024239357424,0.2481105102115162,-0.2794807526050905,0,0
L3_pullback+L4_regime,L3_pullback,L4_regime,85,10,"KHC,MSTR,AMAT,MCHP,TEAM,TXN,MNST,ARM,CSX,CCEP",0.02902807271402934,1451.4036357014666,0.02902807271402933,0.2481105102115162,-0.21908243749748685,0,1
L3_pullback+L4_regime,L3_pullback,L4_regime,86,10,"TMUS,AXON,TTD,MCHP,MNST,WDAY,SBUX,CCEP,KDP,LRCX",0.04310122797322136,2155.0613986610674,0.04310122797322135,0.2481105102115162,-0.20500928223829484,0,1
L3_pullback+L4_regime,L3_pullback,L4_regime,87,10,"GILD,VRSK,MCHP,MDB,SBUX,DXCM,VRTX,CTAS,ZS,ADI",0.034915789062455946,1745.7894531227967,0.03491578906245593,0.2481105102115162,-0.21319472114906024,0,1
L3_pullback+L4_regime,L3_pullback,L4_regime,88,10,"GE,CSGP,NFLX,INTU,CTAS,MU,CDW,CSCO,TXN,XEL",0.04019091196620602,2009.5455983103002,0.04019091196620601,0.2481105102115162,-0.20791959824531017,0,1
L3_pullback+L4_regime,L3_pullback,L4_regime,89,10,"META,MCHP,TTD,XEL,NVDA,CDW,FAST,REGN,COST,TEAM",-0.039014879598531005,-1950.7439799265499,-0.039014879598531,0.2481105102115162,-0.2871253898100472,0,0
L3_pullback+L4_regime,L3_pullback,L4_regime,90,10,"FTNT,HON,MU,TRI,PDD,KDP,ADSK,EA,CSX,ODFL",0.06256939678211282,3128.4698391056418,0.06256939678211283,0.2481105102115162,-0.18554111342940338,0,1
L3_pullback+L4_regime,L3_pullback,L4_regime,91,10,"ADP,MSTR,PYPL,META,CDW,KHC,PCAR,AEP,MU,SBUX",0.04353365306230174,2176.6826531150864,0.043533653062301725,0.2481105102115162,-0.20457685714921447,0,1
L3_pullback+L4_regime,L3_pullback,L4_regime,92,10,"PLTR,LRCX,AMD,AEP,ISRG,TEAM,AXON,TRI,SBUX,CDNS",0.04093259849031251,2046.629924515626,0.04093259849031252,0.2481105102115162,-0.2071779117212037,0,1
L3_pullback+L4_regime,L3_pullback,L4_regime,93,10,"ROP,INTU,NXPI,SHOP,SNPS,DASH,GILD,ROST,WBD,CRWD",0.01654206480272218,827.1032401361081,0.01654206480272216,0.2481105102115162,-0.231568445408794,0,1
L3_pullback+L4_regime,L3_pullback,L4_regime,94,10,"ARM,AAPL,TXN,AMD,CPRT,TMUS,GEHC,TTD,EXC,CHTR",-0.025518014155754908,-1275.9007077877454,-0.025518014155754908,0.2481105102115162,-0.2736285243672711,0,0
L3_pullback+L4_regime,L3_pullback,L4_regime,95,10,"MELI,GEHC,SNPS,WDAY,AEP,CPRT,CDNS,ABNB,CDW,PEP",-0.01612891424409275,-806.445712204637,-0.01612891424409274,0.2481105102115162,-0.26423942445560894,0,0
L3_pullback+L4_regime,L3_pullback,L4_regime,96,10,"GFS,MSTR,CTAS,ISRG,AMZN,ROP,AMD,COST,ZS,CCEP",-0.004544365154262819,-227.2182577131416,-0.004544365154262832,0.2481105102115162,-0.252654875365779,0,0
L3_pullback+L4_regime,L3_pullback,L4_regime,97,10,"CDNS,ADP,MAR,DASH,ABNB,ADI,ON,ADBE,DDOG,GOOGL",0.05620782938882476,2810.391469441238,0.05620782938882476,0.2481105102115162,-0.19190268082269143,0,1
L3_pullback+L4_regime,L3_pullback,L4_regime,98,10,"MELI,MNST,DXCM,LRCX,TRI,BKNG,DASH,CPRT,GFS,NVDA",0.061864388763730446,3093.219438186523,0.06186438876373046,0.2481105102115162,-0.18624612144778574,0,1
L3_pullback+L4_regime,L3_pullback,L4_regime,99,10,"NXPI,FANG,MRVL,MDB,AXON,INTC,MSTR,AVGO,CDW,QCOM",0.04219035324410321,2109.5176622051604,0.04219035324410321,0.2481105102115162,-0.205920156967413,0,1
L3_pullback+L5_pyramid,L3_pullback,L5_pyramid,0,10,"KHC,APP,PANW,MU,INTU,COST,GILD,ABNB,CEG,CHTR",0.051743692807261786,2587.184640363089,0.05174369280726178,0.2481105102115162,-0.1963668174042544,0,1
L3_pullback+L5_pyramid,L3_pullback,L5_pyramid,1,10,"LIN,DASH,ADBE,HON,CSGP,MDB,MSTR,PDD,AMGN,KDP",-0.007370125388468962,-368.5062694234475,-0.0073701253884689505,0.2481105102115162,-0.2554806355999852,0,0
L3_pullback+L5_pyramid,L3_pullback,L5_pyramid,2,10,"GOOGL,TSLA,CRWD,ODFL,LRCX,MDB,MAR,XEL,ROST,GE",0.0900495421990407,4502.477109952035,0.0900495421990407,0.2481105102115162,-0.1580609680124755,0,1
L3_pullback+L5_pyramid,L3_pullback,L5_pyramid,3,10,"GILD,AMAT,ISRG,MDB,BKNG,TSLA,CSX,PANW,KDP,SHOP",0.0268436482399923,1342.1824119996145,0.02684364823999229,0.2481105102115162,-0.2212668619715239,0,1
L3_pullback+L5_pyramid,L3_pullback,L5_pyramid,4,10,"SHOP,EXC,HOOD,VRSK,PLTR,SBUX,ADI,MRVL,ARM,GOOG",0.05593391820904488,2796.695910452244,0.05593391820904488,0.2481105102115162,-0.19217659200247134,0,1
L3_pullback+L5_pyramid,L3_pullback,L5_pyramid,5,10,"ADBE,CDW,MSFT,FAST,QCOM,FTNT,EA,TMUS,GOOGL,ROST",0.021590866169612,1079.543308480601,0.02159086616961202,0.2481105102115162,-0.2265196440419042,0,1
L3_pullback+L5_pyramid,L3_pullback,L5_pyramid,6,10,"NVDA,CRWD,APP,ISRG,CSGP,EXC,CDW,TXN,CPRT,XEL",0.012014197758119228,600.7098879059613,0.012014197758119226,0.2481105102115162,-0.23609631245339696,0,1
L3_pullback+L5_pyramid,L3_pullback,L5_pyramid,7,10,"ARM,AAPL,CTSH,SNPS,NFLX,CDW,AMAT,PYPL,PCAR,AMZN",0.00036183926421101686,18.091963210551512,0.00036183926421103025,0.2481105102115162,-0.24774867094730518,0,1
L3_pullback+L5_pyramid,L3_pullback,L5_pyramid,8,10,"GOOG,MSFT,CHTR,INTC,DDOG,MU,ORLY,DASH,EA,VRTX",0.07606940478578832,3803.470239289417,0.07606940478578834,0.2481105102115162,-0.17204110542572787,0,1
L3_pullback+L5_pyramid,L3_pullback,L5_pyramid,9,10,"TEAM,APP,HON,PAYX,ZS,IDXX,TSLA,TXN,VRTX,ADBE",0.022985867633449807,1149.2933816724899,0.022985867633449796,0.2481105102115162,-0.2251246425780664,0,1
L3_pullback+L5_pyramid,L3_pullback,L5_pyramid,10,10,"ASML,ODFL,TXN,TMUS,NVDA,KLAC,GFS,MNST,FTNT,AXON",0.02932130642528844,1466.065321264422,0.029321306425288438,0.2481105102115162,-0.21878920378622776,0,1
L3_pullback+L5_pyramid,L3_pullback,L5_pyramid,11,10,"WDAY,GFS,LIN,ASML,NVDA,AMD,CPRT,KLAC,TRI,NFLX",0.010122667863843415,506.13339319217084,0.010122667863843417,0.2481105102115162,-0.23798784234767278,0,1
L3_pullback+L5_pyramid,L3_pullback,L5_pyramid,12,10,"CPRT,ISRG,MELI,EXC,PDD,GEHC,ROP,GFS,REGN,AXON",0.002925939594137961,146.29697970689813,0.0029259395941379626,0.2481105102115162,-0.24518457061737825,0,1
L3_pullback+L5_pyramid,L3_pullback,L5_pyramid,13,10,"GOOG,MRVL,AAPL,MELI,INTU,FTNT,CRWD,KDP,TSLA,ON",0.07827651388560526,3913.825694280262,0.07827651388560523,0.2481105102115162,-0.16983399632591095,0,1
L3_pullback+L5_pyramid,L3_pullback,L5_pyramid,14,10,"FAST,GE,PCAR,FTNT,AMD,LRCX,ADBE,APP,AMAT,CSX",0.08041720429100517,4020.860214550258,0.08041720429100517,0.2481105102115162,-0.16769330592051102,0,1
L3_pullback+L5_pyramid,L3_pullback,L5_pyramid,15,10,"GOOGL,TRI,QCOM,MRVL,SNPS,GILD,ABNB,MELI,APP,KLAC",0.0818978515578938,4094.8925778946887,0.08189785155789377,0.2481105102115162,-0.1662126586536224,0,1
L3_pullback+L5_pyramid,L3_pullback,L5_pyramid,16,10,"COST,KLAC,DXCM,MRVL,MAR,GOOG,ODFL,INTU,CDW,LIN",0.06226578222443918,3113.2891112219595,0.06226578222443919,0.2481105102115162,-0.18584472798707702,0,1
L3_pullback+L5_pyramid,L3_pullback,L5_pyramid,17,10,"TSLA,ADSK,NVDA,AMGN,ARM,GFS,AXON,BKNG,WDAY,ORLY",0.002763492340348961,138.17461701744742,0.0027634923403489484,0.2481105102115162,-0.24534701787116725,0,1
L3_pullback+L5_pyramid,L3_pullback,L5_pyramid,18,10,"INTU,MRVL,AEP,CSGP,GEHC,ON,ADSK,ADI,NVDA,AAPL",0.04438992879811038,2219.496439905519,0.04438992879811038,0.2481105102115162,-0.20372058141340582,0,1
L3_pullback+L5_pyramid,L3_pullback,L5_pyramid,19,10,"ARM,GE,INTC,KHC,CTAS,TTWO,PCAR,LRCX,ZS,MELI",0.046974515353641735,2348.7257676820864,0.04697451535364173,0.2481105102115162,-0.20113599485787448,0,1
L3_pullback+L5_pyramid,L3_pullback,L5_pyramid,20,10,"ON,ADBE,ZS,EA,FANG,GILD,CSCO,TTD,MU,VRSK",0.035216054953020326,1760.802747651016,0.03521605495302032,0.2481105102115162,-0.21289445525849587,0,1
L3_pullback+L5_pyramid,L3_pullback,L5_pyramid,21,10,"TEAM,CHTR,ADP,TXN,CSX,PDD,SNPS,GFS,GILD,CTAS",0.0008228318950991076,41.141594754955804,0.0008228318950991161,0.2481105102115162,-0.2472876783164171,0,1
L3_pullback+L5_pyramid,L3_pullback,L5_pyramid,22,10,"ODFL,ORLY,IDXX,AAPL,DDOG,CPRT,PDD,EA,CSX,WBD",-0.0014112035138848066,-70.56017569423966,-0.0014112035138847932,0.2481105102115162,-0.249521713725401,0,0
L3_pullback+L5_pyramid,L3_pullback,L5_pyramid,23,10,"LIN,KHC,WBD,VRSK,LRCX,ADSK,QCOM,ZS,DXCM,GOOG",0.07519365524307782,3759.6827621538905,0.0751936552430778,0.2481105102115162,-0.1729168549684384,0,1
L3_pullback+L5_pyramid,L3_pullback,L5_pyramid,24,10,"FANG,GE,TRI,VRTX,CDNS,KHC,ZS,CDW,MDB,AAPL",-0.02052971371265978,-1026.4856856329889,-0.020529713712659776,0.2481105102115162,-0.26864022392417597,0,0
L3_pullback+L5_pyramid,L3_pullback,L5_pyramid,25,10,"FANG,MELI,KHC,GOOG,COST,CTAS,TTWO,WBD,PCAR,KDP",0.018809863260520577,940.4931630260289,0.018809863260520577,0.2481105102115162,-0.2293006469509956,0,1
L3_pullback+L5_pyramid,L3_pullback,L5_pyramid,26,10,"ZS,AMGN,MELI,CEG,KDP,REGN,ROST,EXC,ODFL,AEP",0.008722191327403317,436.10956637016625,0.008722191327403326,0.2481105102115162,-0.23938831888411288,0,1
L3_pullback+L5_pyramid,L3_pullback,L5_pyramid,27,10,"NVDA,EA,ISRG,ABNB,GILD,DDOG,FANG,GOOGL,GE,AEP",0.016706856641454836,835.3428320727417,0.016706856641454833,0.2481105102115162,-0.23140365357006137,0,1
L3_pullback+L5_pyramid,L3_pullback,L5_pyramid,28,10,"SHOP,TSLA,AMGN,INTU,PDD,TTWO,CDW,META,PLTR,GOOGL",0.017238141686989016,861.9070843494519,0.017238141686989037,0.2481105102115162,-0.2308723685245272,0,1
L3_pullback+L5_pyramid,L3_pullback,L5_pyramid,29,10,"QCOM,ZS,BKR,HON,DDOG,SHOP,MAR,IDXX,BKNG,MCHP",0.028630736712442817,1431.5368356221397,0.028630736712442796,0.2481105102115162,-0.21947977349907338,0,1
L3_pullback+L5_pyramid,L3_pullback,L5_pyramid,30,10,"AVGO,AMAT,AEP,EXC,MSFT,CDNS,PAYX,META,FANG,MELI",0.030957977170654728,1547.898858532737,0.03095797717065474,0.2481105102115162,-0.21715253304086146,0,1
L3_pullback+L5_pyramid,L3_pullback,L5_pyramid,31,10,"INTC,COST,WDAY,PCAR,CDNS,ON,QCOM,IDXX,PANW,AVGO",0.021738754157056273,1086.9377078528141,0.021738754157056284,0.2481105102115162,-0.22637175605445992,0,1
L3_pullback+L5_pyramid,L3_pullback,L5_pyramid,32,10,"QCOM,ASML,NVDA,DXCM,PAYX,HOOD,GOOGL,MRVL,ON,ADBE",0.06287320034005559,3143.6600170027787,0.06287320034005557,0.2481105102115162,-0.18523730987146061,0,1
L3_pullback+L5_pyramid,L3_pullback,L5_pyramid,33,10,"DXCM,ROP,REGN,PEP,CTSH,GFS,MNST,TSLA,EA,TXN",0.028832002755929197,1441.6001377964612,0.028832002755929224,0.2481105102115162,-0.219278507455587,0,1
L3_pullback+L5_pyramid,L3_pullback,L5_pyramid,34,10,"XEL,TTWO,ROST,KHC,INTC,BKNG,AMD,MAR,ODFL,CMCSA",0.01326239677868507,663.1198389342544,0.013262396778685088,0.2481105102115162,-0.23484811343283113,0,1
L3_pullback+L5_pyramid,L3_pullback,L5_pyramid,35,10,"COST,CCEP,MNST,CEG,GEHC,HON,IDXX,ORLY,TXN,HOOD",-0.017057133465289975,-852.8566732644977,-0.017057133465289954,0.2481105102115162,-0.2651676436768062,0,0
L3_pullback+L5_pyramid,L3_pullback,L5_pyramid,36,10,"CRWD,PANW,HOOD,TMUS,GILD,ARM,GOOG,PCAR,LRCX,GFS",0.08141832599626095,4070.9162998130478,0.08141832599626096,0.2481105102115162,-0.16669218421525525,0,1
L3_pullback+L5_pyramid,L3_pullback,L5_pyramid,37,10,"MRVL,ODFL,KDP,CSGP,REGN,META,CMCSA,ARM,SNPS,ADBE",0.021355777375912478,1067.7888687956238,0.021355777375912474,0.2481105102115162,-0.2267547328356037,0,1
L3_pullback+L5_pyramid,L3_pullback,L5_pyramid,38,10,"GE,ADSK,PCAR,LRCX,PDD,KHC,ROP,AMAT,CPRT,AMGN",0.06625625910246839,3312.8129551234197,0.06625625910246839,0.2481105102115162,-0.1818542511090478,0,1
L3_pullback+L5_pyramid,L3_pullback,L5_pyramid,39,10,"QCOM,INTC,CSX,PDD,BKR,AAPL,LIN,SHOP,CMCSA,CEG",-0.002720716293205938,-136.03581466029664,-0.002720716293205933,0.2481105102115162,-0.2508312265047221,0,0
L3_pullback+L5_pyramid,L3_pullback,L5_pyramid,40,10,"LRCX,AMD,AEP,INTC,TSLA,ADP,MRVL,AVGO,FAST,CSCO",0.11710613959337071,5855.306979668536,0.11710613959337071,0.2481105102115162,-0.1310043706181455,0,1
L3_pullback+L5_pyramid,L3_pullback,L5_pyramid,41,10,"ADBE,CMCSA,CRWD,GFS,CSX,PLTR,KLAC,HON,IDXX,AMZN",-0.00141116154433516,-70.55807721675683,-0.0014111615443351366,0.2481105102115162,-0.24952167175585135,0,0
L3_pullback+L5_pyramid,L3_pullback,L5_pyramid,42,10,"HOOD,TTD,ADP,INTC,CTAS,CPRT,MAR,ABNB,PYPL,AEP",-0.01237799046941035,-618.8995234705171,-0.012377990469410342,0.2481105102115162,-0.26048850068092655,0,0
L3_pullback+L5_pyramid,L3_pullback,L5_pyramid,43,10,"TEAM,SHOP,DXCM,INTU,CTSH,META,AVGO,PDD,MRVL,LIN",0.05698594143500487,2849.297071750244,0.05698594143500488,0.2481105102115162,-0.19112456877651132,0,1
L3_pullback+L5_pyramid,L3_pullback,L5_pyramid,44,10,"AAPL,EXC,GOOGL,TSLA,ROP,ASML,MSFT,ORLY,CSGP,AMD",0.0314184884146844,1570.92442073422,0.0314184884146844,0.2481105102115162,-0.2166920217968318,0,1
L3_pullback+L5_pyramid,L3_pullback,L5_pyramid,45,10,"CTAS,MSFT,SBUX,LIN,LRCX,ARM,KDP,AXON,KLAC,MNST",0.058354315895890796,2917.7157947945398,0.058354315895890796,0.2481105102115162,-0.1897561943156254,0,1
L3_pullback+L5_pyramid,L3_pullback,L5_pyramid,46,10,"ODFL,GEHC,TEAM,CRWD,DDOG,KDP,DASH,ISRG,PCAR,FAST",-0.0008346553245142885,-41.73276622571393,-0.0008346553245142786,0.2481105102115162,-0.2489451655360305,0,0
L3_pullback+L5_pyramid,L3_pullback,L5_pyramid,47,10,"BKR,MU,BKNG,EA,GOOG,PEP,MAR,TXN,AAPL,QCOM",0.07870347835780517,3935.173917890258,0.07870347835780517,0.2481105102115162,-0.16940703185371103,0,1
L3_pullback+L5_pyramid,L3_pullback,L5_pyramid,48,10,"MCHP,LIN,AXON,HOOD,TEAM,NFLX,LRCX,IDXX,AAPL,VRSK",0.04818398753880445,2409.1993769402216,0.04818398753880443,0.2481105102115162,-0.19992652267271174,0,1
L3_pullback+L5_pyramid,L3_pullback,L5_pyramid,49,10,"EA,MDB,CHTR,VRTX,AMD,ADSK,EXC,APP,TTD,KDP",0.006166603346451261,308.3301673225624,0.006166603346451248,0.2481105102115162,-0.24194390686506495,0,1
L3_pullback+L5_pyramid,L3_pullback,L5_pyramid,50,10,"NFLX,APP,LIN,CEG,CSGP,KHC,CMCSA,EA,BKNG,REGN",-0.00028802257331145276,-14.401128665573196,-0.0002880225733114639,0.2481105102115162,-0.24839853278482765,0,0
L3_pullback+L5_pyramid,L3_pullback,L5_pyramid,51,10,"AMAT,FTNT,INTU,PLTR,LIN,PCAR,MRVL,MSTR,GE,SBUX",0.04865897495980158,2432.948747990078,0.048658974959801565,0.2481105102115162,-0.1994515352517146,0,1
L3_pullback+L5_pyramid,L3_pullback,L5_pyramid,52,10,"SHOP,ON,PDD,CRWD,PCAR,MELI,TXN,GEHC,AEP,CMCSA",0.020929799682837404,1046.489984141871,0.02092979968283742,0.2481105102115162,-0.2271807105286788,0,1
L3_pullback+L5_pyramid,L3_pullback,L5_pyramid,53,10,"IDXX,ROP,EXC,FTNT,CPRT,LRCX,AMD,CSCO,MU,ROST",0.10149619341184249,5074.809670592124,0.10149619341184249,0.2481105102115162,-0.1466143167996737,0,1
L3_pullback+L5_pyramid,L3_pullback,L5_pyramid,54,10,"AEP,PCAR,ADP,FANG,KLAC,CTSH,CDNS,COST,ROP,ADBE",-0.0036794366970305135,-183.97183485152436,-0.003679436697030487,0.2481105102115162,-0.2517899469085467,0,0
L3_pullback+L5_pyramid,L3_pullback,L5_pyramid,55,10,"AMZN,CTSH,HON,TMUS,ZS,ROST,NFLX,AXON,BKNG,BKR",0.0021166804210928647,105.83402105464302,0.0021166804210928604,0.2481105102115162,-0.24599382979042334,0,1
L3_pullback+L5_pyramid,L3_pullback,L5_pyramid,56,10,"BKNG,ASML,ADI,LIN,TTD,GE,GOOG,AMZN,ADP,CEG",0.0014564055350814397,72.82027675407153,0.0014564055350814306,0.2481105102115162,-0.24665410467643475,0,1
L3_pullback+L5_pyramid,L3_pullback,L5_pyramid,57,10,"AAPL,IDXX,APP,REGN,INTU,MRVL,TSLA,EA,COST,VRSK",0.060350988998441914,3017.549449922096,0.060350988998441914,0.2481105102115162,-0.1877595212130743,0,1
L3_pullback+L5_pyramid,L3_pullback,L5_pyramid,58,10,"APP,LRCX,COST,INTU,GFS,TXN,MNST,IDXX,REGN,ABNB",0.09273874552780907,4636.937276390454,0.09273874552780907,0.2481105102115162,-0.15537176468370711,0,1
L3_pullback+L5_pyramid,L3_pullback,L5_pyramid,59,10,"ON,ADP,CSX,GILD,GFS,MSTR,CTAS,ORLY,PEP,CSGP",0.005312746685504977,265.6373342752486,0.0053127466855049715,0.2481105102115162,-0.24279776352601123,0,1
L3_pullback+L5_pyramid,L3_pullback,L5_pyramid,60,10,"HOOD,ASML,ODFL,CSGP,KDP,HON,AAPL,EXC,VRTX,CDNS",-0.0001461883220941429,-7.309416104707452,-0.00014618832209414904,0.2481105102115162,-0.24825669853361035,0,0
L3_pullback+L5_pyramid,L3_pullback,L5_pyramid,61,10,"CDNS,BKNG,TTD,MU,WDAY,MAR,GFS,CSGP,GE,AAPL",0.033003252129239845,1650.1626064619913,0.033003252129239824,0.2481105102115162,-0.21510725808227635,0,1
L3_pullback+L5_pyramid,L3_pullback,L5_pyramid,62,10,"PLTR,MSFT,TTD,ROP,ARM,GOOG,QCOM,IDXX,CSGP,NVDA",-0.007109317731608544,-355.46588658042765,-0.007109317731608553,0.2481105102115162,-0.25521982794312476,0,0
L3_pullback+L5_pyramid,L3_pullback,L5_pyramid,63,10,"CTAS,PLTR,WDAY,ROP,CPRT,TEAM,REGN,ASML,ISRG,MDB",-0.012237840981627479,-611.8920490813744,-0.012237840981627487,0.2481105102115162,-0.2603483511931437,0,0
L3_pullback+L5_pyramid,L3_pullback,L5_pyramid,64,10,"CSX,PCAR,ORLY,DXCM,EXC,COST,AMAT,QCOM,ZS,AAPL",0.018710593239798366,935.5296619899191,0.01871059323979838,0.2481105102115162,-0.22939991697171783,0,1
L3_pullback+L5_pyramid,L3_pullback,L5_pyramid,65,10,"PAYX,PCAR,CPRT,ROST,VRSK,CSX,CTAS,APP,META,EXC",0.020660746463926537,1033.0373231963276,0.020660746463926554,0.2481105102115162,-0.22744976374758966,0,1
L3_pullback+L5_pyramid,L3_pullback,L5_pyramid,66,10,"SNPS,GFS,TRI,DXCM,AMAT,PANW,AEP,CSGP,TTD,MELI",0.014187077834225714,709.3538917112855,0.01418707783422571,0.2481105102115162,-0.2339234323772905,0,1
L3_pullback+L5_pyramid,L3_pullback,L5_pyramid,67,10,"WDAY,TRI,DASH,REGN,META,QCOM,ROST,TTWO,ON,PYPL",0.010724074368218862,536.2037184109449,0.010724074368218898,0.2481105102115162,-0.23738643584329733,0,1
L3_pullback+L5_pyramid,L3_pullback,L5_pyramid,68,10,"SBUX,GOOG,MNST,LRCX,IDXX,CEG,AMGN,ADSK,VRTX,QCOM",0.07840373283042408,3920.1866415212035,0.07840373283042407,0.2481105102115162,-0.16970677738109213,0,1
L3_pullback+L5_pyramid,L3_pullback,L5_pyramid,69,10,"PANW,ZS,TSLA,AXON,CSX,BKNG,TRI,CDNS,KLAC,HON",0.0001896052058499631,9.480260292498315,0.0001896052058499663,0.2481105102115162,-0.24792090500566624,0,1
L3_pullback+L5_pyramid,L3_pullback,L5_pyramid,70,10,"CMCSA,KHC,APP,IDXX,SNPS,HOOD,HON,CCEP,ROST,PANW",0.006395765077643822,319.7882538821923,0.006395765077643846,0.2481105102115162,-0.24171474513387237,0,1
L3_pullback+L5_pyramid,L3_pullback,L5_pyramid,71,10,"CSGP,MSTR,ADI,ABNB,CDNS,MRVL,IDXX,CSCO,ISRG,GEHC",0.028782983972137834,1439.1491986068913,0.028782983972137827,0.2481105102115162,-0.21932752623937837,0,1
L3_pullback+L5_pyramid,L3_pullback,L5_pyramid,72,10,"DXCM,AAPL,FANG,TTWO,APP,AMAT,CHTR,WBD,ROST,PLTR",0.039444593929513494,1972.2296964756752,0.0394445939295135,0.2481105102115162,-0.2086659162820027,0,1
L3_pullback+L5_pyramid,L3_pullback,L5_pyramid,73,10,"ZS,PDD,ODFL,ASML,ADP,ADI,COST,CDW,ADBE,MCHP",0.022745499478837305,1137.274973941866,0.02274549947883732,0.2481105102115162,-0.2253650107326789,0,1
L3_pullback+L5_pyramid,L3_pullback,L5_pyramid,74,10,"CPRT,ZS,AAPL,AXON,GOOG,REGN,NFLX,KDP,MELI,ASML",0.026781933961982786,1339.096698099138,0.026781933961982758,0.2481105102115162,-0.22132857624953342,0,1
L3_pullback+L5_pyramid,L3_pullback,L5_pyramid,75,10,"VRTX,XEL,HOOD,ORLY,NVDA,CMCSA,COST,PCAR,ADI,ROST",-0.0035989096296063392,-179.94548148031572,-0.0035989096296063145,0.2481105102115162,-0.25170941984112255,0,0
L3_pullback+L5_pyramid,L3_pullback,L5_pyramid,76,10,"CCEP,MAR,PLTR,ASML,SBUX,CSX,CMCSA,FTNT,MCHP,PDD",0.02497969822667976,1248.984911333987,0.02497969822667974,0.2481105102115162,-0.22313081198483645,0,1
L3_pullback+L5_pyramid,L3_pullback,L5_pyramid,77,10,"AVGO,NVDA,COST,WBD,AMAT,CTAS,LIN,CDNS,GOOGL,ISRG",0.04510989362871294,2255.494681435647,0.04510989362871294,0.2481105102115162,-0.20300061658280327,0,1
L3_pullback+L5_pyramid,L3_pullback,L5_pyramid,78,10,"WBD,ROP,AEP,DDOG,BKR,MRVL,ODFL,ON,CTSH,PEP",0.05687356711284949,2843.6783556424743,0.05687356711284949,0.2481105102115162,-0.1912369430986667,0,1
L3_pullback+L5_pyramid,L3_pullback,L5_pyramid,79,10,"GOOG,TEAM,ON,INTU,AMD,MU,REGN,ARM,CPRT,FANG",0.05799994194361052,2899.997097180525,0.0579999419436105,0.2481105102115162,-0.19011056826790568,0,1
L3_pullback+L5_pyramid,L3_pullback,L5_pyramid,80,10,"ON,ADBE,MNST,AEP,PYPL,MELI,SBUX,DXCM,CDNS,IDXX",0.008283821177851591,414.19105889258026,0.008283821177851605,0.2481105102115162,-0.2398266890336646,0,1
L3_pullback+L5_pyramid,L3_pullback,L5_pyramid,81,10,"TXN,ROP,ADI,ISRG,WDAY,ABNB,MSFT,PDD,TEAM,GEHC",0.003822299733489387,191.11498667446995,0.003822299733489399,0.2481105102115162,-0.24428821047802682,0,1
L3_pullback+L5_pyramid,L3_pullback,L5_pyramid,82,10,"APP,META,GOOGL,ODFL,CSX,TXN,INTU,AVGO,HON,COST",0.06257024496303067,3128.5122481515327,0.06257024496303065,0.2481105102115162,-0.18554026524848555,0,1
L3_pullback+L5_pyramid,L3_pullback,L5_pyramid,83,10,"FANG,BKNG,CTSH,EXC,GOOG,ARM,AXON,MRVL,GFS,MSTR",0.06649716374688042,3324.85818734402,0.0664971637468804,0.2481105102115162,-0.18161334646463578,0,1
L3_pullback+L5_pyramid,L3_pullback,L5_pyramid,84,10,"DXCM,KHC,ADBE,PDD,SNPS,CDW,CTAS,CPRT,TRI,ODFL",-0.025342476942236014,-1267.1238471117995,-0.02534247694223599,0.2481105102115162,-0.2734529871537522,0,0
L3_pullback+L5_pyramid,L3_pullback,L5_pyramid,85,10,"KHC,MSTR,AMAT,MCHP,TEAM,TXN,MNST,ARM,CSX,CCEP",0.03108574983516532,1554.2874917582649,0.031085749835165297,0.2481105102115162,-0.21702476037635088,0,1
L3_pullback+L5_pyramid,L3_pullback,L5_pyramid,86,10,"TMUS,AXON,TTD,MCHP,MNST,WDAY,SBUX,CCEP,KDP,LRCX",0.06044632102814244,3022.3160514071205,0.06044632102814241,0.2481105102115162,-0.18766418918337377,0,1
L3_pullback+L5_pyramid,L3_pullback,L5_pyramid,87,10,"GILD,VRSK,MCHP,MDB,SBUX,DXCM,VRTX,CTAS,ZS,ADI",0.0291561534109926,1457.8076705496296,0.02915615341099259,0.2481105102115162,-0.2189543568005236,0,1
L3_pullback+L5_pyramid,L3_pullback,L5_pyramid,88,10,"GE,CSGP,NFLX,INTU,CTAS,MU,CDW,CSCO,TXN,XEL",0.030870313457506994,1543.515672875349,0.03087031345750698,0.2481105102115162,-0.2172401967540092,0,1
L3_pullback+L5_pyramid,L3_pullback,L5_pyramid,89,10,"META,MCHP,TTD,XEL,NVDA,CDW,FAST,REGN,COST,TEAM",-0.022053336918149112,-1102.6668459074544,-0.022053336918149088,0.2481105102115162,-0.2701638471296653,0,0
L3_pullback+L5_pyramid,L3_pullback,L5_pyramid,90,10,"FTNT,HON,MU,TRI,PDD,KDP,ADSK,EA,CSX,ODFL",0.052492325386333874,2624.6162693166934,0.05249232538633387,0.2481105102115162,-0.19561818482518234,0,1
L3_pullback+L5_pyramid,L3_pullback,L5_pyramid,91,10,"ADP,MSTR,PYPL,META,CDW,KHC,PCAR,AEP,MU,SBUX",0.036963069212506174,1848.15346062531,0.036963069212506194,0.2481105102115162,-0.21114744099901003,0,1
L3_pullback+L5_pyramid,L3_pullback,L5_pyramid,92,10,"PLTR,LRCX,AMD,AEP,ISRG,TEAM,AXON,TRI,SBUX,CDNS",0.03617548263277119,1808.774131638559,0.036175482632771185,0.2481105102115162,-0.211935027578745,0,1
L3_pullback+L5_pyramid,L3_pullback,L5_pyramid,93,10,"ROP,INTU,NXPI,SHOP,SNPS,DASH,GILD,ROST,WBD,CRWD",0.005600855618692524,280.0427809346256,0.005600855618692512,0.2481105102115162,-0.24250965459282367,0,1
L3_pullback+L5_pyramid,L3_pullback,L5_pyramid,94,10,"ARM,AAPL,TXN,AMD,CPRT,TMUS,GEHC,TTD,EXC,CHTR",-0.02398578022353377,-1199.2890111766883,-0.023985780223533766,0.2481105102115162,-0.27209629043504996,0,0
L3_pullback+L5_pyramid,L3_pullback,L5_pyramid,95,10,"MELI,GEHC,SNPS,WDAY,AEP,CPRT,CDNS,ABNB,CDW,PEP",-0.028840110824569488,-1442.0055412284737,-0.028840110824569474,0.2481105102115162,-0.2769506210360857,0,0
L3_pullback+L5_pyramid,L3_pullback,L5_pyramid,96,10,"GFS,MSTR,CTAS,ISRG,AMZN,ROP,AMD,COST,ZS,CCEP",0.0013123357965067251,65.61678982533613,0.0013123357965067225,0.2481105102115162,-0.24679817441500948,0,1
L3_pullback+L5_pyramid,L3_pullback,L5_pyramid,97,10,"CDNS,ADP,MAR,DASH,ABNB,ADI,ON,ADBE,DDOG,GOOGL",0.029851054720246194,1492.5527360123106,0.029851054720246212,0.2481105102115162,-0.21825945549127002,0,1
L3_pullback+L5_pyramid,L3_pullback,L5_pyramid,98,10,"MELI,MNST,DXCM,LRCX,TRI,BKNG,DASH,CPRT,GFS,NVDA",0.056212666164296564,2810.6333082148285,0.05621266616429657,0.2481105102115162,-0.19189784404721963,0,1
L3_pullback+L5_pyramid,L3_pullback,L5_pyramid,99,10,"NXPI,FANG,MRVL,MDB,AXON,INTC,MSTR,AVGO,CDW,QCOM",0.04627215804571305,2313.607902285651,0.046272158045713024,0.2481105102115162,-0.20183835216580315,0,1
L4_regime+L5_pyramid,L4_regime,L5_pyramid,0,10,"KHC,APP,PANW,MU,INTU,COST,GILD,ABNB,CEG,CHTR",0.07084822423514528,3542.411211757263,0.07084822423514527,0.2481105102115162,-0.17726228597637092,0,1
L4_regime+L5_pyramid,L4_regime,L5_pyramid,1,10,"LIN,DASH,ADBE,HON,CSGP,MDB,MSTR,PDD,AMGN,KDP",-0.018159817639244256,-907.9908819622124,-0.018159817639244246,0.2481105102115162,-0.26627032785076044,0,0
L4_regime+L5_pyramid,L4_regime,L5_pyramid,2,10,"GOOGL,TSLA,CRWD,ODFL,LRCX,MDB,MAR,XEL,ROST,GE",0.12525174831651584,6262.587415825793,0.12525174831651587,0.2481105102115162,-0.12285876189500036,0,1
L4_regime+L5_pyramid,L4_regime,L5_pyramid,3,10,"GILD,AMAT,ISRG,MDB,BKNG,TSLA,CSX,PANW,KDP,SHOP",0.030352175565466467,1517.6087782733239,0.030352175565466478,0.2481105102115162,-0.21775833464604974,0,1
L4_regime+L5_pyramid,L4_regime,L5_pyramid,4,10,"SHOP,EXC,HOOD,VRSK,PLTR,SBUX,ADI,MRVL,ARM,GOOG",0.03741358714443875,1870.6793572219367,0.03741358714443874,0.2481105102115162,-0.21069692306707744,0,1
L4_regime+L5_pyramid,L4_regime,L5_pyramid,5,10,"ADBE,CDW,MSFT,FAST,QCOM,FTNT,EA,TMUS,GOOGL,ROST",0.031784028497099014,1589.2014248549513,0.03178402849709903,0.2481105102115162,-0.21632648171441718,0,1
L4_regime+L5_pyramid,L4_regime,L5_pyramid,6,10,"NVDA,CRWD,APP,ISRG,CSGP,EXC,CDW,TXN,CPRT,XEL",0.019727285032907393,986.3642516453692,0.019727285032907386,0.2481105102115162,-0.22838322517860882,0,1
L4_regime+L5_pyramid,L4_regime,L5_pyramid,7,10,"ARM,AAPL,CTSH,SNPS,NFLX,CDW,AMAT,PYPL,PCAR,AMZN",0.022235896086695305,1111.794804334765,0.022235896086695302,0.2481105102115162,-0.2258746141248209,0,1
L4_regime+L5_pyramid,L4_regime,L5_pyramid,8,10,"GOOG,MSFT,CHTR,INTC,DDOG,MU,ORLY,DASH,EA,VRTX",0.1419386668799782,7096.933343998908,0.14193866687997816,0.2481105102115162,-0.10617184333153801,0,1
L4_regime+L5_pyramid,L4_regime,L5_pyramid,9,10,"TEAM,APP,HON,PAYX,ZS,IDXX,TSLA,TXN,VRTX,ADBE",0.01715414144051399,857.7070720256997,0.017154141440513995,0.2481105102115162,-0.2309563687710022,0,1
L4_regime+L5_pyramid,L4_regime,L5_pyramid,10,10,"ASML,ODFL,TXN,TMUS,NVDA,KLAC,GFS,MNST,FTNT,AXON",0.031007605109180623,1550.380255459031,0.031007605109180623,0.2481105102115162,-0.21710290510233557,0,1
L4_regime+L5_pyramid,L4_regime,L5_pyramid,11,10,"WDAY,GFS,LIN,ASML,NVDA,AMD,CPRT,KLAC,TRI,NFLX",0.03352771085640993,1676.3855428204952,0.033527710856409904,0.2481105102115162,-0.21458279935510627,0,1
L4_regime+L5_pyramid,L4_regime,L5_pyramid,12,10,"CPRT,ISRG,MELI,EXC,PDD,GEHC,ROP,GFS,REGN,AXON",-0.006503206133695561,-325.16030668477833,-0.006503206133695567,0.2481105102115162,-0.25461371634521174,0,0
L4_regime+L5_pyramid,L4_regime,L5_pyramid,13,10,"GOOG,MRVL,AAPL,MELI,INTU,FTNT,CRWD,KDP,TSLA,ON",0.09403134371229072,4701.567185614536,0.09403134371229073,0.2481105102115162,-0.15407916649922548,0,1
L4_regime+L5_pyramid,L4_regime,L5_pyramid,14,10,"FAST,GE,PCAR,FTNT,AMD,LRCX,ADBE,APP,AMAT,CSX",0.09815664233113233,4907.832116556616,0.09815664233113232,0.2481105102115162,-0.14995386788038387,0,1
L4_regime+L5_pyramid,L4_regime,L5_pyramid,15,10,"GOOGL,TRI,QCOM,MRVL,SNPS,GILD,ABNB,MELI,APP,KLAC",0.03396941088712356,1698.470544356178,0.03396941088712356,0.2481105102115162,-0.21414109932439263,0,1
L4_regime+L5_pyramid,L4_regime,L5_pyramid,16,10,"COST,KLAC,DXCM,MRVL,MAR,GOOG,ODFL,INTU,CDW,LIN",0.04811949862973247,2405.974931486625,0.0481194986297325,0.2481105102115162,-0.19999101158178373,0,1
L4_regime+L5_pyramid,L4_regime,L5_pyramid,17,10,"TSLA,ADSK,NVDA,AMGN,ARM,GFS,AXON,BKNG,WDAY,ORLY",-0.00026665391540265927,-13.332695770132887,-0.00026665391540265775,0.2481105102115162,-0.24837716412691885,0,0
L4_regime+L5_pyramid,L4_regime,L5_pyramid,18,10,"INTU,MRVL,AEP,CSGP,GEHC,ON,ADSK,ADI,NVDA,AAPL",0.03035756597993211,1517.8782989966048,0.030357565979932097,0.2481105102115162,-0.2177529442315841,0,1
L4_regime+L5_pyramid,L4_regime,L5_pyramid,19,10,"ARM,GE,INTC,KHC,CTAS,TTWO,PCAR,LRCX,ZS,MELI",0.043932428054596684,2196.621402729834,0.04393242805459668,0.2481105102115162,-0.20417808215691952,0,1
L4_regime+L5_pyramid,L4_regime,L5_pyramid,20,10,"ON,ADBE,ZS,EA,FANG,GILD,CSCO,TTD,MU,VRSK",0.05276893025979369,2638.4465129896844,0.052768930259793685,0.2481105102115162,-0.19534157995172252,0,1
L4_regime+L5_pyramid,L4_regime,L5_pyramid,21,10,"TEAM,CHTR,ADP,TXN,CSX,PDD,SNPS,GFS,GILD,CTAS",0.003335710023276872,166.78550116384486,0.0033357100232768973,0.2481105102115162,-0.24477480018823933,0,1
L4_regime+L5_pyramid,L4_regime,L5_pyramid,22,10,"ODFL,ORLY,IDXX,AAPL,DDOG,CPRT,PDD,EA,CSX,WBD",0.0039686222883136505,198.4311144156827,0.003968622288313654,0.2481105102115162,-0.24414188792320254,0,1
L4_regime+L5_pyramid,L4_regime,L5_pyramid,23,10,"LIN,KHC,WBD,VRSK,LRCX,ADSK,QCOM,ZS,DXCM,GOOG",0.07677579794596971,3838.789897298486,0.07677579794596971,0.2481105102115162,-0.17133471226554647,0,1
L4_regime+L5_pyramid,L4_regime,L5_pyramid,24,10,"FANG,GE,TRI,VRTX,CDNS,KHC,ZS,CDW,MDB,AAPL",-0.022537702217085398,-1126.8851108542694,-0.022537702217085388,0.2481105102115162,-0.2706482124286016,0,0
L4_regime+L5_pyramid,L4_regime,L5_pyramid,25,10,"FANG,MELI,KHC,GOOG,COST,CTAS,TTWO,WBD,PCAR,KDP",0.026580103089621433,1329.005154481073,0.02658010308962146,0.2481105102115162,-0.22153040712189476,0,1
L4_regime+L5_pyramid,L4_regime,L5_pyramid,26,10,"ZS,AMGN,MELI,CEG,KDP,REGN,ROST,EXC,ODFL,AEP",-0.005031126839857125,-251.55634199285578,-0.005031126839857116,0.2481105102115162,-0.2531416370513733,0,0
L4_regime+L5_pyramid,L4_regime,L5_pyramid,27,10,"NVDA,EA,ISRG,ABNB,GILD,DDOG,FANG,GOOGL,GE,AEP",0.006395981557634234,319.79907788171204,0.006395981557634241,0.2481105102115162,-0.24171452865388196,0,1
L4_regime+L5_pyramid,L4_regime,L5_pyramid,28,10,"SHOP,TSLA,AMGN,INTU,PDD,TTWO,CDW,META,PLTR,GOOGL",0.00763295587568189,381.6477937840955,0.00763295587568191,0.2481105102115162,-0.24047755433583431,0,1
L4_regime+L5_pyramid,L4_regime,L5_pyramid,29,10,"QCOM,ZS,BKR,HON,DDOG,SHOP,MAR,IDXX,BKNG,MCHP",0.019695216125964875,984.7608062982445,0.01969521612596489,0.2481105102115162,-0.22841529408555133,0,1
L4_regime+L5_pyramid,L4_regime,L5_pyramid,30,10,"AVGO,AMAT,AEP,EXC,MSFT,CDNS,PAYX,META,FANG,MELI",0.05028009684183299,2514.00484209165,0.050280096841833,0.2481105102115162,-0.1978304133696832,0,1
L4_regime+L5_pyramid,L4_regime,L5_pyramid,31,10,"INTC,COST,WDAY,PCAR,CDNS,ON,QCOM,IDXX,PANW,AVGO",0.026006848408428207,1300.3424204214098,0.026006848408428197,0.2481105102115162,-0.222103661803088,0,1
L4_regime+L5_pyramid,L4_regime,L5_pyramid,32,10,"QCOM,ASML,NVDA,DXCM,PAYX,HOOD,GOOGL,MRVL,ON,ADBE",0.045363008413401115,2268.1504206700556,0.045363008413401115,0.2481105102115162,-0.20274750179811507,0,1
L4_regime+L5_pyramid,L4_regime,L5_pyramid,33,10,"DXCM,ROP,REGN,PEP,CTSH,GFS,MNST,TSLA,EA,TXN",0.03222271243173837,1611.1356215869191,0.03222271243173838,0.2481105102115162,-0.21588779777977785,0,1
L4_regime+L5_pyramid,L4_regime,L5_pyramid,34,10,"XEL,TTWO,ROST,KHC,INTC,BKNG,AMD,MAR,ODFL,CMCSA",0.034633546124794246,1731.6773062397124,0.034633546124794246,0.2481105102115162,-0.21347696408672195,0,1
L4_regime+L5_pyramid,L4_regime,L5_pyramid,35,10,"COST,CCEP,MNST,CEG,GEHC,HON,IDXX,ORLY,TXN,HOOD",-0.026023233699525895,-1301.161684976295,-0.0260232336995259,0.2481105102115162,-0.2741337439110421,0,0
L4_regime+L5_pyramid,L4_regime,L5_pyramid,36,10,"CRWD,PANW,HOOD,TMUS,GILD,ARM,GOOG,PCAR,LRCX,GFS",0.11514479506263202,5757.2397531316,0.115144795062632,0.2481105102115162,-0.13296571514888417,0,1
L4_regime+L5_pyramid,L4_regime,L5_pyramid,37,10,"MRVL,ODFL,KDP,CSGP,REGN,META,CMCSA,ARM,SNPS,ADBE",-0.0020193264115667907,-100.96632057834086,-0.002019326411566817,0.2481105102115162,-0.25012983662308297,0,0
L4_regime+L5_pyramid,L4_regime,L5_pyramid,38,10,"GE,ADSK,PCAR,LRCX,PDD,KHC,ROP,AMAT,CPRT,AMGN",0.08781904579605522,4390.95228980276,0.08781904579605519,0.2481105102115162,-0.160291464415461,0,1
L4_regime+L5_pyramid,L4_regime,L5_pyramid,39,10,"QCOM,INTC,CSX,PDD,BKR,AAPL,LIN,SHOP,CMCSA,CEG",-0.020670218657343753,-1033.5109328671879,-0.020670218657343756,0.2481105102115162,-0.26878072886885995,0,0
L4_regime+L5_pyramid,L4_regime,L5_pyramid,40,10,"LRCX,AMD,AEP,INTC,TSLA,ADP,MRVL,AVGO,FAST,CSCO",0.12523412014415897,6261.706007207947,0.12523412014415894,0.2481105102115162,-0.12287639006735723,0,1
L4_regime+L5_pyramid,L4_regime,L5_pyramid,41,10,"ADBE,CMCSA,CRWD,GFS,CSX,PLTR,KLAC,HON,IDXX,AMZN",0.004289795683315089,214.48978416575392,0.004289795683315078,0.2481105102115162,-0.24382071452820112,0,1
L4_regime+L5_pyramid,L4_regime,L5_pyramid,42,10,"HOOD,TTD,ADP,INTC,CTAS,CPRT,MAR,ABNB,PYPL,AEP",-0.05856969769777287,-2928.484884888643,-0.058569697697772864,0.2481105102115162,-0.30668020790928907,0,0
L4_regime+L5_pyramid,L4_regime,L5_pyramid,43,10,"TEAM,SHOP,DXCM,INTU,CTSH,META,AVGO,PDD,MRVL,LIN",0.03649680084562464,1824.8400422812329,0.036496800845624656,0.2481105102115162,-0.21161370936589155,0,1
L4_regime+L5_pyramid,L4_regime,L5_pyramid,44,10,"AAPL,EXC,GOOGL,TSLA,ROP,ASML,MSFT,ORLY,CSGP,AMD",0.0759543685886986,3797.718429434929,0.07595436858869858,0.2481105102115162,-0.17215614162281762,0,1
L4_regime+L5_pyramid,L4_regime,L5_pyramid,45,10,"CTAS,MSFT,SBUX,LIN,LRCX,ARM,KDP,AXON,KLAC,MNST",0.03704697127557954,1852.3485637789781,0.037046971275579564,0.2481105102115162,-0.21106353893593666,0,1
L4_regime+L5_pyramid,L4_regime,L5_pyramid,46,10,"ODFL,GEHC,TEAM,CRWD,DDOG,KDP,DASH,ISRG,PCAR,FAST",0.00845024966582042,422.51248329102054,0.008450249665820411,0.2481105102115162,-0.23966026054569578,0,1
L4_regime+L5_pyramid,L4_regime,L5_pyramid,47,10,"BKR,MU,BKNG,EA,GOOG,PEP,MAR,TXN,AAPL,QCOM",0.16973396487007053,8486.698243503528,0.16973396487007056,0.2481105102115162,-0.07837654534144567,0,1
L4_regime+L5_pyramid,L4_regime,L5_pyramid,48,10,"MCHP,LIN,AXON,HOOD,TEAM,NFLX,LRCX,IDXX,AAPL,VRSK",0.0394785855796815,1973.9292789840747,0.039478585579681494,0.2481105102115162,-0.2086319246318347,0,1
L4_regime+L5_pyramid,L4_regime,L5_pyramid,49,10,"EA,MDB,CHTR,VRTX,AMD,ADSK,EXC,APP,TTD,KDP",-0.021627991697192685,-1081.3995848596342,-0.021627991697192685,0.2481105102115162,-0.2697385019087089,0,0
L4_regime+L5_pyramid,L4_regime,L5_pyramid,50,10,"NFLX,APP,LIN,CEG,CSGP,KHC,CMCSA,EA,BKNG,REGN",-0.03740728916315593,-1870.3644581577973,-0.03740728916315594,0.2481105102115162,-0.28551779937467214,0,0
L4_regime+L5_pyramid,L4_regime,L5_pyramid,51,10,"AMAT,FTNT,INTU,PLTR,LIN,PCAR,MRVL,MSTR,GE,SBUX",0.04260742713421538,2130.371356710769,0.04260742713421538,0.2481105102115162,-0.2055030830773008,0,1
L4_regime+L5_pyramid,L4_regime,L5_pyramid,52,10,"SHOP,ON,PDD,CRWD,PCAR,MELI,TXN,GEHC,AEP,CMCSA",0.04757760792021223,2378.8803960106115,0.047577607920212234,0.2481105102115162,-0.20053290229130397,0,1
L4_regime+L5_pyramid,L4_regime,L5_pyramid,53,10,"IDXX,ROP,EXC,FTNT,CPRT,LRCX,AMD,CSCO,MU,ROST",0.18466076614271332,9233.038307135663,0.18466076614271326,0.2481105102115162,-0.06344974406880288,0,1
L4_regime+L5_pyramid,L4_regime,L5_pyramid,54,10,"AEP,PCAR,ADP,FANG,KLAC,CTSH,CDNS,COST,ROP,ADBE",-0.015036818107642458,-751.8409053821224,-0.015036818107642447,0.2481105102115162,-0.26314732831915866,0,0
L4_regime+L5_pyramid,L4_regime,L5_pyramid,55,10,"AMZN,CTSH,HON,TMUS,ZS,ROST,NFLX,AXON,BKNG,BKR",-0.015865450303684137,-793.272515184206,-0.01586545030368412,0.2481105102115162,-0.26397596051520034,0,0
L4_regime+L5_pyramid,L4_regime,L5_pyramid,56,10,"BKNG,ASML,ADI,LIN,TTD,GE,GOOG,AMZN,ADP,CEG",-0.0053737278667776115,-268.6863933388795,-0.00537372786677759,0.2481105102115162,-0.2534842380782938,0,0
L4_regime+L5_pyramid,L4_regime,L5_pyramid,57,10,"AAPL,IDXX,APP,REGN,INTU,MRVL,TSLA,EA,COST,VRSK",0.02759350104055911,1379.6750520279556,0.027593501040559115,0.2481105102115162,-0.2205170091709571,0,1
L4_regime+L5_pyramid,L4_regime,L5_pyramid,58,10,"APP,LRCX,COST,INTU,GFS,TXN,MNST,IDXX,REGN,ABNB",0.0652461529978188,3262.3076498909404,0.0652461529978188,0.2481105102115162,-0.1828643572136974,0,1
L4_regime+L5_pyramid,L4_regime,L5_pyramid,59,10,"ON,ADP,CSX,GILD,GFS,MSTR,CTAS,ORLY,PEP,CSGP",-0.008296080692478114,-414.80403462390495,-0.008296080692478098,0.2481105102115162,-0.2564065909039943,0,0
L4_regime+L5_pyramid,L4_regime,L5_pyramid,60,10,"HOOD,ASML,ODFL,CSGP,KDP,HON,AAPL,EXC,VRTX,CDNS",-0.0005269224618123514,-26.346123090617766,-0.0005269224618123554,0.2481105102115162,-0.24863743267332855,0,0
L4_regime+L5_pyramid,L4_regime,L5_pyramid,61,10,"CDNS,BKNG,TTD,MU,WDAY,MAR,GFS,CSGP,GE,AAPL",0.07560241716991928,3780.120858495964,0.07560241716991928,0.2481105102115162,-0.17250809304159692,0,1
L4_regime+L5_pyramid,L4_regime,L5_pyramid,62,10,"PLTR,MSFT,TTD,ROP,ARM,GOOG,QCOM,IDXX,CSGP,NVDA",-0.042249970594554695,-2112.4985297277353,-0.04224997059455471,0.2481105102115162,-0.2903604808060709,0,0
L4_regime+L5_pyramid,L4_regime,L5_pyramid,63,10,"CTAS,PLTR,WDAY,ROP,CPRT,TEAM,REGN,ASML,ISRG,MDB",-0.02505173420849418,-1252.58671042471,-0.0250517342084942,0.2481105102115162,-0.27316224442001036,0,0
L4_regime+L5_pyramid,L4_regime,L5_pyramid,64,10,"CSX,PCAR,ORLY,DXCM,EXC,COST,AMAT,QCOM,ZS,AAPL",0.026590861907500297,1329.5430953750147,0.026590861907500294,0.2481105102115162,-0.2215196483040159,0,1
L4_regime+L5_pyramid,L4_regime,L5_pyramid,65,10,"PAYX,PCAR,CPRT,ROST,VRSK,CSX,CTAS,APP,META,EXC",0.00595028394162922,297.5141970814602,0.005950283941629204,0.2481105102115162,-0.24216022626988698,0,1
L4_regime+L5_pyramid,L4_regime,L5_pyramid,66,10,"SNPS,GFS,TRI,DXCM,AMAT,PANW,AEP,CSGP,TTD,MELI",-0.00486146932322068,-243.07346616103405,-0.004861469323220681,0.2481105102115162,-0.2529719795347369,0,0
L4_regime+L5_pyramid,L4_regime,L5_pyramid,67,10,"WDAY,TRI,DASH,REGN,META,QCOM,ROST,TTWO,ON,PYPL",0.005120536180619995,256.0268090309992,0.0051205361806199836,0.2481105102115162,-0.2429899740308962,0,1
L4_regime+L5_pyramid,L4_regime,L5_pyramid,68,10,"SBUX,GOOG,MNST,LRCX,IDXX,CEG,AMGN,ADSK,VRTX,QCOM",0.06650867468129484,3325.4337340647417,0.06650867468129483,0.2481105102115162,-0.18160183553022136,0,1
L4_regime+L5_pyramid,L4_regime,L5_pyramid,69,10,"PANW,ZS,TSLA,AXON,CSX,BKNG,TRI,CDNS,KLAC,HON",-0.01332077176035551,-666.0385880177746,-0.013320771760355492,0.2481105102115162,-0.2614312819718717,0,0
L4_regime+L5_pyramid,L4_regime,L5_pyramid,70,10,"CMCSA,KHC,APP,IDXX,SNPS,HOOD,HON,CCEP,ROST,PANW",-0.014092528029480966,-704.6264014740491,-0.014092528029480982,0.2481105102115162,-0.26220303824099717,0,0
L4_regime+L5_pyramid,L4_regime,L5_pyramid,71,10,"CSGP,MSTR,ADI,ABNB,CDNS,MRVL,IDXX,CSCO,ISRG,GEHC",0.006062613316168153,303.1306658084068,0.006062613316168136,0.2481105102115162,-0.24204789689534806,0,1
L4_regime+L5_pyramid,L4_regime,L5_pyramid,72,10,"DXCM,AAPL,FANG,TTWO,APP,AMAT,CHTR,WBD,ROST,PLTR",0.0398331541347416,1991.6577067370808,0.039833154134741616,0.2481105102115162,-0.2082773560767746,0,1
L4_regime+L5_pyramid,L4_regime,L5_pyramid,73,10,"ZS,PDD,ODFL,ASML,ADP,ADI,COST,CDW,ADBE,MCHP",0.035011754006510465,1750.5877003255237,0.03501175400651047,0.2481105102115162,-0.21309875620500573,0,1
L4_regime+L5_pyramid,L4_regime,L5_pyramid,74,10,"CPRT,ZS,AAPL,AXON,GOOG,REGN,NFLX,KDP,MELI,ASML",0.03294946657470995,1647.4733287354975,0.03294946657470995,0.2481105102115162,-0.21516104363680624,0,1
L4_regime+L5_pyramid,L4_regime,L5_pyramid,75,10,"VRTX,XEL,HOOD,ORLY,NVDA,CMCSA,COST,PCAR,ADI,ROST",-0.002935860207814267,-146.7930103907147,-0.0029358602078142938,0.2481105102115162,-0.2510463704193305,0,0
L4_regime+L5_pyramid,L4_regime,L5_pyramid,76,10,"CCEP,MAR,PLTR,ASML,SBUX,CSX,CMCSA,FTNT,MCHP,PDD",0.02672677270224939,1336.338635112469,0.026726772702249383,0.2481105102115162,-0.22138373750926682,0,1
L4_regime+L5_pyramid,L4_regime,L5_pyramid,77,10,"AVGO,NVDA,COST,WBD,AMAT,CTAS,LIN,CDNS,GOOGL,ISRG",0.08047708109131943,4023.8540545659725,0.08047708109131946,0.2481105102115162,-0.16763342912019677,0,1
L4_regime+L5_pyramid,L4_regime,L5_pyramid,78,10,"WBD,ROP,AEP,DDOG,BKR,MRVL,ODFL,ON,CTSH,PEP",0.03547202102858764,1773.601051429383,0.03547202102858766,0.2481105102115162,-0.21263848918292855,0,1
L4_regime+L5_pyramid,L4_regime,L5_pyramid,79,10,"GOOG,TEAM,ON,INTU,AMD,MU,REGN,ARM,CPRT,FANG",0.15087370131061636,7543.685065530819,0.1508737013106164,0.2481105102115162,-0.09723680890089983,0,1
L4_regime+L5_pyramid,L4_regime,L5_pyramid,80,10,"ON,ADBE,MNST,AEP,PYPL,MELI,SBUX,DXCM,CDNS,IDXX",-0.01638963528393649,-819.4817641968239,-0.016389635283936478,0.2481105102115162,-0.2645001454954527,0,0
L4_regime+L5_pyramid,L4_regime,L5_pyramid,81,10,"TXN,ROP,ADI,ISRG,WDAY,ABNB,MSFT,PDD,TEAM,GEHC",0.015449054010188446,772.4527005094224,0.015449054010188448,0.2481105102115162,-0.23266145620132775,0,1
L4_regime+L5_pyramid,L4_regime,L5_pyramid,82,10,"APP,META,GOOGL,ODFL,CSX,TXN,INTU,AVGO,HON,COST",0.07370783787295375,3685.3918936476884,0.07370783787295376,0.2481105102115162,-0.17440267233856244,0,1
L4_regime+L5_pyramid,L4_regime,L5_pyramid,83,10,"FANG,BKNG,CTSH,EXC,GOOG,ARM,AXON,MRVL,GFS,MSTR",0.062445693603850626,3122.2846801925325,0.062445693603850654,0.2481105102115162,-0.18566481660766557,0,1
L4_regime+L5_pyramid,L4_regime,L5_pyramid,84,10,"DXCM,KHC,ADBE,PDD,SNPS,CDW,CTAS,CPRT,TRI,ODFL",-0.04307742867966071,-2153.871433983036,-0.04307742867966072,0.2481105102115162,-0.2911879388911769,0,0
L4_regime+L5_pyramid,L4_regime,L5_pyramid,85,10,"KHC,MSTR,AMAT,MCHP,TEAM,TXN,MNST,ARM,CSX,CCEP",0.07496187708716026,3748.0938543580123,0.07496187708716025,0.2481105102115162,-0.17314863312435594,0,1
L4_regime+L5_pyramid,L4_regime,L5_pyramid,86,10,"TMUS,AXON,TTD,MCHP,MNST,WDAY,SBUX,CCEP,KDP,LRCX",0.0198961155326818,994.8057766340899,0.019896115532681797,0.2481105102115162,-0.2282143946788344,0,1
L4_regime+L5_pyramid,L4_regime,L5_pyramid,87,10,"GILD,VRSK,MCHP,MDB,SBUX,DXCM,VRTX,CTAS,ZS,ADI",0.025271472597667932,1263.5736298833963,0.025271472597667925,0.2481105102115162,-0.22283903761384827,0,1
L4_regime+L5_pyramid,L4_regime,L5_pyramid,88,10,"GE,CSGP,NFLX,INTU,CTAS,MU,CDW,CSCO,TXN,XEL",0.10289005373405738,5144.502686702869,0.10289005373405738,0.2481105102115162,-0.14522045647745882,0,1
L4_regime+L5_pyramid,L4_regime,L5_pyramid,89,10,"META,MCHP,TTD,XEL,NVDA,CDW,FAST,REGN,COST,TEAM",-0.059161783990324665,-2958.0891995162337,-0.05916178399032467,0.2481105102115162,-0.3072722942018409,0,0
L4_regime+L5_pyramid,L4_regime,L5_pyramid,90,10,"FTNT,HON,MU,TRI,PDD,KDP,ADSK,EA,CSX,ODFL",0.10356393817286029,5178.1969086430145,0.10356393817286029,0.2481105102115162,-0.1445465720386559,0,1
L4_regime+L5_pyramid,L4_regime,L5_pyramid,91,10,"ADP,MSTR,PYPL,META,CDW,KHC,PCAR,AEP,MU,SBUX",0.09459590704970816,4729.795352485407,0.09459590704970815,0.2481105102115162,-0.15351460316180804,0,1
L4_regime+L5_pyramid,L4_regime,L5_pyramid,92,10,"PLTR,LRCX,AMD,AEP,ISRG,TEAM,AXON,TRI,SBUX,CDNS",0.025541132129011844,1277.056606450592,0.02554113212901184,0.2481105102115162,-0.22256937808250435,0,1
L4_regime+L5_pyramid,L4_regime,L5_pyramid,93,10,"ROP,INTU,NXPI,SHOP,SNPS,DASH,GILD,ROST,WBD,CRWD",0.022304260644085593,1115.2130322042794,0.02230426064408559,0.2481105102115162,-0.22580624956743062,0,1
L4_regime+L5_pyramid,L4_regime,L5_pyramid,94,10,"ARM,AAPL,TXN,AMD,CPRT,TMUS,GEHC,TTD,EXC,CHTR",0.0008202937857470949,41.014689287353576,0.0008202937857470715,0.2481105102115162,-0.2472902164257691,0,1
L4_regime+L5_pyramid,L4_regime,L5_pyramid,95,10,"MELI,GEHC,SNPS,WDAY,AEP,CPRT,CDNS,ABNB,CDW,PEP",-0.05490885904955416,-2745.442952477708,-0.05490885904955416,0.2481105102115162,-0.30301936926107037,0,0
L4_regime+L5_pyramid,L4_regime,L5_pyramid,96,10,"GFS,MSTR,CTAS,ISRG,AMZN,ROP,AMD,COST,ZS,CCEP",0.016985022926337988,849.2511463168994,0.016985022926337988,0.2481105102115162,-0.2311254872851782,0,1
L4_regime+L5_pyramid,L4_regime,L5_pyramid,97,10,"CDNS,ADP,MAR,DASH,ABNB,ADI,ON,ADBE,DDOG,GOOGL",0.034085417571794355,1704.2708785897175,0.03408541757179435,0.2481105102115162,-0.21402509263972186,0,1
L4_regime+L5_pyramid,L4_regime,L5_pyramid,98,10,"MELI,MNST,DXCM,LRCX,TRI,BKNG,DASH,CPRT,GFS,NVDA",0.03416680926119797,1708.340463059898,0.03416680926119796,0.2481105102115162,-0.21394370095031823,0,1
L4_regime+L5_pyramid,L4_regime,L5_pyramid,99,10,"NXPI,FANG,MRVL,MDB,AXON,INTC,MSTR,AVGO,CDW,QCOM",0.02133665865120953,1066.8329325604773,0.021336658651209546,0.2481105102115162,-0.22677385156030666,0,1
