pair,run,month,pnl_usd,pnl_pct_on_50k
L1_time+L2_price,0,2025-08,-140.17581296793378,-0.0028035162593586754
L1_time+L2_price,0,2025-09,2939.0616243112254,0.05878123248622451
L1_time+L2_price,0,2025-10,-1471.0524209414107,-0.029421048418828213
L1_time+L2_price,0,2025-11,-1084.4702041179708,-0.021689404082359413
L1_time+L2_price,0,2025-12,-484.41781473636047,-0.00968835629472721
L1_time+L2_price,0,2026-01,-8.066257233527722,-0.00016132514467055443
L1_time+L2_price,0,2026-02,182.26101942867263,0.0036452203885734527
L1_time+L2_price,0,2026-03,-1367.257310566688,-0.027345146211333757
L1_time+L2_price,0,2026-04,73.11356115705621,0.0014622712231411243
L1_time+L2_price,0,2026-05,3046.674239183859,0.060933484783677175
L1_time+L2_price,0,2026-06,-1707.3179315585558,-0.03414635863117112
L1_time+L2_price,0,2026-07,-22.933799337252367,-0.00045867598674504735
L1_time+L2_price,1,2025-08,-561.8947183330147,-0.011237894366660294
L1_time+L2_price,1,2025-09,-4.746418530662595,-9.49283706132519e-05
L1_time+L2_price,1,2025-10,-164.69669714483098,-0.0032939339428966195
L1_time+L2_price,1,2025-11,217.056823618208,0.00434113647236416
L1_time+L2_price,1,2025-12,-275.3724564047652,-0.0055074491280953045
L1_time+L2_price,1,2026-01,162.32319396832918,0.0032464638793665837
L1_time+L2_price,1,2026-02,81.67903919084529,0.0016335807838169058
L1_time+L2_price,1,2026-03,-327.9571505604299,-0.006559143011208598
L1_time+L2_price,1,2026-04,-182.4638046634327,-0.0036492760932686544
L1_time+L2_price,1,2026-05,-87.93356932490497,-0.0017586713864980992
L1_time+L2_price,1,2026-06,268.54728953970516,0.005370945790794103
L1_time+L2_price,1,2026-07,145.0811928415942,0.002901623856831884
L1_time+L2_price,2,2025-08,259.8869242095334,0.005197738484190668
L1_time+L2_price,2,2025-09,2360.6298516602365,0.047212597033204726
L1_time+L2_price,2,2025-10,1615.7480227531578,0.03231496045506316
L1_time+L2_price,2,2025-11,-187.4771391908962,-0.003749542783817924
L1_time+L2_price,2,2025-12,-642.9829361835618,-0.012859658723671237
L1_time+L2_price,2,2026-01,-454.050913657039,-0.00908101827314078
L1_time+L2_price,2,2026-02,2435.3274791544445,0.04870654958308889
L1_time+L2_price,2,2026-03,-252.6281913914927,-0.005052563827829854
L1_time+L2_price,2,2026-04,224.76363978124027,0.004495272795624805
L1_time+L2_price,2,2026-05,1914.0534664010793,0.03828106932802158
L1_time+L2_price,2,2026-06,-1307.0545880232767,-0.026141091760465533
L1_time+L2_price,2,2026-07,-495.090939116938,-0.00990181878233876
L1_time+L2_price,3,2025-08,-529.6551801057167,-0.010593103602114334
L1_time+L2_price,3,2025-09,210.1265108896887,0.004202530217793774
L1_time+L2_price,3,2025-10,1108.8949380525892,0.022177898761051782
L1_time+L2_price,3,2025-11,39.52653804560123,0.0007905307609120246
L1_time+L2_price,3,2025-12,-737.8342383669387,-0.014756684767338775
L1_time+L2_price,3,2026-01,1348.7370683189292,0.026974741366378584
L1_time+L2_price,3,2026-02,554.1155971879552,0.011082311943759105
L1_time+L2_price,3,2026-03,-901.5128976637125,-0.01803025795327425
L1_time+L2_price,3,2026-04,-15.410521518310816,-0.0003082104303662163
L1_time+L2_price,3,2026-05,276.62719720101177,0.005532543944020235
L1_time+L2_price,3,2026-06,-212.58495539901833,-0.004251699107980366
L1_time+L2_price,3,2026-07,-29.97997582996777,-0.0005995995165993554
L1_time+L2_price,4,2025-08,211.5839214741136,0.004231678429482272
L1_time+L2_price,4,2025-09,551.5512465681213,0.011031024931362427
L1_time+L2_price,4,2025-10,321.20286630968985,0.006424057326193797
L1_time+L2_price,4,2025-11,-2118.521307054016,-0.04237042614108032
L1_time+L2_price,4,2025-12,-725.3481404925315,-0.01450696280985063
L1_time+L2_price,4,2026-01,604.3201080959584,0.012086402161919169
L1_time+L2_price,4,2026-02,980.7741867582799,0.019615483735165598
L1_time+L2_price,4,2026-03,-1531.384886086907,-0.03062769772173814
L1_time+L2_price,4,2026-04,2454.9027849109934,0.049098055698219865
L1_time+L2_price,4,2026-05,1507.5508563335143,0.030151017126670284
L1_time+L2_price,4,2026-06,2865.7719452592437,0.057315438905184875
L1_time+L2_price,4,2026-07,-1335.1390351603231,-0.026702780703206464
L1_time+L2_price,5,2025-08,413.6976840683992,0.008273953681367983
L1_time+L2_price,5,2025-09,-64.67293194103968,-0.0012934586388207935
L1_time+L2_price,5,2025-10,39.11294459279543,0.0007822588918559085
L1_time+L2_price,5,2025-11,941.7916273111796,0.01883583254622359
L1_time+L2_price,5,2025-12,-250.7715744009265,-0.00501543148801853
L1_time+L2_price,5,2026-01,-329.6835036323346,-0.006593670072646692
L1_time+L2_price,5,2026-02,573.3398480612941,0.011466796961225881
L1_time+L2_price,5,2026-03,175.78033273665915,0.003515606654733183
L1_time+L2_price,5,2026-04,573.8240091765892,0.011476480183531784
L1_time+L2_price,5,2026-05,-1522.6843940146205,-0.03045368788029241
L1_time+L2_price,5,2026-06,50.99217746641716,0.001019843549328343
L1_time+L2_price,5,2026-07,-108.07431351299783,-0.0021614862702599566
L1_time+L2_price,6,2025-08,104.47588225180243,0.002089517645036049
L1_time+L2_price,6,2025-09,2290.1049474324145,0.04580209894864829
L1_time+L2_price,6,2025-10,-2172.0921456118785,-0.04344184291223757
L1_time+L2_price,6,2025-11,-357.38501913135497,-0.007147700382627099
L1_time+L2_price,6,2025-12,-334.3426748490865,-0.0066868534969817305
L1_time+L2_price,6,2026-01,380.76979864509394,0.0076153959729018785
L1_time+L2_price,6,2026-02,166.81882428845074,0.0033363764857690147
L1_time+L2_price,6,2026-03,-626.2313752897753,-0.012524627505795506
L1_time+L2_price,6,2026-04,696.348999314313,0.01392697998628626
L1_time+L2_price,6,2026-05,1555.8449883105627,0.031116899766211254
L1_time+L2_price,6,2026-06,-2025.7961422710387,-0.04051592284542077
L1_time+L2_price,6,2026-07,-218.46480714157542,-0.004369296142831509
L1_time+L2_price,7,2025-08,-186.79439773522063,-0.0037358879547044125
L1_time+L2_price,7,2025-09,-35.091773768040184,-0.0007018354753608037
L1_time+L2_price,7,2025-10,864.0195893797872,0.017280391787595745
L1_time+L2_price,7,2025-11,820.2971290196938,0.016405942580393875
L1_time+L2_price,7,2025-12,120.48299845615838,0.0024096599691231678
L1_time+L2_price,7,2026-01,2016.904259904435,0.0403380851980887
L1_time+L2_price,7,2026-02,-63.767225237144885,-0.0012753445047428977
L1_time+L2_price,7,2026-03,-630.9165009211665,-0.012618330018423331
L1_time+L2_price,7,2026-04,310.7814325516247,0.0062156286510324935
L1_time+L2_price,7,2026-05,-1525.3082957808579,-0.030506165915617157
L1_time+L2_price,7,2026-06,-624.2065349310569,-0.012484130698621138
L1_time+L2_price,7,2026-07,413.4050583722201,0.008268101167444402
L1_time+L2_price,8,2025-08,-62.51593674525702,-0.0012503187349051405
L1_time+L2_price,8,2025-09,698.8385808798575,0.013976771617597151
L1_time+L2_price,8,2025-10,447.0362088920192,0.008940724177840384
L1_time+L2_price,8,2025-11,486.274796640203,0.00972549593280406
L1_time+L2_price,8,2025-12,40.11176698620966,0.0008022353397241932
L1_time+L2_price,8,2026-01,1238.8247169647193,0.024776494339294387
L1_time+L2_price,8,2026-02,-250.7427288827439,-0.005014854577654878
L1_time+L2_price,8,2026-03,-327.8113595679433,-0.006556227191358867
L1_time+L2_price,8,2026-04,370.8254395260765,0.00741650879052153
L1_time+L2_price,8,2026-05,1453.539883305085,0.029070797666101697
L1_time+L2_price,8,2026-06,122.2554029333287,0.002445108058666574
L1_time+L2_price,8,2026-07,-320.269143415293,-0.00640538286830586
L1_time+L2_price,9,2025-08,358.91309617501884,0.007178261923500377
L1_time+L2_price,9,2025-09,2675.1841747061508,0.05350368349412302
L1_time+L2_price,9,2025-10,-1761.8782001264672,-0.035237564002529344
L1_time+L2_price,9,2025-11,-610.962197359012,-0.012219243947180238
L1_time+L2_price,9,2025-12,-319.53083073213384,-0.006390616614642677
L1_time+L2_price,9,2026-01,588.6636157207367,0.011773272314414735
L1_time+L2_price,9,2026-02,103.2971562806415,0.0020659431256128302
L1_time+L2_price,9,2026-03,-352.952250918981,-0.00705904501837962
L1_time+L2_price,9,2026-04,728.6265838924346,0.014572531677848692
L1_time+L2_price,9,2026-05,1326.422880474497,0.026528457609489943
L1_time+L2_price,9,2026-06,-2002.058397553361,-0.04004116795106722
L1_time+L2_price,9,2026-07,-202.61842574754064,-0.004052368514950813
L1_time+L2_price,10,2025-08,-98.91193499454585,-0.0019782386998909167
L1_time+L2_price,10,2025-09,3.526165801435127,7.052331602870254e-05
L1_time+L2_price,10,2025-10,-365.8174558120245,-0.00731634911624049
L1_time+L2_price,10,2025-11,-148.84219023651258,-0.0029768438047302515
L1_time+L2_price,10,2025-12,-494.25860327175815,-0.009885172065435164
L1_time+L2_price,10,2026-01,974.7191620592048,0.019494383241184098
L1_time+L2_price,10,2026-02,1247.9721691578206,0.024959443383156414
L1_time+L2_price,10,2026-03,-1318.367384022944,-0.02636734768045888
L1_time+L2_price,10,2026-04,527.4281887314291,0.010548563774628582
L1_time+L2_price,10,2026-05,-137.8256220424537,-0.002756512440849074
L1_time+L2_price,10,2026-06,-448.08152355832044,-0.00896163047116641
L1_time+L2_price,10,2026-07,-305.66782899412146,-0.006113356579882429
L1_time+L2_price,11,2025-08,-327.8233407470343,-0.0065564668149406865
L1_time+L2_price,11,2025-09,-331.2068920321908,-0.006624137840643816
L1_time+L2_price,11,2025-10,-314.9459048410963,-0.006298918096821926
L1_time+L2_price,11,2025-11,-268.92051597697446,-0.005378410319539489
L1_time+L2_price,11,2025-12,-328.8882660686686,-0.006577765321373372
L1_time+L2_price,11,2026-01,72.18707376723432,0.0014437414753446865
L1_time+L2_price,11,2026-02,-1209.3798568193392,-0.024187597136386785
L1_time+L2_price,11,2026-03,-637.2647266396489,-0.012745294532792977
L1_time+L2_price,11,2026-04,1868.7583495490367,0.037375166990980736
L1_time+L2_price,11,2026-05,-18.057240549584094,-0.0003611448109916819
L1_time+L2_price,11,2026-06,-353.21342779785755,-0.007064268555957151
L1_time+L2_price,11,2026-07,-42.61130509271561,-0.0008522261018543122
L1_time+L2_price,12,2025-08,0.5384967510517527,1.0769935021035053e-05
L1_time+L2_price,12,2025-09,-233.03677600166793,-0.0046607355200333584
L1_time+L2_price,12,2025-10,-153.63101582368472,-0.0030726203164736943
L1_time+L2_price,12,2025-11,-86.23656040379228,-0.0017247312080758456
L1_time+L2_price,12,2025-12,-227.69811930303877,-0.004553962386060775
L1_time+L2_price,12,2026-01,-895.5868169533087,-0.017911736339066175
L1_time+L2_price,12,2026-02,-19.542808966387383,-0.00039085617932774767
L1_time+L2_price,12,2026-03,-330.7317714435321,-0.006614635428870643
L1_time+L2_price,12,2026-04,85.83577146632342,0.0017167154293264684
L1_time+L2_price,12,2026-05,315.05543711370865,0.006301108742274173
L1_time+L2_price,12,2026-06,48.58400844805328,0.0009716801689610657
L1_time+L2_price,12,2026-07,228.74867597763296,0.004574973519552659
L1_time+L2_price,13,2025-08,-1031.0073746829084,-0.02062014749365817
L1_time+L2_price,13,2025-09,195.96941493241593,0.003919388298648319
L1_time+L2_price,13,2025-10,532.5643898033541,0.010651287796067081
L1_time+L2_price,13,2025-11,-425.5754968174215,-0.00851150993634843
L1_time+L2_price,13,2025-12,-819.193507444852,-0.01638387014889704
L1_time+L2_price,13,2026-01,72.02370922487353,0.0014404741844974707
L1_time+L2_price,13,2026-02,385.74635745208343,0.007714927149041669
L1_time+L2_price,13,2026-03,-615.4229185616468,-0.012308458371232936
L1_time+L2_price,13,2026-04,2111.077205554161,0.04222154411108322
L1_time+L2_price,13,2026-05,3472.0326730877223,0.06944065346175445
L1_time+L2_price,13,2026-06,2547.5947204520444,0.05095189440904089
L1_time+L2_price,13,2026-07,-148.58519114331375,-0.002971703822866275
L1_time+L2_price,14,2025-08,495.1597242288808,0.009903194484577616
L1_time+L2_price,14,2025-09,4789.561230334614,0.09579122460669229
L1_time+L2_price,14,2025-10,41.15781486199376,0.0008231562972398751
L1_time+L2_price,14,2025-11,-840.1781645474948,-0.016803563290949897
L1_time+L2_price,14,2025-12,-440.0497170949593,-0.008800994341899186
L1_time+L2_price,14,2026-01,1503.3071546410984,0.030066143092821965
L1_time+L2_price,14,2026-02,-73.97676669483599,-0.0014795353338967197
L1_time+L2_price,14,2026-03,-1218.7502329381196,-0.02437500465876239
L1_time+L2_price,14,2026-04,1887.9029174579905,0.03775805834915981
L1_time+L2_price,14,2026-05,2410.863545537516,0.04821727091075032
L1_time+L2_price,14,2026-06,-1938.4598289994137,-0.03876919657998827
L1_time+L2_price,14,2026-07,-326.5525146066884,-0.006531050292133769
L1_time+L2_price,15,2025-08,317.6087408862795,0.006352174817725591
L1_time+L2_price,15,2025-09,2970.367162588992,0.05940734325177984
L1_time+L2_price,15,2025-10,-1939.952055528709,-0.03879904111057418
L1_time+L2_price,15,2025-11,-201.2920748957813,-0.004025841497915626
L1_time+L2_price,15,2025-12,-769.8937489718855,-0.01539787497943771
L1_time+L2_price,15,2026-01,-667.4990310596295,-0.01334998062119259
L1_time+L2_price,15,2026-02,-11.148194411254735,-0.0002229638882250947
L1_time+L2_price,15,2026-03,-577.1209245640721,-0.011542418491281441
L1_time+L2_price,15,2026-04,1997.4862228391503,0.039949724456783006
L1_time+L2_price,15,2026-05,2633.947476380272,0.052678949527605434
L1_time+L2_price,15,2026-06,1288.3337691186262,0.025766675382372522
L1_time+L2_price,15,2026-07,158.875316337997,0.00317750632675994
L1_time+L2_price,16,2025-08,-68.62850211648856,-0.0013725700423297712
L1_time+L2_price,16,2025-09,214.91750668561326,0.0042983501337122655
L1_time+L2_price,16,2025-10,211.03280521380293,0.004220656104276059
L1_time+L2_price,16,2025-11,-163.62525590224686,-0.0032725051180449373
L1_time+L2_price,16,2025-12,-479.64025393299653,-0.00959280507865993
L1_time+L2_price,16,2026-01,661.2429792039029,0.013224859584078059
L1_time+L2_price,16,2026-02,1334.9337742944035,0.02669867548588807
L1_time+L2_price,16,2026-03,-424.28702262958905,-0.00848574045259178
L1_time+L2_price,16,2026-04,1843.1728325687218,0.036863456651374436
L1_time+L2_price,16,2026-05,-95.6202103033661,-0.0019124042060673218
L1_time+L2_price,16,2026-06,2244.1929287599223,0.04488385857519844
L1_time+L2_price,16,2026-07,-185.04099846207828,-0.0037008199692415656
L1_time+L2_price,17,2025-08,131.64642705974438,0.0026329285411948876
L1_time+L2_price,17,2025-09,-183.02052541090507,-0.0036604105082181015
L1_time+L2_price,17,2025-10,-575.6376052808564,-0.011512752105617127
L1_time+L2_price,17,2025-11,436.29770247533816,0.008725954049506763
L1_time+L2_price,17,2025-12,-590.612540535456,-0.01181225081070912
L1_time+L2_price,17,2026-01,-605.3007794813466,-0.012106015589626932
L1_time+L2_price,17,2026-02,-178.4761039922214,-0.003569522079844428
L1_time+L2_price,17,2026-03,-220.52686730783262,-0.004410537346156652
L1_time+L2_price,17,2026-04,73.53600330529753,0.0014707200661059506
L1_time+L2_price,17,2026-05,499.72930219092996,0.0099945860438186
L1_time+L2_price,17,2026-06,-445.5139118553225,-0.00891027823710645
L1_time+L2_price,17,2026-07,347.5228795133057,0.006950457590266115
L1_time+L2_price,18,2025-08,-1171.0421769452832,-0.023420843538905663
L1_time+L2_price,18,2025-09,-53.414997546425184,-0.0010682999509285037
L1_time+L2_price,18,2025-10,325.1498345244345,0.006502996690488689
L1_time+L2_price,18,2025-11,-534.2368179846444,-0.010684736359692889
L1_time+L2_price,18,2025-12,-316.01621392448305,-0.0063203242784896614
L1_time+L2_price,18,2026-01,673.1306057855709,0.013462612115711418
L1_time+L2_price,18,2026-02,1335.990918399123,0.02671981836798246
L1_time+L2_price,18,2026-03,-1614.532553302829,-0.03229065106605658
L1_time+L2_price,18,2026-04,2149.1831851524103,0.04298366370304821
L1_time+L2_price,18,2026-05,2212.9058973371675,0.04425811794674335
L1_time+L2_price,18,2026-06,2558.220808694109,0.051164416173882184
L1_time+L2_price,18,2026-07,-367.63637518494534,-0.007352727503698907
L1_time+L2_price,19,2025-08,195.3070561588338,0.003906141123176676
L1_time+L2_price,19,2025-09,2917.3536507423614,0.05834707301484723
L1_time+L2_price,19,2025-10,1622.1953608321628,0.03244390721664325
L1_time+L2_price,19,2025-11,-2262.8620889043987,-0.04525724177808797
L1_time+L2_price,19,2025-12,-334.4237179649608,-0.006688474359299216
L1_time+L2_price,19,2026-01,1008.9013093951125,0.02017802618790225
L1_time+L2_price,19,2026-02,306.25658256023416,0.006125131651204683
L1_time+L2_price,19,2026-03,-1105.5615581525908,-0.022111231163051817
L1_time+L2_price,19,2026-04,48.77268586771788,0.0009754537173543576
L1_time+L2_price,19,2026-05,1282.3698579756356,0.02564739715951271
L1_time+L2_price,19,2026-06,-399.29489363623543,-0.007985897872724709
L1_time+L2_price,19,2026-07,-49.798959314114654,-0.0009959791862822931
L1_time+L2_price,20,2025-08,-2804.4992251044655,-0.05608998450208931
L1_time+L2_price,20,2025-09,0.0,0.0
L1_time+L2_price,20,2025-10,-124.65979153064245,-0.002493195830612849
L1_time+L2_price,20,2025-11,-552.0467404442925,-0.01104093480888585
L1_time+L2_price,20,2025-12,-652.8523603089407,-0.013057047206178814
L1_time+L2_price,20,2026-01,796.4447963930634,0.01592889592786127
L1_time+L2_price,20,2026-02,619.7723435141743,0.012395446870283485
L1_time+L2_price,20,2026-03,39.79186129637765,0.0007958372259275529
L1_time+L2_price,20,2026-04,596.930091928737,0.011938601838574741
L1_time+L2_price,20,2026-05,1646.2018346504083,0.03292403669300817
L1_time+L2_price,20,2026-06,-39.141385704961976,-0.0007828277140992395
L1_time+L2_price,20,2026-07,-71.16978867177659,-0.0014233957734355318
L1_time+L2_price,21,2025-08,-454.74956984711116,-0.009094991396942224
L1_time+L2_price,21,2025-09,-177.32741804012585,-0.003546548360802517
L1_time+L2_price,21,2025-10,-153.22626519972164,-0.0030645253039944327
L1_time+L2_price,21,2025-11,-115.63577174149304,-0.002312715434829861
L1_time+L2_price,21,2025-12,-742.4503002011425,-0.01484900600402285
L1_time+L2_price,21,2026-01,338.1125629507442,0.006762251259014884
L1_time+L2_price,21,2026-02,452.2348731432012,0.009044697462864024
L1_time+L2_price,21,2026-03,-856.4406865090477,-0.017128813730180954
L1_time+L2_price,21,2026-04,1088.5894312468154,0.021771788624936308
L1_time+L2_price,21,2026-05,171.48823381060356,0.0034297646762120712
L1_time+L2_price,21,2026-06,-4.3859346248482325,-8.771869249696465e-05
L1_time+L2_price,21,2026-07,220.032742472491,0.00440065484944982
L1_time+L2_price,22,2025-08,-150.2808017405132,-0.003005616034810264
L1_time+L2_price,22,2025-09,304.57118439289206,0.006091423687857841
L1_time+L2_price,22,2025-10,775.7250799410976,0.015514501598821952
L1_time+L2_price,22,2025-11,1282.6138645806177,0.025652277291612353
L1_time+L2_price,22,2025-12,800.0517166296167,0.016001034332592336
L1_time+L2_price,22,2026-01,-139.50176250908316,-0.0027900352501816633
L1_time+L2_price,22,2026-02,829.7065614410712,0.016594131228821425
L1_time+L2_price,22,2026-03,-556.7908309329077,-0.011135816618658154
L1_time+L2_price,22,2026-04,179.29581651429362,0.003585916330285872
L1_time+L2_price,22,2026-05,-295.64853192755436,-0.005912970638551087
L1_time+L2_price,22,2026-06,-657.1893896540287,-0.013143787793080574
L1_time+L2_price,22,2026-07,-523.8455839435401,-0.010476911678870802
L1_time+L2_price,23,2025-08,186.93637579121696,0.0037387275158243393
L1_time+L2_price,23,2025-09,1801.3182168324565,0.03602636433664913
L1_time+L2_price,23,2025-10,1304.3074105426485,0.02608614821085297
L1_time+L2_price,23,2025-11,-54.3667920872158,-0.001087335841744316
L1_time+L2_price,23,2025-12,712.2597816584903,0.014245195633169805
L1_time+L2_price,23,2026-01,164.05737257112742,0.0032811474514225485
L1_time+L2_price,23,2026-02,-614.507851489806,-0.012290157029796118
L1_time+L2_price,23,2026-03,-399.9604337661458,-0.007999208675322916
L1_time+L2_price,23,2026-04,433.752657483913,0.008675053149678261
L1_time+L2_price,23,2026-05,1246.6296325142148,0.024932592650284295
L1_time+L2_price,23,2026-06,-623.7793659673971,-0.012475587319347942
L1_time+L2_price,23,2026-07,193.22759888372093,0.0038645519776744188
L1_time+L2_price,24,2025-08,-58.292250621093444,-0.0011658450124218689
L1_time+L2_price,24,2025-09,753.9541183926403,0.015079082367852806
L1_time+L2_price,24,2025-10,447.4306774850984,0.008948613549701967
L1_time+L2_price,24,2025-11,-780.6869963061263,-0.015613739926122526
L1_time+L2_price,24,2025-12,-237.27611765181882,-0.0047455223530363765
L1_time+L2_price,24,2026-01,-541.1778947507237,-0.010823557895014473
L1_time+L2_price,24,2026-02,94.57228997957918,0.0018914457995915835
L1_time+L2_price,24,2026-03,354.3431736471475,0.00708686347294295
L1_time+L2_price,24,2026-04,414.2903692932823,0.008285807385865646
L1_time+L2_price,24,2026-05,-1554.4952006137332,-0.031089904012274665
L1_time+L2_price,24,2026-06,-0.20470496796042426,-4.0940993592084855e-06
L1_time+L2_price,24,2026-07,-778.2197148193654,-0.01556439429638731
L1_time+L2_price,25,2025-08,-219.8201277420494,-0.004396402554840988
L1_time+L2_price,25,2025-09,76.94454282766492,0.0015388908565532983
L1_time+L2_price,25,2025-10,193.12055829747078,0.0038624111659494157
L1_time+L2_price,25,2025-11,939.1580818781213,0.018783161637562426
L1_time+L2_price,25,2025-12,439.2890678071144,0.008785781356142289
L1_time+L2_price,25,2026-01,179.29669054300757,0.0035859338108601515
L1_time+L2_price,25,2026-02,816.0034978875756,0.016320069957751513
L1_time+L2_price,25,2026-03,-342.9117147492043,-0.006858234294984086
L1_time+L2_price,25,2026-04,466.1804709765893,0.009323609419531786
L1_time+L2_price,25,2026-05,-385.72578433933995,-0.007714515686786799
L1_time+L2_price,25,2026-06,18.435675631016238,0.0003687135126203248
L1_time+L2_price,25,2026-07,97.44708385686681,0.0019489416771373363
L1_time+L2_price,26,2025-08,-512.9535731826627,-0.010259071463653254
L1_time+L2_price,26,2025-09,158.2617363344325,0.00316523472668865
L1_time+L2_price,26,2025-10,377.0124290553513,0.007540248581107026
L1_time+L2_price,26,2025-11,44.7948731936076,0.000895897463872152
L1_time+L2_price,26,2025-12,-365.8662883109005,-0.00731732576621801
L1_time+L2_price,26,2026-01,44.72353545176975,0.0008944707090353949
L1_time+L2_price,26,2026-02,2232.556174221986,0.044651123484439725
L1_time+L2_price,26,2026-03,-226.56196298457053,-0.00453123925969141
L1_time+L2_price,26,2026-04,-47.6500529902296,-0.0009530010598045919
L1_time+L2_price,26,2026-05,-706.3643632962066,-0.014127287265924132
L1_time+L2_price,26,2026-06,-183.74295870235528,-0.0036748591740471057
L1_time+L2_price,26,2026-07,505.4171055024867,0.010108342110049734
L1_time+L2_price,27,2025-08,58.074644695196184,0.0011614928939039236
L1_time+L2_price,27,2025-09,157.85424529340708,0.0031570849058681415
L1_time+L2_price,27,2025-10,707.7112762071938,0.014154225524143875
L1_time+L2_price,27,2025-11,1315.2009715744807,0.026304019431489613
L1_time+L2_price,27,2025-12,-631.4196517768023,-0.012628393035536046
L1_time+L2_price,27,2026-01,-763.756922949724,-0.015275138458994478
L1_time+L2_price,27,2026-02,614.8538909661374,0.012297077819322749
L1_time+L2_price,27,2026-03,155.85577312057376,0.003117115462411475
L1_time+L2_price,27,2026-04,402.72115477029274,0.008054423095405855
L1_time+L2_price,27,2026-05,-290.19294629317756,-0.005803858925863551
L1_time+L2_price,27,2026-06,-81.71976338247168,-0.0016343952676494337
L1_time+L2_price,27,2026-07,-977.6332796899464,-0.01955266559379893
L1_time+L2_price,28,2025-08,13.73013729550803,0.0002746027459101606
L1_time+L2_price,28,2025-09,32.12879936025456,0.0006425759872050913
L1_time+L2_price,28,2025-10,84.44353079357279,0.001688870615871456
L1_time+L2_price,28,2025-11,-69.22386368114076,-0.0013844772736228152
L1_time+L2_price,28,2025-12,-815.1693193146311,-0.016303386386292622
L1_time+L2_price,28,2026-01,-423.53836785804515,-0.008470767357160902
L1_time+L2_price,28,2026-02,106.1191194054827,0.002122382388109654
L1_time+L2_price,28,2026-03,-379.19639621459055,-0.007583927924291811
L1_time+L2_price,28,2026-04,342.585519062025,0.0068517103812405005
L1_time+L2_price,28,2026-05,-1027.0826537317794,-0.020541653074635586
L1_time+L2_price,28,2026-06,-262.55876682297185,-0.005251175336459437
L1_time+L2_price,28,2026-07,-187.33277680272658,-0.0037466555360545317
L1_time+L2_price,29,2025-08,63.376126185963585,0.0012675225237192716
L1_time+L2_price,29,2025-09,89.93524663799963,0.0017987049327599924
L1_time+L2_price,29,2025-10,188.7109063074322,0.003774218126148644
L1_time+L2_price,29,2025-11,581.4037625115661,0.011628075250231323
L1_time+L2_price,29,2025-12,-568.0686394560398,-0.011361372789120796
L1_time+L2_price,29,2026-01,783.3929139904103,0.015667858279808208
L1_time+L2_price,29,2026-02,1194.7655441791667,0.023895310883583334
L1_time+L2_price,29,2026-03,-1212.3356961389536,-0.02424671392277907
L1_time+L2_price,29,2026-04,794.7740477789857,0.015895480955579716
L1_time+L2_price,29,2026-05,80.84304684294239,0.0016168609368588478
L1_time+L2_price,29,2026-06,-206.20095139486148,-0.004124019027897229
L1_time+L2_price,29,2026-07,-578.8009975064797,-0.011576019950129593
L1_time+L2_price,30,2025-08,-61.03215094448842,-0.0012206430188897684
L1_time+L2_price,30,2025-09,700.3071247990765,0.014006142495981531
L1_time+L2_price,30,2025-10,1178.7091451961815,0.02357418290392363
L1_time+L2_price,30,2025-11,276.04121200868485,0.0055208242401736975
L1_time+L2_price,30,2025-12,-932.6102546988332,-0.018652205093976665
L1_time+L2_price,30,2026-01,1454.2413992250931,0.029084827984501863
L1_time+L2_price,30,2026-02,938.5721153340892,0.018771442306681783
L1_time+L2_price,30,2026-03,284.22132251745643,0.005684426450349129
L1_time+L2_price,30,2026-04,239.5492664701551,0.004790985329403101
L1_time+L2_price,30,2026-05,-37.17129295656741,-0.0007434258591313482
L1_time+L2_price,30,2026-06,-426.21603212499394,-0.008524320642499878
L1_time+L2_price,30,2026-07,-88.50905785300256,-0.0017701811570600512
L1_time+L2_price,31,2025-08,-866.795417606173,-0.01733590835212346
L1_time+L2_price,31,2025-09,1484.9409284153935,0.02969881856830787
L1_time+L2_price,31,2025-10,946.7039239066553,0.018934078478133106
L1_time+L2_price,31,2025-11,-1552.669928659123,-0.03105339857318246
L1_time+L2_price,31,2025-12,-994.2527344933851,-0.0198850546898677
L1_time+L2_price,31,2026-01,1582.2517824807637,0.03164503564961527
L1_time+L2_price,31,2026-02,845.0043989804417,0.016900087979608833
L1_time+L2_price,31,2026-03,-1043.837789475765,-0.0208767557895153
L1_time+L2_price,31,2026-04,719.8649304218716,0.014397298608437432
L1_time+L2_price,31,2026-05,1155.8762653901686,0.02311752530780337
L1_time+L2_price,31,2026-06,-470.2335526920797,-0.009404671053841594
L1_time+L2_price,31,2026-07,102.89313317305823,0.0020578626634611646
L1_time+L2_price,32,2025-08,-648.8318946027111,-0.012976637892054223
L1_time+L2_price,32,2025-09,598.8955405129445,0.01197791081025889
L1_time+L2_price,32,2025-10,22.88775982106381,0.0004577551964212762
L1_time+L2_price,32,2025-11,-1133.637388332866,-0.02267274776665732
L1_time+L2_price,32,2025-12,-512.0039725036077,-0.010240079450072152
L1_time+L2_price,32,2026-01,587.5753177159022,0.011751506354318044
L1_time+L2_price,32,2026-02,-256.2902634986958,-0.005125805269973916
L1_time+L2_price,32,2026-03,-1006.5077259119244,-0.020130154518238488
L1_time+L2_price,32,2026-04,2060.9206983377026,0.041218413966754054
L1_time+L2_price,32,2026-05,2215.8901850608836,0.04431780370121767
L1_time+L2_price,32,2026-06,2496.966825830278,0.049939336516605565
L1_time+L2_price,32,2026-07,-904.0561044195497,-0.018081122088390994
L1_time+L2_price,33,2025-08,-82.24695462606451,-0.00164493909252129
L1_time+L2_price,33,2025-09,-5.220354417166163,-0.00010440708834332326
L1_time+L2_price,33,2025-10,-119.36756648799837,-0.0023873513297599674
L1_time+L2_price,33,2025-11,287.2399862078537,0.005744799724157074
L1_time+L2_price,33,2025-12,-290.56217790736537,-0.005811243558147308
L1_time+L2_price,33,2026-01,1292.853047605894,0.025857060952117882
L1_time+L2_price,33,2026-02,-147.08337646785094,-0.002941667529357019
L1_time+L2_price,33,2026-03,-787.1218075270963,-0.015742436150541925
L1_time+L2_price,33,2026-04,796.1721352221521,0.01592344270444304
L1_time+L2_price,33,2026-05,305.0212751831432,0.006100425503662864
L1_time+L2_price,33,2026-06,-263.67076747055125,-0.005273415349411025
L1_time+L2_price,33,2026-07,331.71647871685946,0.006634329574337189
L1_time+L2_price,34,2025-08,-163.92888127913557,-0.0032785776255827115
L1_time+L2_price,34,2025-09,850.4299500533125,0.01700859900106625
L1_time+L2_price,34,2025-10,412.0622310133058,0.008241244620266116
L1_time+L2_price,34,2025-11,-395.33405682352077,-0.007906681136470415
L1_time+L2_price,34,2025-12,-351.7948415200108,-0.007035896830400215
L1_time+L2_price,34,2026-01,888.8361643954631,0.017776723287909264
L1_time+L2_price,34,2026-02,1933.3688679179154,0.03866737735835831
L1_time+L2_price,34,2026-03,-769.3330356364058,-0.015386660712728116
L1_time+L2_price,34,2026-04,2025.8964379037047,0.04051792875807409
L1_time+L2_price,34,2026-05,-923.2381190807646,-0.01846476238161529
L1_time+L2_price,34,2026-06,-696.4530935672692,-0.013929061871345384
L1_time+L2_price,34,2026-07,-290.20235359365324,-0.0058040470718730645
L1_time+L2_price,35,2025-08,-454.8280355750776,-0.009096560711501552
L1_time+L2_price,35,2025-09,968.3414799643515,0.01936682959928703
L1_time+L2_price,35,2025-10,-194.89514684092228,-0.0038979029368184457
L1_time+L2_price,35,2025-11,-1298.1350784459619,-0.02596270156891924
L1_time+L2_price,35,2025-12,-307.47223005588467,-0.006149444601117693
L1_time+L2_price,35,2026-01,926.5857944314466,0.01853171588862893
L1_time+L2_price,35,2026-02,1107.5599838215376,0.02215119967643075
L1_time+L2_price,35,2026-03,-1478.6887464718975,-0.02957377492943795
L1_time+L2_price,35,2026-04,668.249579399293,0.01336499158798586
L1_time+L2_price,35,2026-05,-93.90185421900514,-0.0018780370843801029
L1_time+L2_price,35,2026-06,25.503052231510082,0.0005100610446302017
L1_time+L2_price,35,2026-07,-602.368398749571,-0.01204736797499142
L1_time+L2_price,36,2025-08,322.5150398453252,0.006450300796906503
L1_time+L2_price,36,2025-09,2455.5053402941867,0.049110106805883735
L1_time+L2_price,36,2025-10,1706.678484799103,0.03413356969598206
L1_time+L2_price,36,2025-11,-1686.2198246161115,-0.03372439649232223
L1_time+L2_price,36,2025-12,-655.794385292158,-0.013115887705843161
L1_time+L2_price,36,2026-01,650.851169096215,0.0130170233819243
L1_time+L2_price,36,2026-02,257.8610840868523,0.005157221681737046
L1_time+L2_price,36,2026-03,-588.7690478501218,-0.011775380957002436
L1_time+L2_price,36,2026-04,375.3893136966517,0.007507786273933034
L1_time+L2_price,36,2026-05,3123.754110057731,0.06247508220115462
L1_time+L2_price,36,2026-06,-619.7392935276384,-0.012394785870552769
L1_time+L2_price,36,2026-07,-484.04954807566537,-0.009680990961513307
L1_time+L2_price,37,2025-08,-605.1051820602725,-0.01210210364120545
L1_time+L2_price,37,2025-09,-188.5908169609329,-0.003771816339218658
L1_time+L2_price,37,2025-10,276.0418120968643,0.0055208362419372865
L1_time+L2_price,37,2025-11,-709.970468742461,-0.014199409374849219
L1_time+L2_price,37,2025-12,-463.850680837606,-0.009277013616752119
L1_time+L2_price,37,2026-01,-126.6351681196893,-0.002532703362393786
L1_time+L2_price,37,2026-02,1132.1899486433895,0.02264379897286779
L1_time+L2_price,37,2026-03,-681.869011260047,-0.01363738022520094
L1_time+L2_price,37,2026-04,1447.0686513623477,0.028941373027246954
L1_time+L2_price,37,2026-05,1158.6791606026036,0.02317358321205207
L1_time+L2_price,37,2026-06,2734.5618641457686,0.054691237282915375
L1_time+L2_price,37,2026-07,-15.222799323698382,-0.00030445598647396764
L1_time+L2_price,38,2025-08,297.5786808358489,0.005951573616716978
L1_time+L2_price,38,2025-09,2224.066339433107,0.04448132678866214
L1_time+L2_price,38,2025-10,2056.8053470132936,0.04113610694026587
L1_time+L2_price,38,2025-11,-36.139873256080136,-0.0007227974651216028
L1_time+L2_price,38,2025-12,-189.37155293125943,-0.0037874310586251884
L1_time+L2_price,38,2026-01,1668.4910507153254,0.03336982101430651
L1_time+L2_price,38,2026-02,252.82961957620773,0.005056592391524155
L1_time+L2_price,38,2026-03,-940.3533644114013,-0.01880706728822803
L1_time+L2_price,38,2026-04,-441.62233450702115,-0.008832446690140423
L1_time+L2_price,38,2026-05,1282.3698579756356,0.02564739715951271
L1_time+L2_price,38,2026-06,-305.41437973670963,-0.006108287594734193
L1_time+L2_price,38,2026-07,159.76229420703294,0.003195245884140659
L1_time+L2_price,39,2025-08,-816.8584730227922,-0.016337169460455842
L1_time+L2_price,39,2025-09,947.6736162826255,0.01895347232565251
L1_time+L2_price,39,2025-10,-80.58285381286532,-0.0016116570762573065
L1_time+L2_price,39,2025-11,-1137.9132997227453,-0.022758265994454904
L1_time+L2_price,39,2025-12,-732.5852564223901,-0.014651705128447802
L1_time+L2_price,39,2026-01,956.897671302695,0.0191379534260539
L1_time+L2_price,39,2026-02,746.9977973047717,0.014939955946095432
L1_time+L2_price,39,2026-03,-1896.0727870525516,-0.03792145574105103
L1_time+L2_price,39,2026-04,400.27765421695403,0.008005553084339081
L1_time+L2_price,39,2026-05,-39.23521013594018,-0.0007847042027188035
L1_time+L2_price,39,2026-06,-133.94623778542882,-0.0026789247557085765
L1_time+L2_price,39,2026-07,-413.15123838677437,-0.008263024767735487
L1_time+L2_price,40,2025-08,231.48103077554242,0.004629620615510848
L1_time+L2_price,40,2025-09,2678.0107684768736,0.05356021536953747
L1_time+L2_price,40,2025-10,2336.758856094829,0.04673517712189658
L1_time+L2_price,40,2025-11,-2498.4060517761045,-0.04996812103552209
L1_time+L2_price,40,2025-12,-1417.2672566247538,-0.028345345132495075
L1_time+L2_price,40,2026-01,793.0287446846851,0.0158605748936937
L1_time+L2_price,40,2026-02,-353.9803657297339,-0.0070796073145946775
L1_time+L2_price,40,2026-03,-109.67278134500339,-0.002193455626900068
L1_time+L2_price,40,2026-04,3974.082272616283,0.07948164545232565
L1_time+L2_price,40,2026-05,3054.2140442842083,0.06108428088568416
L1_time+L2_price,40,2026-06,1877.4988918827403,0.037549977837654805
L1_time+L2_price,40,2026-07,-357.24360710072597,-0.007144872142014519
L1_time+L2_price,41,2025-08,-236.19096148651352,-0.00472381922973027
L1_time+L2_price,41,2025-09,-15.233472588968652,-0.00030466945177937306
L1_time+L2_price,41,2025-10,-190.091254138777,-0.00380182508277554
L1_time+L2_price,41,2025-11,-1493.7536445307405,-0.02987507289061481
L1_time+L2_price,41,2025-12,-480.51447151096363,-0.009610289430219273
L1_time+L2_price,41,2026-01,-97.28284089769977,-0.0019456568179539954
L1_time+L2_price,41,2026-02,541.0702265908858,0.010821404531817716
L1_time+L2_price,41,2026-03,-1605.9412096243564,-0.03211882419248713
L1_time+L2_price,41,2026-04,636.657277739756,0.012733145554795119
L1_time+L2_price,41,2026-05,1546.5480955752564,0.030930961911505128
L1_time+L2_price,41,2026-06,-636.205399121297,-0.01272410798242594
L1_time+L2_price,41,2026-07,-120.15224194814618,-0.002403044838962924
L1_time+L2_price,42,2025-08,-1826.2615923942471,-0.03652523184788494
L1_time+L2_price,42,2025-09,1168.2989336469554,0.02336597867293911
L1_time+L2_price,42,2025-10,180.14069616841925,0.003602813923368385
L1_time+L2_price,42,2025-11,-1798.4032476529674,-0.03596806495305935
L1_time+L2_price,42,2025-12,-179.83508722884199,-0.0035967017445768397
L1_time+L2_price,42,2026-01,528.1604575101701,0.010563209150203402
L1_time+L2_price,42,2026-02,1059.1959653943786,0.021183919307887572
L1_time+L2_price,42,2026-03,-731.5171073090278,-0.014630342146180555
L1_time+L2_price,42,2026-04,283.9549261431839,0.005679098522863678
L1_time+L2_price,42,2026-05,-498.9088764057169,-0.009978177528114338
L1_time+L2_price,42,2026-06,-179.5290286950967,-0.003590580573901934
L1_time+L2_price,42,2026-07,-267.254333080934,-0.00534508666161868
L1_time+L2_price,43,2025-08,149.04110408571887,0.0029808220817143776
L1_time+L2_price,43,2025-09,515.4998778466488,0.010309997556932977
L1_time+L2_price,43,2025-10,902.6564286367975,0.01805312857273595
L1_time+L2_price,43,2025-11,-1091.873263734039,-0.021837465274680782
L1_time+L2_price,43,2025-12,-770.8140084006563,-0.015416280168013127
L1_time+L2_price,43,2026-01,135.48748046075343,0.0027097496092150686
L1_time+L2_price,43,2026-02,-540.0822370245278,-0.010801644740490555
L1_time+L2_price,43,2026-03,-163.80581746377266,-0.003276116349275453
L1_time+L2_price,43,2026-04,1789.9049417956758,0.03579809883591351
L1_time+L2_price,43,2026-05,1879.203250212904,0.03758406500425808
L1_time+L2_price,43,2026-06,2536.632577323525,0.0507326515464705
L1_time+L2_price,43,2026-07,-379.92595324305785,-0.007598519064861157
L1_time+L2_price,44,2025-08,-575.6265100687233,-0.011512530201374466
L1_time+L2_price,44,2025-09,404.07166336575483,0.008081433267315096
L1_time+L2_price,44,2025-10,-35.210525794736895,-0.0007042105158947379
L1_time+L2_price,44,2025-11,702.8607609715882,0.014057215219431764
L1_time+L2_price,44,2025-12,-710.5075627131737,-0.014210151254263474
L1_time+L2_price,44,2026-01,43.57226961711058,0.0008714453923422116
L1_time+L2_price,44,2026-02,-1020.4866175534512,-0.020409732351069024
L1_time+L2_price,44,2026-03,-609.3964819634512,-0.012187929639269023
L1_time+L2_price,44,2026-04,2430.157032614796,0.04860314065229592
L1_time+L2_price,44,2026-05,-124.68825962693336,-0.002493765192538667
L1_time+L2_price,44,2026-06,-611.7244053935046,-0.012234488107870093
L1_time+L2_price,44,2026-07,-170.9042296211428,-0.003418084592422856
L1_time+L2_price,45,2025-08,-70.83406341262344,-0.0014166812682524688
L1_time+L2_price,45,2025-09,2087.282732156473,0.04174565464312945
L1_time+L2_price,45,2025-10,1142.7541426967427,0.022855082853934856
L1_time+L2_price,45,2025-11,-463.29144937326964,-0.009265828987465393
L1_time+L2_price,45,2025-12,-467.7605004984489,-0.009355210009968978
L1_time+L2_price,45,2026-01,-46.33877836276497,-0.0009267755672552994
L1_time+L2_price,45,2026-02,400.06481851646095,0.008001296370329218
L1_time+L2_price,45,2026-03,-1256.8864200303342,-0.025137728400606685
L1_time+L2_price,45,2026-04,130.30854474435364,0.002606170894887073
L1_time+L2_price,45,2026-05,1056.4143623667433,0.021128287247334867
L1_time+L2_price,45,2026-06,-3.1455855158301347,-6.291171031660269e-05
L1_time+L2_price,45,2026-07,92.49166758452975,0.001849833351690595
L1_time+L2_price,46,2025-08,126.96564407225651,0.00253931288144513
L1_time+L2_price,46,2025-09,-440.70032895328586,-0.008814006579065716
L1_time+L2_price,46,2025-10,495.0700143571821,0.009901400287143642
L1_time+L2_price,46,2025-11,572.0399897619936,0.011440799795239872
L1_time+L2_price,46,2025-12,-399.111806808085,-0.0079822361361617
L1_time+L2_price,46,2026-01,530.1498841063485,0.01060299768212697
L1_time+L2_price,46,2026-02,1293.0238290377501,0.025860476580755003
L1_time+L2_price,46,2026-03,-454.31933686241155,-0.009086386737248231
L1_time+L2_price,46,2026-04,-307.1621820507371,-0.006143243641014742
L1_time+L2_price,46,2026-05,995.1480035229852,0.019902960070459705
L1_time+L2_price,46,2026-06,-312.68599844272376,-0.006253719968854475
L1_time+L2_price,46,2026-07,-619.4155678285333,-0.012388311356570666
L1_time+L2_price,47,2025-08,-30.063979319191276,-0.0006012795863838255
L1_time+L2_price,47,2025-09,378.1275540586821,0.007562551081173642
L1_time+L2_price,47,2025-10,-236.59580121163708,-0.004731916024232742
L1_time+L2_price,47,2025-11,706.5180271870404,0.014130360543740807
L1_time+L2_price,47,2025-12,-669.6163559583265,-0.01339232711916653
L1_time+L2_price,47,2026-01,1058.3067086240517,0.021166134172481033
L1_time+L2_price,47,2026-02,851.6886668558345,0.01703377333711669
L1_time+L2_price,47,2026-03,-964.9778687201442,-0.019299557374402886
L1_time+L2_price,47,2026-04,1206.8802833692407,0.024137605667384814
L1_time+L2_price,47,2026-05,1377.5635372942543,0.027551270745885086
L1_time+L2_price,47,2026-06,-317.56518275580856,-0.006351303655116171
L1_time+L2_price,47,2026-07,-184.99202162638085,-0.003699840432527617
L1_time+L2_price,48,2025-08,394.0876104458448,0.007881752208916896
L1_time+L2_price,48,2025-09,2672.3999182727366,0.05344799836545473
L1_time+L2_price,48,2025-10,1654.236863308257,0.03308473726616514
L1_time+L2_price,48,2025-11,-1503.3542240827273,-0.030067084481654547
L1_time+L2_price,48,2025-12,-331.67053708623007,-0.006633410741724601
L1_time+L2_price,48,2026-01,454.6920911678844,0.00909384182335769
L1_time+L2_price,48,2026-02,-419.03111257560795,-0.008380622251512159
L1_time+L2_price,48,2026-03,-7.090131808999104,-0.00014180263617998208
L1_time+L2_price,48,2026-04,464.23045162391554,0.009284609032478311
L1_time+L2_price,48,2026-05,1324.9540350277011,0.026499080700554022
L1_time+L2_price,48,2026-06,-640.359336785501,-0.01280718673571002
L1_time+L2_price,48,2026-07,-957.5853618002011,-0.019151707236004022
L1_time+L2_price,49,2025-08,-1980.5181752397825,-0.03961036350479565
L1_time+L2_price,49,2025-09,2690.0570112984424,0.053801140225968845
L1_time+L2_price,49,2025-10,-1935.3361485485743,-0.03870672297097149
L1_time+L2_price,49,2025-11,-356.4933673243313,-0.007129867346486626
L1_time+L2_price,49,2025-12,-16.425511634052782,-0.00032851023268105564
L1_time+L2_price,49,2026-01,-462.95043780276865,-0.009259008756055374
L1_time+L2_price,49,2026-02,-438.36351364613483,-0.008767270272922697
L1_time+L2_price,49,2026-03,-319.20787925130844,-0.006384157585026169
L1_time+L2_price,49,2026-04,2090.460660959185,0.041809213219183704
L1_time+L2_price,49,2026-05,1083.5596276753668,0.021671192553507336
L1_time+L2_price,49,2026-06,-1400.049501080608,-0.02800099002161216
L1_time+L2_price,49,2026-07,-162.46774527515936,-0.003249354905503187
L1_time+L2_price,50,2025-08,-218.40743313054736,-0.0043681486626109475
L1_time+L2_price,50,2025-09,2563.0604769739657,0.05126120953947932
L1_time+L2_price,50,2025-10,-1846.1766767684312,-0.036923533535368626
L1_time+L2_price,50,2025-11,-503.3669979943015,-0.01006733995988603
L1_time+L2_price,50,2025-12,-458.7973859983272,-0.009175947719966543
L1_time+L2_price,50,2026-01,-78.84998776028169,-0.0015769997552056339
L1_time+L2_price,50,2026-02,68.59950434207258,0.0013719900868414516
L1_time+L2_price,50,2026-03,-1026.1319911218816,-0.02052263982243763
L1_time+L2_price,50,2026-04,-169.91882415070359,-0.0033983764830140717
L1_time+L2_price,50,2026-05,1274.0455160966003,0.025480910321932004
L1_time+L2_price,50,2026-06,-1785.1356628436488,-0.03570271325687298
L1_time+L2_price,50,2026-07,251.829799883953,0.00503659599767906
L1_time+L2_price,51,2025-08,186.87286690072597,0.003737457338014519
L1_time+L2_price,51,2025-09,685.8023571200565,0.013716047142401131
L1_time+L2_price,51,2025-10,1031.5484015431557,0.020630968030863114
L1_time+L2_price,51,2025-11,-1726.5027535130002,-0.03453005507026
L1_time+L2_price,51,2025-12,-386.91049046338685,-0.007738209809267737
L1_time+L2_price,51,2026-01,1889.9970382108263,0.03779994076421653
L1_time+L2_price,51,2026-02,245.21950806843233,0.0049043901613686465
L1_time+L2_price,51,2026-03,-985.7445187789385,-0.019714890375578772
L1_time+L2_price,51,2026-04,931.3495885541106,0.01862699177108221
L1_time+L2_price,51,2026-05,1451.5530847812734,0.029031061695625467
L1_time+L2_price,51,2026-06,3055.8198427206016,0.06111639685441203
L1_time+L2_price,51,2026-07,-455.46372776821954,-0.00910927455536439
L1_time+L2_price,52,2025-08,-892.5831092731414,-0.01785166218546283
L1_time+L2_price,52,2025-09,-382.6464022291866,-0.007652928044583732
L1_time+L2_price,52,2025-10,-65.8320534868435,-0.00131664106973687
L1_time+L2_price,52,2025-11,-412.8462148751232,-0.008256924297502464
L1_time+L2_price,52,2025-12,-312.2578466865916,-0.006245156933731832
L1_time+L2_price,52,2026-01,1308.1901125337772,0.026163802250675543
L1_time+L2_price,52,2026-02,1277.6887349043463,0.025553774698086926
L1_time+L2_price,52,2026-03,-1483.4602555704578,-0.029669205111409157
L1_time+L2_price,52,2026-04,903.1123576480641,0.018062247152961283
L1_time+L2_price,52,2026-05,1777.2089928074329,0.035544179856148654
L1_time+L2_price,52,2026-06,-106.10293202165485,-0.002122058640433097
L1_time+L2_price,52,2026-07,-289.9905843715951,-0.005799811687431902
L1_time+L2_price,53,2025-08,-1.879273247562196,-3.758546495124392e-05
L1_time+L2_price,53,2025-09,1821.8602817001001,0.036437205634002004
L1_time+L2_price,53,2025-10,1238.3061844761696,0.02476612368952339
L1_time+L2_price,53,2025-11,-609.1714169183242,-0.012183428338366484
L1_time+L2_price,53,2025-12,-70.05153890075962,-0.0014010307780151926
L1_time+L2_price,53,2026-01,265.854890499696,0.00531709780999392
L1_time+L2_price,53,2026-02,-326.9743742251799,-0.006539487484503597
L1_time+L2_price,53,2026-03,-166.24207720298728,-0.0033248415440597454
L1_time+L2_price,53,2026-04,2229.1743342009636,0.04458348668401927
L1_time+L2_price,53,2026-05,2127.89677930009,0.0425579355860018
L1_time+L2_price,53,2026-06,-543.0433893758072,-0.010860867787516144
L1_time+L2_price,53,2026-07,-216.69914360215625,-0.004333982872043125
L1_time+L2_price,54,2025-08,-225.72165693490388,-0.004514433138698077
L1_time+L2_price,54,2025-09,206.78781097482442,0.004135756219496489
L1_time+L2_price,54,2025-10,-208.51474314058032,-0.004170294862811607
L1_time+L2_price,54,2025-11,-18.461814237252838,-0.00036923628474505674
L1_time+L2_price,54,2025-12,-274.9702139198944,-0.0054994042783978875
L1_time+L2_price,54,2026-01,367.7036586875747,0.007354073173751494
L1_time+L2_price,54,2026-02,1115.7766967325579,0.022315533934651157
L1_time+L2_price,54,2026-03,-43.888802395246785,-0.0008777760479049357
L1_time+L2_price,54,2026-04,191.97404735141572,0.0038394809470283144
L1_time+L2_price,54,2026-05,-610.5446258058764,-0.012210892516117528
L1_time+L2_price,54,2026-06,-146.07431170349537,-0.002921486234069907
L1_time+L2_price,54,2026-07,-151.27847116846624,-0.003025569423369325
L1_time+L2_price,55,2025-08,187.26761395089852,0.0037453522790179706
L1_time+L2_price,55,2025-09,24.769125026447,0.00049538250052894
L1_time+L2_price,55,2025-10,-73.48465067033612,-0.0014696930134067226
L1_time+L2_price,55,2025-11,195.88780734794454,0.003917756146958891
L1_time+L2_price,55,2025-12,-51.15510852978878,-0.0010231021705957755
L1_time+L2_price,55,2026-01,-381.02710440248484,-0.007620542088049697
L1_time+L2_price,55,2026-02,1157.3944815429422,0.023147889630858846
L1_time+L2_price,55,2026-03,-797.9519456917351,-0.0159590389138347
L1_time+L2_price,55,2026-04,109.68115026932992,0.0021936230053865983
L1_time+L2_price,55,2026-05,-301.2249310928664,-0.006024498621857328
L1_time+L2_price,55,2026-06,-350.51122815444614,-0.0070102245630889225
L1_time+L2_price,55,2026-07,118.07151160898593,0.0023614302321797185
L1_time+L2_price,56,2025-08,-2299.5093458752167,-0.04599018691750433
L1_time+L2_price,56,2025-09,201.349334617943,0.00402698669235886
L1_time+L2_price,56,2025-10,210.900676590883,0.00421801353181766
L1_time+L2_price,56,2025-11,-213.94801080068373,-0.004278960216013675
L1_time+L2_price,56,2025-12,-526.2387354061016,-0.010524774708122032
L1_time+L2_price,56,2026-01,426.6673682507644,0.008533347365015289
L1_time+L2_price,56,2026-02,610.3968120105137,0.012207936240210274
L1_time+L2_price,56,2026-03,-1578.6983111639292,-0.031573966223278585
L1_time+L2_price,56,2026-04,1007.6035837851914,0.020152071675703827
L1_time+L2_price,56,2026-05,46.914765664814695,0.0009382953132962939
L1_time+L2_price,56,2026-06,-357.19525956576126,-0.007143905191315225
L1_time+L2_price,56,2026-07,-496.89891225647216,-0.009937978245129443
L1_time+L2_price,57,2025-08,300.37845944325,0.006007569188865
L1_time+L2_price,57,2025-09,3013.731842448634,0.060274636848972676
L1_time+L2_price,57,2025-10,-1360.944296672621,-0.02721888593345242
L1_time+L2_price,57,2025-11,-596.874540834333,-0.01193749081668666
L1_time+L2_price,57,2025-12,-742.4859261120282,-0.014849718522240565
L1_time+L2_price,57,2026-01,-403.9785792235016,-0.008079571584470032
L1_time+L2_price,57,2026-02,-86.86184255323496,-0.0017372368510646993
L1_time+L2_price,57,2026-03,-426.10390104254384,-0.008522078020850877
L1_time+L2_price,57,2026-04,1528.7141207394343,0.030574282414788687
L1_time+L2_price,57,2026-05,2933.291007293873,0.05866582014587746
L1_time+L2_price,57,2026-06,700.6852183113042,0.014013704366226084
L1_time+L2_price,57,2026-07,62.2864035116545,0.00124572807023309
L1_time+L2_price,58,2025-08,541.6994781129397,0.010833989562258794
L1_time+L2_price,58,2025-09,4536.749840801895,0.09073499681603789
L1_time+L2_price,58,2025-10,-791.0071140136015,-0.01582014228027203
L1_time+L2_price,58,2025-11,-412.0914549023664,-0.008241829098047328
L1_time+L2_price,58,2025-12,-540.2755070248686,-0.010805510140497371
L1_time+L2_price,58,2026-01,447.5137565584564,0.008950275131169128
L1_time+L2_price,58,2026-02,470.9981052543044,0.009419962105086088
L1_time+L2_price,58,2026-03,-1336.6109930095236,-0.026732219860190472
L1_time+L2_price,58,2026-04,788.5083900117825,0.01577016780023565
L1_time+L2_price,58,2026-05,2848.8908842167775,0.056977817684335554
L1_time+L2_price,58,2026-06,-1893.6265011073874,-0.03787253002214775
L1_time+L2_price,58,2026-07,293.7919563465566,0.005875839126931132
L1_time+L2_price,59,2025-08,-1227.601117007057,-0.024552022340141137
L1_time+L2_price,59,2025-09,103.08368921658712,0.0020616737843317423
L1_time+L2_price,59,2025-10,-591.2388615176042,-0.011824777230352083
L1_time+L2_price,59,2025-11,32.04370876725625,0.000640874175345125
L1_time+L2_price,59,2025-12,-673.2196663462637,-0.013464393326925273
L1_time+L2_price,59,2026-01,230.07637421790878,0.004601527484358175
L1_time+L2_price,59,2026-02,967.1069835766766,0.01934213967153353
L1_time+L2_price,59,2026-03,-1383.2826444069933,-0.027665652888139866
L1_time+L2_price,59,2026-04,502.5172607794584,0.010050345215589169
L1_time+L2_price,59,2026-05,891.1172792146244,0.01782234558429249
L1_time+L2_price,59,2026-06,-3.761525493902809,-7.523050987805618e-05
L1_time+L2_price,59,2026-07,277.6381264833417,0.005552762529666834
L1_time+L2_price,60,2025-08,-382.33275923965084,-0.007646655184793016
L1_time+L2_price,60,2025-09,976.7701900313614,0.019535403800627228
L1_time+L2_price,60,2025-10,384.030244069535,0.0076806048813907
L1_time+L2_price,60,2025-11,-923.9605692880859,-0.01847921138576172
L1_time+L2_price,60,2025-12,-153.38883323563823,-0.003067776664712765
L1_time+L2_price,60,2026-01,640.9756803153914,0.012819513606307828
L1_time+L2_price,60,2026-02,1058.795245491472,0.021175904909829443
L1_time+L2_price,60,2026-03,-811.7556602484638,-0.016235113204969277
L1_time+L2_price,60,2026-04,-173.21147212149026,-0.003464229442429805
L1_time+L2_price,60,2026-05,-338.6743340154635,-0.00677348668030927
L1_time+L2_price,60,2026-06,-445.10015705151636,-0.008902003141030327
L1_time+L2_price,60,2026-07,-1359.0084734354268,-0.027180169468708538
L1_time+L2_price,61,2025-08,-2199.675483616194,-0.04399350967232388
L1_time+L2_price,61,2025-09,647.8714407093166,0.012957428814186333
L1_time+L2_price,61,2025-10,261.2526684481877,0.005225053368963754
L1_time+L2_price,61,2025-11,-368.91651101788557,-0.007378330220357711
L1_time+L2_price,61,2025-12,-370.0632651350943,-0.007401265302701886
L1_time+L2_price,61,2026-01,-121.77535910394636,-0.002435507182078927
L1_time+L2_price,61,2026-02,188.9725492314392,0.0037794509846287836
L1_time+L2_price,61,2026-03,-304.7817324137477,-0.0060956346482749545
L1_time+L2_price,61,2026-04,154.8415310170185,0.00309683062034037
L1_time+L2_price,61,2026-05,1745.1461435034644,0.03490292287006929
L1_time+L2_price,61,2026-06,-165.19107187097143,-0.0033038214374194286
L1_time+L2_price,61,2026-07,-614.9045671283257,-0.012298091342566512
L1_time+L2_price,62,2025-08,-2223.6993161803334,-0.04447398632360667
L1_time+L2_price,62,2025-09,-155.88155588199334,-0.0031176311176398666
L1_time+L2_price,62,2025-10,-278.9577718340929,-0.005579155436681858
L1_time+L2_price,62,2025-11,-351.48287704053746,-0.007029657540810749
L1_time+L2_price,62,2025-12,-404.51025951080646,-0.008090205190216129
L1_time+L2_price,62,2026-01,-300.85764455064555,-0.006017152891012911
L1_time+L2_price,62,2026-02,-162.86733168413775,-0.003257346633682755
L1_time+L2_price,62,2026-03,-462.6708317347161,-0.009253416634694322
L1_time+L2_price,62,2026-04,469.08576628924766,0.009381715325784953
L1_time+L2_price,62,2026-05,108.06545676575206,0.002161309135315041
L1_time+L2_price,62,2026-06,-308.97900592609767,-0.006179580118521953
L1_time+L2_price,62,2026-07,-54.657546219422784,-0.0010931509243884557
L1_time+L2_price,63,2025-08,-57.241693390666114,-0.0011448338678133223
L1_time+L2_price,63,2025-09,-158.8958410727182,-0.0031779168214543644
L1_time+L2_price,63,2025-10,-23.424412850943554,-0.00046848825701887106
L1_time+L2_price,63,2025-11,-1157.0772485441148,-0.023141544970882295
L1_time+L2_price,63,2025-12,-542.915901076869,-0.01085831802153738
L1_time+L2_price,63,2026-01,-271.57323250045147,-0.00543146465000903
L1_time+L2_price,63,2026-02,-135.05316446197412,-0.0027010632892394823
L1_time+L2_price,63,2026-03,-1220.6681009505223,-0.024413362019010447
L1_time+L2_price,63,2026-04,2.678340848577136,5.356681697154272e-05
L1_time+L2_price,63,2026-05,-30.77285098079028,-0.0006154570196158056
L1_time+L2_price,63,2026-06,-45.42140620732334,-0.0009084281241464668
L1_time+L2_price,63,2026-07,265.8753217207659,0.005317506434415318
L1_time+L2_price,64,2025-08,-220.4175940838304,-0.004408351881676608
L1_time+L2_price,64,2025-09,702.1262741997307,0.014042525483994614
L1_time+L2_price,64,2025-10,421.6057899071038,0.008432115798142077
L1_time+L2_price,64,2025-11,240.10267173902412,0.004802053434780482
L1_time+L2_price,64,2025-12,-200.28395038035706,-0.004005679007607141
L1_time+L2_price,64,2026-01,2426.2185000100826,0.048524370000201655
L1_time+L2_price,64,2026-02,104.16055614749985,0.002083211122949997
L1_time+L2_price,64,2026-03,-1308.8324023389641,-0.026176648046779282
L1_time+L2_price,64,2026-04,49.42220766954142,0.0009884441533908285
L1_time+L2_price,64,2026-05,40.99711805527386,0.0008199423611054772
L1_time+L2_price,64,2026-06,-337.07607321424985,-0.006741521464284997
L1_time+L2_price,64,2026-07,182.49547053905098,0.0036499094107810197
L1_time+L2_price,65,2025-08,278.8388664840404,0.0055767773296808085
L1_time+L2_price,65,2025-09,2789.443958937968,0.05578887917875936
L1_time+L2_price,65,2025-10,-1823.7727204233888,-0.03647545440846778
L1_time+L2_price,65,2025-11,409.7793208599578,0.008195586417199157
L1_time+L2_price,65,2025-12,-309.79514678209216,-0.006195902935641843
L1_time+L2_price,65,2026-01,68.85023798338443,0.0013770047596676886
L1_time+L2_price,65,2026-02,1137.4658300328992,0.022749316600657984
L1_time+L2_price,65,2026-03,-1030.9027906272904,-0.020618055812545808
L1_time+L2_price,65,2026-04,125.90749464516648,0.0025181498929033297
L1_time+L2_price,65,2026-05,938.4357894166214,0.01876871578833243
L1_time+L2_price,65,2026-06,-1741.3924060918298,-0.0348278481218366
L1_time+L2_price,65,2026-07,410.1837492039367,0.008203674984078735
L1_time+L2_price,66,2025-08,-2394.8063332868255,-0.04789612666573651
L1_time+L2_price,66,2025-09,165.70619875039392,0.0033141239750078787
L1_time+L2_price,66,2025-10,1081.036152105568,0.021620723042111357
L1_time+L2_price,66,2025-11,108.15672684624042,0.002163134536924808
L1_time+L2_price,66,2025-12,-130.4924661973564,-0.0026098493239471283
L1_time+L2_price,66,2026-01,1944.5229416899092,0.038890458833798186
L1_time+L2_price,66,2026-02,-85.52013003213233,-0.0017104026006426465
L1_time+L2_price,66,2026-03,-470.3945628490783,-0.009407891256981566
L1_time+L2_price,66,2026-04,-254.67965007965086,-0.005093593001593017
L1_time+L2_price,66,2026-05,520.9044547114463,0.010418089094228927
L1_time+L2_price,66,2026-06,-112.14878634476918,-0.0022429757268953836
L1_time+L2_price,66,2026-07,-47.98182965729029,-0.0009596365931458058
L1_time+L2_price,67,2025-08,-726.1309345594273,-0.014522618691188545
L1_time+L2_price,67,2025-09,367.2543927896031,0.007345087855792062
L1_time+L2_price,67,2025-10,-558.933742714893,-0.01117867485429786
L1_time+L2_price,67,2025-11,425.43515216592823,0.008508703043318565
L1_time+L2_price,67,2025-12,-235.94544735994532,-0.004718908947198906
L1_time+L2_price,67,2026-01,-288.96650198207226,-0.0057793300396414456
L1_time+L2_price,67,2026-02,881.6500754421095,0.01763300150884219
L1_time+L2_price,67,2026-03,-375.66665234262837,-0.0075133330468525675
L1_time+L2_price,67,2026-04,703.760378603366,0.01407520757206732
L1_time+L2_price,67,2026-05,-330.2668584071498,-0.006605337168142996
L1_time+L2_price,67,2026-06,0.0,0.0
L1_time+L2_price,67,2026-07,768.5254293378357,0.015370508586756714
L1_time+L2_price,68,2025-08,-259.7134946487349,-0.005194269892974698
L1_time+L2_price,68,2025-09,1940.4457922438387,0.03880891584487677
L1_time+L2_price,68,2025-10,1091.8095802466823,0.021836191604933646
L1_time+L2_price,68,2025-11,254.42346549514332,0.005088469309902866
L1_time+L2_price,68,2025-12,-266.46653502531035,-0.005329330700506207
L1_time+L2_price,68,2026-01,43.50853166214165,0.000870170633242833
L1_time+L2_price,68,2026-02,491.5029351619114,0.009830058703238229
L1_time+L2_price,68,2026-03,-787.742168772802,-0.01575484337545604
L1_time+L2_price,68,2026-04,464.91912505601795,0.00929838250112036
L1_time+L2_price,68,2026-05,1280.7187410112301,0.025614374820224602
L1_time+L2_price,68,2026-06,-72.33841583528738,-0.0014467683167057475
L1_time+L2_price,68,2026-07,19.628394347975245,0.0003925678869595049
L1_time+L2_price,69,2025-08,-403.503553895036,-0.00807007107790072
L1_time+L2_price,69,2025-09,467.6873269617545,0.00935374653923509
L1_time+L2_price,69,2025-10,311.52658864098794,0.006230531772819759
L1_time+L2_price,69,2025-11,-1091.1050156035044,-0.02182210031207009
L1_time+L2_price,69,2025-12,-460.4786673893859,-0.00920957334778772
L1_time+L2_price,69,2026-01,-364.7353680250144,-0.007294707360500288
L1_time+L2_price,69,2026-02,339.1809459313008,0.006783618918626016
L1_time+L2_price,69,2026-03,-974.935246931138,-0.019498704938622758
L1_time+L2_price,69,2026-04,315.762908867051,0.00631525817734102
L1_time+L2_price,69,2026-05,81.41825992339182,0.0016283651984678362
L1_time+L2_price,69,2026-06,-375.51752228262285,-0.007510350445652457
L1_time+L2_price,69,2026-07,395.00300453664113,0.007900060090732823
L1_time+L2_price,70,2025-08,376.58235415161016,0.007531647083032203
L1_time+L2_price,70,2025-09,3715.777892469373,0.07431555784938745
L1_time+L2_price,70,2025-10,-1089.9649935757297,-0.021799299871514594
L1_time+L2_price,70,2025-11,-1038.261666872917,-0.02076523333745834
L1_time+L2_price,70,2025-12,-470.6225746021346,-0.009412451492042692
L1_time+L2_price,70,2026-01,-160.78064139730122,-0.0032156128279460243
L1_time+L2_price,70,2026-02,1277.4723767467785,0.02554944753493557
L1_time+L2_price,70,2026-03,-1120.8508581471406,-0.022417017162942813
L1_time+L2_price,70,2026-04,-50.416710040412,-0.0010083342008082399
L1_time+L2_price,70,2026-05,1121.6814892034072,0.022433629784068144
L1_time+L2_price,70,2026-06,-1927.1200923074166,-0.03854240184614833
L1_time+L2_price,70,2026-07,-535.8544003192674,-0.010717088006385347
L1_time+L2_price,71,2025-08,-395.08671775266885,-0.007901734355053376
L1_time+L2_price,71,2025-09,-62.10363661059,-0.0012420727322118
L1_time+L2_price,71,2025-10,84.94926767486777,0.0016989853534973554
L1_time+L2_price,71,2025-11,-686.8797774986488,-0.013737595549972975
L1_time+L2_price,71,2025-12,-134.64520292882298,-0.0026929040585764595
L1_time+L2_price,71,2026-01,270.70539089030444,0.005414107817806089
L1_time+L2_price,71,2026-02,796.4539400322237,0.015929078800644474
L1_time+L2_price,71,2026-03,-1322.744105183504,-0.02645488210367008
L1_time+L2_price,71,2026-04,1880.738018381424,0.03761476036762848
L1_time+L2_price,71,2026-05,1451.5267921317554,0.029030535842635107
L1_time+L2_price,71,2026-06,2923.4177232182974,0.05846835446436595
L1_time+L2_price,71,2026-07,-98.82362118444325,-0.001976472423688865
L1_time+L2_price,72,2025-08,659.3246609314201,0.013186493218628402
L1_time+L2_price,72,2025-09,3496.884787926606,0.06993769575853212
L1_time+L2_price,72,2025-10,-563.0483670311514,-0.011260967340623028
L1_time+L2_price,72,2025-11,495.52641821904217,0.009910528364380843
L1_time+L2_price,72,2025-12,334.6741682711745,0.00669348336542349
L1_time+L2_price,72,2026-01,1460.621726384968,0.029212434527699362
L1_time+L2_price,72,2026-02,15.971882238995022,0.0003194376447799004
L1_time+L2_price,72,2026-03,254.14814457563762,0.005082962891512752
L1_time+L2_price,72,2026-04,-12.551452669017635,-0.0002510290533803527
L1_time+L2_price,72,2026-05,595.8265321331082,0.011916530642662165
L1_time+L2_price,72,2026-06,-1973.6188934926859,-0.03947237786985372
L1_time+L2_price,72,2026-07,-476.8610155169572,-0.009537220310339144
L1_time+L2_price,73,2025-08,-164.68883795540842,-0.0032937767591081682
L1_time+L2_price,73,2025-09,-49.91291755119073,-0.0009982583510238145
L1_time+L2_price,73,2025-10,69.08542188733463,0.0013817084377466926
L1_time+L2_price,73,2025-11,-539.4813727641395,-0.010789627455282788
L1_time+L2_price,73,2025-12,-337.6921522447856,-0.006753843044895711
L1_time+L2_price,73,2026-01,1794.1315409232084,0.03588263081846417
L1_time+L2_price,73,2026-02,1955.3311894228764,0.03910662378845753
L1_time+L2_price,73,2026-03,-1552.0658674826354,-0.03104131734965271
L1_time+L2_price,73,2026-04,1216.2944097580003,0.024325888195160007
L1_time+L2_price,73,2026-05,-1318.9559638596133,-0.02637911927719227
L1_time+L2_price,73,2026-06,-470.11727033963416,-0.009402345406792684
L1_time+L2_price,73,2026-07,-194.30797786868789,-0.0038861595573737575
L1_time+L2_price,74,2025-08,-227.44559976803612,-0.004548911995360723
L1_time+L2_price,74,2025-09,-33.00360775555782,-0.0006600721551111565
L1_time+L2_price,74,2025-10,593.5651988300724,0.011871303976601449
L1_time+L2_price,74,2025-11,356.83331032999195,0.007136666206599839
L1_time+L2_price,74,2025-12,-625.4914694253694,-0.012509829388507388
L1_time+L2_price,74,2026-01,-459.1312875912372,-0.009182625751824745
L1_time+L2_price,74,2026-02,-486.915749119089,-0.00973831498238178
L1_time+L2_price,74,2026-03,-589.9928308509488,-0.011799856617018977
L1_time+L2_price,74,2026-04,183.37406526233644,0.0036674813052467287
L1_time+L2_price,74,2026-05,17.250731588832423,0.00034501463177664845
L1_time+L2_price,74,2026-06,85.76893071083668,0.0017153786142167337
L1_time+L2_price,74,2026-07,362.1468090015542,0.007242936180031083
L1_time+L2_price,75,2025-08,398.3892038418462,0.007967784076836924
L1_time+L2_price,75,2025-09,840.0252721897486,0.016800505443794973
L1_time+L2_price,75,2025-10,-120.76299268798084,-0.0024152598537596167
L1_time+L2_price,75,2025-11,-585.2920302181383,-0.011705840604362765
L1_time+L2_price,75,2025-12,197.01000428286534,0.003940200085657306
L1_time+L2_price,75,2026-01,950.9451011330211,0.019018902022660423
L1_time+L2_price,75,2026-02,1957.4824055912886,0.03914964811182577
L1_time+L2_price,75,2026-03,-1836.651904166204,-0.03673303808332408
L1_time+L2_price,75,2026-04,196.1716043010665,0.00392343208602133
L1_time+L2_price,75,2026-05,-296.74678816351206,-0.005934935763270241
L1_time+L2_price,75,2026-06,-272.8634307467528,-0.0054572686149350555
L1_time+L2_price,75,2026-07,-762.0248411832058,-0.015240496823664117
L1_time+L2_price,76,2025-08,-611.2311862706774,-0.012224623725413549
L1_time+L2_price,76,2025-09,-27.584847566864482,-0.0005516969513372896
L1_time+L2_price,76,2025-10,-93.1821578657009,-0.001863643157314018
L1_time+L2_price,76,2025-11,-1241.4267399944565,-0.02482853479988913
L1_time+L2_price,76,2025-12,-747.4815718852724,-0.014949631437705448
L1_time+L2_price,76,2026-01,646.564534066179,0.01293129068132358
L1_time+L2_price,76,2026-02,1738.5372596046336,0.034770745192092674
L1_time+L2_price,76,2026-03,-1915.2051841896896,-0.03830410368379379
L1_time+L2_price,76,2026-04,984.1709345484232,0.019683418690968464
L1_time+L2_price,76,2026-05,81.33121701547407,0.0016266243403094812
L1_time+L2_price,76,2026-06,-226.9745304787548,-0.0045394906095750955
L1_time+L2_price,76,2026-07,102.52400761548961,0.0020504801523097923
L1_time+L2_price,77,2025-08,4.1244962651881,8.2489925303762e-05
L1_time+L2_price,77,2025-09,500.9496602914296,0.010018993205828592
L1_time+L2_price,77,2025-10,1429.9966790935423,0.028599933581870848
L1_time+L2_price,77,2025-11,1223.5118987002334,0.024470237974004667
L1_time+L2_price,77,2025-12,340.73778557491187,0.0068147557114982375
L1_time+L2_price,77,2026-01,1303.9572830942707,0.026079145661885413
L1_time+L2_price,77,2026-02,160.2238878950211,0.003204477757900422
L1_time+L2_price,77,2026-03,-772.3070331200333,-0.015446140662400666
L1_time+L2_price,77,2026-04,179.66209282278578,0.0035932418564557154
L1_time+L2_price,77,2026-05,399.2302184429436,0.007984604368858873
L1_time+L2_price,77,2026-06,-597.9847037791251,-0.011959694075582502
L1_time+L2_price,77,2026-07,-42.61130509271561,-0.0008522261018543122
L1_time+L2_price,78,2025-08,-873.3448694344934,-0.017466897388689867
L1_time+L2_price,78,2025-09,37.065199211312574,0.0007413039842262515
L1_time+L2_price,78,2025-10,582.6142129442715,0.01165228425888543
L1_time+L2_price,78,2025-11,652.2456321198542,0.013044912642397084
L1_time+L2_price,78,2025-12,889.5189994367711,0.017790379988735422
L1_time+L2_price,78,2026-01,388.10488284564235,0.007762097656912847
L1_time+L2_price,78,2026-02,2626.1122055298947,0.052522244110597895
L1_time+L2_price,78,2026-03,-1517.4959748928595,-0.03034991949785719
L1_time+L2_price,78,2026-04,1667.5248761738567,0.033350497523477136
L1_time+L2_price,78,2026-05,1784.8746438237667,0.035697492876475334
L1_time+L2_price,78,2026-06,2557.0322213716836,0.05114064442743367
L1_time+L2_price,78,2026-07,-594.2752934458267,-0.011885505868916534
L1_time+L2_price,79,2025-08,-1202.586741674164,-0.024051734833483277
L1_time+L2_price,79,2025-09,-254.29475826592443,-0.005085895165318489
L1_time+L2_price,79,2025-10,-47.966758685112836,-0.0009593351737022568
L1_time+L2_price,79,2025-11,264.53770068831363,0.005290754013766273
L1_time+L2_price,79,2025-12,-594.4525119392902,-0.011889050238785804
L1_time+L2_price,79,2026-01,456.2039127502585,0.00912407825500517
L1_time+L2_price,79,2026-02,-394.3456406773171,-0.00788691281354634
L1_time+L2_price,79,2026-03,-263.3372948969645,-0.00526674589793929
L1_time+L2_price,79,2026-04,3195.0497302912204,0.06390099460582441
L1_time+L2_price,79,2026-05,1442.3263409797,0.028846526819594
L1_time+L2_price,79,2026-06,-37.372715814304684,-0.0007474543162860937
L1_time+L2_price,79,2026-07,200.8532030729175,0.00401706406145835
L1_time+L2_price,80,2025-08,-964.7558146344181,-0.019295116292688364
L1_time+L2_price,80,2025-09,100.89874873076951,0.00201797497461539
L1_time+L2_price,80,2025-10,-325.9042544004342,-0.0065180850880086835
L1_time+L2_price,80,2025-11,237.1959582159143,0.004743919164318286
L1_time+L2_price,80,2025-12,-372.29171332628175,-0.007445834266525635
L1_time+L2_price,80,2026-01,864.8442379674088,0.017296884759348177
L1_time+L2_price,80,2026-02,728.8352298752725,0.014576704597505449
L1_time+L2_price,80,2026-03,-1249.5258500977307,-0.024990517001954614
L1_time+L2_price,80,2026-04,630.3298479704954,0.012606596959409909
L1_time+L2_price,80,2026-05,43.037564548665614,0.0008607512909733123
L1_time+L2_price,80,2026-06,26.066845000751528,0.0005213369000150306
L1_time+L2_price,80,2026-07,179.7671081456574,0.003595342162913148
L1_time+L2_price,81,2025-08,-99.1305794497639,-0.001982611588995278
L1_time+L2_price,81,2025-09,-195.9533814123679,-0.003919067628247358
L1_time+L2_price,81,2025-10,-83.70277630683267,-0.0016740555261366536
L1_time+L2_price,81,2025-11,-125.23412621860552,-0.0025046825243721107
L1_time+L2_price,81,2025-12,-92.9567169873335,-0.00185913433974667
L1_time+L2_price,81,2026-01,833.2632383308728,0.016665264766617456
L1_time+L2_price,81,2026-02,826.0247346646602,0.016520494693293204
L1_time+L2_price,81,2026-03,-1275.9643054909775,-0.02551928610981955
L1_time+L2_price,81,2026-04,1216.3359393377232,0.024326718786754464
L1_time+L2_price,81,2026-05,-93.90185421900514,-0.0018780370843801029
L1_time+L2_price,81,2026-06,12.404503197655686,0.0002480900639531137
L1_time+L2_price,81,2026-07,110.1906010729681,0.002203812021459362
L1_time+L2_price,82,2025-08,190.4045993622276,0.003808091987244552
L1_time+L2_price,82,2025-09,3264.83762285015,0.065296752457003
L1_time+L2_price,82,2025-10,-1152.706619896846,-0.023054132397936918
L1_time+L2_price,82,2025-11,220.2945073194387,0.004405890146388774
L1_time+L2_price,82,2025-12,-1216.7252587469047,-0.024334505174938095
L1_time+L2_price,82,2026-01,821.8602325069032,0.016437204650138065
L1_time+L2_price,82,2026-02,1637.7481655572547,0.032754963311145094
L1_time+L2_price,82,2026-03,-1032.7407425114461,-0.020654814850228922
L1_time+L2_price,82,2026-04,1519.0074997055026,0.030380149994110053
L1_time+L2_price,82,2026-05,1354.9576697392822,0.027099153394785643
L1_time+L2_price,82,2026-06,-2458.6530788357877,-0.049173061576715756
L1_time+L2_price,82,2026-07,109.29915469382377,0.0021859830938764755
L1_time+L2_price,83,2025-08,9.277412819476922,0.00018554825638953843
L1_time+L2_price,83,2025-09,-130.91978880232182,-0.0026183957760464362
L1_time+L2_price,83,2025-10,56.47580609566921,0.0011295161219133842
L1_time+L2_price,83,2025-11,39.866677874536435,0.0007973335574907287
L1_time+L2_price,83,2025-12,-430.8081557143332,-0.008616163114286665
L1_time+L2_price,83,2026-01,-477.22277200386816,-0.009544455440077364
L1_time+L2_price,83,2026-02,458.69941062750513,0.009173988212550102
L1_time+L2_price,83,2026-03,374.5588724370773,0.0074911774487415456
L1_time+L2_price,83,2026-04,2219.647162665743,0.04439294325331486
L1_time+L2_price,83,2026-05,1438.0434558997567,0.028760869117995136
L1_time+L2_price,83,2026-06,2996.8849150907226,0.05993769830181445
L1_time+L2_price,83,2026-07,-268.70908736786987,-0.005374181747357398
L1_time+L2_price,84,2025-08,-122.04301968797517,-0.0024408603937595033
L1_time+L2_price,84,2025-09,-219.81190617875473,-0.004396238123575095
L1_time+L2_price,84,2025-10,0.0,0.0
L1_time+L2_price,84,2025-11,-72.85243721678398,-0.0014570487443356797
L1_time+L2_price,84,2025-12,-299.58213601944317,-0.005991642720388863
L1_time+L2_price,84,2026-01,502.30160685304327,0.010046032137060866
L1_time+L2_price,84,2026-02,527.5274413190018,0.010550548826380035
L1_time+L2_price,84,2026-03,-646.9215980605295,-0.01293843196121059
L1_time+L2_price,84,2026-04,-1.8633770108781391,-3.726754021756278e-05
L1_time+L2_price,84,2026-05,-1426.880920112088,-0.02853761840224176
L1_time+L2_price,84,2026-06,-618.0576887950965,-0.012361153775901931
L1_time+L2_price,84,2026-07,-362.8074742004537,-0.007256149484009075
L1_time+L2_price,85,2025-08,-692.6286885949185,-0.01385257377189837
L1_time+L2_price,85,2025-09,155.2456942650797,0.0031049138853015937
L1_time+L2_price,85,2025-10,620.3066064383156,0.012406132128766312
L1_time+L2_price,85,2025-11,690.4124984846594,0.013808249969693188
L1_time+L2_price,85,2025-12,-215.88359298479918,-0.004317671859695983
L1_time+L2_price,85,2026-01,3270.769752150467,0.06541539504300933
L1_time+L2_price,85,2026-02,1323.5988067739108,0.026471976135478217
L1_time+L2_price,85,2026-03,-2060.2304842678805,-0.04120460968535761
L1_time+L2_price,85,2026-04,1416.5068485368092,0.028330136970736185
L1_time+L2_price,85,2026-05,-12.570637203531078,-0.00025141274407062153
L1_time+L2_price,85,2026-06,136.1823874870097,0.002723647749740194
L1_time+L2_price,85,2026-07,548.6985849484563,0.010973971698969126
L1_time+L2_price,86,2025-08,-2224.605096991209,-0.044492101939824176
L1_time+L2_price,86,2025-09,1775.7977422724944,0.035515954845449886
L1_time+L2_price,86,2025-10,1128.8311782715678,0.022576623565431355
L1_time+L2_price,86,2025-11,-308.0818404193906,-0.006161636808387811
L1_time+L2_price,86,2025-12,-479.2098350023607,-0.009584196700047214
L1_time+L2_price,86,2026-01,579.1327285842281,0.011582654571684562
L1_time+L2_price,86,2026-02,948.3588258345835,0.01896717651669167
L1_time+L2_price,86,2026-03,-878.2317737146304,-0.017564635474292607
L1_time+L2_price,86,2026-04,676.2360601311548,0.013524721202623095
L1_time+L2_price,86,2026-05,1363.7010749911096,0.027274021499822193
L1_time+L2_price,86,2026-06,57.69527487729192,0.0011539054975458385
L1_time+L2_price,86,2026-07,136.3199360275994,0.002726398720551988
L1_time+L2_price,87,2025-08,-93.28318518436845,-0.001865663703687369
L1_time+L2_price,87,2025-09,-21.600045222689914,-0.0004320009044537983
L1_time+L2_price,87,2025-10,43.30349985007797,0.0008660699970015593
L1_time+L2_price,87,2025-11,-539.3233377790493,-0.010786466755580986
L1_time+L2_price,87,2025-12,-120.48935317674295,-0.002409787063534859
L1_time+L2_price,87,2026-01,1861.5124626914012,0.03723024925382802
L1_time+L2_price,87,2026-02,593.413176446451,0.011868263528929019
L1_time+L2_price,87,2026-03,-1259.1410942699385,-0.02518282188539877
L1_time+L2_price,87,2026-04,1184.5426992262646,0.023690853984525292
L1_time+L2_price,87,2026-05,73.62997588178314,0.0014725995176356628
L1_time+L2_price,87,2026-06,-9.6625978764514,-0.00019325195752902802
L1_time+L2_price,87,2026-07,-214.13661308962946,-0.004282732261792589
L1_time+L2_price,88,2025-08,-309.2689811909886,-0.006185379623819772
L1_time+L2_price,88,2025-09,338.2868852510255,0.006765737705020511
L1_time+L2_price,88,2025-10,154.1342251501428,0.0030826845030028564
L1_time+L2_price,88,2025-11,-618.9418383218699,-0.012378836766437399
L1_time+L2_price,88,2025-12,-95.48172728645204,-0.0019096345457290408
L1_time+L2_price,88,2026-01,742.4227813642037,0.014848455627284075
L1_time+L2_price,88,2026-02,207.28921484881175,0.004145784296976235
L1_time+L2_price,88,2026-03,-976.0728705508482,-0.019521457411016963
L1_time+L2_price,88,2026-04,838.0300835688795,0.01676060167137759
L1_time+L2_price,88,2026-05,274.57600531112666,0.005491520106222533
L1_time+L2_price,88,2026-06,120.16839929392154,0.002403367985878431
L1_time+L2_price,88,2026-07,-422.0080497539939,-0.008440160995079878
L1_time+L2_price,89,2025-08,-1695.9025850338307,-0.03391805170067661
L1_time+L2_price,89,2025-09,-492.6176888311629,-0.009852353776623258
L1_time+L2_price,89,2025-10,-180.68666792304384,-0.003613733358460877
L1_time+L2_price,89,2025-11,-69.8763780077852,-0.0013975275601557041
L1_time+L2_price,89,2025-12,-239.35463647547022,-0.004787092729509404
L1_time+L2_price,89,2026-01,250.1274897723024,0.005002549795446048
L1_time+L2_price,89,2026-02,214.02893918960217,0.004280578783792044
L1_time+L2_price,89,2026-03,-675.2359814009606,-0.013504719628019211
L1_time+L2_price,89,2026-04,447.3719409201967,0.008947438818403935
L1_time+L2_price,89,2026-05,-909.8066807630662,-0.018196133615261324
L1_time+L2_price,89,2026-06,-199.47095831233037,-0.003989419166246608
L1_time+L2_price,89,2026-07,2.237715655725424,4.4754313114508475e-05
L1_time+L2_price,90,2025-08,-530.1789304075737,-0.010603578608151474
L1_time+L2_price,90,2025-09,-13.971052618840986,-0.0002794210523768197
L1_time+L2_price,90,2025-10,-44.45898863412276,-0.0008891797726824553
L1_time+L2_price,90,2025-11,-564.036298578766,-0.01128072597157532
L1_time+L2_price,90,2025-12,-110.75738894817914,-0.0022151477789635826
L1_time+L2_price,90,2026-01,950.9341297309056,0.019018682594618114
L1_time+L2_price,90,2026-02,1387.0252625838966,0.027740505251677934
L1_time+L2_price,90,2026-03,-1024.71685587926,-0.0204943371175852
L1_time+L2_price,90,2026-04,264.5752744726469,0.005291505489452938
L1_time+L2_price,90,2026-05,1154.8018286944216,0.023096036573888434
L1_time+L2_price,90,2026-06,-267.2925658235481,-0.005345851316470962
L1_time+L2_price,90,2026-07,96.46958936413466,0.0019293917872826932
L1_time+L2_price,91,2025-08,-131.23970083106815,-0.002624794016621363
L1_time+L2_price,91,2025-09,-39.24307915490863,-0.0007848615830981726
L1_time+L2_price,91,2025-10,-148.31739837104942,-0.0029663479674209886
L1_time+L2_price,91,2025-11,-185.68357003046913,-0.0037136714006093825
L1_time+L2_price,91,2025-12,-210.6150901634919,-0.0042123018032698386
L1_time+L2_price,91,2026-01,946.5207097742477,0.018930414195484954
L1_time+L2_price,91,2026-02,447.07291554073254,0.008941458310814651
L1_time+L2_price,91,2026-03,-923.1352537746598,-0.018462705075493194
L1_time+L2_price,91,2026-04,220.57309239438837,0.004411461847887767
L1_time+L2_price,91,2026-05,-130.89930891173253,-0.0026179861782346507
L1_time+L2_price,91,2026-06,-144.1630954180464,-0.002883261908360928
L1_time+L2_price,91,2026-07,448.9146465416525,0.00897829293083305
L1_time+L2_price,92,2025-08,-165.28471402287232,-0.0033056942804574464
L1_time+L2_price,92,2025-09,1771.7978934115117,0.035435957868230235
L1_time+L2_price,92,2025-10,1155.7585532361509,0.02311517106472302
L1_time+L2_price,92,2025-11,-1667.2293043088466,-0.03334458608617693
L1_time+L2_price,92,2025-12,-649.8626416209408,-0.012997252832418817
L1_time+L2_price,92,2026-01,-721.9489153250138,-0.014438978306500276
L1_time+L2_price,92,2026-02,-302.90729124045674,-0.006058145824809135
L1_time+L2_price,92,2026-03,-377.48656789994357,-0.0075497313579988715
L1_time+L2_price,92,2026-04,2119.2501860414654,0.04238500372082931
L1_time+L2_price,92,2026-05,1008.309091197445,0.0201661818239489
L1_time+L2_price,92,2026-06,-342.5196880602816,-0.006850393761205632
L1_time+L2_price,92,2026-07,-328.67778550644016,-0.006573555710128803
L1_time+L2_price,93,2025-08,-63.601538403302584,-0.0012720307680660517
L1_time+L2_price,93,2025-09,-126.7885640293116,-0.0025357712805862322
L1_time+L2_price,93,2025-10,39.27677811168451,0.0007855355622336901
L1_time+L2_price,93,2025-11,585.9079495389169,0.011718158990778339
L1_time+L2_price,93,2025-12,397.7770279504366,0.007955540559008732
L1_time+L2_price,93,2026-01,-588.5840318400105,-0.011771680636800211
L1_time+L2_price,93,2026-02,339.3744785773397,0.006787489571546794
L1_time+L2_price,93,2026-03,28.277150509583407,0.0005655430101916681
L1_time+L2_price,93,2026-04,684.2373380046656,0.013684746760093312
L1_time+L2_price,93,2026-05,838.9202939477527,0.016778405878955054
L1_time+L2_price,93,2026-06,-33.82286017112165,-0.000676457203422433
L1_time+L2_price,93,2026-07,-283.43897184423895,-0.005668779436884779
L1_time+L2_price,94,2025-08,-2310.6767172262366,-0.046213534344524736
L1_time+L2_price,94,2025-09,-98.10650632963552,-0.0019621301265927106
L1_time+L2_price,94,2025-10,179.9015862428355,0.00359803172485671
L1_time+L2_price,94,2025-11,47.47865389701383,0.0009495730779402765
L1_time+L2_price,94,2025-12,-184.2582518794561,-0.003685165037589122
L1_time+L2_price,94,2026-01,339.6416640436528,0.006792833280873056
L1_time+L2_price,94,2026-02,-943.2278919055793,-0.018864557838111588
L1_time+L2_price,94,2026-03,-410.34788153265436,-0.008206957630653088
L1_time+L2_price,94,2026-04,3004.619800413983,0.060092396008279654
L1_time+L2_price,94,2026-05,-292.3619316228569,-0.005847238632457138
L1_time+L2_price,94,2026-06,-216.04524613907233,-0.004320904922781446
L1_time+L2_price,94,2026-07,-393.8508437626988,-0.007877016875253976
L1_time+L2_price,95,2025-08,-278.1361745063923,-0.005562723490127846
L1_time+L2_price,95,2025-09,-451.5394302125924,-0.009030788604251848
L1_time+L2_price,95,2025-10,-138.776187280072,-0.00277552374560144
L1_time+L2_price,95,2025-11,-10.280142525147312,-0.00020560285050294624
L1_time+L2_price,95,2025-12,-87.46918645457754,-0.0017493837290915508
L1_time+L2_price,95,2026-01,-588.2861954526597,-0.011765723909053194
L1_time+L2_price,95,2026-02,228.12658666454445,0.004562531733290889
L1_time+L2_price,95,2026-03,-464.0453291923668,-0.009280906583847335
L1_time+L2_price,95,2026-04,120.41422645894909,0.0024082845291789816
L1_time+L2_price,95,2026-05,-1207.238539550283,-0.024144770791005656
L1_time+L2_price,95,2026-06,12.124952594987008,0.00024249905189974014
L1_time+L2_price,95,2026-07,-9.041939064655708,-0.00018083878129311414
L1_time+L2_price,96,2025-08,-650.35721101543,-0.013007144220308601
L1_time+L2_price,96,2025-09,-229.38949449077245,-0.004587789889815449
L1_time+L2_price,96,2025-10,55.28641540177614,0.0011057283080355227
L1_time+L2_price,96,2025-11,-534.6252984980001,-0.010692505969960003
L1_time+L2_price,96,2025-12,-197.84281012529118,-0.003956856202505824
L1_time+L2_price,96,2026-01,-383.0560339092335,-0.00766112067818467
L1_time+L2_price,96,2026-02,305.48961128861583,0.006109792225772317
L1_time+L2_price,96,2026-03,-902.0477617682791,-0.018040955235365582
L1_time+L2_price,96,2026-04,2281.0262537257454,0.04562052507451491
L1_time+L2_price,96,2026-05,203.42011212995385,0.004068402242599077
L1_time+L2_price,96,2026-06,-441.0015352175187,-0.008820030704350374
L1_time+L2_price,96,2026-07,297.6445165745463,0.005952890331490926
L1_time+L2_price,97,2025-08,-992.5544581842423,-0.019851089163684846
L1_time+L2_price,97,2025-09,-102.02315610243568,-0.0020404631220487138
L1_time+L2_price,97,2025-10,372.15272826229557,0.007443054565245911
L1_time+L2_price,97,2025-11,1624.8200948954182,0.03249640189790836
L1_time+L2_price,97,2025-12,-426.64206973743876,-0.008532841394748775
L1_time+L2_price,97,2026-01,553.6508268300267,0.011073016536600535
L1_time+L2_price,97,2026-02,1928.4747283917823,0.03856949456783564
L1_time+L2_price,97,2026-03,-1763.4677156988564,-0.035269354313977125
L1_time+L2_price,97,2026-04,1050.40013068185,0.021008002613637
L1_time+L2_price,97,2026-05,517.6893575371378,0.010353787150742755
L1_time+L2_price,97,2026-06,-86.36185395081611,-0.0017272370790163223
L1_time+L2_price,97,2026-07,-434.9057495241914,-0.008698114990483827
L1_time+L2_price,98,2025-08,201.34481140667776,0.004026896228133555
L1_time+L2_price,98,2025-09,1523.2359168672847,0.030464718337345695
L1_time+L2_price,98,2025-10,709.4163971116577,0.014188327942233155
L1_time+L2_price,98,2025-11,-339.17358952753057,-0.006783471790550611
L1_time+L2_price,98,2025-12,-338.38799654801824,-0.006767759930960365
L1_time+L2_price,98,2026-01,381.5180555437955,0.0076303611108759105
L1_time+L2_price,98,2026-02,-458.8710559941301,-0.009177421119882602
L1_time+L2_price,98,2026-03,-644.2892707647597,-0.012885785415295194
L1_time+L2_price,98,2026-04,-104.81605981756093,-0.0020963211963512187
L1_time+L2_price,98,2026-05,1730.213478666601,0.03460426957333202
L1_time+L2_price,98,2026-06,-572.5483545340339,-0.01145096709068068
L1_time+L2_price,98,2026-07,-60.33199838984228,-0.0012066399677968457
L1_time+L2_price,99,2025-08,10.014203044572241,0.00020028406089144484
L1_time+L2_price,99,2025-09,1302.5785561835692,0.026051571123671385
L1_time+L2_price,99,2025-10,834.1877433626842,0.016683754867253684
L1_time+L2_price,99,2025-11,-1911.46007532168,-0.0382292015064336
L1_time+L2_price,99,2025-12,-1329.7480198351523,-0.026594960396703046
L1_time+L2_price,99,2026-01,372.56047544006924,0.007451209508801385
L1_time+L2_price,99,2026-02,163.7354671709836,0.0032747093434196723
L1_time+L2_price,99,2026-03,641.5610339829555,0.01283122067965911
L1_time+L2_price,99,2026-04,3048.5842650903714,0.06097168530180743
L1_time+L2_price,99,2026-05,397.55061257272837,0.007951012251454568
L1_time+L2_price,99,2026-06,2695.2540542895904,0.053905081085791805
L1_time+L2_price,99,2026-07,-133.05411556372928,-0.0026610823112745855
L1_time+L3_pullback,0,2025-08,-4.84244549833511,-9.68489099667022e-05
L1_time+L3_pullback,0,2025-09,3829.5652231800295,0.07659130446360059
L1_time+L3_pullback,0,2025-10,378.41864973883276,0.0075683729947766554
L1_time+L3_pullback,0,2025-11,-570.6044239114499,-0.011412088478228997
L1_time+L3_pullback,0,2025-12,-112.6167008980201,-0.002252334017960402
L1_time+L3_pullback,0,2026-01,65.27354468853991,0.0013054708937707982
L1_time+L3_pullback,0,2026-02,-102.5092007929643,-0.0020501840158592857
L1_time+L3_pullback,0,2026-03,-1805.6168705250047,-0.036112337410500094
L1_time+L3_pullback,0,2026-04,47.809482169685,0.0009561896433937
L1_time+L3_pullback,0,2026-05,2255.75743771576,0.045115148754315194
L1_time+L3_pullback,0,2026-06,-997.7397644395396,-0.01995479528879079
L1_time+L3_pullback,0,2026-07,151.9575757222201,0.003039151514444402
L1_time+L3_pullback,1,2025-08,-224.7531548907864,-0.004495063097815727
L1_time+L3_pullback,1,2025-09,331.3434613636773,0.006626869227273546
L1_time+L3_pullback,1,2025-10,65.11977941620171,0.0013023955883240343
L1_time+L3_pullback,1,2025-11,-375.5591956236058,-0.0075111839124721155
L1_time+L3_pullback,1,2025-12,-54.1825153073587,-0.001083650306147174
L1_time+L3_pullback,1,2026-01,-538.4637017204677,-0.010769274034409354
L1_time+L3_pullback,1,2026-02,145.83153634984774,0.0029166307269969547
L1_time+L3_pullback,1,2026-03,-351.9024290135076,-0.007038048580270151
L1_time+L3_pullback,1,2026-04,-6.5228586070634265,-0.00013045717214126853
L1_time+L3_pullback,1,2026-05,92.78058164798222,0.0018556116329596444
L1_time+L3_pullback,1,2026-06,9.170250439988195,0.00018340500879976388
L1_time+L3_pullback,1,2026-07,212.55484548032473,0.0042510969096064945
L1_time+L3_pullback,2,2025-08,352.3183105470571,0.007046366210941141
L1_time+L3_pullback,2,2025-09,2984.6602932272317,0.059693205864544636
L1_time+L3_pullback,2,2025-10,711.4253623533023,0.014228507247066046
L1_time+L3_pullback,2,2025-11,-953.9261314122023,-0.019078522628244044
L1_time+L3_pullback,2,2025-12,132.23571442612683,0.002644714288522537
L1_time+L3_pullback,2,2026-01,707.6894127812766,0.014153788255625532
L1_time+L3_pullback,2,2026-02,263.74600900351106,0.0052749201800702215
L1_time+L3_pullback,2,2026-03,-424.30899457417945,-0.008486179891483588
L1_time+L3_pullback,2,2026-04,346.4587251898665,0.006929174503797331
L1_time+L3_pullback,2,2026-05,1304.4573395869984,0.02608914679173997
L1_time+L3_pullback,2,2026-06,-493.25297980539017,-0.009865059596107803
L1_time+L3_pullback,2,2026-07,126.41654931249741,0.002528330986249948
L1_time+L3_pullback,3,2025-08,521.7639934003337,0.010435279868006674
L1_time+L3_pullback,3,2025-09,1222.906917538966,0.02445813835077932
L1_time+L3_pullback,3,2025-10,866.4479756281871,0.017328959512563743
L1_time+L3_pullback,3,2025-11,-1090.8640305691497,-0.021817280611382994
L1_time+L3_pullback,3,2025-12,81.64504324208701,0.0016329008648417402
L1_time+L3_pullback,3,2026-01,45.71519615749821,0.0009143039231499642
L1_time+L3_pullback,3,2026-02,356.2167751578918,0.007124335503157836
L1_time+L3_pullback,3,2026-03,-547.0884070788943,-0.010941768141577886
L1_time+L3_pullback,3,2026-04,145.42247262527962,0.0029084494525055925
L1_time+L3_pullback,3,2026-05,717.8545900363697,0.014357091800727395
L1_time+L3_pullback,3,2026-06,-113.10585930283196,-0.0022621171860566394
L1_time+L3_pullback,3,2026-07,234.20610782872154,0.004684122156574431
L1_time+L3_pullback,4,2025-08,1399.8130442490474,0.027996260884980948
L1_time+L3_pullback,4,2025-09,687.2354069166231,0.013744708138332461
L1_time+L3_pullback,4,2025-10,1621.489060195906,0.032429781203918116
L1_time+L3_pullback,4,2025-11,-2395.868160981113,-0.047917363219622255
L1_time+L3_pullback,4,2025-12,-398.85604579535175,-0.007977120915907035
L1_time+L3_pullback,4,2026-01,436.88554007490984,0.008737710801498197
L1_time+L3_pullback,4,2026-02,97.83542295220013,0.0019567084590440026
L1_time+L3_pullback,4,2026-03,-274.46681876729417,-0.005489336375345884
L1_time+L3_pullback,4,2026-04,307.8748753367072,0.006157497506734144
L1_time+L3_pullback,4,2026-05,765.666757905834,0.015313335158116679
L1_time+L3_pullback,4,2026-06,2426.0370943959133,0.048520741887918266
L1_time+L3_pullback,4,2026-07,-211.13453355540423,-0.004222690671108084
L1_time+L3_pullback,5,2025-08,470.92557473932084,0.009418511494786416
L1_time+L3_pullback,5,2025-09,519.564507568316,0.01039129015136632
L1_time+L3_pullback,5,2025-10,259.90964467408867,0.005198192893481774
L1_time+L3_pullback,5,2025-11,332.94445480029754,0.006658889096005951
L1_time+L3_pullback,5,2025-12,-57.41611142101101,-0.0011483222284202203
L1_time+L3_pullback,5,2026-01,155.88881519578354,0.003117776303915671
L1_time+L3_pullback,5,2026-02,-199.21164909091476,-0.003984232981818295
L1_time+L3_pullback,5,2026-03,-34.58382149945828,-0.0006916764299891656
L1_time+L3_pullback,5,2026-04,470.7341348336904,0.009414682696673808
L1_time+L3_pullback,5,2026-05,-665.8402062334453,-0.013316804124668907
L1_time+L3_pullback,5,2026-06,22.758077908265477,0.00045516155816530953
L1_time+L3_pullback,5,2026-07,244.1353754124193,0.004882707508248386
L1_time+L3_pullback,6,2025-08,293.03089754276243,0.005860617950855249
L1_time+L3_pullback,6,2025-09,1595.1298208665003,0.03190259641733
L1_time+L3_pullback,6,2025-10,-649.1467659784803,-0.012982935319569606
L1_time+L3_pullback,6,2025-11,-443.2810640772759,-0.008865621281545518
L1_time+L3_pullback,6,2025-12,-10.974074581980858,-0.00021948149163961717
L1_time+L3_pullback,6,2026-01,-159.91743646598752,-0.0031983487293197506
L1_time+L3_pullback,6,2026-02,28.942908917924797,0.000578858178358496
L1_time+L3_pullback,6,2026-03,-413.8628598525547,-0.008277257197051094
L1_time+L3_pullback,6,2026-04,357.8296463064389,0.0071565929261287785
L1_time+L3_pullback,6,2026-05,1456.150553678317,0.02912301107356634
L1_time+L3_pullback,6,2026-06,-972.9362118907493,-0.019458724237814987
L1_time+L3_pullback,6,2026-07,54.928755981718496,0.00109857511963437
L1_time+L3_pullback,7,2025-08,26.608054983327747,0.0005321610996665549
L1_time+L3_pullback,7,2025-09,-6.712076076391895,-0.0001342415215278379
L1_time+L3_pullback,7,2025-10,512.9077223941767,0.010258154447883534
L1_time+L3_pullback,7,2025-11,-182.3191857501297,-0.003646383715002594
L1_time+L3_pullback,7,2025-12,253.77606624071268,0.005075521324814254
L1_time+L3_pullback,7,2026-01,772.2766284838344,0.01544553256967669
L1_time+L3_pullback,7,2026-02,-502.97536889412004,-0.010059507377882401
L1_time+L3_pullback,7,2026-03,29.788097955532066,0.0005957619591106414
L1_time+L3_pullback,7,2026-04,443.4371369144701,0.008868742738289402
L1_time+L3_pullback,7,2026-05,-555.8190465933258,-0.011116380931866515
L1_time+L3_pullback,7,2026-06,-346.9901010313779,-0.006939802020627558
L1_time+L3_pullback,7,2026-07,160.44473104041845,0.003208894620808369
L1_time+L3_pullback,8,2025-08,233.63604361343187,0.0046727208722686375
L1_time+L3_pullback,8,2025-09,2729.788866079477,0.05459577732158954
L1_time+L3_pullback,8,2025-10,1483.153916639597,0.02966307833279194
L1_time+L3_pullback,8,2025-11,152.39948206488316,0.003047989641297663
L1_time+L3_pullback,8,2025-12,10.311035338317197,0.00020622070676634395
L1_time+L3_pullback,8,2026-01,752.506814737395,0.015050136294747898
L1_time+L3_pullback,8,2026-02,-735.3724675365156,-0.014707449350730312
L1_time+L3_pullback,8,2026-03,-1093.8806586466553,-0.021877613172933106
L1_time+L3_pullback,8,2026-04,258.5457161353406,0.005170914322706812
L1_time+L3_pullback,8,2026-05,688.9037396430731,0.013778074792861462
L1_time+L3_pullback,8,2026-06,74.3282855147645,0.00148656571029529
L1_time+L3_pullback,8,2026-07,533.8301927221119,0.010676603854442237
L1_time+L3_pullback,9,2025-08,410.5101168722458,0.008210202337444916
L1_time+L3_pullback,9,2025-09,2873.8418702348836,0.057476837404697674
L1_time+L3_pullback,9,2025-10,-902.8950725500144,-0.01805790145100029
L1_time+L3_pullback,9,2025-11,-1087.0405275361272,-0.021740810550722543
L1_time+L3_pullback,9,2025-12,-68.79445424557252,-0.0013758890849114504
L1_time+L3_pullback,9,2026-01,-496.44992041814567,-0.009928998408362913
L1_time+L3_pullback,9,2026-02,91.46107557293726,0.0018292215114587452
L1_time+L3_pullback,9,2026-03,-322.690247432648,-0.00645380494865296
L1_time+L3_pullback,9,2026-04,338.34693550818247,0.006766938710163649
L1_time+L3_pullback,9,2026-05,1502.631186725961,0.03005262373451922
L1_time+L3_pullback,9,2026-06,-1005.2417206866076,-0.02010483441373215
L1_time+L3_pullback,9,2026-07,-7.639319304728815,-0.0001527863860945763
L1_time+L3_pullback,10,2025-08,1.246650472238798,2.4933009444775962e-05
L1_time+L3_pullback,10,2025-09,186.44007117321416,0.003728801423464283
L1_time+L3_pullback,10,2025-10,530.3269295369364,0.010606538590738727
L1_time+L3_pullback,10,2025-11,-472.2059129931258,-0.009444118259862517
L1_time+L3_pullback,10,2025-12,-223.53756921721197,-0.004470751384344239
L1_time+L3_pullback,10,2026-01,2091.9143626397117,0.04183828725279423
L1_time+L3_pullback,10,2026-02,440.6320650326061,0.00881264130065212
L1_time+L3_pullback,10,2026-03,-625.4234632461184,-0.012508469264922368
L1_time+L3_pullback,10,2026-04,567.0722726167787,0.011341445452335574
L1_time+L3_pullback,10,2026-05,155.56833284587537,0.0031113666569175073
L1_time+L3_pullback,10,2026-06,116.02236062778047,0.0023204472125556096
L1_time+L3_pullback,10,2026-07,-94.1017775741193,-0.001882035551482386
L1_time+L3_pullback,11,2025-08,-164.00084040523416,-0.003280016808104683
L1_time+L3_pullback,11,2025-09,121.99065011204857,0.0024398130022409716
L1_time+L3_pullback,11,2025-10,532.7257951594192,0.010654515903188385
L1_time+L3_pullback,11,2025-11,-746.9137685464111,-0.014938275370928223
L1_time+L3_pullback,11,2025-12,-161.37274865811924,-0.0032274549731623847
L1_time+L3_pullback,11,2026-01,1914.6969177283972,0.038293938354567944
L1_time+L3_pullback,11,2026-02,-459.24977768887857,-0.009184995553777572
L1_time+L3_pullback,11,2026-03,-287.29352332705093,-0.005745870466541019
L1_time+L3_pullback,11,2026-04,900.2939417280195,0.01800587883456039
L1_time+L3_pullback,11,2026-05,290.12055820918613,0.0058024111641837225
L1_time+L3_pullback,11,2026-06,-14.624784843768794,-0.00029249569687537586
L1_time+L3_pullback,11,2026-07,-141.06023516326331,-0.0028212047032652662
L1_time+L3_pullback,12,2025-08,235.452770387893,0.00470905540775786
L1_time+L3_pullback,12,2025-09,64.51173355792344,0.0012902346711584688
L1_time+L3_pullback,12,2025-10,-65.292779947893,-0.00130585559895786
L1_time+L3_pullback,12,2025-11,-319.0650330488397,-0.0063813006609767945
L1_time+L3_pullback,12,2025-12,-163.31782030522027,-0.0032663564061044055
L1_time+L3_pullback,12,2026-01,279.11850387135837,0.005582370077427168
L1_time+L3_pullback,12,2026-02,-6.420916143229988,-0.00012841832286459976
L1_time+L3_pullback,12,2026-03,-175.088155903808,-0.00350176311807616
L1_time+L3_pullback,12,2026-04,9.701942331389546,0.0001940388466277909
L1_time+L3_pullback,12,2026-05,168.5386970217878,0.0033707739404357563
L1_time+L3_pullback,12,2026-06,73.8589098360817,0.0014771781967216338
L1_time+L3_pullback,12,2026-07,343.11176859426996,0.0068622353718854
L1_time+L3_pullback,13,2025-08,-184.44639305545843,-0.0036889278611091686
L1_time+L3_pullback,13,2025-09,1685.4843094438738,0.03370968618887748
L1_time+L3_pullback,13,2025-10,402.52969060336,0.0080505938120672
L1_time+L3_pullback,13,2025-11,-940.546248227025,-0.0188109249645405
L1_time+L3_pullback,13,2025-12,-423.91928374161853,-0.00847838567483237
L1_time+L3_pullback,13,2026-01,661.107046671742,0.013222140933434838
L1_time+L3_pullback,13,2026-02,-57.833997557542716,-0.0011566799511508543
L1_time+L3_pullback,13,2026-03,-525.0321858574662,-0.010500643717149323
L1_time+L3_pullback,13,2026-04,936.1593575137877,0.018723187150275752
L1_time+L3_pullback,13,2026-05,1440.4664958141984,0.028809329916283967
L1_time+L3_pullback,13,2026-06,1773.886255547438,0.03547772511094876
L1_time+L3_pullback,13,2026-07,415.5186767692894,0.008310373535385789
L1_time+L3_pullback,14,2025-08,165.0283792909122,0.003300567585818244
L1_time+L3_pullback,14,2025-09,3383.3263656634217,0.06766652731326843
L1_time+L3_pullback,14,2025-10,-74.92133178843778,-0.0014984266357687558
L1_time+L3_pullback,14,2025-11,-536.6857394672807,-0.010733714789345613
L1_time+L3_pullback,14,2025-12,71.6979070638663,0.001433958141277326
L1_time+L3_pullback,14,2026-01,763.7780664161219,0.015275561328322437
L1_time+L3_pullback,14,2026-02,-23.258936318244196,-0.0004651787263648839
L1_time+L3_pullback,14,2026-03,-944.7861034497846,-0.01889572206899569
L1_time+L3_pullback,14,2026-04,751.516212835405,0.0150303242567081
L1_time+L3_pullback,14,2026-05,2281.569330161771,0.04563138660323542
L1_time+L3_pullback,14,2026-06,-1009.7507797359422,-0.020195015594718844
L1_time+L3_pullback,14,2026-07,67.1407135614063,0.001342814271228126
L1_time+L3_pullback,15,2025-08,703.329259026068,0.014066585180521361
L1_time+L3_pullback,15,2025-09,2705.6548081042583,0.054113096162085164
L1_time+L3_pullback,15,2025-10,-375.28441671179553,-0.007505688334235911
L1_time+L3_pullback,15,2025-11,-413.27124318517417,-0.008265424863703484
L1_time+L3_pullback,15,2025-12,-315.82502066553116,-0.006316500413310623
L1_time+L3_pullback,15,2026-01,361.7345890724537,0.0072346917814490735
L1_time+L3_pullback,15,2026-02,-571.286434740523,-0.011425728694810459
L1_time+L3_pullback,15,2026-03,-464.4315812845516,-0.009288631625691032
L1_time+L3_pullback,15,2026-04,988.608692500462,0.01977217385000924
L1_time+L3_pullback,15,2026-05,2061.7058092968673,0.04123411618593734
L1_time+L3_pullback,15,2026-06,919.2966535908281,0.018385933071816563
L1_time+L3_pullback,15,2026-07,280.375658199845,0.0056075131639969
L1_time+L3_pullback,16,2025-08,293.94753070797105,0.005878950614159421
L1_time+L3_pullback,16,2025-09,691.1601012740393,0.013823202025480787
L1_time+L3_pullback,16,2025-10,436.9357046047726,0.008738714092095451
L1_time+L3_pullback,16,2025-11,-354.00586103547084,-0.007080117220709417
L1_time+L3_pullback,16,2025-12,-244.01711725691894,-0.004880342345138379
L1_time+L3_pullback,16,2026-01,971.1303943022849,0.019422607886045697
L1_time+L3_pullback,16,2026-02,93.8103029440399,0.001876206058880798
L1_time+L3_pullback,16,2026-03,-372.8458931149371,-0.007456917862298742
L1_time+L3_pullback,16,2026-04,1096.793732180311,0.02193587464360622
L1_time+L3_pullback,16,2026-05,-63.71459498695549,-0.0012742918997391097
L1_time+L3_pullback,16,2026-06,1486.8945180306446,0.029737890360612893
L1_time+L3_pullback,16,2026-07,395.4114482169616,0.007908228964339232
L1_time+L3_pullback,17,2025-08,-10.255519259328139,-0.0002051103851865628
L1_time+L3_pullback,17,2025-09,761.9274307695023,0.015238548615390046
L1_time+L3_pullback,17,2025-10,418.77794655227353,0.00837555893104547
L1_time+L3_pullback,17,2025-11,-1189.3670754048435,-0.02378734150809687
L1_time+L3_pullback,17,2025-12,-369.78015377214524,-0.007395603075442905
L1_time+L3_pullback,17,2026-01,523.3521463408797,0.010467042926817594
L1_time+L3_pullback,17,2026-02,-74.15865191305784,-0.0014831730382611568
L1_time+L3_pullback,17,2026-03,271.3149625213864,0.005426299250427728
L1_time+L3_pullback,17,2026-04,258.42164823041,0.0051684329646082
L1_time+L3_pullback,17,2026-05,536.8288067169206,0.010736576134338411
L1_time+L3_pullback,17,2026-06,-121.50074808796035,-0.002430014961759207
L1_time+L3_pullback,17,2026-07,3.14250258791526,6.28500517583052e-05
L1_time+L3_pullback,18,2025-08,-451.44285432381275,-0.009028857086476254
L1_time+L3_pullback,18,2025-09,-67.93625841100129,-0.0013587251682200259
L1_time+L3_pullback,18,2025-10,523.1801303602788,0.010463602607205576
L1_time+L3_pullback,18,2025-11,-821.0386517503912,-0.016420773035007823
L1_time+L3_pullback,18,2025-12,-339.2613573603967,-0.006785227147207934
L1_time+L3_pullback,18,2026-01,248.47245211233258,0.004969449042246651
L1_time+L3_pullback,18,2026-02,455.3692612924124,0.009107385225848247
L1_time+L3_pullback,18,2026-03,-706.925669104924,-0.014138513382098481
L1_time+L3_pullback,18,2026-04,931.8534384138575,0.01863706876827715
L1_time+L3_pullback,18,2026-05,1111.5840337316886,0.022231680674633773
L1_time+L3_pullback,18,2026-06,1871.83210910673,0.0374366421821346
L1_time+L3_pullback,18,2026-07,-169.45181906772905,-0.003389036381354581
L1_time+L3_pullback,19,2025-08,-95.99198650096332,-0.0019198397300192664
L1_time+L3_pullback,19,2025-09,1686.7357827863252,0.033734715655726506
L1_time+L3_pullback,19,2025-10,1155.2419659207799,0.023104839318415598
L1_time+L3_pullback,19,2025-11,-1505.9750569840908,-0.030119501139681815
L1_time+L3_pullback,19,2025-12,-97.37079759181961,-0.0019474159518363921
L1_time+L3_pullback,19,2026-01,884.1149748102025,0.01768229949620405
L1_time+L3_pullback,19,2026-02,129.30727444413606,0.002586145488882721
L1_time+L3_pullback,19,2026-03,-298.8063869971147,-0.005976127739942294
L1_time+L3_pullback,19,2026-04,88.12800306985991,0.0017625600613971983
L1_time+L3_pullback,19,2026-05,842.0681554573157,0.016841363109146315
L1_time+L3_pullback,19,2026-06,-176.35108186450543,-0.0035270216372901087
L1_time+L3_pullback,19,2026-07,236.85277318620047,0.004737055463724009
L1_time+L3_pullback,20,2025-08,-919.4803115358154,-0.01838960623071631
L1_time+L3_pullback,20,2025-09,1765.6589778165362,0.035313179556330725
L1_time+L3_pullback,20,2025-10,923.3267816275929,0.018466535632551857
L1_time+L3_pullback,20,2025-11,-667.3286832408153,-0.013346573664816305
L1_time+L3_pullback,20,2025-12,-9.570550127108618,-0.00019141100254217237
L1_time+L3_pullback,20,2026-01,370.1898481772487,0.007403796963544974
L1_time+L3_pullback,20,2026-02,176.64242972549528,0.0035328485945099056
L1_time+L3_pullback,20,2026-03,-962.0016445568908,-0.019240032891137817
L1_time+L3_pullback,20,2026-04,434.82761608695455,0.008696552321739092
L1_time+L3_pullback,20,2026-05,701.4522882999008,0.014029045765998017
L1_time+L3_pullback,20,2026-06,-13.144109741218017,-0.00026288219482436035
L1_time+L3_pullback,20,2026-07,193.5274300358151,0.003870548600716302
L1_time+L3_pullback,21,2025-08,59.91803200070444,0.001198360640014089
L1_time+L3_pullback,21,2025-09,108.6517089266581,0.002173034178533162
L1_time+L3_pullback,21,2025-10,-22.921393317376896,-0.00045842786634753795
L1_time+L3_pullback,21,2025-11,-608.8169346703671,-0.012176338693407342
L1_time+L3_pullback,21,2025-12,-327.24434849582394,-0.0065448869699164785
L1_time+L3_pullback,21,2026-01,363.2951188018278,0.007265902376036556
L1_time+L3_pullback,21,2026-02,-15.486646217004818,-0.00030973292434009633
L1_time+L3_pullback,21,2026-03,-453.6230378786968,-0.009072460757573935
L1_time+L3_pullback,21,2026-04,507.2942991164555,0.010145885982329109
L1_time+L3_pullback,21,2026-05,-13.262438908622244,-0.0002652487781724449
L1_time+L3_pullback,21,2026-06,36.8775418486357,0.000737550836972714
L1_time+L3_pullback,21,2026-07,113.59319268988929,0.0022718638537977858
L1_time+L3_pullback,22,2025-08,-61.661002292413286,-0.0012332200458482657
L1_time+L3_pullback,22,2025-09,414.74252786008765,0.008294850557201753
L1_time+L3_pullback,22,2025-10,388.59614375330693,0.007771922875066139
L1_time+L3_pullback,22,2025-11,221.90381564021573,0.004438076312804315
L1_time+L3_pullback,22,2025-12,112.69475565746961,0.0022538951131493923
L1_time+L3_pullback,22,2026-01,-186.96789342780812,-0.0037393578685561623
L1_time+L3_pullback,22,2026-02,-61.629344068829596,-0.0012325868813765919
L1_time+L3_pullback,22,2026-03,-260.8548210799063,-0.005217096421598125
L1_time+L3_pullback,22,2026-04,154.2402211275803,0.003084804422551606
L1_time+L3_pullback,22,2026-05,-261.7477401541728,-0.005234954803083456
L1_time+L3_pullback,22,2026-06,-218.33192235494425,-0.004366638447098885
L1_time+L3_pullback,22,2026-07,38.69896207989041,0.0007739792415978081
L1_time+L3_pullback,23,2025-08,37.93635203368285,0.000758727040673657
L1_time+L3_pullback,23,2025-09,1794.607971164959,0.03589215942329918
L1_time+L3_pullback,23,2025-10,1066.6509966394724,0.021333019932789448
L1_time+L3_pullback,23,2025-11,-282.2307217824182,-0.005644614435648364
L1_time+L3_pullback,23,2025-12,329.9344891311857,0.0065986897826237146
L1_time+L3_pullback,23,2026-01,528.0072291112265,0.01056014458222453
L1_time+L3_pullback,23,2026-02,-433.18055271885805,-0.00866361105437716
L1_time+L3_pullback,23,2026-03,-239.1814739331212,-0.004783629478662424
L1_time+L3_pullback,23,2026-04,360.61502702400867,0.007212300540480173
L1_time+L3_pullback,23,2026-05,844.7492948427962,0.016894985896855924
L1_time+L3_pullback,23,2026-06,-404.3674284199733,-0.008087348568399466
L1_time+L3_pullback,23,2026-07,741.2862323390236,0.014825724646780473
L1_time+L3_pullback,24,2025-08,-119.34564200127625,-0.002386912840025525
L1_time+L3_pullback,24,2025-09,266.0852652194808,0.0053217053043896154
L1_time+L3_pullback,24,2025-10,67.26370891784063,0.0013452741783568126
L1_time+L3_pullback,24,2025-11,-486.7865329566257,-0.009735730659132514
L1_time+L3_pullback,24,2025-12,-124.12948549880821,-0.002482589709976164
L1_time+L3_pullback,24,2026-01,-117.9295286524657,-0.002358590573049314
L1_time+L3_pullback,24,2026-02,28.333018240923593,0.0005666603648184718
L1_time+L3_pullback,24,2026-03,-160.62630329940475,-0.003212526065988095
L1_time+L3_pullback,24,2026-04,337.7868007433299,0.006755736014866598
L1_time+L3_pullback,24,2026-05,-336.9449926169682,-0.006738899852339364
L1_time+L3_pullback,24,2026-06,278.8235238939751,0.0055764704778795025
L1_time+L3_pullback,24,2026-07,90.35351723457825,0.001807070344691565
L1_time+L3_pullback,25,2025-08,-232.14281700966603,-0.0046428563401933205
L1_time+L3_pullback,25,2025-09,643.3874952022452,0.012867749904044904
L1_time+L3_pullback,25,2025-10,164.22375407628988,0.0032844750815257976
L1_time+L3_pullback,25,2025-11,313.1721207291939,0.006263442414583879
L1_time+L3_pullback,25,2025-12,251.7630915734453,0.005035261831468906
L1_time+L3_pullback,25,2026-01,603.850141062584,0.012077002821251681
L1_time+L3_pullback,25,2026-02,-75.47476538796673,-0.0015094953077593345
L1_time+L3_pullback,25,2026-03,-195.01763534133715,-0.003900352706826743
L1_time+L3_pullback,25,2026-04,317.69625764013745,0.006353925152802749
L1_time+L3_pullback,25,2026-05,-168.22612121845668,-0.0033645224243691336
L1_time+L3_pullback,25,2026-06,-52.74609387806595,-0.001054921877561319
L1_time+L3_pullback,25,2026-07,278.2763652704698,0.0055655273054093955
L1_time+L3_pullback,26,2025-08,-429.4422509336255,-0.00858884501867251
L1_time+L3_pullback,26,2025-09,-23.001178297462502,-0.00046002356594925
L1_time+L3_pullback,26,2025-10,408.9731083024453,0.008179462166048906
L1_time+L3_pullback,26,2025-11,-257.2575884733851,-0.005145151769467702
L1_time+L3_pullback,26,2025-12,-231.01671739994617,-0.004620334347998923
L1_time+L3_pullback,26,2026-01,273.151706350558,0.0054630341270111606
L1_time+L3_pullback,26,2026-02,751.9564159294123,0.015039128318588245
L1_time+L3_pullback,26,2026-03,-126.69023969117825,-0.002533804793823565
L1_time+L3_pullback,26,2026-04,10.693349563236552,0.00021386699126473105
L1_time+L3_pullback,26,2026-05,-369.3247571369484,-0.007386495142738968
L1_time+L3_pullback,26,2026-06,24.96303885371799,0.0004992607770743598
L1_time+L3_pullback,26,2026-07,245.71851462294126,0.004914370292458825
L1_time+L3_pullback,27,2025-08,171.1855853562147,0.003423711707124294
L1_time+L3_pullback,27,2025-09,683.7795223235662,0.013675590446471325
L1_time+L3_pullback,27,2025-10,575.9958853245143,0.011519917706490287
L1_time+L3_pullback,27,2025-11,304.2101142005913,0.006084202284011826
L1_time+L3_pullback,27,2025-12,84.85299063308321,0.0016970598126616642
L1_time+L3_pullback,27,2026-01,255.52869398415896,0.005110573879683179
L1_time+L3_pullback,27,2026-02,-185.6266508780618,-0.0037125330175612364
L1_time+L3_pullback,27,2026-03,-134.50028971463416,-0.0026900057942926834
L1_time+L3_pullback,27,2026-04,366.6987226301435,0.00733397445260287
L1_time+L3_pullback,27,2026-05,24.512294189756176,0.0004902458837951235
L1_time+L3_pullback,27,2026-06,95.12088827253501,0.0019024177654507002
L1_time+L3_pullback,27,2026-07,147.8954910616103,0.002957909821232206
L1_time+L3_pullback,28,2025-08,1514.3059408251693,0.030286118816503386
L1_time+L3_pullback,28,2025-09,2088.82844741809,0.0417765689483618
L1_time+L3_pullback,28,2025-10,964.0111161046834,0.019280222322093667
L1_time+L3_pullback,28,2025-11,-1598.1793104973603,-0.03196358620994721
L1_time+L3_pullback,28,2025-12,-74.35512024528998,-0.0014871024049057996
L1_time+L3_pullback,28,2026-01,-178.54507681499945,-0.003570901536299989
L1_time+L3_pullback,28,2026-02,-286.363233189888,-0.00572726466379776
L1_time+L3_pullback,28,2026-03,-153.4687290460297,-0.003069374580920594
L1_time+L3_pullback,28,2026-04,-58.049170778045664,-0.0011609834155609134
L1_time+L3_pullback,28,2026-05,-385.27968780517404,-0.00770559375610348
L1_time+L3_pullback,28,2026-06,-107.7161656996177,-0.002154323313992354
L1_time+L3_pullback,28,2026-07,168.54601696486952,0.0033709203392973904
L1_time+L3_pullback,29,2025-08,734.4885669954001,0.014689771339908002
L1_time+L3_pullback,29,2025-09,166.81742200434655,0.003336348440086931
L1_time+L3_pullback,29,2025-10,938.4971063574676,0.01876994212714935
L1_time+L3_pullback,29,2025-11,-204.2603920386664,-0.004085207840773328
L1_time+L3_pullback,29,2025-12,-172.81160525684936,-0.0034562321051369873
L1_time+L3_pullback,29,2026-01,-95.33399819915212,-0.0019066799639830424
L1_time+L3_pullback,29,2026-02,336.44821784022133,0.006728964356804427
L1_time+L3_pullback,29,2026-03,-789.8414817910416,-0.015796829635820832
L1_time+L3_pullback,29,2026-04,763.7269109063909,0.015274538218127819
L1_time+L3_pullback,29,2026-05,285.9154014833284,0.005718308029666569
L1_time+L3_pullback,29,2026-06,-135.42635218724354,-0.0027085270437448706
L1_time+L3_pullback,29,2026-07,400.0625277662866,0.008001250555325733
L1_time+L3_pullback,30,2025-08,-67.21763882289088,-0.0013443527764578176
L1_time+L3_pullback,30,2025-09,270.6815253727573,0.005413630507455146
L1_time+L3_pullback,30,2025-10,499.6244371124212,0.009992488742248425
L1_time+L3_pullback,30,2025-11,102.46588053221421,0.0020493176106442844
L1_time+L3_pullback,30,2025-12,-53.618331151563325,-0.0010723666230312665
L1_time+L3_pullback,30,2026-01,860.0196970176603,0.017200393940353206
L1_time+L3_pullback,30,2026-02,453.94637122259974,0.009078927424451995
L1_time+L3_pullback,30,2026-03,95.13371669293974,0.0019026743338587948
L1_time+L3_pullback,30,2026-04,182.58222139392728,0.003651644427878546
L1_time+L3_pullback,30,2026-05,427.6114149702544,0.008552228299405088
L1_time+L3_pullback,30,2026-06,265.60091479922175,0.005312018295984435
L1_time+L3_pullback,30,2026-07,253.47307040354553,0.00506946140807091
L1_time+L3_pullback,31,2025-08,-467.39175623809024,-0.009347835124761806
L1_time+L3_pullback,31,2025-09,598.9870563080685,0.01197974112616137
L1_time+L3_pullback,31,2025-10,596.9389478033263,0.011938778956066525
L1_time+L3_pullback,31,2025-11,-594.5640173142438,-0.011891280346284875
L1_time+L3_pullback,31,2025-12,-343.8488853618137,-0.006876977707236274
L1_time+L3_pullback,31,2026-01,420.2881122832596,0.008405762245665192
L1_time+L3_pullback,31,2026-02,464.61632416634166,0.009292326483326833
L1_time+L3_pullback,31,2026-03,-500.03714393731025,-0.010000742878746204
L1_time+L3_pullback,31,2026-04,431.9267155907455,0.00863853431181491
L1_time+L3_pullback,31,2026-05,700.708307029251,0.01401416614058502
L1_time+L3_pullback,31,2026-06,227.3808510287099,0.004547617020574198
L1_time+L3_pullback,31,2026-07,10.036677229290945,0.00020073354458581888
L1_time+L3_pullback,32,2025-08,-152.82876861479963,-0.0030565753722959924
L1_time+L3_pullback,32,2025-09,1096.8450186721948,0.021936900373443896
L1_time+L3_pullback,32,2025-10,971.134697486319,0.019422693949726382
L1_time+L3_pullback,32,2025-11,-1368.129249750098,-0.02736258499500196
L1_time+L3_pullback,32,2025-12,-301.0621858200011,-0.006021243716400022
L1_time+L3_pullback,32,2026-01,1049.4583585445962,0.020989167170891925
L1_time+L3_pullback,32,2026-02,0.5430679975661405,1.086135995132281e-05
L1_time+L3_pullback,32,2026-03,-543.2252360211041,-0.010864504720422084
L1_time+L3_pullback,32,2026-04,661.0438642099944,0.013220877284199887
L1_time+L3_pullback,32,2026-05,1073.19738873624,0.021463947774724802
L1_time+L3_pullback,32,2026-06,2289.3497408046787,0.04578699481609357
L1_time+L3_pullback,32,2026-07,-86.68618400946889,-0.0017337236801893779
L1_time+L3_pullback,33,2025-08,57.02096977003657,0.0011404193954007314
L1_time+L3_pullback,33,2025-09,803.4312214039965,0.01606862442807993
L1_time+L3_pullback,33,2025-10,-158.88096987070458,-0.0031776193974140917
L1_time+L3_pullback,33,2025-11,-409.44317611612223,-0.008188863522322445
L1_time+L3_pullback,33,2025-12,-206.848166031873,-0.00413696332063746
L1_time+L3_pullback,33,2026-01,1188.3625727984554,0.02376725145596911
L1_time+L3_pullback,33,2026-02,142.69477101643497,0.0028538954203286993
L1_time+L3_pullback,33,2026-03,-370.9453076642603,-0.007418906153285207
L1_time+L3_pullback,33,2026-04,443.09454109524813,0.008861890821904963
L1_time+L3_pullback,33,2026-05,266.72493110527284,0.005334498622105457
L1_time+L3_pullback,33,2026-06,-172.22538875819282,-0.0034445077751638566
L1_time+L3_pullback,33,2026-07,673.1149728337332,0.013462299456674664
L1_time+L3_pullback,34,2025-08,-90.34206075129168,-0.0018068412150258337
L1_time+L3_pullback,34,2025-09,368.9251141667073,0.007378502283334146
L1_time+L3_pullback,34,2025-10,163.90772071855645,0.003278154414371129
L1_time+L3_pullback,34,2025-11,-237.68134709252445,-0.004753626941850489
L1_time+L3_pullback,34,2025-12,-73.26236002502901,-0.0014652472005005801
L1_time+L3_pullback,34,2026-01,510.67978559272706,0.010213595711854541
L1_time+L3_pullback,34,2026-02,337.7021539738107,0.006754043079476214
L1_time+L3_pullback,34,2026-03,-263.57770670805894,-0.005271554134161179
L1_time+L3_pullback,34,2026-04,937.5981814501729,0.018751963629003457
L1_time+L3_pullback,34,2026-05,-559.7400453431919,-0.011194800906863839
L1_time+L3_pullback,34,2026-06,-390.82339139311534,-0.007816467827862307
L1_time+L3_pullback,34,2026-07,-162.86911424867412,-0.0032573822849734824
L1_time+L3_pullback,35,2025-08,-411.9675258758816,-0.008239350517517632
L1_time+L3_pullback,35,2025-09,90.18321413223839,0.0018036642826447678
L1_time+L3_pullback,35,2025-10,181.15633401110063,0.0036231266802220123
L1_time+L3_pullback,35,2025-11,-678.8588775430944,-0.013577177550861888
L1_time+L3_pullback,35,2025-12,-259.1299537685618,-0.005182599075371236
L1_time+L3_pullback,35,2026-01,259.08462968224376,0.005181692593644875
L1_time+L3_pullback,35,2026-02,289.81140651795613,0.005796228130359122
L1_time+L3_pullback,35,2026-03,-856.0462140042855,-0.01712092428008571
L1_time+L3_pullback,35,2026-04,-116.06535071295275,-0.002321307014259055
L1_time+L3_pullback,35,2026-05,-30.108129185082362,-0.0006021625837016472
L1_time+L3_pullback,35,2026-06,536.8076200852465,0.01073615240170493
L1_time+L3_pullback,35,2026-07,-230.2570122812167,-0.004605140245624334
L1_time+L3_pullback,36,2025-08,281.92008216465547,0.005638401643293109
L1_time+L3_pullback,36,2025-09,1730.793673839953,0.034615873476799064
L1_time+L3_pullback,36,2025-10,1308.740312876752,0.026174806257535037
L1_time+L3_pullback,36,2025-11,-1249.623739290303,-0.024992474785806063
L1_time+L3_pullback,36,2025-12,-109.48269803158746,-0.0021896539606317492
L1_time+L3_pullback,36,2026-01,1613.9497411828925,0.03227899482365785
L1_time+L3_pullback,36,2026-02,-259.90163889012274,-0.005198032777802454
L1_time+L3_pullback,36,2026-03,-147.57739867644977,-0.0029515479735289954
L1_time+L3_pullback,36,2026-04,-76.76712612758274,-0.0015353425225516548
L1_time+L3_pullback,36,2026-05,1663.6211847989553,0.0332724236959791
L1_time+L3_pullback,36,2026-06,213.46150521715026,0.004269230104343005
L1_time+L3_pullback,36,2026-07,64.55012932390218,0.0012910025864780437
L1_time+L3_pullback,37,2025-08,-207.12309783854562,-0.0041424619567709126
L1_time+L3_pullback,37,2025-09,-263.03487125870197,-0.005260697425174039
L1_time+L3_pullback,37,2025-10,648.3219282568789,0.012966438565137578
L1_time+L3_pullback,37,2025-11,-1044.8574098448262,-0.020897148196896524
L1_time+L3_pullback,37,2025-12,-401.8659407273126,-0.008037318814546252
L1_time+L3_pullback,37,2026-01,-321.47278340969206,-0.006429455668193841
L1_time+L3_pullback,37,2026-02,128.7029422588139,0.0025740588451762777
L1_time+L3_pullback,37,2026-03,66.02827025607803,0.0013205654051215605
L1_time+L3_pullback,37,2026-04,648.720901067134,0.01297441802134268
L1_time+L3_pullback,37,2026-05,251.8825873238884,0.005037651746477768
L1_time+L3_pullback,37,2026-06,1866.4807327969174,0.03732961465593835
L1_time+L3_pullback,37,2026-07,-153.37655627940603,-0.0030675311255881207
L1_time+L3_pullback,38,2025-08,34.70425290830008,0.0006940850581660015
L1_time+L3_pullback,38,2025-09,1677.1375110960407,0.03354275022192081
L1_time+L3_pullback,38,2025-10,869.6945634872791,0.01739389126974558
L1_time+L3_pullback,38,2025-11,-504.2403834119068,-0.010084807668238136
L1_time+L3_pullback,38,2025-12,176.33799489815283,0.0035267598979630567
L1_time+L3_pullback,38,2026-01,868.8524571880853,0.017377049143761706
L1_time+L3_pullback,38,2026-02,199.66493444847129,0.003993298688969426
L1_time+L3_pullback,38,2026-03,-537.7926255286293,-0.010755852510572586
L1_time+L3_pullback,38,2026-04,-33.739161044056345,-0.000674783220881127
L1_time+L3_pullback,38,2026-05,1054.3935579337613,0.021087871158675227
L1_time+L3_pullback,38,2026-06,-162.72133227945324,-0.0032544266455890648
L1_time+L3_pullback,38,2026-07,217.50231406196326,0.004350046281239265
L1_time+L3_pullback,39,2025-08,534.7806543384222,0.010695613086768445
L1_time+L3_pullback,39,2025-09,834.310330983194,0.01668620661966388
L1_time+L3_pullback,39,2025-10,873.7526794191235,0.017475053588382472
L1_time+L3_pullback,39,2025-11,-1352.9859584091118,-0.02705971916818224
L1_time+L3_pullback,39,2025-12,-564.2119502276091,-0.011284239004552183
L1_time+L3_pullback,39,2026-01,-212.75640413825022,-0.0042551280827650044
L1_time+L3_pullback,39,2026-02,165.2502956310309,0.0033050059126206177
L1_time+L3_pullback,39,2026-03,-994.3301070602938,-0.019886602141205877
L1_time+L3_pullback,39,2026-04,397.25523058643466,0.007945104611728693
L1_time+L3_pullback,39,2026-05,-7.241756423092738,-0.00014483512846185477
L1_time+L3_pullback,39,2026-06,-20.932730973235266,-0.0004186546194647053
L1_time+L3_pullback,39,2026-07,68.7728823496318,0.001375457646992636
L1_time+L3_pullback,40,2025-08,29.229890237736072,0.0005845978047547215
L1_time+L3_pullback,40,2025-09,2712.0882994924586,0.05424176598984917
L1_time+L3_pullback,40,2025-10,1391.999498764847,0.02783998997529694
L1_time+L3_pullback,40,2025-11,-1947.3145978708017,-0.038946291957416036
L1_time+L3_pullback,40,2025-12,-711.3754088991036,-0.014227508177982072
L1_time+L3_pullback,40,2026-01,734.4451167596899,0.014688902335193798
L1_time+L3_pullback,40,2026-02,-285.76915606540206,-0.005715383121308041
L1_time+L3_pullback,40,2026-03,28.662022260334197,0.0005732404452066839
L1_time+L3_pullback,40,2026-04,1432.4189012438337,0.028648378024876676
L1_time+L3_pullback,40,2026-05,1653.2726392245504,0.03306545278449101
L1_time+L3_pullback,40,2026-06,1704.3673693577985,0.03408734738715597
L1_time+L3_pullback,40,2026-07,-193.59590060367645,-0.003871918012073529
L1_time+L3_pullback,41,2025-08,380.57584809342734,0.007611516961868547
L1_time+L3_pullback,41,2025-09,-53.13453716647109,-0.001062690743329422
L1_time+L3_pullback,41,2025-10,526.1063509434025,0.01052212701886805
L1_time+L3_pullback,41,2025-11,-759.0330807319042,-0.015180661614638083
L1_time+L3_pullback,41,2025-12,-298.4879386745415,-0.00596975877349083
L1_time+L3_pullback,41,2026-01,949.141222619608,0.01898282445239216
L1_time+L3_pullback,41,2026-02,-140.96273304363604,-0.002819254660872721
L1_time+L3_pullback,41,2026-03,-872.6671781039295,-0.017453343562078588
L1_time+L3_pullback,41,2026-04,148.20705393413573,0.0029641410786827144
L1_time+L3_pullback,41,2026-05,789.5384027273722,0.015790768054547443
L1_time+L3_pullback,41,2026-06,-297.33840559215423,-0.005946768111843085
L1_time+L3_pullback,41,2026-07,-96.99164671888411,-0.0019398329343776823
L1_time+L3_pullback,42,2025-08,-512.737921158382,-0.01025475842316764
L1_time+L3_pullback,42,2025-09,352.31120780065976,0.007046224156013195
L1_time+L3_pullback,42,2025-10,36.38712971436962,0.0007277425942873924
L1_time+L3_pullback,42,2025-11,-1023.8425315957779,-0.02047685063191556
L1_time+L3_pullback,42,2025-12,39.5362248753745,0.00079072449750749
L1_time+L3_pullback,42,2026-01,291.0367502588715,0.00582073500517743
L1_time+L3_pullback,42,2026-02,248.30171161147882,0.004966034232229576
L1_time+L3_pullback,42,2026-03,-160.2149038222351,-0.003204298076444702
L1_time+L3_pullback,42,2026-04,-286.62778151735347,-0.005732555630347069
L1_time+L3_pullback,42,2026-05,-107.15328071572912,-0.0021430656143145827
L1_time+L3_pullback,42,2026-06,372.66762321361784,0.0074533524642723566
L1_time+L3_pullback,42,2026-07,72.97723891062469,0.001459544778212494
L1_time+L3_pullback,43,2025-08,970.817704439206,0.01941635408878412
L1_time+L3_pullback,43,2025-09,627.5200830759777,0.012550401661519554
L1_time+L3_pullback,43,2025-10,1181.0174031892193,0.023620348063784387
L1_time+L3_pullback,43,2025-11,-1792.2529226542538,-0.035845058453085075
L1_time+L3_pullback,43,2025-12,-413.59684344603556,-0.008271936868920712
L1_time+L3_pullback,43,2026-01,-723.7546765301822,-0.014475093530603644
L1_time+L3_pullback,43,2026-02,-26.9180777452666,-0.000538361554905332
L1_time+L3_pullback,43,2026-03,-218.56461369614772,-0.004371292273922954
L1_time+L3_pullback,43,2026-04,610.003604305598,0.012200072086111959
L1_time+L3_pullback,43,2026-05,839.699816305113,0.016793996326102262
L1_time+L3_pullback,43,2026-06,1877.2287839110613,0.037544575678221226
L1_time+L3_pullback,43,2026-07,680.2107318674734,0.013604214637349468
L1_time+L3_pullback,44,2025-08,137.50600997529,0.0027501201995058
L1_time+L3_pullback,44,2025-09,2112.827127435322,0.042256542548706436
L1_time+L3_pullback,44,2025-10,163.0252892820845,0.0032605057856416896
L1_time+L3_pullback,44,2025-11,-627.6143424348811,-0.012552286848697622
L1_time+L3_pullback,44,2025-12,-94.88833503043043,-0.0018977667006086086
L1_time+L3_pullback,44,2026-01,1214.8428666800464,0.02429685733360093
L1_time+L3_pullback,44,2026-02,-817.2356363668105,-0.01634471272733621
L1_time+L3_pullback,44,2026-03,-72.6770138390093,-0.0014535402767801861
L1_time+L3_pullback,44,2026-04,901.1149909571368,0.018022299819142735
L1_time+L3_pullback,44,2026-05,-12.924719299792741,-0.0002584943859958548
L1_time+L3_pullback,44,2026-06,-113.38429540261586,-0.002267685908052317
L1_time+L3_pullback,44,2026-07,77.24434683504114,0.001544886936700823
L1_time+L3_pullback,45,2025-08,-21.45401145928281,-0.0004290802291856562
L1_time+L3_pullback,45,2025-09,1269.6846765501405,0.02539369353100281
L1_time+L3_pullback,45,2025-10,1167.9701072111748,0.023359402144223496
L1_time+L3_pullback,45,2025-11,-753.9379053795337,-0.015078758107590675
L1_time+L3_pullback,45,2025-12,36.40333818776162,0.0007280667637552324
L1_time+L3_pullback,45,2026-01,681.8548715825809,0.013637097431651618
L1_time+L3_pullback,45,2026-02,359.7010904404515,0.007194021808809029
L1_time+L3_pullback,45,2026-03,-412.4976084262462,-0.008249952168524925
L1_time+L3_pullback,45,2026-04,252.98636940586675,0.005059727388117335
L1_time+L3_pullback,45,2026-05,951.0403021219136,0.01902080604243827
L1_time+L3_pullback,45,2026-06,26.14533612251762,0.0005229067224503524
L1_time+L3_pullback,45,2026-07,299.28361805408167,0.005985672361081633
L1_time+L3_pullback,46,2025-08,-93.68211298263213,-0.0018736422596526427
L1_time+L3_pullback,46,2025-09,-158.2064373745543,-0.003164128747491086
L1_time+L3_pullback,46,2025-10,365.0287918820777,0.007300575837641554
L1_time+L3_pullback,46,2025-11,20.95444708578907,0.0004190889417157814
L1_time+L3_pullback,46,2025-12,-10.530445708885054,-0.00021060891417770108
L1_time+L3_pullback,46,2026-01,-358.01189515011356,-0.007160237903002271
L1_time+L3_pullback,46,2026-02,342.962303868926,0.0068592460773785205
L1_time+L3_pullback,46,2026-03,-541.8076743458942,-0.010836153486917884
L1_time+L3_pullback,46,2026-04,-112.53151258823618,-0.0022506302517647236
L1_time+L3_pullback,46,2026-05,200.84101333923172,0.004016820266784634
L1_time+L3_pullback,46,2026-06,-70.95819622738327,-0.0014191639245476654
L1_time+L3_pullback,46,2026-07,590.8232715602635,0.01181646543120527
L1_time+L3_pullback,47,2025-08,309.4247242866477,0.006188494485732954
L1_time+L3_pullback,47,2025-09,2348.81728343782,0.0469763456687564
L1_time+L3_pullback,47,2025-10,1215.0598715264277,0.024301197430528554
L1_time+L3_pullback,47,2025-11,123.73294698914196,0.0024746589397828395
L1_time+L3_pullback,47,2025-12,-32.38286564412556,-0.0006476573128825112
L1_time+L3_pullback,47,2026-01,1018.818057948808,0.02037636115897616
L1_time+L3_pullback,47,2026-02,-370.0804230270096,-0.007401608460540192
L1_time+L3_pullback,47,2026-03,-1244.270397725394,-0.02488540795450788
L1_time+L3_pullback,47,2026-04,939.4427082349239,0.018788854164698478
L1_time+L3_pullback,47,2026-05,621.0322458764294,0.01242064491752859
L1_time+L3_pullback,47,2026-06,-112.22263915455005,-0.002244452783091001
L1_time+L3_pullback,47,2026-07,-63.369284736455484,-0.0012673856947291097
L1_time+L3_pullback,48,2025-08,58.58076825970693,0.0011716153651941386
L1_time+L3_pullback,48,2025-09,1470.7194269313122,0.029414388538626244
L1_time+L3_pullback,48,2025-10,898.8968228274962,0.017977936456549923
L1_time+L3_pullback,48,2025-11,-1092.9908326576406,-0.02185981665315281
L1_time+L3_pullback,48,2025-12,2.3755376417511798,4.7510752835023593e-05
L1_time+L3_pullback,48,2026-01,85.76497059878693,0.0017152994119757387
L1_time+L3_pullback,48,2026-02,-227.47214586988866,-0.004549442917397773
L1_time+L3_pullback,48,2026-03,-140.09154502308866,-0.0028018309004617732
L1_time+L3_pullback,48,2026-04,-96.69881066820017,-0.0019339762133640033
L1_time+L3_pullback,48,2026-05,1171.8869394357725,0.02343773878871545
L1_time+L3_pullback,48,2026-06,276.6315029689431,0.005532630059378862
L1_time+L3_pullback,48,2026-07,-426.9513324230602,-0.008539026648461203
L1_time+L3_pullback,49,2025-08,-441.8214233996159,-0.008836428467992319
L1_time+L3_pullback,49,2025-09,1965.343645594965,0.0393068729118993
L1_time+L3_pullback,49,2025-10,-1041.563839497977,-0.020831276789959538
L1_time+L3_pullback,49,2025-11,-677.4702702220943,-0.013549405404441887
L1_time+L3_pullback,49,2025-12,52.38687675930669,0.0010477375351861337
L1_time+L3_pullback,49,2026-01,-501.67727670262684,-0.010033545534052536
L1_time+L3_pullback,49,2026-02,-162.88049509635493,-0.003257609901927099
L1_time+L3_pullback,49,2026-03,-293.15326225719946,-0.005863065245143989
L1_time+L3_pullback,49,2026-04,669.3619014380765,0.01338723802876153
L1_time+L3_pullback,49,2026-05,1418.8103910947857,0.028376207821895715
L1_time+L3_pullback,49,2026-06,-770.1665879944912,-0.015403331759889824
L1_time+L3_pullback,49,2026-07,109.7392928868203,0.002194785857736406
L1_time+L3_pullback,50,2025-08,101.61627227523513,0.0020323254455047028
L1_time+L3_pullback,50,2025-09,1837.5344679788668,0.036750689359577336
L1_time+L3_pullback,50,2025-10,-824.3890889617269,-0.016487781779234538
L1_time+L3_pullback,50,2025-11,-321.9546993877275,-0.00643909398775455
L1_time+L3_pullback,50,2025-12,-313.4318537322715,-0.00626863707464543
L1_time+L3_pullback,50,2026-01,-241.58566244064878,-0.004831713248812976
L1_time+L3_pullback,50,2026-02,57.31428642780793,0.0011462857285561585
L1_time+L3_pullback,50,2026-03,-713.2079698575571,-0.014264159397151142
L1_time+L3_pullback,50,2026-04,-66.19045834271128,-0.0013238091668542255
L1_time+L3_pullback,50,2026-05,1387.718222553055,0.027754364451061102
L1_time+L3_pullback,50,2026-06,-1069.2373061291164,-0.02138474612258233
L1_time+L3_pullback,50,2026-07,54.44186685094337,0.0010888373370188675
L1_time+L3_pullback,51,2025-08,266.28850651694574,0.005325770130338915
L1_time+L3_pullback,51,2025-09,346.54824073635154,0.006930964814727031
L1_time+L3_pullback,51,2025-10,860.7480133683375,0.01721496026736675
L1_time+L3_pullback,51,2025-11,-1101.320292051445,-0.022026405841028898
L1_time+L3_pullback,51,2025-12,-315.09881451790443,-0.006301976290358088
L1_time+L3_pullback,51,2026-01,1169.7607687726459,0.023395215375452916
L1_time+L3_pullback,51,2026-02,399.7166549934509,0.007994333099869019
L1_time+L3_pullback,51,2026-03,-1008.8407715141275,-0.02017681543028255
L1_time+L3_pullback,51,2026-04,256.05261494912065,0.005121052298982413
L1_time+L3_pullback,51,2026-05,721.4735972267963,0.014429471944535926
L1_time+L3_pullback,51,2026-06,1819.6071535669525,0.03639214307133905
L1_time+L3_pullback,51,2026-07,138.3418190065304,0.002766836380130608
L1_time+L3_pullback,52,2025-08,485.54340940074417,0.009710868188014884
L1_time+L3_pullback,52,2025-09,-9.523914987988064,-0.00019047829975976129
L1_time+L3_pullback,52,2025-10,597.3033738715267,0.011946067477430534
L1_time+L3_pullback,52,2025-11,-955.4982033005363,-0.019109964066010725
L1_time+L3_pullback,52,2025-12,-34.5481344402433,-0.000690962688804866
L1_time+L3_pullback,52,2026-01,145.11231155146652,0.0029022462310293305
L1_time+L3_pullback,52,2026-02,590.6417955502893,0.011812835911005787
L1_time+L3_pullback,52,2026-03,-937.2739745714453,-0.018745479491428903
L1_time+L3_pullback,52,2026-04,437.7372731872638,0.008754745463745276
L1_time+L3_pullback,52,2026-05,564.462126943391,0.01128924253886782
L1_time+L3_pullback,52,2026-06,46.425987792987144,0.0009285197558597429
L1_time+L3_pullback,52,2026-07,530.0625046481546,0.010601250092963092
L1_time+L3_pullback,53,2025-08,-58.301812540431456,-0.0011660362508086291
L1_time+L3_pullback,53,2025-09,2884.0672184911255,0.05768134436982251
L1_time+L3_pullback,53,2025-10,1833.469117904925,0.0366693823580985
L1_time+L3_pullback,53,2025-11,-544.4579401974443,-0.010889158803948884
L1_time+L3_pullback,53,2025-12,179.42132518855033,0.0035884265037710067
L1_time+L3_pullback,53,2026-01,728.7227786982821,0.014574455573965642
L1_time+L3_pullback,53,2026-02,-514.3765301481708,-0.010287530602963415
L1_time+L3_pullback,53,2026-03,-857.0882927560187,-0.017141765855120374
L1_time+L3_pullback,53,2026-04,812.3234959377505,0.01624646991875501
L1_time+L3_pullback,53,2026-05,1246.480396444942,0.02492960792889884
L1_time+L3_pullback,53,2026-06,-216.58842903387995,-0.004331768580677599
L1_time+L3_pullback,53,2026-07,129.54561670386283,0.0025909123340772566
L1_time+L3_pullback,54,2025-08,-57.29200923054941,-0.0011458401846109881
L1_time+L3_pullback,54,2025-09,35.36851789114826,0.0007073703578229652
L1_time+L3_pullback,54,2025-10,65.01321179705519,0.0013002642359411039
L1_time+L3_pullback,54,2025-11,50.761522620684445,0.001015230452413689
L1_time+L3_pullback,54,2025-12,-71.06230072287963,-0.0014212460144575926
L1_time+L3_pullback,54,2026-01,190.00969009516757,0.0038001938019033513
L1_time+L3_pullback,54,2026-02,365.25753356956284,0.007305150671391257
L1_time+L3_pullback,54,2026-03,-83.81246194172581,-0.0016762492388345163
L1_time+L3_pullback,54,2026-04,243.45922421022988,0.004869184484204598
L1_time+L3_pullback,54,2026-05,126.26187171495167,0.0025252374342990334
L1_time+L3_pullback,54,2026-06,140.7111484834286,0.002814222969668572
L1_time+L3_pullback,54,2026-07,10.893431743555993,0.00021786863487111986
L1_time+L3_pullback,55,2025-08,211.7865571062339,0.004235731142124678
L1_time+L3_pullback,55,2025-09,-31.140693829923293,-0.0006228138765984659
L1_time+L3_pullback,55,2025-10,46.9635637160909,0.0009392712743218181
L1_time+L3_pullback,55,2025-11,-28.203713242653066,-0.0005640742648530613
L1_time+L3_pullback,55,2025-12,-145.41744698559978,-0.0029083489397119956
L1_time+L3_pullback,55,2026-01,-51.58755680702052,-0.0010317511361404104
L1_time+L3_pullback,55,2026-02,22.33513575562938,0.00044670271511258763
L1_time+L3_pullback,55,2026-03,-421.582993995572,-0.00843165987991144
L1_time+L3_pullback,55,2026-04,233.7030910470694,0.004674061820941388
L1_time+L3_pullback,55,2026-05,-77.7334547660239,-0.001554669095320478
L1_time+L3_pullback,55,2026-06,-89.06078340920249,-0.0017812156681840498
L1_time+L3_pullback,55,2026-07,105.4378445563425,0.00210875689112685
L1_time+L3_pullback,56,2025-08,-495.8668733740478,-0.009917337467480957
L1_time+L3_pullback,56,2025-09,1034.7337804926146,0.020694675609852293
L1_time+L3_pullback,56,2025-10,47.35678555315735,0.000947135711063147
L1_time+L3_pullback,56,2025-11,-813.9489736918499,-0.016278979473837
L1_time+L3_pullback,56,2025-12,-153.56631372578704,-0.003071326274515741
L1_time+L3_pullback,56,2026-01,1352.4533961527395,0.027049067923054792
L1_time+L3_pullback,56,2026-02,-429.65888801884284,-0.008593177760376857
L1_time+L3_pullback,56,2026-03,-862.329026305516,-0.01724658052611032
L1_time+L3_pullback,56,2026-04,508.0605869071678,0.010161211738143357
L1_time+L3_pullback,56,2026-05,104.92836271111355,0.002098567254222271
L1_time+L3_pullback,56,2026-06,118.51342593374738,0.0023702685186749476
L1_time+L3_pullback,56,2026-07,-195.96467459006635,-0.003919293491801327
L1_time+L3_pullback,57,2025-08,442.2285069585014,0.008844570139170027
L1_time+L3_pullback,57,2025-09,3108.0047593595755,0.06216009518719151
L1_time+L3_pullback,57,2025-10,-688.0705472221471,-0.013761410944442942
L1_time+L3_pullback,57,2025-11,-1110.8670578278534,-0.022217341156557067
L1_time+L3_pullback,57,2025-12,-539.444126100384,-0.01078888252200768
L1_time+L3_pullback,57,2026-01,-328.75953817761274,-0.006575190763552255
L1_time+L3_pullback,57,2026-02,-58.56105468644364,-0.0011712210937288728
L1_time+L3_pullback,57,2026-03,-287.50236362279156,-0.005750047272455832
L1_time+L3_pullback,57,2026-04,566.6881167718266,0.011333762335436532
L1_time+L3_pullback,57,2026-05,2203.726029991685,0.0440745205998337
L1_time+L3_pullback,57,2026-06,728.0911823508313,0.014561823647016626
L1_time+L3_pullback,57,2026-07,-7.68235797007037,-0.0001536471594014074
L1_time+L3_pullback,58,2025-08,355.32048158379985,0.007106409631675997
L1_time+L3_pullback,58,2025-09,3029.9973809468465,0.06059994761893693
L1_time+L3_pullback,58,2025-10,-296.8926739207109,-0.005937853478414218
L1_time+L3_pullback,58,2025-11,-364.53033014789344,-0.007290606602957868
L1_time+L3_pullback,58,2025-12,-167.29569659482695,-0.003345913931896539
L1_time+L3_pullback,58,2026-01,1076.2795240051346,0.02152559048010269
L1_time+L3_pullback,58,2026-02,163.69448808756079,0.003273889761751216
L1_time+L3_pullback,58,2026-03,-548.3734901238658,-0.010967469802477318
L1_time+L3_pullback,58,2026-04,396.55784335669523,0.007931156867133905
L1_time+L3_pullback,58,2026-05,2347.972932238976,0.04695945864477952
L1_time+L3_pullback,58,2026-06,-930.9504022201982,-0.018619008044403963
L1_time+L3_pullback,58,2026-07,299.19805319541774,0.005983961063908355
L1_time+L3_pullback,59,2025-08,-554.8926079467074,-0.011097852158934147
L1_time+L3_pullback,59,2025-09,-65.71089117245538,-0.0013142178234491076
L1_time+L3_pullback,59,2025-10,-154.61175627994908,-0.0030922351255989813
L1_time+L3_pullback,59,2025-11,27.306242535805723,0.0005461248507161145
L1_time+L3_pullback,59,2025-12,-410.0871319158823,-0.008201742638317647
L1_time+L3_pullback,59,2026-01,940.9859593960946,0.018819719187921892
L1_time+L3_pullback,59,2026-02,530.5804489421453,0.010611608978842906
L1_time+L3_pullback,59,2026-03,-870.3483848892129,-0.017406967697784256
L1_time+L3_pullback,59,2026-04,366.9638500157853,0.007339277000315706
L1_time+L3_pullback,59,2026-05,258.5106266359935,0.00517021253271987
L1_time+L3_pullback,59,2026-06,-126.13697478715767,-0.0025227394957431535
L1_time+L3_pullback,59,2026-07,85.22503969058198,0.0017045007938116395
L1_time+L3_pullback,60,2025-08,-226.10969262430353,-0.00452219385248607
L1_time+L3_pullback,60,2025-09,601.7420304928946,0.012034840609857893
L1_time+L3_pullback,60,2025-10,425.61030459071117,0.008512206091814222
L1_time+L3_pullback,60,2025-11,-638.8012111236749,-0.012776024222473498
L1_time+L3_pullback,60,2025-12,6.253071415447266,0.00012506142830894532
L1_time+L3_pullback,60,2026-01,912.7899746365974,0.01825579949273195
L1_time+L3_pullback,60,2026-02,459.69091185207253,0.00919381823704145
L1_time+L3_pullback,60,2026-03,-174.64529194154784,-0.0034929058388309567
L1_time+L3_pullback,60,2026-04,-501.91250937386485,-0.010038250187477296
L1_time+L3_pullback,60,2026-05,-36.06586708789928,-0.0007213173417579856
L1_time+L3_pullback,60,2026-06,788.4886359528309,0.015769772719056618
L1_time+L3_pullback,60,2026-07,-503.58569966038704,-0.010071713993207741
L1_time+L3_pullback,61,2025-08,-601.1833397775181,-0.012023666795550362
L1_time+L3_pullback,61,2025-09,1925.8884048184655,0.03851776809636931
L1_time+L3_pullback,61,2025-10,859.7060840002632,0.017194121680005264
L1_time+L3_pullback,61,2025-11,-681.4637390263865,-0.013629274780527731
L1_time+L3_pullback,61,2025-12,-63.87274439770408,-0.0012774548879540817
L1_time+L3_pullback,61,2026-01,1170.634380435391,0.023412687608707818
L1_time+L3_pullback,61,2026-02,-262.0552482929452,-0.005241104965858903
L1_time+L3_pullback,61,2026-03,-1129.94905976699,-0.0225989811953398
L1_time+L3_pullback,61,2026-04,219.15409786082637,0.004383081957216527
L1_time+L3_pullback,61,2026-05,1046.508264775408,0.02093016529550816
L1_time+L3_pullback,61,2026-06,187.2779304054484,0.0037455586081089677
L1_time+L3_pullback,61,2026-07,-165.71752090066093,-0.0033143504180132184
L1_time+L3_pullback,62,2025-08,44.66590567239473,0.0008933181134478946
L1_time+L3_pullback,62,2025-09,458.62948609866453,0.00917258972197329
L1_time+L3_pullback,62,2025-10,1001.7919826716379,0.02003583965343276
L1_time+L3_pullback,62,2025-11,-1435.7076443084138,-0.028714152886168277
L1_time+L3_pullback,62,2025-12,-60.658678832399346,-0.0012131735766479869
L1_time+L3_pullback,62,2026-01,256.76112037609346,0.00513522240752187
L1_time+L3_pullback,62,2026-02,-431.9158777553366,-0.008638317555106733
L1_time+L3_pullback,62,2026-03,202.41103803200622,0.004048220760640125
L1_time+L3_pullback,62,2026-04,286.16815727358517,0.005723363145471704
L1_time+L3_pullback,62,2026-05,201.87768310320916,0.004037553662064183
L1_time+L3_pullback,62,2026-06,-104.3196919494867,-0.0020863938389897338
L1_time+L3_pullback,62,2026-07,-165.76162490560637,-0.0033152324981121275
L1_time+L3_pullback,63,2025-08,338.6782020249375,0.0067735640404987495
L1_time+L3_pullback,63,2025-09,158.28781616552715,0.003165756323310543
L1_time+L3_pullback,63,2025-10,625.438458892233,0.01250876917784466
L1_time+L3_pullback,63,2025-11,-1404.4711629015192,-0.028089423258030384
L1_time+L3_pullback,63,2025-12,-26.25593247693905,-0.000525118649538781
L1_time+L3_pullback,63,2026-01,194.4547012979765,0.00388909402595953
L1_time+L3_pullback,63,2026-02,75.08688589634039,0.0015017377179268078
L1_time+L3_pullback,63,2026-03,-361.51156483524665,-0.0072302312967049325
L1_time+L3_pullback,63,2026-04,-253.18551529140677,-0.005063710305828135
L1_time+L3_pullback,63,2026-05,201.9122134171439,0.004038244268342878
L1_time+L3_pullback,63,2026-06,137.8714549338947,0.002757429098677894
L1_time+L3_pullback,63,2026-07,43.31345421169408,0.0008662690842338816
L1_time+L3_pullback,64,2025-08,-98.61848908059801,-0.0019723697816119603
L1_time+L3_pullback,64,2025-09,309.7541004522318,0.006195082009044636
L1_time+L3_pullback,64,2025-10,439.91078670356,0.0087982157340712
L1_time+L3_pullback,64,2025-11,-39.51926151543921,-0.0007903852303087842
L1_time+L3_pullback,64,2025-12,12.473060477196668,0.00024946120954393334
L1_time+L3_pullback,64,2026-01,790.6924496831234,0.015813848993662467
L1_time+L3_pullback,64,2026-02,189.11079881334263,0.0037822159762668523
L1_time+L3_pullback,64,2026-03,-552.8757974502987,-0.011057515949005975
L1_time+L3_pullback,64,2026-04,144.6140408249812,0.002892280816499624
L1_time+L3_pullback,64,2026-05,248.10259172632868,0.004962051834526574
L1_time+L3_pullback,64,2026-06,-270.84346392009684,-0.005416869278401936
L1_time+L3_pullback,64,2026-07,680.2704667385979,0.013605409334771957
L1_time+L3_pullback,65,2025-08,395.21027044842776,0.007904205408968554
L1_time+L3_pullback,65,2025-09,1914.8069373640374,0.038296138747280745
L1_time+L3_pullback,65,2025-10,-910.6598675918531,-0.01821319735183706
L1_time+L3_pullback,65,2025-11,16.18076862832004,0.00032361537256640077
L1_time+L3_pullback,65,2025-12,-25.658338636088047,-0.0005131667727217609
L1_time+L3_pullback,65,2026-01,-211.22530352890772,-0.004224506070578155
L1_time+L3_pullback,65,2026-02,316.82907060233083,0.006336581412046616
L1_time+L3_pullback,65,2026-03,-513.1996202494483,-0.010263992404988967
L1_time+L3_pullback,65,2026-04,-148.91958875749242,-0.0029783917751498483
L1_time+L3_pullback,65,2026-05,1312.1207718097166,0.026242415436194332
L1_time+L3_pullback,65,2026-06,-970.8446915494733,-0.019416893830989466
L1_time+L3_pullback,65,2026-07,225.87807422598053,0.004517561484519611
L1_time+L3_pullback,66,2025-08,-625.0591467369195,-0.01250118293473839
L1_time+L3_pullback,66,2025-09,58.91189432417377,0.0011782378864834755
L1_time+L3_pullback,66,2025-10,147.53161730108877,0.0029506323460217754
L1_time+L3_pullback,66,2025-11,-256.8771811671036,-0.005137543623342071
L1_time+L3_pullback,66,2025-12,21.83602501553105,0.000436720500310621
L1_time+L3_pullback,66,2026-01,1692.5533436358828,0.033851066872717654
L1_time+L3_pullback,66,2026-02,21.50413172390836,0.00043008263447816714
L1_time+L3_pullback,66,2026-03,-423.8586116913639,-0.008477172233827277
L1_time+L3_pullback,66,2026-04,107.72279915869694,0.002154455983173939
L1_time+L3_pullback,66,2026-05,441.0635137610416,0.008821270275220831
L1_time+L3_pullback,66,2026-06,-205.72968432396283,-0.004114593686479257
L1_time+L3_pullback,66,2026-07,448.56864564421994,0.008971372912884398
L1_time+L3_pullback,67,2025-08,-327.91167061138185,-0.006558233412227637
L1_time+L3_pullback,67,2025-09,80.1608682610622,0.0016032173652212442
L1_time+L3_pullback,67,2025-10,1.9063117633386355,3.812623526677271e-05
L1_time+L3_pullback,67,2025-11,6.596142559556029,0.00013192285119112057
L1_time+L3_pullback,67,2025-12,-117.90450999398763,-0.0023580901998797527
L1_time+L3_pullback,67,2026-01,-320.76374856123675,-0.006415274971224735
L1_time+L3_pullback,67,2026-02,469.2369427036838,0.009384738854073676
L1_time+L3_pullback,67,2026-03,-226.5783915298589,-0.004531567830597178
L1_time+L3_pullback,67,2026-04,406.535061444637,0.00813070122889274
L1_time+L3_pullback,67,2026-05,-83.74624649148882,-0.0016749249298297763
L1_time+L3_pullback,67,2026-06,0.0,0.0
L1_time+L3_pullback,67,2026-07,623.5922732765775,0.012471845465531551
L1_time+L3_pullback,68,2025-08,-7.629383757103824,-0.00015258767514207648
L1_time+L3_pullback,68,2025-09,1868.9068224374332,0.03737813644874866
L1_time+L3_pullback,68,2025-10,1037.5351281321664,0.020750702562643327
L1_time+L3_pullback,68,2025-11,-197.8719134819603,-0.003957438269639206
L1_time+L3_pullback,68,2025-12,-8.094914464183603,-0.00016189828928367205
L1_time+L3_pullback,68,2026-01,769.216386060376,0.015384327721207519
L1_time+L3_pullback,68,2026-02,43.36148119664176,0.0008672296239328353
L1_time+L3_pullback,68,2026-03,-573.8739130698623,-0.011477478261397245
L1_time+L3_pullback,68,2026-04,362.8396395921154,0.0072567927918423085
L1_time+L3_pullback,68,2026-05,840.9208358314809,0.016818416716629616
L1_time+L3_pullback,68,2026-06,-13.126381179308737,-0.00026252762358617475
L1_time+L3_pullback,68,2026-07,152.1866156237984,0.003043732312475968
L1_time+L3_pullback,69,2025-08,62.24838291071592,0.0012449676582143184
L1_time+L3_pullback,69,2025-09,1181.6618197721145,0.023633236395442292
L1_time+L3_pullback,69,2025-10,178.35847719930553,0.0035671695439861103
L1_time+L3_pullback,69,2025-11,-910.7851960986809,-0.01821570392197362
L1_time+L3_pullback,69,2025-12,-192.49817301424264,-0.003849963460284853
L1_time+L3_pullback,69,2026-01,64.10757640425163,0.0012821515280850326
L1_time+L3_pullback,69,2026-02,132.4337151869804,0.0026486743037396083
L1_time+L3_pullback,69,2026-03,-588.2966622169752,-0.011765933244339503
L1_time+L3_pullback,69,2026-04,198.5727232026302,0.003971454464052604
L1_time+L3_pullback,69,2026-05,597.4717911648149,0.011949435823296299
L1_time+L3_pullback,69,2026-06,76.44996250282293,0.0015289992500564585
L1_time+L3_pullback,69,2026-07,230.24962721882184,0.004604992544376437
L1_time+L3_pullback,70,2025-08,367.8723487065745,0.00735744697413149
L1_time+L3_pullback,70,2025-09,2163.7613936353155,0.04327522787270631
L1_time+L3_pullback,70,2025-10,-662.5659357721952,-0.013251318715443904
L1_time+L3_pullback,70,2025-11,-506.15038299337994,-0.010123007659867598
L1_time+L3_pullback,70,2025-12,-85.34204754975417,-0.0017068409509950833
L1_time+L3_pullback,70,2026-01,-312.88875080419257,-0.006257775016083851
L1_time+L3_pullback,70,2026-02,200.29778312000326,0.004005955662400065
L1_time+L3_pullback,70,2026-03,-722.3890933872408,-0.014447781867744815
L1_time+L3_pullback,70,2026-04,-439.16239258345104,-0.008783247851669021
L1_time+L3_pullback,70,2026-05,1399.4966429332699,0.027989932858665398
L1_time+L3_pullback,70,2026-06,-672.9226153189584,-0.013458452306379168
L1_time+L3_pullback,70,2026-07,-362.58833689752555,-0.007251766737950511
L1_time+L3_pullback,71,2025-08,-118.25246632083054,-0.002365049326416611
L1_time+L3_pullback,71,2025-09,-103.04569258843821,-0.002060913851768764
L1_time+L3_pullback,71,2025-10,139.68696798710425,0.002793739359742085
L1_time+L3_pullback,71,2025-11,-571.810803262194,-0.01143621606524388
L1_time+L3_pullback,71,2025-12,-238.66032497455944,-0.004773206499491189
L1_time+L3_pullback,71,2026-01,-128.5408389325694,-0.002570816778651388
L1_time+L3_pullback,71,2026-02,154.69269261372574,0.003093853852274515
L1_time+L3_pullback,71,2026-03,-822.443685909463,-0.01644887371818926
L1_time+L3_pullback,71,2026-04,737.5484108985993,0.014750968217971986
L1_time+L3_pullback,71,2026-05,791.9341209161839,0.015838682418323678
L1_time+L3_pullback,71,2026-06,2101.2829511610744,0.04202565902322149
L1_time+L3_pullback,71,2026-07,225.9939655207536,0.004519879310415072
L1_time+L3_pullback,72,2025-08,503.28593216704303,0.010065718643340861
L1_time+L3_pullback,72,2025-09,2380.0104929825247,0.047600209859650494
L1_time+L3_pullback,72,2025-10,-154.2121149417835,-0.0030842422988356702
L1_time+L3_pullback,72,2025-11,-190.27497580305862,-0.0038054995160611725
L1_time+L3_pullback,72,2025-12,319.29582939664215,0.006385916587932843
L1_time+L3_pullback,72,2026-01,370.2272832751496,0.007404545665502992
L1_time+L3_pullback,72,2026-02,124.81863704578245,0.002496372740915649
L1_time+L3_pullback,72,2026-03,-537.7504205840341,-0.010755008411680683
L1_time+L3_pullback,72,2026-04,16.013497147307135,0.0003202699429461427
L1_time+L3_pullback,72,2026-05,1393.6278696570153,0.027872557393140304
L1_time+L3_pullback,72,2026-06,-1179.3044422628554,-0.02358608884525711
L1_time+L3_pullback,72,2026-07,459.118780279945,0.0091823756055989
L1_time+L3_pullback,73,2025-08,103.10829078760798,0.0020621658157521598
L1_time+L3_pullback,73,2025-09,653.4989985038201,0.013069979970076402
L1_time+L3_pullback,73,2025-10,212.1954102758691,0.004243908205517382
L1_time+L3_pullback,73,2025-11,-779.3692834017702,-0.015587385668035404
L1_time+L3_pullback,73,2025-12,-40.072668361510296,-0.0008014533672302059
L1_time+L3_pullback,73,2026-01,982.820883821103,0.01965641767642206
L1_time+L3_pullback,73,2026-02,589.4542399037728,0.011789084798075455
L1_time+L3_pullback,73,2026-03,-625.5011363953963,-0.012510022727907926
L1_time+L3_pullback,73,2026-04,806.7372540578754,0.016134745081157507
L1_time+L3_pullback,73,2026-05,-429.42429359565176,-0.008588485871913035
L1_time+L3_pullback,73,2026-06,74.7355701239776,0.001494711402479552
L1_time+L3_pullback,73,2026-07,-19.912269013777404,-0.00039824538027554806
L1_time+L3_pullback,74,2025-08,191.08425532489582,0.0038216851064979164
L1_time+L3_pullback,74,2025-09,840.408471774319,0.01680816943548638
L1_time+L3_pullback,74,2025-10,521.0681907791895,0.010421363815583791
L1_time+L3_pullback,74,2025-11,-238.0410444258696,-0.004760820888517391
L1_time+L3_pullback,74,2025-12,-48.19338432355107,-0.0009638676864710214
L1_time+L3_pullback,74,2026-01,1041.1985169444888,0.020823970338889775
L1_time+L3_pullback,74,2026-02,-463.1451544320198,-0.009262903088640397
L1_time+L3_pullback,74,2026-03,-153.51091651870684,-0.003070218330374137
L1_time+L3_pullback,74,2026-04,140.44583046164098,0.0028089166092328194
L1_time+L3_pullback,74,2026-05,12.234454710825048,0.00024468909421650095
L1_time+L3_pullback,74,2026-06,291.2724751754404,0.0058254495035088075
L1_time+L3_pullback,74,2026-07,273.67539174684134,0.005473507834936827
L1_time+L3_pullback,75,2025-08,64.81751451919263,0.0012963502903838525
L1_time+L3_pullback,75,2025-09,77.25778870944941,0.0015451557741889882
L1_time+L3_pullback,75,2025-10,334.2817824664735,0.00668563564932947
L1_time+L3_pullback,75,2025-11,-587.8232473270391,-0.011756464946540783
L1_time+L3_pullback,75,2025-12,24.30125847108684,0.0004860251694217368
L1_time+L3_pullback,75,2026-01,311.2772762751765,0.00622554552550353
L1_time+L3_pullback,75,2026-02,466.71626791841027,0.009334325358368206
L1_time+L3_pullback,75,2026-03,-545.3282304362356,-0.010906564608724712
L1_time+L3_pullback,75,2026-04,-302.738608202907,-0.00605477216405814
L1_time+L3_pullback,75,2026-05,246.05812911579415,0.004921162582315883
L1_time+L3_pullback,75,2026-06,425.45155834235084,0.008509031166847017
L1_time+L3_pullback,75,2026-07,-435.1673763640647,-0.008703347527281293
L1_time+L3_pullback,76,2025-08,444.39831558825244,0.008887966311765048
L1_time+L3_pullback,76,2025-09,637.6479984727957,0.012752959969455914
L1_time+L3_pullback,76,2025-10,635.980731102255,0.012719614622045102
L1_time+L3_pullback,76,2025-11,-1053.7206599041674,-0.02107441319808335
L1_time+L3_pullback,76,2025-12,-25.82528588480818,-0.0005165057176961637
L1_time+L3_pullback,76,2026-01,1178.047907144316,0.02356095814288632
L1_time+L3_pullback,76,2026-02,878.3168711639128,0.017566337423278254
L1_time+L3_pullback,76,2026-03,-981.6878414292214,-0.01963375682858443
L1_time+L3_pullback,76,2026-04,309.03847968091395,0.006180769593618279
L1_time+L3_pullback,76,2026-05,286.4295451977896,0.005728590903955792
L1_time+L3_pullback,76,2026-06,36.27419900066889,0.0007254839800133777
L1_time+L3_pullback,76,2026-07,154.26464219118225,0.003085292843823645
L1_time+L3_pullback,77,2025-08,-30.124710027238507,-0.0006024942005447701
L1_time+L3_pullback,77,2025-09,791.7550044570644,0.01583510008914129
L1_time+L3_pullback,77,2025-10,936.1303556504799,0.0187226071130096
L1_time+L3_pullback,77,2025-11,107.16533894099211,0.002143306778819842
L1_time+L3_pullback,77,2025-12,377.5337347968416,0.007550674695936832
L1_time+L3_pullback,77,2026-01,883.0097130960485,0.017660194261920968
L1_time+L3_pullback,77,2026-02,-242.23038612860546,-0.004844607722572109
L1_time+L3_pullback,77,2026-03,-333.34157024946035,-0.006666831404989207
L1_time+L3_pullback,77,2026-04,386.30596719203095,0.007726119343840619
L1_time+L3_pullback,77,2026-05,778.4752587073062,0.015569505174146125
L1_time+L3_pullback,77,2026-06,198.5568920723581,0.0039711378414471615
L1_time+L3_pullback,77,2026-07,-141.06023516326331,-0.0028212047032652662
L1_time+L3_pullback,78,2025-08,-702.133822429706,-0.01404267644859412
L1_time+L3_pullback,78,2025-09,14.447124583616642,0.0002889424916723328
L1_time+L3_pullback,78,2025-10,482.82117663425106,0.009656423532685022
L1_time+L3_pullback,78,2025-11,23.965462657530225,0.0004793092531506045
L1_time+L3_pullback,78,2025-12,-198.00157073279752,-0.00396003141465595
L1_time+L3_pullback,78,2026-01,211.5321629291111,0.0042306432585822226
L1_time+L3_pullback,78,2026-02,980.806939766997,0.019616138795339938
L1_time+L3_pullback,78,2026-03,-685.4389233722195,-0.01370877846744439
L1_time+L3_pullback,78,2026-04,937.8362649897354,0.01875672529979471
L1_time+L3_pullback,78,2026-05,533.4503683460462,0.010669007366920924
L1_time+L3_pullback,78,2026-06,1832.9522077093025,0.03665904415418605
L1_time+L3_pullback,78,2026-07,-32.35348491302375,-0.000647069698260475
L1_time+L3_pullback,79,2025-08,-301.0882974306678,-0.006021765948613356
L1_time+L3_pullback,79,2025-09,2041.9235725113676,0.04083847145022735
L1_time+L3_pullback,79,2025-10,1341.7218387450475,0.026834436774900952
L1_time+L3_pullback,79,2025-11,-907.6433667365636,-0.018152867334731274
L1_time+L3_pullback,79,2025-12,42.48663189502804,0.0008497326379005608
L1_time+L3_pullback,79,2026-01,679.4117411294037,0.013588234822588073
L1_time+L3_pullback,79,2026-02,-694.0890436615546,-0.013881780873231091
L1_time+L3_pullback,79,2026-03,-744.3745461011595,-0.01488749092202319
L1_time+L3_pullback,79,2026-04,1597.667938542786,0.03195335877085572
L1_time+L3_pullback,79,2026-05,520.6814187326518,0.010413628374653035
L1_time+L3_pullback,79,2026-06,-11.373476568072874,-0.0002274695313614575
L1_time+L3_pullback,79,2026-07,243.16818012143904,0.00486336360242878
L1_time+L3_pullback,80,2025-08,-347.9598429858943,-0.006959196859717885
L1_time+L3_pullback,80,2025-09,3.689938341944071,7.379876683888142e-05
L1_time+L3_pullback,80,2025-10,-137.25345667653437,-0.0027450691335306875
L1_time+L3_pullback,80,2025-11,71.71697827405751,0.0014343395654811502
L1_time+L3_pullback,80,2025-12,-87.03398131059475,-0.001740679626211895
L1_time+L3_pullback,80,2026-01,541.0940533621242,0.010821881067242484
L1_time+L3_pullback,80,2026-02,732.8812684961022,0.014657625369922043
L1_time+L3_pullback,80,2026-03,-740.1997328482657,-0.014803994656965315
L1_time+L3_pullback,80,2026-04,311.26452222184344,0.006225290444436869
L1_time+L3_pullback,80,2026-05,210.9493152162613,0.004218986304325227
L1_time+L3_pullback,80,2026-06,149.37894414796665,0.002987578882959333
L1_time+L3_pullback,80,2026-07,648.7851410886806,0.012975702821773611
L1_time+L3_pullback,81,2025-08,156.60558421689439,0.0031321116843378875
L1_time+L3_pullback,81,2025-09,43.983884708739424,0.0008796776941747884
L1_time+L3_pullback,81,2025-10,-69.59773377787224,-0.0013919546755574448
L1_time+L3_pullback,81,2025-11,-706.1551516845684,-0.014123103033691369
L1_time+L3_pullback,81,2025-12,159.6545536294161,0.0031930910725883224
L1_time+L3_pullback,81,2026-01,-292.2188081702352,-0.005844376163404704
L1_time+L3_pullback,81,2026-02,184.18055948791516,0.003683611189758303
L1_time+L3_pullback,81,2026-03,-523.7368148258547,-0.010474736296517094
L1_time+L3_pullback,81,2026-04,522.3686886225341,0.010447373772450683
L1_time+L3_pullback,81,2026-05,17.678275134015166,0.00035356550268030333
L1_time+L3_pullback,81,2026-06,148.8614829980188,0.002977229659960376
L1_time+L3_pullback,81,2026-07,511.32983513698855,0.01022659670273977
L1_time+L3_pullback,82,2025-08,560.8996468521591,0.011217992937043182
L1_time+L3_pullback,82,2025-09,2667.4354373174883,0.05334870874634977
L1_time+L3_pullback,82,2025-10,-523.9871654302615,-0.01047974330860523
L1_time+L3_pullback,82,2025-11,-10.662729371870228,-0.00021325458743740456
L1_time+L3_pullback,82,2025-12,-213.61944337328805,-0.004272388867465761
L1_time+L3_pullback,82,2026-01,565.0782724750607,0.011301565449501214
L1_time+L3_pullback,82,2026-02,86.52830783863828,0.0017305661567727658
L1_time+L3_pullback,82,2026-03,-540.067775917878,-0.010801355518357559
L1_time+L3_pullback,82,2026-04,742.9134798618215,0.01485826959723643
L1_time+L3_pullback,82,2026-05,1289.9776656263175,0.02579955331252635
L1_time+L3_pullback,82,2026-06,-933.2603625327856,-0.01866520725065571
L1_time+L3_pullback,82,2026-07,-25.09636212557143,-0.0005019272425114287
L1_time+L3_pullback,83,2025-08,191.91205584171348,0.0038382411168342697
L1_time+L3_pullback,83,2025-09,431.1023376709627,0.008622046753419254
L1_time+L3_pullback,83,2025-10,522.3267943461897,0.010446535886923793
L1_time+L3_pullback,83,2025-11,-783.2249229616191,-0.01566449845923238
L1_time+L3_pullback,83,2025-12,-475.94307098185345,-0.00951886141963707
L1_time+L3_pullback,83,2026-01,925.6868572779276,0.018513737145558554
L1_time+L3_pullback,83,2026-02,-170.3302274110447,-0.0034066045482208937
L1_time+L3_pullback,83,2026-03,188.71178514034636,0.003774235702806927
L1_time+L3_pullback,83,2026-04,1135.3676144049805,0.02270735228809961
L1_time+L3_pullback,83,2026-05,529.0560138845121,0.010581120277690243
L1_time+L3_pullback,83,2026-06,1876.458881408179,0.03752917762816358
L1_time+L3_pullback,83,2026-07,94.56746544332418,0.0018913493088664837
L1_time+L3_pullback,84,2025-08,185.02159408266652,0.0037004318816533303
L1_time+L3_pullback,84,2025-09,166.04560300407593,0.0033209120600815184
L1_time+L3_pullback,84,2025-10,4.074816846131398,8.149633692262796e-05
L1_time+L3_pullback,84,2025-11,-295.19818563051103,-0.005903963712610221
L1_time+L3_pullback,84,2025-12,-65.33308203747856,-0.0013066616407495712
L1_time+L3_pullback,84,2026-01,-274.1684320437125,-0.005483368640874251
L1_time+L3_pullback,84,2026-02,-25.539856515593783,-0.0005107971303118757
L1_time+L3_pullback,84,2026-03,-410.0273977649276,-0.008200547955298553
L1_time+L3_pullback,84,2026-04,156.7941698504428,0.0031358833970088562
L1_time+L3_pullback,84,2026-05,-891.909547515721,-0.01783819095031442
L1_time+L3_pullback,84,2026-06,-420.9267806126836,-0.008418535612253673
L1_time+L3_pullback,84,2026-07,302.6549786585938,0.006053099573171876
L1_time+L3_pullback,85,2025-08,-273.1437525780184,-0.005462875051560368
L1_time+L3_pullback,85,2025-09,-83.32683891171655,-0.001666536778234331
L1_time+L3_pullback,85,2025-10,506.2422042333019,0.010124844084666037
L1_time+L3_pullback,85,2025-11,-566.1910229496398,-0.011323820458992795
L1_time+L3_pullback,85,2025-12,50.125252002814705,0.001002505040056294
L1_time+L3_pullback,85,2026-01,965.904634287418,0.01931809268574836
L1_time+L3_pullback,85,2026-02,544.9520368703979,0.010899040737407958
L1_time+L3_pullback,85,2026-03,-904.0432999725545,-0.01808086599945109
L1_time+L3_pullback,85,2026-04,1080.1888023750207,0.021603776047500415
L1_time+L3_pullback,85,2026-05,328.99357856152255,0.006579871571230451
L1_time+L3_pullback,85,2026-06,-72.94713019014307,-0.0014589426038028614
L1_time+L3_pullback,85,2026-07,164.79516906828576,0.0032959033813657152
L1_time+L3_pullback,86,2025-08,-571.7236562416656,-0.011434473124833313
L1_time+L3_pullback,86,2025-09,1118.4470227135307,0.022368940454270615
L1_time+L3_pullback,86,2025-10,607.6220265980355,0.01215244053196071
L1_time+L3_pullback,86,2025-11,-664.9356820295266,-0.01329871364059053
L1_time+L3_pullback,86,2025-12,14.301614026599054,0.0002860322805319811
L1_time+L3_pullback,86,2026-01,593.4961843529809,0.011869923687059619
L1_time+L3_pullback,86,2026-02,471.16857362559676,0.009423371472511936
L1_time+L3_pullback,86,2026-03,-595.6775062101187,-0.011913550124202374
L1_time+L3_pullback,86,2026-04,413.12502204465,0.008262500440893
L1_time+L3_pullback,86,2026-05,1128.4977006551053,0.022569954013102106
L1_time+L3_pullback,86,2026-06,142.16680480830928,0.0028433360961661854
L1_time+L3_pullback,86,2026-07,122.18145009020554,0.002443629001804111
L1_time+L3_pullback,87,2025-08,54.37491823490382,0.0010874983646980763
L1_time+L3_pullback,87,2025-09,-21.195749938669906,-0.0004239149987733981
L1_time+L3_pullback,87,2025-10,61.37197856003604,0.001227439571200721
L1_time+L3_pullback,87,2025-11,-316.3979843499992,-0.006327959686999984
L1_time+L3_pullback,87,2025-12,35.45296796411003,0.0007090593592822006
L1_time+L3_pullback,87,2026-01,778.8941830712538,0.015577883661425075
L1_time+L3_pullback,87,2026-02,476.70872220779984,0.009534174444155996
L1_time+L3_pullback,87,2026-03,-898.1853323001787,-0.017963706646003576
L1_time+L3_pullback,87,2026-04,615.1781351493137,0.012303562702986274
L1_time+L3_pullback,87,2026-05,609.6687167654754,0.01219337433530951
L1_time+L3_pullback,87,2026-06,-25.76044429278045,-0.000515208885855609
L1_time+L3_pullback,87,2026-07,662.1112052864755,0.01324222410572951
L1_time+L3_pullback,88,2025-08,-187.96686964974378,-0.0037593373929948755
L1_time+L3_pullback,88,2025-09,1785.9500291704944,0.03571900058340989
L1_time+L3_pullback,88,2025-10,1022.8560141312282,0.020457120282624565
L1_time+L3_pullback,88,2025-11,-384.80719864362345,-0.007696143972872469
L1_time+L3_pullback,88,2025-12,3.4007961010192957,6.801592202038591e-05
L1_time+L3_pullback,88,2026-01,669.8373938453096,0.013396747876906192
L1_time+L3_pullback,88,2026-02,-144.5054619659477,-0.0028901092393189536
L1_time+L3_pullback,88,2026-03,-1336.0800417698101,-0.0267216008353962
L1_time+L3_pullback,88,2026-04,496.0498441044738,0.009920996882089476
L1_time+L3_pullback,88,2026-05,70.17021105459935,0.001403404221091987
L1_time+L3_pullback,88,2026-06,165.18309672131,0.0033036619344262
L1_time+L3_pullback,88,2026-07,-108.60251418542703,-0.0021720502837085406
L1_time+L3_pullback,89,2025-08,-383.8897141739171,-0.007677794283478342
L1_time+L3_pullback,89,2025-09,-208.92912158899435,-0.004178582431779887
L1_time+L3_pullback,89,2025-10,97.26820374392355,0.001945364074878471
L1_time+L3_pullback,89,2025-11,-933.2255212033765,-0.01866451042406753
L1_time+L3_pullback,89,2025-12,-117.17390685036116,-0.0023434781370072232
L1_time+L3_pullback,89,2026-01,32.18343769171861,0.0006436687538343722
L1_time+L3_pullback,89,2026-02,75.80416431269532,0.0015160832862539063
L1_time+L3_pullback,89,2026-03,-280.29641631182767,-0.005605928326236553
L1_time+L3_pullback,89,2026-04,333.25648665461085,0.006665129733092217
L1_time+L3_pullback,89,2026-05,-60.44807816259254,-0.0012089615632518507
L1_time+L3_pullback,89,2026-06,-58.1139168515665,-0.00116227833703133
L1_time+L3_pullback,89,2026-07,-160.74773395192005,-0.003214954679038401
L1_time+L3_pullback,90,2025-08,-31.16625735092839,-0.0006233251470185678
L1_time+L3_pullback,90,2025-09,2086.7994554219476,0.04173598910843895
L1_time+L3_pullback,90,2025-10,1187.027713846791,0.02374055427693582
L1_time+L3_pullback,90,2025-11,-532.4660782946348,-0.010649321565892697
L1_time+L3_pullback,90,2025-12,99.99834778372951,0.0019999669556745904
L1_time+L3_pullback,90,2026-01,473.43268055749104,0.00946865361114982
L1_time+L3_pullback,90,2026-02,217.08667033707297,0.0043417334067414595
L1_time+L3_pullback,90,2026-03,-1212.4507936868913,-0.024249015873737827
L1_time+L3_pullback,90,2026-04,229.5389562224491,0.004590779124448982
L1_time+L3_pullback,90,2026-05,425.1991393284434,0.008503982786568868
L1_time+L3_pullback,90,2026-06,-40.76639914952557,-0.0008153279829905114
L1_time+L3_pullback,90,2026-07,268.1761046932752,0.005363522093865504
L1_time+L3_pullback,91,2025-08,6.670154045248637,0.00013340308090497273
L1_time+L3_pullback,91,2025-09,1735.3740311049141,0.03470748062209828
L1_time+L3_pullback,91,2025-10,1058.5448150169204,0.02117089630033841
L1_time+L3_pullback,91,2025-11,-172.19976182167102,-0.00344399523643342
L1_time+L3_pullback,91,2025-12,54.392792068213566,0.0010878558413642714
L1_time+L3_pullback,91,2026-01,818.6993278524051,0.016373986557048102
L1_time+L3_pullback,91,2026-02,110.76736108418572,0.0022153472216837142
L1_time+L3_pullback,91,2026-03,-1447.5226137117306,-0.028950452274234612
L1_time+L3_pullback,91,2026-04,149.36855893986467,0.0029873711787972933
L1_time+L3_pullback,91,2026-05,-96.89463662797061,-0.0019378927325594123
L1_time+L3_pullback,91,2026-06,-279.3641905105351,-0.005587283810210702
L1_time+L3_pullback,91,2026-07,298.1280244981672,0.005962560489963344
L1_time+L3_pullback,92,2025-08,257.4059671291625,0.00514811934258325
L1_time+L3_pullback,92,2025-09,1160.044693347375,0.0232008938669475
L1_time+L3_pullback,92,2025-10,1130.7616755937333,0.022615233511874666
L1_time+L3_pullback,92,2025-11,-1320.8660024802057,-0.026417320049604114
L1_time+L3_pullback,92,2025-12,-49.09096470892109,-0.0009818192941784217
L1_time+L3_pullback,92,2026-01,-87.36099096561338,-0.0017472198193122677
L1_time+L3_pullback,92,2026-02,-56.13040932106924,-0.0011226081864213848
L1_time+L3_pullback,92,2026-03,-178.4079459547147,-0.0035681589190942943
L1_time+L3_pullback,92,2026-04,511.9976286390056,0.010239952572780112
L1_time+L3_pullback,92,2026-05,816.9402942776787,0.016338805885553576
L1_time+L3_pullback,92,2026-06,203.76328476880917,0.0040752656953761835
L1_time+L3_pullback,92,2026-07,-154.91712620551698,-0.00309834252411034
L1_time+L3_pullback,93,2025-08,416.93020004418213,0.008338604000883643
L1_time+L3_pullback,93,2025-09,-116.91714442330704,-0.0023383428884661407
L1_time+L3_pullback,93,2025-10,717.6362200019857,0.014352724400039716
L1_time+L3_pullback,93,2025-11,-370.99449024440764,-0.0074198898048881525
L1_time+L3_pullback,93,2025-12,104.0265768445006,0.002080531536890012
L1_time+L3_pullback,93,2026-01,-676.4710490277012,-0.013529420980554024
L1_time+L3_pullback,93,2026-02,-256.54742864631226,-0.005130948572926245
L1_time+L3_pullback,93,2026-03,-241.98399592060287,-0.004839679918412058
L1_time+L3_pullback,93,2026-04,375.9389392919329,0.007518778785838658
L1_time+L3_pullback,93,2026-05,258.6156533982612,0.005172313067965224
L1_time+L3_pullback,93,2026-06,-25.413504541068505,-0.0005082700908213701
L1_time+L3_pullback,93,2026-07,642.2832633586604,0.012845665267173208
L1_time+L3_pullback,94,2025-08,-655.3954021997561,-0.013107908043995121
L1_time+L3_pullback,94,2025-09,-413.2634686018964,-0.008265269372037929
L1_time+L3_pullback,94,2025-10,181.717185621329,0.0036343437124265804
L1_time+L3_pullback,94,2025-11,-880.585508767705,-0.017611710175354102
L1_time+L3_pullback,94,2025-12,-40.427675121085485,-0.0008085535024217098
L1_time+L3_pullback,94,2026-01,53.36741697598427,0.0010673483395196855
L1_time+L3_pullback,94,2026-02,-510.14084265675956,-0.010202816853135191
L1_time+L3_pullback,94,2026-03,-65.75000529912086,-0.001315000105982417
L1_time+L3_pullback,94,2026-04,1194.2712984646087,0.023885425969292173
L1_time+L3_pullback,94,2026-05,-257.772638258426,-0.00515545276516852
L1_time+L3_pullback,94,2026-06,-20.821462234741375,-0.0004164292446948275
L1_time+L3_pullback,94,2026-07,2.232157814315542,4.4643156286310844e-05
L1_time+L3_pullback,95,2025-08,-50.54749629370053,-0.0010109499258740106
L1_time+L3_pullback,95,2025-09,-447.52040933176704,-0.00895040818663534
L1_time+L3_pullback,95,2025-10,16.439560328887637,0.0003287912065777527
L1_time+L3_pullback,95,2025-11,-91.93339754219596,-0.0018386679508439192
L1_time+L3_pullback,95,2025-12,45.27294675608482,0.0009054589351216964
L1_time+L3_pullback,95,2026-01,-35.26363143736853,-0.0007052726287473706
L1_time+L3_pullback,95,2026-02,-128.4827840852422,-0.002569655681704844
L1_time+L3_pullback,95,2026-03,-223.3534313243772,-0.0044670686264875435
L1_time+L3_pullback,95,2026-04,85.10368412984917,0.0017020736825969834
L1_time+L3_pullback,95,2026-05,-485.70804660525664,-0.009714160932105132
L1_time+L3_pullback,95,2026-06,232.3539559801793,0.004647079119603586
L1_time+L3_pullback,95,2026-07,283.02862440024273,0.005660572488004854
L1_time+L3_pullback,96,2025-08,-313.8469486082695,-0.00627693897216539
L1_time+L3_pullback,96,2025-09,-90.30714595426343,-0.0018061429190852686
L1_time+L3_pullback,96,2025-10,65.96630206257396,0.0013193260412514792
L1_time+L3_pullback,96,2025-11,-323.4046341897829,-0.006468092683795658
L1_time+L3_pullback,96,2025-12,-125.23157842637374,-0.002504631568527475
L1_time+L3_pullback,96,2026-01,608.0308897928608,0.012160617795857216
L1_time+L3_pullback,96,2026-02,-331.21575797755486,-0.006624315159551098
L1_time+L3_pullback,96,2026-03,-532.8749671282103,-0.010657499342564205
L1_time+L3_pullback,96,2026-04,1020.6201337656394,0.020412402675312788
L1_time+L3_pullback,96,2026-05,-84.15945347786601,-0.0016831890695573203
L1_time+L3_pullback,96,2026-06,-276.2733726945571,-0.005525467453891143
L1_time+L3_pullback,96,2026-07,75.9721112599409,0.0015194422251988181
L1_time+L3_pullback,97,2025-08,-176.63149656315454,-0.0035326299312630908
L1_time+L3_pullback,97,2025-09,542.8699631582849,0.010857399263165698
L1_time+L3_pullback,97,2025-10,114.49658551332686,0.0022899317102665372
L1_time+L3_pullback,97,2025-11,704.3578770082768,0.014087157540165535
L1_time+L3_pullback,97,2025-12,92.72250385735424,0.0018544500771470848
L1_time+L3_pullback,97,2026-01,273.3734313459836,0.005467468626919672
L1_time+L3_pullback,97,2026-02,319.82355049123,0.006396471009824599
L1_time+L3_pullback,97,2026-03,-666.2496000562751,-0.013324992001125502
L1_time+L3_pullback,97,2026-04,582.5542053603713,0.011651084107207426
L1_time+L3_pullback,97,2026-05,442.05683220570336,0.008841136644114067
L1_time+L3_pullback,97,2026-06,259.02429213186133,0.005180485842637227
L1_time+L3_pullback,97,2026-07,442.6313306349848,0.008852626612699695
L1_time+L3_pullback,98,2025-08,-10.053370344601717,-0.00020106740689203434
L1_time+L3_pullback,98,2025-09,1024.9058369957056,0.020498116739914113
L1_time+L3_pullback,98,2025-10,884.0323056728776,0.01768064611345755
L1_time+L3_pullback,98,2025-11,-562.5672376594412,-0.011251344753188824
L1_time+L3_pullback,98,2025-12,-109.20206198352571,-0.002184041239670514
L1_time+L3_pullback,98,2026-01,1185.5907936485564,0.02371181587297113
L1_time+L3_pullback,98,2026-02,-122.42871617680976,-0.002448574323536195
L1_time+L3_pullback,98,2026-03,-361.6456951227383,-0.007232913902454766
L1_time+L3_pullback,98,2026-04,72.65836354651492,0.0014531672709302984
L1_time+L3_pullback,98,2026-05,1237.055557550293,0.02474111115100586
L1_time+L3_pullback,98,2026-06,-313.4460095208824,-0.006268920190417648
L1_time+L3_pullback,98,2026-07,567.8210957861938,0.011356421915723877
L1_time+L3_pullback,99,2025-08,-123.8184158284821,-0.002476368316569642
L1_time+L3_pullback,99,2025-09,562.945682338016,0.01125891364676032
L1_time+L3_pullback,99,2025-10,805.117913731995,0.016102358274639902
L1_time+L3_pullback,99,2025-11,-1150.8092438630483,-0.023016184877260967
L1_time+L3_pullback,99,2025-12,-742.5305444723745,-0.01485061088944749
L1_time+L3_pullback,99,2026-01,-43.76353720139468,-0.0008752707440278937
L1_time+L3_pullback,99,2026-02,-85.23153865553377,-0.0017046307731106755
L1_time+L3_pullback,99,2026-03,-134.49674774065443,-0.0026899349548130886
L1_time+L3_pullback,99,2026-04,1596.0379039571662,0.031920758079143324
L1_time+L3_pullback,99,2026-05,231.20408258882344,0.004624081651776469
L1_time+L3_pullback,99,2026-06,1959.8223566559764,0.039196447133119525
L1_time+L3_pullback,99,2026-07,108.04615309904511,0.002160923061980902
L1_time+L4_regime,0,2025-08,108.70688488517953,0.0021741376977035907
L1_time+L4_regime,0,2025-09,5023.082089322969,0.10046164178645939
L1_time+L4_regime,0,2025-10,349.26825233086674,0.006985365046617335
L1_time+L4_regime,0,2025-11,-976.8606358102743,-0.019537212716205486
L1_time+L4_regime,0,2025-12,-337.0561049240846,-0.006741122098481692
L1_time+L4_regime,0,2026-01,-342.67036986862695,-0.006853407397372539
L1_time+L4_regime,0,2026-02,394.3247582208787,0.007886495164417574
L1_time+L4_regime,0,2026-03,-4079.1974693066454,-0.0815839493861329
L1_time+L4_regime,0,2026-04,110.799682900079,0.00221599365800158
L1_time+L4_regime,0,2026-05,3982.483300721332,0.07964966601442663
L1_time+L4_regime,0,2026-06,-1583.7467905143212,-0.03167493581028642
L1_time+L4_regime,0,2026-07,54.46387565951363,0.0010892775131902727
L1_time+L4_regime,1,2025-08,-160.05686500372212,-0.0032011373000744425
L1_time+L4_regime,1,2025-09,543.9374389576988,0.010878748779153975
L1_time+L4_regime,1,2025-10,-13.466568213633764,-0.00026933136427267527
L1_time+L4_regime,1,2025-11,-506.9255251877803,-0.010138510503755607
L1_time+L4_regime,1,2025-12,-205.76949182063345,-0.004115389836412669
L1_time+L4_regime,1,2026-01,-1029.68944662815,-0.020593788932563
L1_time+L4_regime,1,2026-02,145.2963323792428,0.002905926647584856
L1_time+L4_regime,1,2026-03,-786.8361520969011,-0.01573672304193802
L1_time+L4_regime,1,2026-04,-34.79303967620308,-0.0006958607935240616
L1_time+L4_regime,1,2026-05,-336.10328662737993,-0.006722065732547598
L1_time+L4_regime,1,2026-06,154.41854416686238,0.0030883708833372475
L1_time+L4_regime,1,2026-07,775.0651231386146,0.01550130246277229
L1_time+L4_regime,2,2025-08,1061.5517288664696,0.021231034577329392
L1_time+L4_regime,2,2025-09,4688.67224431131,0.0937734448862262
L1_time+L4_regime,2,2025-10,1263.536373708478,0.02527072747416956
L1_time+L4_regime,2,2025-11,-1527.8505428362641,-0.030557010856725283
L1_time+L4_regime,2,2025-12,-316.49583597523997,-0.006329916719504799
L1_time+L4_regime,2,2026-01,1267.3785074836924,0.025347570149673846
L1_time+L4_regime,2,2026-02,1469.970662106536,0.02939941324213072
L1_time+L4_regime,2,2026-03,-698.4020105158424,-0.013968040210316848
L1_time+L4_regime,2,2026-04,576.4581920880019,0.011529163841760037
L1_time+L4_regime,2,2026-05,1303.1721833250685,0.02606344366650137
L1_time+L4_regime,2,2026-06,-1521.0449950120892,-0.030420899900241785
L1_time+L4_regime,2,2026-07,-405.54169025535793,-0.00811083380510716
L1_time+L4_regime,3,2025-08,1026.5586041475235,0.02053117208295047
L1_time+L4_regime,3,2025-09,1897.642817310927,0.03795285634621854
L1_time+L4_regime,3,2025-10,2249.086014646142,0.044981720292922835
L1_time+L4_regime,3,2025-11,-2324.9163622982396,-0.04649832724596479
L1_time+L4_regime,3,2025-12,-880.9951714040144,-0.01761990342808029
L1_time+L4_regime,3,2026-01,-20.940843782025695,-0.0004188168756405139
L1_time+L4_regime,3,2026-02,703.7130979103658,0.014074261958207317
L1_time+L4_regime,3,2026-03,-953.4825094815078,-0.019069650189630156
L1_time+L4_regime,3,2026-04,79.00562227137107,0.0015801124454274213
L1_time+L4_regime,3,2026-05,1147.8631431961267,0.022957262863922533
L1_time+L4_regime,3,2026-06,-178.54865345851522,-0.0035709730691703043
L1_time+L4_regime,3,2026-07,381.8785840836881,0.007637571681673762
L1_time+L4_regime,4,2025-08,2455.6081044353123,0.049112162088706245
L1_time+L4_regime,4,2025-09,1131.7966192628592,0.022635932385257185
L1_time+L4_regime,4,2025-10,2472.6900026278563,0.049453800052557124
L1_time+L4_regime,4,2025-11,-4502.834940725469,-0.09005669881450938
L1_time+L4_regime,4,2025-12,-968.6839614163227,-0.019373679228326456
L1_time+L4_regime,4,2026-01,912.0684508452132,0.018241369016904263
L1_time+L4_regime,4,2026-02,739.856469305103,0.014797129386102061
L1_time+L4_regime,4,2026-03,-956.7814952221306,-0.019135629904442612
L1_time+L4_regime,4,2026-04,836.9524197055543,0.016739048394111087
L1_time+L4_regime,4,2026-05,1563.2971856024842,0.03126594371204969
L1_time+L4_regime,4,2026-06,1816.8472927222788,0.03633694585444557
L1_time+L4_regime,4,2026-07,-828.8666437082725,-0.01657733287416545
L1_time+L4_regime,5,2025-08,1074.1967910135309,0.021483935820270618
L1_time+L4_regime,5,2025-09,534.8707928827989,0.01069741585765598
L1_time+L4_regime,5,2025-10,498.93577856353113,0.009978715571270622
L1_time+L4_regime,5,2025-11,915.2193430433335,0.018304386860866672
L1_time+L4_regime,5,2025-12,-302.55151988793295,-0.006051030397758659
L1_time+L4_regime,5,2026-01,167.14838996442086,0.003342967799288417
L1_time+L4_regime,5,2026-02,-107.65832849364506,-0.0021531665698729012
L1_time+L4_regime,5,2026-03,121.94297848594942,0.0024388595697189884
L1_time+L4_regime,5,2026-04,713.2935511431479,0.014265871022862957
L1_time+L4_regime,5,2026-05,-1078.3278519964651,-0.021566557039929303
L1_time+L4_regime,5,2026-06,198.23934141950213,0.003964786828390043
L1_time+L4_regime,5,2026-07,57.72963453496868,0.0011545926906993736
L1_time+L4_regime,6,2025-08,307.0270953691761,0.006140541907383522
L1_time+L4_regime,6,2025-09,2045.691516218596,0.04091383032437192
L1_time+L4_regime,6,2025-10,-1532.4614502906825,-0.030649229005813648
L1_time+L4_regime,6,2025-11,-1016.8886254318932,-0.02033777250863786
L1_time+L4_regime,6,2025-12,-203.247420540255,-0.0040649484108051005
L1_time+L4_regime,6,2026-01,-3.561591513664098,-7.123183027328195e-05
L1_time+L4_regime,6,2026-02,-54.70882558757148,-0.0010941765117514297
L1_time+L4_regime,6,2026-03,-1234.0334039761374,-0.02468066807952275
L1_time+L4_regime,6,2026-04,585.9632554346008,0.011719265108692017
L1_time+L4_regime,6,2026-05,2198.3361611182336,0.043966723222364675
L1_time+L4_regime,6,2026-06,-1461.2475799386266,-0.02922495159877253
L1_time+L4_regime,6,2026-07,-128.34388260484957,-0.0025668776520969914
L1_time+L4_regime,7,2025-08,-132.15988034025668,-0.0026431976068051334
L1_time+L4_regime,7,2025-09,64.64902970499134,0.0012929805940998266
L1_time+L4_regime,7,2025-10,1534.119907189095,0.030682398143781903
L1_time+L4_regime,7,2025-11,-205.6061017398224,-0.004112122034796448
L1_time+L4_regime,7,2025-12,255.3057917160795,0.005106115834321591
L1_time+L4_regime,7,2026-01,2038.523568813901,0.04077047137627802
L1_time+L4_regime,7,2026-02,-831.8867888237464,-0.01663773577647493
L1_time+L4_regime,7,2026-03,271.4867896921178,0.005429735793842355
L1_time+L4_regime,7,2026-04,453.7721613289059,0.009075443226578118
L1_time+L4_regime,7,2026-05,-408.9266944722767,-0.008178533889445535
L1_time+L4_regime,7,2026-06,-920.5620560750813,-0.018411241121501627
L1_time+L4_regime,7,2026-07,525.8498545408556,0.010516997090817113
L1_time+L4_regime,8,2025-08,545.5968967557483,0.010911937935114965
L1_time+L4_regime,8,2025-09,4258.14607705842,0.0851629215411684
L1_time+L4_regime,8,2025-10,2211.2277728944264,0.044224555457888524
L1_time+L4_regime,8,2025-11,435.3967695392157,0.008707935390784315
L1_time+L4_regime,8,2025-12,-43.35513272621756,-0.0008671026545243512
L1_time+L4_regime,8,2026-01,1100.7461239517925,0.02201492247903585
L1_time+L4_regime,8,2026-02,-1120.7865458253964,-0.022415730916507927
L1_time+L4_regime,8,2026-03,-2082.646821319626,-0.04165293642639251
L1_time+L4_regime,8,2026-04,462.3316859420065,0.00924663371884013
L1_time+L4_regime,8,2026-05,2331.8394290892356,0.046636788581784716
L1_time+L4_regime,8,2026-06,125.73782248176485,0.0025147564496352972
L1_time+L4_regime,8,2026-07,523.3490237107126,0.010466980474214252
L1_time+L4_regime,9,2025-08,698.8800563747136,0.013977601127494271
L1_time+L4_regime,9,2025-09,4256.239180295112,0.08512478360590225
L1_time+L4_regime,9,2025-10,-1333.2679122470217,-0.026665358244940436
L1_time+L4_regime,9,2025-11,-1917.391947045253,-0.03834783894090506
L1_time+L4_regime,9,2025-12,-281.5273582920263,-0.005630547165840526
L1_time+L4_regime,9,2026-01,-1002.801830034372,-0.02005603660068744
L1_time+L4_regime,9,2026-02,104.97979848069826,0.002099595969613965
L1_time+L4_regime,9,2026-03,-1094.657621536835,-0.0218931524307367
L1_time+L4_regime,9,2026-04,685.7991363550727,0.013715982727101455
L1_time+L4_regime,9,2026-05,1474.0422846314923,0.029480845692629844
L1_time+L4_regime,9,2026-06,-1791.2944940470743,-0.035825889880941486
L1_time+L4_regime,9,2026-07,-39.92620164863911,-0.0007985240329727822
L1_time+L4_regime,10,2025-08,-4.953967060285322,-9.907934120570645e-05
L1_time+L4_regime,10,2025-09,1065.5856784714224,0.02131171356942845
L1_time+L4_regime,10,2025-10,793.1944866806962,0.015863889733613922
L1_time+L4_regime,10,2025-11,-1340.4305768103895,-0.02680861153620779
L1_time+L4_regime,10,2025-12,-875.1553121862007,-0.017503106243724014
L1_time+L4_regime,10,2026-01,4349.000707493412,0.08698001414986824
L1_time+L4_regime,10,2026-02,973.3280122370379,0.01946656024474076
L1_time+L4_regime,10,2026-03,-1203.2834379194283,-0.024065668758388566
L1_time+L4_regime,10,2026-04,654.0681785770412,0.013081363571540824
L1_time+L4_regime,10,2026-05,281.3568484271309,0.005627136968542618
L1_time+L4_regime,10,2026-06,-180.9592080419834,-0.003619184160839668
L1_time+L4_regime,10,2026-07,-414.94066904287683,-0.008298813380857537
L1_time+L4_regime,11,2025-08,-253.09008483019898,-0.00506180169660398
L1_time+L4_regime,11,2025-09,982.7830057703131,0.019655660115406263
L1_time+L4_regime,11,2025-10,743.3549307465755,0.01486709861493151
L1_time+L4_regime,11,2025-11,-1740.8045925193983,-0.03481609185038797
L1_time+L4_regime,11,2025-12,-795.1141329707034,-0.01590228265941407
L1_time+L4_regime,11,2026-01,3475.5831498492216,0.06951166299698443
L1_time+L4_regime,11,2026-02,-1191.7950164677682,-0.023835900329355363
L1_time+L4_regime,11,2026-03,-531.0009252055852,-0.010620018504111704
L1_time+L4_regime,11,2026-04,1864.8674137886087,0.03729734827577218
L1_time+L4_regime,11,2026-05,589.7036519456024,0.011794073038912048
L1_time+L4_regime,11,2026-06,-186.05084871392228,-0.0037210169742784454
L1_time+L4_regime,11,2026-07,-141.81179096561573,-0.0028362358193123145
L1_time+L4_regime,12,2025-08,644.4600245137453,0.012889200490274907
L1_time+L4_regime,12,2025-09,23.70337088551514,0.0004740674177103028
L1_time+L4_regime,12,2025-10,-360.66270305135004,-0.007213254061027001
L1_time+L4_regime,12,2025-11,-467.1460313120124,-0.009342920626240248
L1_time+L4_regime,12,2025-12,-492.2120388539943,-0.009844240777079885
L1_time+L4_regime,12,2026-01,244.18732573871603,0.004883746514774321
L1_time+L4_regime,12,2026-02,-8.004540768619336,-0.0001600908153723867
L1_time+L4_regime,12,2026-03,-285.20481773297524,-0.0057040963546595045
L1_time+L4_regime,12,2026-04,34.8879767573535,0.0006977595351470699
L1_time+L4_regime,12,2026-05,356.8584370843482,0.007137168741686965
L1_time+L4_regime,12,2026-06,46.44467899171741,0.0009288935798343482
L1_time+L4_regime,12,2026-07,669.8793645404385,0.01339758729080877
L1_time+L4_regime,13,2025-08,-259.81923734395787,-0.0051963847468791576
L1_time+L4_regime,13,2025-09,2711.308014803135,0.0542261602960627
L1_time+L4_regime,13,2025-10,1190.7521701673886,0.023815043403347773
L1_time+L4_regime,13,2025-11,-1604.913016733175,-0.0320982603346635
L1_time+L4_regime,13,2025-12,-1041.755833624914,-0.02083511667249828
L1_time+L4_regime,13,2026-01,981.5958277278014,0.01963191655455603
L1_time+L4_regime,13,2026-02,-414.97844616902603,-0.00829956892338052
L1_time+L4_regime,13,2026-03,-819.1601003894593,-0.016383202007789185
L1_time+L4_regime,13,2026-04,1721.9990627354437,0.034439981254708874
L1_time+L4_regime,13,2026-05,2961.5831849083543,0.059231663698167084
L1_time+L4_regime,13,2026-06,1112.8631655700501,0.022257263311401
L1_time+L4_regime,13,2026-07,312.36360562748814,0.006247272112549763
L1_time+L4_regime,14,2025-08,763.4525335469189,0.015269050670938377
L1_time+L4_regime,14,2025-09,4883.533693763521,0.09767067387527043
L1_time+L4_regime,14,2025-10,-742.2896778462837,-0.014845793556925673
L1_time+L4_regime,14,2025-11,-896.4194770012546,-0.01792838954002509
L1_time+L4_regime,14,2025-12,-262.856914309099,-0.005257138286181981
L1_time+L4_regime,14,2026-01,1965.172271363228,0.039303445427264556
L1_time+L4_regime,14,2026-02,74.39014621073738,0.0014878029242147478
L1_time+L4_regime,14,2026-03,-2184.799363277916,-0.043695987265558324
L1_time+L4_regime,14,2026-04,1772.5660992530225,0.03545132198506045
L1_time+L4_regime,14,2026-05,2718.749610629553,0.05437499221259106
L1_time+L4_regime,14,2026-06,-1702.5146166576033,-0.034050292333152064
L1_time+L4_regime,14,2026-07,160.51311717137924,0.0032102623434275847
L1_time+L4_regime,15,2025-08,1239.443670582472,0.024788873411649436
L1_time+L4_regime,15,2025-09,3905.72503634825,0.07811450072696499
L1_time+L4_regime,15,2025-10,-1656.1889556154647,-0.03312377911230929
L1_time+L4_regime,15,2025-11,-447.31007038668395,-0.00894620140773368
L1_time+L4_regime,15,2025-12,-538.2290807787203,-0.010764581615574406
L1_time+L4_regime,15,2026-01,538.2482198399848,0.010764964396799696
L1_time+L4_regime,15,2026-02,-1139.828052183746,-0.022796561043674918
L1_time+L4_regime,15,2026-03,-1235.1705430326092,-0.024703410860652184
L1_time+L4_regime,15,2026-04,1596.71328417925,0.031934265683585
L1_time+L4_regime,15,2026-05,2478.563129333129,0.04957126258666258
L1_time+L4_regime,15,2026-06,-96.16738101237661,-0.001923347620247532
L1_time+L4_regime,15,2026-07,217.6321549715858,0.004352643099431716
L1_time+L4_regime,16,2025-08,649.7211795248413,0.012994423590496827
L1_time+L4_regime,16,2025-09,895.5645211679939,0.017911290423359878
L1_time+L4_regime,16,2025-10,267.2278401397198,0.0053445568027943955
L1_time+L4_regime,16,2025-11,-487.03515436128873,-0.009740703087225775
L1_time+L4_regime,16,2025-12,-452.29387520407,-0.0090458775040814
L1_time+L4_regime,16,2026-01,2323.567054551616,0.04647134109103232
L1_time+L4_regime,16,2026-02,782.0306754146504,0.01564061350829301
L1_time+L4_regime,16,2026-03,-715.7468106220495,-0.014314936212440989
L1_time+L4_regime,16,2026-04,1613.3848491036579,0.03226769698207316
L1_time+L4_regime,16,2026-05,305.87104662906313,0.006117420932581262
L1_time+L4_regime,16,2026-06,331.83493845110934,0.006636698769022187
L1_time+L4_regime,16,2026-07,606.9297100958365,0.01213859420191673
L1_time+L4_regime,17,2025-08,8.73845504530891,0.0001747691009061782
L1_time+L4_regime,17,2025-09,1396.690711913392,0.02793381423826784
L1_time+L4_regime,17,2025-10,1241.6715253947168,0.024833430507894338
L1_time+L4_regime,17,2025-11,-2218.8356988633113,-0.044376713977266224
L1_time+L4_regime,17,2025-12,-1199.8406719751947,-0.023996813439503894
L1_time+L4_regime,17,2026-01,568.6520427965224,0.011373040855930449
L1_time+L4_regime,17,2026-02,-406.0857928333926,-0.008121715856667851
L1_time+L4_regime,17,2026-03,642.2156328770616,0.012844312657541232
L1_time+L4_regime,17,2026-04,159.1683399532867,0.003183366799065734
L1_time+L4_regime,17,2026-05,838.4785607457407,0.016769571214914812
L1_time+L4_regime,17,2026-06,-238.50111527326953,-0.0047700223054653905
L1_time+L4_regime,17,2026-07,247.0359084294023,0.004940718168588046
L1_time+L4_regime,18,2025-08,-1161.3450904714118,-0.023226901809428237
L1_time+L4_regime,18,2025-09,-8.502214957352408,-0.00017004429914704814
L1_time+L4_regime,18,2025-10,1049.5032788119433,0.020990065576238868
L1_time+L4_regime,18,2025-11,-1343.4875616452082,-0.026869751232904165
L1_time+L4_regime,18,2025-12,-444.49131629459134,-0.008889826325891827
L1_time+L4_regime,18,2026-01,1022.8979458500344,0.02045795891700069
L1_time+L4_regime,18,2026-02,1041.4632768757365,0.02082926553751473
L1_time+L4_regime,18,2026-03,-1813.4239302848637,-0.03626847860569728
L1_time+L4_regime,18,2026-04,1726.4601762083976,0.03452920352416795
L1_time+L4_regime,18,2026-05,2060.1350701071033,0.041202701402142064
L1_time+L4_regime,18,2026-06,1099.6270495493345,0.02199254099098669
L1_time+L4_regime,18,2026-07,-652.364503980898,-0.01304729007961796
L1_time+L4_regime,19,2025-08,220.82645064127428,0.004416529012825485
L1_time+L4_regime,19,2025-09,3684.87427211301,0.07369748544226021
L1_time+L4_regime,19,2025-10,2187.157384973596,0.04374314769947192
L1_time+L4_regime,19,2025-11,-3591.097659474073,-0.07182195318948147
L1_time+L4_regime,19,2025-12,-181.8036971219335,-0.00363607394243867
L1_time+L4_regime,19,2026-01,1903.9798975641406,0.03807959795128281
L1_time+L4_regime,19,2026-02,466.7347033388469,0.009334694066776937
L1_time+L4_regime,19,2026-03,-717.914424775794,-0.01435828849551588
L1_time+L4_regime,19,2026-04,-63.49887541068074,-0.0012699775082136147
L1_time+L4_regime,19,2026-05,728.7853882904828,0.014575707765809657
L1_time+L4_regime,19,2026-06,-669.3106251457057,-0.013386212502914113
L1_time+L4_regime,19,2026-07,268.7174184142823,0.005374348368285646
L1_time+L4_regime,20,2025-08,-2806.3915348729383,-0.05612783069745877
L1_time+L4_regime,20,2025-09,2008.9667349080592,0.040179334698161186
L1_time+L4_regime,20,2025-10,1885.6552045688577,0.03771310409137715
L1_time+L4_regime,20,2025-11,-906.4864693070913,-0.018129729386141824
L1_time+L4_regime,20,2025-12,-413.3825931304027,-0.008267651862608054
L1_time+L4_regime,20,2026-01,761.5566870548118,0.015231133741096237
L1_time+L4_regime,20,2026-02,724.2182871345358,0.014484365742690715
L1_time+L4_regime,20,2026-03,-1256.6601041923104,-0.025133202083846208
L1_time+L4_regime,20,2026-04,651.1342628039674,0.013022685256079348
L1_time+L4_regime,20,2026-05,2149.7892555872877,0.04299578511174575
L1_time+L4_regime,20,2026-06,-60.48523006069627,-0.0012097046012139252
L1_time+L4_regime,20,2026-07,143.84381471653796,0.0028768762943307594
L1_time+L4_regime,21,2025-08,-44.341126488468944,-0.0008868225297693789
L1_time+L4_regime,21,2025-09,158.49055202531508,0.0031698110405063017
L1_time+L4_regime,21,2025-10,-182.1429956046204,-0.003642859912092408
L1_time+L4_regime,21,2025-11,-915.3072237776614,-0.01830614447555323
L1_time+L4_regime,21,2025-12,-927.0541224605677,-0.018541082449211353
L1_time+L4_regime,21,2026-01,530.4699431966064,0.010609398863932128
L1_time+L4_regime,21,2026-02,127.32583361898014,0.002546516672379603
L1_time+L4_regime,21,2026-03,-1195.8584624573177,-0.023917169249146355
L1_time+L4_regime,21,2026-04,1074.684144277202,0.02149368288554404
L1_time+L4_regime,21,2026-05,-27.072227175211992,-0.0005414445435042399
L1_time+L4_regime,21,2026-06,34.81906427791,0.0006963812855582001
L1_time+L4_regime,21,2026-07,611.4044319462673,0.012228088638925346
L1_time+L4_regime,22,2025-08,-16.831790305747745,-0.0003366358061149549
L1_time+L4_regime,22,2025-09,1129.3222184336764,0.02258644436867353
L1_time+L4_regime,22,2025-10,867.9547203262609,0.017359094406525218
L1_time+L4_regime,22,2025-11,802.4166925413847,0.016048333850827694
L1_time+L4_regime,22,2025-12,478.71902478096035,0.009574380495619208
L1_time+L4_regime,22,2026-01,-136.6958236303144,-0.002733916472606288
L1_time+L4_regime,22,2026-02,127.69611518217971,0.0025539223036435943
L1_time+L4_regime,22,2026-03,-625.1086818003087,-0.012502173636006173
L1_time+L4_regime,22,2026-04,286.0435666405938,0.005720871332811876
L1_time+L4_regime,22,2026-05,-417.7194429666115,-0.00835438885933223
L1_time+L4_regime,22,2026-06,-687.1940804293799,-0.013743881608587598
L1_time+L4_regime,22,2026-07,48.60149857720262,0.0009720299715440524
L1_time+L4_regime,23,2025-08,419.43477848827933,0.008388695569765587
L1_time+L4_regime,23,2025-09,2631.4921813942537,0.05262984362788507
L1_time+L4_regime,23,2025-10,1140.1291026613444,0.022802582053226886
L1_time+L4_regime,23,2025-11,-395.07740488197396,-0.00790154809763948
L1_time+L4_regime,23,2025-12,931.871242584335,0.0186374248516867
L1_time+L4_regime,23,2026-01,1512.4318805374132,0.030248637610748266
L1_time+L4_regime,23,2026-02,-1051.5344254081956,-0.021030688508163912
L1_time+L4_regime,23,2026-03,-626.4334018018344,-0.012528668036036687
L1_time+L4_regime,23,2026-04,493.14430652780175,0.009862886130556034
L1_time+L4_regime,23,2026-05,631.9122909722773,0.012638245819445547
L1_time+L4_regime,23,2026-06,-1107.8338859685327,-0.022156677719370656
L1_time+L4_regime,23,2026-07,1176.5856964292934,0.023531713928585867
L1_time+L4_regime,24,2025-08,-2.0139562231506716,-4.0279124463013435e-05
L1_time+L4_regime,24,2025-09,1016.7983591159928,0.020335967182319854
L1_time+L4_regime,24,2025-10,817.5734775376177,0.016351469550752354
L1_time+L4_regime,24,2025-11,-1101.8986905893516,-0.022037973811787032
L1_time+L4_regime,24,2025-12,-153.17926919450292,-0.0030635853838900584
L1_time+L4_regime,24,2026-01,-573.1522128557299,-0.011463044257114597
L1_time+L4_regime,24,2026-02,35.41808033032521,0.0007083616066065042
L1_time+L4_regime,24,2026-03,37.56802140711716,0.0007513604281423432
L1_time+L4_regime,24,2026-04,418.10423001466825,0.008362084600293364
L1_time+L4_regime,24,2026-05,-839.7401890246911,-0.016794803780493823
L1_time+L4_regime,24,2026-06,307.1320830516215,0.00614264166103243
L1_time+L4_regime,24,2026-07,-357.0474197144549,-0.007140948394289098
L1_time+L4_regime,25,2025-08,-44.84493941319306,-0.0008968987882638612
L1_time+L4_regime,25,2025-09,920.0493124139339,0.018400986248278677
L1_time+L4_regime,25,2025-10,232.38411206774526,0.004647682241354905
L1_time+L4_regime,25,2025-11,891.3158088007694,0.017826316176015388
L1_time+L4_regime,25,2025-12,574.2518750308664,0.011485037500617327
L1_time+L4_regime,25,2026-01,914.3239477751349,0.0182864789555027
L1_time+L4_regime,25,2026-02,226.27046817395058,0.004525409363479012
L1_time+L4_regime,25,2026-03,-467.10641174688953,-0.009342128234937791
L1_time+L4_regime,25,2026-04,396.29760342520785,0.007925952068504157
L1_time+L4_regime,25,2026-05,-502.9090999439113,-0.010058181998878226
L1_time+L4_regime,25,2026-06,-85.30402063499514,-0.001706080412699903
L1_time+L4_regime,25,2026-07,437.26503121046153,0.00874530062420923
L1_time+L4_regime,26,2025-08,-450.7499387049493,-0.009014998774098986
L1_time+L4_regime,26,2025-09,-108.80232002691719,-0.002176046400538344
L1_time+L4_regime,26,2025-10,990.14520441895,0.019802904088379
L1_time+L4_regime,26,2025-11,-211.10511447619956,-0.004222102289523991
L1_time+L4_regime,26,2025-12,-400.1301738217139,-0.008002603476434278
L1_time+L4_regime,26,2026-01,472.25452024858623,0.009445090404971724
L1_time+L4_regime,26,2026-02,2044.9779449838034,0.040899558899676065
L1_time+L4_regime,26,2026-03,-521.8450125711302,-0.010436900251422604
L1_time+L4_regime,26,2026-04,69.3301407750555,0.00138660281550111
L1_time+L4_regime,26,2026-05,-881.8601484713472,-0.017637202969426943
L1_time+L4_regime,26,2026-06,-27.25276330831184,-0.0005450552661662369
L1_time+L4_regime,26,2026-07,444.51670977376807,0.008890334195475361
L1_time+L4_regime,27,2025-08,610.1918122581219,0.012203836245162438
L1_time+L4_regime,27,2025-09,956.3389174643335,0.01912677834928667
L1_time+L4_regime,27,2025-10,1560.0385806734857,0.031200771613469715
L1_time+L4_regime,27,2025-11,894.5854211612104,0.01789170842322421
L1_time+L4_regime,27,2025-12,-295.86688738388966,-0.005917337747677793
L1_time+L4_regime,27,2026-01,-4.905041507125134,-9.810083014250267e-05
L1_time+L4_regime,27,2026-02,-344.87385512027595,-0.006897477102405519
L1_time+L4_regime,27,2026-03,-395.7801698231315,-0.00791560339646263
L1_time+L4_regime,27,2026-04,488.60152528385515,0.009772030505677104
L1_time+L4_regime,27,2026-05,-293.26230886505437,-0.005865246177301087
L1_time+L4_regime,27,2026-06,39.41092797566216,0.0007882185595132433
L1_time+L4_regime,27,2026-07,-560.4232558667309,-0.011208465117334617
L1_time+L4_regime,28,2025-08,2512.4238053156496,0.05024847610631299
L1_time+L4_regime,28,2025-09,3185.1259902025267,0.06370251980405053
L1_time+L4_regime,28,2025-10,2001.4373366007994,0.040028746732015986
L1_time+L4_regime,28,2025-11,-2410.254070079038,-0.04820508140158076
L1_time+L4_regime,28,2025-12,-921.0327794937039,-0.018420655589874078
L1_time+L4_regime,28,2026-01,-813.6369441743363,-0.016272738883486727
L1_time+L4_regime,28,2026-02,-667.4236065384785,-0.013348472130769569
L1_time+L4_regime,28,2026-03,-512.0466098515335,-0.01024093219703067
L1_time+L4_regime,28,2026-04,-152.18692527674966,-0.003043738505534993
L1_time+L4_regime,28,2026-05,-320.64873900746807,-0.006412974780149361
L1_time+L4_regime,28,2026-06,-153.6891046048686,-0.003073782092097372
L1_time+L4_regime,28,2026-07,423.4699010135496,0.008469398020270991
L1_time+L4_regime,29,2025-08,1509.5911474983632,0.030191822949967265
L1_time+L4_regime,29,2025-09,515.1828829018141,0.010303657658036283
L1_time+L4_regime,29,2025-10,1688.16974228223,0.0337633948456446
L1_time+L4_regime,29,2025-11,-588.4081294976786,-0.011768162589953573
L1_time+L4_regime,29,2025-12,-815.4486188146784,-0.016308972376293567
L1_time+L4_regime,29,2026-01,-544.3694445326646,-0.010887388890653292
L1_time+L4_regime,29,2026-02,1159.1456411684794,0.023182912823369588
L1_time+L4_regime,29,2026-03,-1924.9136949105941,-0.03849827389821188
L1_time+L4_regime,29,2026-04,1330.5837617211064,0.02661167523442213
L1_time+L4_regime,29,2026-05,-0.501300975372942,-1.002601950745884e-05
L1_time+L4_regime,29,2026-06,-448.84582519437936,-0.008976916503887588
L1_time+L4_regime,29,2026-07,3.5056883369152274,7.011376673830455e-05
L1_time+L4_regime,30,2025-08,-219.3211127654231,-0.004386422255308462
L1_time+L4_regime,30,2025-09,1046.6774930340125,0.020933549860680252
L1_time+L4_regime,30,2025-10,1015.4965358965947,0.02030993071793189
L1_time+L4_regime,30,2025-11,328.6319664766215,0.006572639329532431
L1_time+L4_regime,30,2025-12,-874.452103939243,-0.01748904207878486
L1_time+L4_regime,30,2026-01,1508.8856812718232,0.030177713625436465
L1_time+L4_regime,30,2026-02,1082.3760501760462,0.021647521003520923
L1_time+L4_regime,30,2026-03,459.78285418881205,0.00919565708377624
L1_time+L4_regime,30,2026-04,141.89115073566973,0.0028378230147133943
L1_time+L4_regime,30,2026-05,853.9365080687548,0.017078730161375098
L1_time+L4_regime,30,2026-06,7.820805660912811,0.0001564161132182562
L1_time+L4_regime,30,2026-07,-17.626839536015723,-0.00035253679072031445
L1_time+L4_regime,31,2025-08,-791.1685543319554,-0.01582337108663911
L1_time+L4_regime,31,2025-09,2640.832511512138,0.052816650230242755
L1_time+L4_regime,31,2025-10,1289.97312338547,0.0257994624677094
L1_time+L4_regime,31,2025-11,-1999.5920296421382,-0.03999184059284276
L1_time+L4_regime,31,2025-12,-1178.2055754975463,-0.023564111509950927
L1_time+L4_regime,31,2026-01,1158.4442347553759,0.023168884695107517
L1_time+L4_regime,31,2026-02,999.8667329208793,0.019997334658417586
L1_time+L4_regime,31,2026-03,-1151.595228723224,-0.02303190457446448
L1_time+L4_regime,31,2026-04,604.7589161145761,0.012095178322291521
L1_time+L4_regime,31,2026-05,1186.2771313367675,0.02372554262673535
L1_time+L4_regime,31,2026-06,41.64804302324319,0.0008329608604648639
L1_time+L4_regime,31,2026-07,213.77052903843833,0.004275410580768767
L1_time+L4_regime,32,2025-08,-60.468672408447674,-0.0012093734481689535
L1_time+L4_regime,32,2025-09,2697.1053314349956,0.053942106628699915
L1_time+L4_regime,32,2025-10,1404.3446071676062,0.028086892143352124
L1_time+L4_regime,32,2025-11,-2605.1270033040437,-0.05210254006608087
L1_time+L4_regime,32,2025-12,-662.7831055125434,-0.013255662110250869
L1_time+L4_regime,32,2026-01,1926.7985236298364,0.03853597047259673
L1_time+L4_regime,32,2026-02,-699.8538491845102,-0.013997076983690203
L1_time+L4_regime,32,2026-03,-1261.4912588069246,-0.025229825176138494
L1_time+L4_regime,32,2026-04,1042.2653973032425,0.02084530794606485
L1_time+L4_regime,32,2026-05,1822.6588387413676,0.03645317677482735
L1_time+L4_regime,32,2026-06,1385.0182261472787,0.027700364522945574
L1_time+L4_regime,32,2026-07,-80.75930303902896,-0.0016151860607805794
L1_time+L4_regime,33,2025-08,232.4946383925835,0.00464989276785167
L1_time+L4_regime,33,2025-09,1282.2166917053728,0.025644333834107455
L1_time+L4_regime,33,2025-10,-124.48047425944878,-0.0024896094851889756
L1_time+L4_regime,33,2025-11,-652.5305400256766,-0.013050610800513531
L1_time+L4_regime,33,2025-12,-685.479622416121,-0.013709592448322419
L1_time+L4_regime,33,2026-01,2555.693240654963,0.05111386481309926
L1_time+L4_regime,33,2026-02,190.63467899555144,0.0038126935799110287
L1_time+L4_regime,33,2026-03,-900.0993445451995,-0.01800198689090399
L1_time+L4_regime,33,2026-04,784.915614530265,0.0156983122906053
L1_time+L4_regime,33,2026-05,433.4338966598616,0.008668677933197233
L1_time+L4_regime,33,2026-06,-374.476295077372,-0.00748952590154744
L1_time+L4_regime,33,2026-07,1473.9868470351666,0.029479736940703334
L1_time+L4_regime,34,2025-08,-100.45435953771357,-0.0020090871907542714
L1_time+L4_regime,34,2025-09,1516.1164421993462,0.030322328843986925
L1_time+L4_regime,34,2025-10,446.3544296744403,0.008927088593488806
L1_time+L4_regime,34,2025-11,-481.7258367037193,-0.009634516734074387
L1_time+L4_regime,34,2025-12,-252.71751056038556,-0.005054350211207711
L1_time+L4_regime,34,2026-01,881.8571378777833,0.017637142757555666
L1_time+L4_regime,34,2026-02,1740.6298376976624,0.03481259675395325
L1_time+L4_regime,34,2026-03,-687.1200152317906,-0.013742400304635811
L1_time+L4_regime,34,2026-04,2257.0723056596767,0.04514144611319353
L1_time+L4_regime,34,2026-05,-987.9455859274658,-0.019758911718549314
L1_time+L4_regime,34,2026-06,-1018.8745650553301,-0.020377491301106603
L1_time+L4_regime,34,2026-07,-480.31095064390956,-0.00960621901287819
L1_time+L4_regime,35,2025-08,-473.1117336353018,-0.009462234672706037
L1_time+L4_regime,35,2025-09,739.5509954382442,0.014791019908764884
L1_time+L4_regime,35,2025-10,-245.62748770569033,-0.0049125497541138066
L1_time+L4_regime,35,2025-11,-1427.5387691352043,-0.028550775382704088
L1_time+L4_regime,35,2025-12,-403.72739306534413,-0.008074547861306883
L1_time+L4_regime,35,2026-01,621.7093678487645,0.012434187356975289
L1_time+L4_regime,35,2026-02,1036.5686338054602,0.020731372676109205
L1_time+L4_regime,35,2026-03,-1966.1316372587858,-0.039322632745175716
L1_time+L4_regime,35,2026-04,-57.17201794371522,-0.0011434403588743043
L1_time+L4_regime,35,2026-05,-45.049588575007874,-0.0009009917715001575
L1_time+L4_regime,35,2026-06,537.9876934050449,0.010759753868100897
L1_time+L4_regime,35,2026-07,-595.045474876461,-0.011900909497529219
L1_time+L4_regime,36,2025-08,905.0459636077885,0.01810091927215577
L1_time+L4_regime,36,2025-09,2731.1246578185965,0.05462249315637193
L1_time+L4_regime,36,2025-10,1692.2064017910543,0.03384412803582108
L1_time+L4_regime,36,2025-11,-2707.8267988534535,-0.05415653597706907
L1_time+L4_regime,36,2025-12,-666.6491932976915,-0.013332983865953829
L1_time+L4_regime,36,2026-01,3295.4729711867785,0.06590945942373556
L1_time+L4_regime,36,2026-02,-364.88112452278074,-0.007297622490455615
L1_time+L4_regime,36,2026-03,97.14939067444084,0.0019429878134888169
L1_time+L4_regime,36,2026-04,-346.3777097502093,-0.006927554195004186
L1_time+L4_regime,36,2026-05,2658.9747202332946,0.05317949440466589
L1_time+L4_regime,36,2026-06,-247.15016434992367,-0.004943003286998473
L1_time+L4_regime,36,2026-07,-127.11353155902088,-0.0025422706311804175
L1_time+L4_regime,37,2025-08,-381.1927599611463,-0.007623855199222926
L1_time+L4_regime,37,2025-09,-599.9216644567223,-0.011998433289134445
L1_time+L4_regime,37,2025-10,1351.062116543646,0.02702124233087292
L1_time+L4_regime,37,2025-11,-1961.8735147604975,-0.03923747029520995
L1_time+L4_regime,37,2025-12,-456.8629405054662,-0.009137258810109324
L1_time+L4_regime,37,2026-01,-506.36271200947976,-0.010127254240189596
L1_time+L4_regime,37,2026-02,646.110188384353,0.01292220376768706
L1_time+L4_regime,37,2026-03,167.17032565188765,0.003343406513037753
L1_time+L4_regime,37,2026-04,1032.3228007414573,0.020646456014829145
L1_time+L4_regime,37,2026-05,497.1379250936807,0.009942758501873613
L1_time+L4_regime,37,2026-06,1173.8566920087906,0.02347713384017581
L1_time+L4_regime,37,2026-07,-65.90286195744739,-0.0013180572391489477
L1_time+L4_regime,38,2025-08,505.76488679295744,0.010115297735859148
L1_time+L4_regime,38,2025-09,2700.7173884188596,0.05401434776837719
L1_time+L4_regime,38,2025-10,1205.0337820880022,0.024100675641760043
L1_time+L4_regime,38,2025-11,-430.2016777956569,-0.008604033555913139
L1_time+L4_regime,38,2025-12,33.05609737760187,0.0006611219475520375
L1_time+L4_regime,38,2026-01,2415.4451573630786,0.04830890314726157
L1_time+L4_regime,38,2026-02,320.7648743651707,0.006415297487303414
L1_time+L4_regime,38,2026-03,-1139.0537638995202,-0.022781075277990403
L1_time+L4_regime,38,2026-04,-467.84942553680867,-0.009356988510736174
L1_time+L4_regime,38,2026-05,1444.8558029939059,0.028897116059878117
L1_time+L4_regime,38,2026-06,-498.27753883238256,-0.00996555077664765
L1_time+L4_regime,38,2026-07,675.0152674467363,0.013500305348934726
L1_time+L4_regime,39,2025-08,1151.917747637477,0.023038354952749543
L1_time+L4_regime,39,2025-09,2421.970620527526,0.04843941241055052
L1_time+L4_regime,39,2025-10,1498.0655317897645,0.02996131063579529
L1_time+L4_regime,39,2025-11,-2855.063005102801,-0.057101260102056024
L1_time+L4_regime,39,2025-12,-1242.1819522311312,-0.024843639044622622
L1_time+L4_regime,39,2026-01,-314.7516442223605,-0.00629503288444721
L1_time+L4_regime,39,2026-02,768.064303720289,0.01536128607440578
L1_time+L4_regime,39,2026-03,-2262.4914666830286,-0.04524982933366057
L1_time+L4_regime,39,2026-04,1027.0299657079054,0.02054059931415811
L1_time+L4_regime,39,2026-05,-99.98479018801481,-0.0019996958037602963
L1_time+L4_regime,39,2026-06,-171.5818022794001,-0.003431636045588002
L1_time+L4_regime,39,2026-07,304.2509263578936,0.006085018527157872
L1_time+L4_regime,40,2025-08,489.47647756688366,0.009789529551337673
L1_time+L4_regime,40,2025-09,5283.279289535758,0.10566558579071515
L1_time+L4_regime,40,2025-10,2099.099087761184,0.04198198175522368
L1_time+L4_regime,40,2025-11,-3691.7703501906108,-0.07383540700381222
L1_time+L4_regime,40,2025-12,-1803.8627178049373,-0.036077254356098744
L1_time+L4_regime,40,2026-01,1810.3269201481698,0.036206538402963395
L1_time+L4_regime,40,2026-02,-392.70470705463276,-0.007854094141092656
L1_time+L4_regime,40,2026-03,-133.56756786854567,-0.0026713513573709134
L1_time+L4_regime,40,2026-04,3463.0213396357663,0.06926042679271532
L1_time+L4_regime,40,2026-05,2414.6403165568227,0.04829280633113645
L1_time+L4_regime,40,2026-06,275.4261535260757,0.005508523070521514
L1_time+L4_regime,40,2026-07,-620.6737237308598,-0.012413474474617197
L1_time+L4_regime,41,2025-08,-82.08880194612357,-0.0016417760389224713
L1_time+L4_regime,41,2025-09,-212.15264872420448,-0.0042430529744840895
L1_time+L4_regime,41,2025-10,163.43106383290342,0.003268621276658068
L1_time+L4_regime,41,2025-11,-1547.6579651254615,-0.03095315930250923
L1_time+L4_regime,41,2025-12,-951.8512529202662,-0.019037025058405325
L1_time+L4_regime,41,2026-01,1674.5440273138083,0.033490880546276164
L1_time+L4_regime,41,2026-02,-53.76199114834162,-0.0010752398229668325
L1_time+L4_regime,41,2026-03,-1799.5619265666883,-0.035991238531333763
L1_time+L4_regime,41,2026-04,199.41702693370416,0.003988340538674084
L1_time+L4_regime,41,2026-05,1912.2155102293846,0.03824431020458769
L1_time+L4_regime,41,2026-06,-324.37097730423375,-0.006487419546084675
L1_time+L4_regime,41,2026-07,196.77428813314373,0.0039354857626628745
L1_time+L4_regime,42,2025-08,-1810.4368151583562,-0.03620873630316712
L1_time+L4_regime,42,2025-09,1598.0250667997643,0.03196050133599529
L1_time+L4_regime,42,2025-10,57.6833113787452,0.001153666227574904
L1_time+L4_regime,42,2025-11,-2254.7330484090635,-0.04509466096818127
L1_time+L4_regime,42,2025-12,-81.49298507659933,-0.0016298597015319866
L1_time+L4_regime,42,2026-01,375.89775670430845,0.007517955134086169
L1_time+L4_regime,42,2026-02,1019.320475365309,0.02038640950730618
L1_time+L4_regime,42,2026-03,-871.1299166893241,-0.017422598333786482
L1_time+L4_regime,42,2026-04,-140.4714903123463,-0.002809429806246926
L1_time+L4_regime,42,2026-05,-349.83849894341165,-0.006996769978868233
L1_time+L4_regime,42,2026-06,-56.205540492024284,-0.0011241108098404857
L1_time+L4_regime,42,2026-07,-291.43197254555525,-0.005828639450911105
L1_time+L4_regime,43,2025-08,2074.540635328036,0.04149081270656072
L1_time+L4_regime,43,2025-09,1391.238013122913,0.027824760262458257
L1_time+L4_regime,43,2025-10,2123.0088061820115,0.04246017612364023
L1_time+L4_regime,43,2025-11,-3367.5537661695907,-0.06735107532339181
L1_time+L4_regime,43,2025-12,-982.3387649303677,-0.019646775298607352
L1_time+L4_regime,43,2026-01,-1382.2085463740077,-0.027644170927480154
L1_time+L4_regime,43,2026-02,-222.91445634597403,-0.004458289126919481
L1_time+L4_regime,43,2026-03,-500.760099952935,-0.0100152019990587
L1_time+L4_regime,43,2026-04,1242.3833769089897,0.024847667538179793
L1_time+L4_regime,43,2026-05,1464.9599178304243,0.029299198356608484
L1_time+L4_regime,43,2026-06,862.0295478788448,0.017240590957576896
L1_time+L4_regime,43,2026-07,1108.9653888862858,0.022179307777725716
L1_time+L4_regime,44,2025-08,98.94229036553406,0.0019788458073106813
L1_time+L4_regime,44,2025-09,4320.060556077348,0.08640121112154697
L1_time+L4_regime,44,2025-10,807.887350153731,0.01615774700307462
L1_time+L4_regime,44,2025-11,-835.5553511473836,-0.01671110702294767
L1_time+L4_regime,44,2025-12,-1049.3483707902124,-0.020986967415804247
L1_time+L4_regime,44,2026-01,1686.9074461371765,0.03373814892274353
L1_time+L4_regime,44,2026-02,-1838.0323293283122,-0.03676064658656625
L1_time+L4_regime,44,2026-03,-215.94516867519906,-0.004318903373503981
L1_time+L4_regime,44,2026-04,2375.6492773321665,0.04751298554664333
L1_time+L4_regime,44,2026-05,142.43935828644044,0.002848787165728809
L1_time+L4_regime,44,2026-06,-705.3195084762528,-0.014106390169525057
L1_time+L4_regime,44,2026-07,-106.17300402577257,-0.0021234600805154513
L1_time+L4_regime,45,2025-08,103.01355062511266,0.002060271012502253
L1_time+L4_regime,45,2025-09,2155.775105259002,0.04311550210518004
L1_time+L4_regime,45,2025-10,1301.6728904192514,0.02603345780838503
L1_time+L4_regime,45,2025-11,-1583.6953425950069,-0.031673906851900135
L1_time+L4_regime,45,2025-12,-58.41076447672003,-0.0011682152895344006
L1_time+L4_regime,45,2026-01,2074.5333268856402,0.04149066653771281
L1_time+L4_regime,45,2026-02,1046.0667828701162,0.020921335657402323
L1_time+L4_regime,45,2026-03,-725.6916126956385,-0.01451383225391277
L1_time+L4_regime,45,2026-04,160.41351996022695,0.003208270399204539
L1_time+L4_regime,45,2026-05,817.1986353537122,0.016343972707074245
L1_time+L4_regime,45,2026-06,-168.889514946286,-0.00337779029892572
L1_time+L4_regime,45,2026-07,299.34087314685075,0.005986817462937015
L1_time+L4_regime,46,2025-08,268.55142330173567,0.005371028466034713
L1_time+L4_regime,46,2025-09,-342.23745026029064,-0.006844749005205813
L1_time+L4_regime,46,2025-10,569.2716372051782,0.011385432744103564
L1_time+L4_regime,46,2025-11,67.14396756171209,0.0013428793512342417
L1_time+L4_regime,46,2025-12,-376.7335639644016,-0.007534671279288032
L1_time+L4_regime,46,2026-01,97.80564836889062,0.0019561129673778123
L1_time+L4_regime,46,2026-02,966.7247439630191,0.019334494879260384
L1_time+L4_regime,46,2026-03,-880.8924107960511,-0.017617848215921023
L1_time+L4_regime,46,2026-04,-349.19143201048337,-0.0069838286402096675
L1_time+L4_regime,46,2026-05,858.5822550143785,0.01717164510028757
L1_time+L4_regime,46,2026-06,82.31767901666808,0.0016463535803333616
L1_time+L4_regime,46,2026-07,32.32302953392082,0.0006464605906784163
L1_time+L4_regime,47,2025-08,656.1556615578575,0.01312311323115715
L1_time+L4_regime,47,2025-09,3154.3346346967055,0.0630866926939341
L1_time+L4_regime,47,2025-10,1651.479334497014,0.03302958668994028
L1_time+L4_regime,47,2025-11,845.4127898071811,0.01690825579614362
L1_time+L4_regime,47,2025-12,-766.9190818576681,-0.015338381637153361
L1_time+L4_regime,47,2026-01,1795.9372269545966,0.03591874453909193
L1_time+L4_regime,47,2026-02,173.63991011247344,0.003472798202249469
L1_time+L4_regime,47,2026-03,-2328.246015070162,-0.04656492030140324
L1_time+L4_regime,47,2026-04,1938.3091133799453,0.038766182267598905
L1_time+L4_regime,47,2026-05,2213.14750182196,0.044262950036439194
L1_time+L4_regime,47,2026-06,-685.267231492242,-0.013705344629844839
L1_time+L4_regime,47,2026-07,-115.63663639874994,-0.002312732727974999
L1_time+L4_regime,48,2025-08,421.07997647119737,0.008421599529423947
L1_time+L4_regime,48,2025-09,2810.786874797256,0.05621573749594512
L1_time+L4_regime,48,2025-10,699.5712635455484,0.013991425270910967
L1_time+L4_regime,48,2025-11,-1880.2889470800437,-0.03760577894160087
L1_time+L4_regime,48,2025-12,-24.68900896269861,-0.0004937801792539722
L1_time+L4_regime,48,2026-01,441.74280220593573,0.008834856044118714
L1_time+L4_regime,48,2026-02,-540.8340661680268,-0.010816681323360536
L1_time+L4_regime,48,2026-03,-282.1616369189087,-0.005643232738378174
L1_time+L4_regime,48,2026-04,-366.8453474332896,-0.0073369069486657916
L1_time+L4_regime,48,2026-05,721.2873028956901,0.014425746057913802
L1_time+L4_regime,48,2026-06,-646.6923771723273,-0.012933847543446545
L1_time+L4_regime,48,2026-07,-925.3604695687791,-0.01850720939137558
L1_time+L4_regime,49,2025-08,-1777.4207191361234,-0.035548414382722465
L1_time+L4_regime,49,2025-09,2791.4872349322177,0.05582974469864435
L1_time+L4_regime,49,2025-10,-2075.7782788824215,-0.04151556557764843
L1_time+L4_regime,49,2025-11,-1046.649766846679,-0.02093299533693358
L1_time+L4_regime,49,2025-12,182.25642352359955,0.003645128470471991
L1_time+L4_regime,49,2026-01,-1400.6878649916598,-0.028013757299833197
L1_time+L4_regime,49,2026-02,-420.16009284722577,-0.008403201856944516
L1_time+L4_regime,49,2026-03,-1062.890411977878,-0.02125780823955756
L1_time+L4_regime,49,2026-04,1909.3288875886915,0.03818657775177383
L1_time+L4_regime,49,2026-05,1205.314257418031,0.02410628514836062
L1_time+L4_regime,49,2026-06,-1172.0413604030155,-0.02344082720806031
L1_time+L4_regime,49,2026-07,129.94831970523865,0.002598966394104773
L1_time+L4_regime,50,2025-08,222.22338508114717,0.0044444677016229435
L1_time+L4_regime,50,2025-09,2383.4640412290637,0.04766928082458127
L1_time+L4_regime,50,2025-10,-1761.9253277484604,-0.035238506554969205
L1_time+L4_regime,50,2025-11,-571.6745106475564,-0.011433490212951128
L1_time+L4_regime,50,2025-12,-453.5984587730168,-0.009071969175460335
L1_time+L4_regime,50,2026-01,-447.3630575200941,-0.008947261150401882
L1_time+L4_regime,50,2026-02,208.88550792408296,0.0041777101584816595
L1_time+L4_regime,50,2026-03,-2002.9195459660164,-0.04005839091932033
L1_time+L4_regime,50,2026-04,-196.6823997125989,-0.003933647994251978
L1_time+L4_regime,50,2026-05,1220.8056548939348,0.024416113097878698
L1_time+L4_regime,50,2026-06,-1661.4055979410596,-0.033228111958821194
L1_time+L4_regime,50,2026-07,508.94510566103736,0.010178902113220747
L1_time+L4_regime,51,2025-08,398.3930016234617,0.007967860032469234
L1_time+L4_regime,51,2025-09,734.039779595977,0.014680795591919541
L1_time+L4_regime,51,2025-10,1562.333746321763,0.03124667492643526
L1_time+L4_regime,51,2025-11,-1787.350468567157,-0.03574700937134314
L1_time+L4_regime,51,2025-12,-701.2528576220411,-0.014025057152440823
L1_time+L4_regime,51,2026-01,2496.055044136754,0.04992110088273508
L1_time+L4_regime,51,2026-02,872.5703133142306,0.01745140626628461
L1_time+L4_regime,51,2026-03,-2196.4719735257077,-0.043929439470514156
L1_time+L4_regime,51,2026-04,103.63482603983039,0.002072696520796608
L1_time+L4_regime,51,2026-05,1548.358300407017,0.03096716600814034
L1_time+L4_regime,51,2026-06,1286.4641405773764,0.025729282811547526
L1_time+L4_regime,51,2026-07,204.29322758742956,0.004085864551748591
L1_time+L4_regime,52,2025-08,1036.8427447315325,0.02073685489463065
L1_time+L4_regime,52,2025-09,-360.2303404601016,-0.007204606809202032
L1_time+L4_regime,52,2025-10,1338.0107418203152,0.026760214836406303
L1_time+L4_regime,52,2025-11,-2081.2597098200267,-0.04162519419640053
L1_time+L4_regime,52,2025-12,-424.846334676311,-0.008496926693526221
L1_time+L4_regime,52,2026-01,929.5563093485125,0.01859112618697025
L1_time+L4_regime,52,2026-02,1254.6965646407325,0.02509393129281465
L1_time+L4_regime,52,2026-03,-1900.625597885948,-0.03801251195771896
L1_time+L4_regime,52,2026-04,726.6123120969414,0.014532246241938829
L1_time+L4_regime,52,2026-05,1435.3364740096285,0.02870672948019257
L1_time+L4_regime,52,2026-06,144.66906138521153,0.002893381227704231
L1_time+L4_regime,52,2026-07,427.07007392955165,0.008541401478591034
L1_time+L4_regime,53,2025-08,103.77845342565524,0.0020755690685131047
L1_time+L4_regime,53,2025-09,3762.6661670205476,0.07525332334041095
L1_time+L4_regime,53,2025-10,2369.393491800948,0.04738786983601896
L1_time+L4_regime,53,2025-11,-492.3423732102319,-0.009846847464204639
L1_time+L4_regime,53,2025-12,199.53808212110107,0.003990761642422022
L1_time+L4_regime,53,2026-01,1532.9240862431461,0.03065848172486292
L1_time+L4_regime,53,2026-02,-231.10500746056596,-0.004622100149211319
L1_time+L4_regime,53,2026-03,-1284.4240875953274,-0.025688481751906547
L1_time+L4_regime,53,2026-04,2272.0498890966314,0.04544099778193263
L1_time+L4_regime,53,2026-05,2510.640449994411,0.05021280899988822
L1_time+L4_regime,53,2026-06,-764.4338562747744,-0.015288677125495488
L1_time+L4_regime,53,2026-07,64.90937292541366,0.0012981874585082734
L1_time+L4_regime,54,2025-08,-95.10693138509669,-0.0019021386277019337
L1_time+L4_regime,54,2025-09,203.16380732600646,0.00406327614652013
L1_time+L4_regime,54,2025-10,-85.77488101371,-0.0017154976202742
L1_time+L4_regime,54,2025-11,79.76498246827941,0.0015952996493655883
L1_time+L4_regime,54,2025-12,-235.8051241759449,-0.004716102483518898
L1_time+L4_regime,54,2026-01,712.9223721435565,0.01425844744287113
L1_time+L4_regime,54,2026-02,1202.4191190026477,0.024048382380052954
L1_time+L4_regime,54,2026-03,29.145123620634877,0.0005829024724126976
L1_time+L4_regime,54,2026-04,105.08711029977894,0.002101742205995579
L1_time+L4_regime,54,2026-05,-74.67443843357978,-0.0014934887686715956
L1_time+L4_regime,54,2026-06,342.03396682326365,0.006840679336465273
L1_time+L4_regime,54,2026-07,-23.646374582968747,-0.00047292749165937494
L1_time+L4_regime,55,2025-08,328.3828775411339,0.006567657550822678
L1_time+L4_regime,55,2025-09,-74.40809390159848,-0.0014881618780319696
L1_time+L4_regime,55,2025-10,176.63788539871894,0.003532757707974379
L1_time+L4_regime,55,2025-11,155.94520484291024,0.0031189040968582047
L1_time+L4_regime,55,2025-12,-327.4492038153139,-0.006548984076306278
L1_time+L4_regime,55,2026-01,-473.951687951886,-0.009479033759037721
L1_time+L4_regime,55,2026-02,668.2487713809442,0.013364975427618882
L1_time+L4_regime,55,2026-03,-938.9289906123458,-0.018778579812246916
L1_time+L4_regime,55,2026-04,811.7039197846598,0.016234078395693196
L1_time+L4_regime,55,2026-05,-391.83111919218027,-0.007836622383843606
L1_time+L4_regime,55,2026-06,-351.9127553571998,-0.007038255107143995
L1_time+L4_regime,55,2026-07,61.4077133901601,0.0012281542678032019
L1_time+L4_regime,56,2025-08,-1601.1932350251814,-0.032023864700503626
L1_time+L4_regime,56,2025-09,2196.4234042365115,0.04392846808473023
L1_time+L4_regime,56,2025-10,755.1409099949051,0.015102818199898102
L1_time+L4_regime,56,2025-11,-1436.7410510370873,-0.028734821020741746
L1_time+L4_regime,56,2025-12,-665.9606063353053,-0.013319212126706106
L1_time+L4_regime,56,2026-01,2119.7011570523373,0.04239402314104675
L1_time+L4_regime,56,2026-02,-502.17556691583104,-0.010043511338316621
L1_time+L4_regime,56,2026-03,-2129.1084407776802,-0.04258216881555361
L1_time+L4_regime,56,2026-04,1030.0427510023906,0.020600855020047812
L1_time+L4_regime,56,2026-05,306.62580838261874,0.006132516167652375
L1_time+L4_regime,56,2026-06,-156.75619591409122,-0.0031351239182818244
L1_time+L4_regime,56,2026-07,-380.3307386656611,-0.007606614773313222
L1_time+L4_regime,57,2025-08,871.8790930889254,0.017437581861778507
L1_time+L4_regime,57,2025-09,4758.477681370424,0.09516955362740848
L1_time+L4_regime,57,2025-10,-1103.4012118929095,-0.02206802423785819
L1_time+L4_regime,57,2025-11,-1653.8004005286102,-0.03307600801057221
L1_time+L4_regime,57,2025-12,-972.1783093262911,-0.01944356618652582
L1_time+L4_regime,57,2026-01,-847.2639064677887,-0.016945278129355774
L1_time+L4_regime,57,2026-02,56.24142140773711,0.0011248284281547422
L1_time+L4_regime,57,2026-03,-1093.460607385643,-0.021869212147712862
L1_time+L4_regime,57,2026-04,1049.1414282408787,0.020982828564817573
L1_time+L4_regime,57,2026-05,2729.7402949506595,0.054594805899013193
L1_time+L4_regime,57,2026-06,-753.1432787536014,-0.015062865575072028
L1_time+L4_regime,57,2026-07,251.4116149159172,0.005028232298318344
L1_time+L4_regime,58,2025-08,905.3181861646972,0.018106363723293942
L1_time+L4_regime,58,2025-09,4342.893276033494,0.08685786552066987
L1_time+L4_regime,58,2025-10,-1758.4134042247733,-0.03516826808449547
L1_time+L4_regime,58,2025-11,-549.9618886787139,-0.010999237773574278
L1_time+L4_regime,58,2025-12,-457.6449382854771,-0.009152898765709542
L1_time+L4_regime,58,2026-01,2132.186845494498,0.04264373690988996
L1_time+L4_regime,58,2026-02,697.2433433054757,0.013944866866109514
L1_time+L4_regime,58,2026-03,-1859.1689178632187,-0.037183378357264374
L1_time+L4_regime,58,2026-04,742.6580223546371,0.014853160447092742
L1_time+L4_regime,58,2026-05,2328.5833915990743,0.04657166783198149
L1_time+L4_regime,58,2026-06,-1807.2806696511552,-0.03614561339302311
L1_time+L4_regime,58,2026-07,471.8686406113966,0.009437372812227932
L1_time+L4_regime,59,2025-08,-1165.9808911314149,-0.023319617822628296
L1_time+L4_regime,59,2025-09,-32.09078209089512,-0.0006418156418179023
L1_time+L4_regime,59,2025-10,-606.752586795913,-0.01213505173591826
L1_time+L4_regime,59,2025-11,52.00596161047815,0.0010401192322095631
L1_time+L4_regime,59,2025-12,-1230.4199716756084,-0.024608399433512167
L1_time+L4_regime,59,2026-01,1604.768629000374,0.03209537258000748
L1_time+L4_regime,59,2026-02,832.3820730349071,0.01664764146069814
L1_time+L4_regime,59,2026-03,-1844.7726797895957,-0.03689545359579192
L1_time+L4_regime,59,2026-04,690.987153553323,0.013819743071066459
L1_time+L4_regime,59,2026-05,484.8949880207201,0.009697899760414403
L1_time+L4_regime,59,2026-06,-153.34738139057117,-0.0030669476278114235
L1_time+L4_regime,59,2026-07,424.45343255112493,0.008489068651022499
L1_time+L4_regime,60,2025-08,-257.0057986452812,-0.005140115972905624
L1_time+L4_regime,60,2025-09,2510.2853436941696,0.05020570687388339
L1_time+L4_regime,60,2025-10,737.7557550863003,0.014755115101726005
L1_time+L4_regime,60,2025-11,-1338.8822549840343,-0.026777645099680687
L1_time+L4_regime,60,2025-12,-257.8378308951569,-0.0051567566179031386
L1_time+L4_regime,60,2026-01,1732.2113965725403,0.034644227931450805
L1_time+L4_regime,60,2026-02,877.1540630472737,0.017543081260945472
L1_time+L4_regime,60,2026-03,-625.5691645519946,-0.012511383291039893
L1_time+L4_regime,60,2026-04,-845.7151942979676,-0.016914303885959353
L1_time+L4_regime,60,2026-05,-64.79449784294684,-0.0012958899568589369
L1_time+L4_regime,60,2026-06,407.04982143498137,0.008140996428699627
L1_time+L4_regime,60,2026-07,-1319.538630653923,-0.026390772613078463
L1_time+L4_regime,61,2025-08,-2066.8534397792996,-0.04133706879558599
L1_time+L4_regime,61,2025-09,2876.9701006400956,0.05753940201280191
L1_time+L4_regime,61,2025-10,1827.0780294029782,0.03654156058805957
L1_time+L4_regime,61,2025-11,-1021.778069568888,-0.02043556139137776
L1_time+L4_regime,61,2025-12,-548.3160028689554,-0.010966320057379107
L1_time+L4_regime,61,2026-01,1568.3638909723759,0.031367277819447516
L1_time+L4_regime,61,2026-02,224.1301344755584,0.004482602689511168
L1_time+L4_regime,61,2026-03,-1998.5493139112914,-0.03997098627822583
L1_time+L4_regime,61,2026-04,285.11018889793104,0.005702203777958621
L1_time+L4_regime,61,2026-05,2969.8744965802807,0.05939748993160562
L1_time+L4_regime,61,2026-06,10.39637783697799,0.0002079275567395598
L1_time+L4_regime,61,2026-07,-490.64394813104536,-0.009812878962620907
L1_time+L4_regime,62,2025-08,-1747.7413630416563,-0.03495482726083313
L1_time+L4_regime,62,2025-09,654.3191229372414,0.01308638245874483
L1_time+L4_regime,62,2025-10,2022.9017446700182,0.040458034893400364
L1_time+L4_regime,62,2025-11,-2318.7482903114633,-0.04637496580622927
L1_time+L4_regime,62,2025-12,-434.8670137249801,-0.008697340274499601
L1_time+L4_regime,62,2026-01,334.9800263973666,0.006699600527947332
L1_time+L4_regime,62,2026-02,-954.3224654054202,-0.019086449308108405
L1_time+L4_regime,62,2026-03,407.579922266983,0.008151598445339659
L1_time+L4_regime,62,2026-04,199.41080698642736,0.0039882161397285475
L1_time+L4_regime,62,2026-05,248.62338127884323,0.004972467625576864
L1_time+L4_regime,62,2026-06,-209.10151431441318,-0.004182030286288264
L1_time+L4_regime,62,2026-07,-204.66694951735326,-0.004093338990347065
L1_time+L4_regime,63,2025-08,176.27139101338344,0.0035254278202676687
L1_time+L4_regime,63,2025-09,948.4781056223565,0.01896956211244713
L1_time+L4_regime,63,2025-10,1166.7373873409579,0.023334747746819158
L1_time+L4_regime,63,2025-11,-2736.5457778519867,-0.05473091555703973
L1_time+L4_regime,63,2025-12,-648.8561901662006,-0.012977123803324012
L1_time+L4_regime,63,2026-01,80.10909084667401,0.0016021818169334801
L1_time+L4_regime,63,2026-02,97.35864347043844,0.0019471728694087688
L1_time+L4_regime,63,2026-03,-1205.56149910779,-0.024111229982155803
L1_time+L4_regime,63,2026-04,-407.03811541094046,-0.00814076230821881
L1_time+L4_regime,63,2026-05,-27.73850180804675,-0.0005547700361609349
L1_time+L4_regime,63,2026-06,37.7422314281539,0.000754844628563078
L1_time+L4_regime,63,2026-07,395.11827632487484,0.007902365526497496
L1_time+L4_regime,64,2025-08,-287.35882838567613,-0.005747176567713523
L1_time+L4_regime,64,2025-09,970.4021892448,0.019408043784896
L1_time+L4_regime,64,2025-10,727.7141715885537,0.014554283431771073
L1_time+L4_regime,64,2025-11,-103.87962572027209,-0.002077592514405442
L1_time+L4_regime,64,2025-12,-468.4476852466605,-0.00936895370493321
L1_time+L4_regime,64,2026-01,2094.1350479232024,0.041882700958464046
L1_time+L4_regime,64,2026-02,422.6894798369085,0.00845378959673817
L1_time+L4_regime,64,2026-03,-1349.4297471813416,-0.02698859494362683
L1_time+L4_regime,64,2026-04,-98.39146417408665,-0.001967829283481733
L1_time+L4_regime,64,2026-05,757.7716347490259,0.015155432694980518
L1_time+L4_regime,64,2026-06,-606.9429056429171,-0.012138858112858343
L1_time+L4_regime,64,2026-07,1464.233531407348,0.02928467062814696
L1_time+L4_regime,65,2025-08,524.4579705369451,0.010489159410738903
L1_time+L4_regime,65,2025-09,2822.7133329841326,0.05645426665968265
L1_time+L4_regime,65,2025-10,-1878.461466809662,-0.037569229336193236
L1_time+L4_regime,65,2025-11,284.6544881847585,0.005693089763695171
L1_time+L4_regime,65,2025-12,-180.6677245175306,-0.0036133544903506117
L1_time+L4_regime,65,2026-01,-378.44477994669523,-0.007568895598933905
L1_time+L4_regime,65,2026-02,1188.3679301974435,0.02376735860394887
L1_time+L4_regime,65,2026-03,-1527.3811049971882,-0.030547622099943765
L1_time+L4_regime,65,2026-04,-93.17869780711771,-0.0018635739561423542
L1_time+L4_regime,65,2026-05,892.945544373868,0.017858910887477358
L1_time+L4_regime,65,2026-06,-1416.0432120806436,-0.02832086424161287
L1_time+L4_regime,65,2026-07,747.127518241422,0.014942550364828439
L1_time+L4_regime,66,2025-08,-2509.848420564776,-0.05019696841129552
L1_time+L4_regime,66,2025-09,84.86134819022391,0.001697226963804478
L1_time+L4_regime,66,2025-10,712.6092418143953,0.014252184836287906
L1_time+L4_regime,66,2025-11,-358.5309348315277,-0.007170618696630554
L1_time+L4_regime,66,2025-12,-255.20130110458012,-0.005104026022091602
L1_time+L4_regime,66,2026-01,3452.5017951233067,0.06905003590246614
L1_time+L4_regime,66,2026-02,-54.15796540519659,-0.001083159308103932
L1_time+L4_regime,66,2026-03,-889.9939759760637,-0.017799879519521274
L1_time+L4_regime,66,2026-04,-165.05912284192345,-0.003301182456838469
L1_time+L4_regime,66,2026-05,1077.819846734591,0.02155639693469182
L1_time+L4_regime,66,2026-06,-435.5642428095598,-0.008711284856191196
L1_time+L4_regime,66,2026-07,763.4636083708119,0.01526927216741624
L1_time+L4_regime,67,2025-08,-452.28853954371425,-0.009045770790874284
L1_time+L4_regime,67,2025-09,436.2674407022232,0.008725348814044465
L1_time+L4_regime,67,2025-10,-192.75648391479444,-0.0038551296782958887
L1_time+L4_regime,67,2025-11,105.92214395869087,0.0021184428791738174
L1_time+L4_regime,67,2025-12,-313.80440021110826,-0.006276088004222165
L1_time+L4_regime,67,2026-01,-775.7363913370391,-0.015514727826740782
L1_time+L4_regime,67,2026-02,1060.2357807174449,0.021204715614348897
L1_time+L4_regime,67,2026-03,-400.6986586884959,-0.00801397317376992
L1_time+L4_regime,67,2026-04,930.633946336885,0.018612678926737698
L1_time+L4_regime,67,2026-05,-611.2924537244207,-0.012225849074488414
L1_time+L4_regime,67,2026-06,0.0,0.0
L1_time+L4_regime,67,2026-07,1339.8914649072995,0.02679782929814599
L1_time+L4_regime,68,2025-08,295.8681041824566,0.005917362083649132
L1_time+L4_regime,68,2025-09,2902.275208481554,0.05804550416963108
L1_time+L4_regime,68,2025-10,895.9404423550732,0.017918808847101463
L1_time+L4_regime,68,2025-11,87.88808937453996,0.0017577617874907992
L1_time+L4_regime,68,2025-12,197.05811464337557,0.003941162292867511
L1_time+L4_regime,68,2026-01,1768.4983987751466,0.03536996797550293
L1_time+L4_regime,68,2026-02,157.1676618376223,0.003143353236752446
L1_time+L4_regime,68,2026-03,-1385.1875814671735,-0.02770375162934347
L1_time+L4_regime,68,2026-04,526.3464982209903,0.010526929964419805
L1_time+L4_regime,68,2026-05,726.8913643151827,0.014537827286303654
L1_time+L4_regime,68,2026-06,-89.69600772781087,-0.0017939201545562173
L1_time+L4_regime,68,2026-07,405.6953956895072,0.008113907913790144
L1_time+L4_regime,69,2025-08,-43.94548153568849,-0.0008789096307137697
L1_time+L4_regime,69,2025-09,2262.4414211884614,0.045248828423769226
L1_time+L4_regime,69,2025-10,796.8711960657984,0.015937423921315967
L1_time+L4_regime,69,2025-11,-2184.391657818417,-0.043687833156368344
L1_time+L4_regime,69,2025-12,-701.5381932374376,-0.014030763864748752
L1_time+L4_regime,69,2026-01,152.46536450609983,0.0030493072901219965
L1_time+L4_regime,69,2026-02,330.75087752412037,0.006615017550482407
L1_time+L4_regime,69,2026-03,-1094.7070197936646,-0.021894140395873292
L1_time+L4_regime,69,2026-04,335.3316730841443,0.006706633461682886
L1_time+L4_regime,69,2026-05,886.370825573822,0.01772741651147644
L1_time+L4_regime,69,2026-06,210.6059616367147,0.004212119232734294
L1_time+L4_regime,69,2026-07,544.1017117922356,0.010882034235844712
L1_time+L4_regime,70,2025-08,621.2685971187984,0.012425371942375968
L1_time+L4_regime,70,2025-09,3577.04679491715,0.071540935898343
L1_time+L4_regime,70,2025-10,-1417.7372896465304,-0.028354745792930607
L1_time+L4_regime,70,2025-11,-970.8396928323837,-0.019416793856647675
L1_time+L4_regime,70,2025-12,-125.35018926330577,-0.0025070037852661154
L1_time+L4_regime,70,2026-01,-559.5035157740849,-0.011190070315481698
L1_time+L4_regime,70,2026-02,966.4741118032007,0.019329482236064014
L1_time+L4_regime,70,2026-03,-1832.45565494939,-0.0366491130989878
L1_time+L4_regime,70,2026-04,-620.820285213334,-0.012416405704266682
L1_time+L4_regime,70,2026-05,967.3718173097259,0.019347436346194517
L1_time+L4_regime,70,2026-06,-1475.4599279140007,-0.029509198558280013
L1_time+L4_regime,70,2026-07,-540.1392074005298,-0.010802784148010596
L1_time+L4_regime,71,2025-08,-199.13211953946575,-0.003982642390789315
L1_time+L4_regime,71,2025-09,-7.229057455415386,-0.00014458114910830772
L1_time+L4_regime,71,2025-10,44.45368323347884,0.0008890736646695769
L1_time+L4_regime,71,2025-11,-929.692710652289,-0.01859385421304578
L1_time+L4_regime,71,2025-12,-274.5740141466231,-0.005491480282932461
L1_time+L4_regime,71,2026-01,65.25894766214606,0.0013051789532429212
L1_time+L4_regime,71,2026-02,761.2349829199356,0.015224699658398714
L1_time+L4_regime,71,2026-03,-1866.9157878776796,-0.03733831575755359
L1_time+L4_regime,71,2026-04,1543.1045856242572,0.030862091712485145
L1_time+L4_regime,71,2026-05,1502.7637249377385,0.03005527449875477
L1_time+L4_regime,71,2026-06,1777.1177637047685,0.03554235527409537
L1_time+L4_regime,71,2026-07,-66.04841069714439,-0.0013209682139428878
L1_time+L4_regime,72,2025-08,453.58819683261754,0.009071763936652351
L1_time+L4_regime,72,2025-09,3983.4841441077824,0.07966968288215565
L1_time+L4_regime,72,2025-10,-402.8485396288579,-0.008056970792577159
L1_time+L4_regime,72,2025-11,682.3958908028089,0.013647917816056178
L1_time+L4_regime,72,2025-12,517.8413269008388,0.010356826538016776
L1_time+L4_regime,72,2026-01,863.2713687341193,0.017265427374682386
L1_time+L4_regime,72,2026-02,444.93781994179153,0.008898756398835831
L1_time+L4_regime,72,2026-03,-1049.7454902223308,-0.020994909804446616
L1_time+L4_regime,72,2026-04,-263.3115953927577,-0.005266231907855154
L1_time+L4_regime,72,2026-05,1150.6007592961623,0.023012015185923246
L1_time+L4_regime,72,2026-06,-2159.0231008787196,-0.04318046201757439
L1_time+L4_regime,72,2026-07,682.1581061891952,0.013643162123783904
L1_time+L4_regime,73,2025-08,282.00976391016593,0.005640195278203319
L1_time+L4_regime,73,2025-09,1822.3688850717772,0.036447377701435545
L1_time+L4_regime,73,2025-10,803.45813764392,0.0160691627528784
L1_time+L4_regime,73,2025-11,-1709.8481751576255,-0.03419696350315251
L1_time+L4_regime,73,2025-12,-457.6727115088506,-0.009153454230177013
L1_time+L4_regime,73,2026-01,2101.891238194232,0.04203782476388464
L1_time+L4_regime,73,2026-02,1816.5554704253182,0.03633110940850636
L1_time+L4_regime,73,2026-03,-1716.4411024118417,-0.03432882204823683
L1_time+L4_regime,73,2026-04,1158.6178438768584,0.023172356877537166
L1_time+L4_regime,73,2026-05,-613.10612537822,-0.0122621225075644
L1_time+L4_regime,73,2026-06,-298.0463383178667,-0.005960926766357334
L1_time+L4_regime,73,2026-07,-132.26588570648073,-0.0026453177141296147
L1_time+L4_regime,74,2025-08,654.0070578878394,0.013080141157756789
L1_time+L4_regime,74,2025-09,1995.7990767566862,0.039915981535133725
L1_time+L4_regime,74,2025-10,1512.5068884212315,0.03025013776842463
L1_time+L4_regime,74,2025-11,-551.0229094045853,-0.011020458188091707
L1_time+L4_regime,74,2025-12,-670.6384864767688,-0.013412769729535376
L1_time+L4_regime,74,2026-01,1248.5819213724844,0.024971638427449688
L1_time+L4_regime,74,2026-02,-1118.2671433500436,-0.022365342867000874
L1_time+L4_regime,74,2026-03,-483.7466420204664,-0.009674932840409328
L1_time+L4_regime,74,2026-04,242.52824697796495,0.004850564939559299
L1_time+L4_regime,74,2026-05,17.451643101027003,0.00034903286202054006
L1_time+L4_regime,74,2026-06,26.628528355669005,0.0005325705671133801
L1_time+L4_regime,74,2026-07,505.96111045511134,0.010119222209102227
L1_time+L4_regime,75,2025-08,418.9934941263182,0.008379869882526364
L1_time+L4_regime,75,2025-09,545.0335772114177,0.010900671544228352
L1_time+L4_regime,75,2025-10,144.10844063329841,0.0028821688126659684
L1_time+L4_regime,75,2025-11,-938.3526788173249,-0.018767053576346497
L1_time+L4_regime,75,2025-12,-25.730542368144597,-0.000514610847362892
L1_time+L4_regime,75,2026-01,1272.7147512214615,0.02545429502442923
L1_time+L4_regime,75,2026-02,1802.0514503264585,0.03604102900652917
L1_time+L4_regime,75,2026-03,-1805.5551324509834,-0.03611110264901967
L1_time+L4_regime,75,2026-04,-490.3850531544763,-0.009807701063089525
L1_time+L4_regime,75,2026-05,188.42194199494224,0.0037684388398988447
L1_time+L4_regime,75,2026-06,276.385447438814,0.005527708948776281
L1_time+L4_regime,75,2026-07,-689.2450559424669,-0.013784901118849339
L1_time+L4_regime,76,2025-08,17.51227481618207,0.0003502454963236414
L1_time+L4_regime,76,2025-09,1776.0890534372984,0.03552178106874597
L1_time+L4_regime,76,2025-10,1307.845211742022,0.02615690423484044
L1_time+L4_regime,76,2025-11,-2050.1661019004587,-0.041003322038009174
L1_time+L4_regime,76,2025-12,-774.9780785045414,-0.015499561570090827
L1_time+L4_regime,76,2026-01,1918.8908217077578,0.03837781643415516
L1_time+L4_regime,76,2026-02,2232.828721526381,0.04465657443052762
L1_time+L4_regime,76,2026-03,-2414.009181826953,-0.04828018363653906
L1_time+L4_regime,76,2026-04,472.7092128084164,0.009454184256168329
L1_time+L4_regime,76,2026-05,-0.0023432373327523237,-4.686474665504647e-08
L1_time+L4_regime,76,2026-06,-224.43488593764778,-0.004488697718752955
L1_time+L4_regime,76,2026-07,883.2405463508717,0.017664810927017435
L1_time+L4_regime,77,2025-08,290.6086037730138,0.005812172075460276
L1_time+L4_regime,77,2025-09,1599.1071870964051,0.0319821437419281
L1_time+L4_regime,77,2025-10,1805.7098080060368,0.03611419616012074
L1_time+L4_regime,77,2025-11,514.3323777606893,0.010286647555213786
L1_time+L4_regime,77,2025-12,295.49872510895784,0.005909974502179157
L1_time+L4_regime,77,2026-01,1831.7271338394066,0.03663454267678813
L1_time+L4_regime,77,2026-02,-408.5747311476407,-0.008171494622952814
L1_time+L4_regime,77,2026-03,-949.7297069196138,-0.018994594138392277
L1_time+L4_regime,77,2026-04,376.9571971195419,0.007539143942390838
L1_time+L4_regime,77,2026-05,1487.1094293801907,0.029742188587603816
L1_time+L4_regime,77,2026-06,-40.08282143055476,-0.0008016564286110952
L1_time+L4_regime,77,2026-07,-141.81179096561573,-0.0028362358193123145
L1_time+L4_regime,78,2025-08,-1258.253220120624,-0.025165064402412483
L1_time+L4_regime,78,2025-09,120.30619935702998,0.0024061239871405998
L1_time+L4_regime,78,2025-10,744.2787355212831,0.014885574710425663
L1_time+L4_regime,78,2025-11,538.3177327181384,0.010766354654362768
L1_time+L4_regime,78,2025-12,357.3512252164992,0.007147024504329984
L1_time+L4_regime,78,2026-01,749.5681138246409,0.01499136227649282
L1_time+L4_regime,78,2026-02,2261.6888639264525,0.04523377727852905
L1_time+L4_regime,78,2026-03,-1690.3653986672607,-0.03380730797334521
L1_time+L4_regime,78,2026-04,1979.9864935624619,0.03959972987124924
L1_time+L4_regime,78,2026-05,1062.9963605950416,0.02125992721190083
L1_time+L4_regime,78,2026-06,1079.5175005795354,0.02159035001159071
L1_time+L4_regime,78,2026-07,-610.0159357968023,-0.012200318715936046
L1_time+L4_regime,79,2025-08,-352.01875981210924,-0.007040375196242185
L1_time+L4_regime,79,2025-09,2127.3633366655367,0.04254726673331073
L1_time+L4_regime,79,2025-10,2619.6420831847054,0.05239284166369411
L1_time+L4_regime,79,2025-11,-1145.66530209362,-0.022913306041872403
L1_time+L4_regime,79,2025-12,-262.38123148649174,-0.0052476246297298345
L1_time+L4_regime,79,2026-01,995.5693238375698,0.019911386476751395
L1_time+L4_regime,79,2026-02,-927.5154477225346,-0.018550308954450694
L1_time+L4_regime,79,2026-03,-712.2499009264193,-0.014244998018528385
L1_time+L4_regime,79,2026-04,3304.9247408801207,0.06609849481760241
L1_time+L4_regime,79,2026-05,2083.1498003034785,0.04166299600606957
L1_time+L4_regime,79,2026-06,-58.73325718848446,-0.0011746651437696892
L1_time+L4_regime,79,2026-07,474.30721651977,0.0094861443303954
L1_time+L4_regime,80,2025-08,-716.5092316834434,-0.014330184633668868
L1_time+L4_regime,80,2025-09,248.91791814506905,0.004978358362901381
L1_time+L4_regime,80,2025-10,-136.15968176061597,-0.0027231936352123194
L1_time+L4_regime,80,2025-11,108.07747919081612,0.0021615495838163226
L1_time+L4_regime,80,2025-12,-175.79066680194137,-0.0035158133360388274
L1_time+L4_regime,80,2026-01,1351.8866894315552,0.027037733788631103
L1_time+L4_regime,80,2026-02,1402.291078337841,0.02804582156675682
L1_time+L4_regime,80,2026-03,-1825.7410627598401,-0.036514821255196804
L1_time+L4_regime,80,2026-04,843.298750851438,0.01686597501702876
L1_time+L4_regime,80,2026-05,119.68747959845405,0.002393749591969081
L1_time+L4_regime,80,2026-06,441.6244787710284,0.008832489575420568
L1_time+L4_regime,80,2026-07,1222.737341601045,0.0244547468320209
L1_time+L4_regime,81,2025-08,244.76533869728428,0.004895306773945686
L1_time+L4_regime,81,2025-09,54.79865198956395,0.001095973039791279
L1_time+L4_regime,81,2025-10,-147.6884369747986,-0.002953768739495972
L1_time+L4_regime,81,2025-11,-1249.840321016878,-0.024996806420337563
L1_time+L4_regime,81,2025-12,22.988508726535656,0.0004597701745307131
L1_time+L4_regime,81,2026-01,40.15485382709903,0.0008030970765419807
L1_time+L4_regime,81,2026-02,789.8451367504213,0.015796902735008424
L1_time+L4_regime,81,2026-03,-1307.1677315351426,-0.02614335463070285
L1_time+L4_regime,81,2026-04,1184.8579706066803,0.023697159412133607
L1_time+L4_regime,81,2026-05,195.00981215677984,0.003900196243135597
L1_time+L4_regime,81,2026-06,112.94332865859178,0.0022588665731718355
L1_time+L4_regime,81,2026-07,390.9148331543056,0.007818296663086113
L1_time+L4_regime,82,2025-08,1002.9913917932927,0.020059827835865855
L1_time+L4_regime,82,2025-09,4156.957074555305,0.08313914149110609
L1_time+L4_regime,82,2025-10,-1190.7232412344492,-0.023814464824688984
L1_time+L4_regime,82,2025-11,-0.7012251602691322,-1.4024503205382643e-05
L1_time+L4_regime,82,2025-12,-1125.7919729066507,-0.022515839458133013
L1_time+L4_regime,82,2026-01,816.4901563826679,0.016329803127653357
L1_time+L4_regime,82,2026-02,670.8971551297536,0.013417943102595073
L1_time+L4_regime,82,2026-03,-1666.1376923686366,-0.03332275384737273
L1_time+L4_regime,82,2026-04,1584.0321185619787,0.031680642371239576
L1_time+L4_regime,82,2026-05,1265.0761509763397,0.025301523019526793
L1_time+L4_regime,82,2026-06,-2112.691683891141,-0.04225383367782282
L1_time+L4_regime,82,2026-07,62.4780508490594,0.001249561016981188
L1_time+L4_regime,83,2025-08,607.1752397162591,0.012143504794325181
L1_time+L4_regime,83,2025-09,500.6166877900805,0.01001233375580161
L1_time+L4_regime,83,2025-10,926.3072511620858,0.018526145023241715
L1_time+L4_regime,83,2025-11,-1261.8624182236435,-0.025237248364472872
L1_time+L4_regime,83,2025-12,-705.9442336831971,-0.014118884673663942
L1_time+L4_regime,83,2026-01,1058.8114431198019,0.02117622886239604
L1_time+L4_regime,83,2026-02,-164.74406246046692,-0.0032948812492093384
L1_time+L4_regime,83,2026-03,1030.1730463812546,0.020603460927625092
L1_time+L4_regime,83,2026-04,1924.4097371325588,0.03848819474265117
L1_time+L4_regime,83,2026-05,804.5697646322924,0.016091395292645846
L1_time+L4_regime,83,2026-06,1225.2642520965783,0.024505285041931564
L1_time+L4_regime,83,2026-07,-59.83985549815134,-0.0011967971099630268
L1_time+L4_regime,84,2025-08,344.0064191521078,0.006880128383042156
L1_time+L4_regime,84,2025-09,258.11138420203224,0.005162227684040645
L1_time+L4_regime,84,2025-10,49.278519686457,0.00098557039372914
L1_time+L4_regime,84,2025-11,-448.7515481136452,-0.008975030962272904
L1_time+L4_regime,84,2025-12,-104.02017176057052,-0.0020804034352114105
L1_time+L4_regime,84,2026-01,123.03402903803817,0.0024606805807607635
L1_time+L4_regime,84,2026-02,77.63254011679419,0.0015526508023358837
L1_time+L4_regime,84,2026-03,-1073.0992494226293,-0.021461984988452587
L1_time+L4_regime,84,2026-04,101.97615164846957,0.0020395230329693912
L1_time+L4_regime,84,2026-05,-1168.6907901118711,-0.02337381580223742
L1_time+L4_regime,84,2026-06,-963.6304988352995,-0.01927260997670599
L1_time+L4_regime,84,2026-07,642.0115149535377,0.012840230299070754
L1_time+L4_regime,85,2025-08,-636.0473582814811,-0.012720947165629623
L1_time+L4_regime,85,2025-09,3.726432043661589,7.452864087323178e-05
L1_time+L4_regime,85,2025-10,1347.6558415162708,0.026953116830325415
L1_time+L4_regime,85,2025-11,-1014.353430645674,-0.020287068612913482
L1_time+L4_regime,85,2025-12,-81.16557019020365,-0.001623311403804073
L1_time+L4_regime,85,2026-01,2091.092940899198,0.041821858817983955
L1_time+L4_regime,85,2026-02,1455.8146864902574,0.02911629372980515
L1_time+L4_regime,85,2026-03,-1571.5688012556284,-0.03143137602511257
L1_time+L4_regime,85,2026-04,1506.3317972279046,0.030126635944558094
L1_time+L4_regime,85,2026-05,388.9961495674961,0.007779922991349922
L1_time+L4_regime,85,2026-06,-15.176275749035995,-0.00030352551498071987
L1_time+L4_regime,85,2026-07,692.4983426822464,0.013849966853644927
L1_time+L4_regime,86,2025-08,-2042.6863627270036,-0.04085372725454007
L1_time+L4_regime,86,2025-09,1640.7778909130311,0.03281555781826062
L1_time+L4_regime,86,2025-10,495.5352688585781,0.009910705377171562
L1_time+L4_regime,86,2025-11,-1198.4578145891373,-0.023969156291782746
L1_time+L4_regime,86,2025-12,0.32695434445031424,6.539086889006285e-06
L1_time+L4_regime,86,2026-01,1334.4011014642529,0.026688022029285056
L1_time+L4_regime,86,2026-02,1216.2290924251392,0.024324581848502783
L1_time+L4_regime,86,2026-03,-1362.6842476472711,-0.027253684952945424
L1_time+L4_regime,86,2026-04,531.2804222500035,0.010625608445000071
L1_time+L4_regime,86,2026-05,728.7830450531501,0.014575660901063001
L1_time+L4_regime,86,2026-06,-31.775835252750767,-0.0006355167050550154
L1_time+L4_regime,86,2026-07,308.1313341938485,0.00616262668387697
L1_time+L4_regime,87,2025-08,70.34369814812635,0.001406873962962527
L1_time+L4_regime,87,2025-09,-30.078464575746693,-0.0006015692915149339
L1_time+L4_regime,87,2025-10,202.0902498261139,0.004041804996522278
L1_time+L4_regime,87,2025-11,-837.6081558813557,-0.016752163117627113
L1_time+L4_regime,87,2025-12,-21.422202916007336,-0.0004284440583201467
L1_time+L4_regime,87,2026-01,2040.6110911017695,0.04081222182203539
L1_time+L4_regime,87,2026-02,1172.753712280558,0.02345507424561116
L1_time+L4_regime,87,2026-03,-2381.3102159290866,-0.04762620431858173
L1_time+L4_regime,87,2026-04,1024.0594065787163,0.020481188131574325
L1_time+L4_regime,87,2026-05,327.662114424279,0.006553242288485581
L1_time+L4_regime,87,2026-06,-106.44000558368953,-0.0021288001116737906
L1_time+L4_regime,87,2026-07,1066.2832695856468,0.021325665391712937
L1_time+L4_regime,88,2025-08,-246.67914545330223,-0.004933582909066044
L1_time+L4_regime,88,2025-09,2175.610973761949,0.04351221947523898
L1_time+L4_regime,88,2025-10,1823.7787154068692,0.03647557430813739
L1_time+L4_regime,88,2025-11,-569.2287692144337,-0.011384575384288673
L1_time+L4_regime,88,2025-12,-168.54596960571325,-0.003370919392114265
L1_time+L4_regime,88,2026-01,1087.3921705306348,0.021747843410612696
L1_time+L4_regime,88,2026-02,321.243214453325,0.0064248642890665
L1_time+L4_regime,88,2026-03,-2770.1318114514015,-0.05540263622902803
L1_time+L4_regime,88,2026-04,837.4887523649686,0.01674977504729937
L1_time+L4_regime,88,2026-05,1687.6076955986819,0.033752153911973636
L1_time+L4_regime,88,2026-06,182.22429417004878,0.0036444858834009755
L1_time+L4_regime,88,2026-07,-382.0703429018804,-0.007641406858037608
L1_time+L4_regime,89,2025-08,-1367.3847528262372,-0.027347695056524745
L1_time+L4_regime,89,2025-09,-733.823878281356,-0.01467647756562712
L1_time+L4_regime,89,2025-10,435.3525252836662,0.008707050505673324
L1_time+L4_regime,89,2025-11,-1506.3775062603872,-0.030127550125207746
L1_time+L4_regime,89,2025-12,-322.7112323336669,-0.006454224646673338
L1_time+L4_regime,89,2026-01,2.2301759191459496,4.4603518382918994e-05
L1_time+L4_regime,89,2026-02,157.78132062022723,0.003155626412404545
L1_time+L4_regime,89,2026-03,-1062.8448703552713,-0.021256897407105426
L1_time+L4_regime,89,2026-04,229.53924879889473,0.0045907849759778945
L1_time+L4_regime,89,2026-05,-299.8117633949296,-0.005996235267898592
L1_time+L4_regime,89,2026-06,50.80222905420487,0.0010160445810840975
L1_time+L4_regime,89,2026-07,-200.4932457882751,-0.004009864915765502
L1_time+L4_regime,90,2025-08,-0.9934128435215825,-1.986825687043165e-05
L1_time+L4_regime,90,2025-09,2542.7106827015823,0.050854213654031644
L1_time+L4_regime,90,2025-10,1931.3759086523296,0.03862751817304659
L1_time+L4_regime,90,2025-11,-906.7752207173307,-0.018135504414346616
L1_time+L4_regime,90,2025-12,-40.62509998868336,-0.0008125019997736672
L1_time+L4_regime,90,2026-01,1253.835349384638,0.025076706987692758
L1_time+L4_regime,90,2026-02,1127.4544446267664,0.02254908889253533
L1_time+L4_regime,90,2026-03,-2362.5842423891263,-0.04725168484778253
L1_time+L4_regime,90,2026-04,424.1811313695489,0.008483622627390977
L1_time+L4_regime,90,2026-05,1937.5093914311665,0.03875018782862333
L1_time+L4_regime,90,2026-06,-137.9937467679656,-0.002759874935359312
L1_time+L4_regime,90,2026-07,576.8269689000181,0.011536539378000362
L1_time+L4_regime,91,2025-08,201.06958763194052,0.004021391752638811
L1_time+L4_regime,91,2025-09,1889.6974551489202,0.037793949102978404
L1_time+L4_regime,91,2025-10,1672.1158289030445,0.03344231657806089
L1_time+L4_regime,91,2025-11,-135.40743203405873,-0.0027081486406811744
L1_time+L4_regime,91,2025-12,-171.5985129011051,-0.003431970258022102
L1_time+L4_regime,91,2026-01,1785.3227161908944,0.03570645432381789
L1_time+L4_regime,91,2026-02,880.8801373537817,0.017617602747075634
L1_time+L4_regime,91,2026-03,-2992.647809272694,-0.05985295618545388
L1_time+L4_regime,91,2026-04,376.22802352696453,0.00752456047053929
L1_time+L4_regime,91,2026-05,1191.8878860573268,0.023837757721146536
L1_time+L4_regime,91,2026-06,-496.87066177477936,-0.009937413235495587
L1_time+L4_regime,91,2026-07,656.1421408011829,0.013122842816023658
L1_time+L4_regime,92,2025-08,82.96186892810238,0.0016592373785620476
L1_time+L4_regime,92,2025-09,1837.7401761236088,0.03675480352247217
L1_time+L4_regime,92,2025-10,1139.0946942126475,0.02278189388425295
L1_time+L4_regime,92,2025-11,-1962.0944473381624,-0.03924188894676325
L1_time+L4_regime,92,2025-12,-391.9000145829232,-0.007838000291658464
L1_time+L4_regime,92,2026-01,-89.73659573547684,-0.0017947319147095368
L1_time+L4_regime,92,2026-02,64.07289042101047,0.0012814578084202094
L1_time+L4_regime,92,2026-03,-817.7097111625062,-0.016354194223250126
L1_time+L4_regime,92,2026-04,1611.1584225829738,0.03222316845165948
L1_time+L4_regime,92,2026-05,842.7937572559449,0.0168558751451189
L1_time+L4_regime,92,2026-06,-40.070997574771354,-0.0008014199514954271
L1_time+L4_regime,92,2026-07,-298.996366410855,-0.0059799273282171
L1_time+L4_regime,93,2025-08,1086.2011145360148,0.021724022290720294
L1_time+L4_regime,93,2025-09,-318.3253730016577,-0.0063665074600331535
L1_time+L4_regime,93,2025-10,1339.6785501147597,0.026793571002295194
L1_time+L4_regime,93,2025-11,-599.7060764581674,-0.011994121529163349
L1_time+L4_regime,93,2025-12,293.5768755121362,0.005871537510242724
L1_time+L4_regime,93,2026-01,-1294.9209660498573,-0.025898419320997144
L1_time+L4_regime,93,2026-02,-150.08085440593095,-0.003001617088118619
L1_time+L4_regime,93,2026-03,-153.1611988504401,-0.003063223977008802
L1_time+L4_regime,93,2026-04,811.020415858874,0.01622040831717748
L1_time+L4_regime,93,2026-05,521.2813289416517,0.010425626578833034
L1_time+L4_regime,93,2026-06,100.01462750455721,0.0020002925500911444
L1_time+L4_regime,93,2026-07,525.8059497344902,0.010516118994689804
L1_time+L4_regime,94,2025-08,-2262.459639183459,-0.04524919278366918
L1_time+L4_regime,94,2025-09,-539.8237811100407,-0.010796475622200815
L1_time+L4_regime,94,2025-10,1040.4457420811495,0.02080891484162299
L1_time+L4_regime,94,2025-11,-1394.9515158834602,-0.0278990303176692
L1_time+L4_regime,94,2025-12,-201.65959500963436,-0.004033191900192687
L1_time+L4_regime,94,2026-01,-38.20689330391451,-0.0007641378660782903
L1_time+L4_regime,94,2026-02,-954.8557534090392,-0.019097115068180782
L1_time+L4_regime,94,2026-03,143.54334531254972,0.0028708669062509945
L1_time+L4_regime,94,2026-04,2833.5069116443797,0.05667013823288759
L1_time+L4_regime,94,2026-05,-224.2784069853542,-0.004485568139707084
L1_time+L4_regime,94,2026-06,-340.80452966921166,-0.006816090593384234
L1_time+L4_regime,94,2026-07,-336.20722184288934,-0.0067241444368577865
L1_time+L4_regime,95,2025-08,-195.5164748879124,-0.003910329497758248
L1_time+L4_regime,95,2025-09,-716.7294111237215,-0.014334588222474432
L1_time+L4_regime,95,2025-10,149.49667072704688,0.0029899334145409373
L1_time+L4_regime,95,2025-11,-330.5831583285644,-0.006611663166571288
L1_time+L4_regime,95,2025-12,115.68427400535893,0.0023136854801071786
L1_time+L4_regime,95,2026-01,-178.76626103242324,-0.003575325220648465
L1_time+L4_regime,95,2026-02,-253.75067171098726,-0.005075013434219745
L1_time+L4_regime,95,2026-03,-657.7419100551188,-0.013154838201102375
L1_time+L4_regime,95,2026-04,99.21386158223504,0.001984277231644701
L1_time+L4_regime,95,2026-05,-576.2253482403175,-0.011524506964806351
L1_time+L4_regime,95,2026-06,448.03395202800493,0.008960679040560098
L1_time+L4_regime,95,2026-07,-102.20005264864903,-0.0020440010529729808
L1_time+L4_regime,96,2025-08,-531.6720572804406,-0.010633441145608814
L1_time+L4_regime,96,2025-09,-311.8852596762281,-0.0062377051935245615
L1_time+L4_regime,96,2025-10,133.65785659480753,0.0026731571318961505
L1_time+L4_regime,96,2025-11,-711.7501335262677,-0.014235002670525354
L1_time+L4_regime,96,2025-12,-441.3071314111521,-0.008826142628223042
L1_time+L4_regime,96,2026-01,498.7138272430075,0.009974276544860149
L1_time+L4_regime,96,2026-02,-135.2906606212823,-0.002705813212425646
L1_time+L4_regime,96,2026-03,-1282.9972767767695,-0.02565994553553539
L1_time+L4_regime,96,2026-04,2410.1015519346543,0.04820203103869308
L1_time+L4_regime,96,2026-05,155.04468198099585,0.003100893639619917
L1_time+L4_regime,96,2026-06,-640.5979263488634,-0.01281195852697727
L1_time+L4_regime,96,2026-07,233.497883013938,0.00466995766027876
L1_time+L4_regime,97,2025-08,-250.73629425613854,-0.0050147258851227705
L1_time+L4_regime,97,2025-09,865.3680727382734,0.01730736145476547
L1_time+L4_regime,97,2025-10,191.87720885244835,0.003837544177048967
L1_time+L4_regime,97,2025-11,1569.545293404176,0.03139090586808352
L1_time+L4_regime,97,2025-12,-261.61902361485863,-0.005232380472297173
L1_time+L4_regime,97,2026-01,502.44271481655596,0.010048854296331119
L1_time+L4_regime,97,2026-02,1178.516151375441,0.023570323027508822
L1_time+L4_regime,97,2026-03,-1864.7327743414116,-0.03729465548682823
L1_time+L4_regime,97,2026-04,1159.9533460135453,0.023199066920270905
L1_time+L4_regime,97,2026-05,868.7874594103496,0.01737574918820699
L1_time+L4_regime,97,2026-06,274.4282282429376,0.005488564564858752
L1_time+L4_regime,97,2026-07,256.6160615793451,0.005132321231586902
L1_time+L4_regime,98,2025-08,168.36748968639677,0.0033673497937279353
L1_time+L4_regime,98,2025-09,1586.5221070267253,0.031730442140534505
L1_time+L4_regime,98,2025-10,497.8836450803874,0.009957672901607748
L1_time+L4_regime,98,2025-11,-1032.259296084142,-0.02064518592168284
L1_time+L4_regime,98,2025-12,-264.8578174096083,-0.005297156348192166
L1_time+L4_regime,98,2026-01,2511.7032153367527,0.050234064306735056
L1_time+L4_regime,98,2026-02,-415.3944113646812,-0.008307888227293624
L1_time+L4_regime,98,2026-03,-884.116304211705,-0.0176823260842341
L1_time+L4_regime,98,2026-04,-50.255320878658495,-0.0010051064175731698
L1_time+L4_regime,98,2026-05,1359.5146990743306,0.02719029398148661
L1_time+L4_regime,98,2026-06,-792.5747201168415,-0.01585149440233683
L1_time+L4_regime,98,2026-07,1065.5640679720946,0.02131128135944189
L1_time+L4_regime,99,2025-08,18.408293828457317,0.00036816587656914637
L1_time+L4_regime,99,2025-09,2284.329912058196,0.04568659824116392
L1_time+L4_regime,99,2025-10,1197.9625748982135,0.023959251497964268
L1_time+L4_regime,99,2025-11,-2566.2660950186,-0.051325321900372
L1_time+L4_regime,99,2025-12,-1588.0565385274267,-0.03176113077054853
L1_time+L4_regime,99,2026-01,-29.163570197349145,-0.0005832714039469829
L1_time+L4_regime,99,2026-02,-14.136283522238955,-0.0002827256704447791
L1_time+L4_regime,99,2026-03,215.76361357664427,0.004315272271532886
L1_time+L4_regime,99,2026-04,2737.9883325290157,0.05475976665058031
L1_time+L4_regime,99,2026-05,291.62574176153885,0.005832514835230777
L1_time+L4_regime,99,2026-06,909.4776861923474,0.01818955372384695
L1_time+L4_regime,99,2026-07,7.6355267360195285,0.00015271053472039057
L1_time+L5_pyramid,0,2025-08,-38.85427415952927,-0.0007770854831905854
L1_time+L5_pyramid,0,2025-09,4294.938072001601,0.08589876144003201
L1_time+L5_pyramid,0,2025-10,67.25737091972132,0.0013451474183944264
L1_time+L5_pyramid,0,2025-11,-809.2330671977652,-0.016184661343955305
L1_time+L5_pyramid,0,2025-12,-454.70041024930197,-0.00909400820498604
L1_time+L5_pyramid,0,2026-01,465.2945338535592,0.009305890677071185
L1_time+L5_pyramid,0,2026-02,-190.71548490193618,-0.0038143096980387237
L1_time+L5_pyramid,0,2026-03,-1627.645757730228,-0.03255291515460456
L1_time+L5_pyramid,0,2026-04,36.61848391928288,0.0007323696783856576
L1_time+L5_pyramid,0,2026-05,3536.039467465567,0.07072078934931135
L1_time+L5_pyramid,0,2026-06,-1376.8730227250117,-0.027537460454500232
L1_time+L5_pyramid,0,2026-07,-202.76476066848772,-0.004055295213369755
L1_time+L5_pyramid,1,2025-08,-770.0040306337396,-0.015400080612674793
L1_time+L5_pyramid,1,2025-09,378.50887805230195,0.0075701775610460395
L1_time+L5_pyramid,1,2025-10,-150.2761306534212,-0.003005522613068424
L1_time+L5_pyramid,1,2025-11,68.69792208418858,0.0013739584416837716
L1_time+L5_pyramid,1,2025-12,-140.7261968982766,-0.0028145239379655323
L1_time+L5_pyramid,1,2026-01,-177.9666759276788,-0.003559333518553576
L1_time+L5_pyramid,1,2026-02,20.702514030385828,0.00041405028060771654
L1_time+L5_pyramid,1,2026-03,-258.25700016559495,-0.005165140003311899
L1_time+L5_pyramid,1,2026-04,-71.79323487975034,-0.001435864697595007
L1_time+L5_pyramid,1,2026-05,-99.25628548096574,-0.001985125709619315
L1_time+L5_pyramid,1,2026-06,61.37117899924124,0.0012274235799848248
L1_time+L5_pyramid,1,2026-07,102.85062251889212,0.0020570124503778426
L1_time+L5_pyramid,2,2025-08,614.5150750657258,0.012290301501314516
L1_time+L5_pyramid,2,2025-09,4359.9000017147155,0.08719800003429432
L1_time+L5_pyramid,2,2025-10,1494.7330309262925,0.02989466061852585
L1_time+L5_pyramid,2,2025-11,-975.8687768085238,-0.019517375536170476
L1_time+L5_pyramid,2,2025-12,-246.30777238858445,-0.004926155447771689
L1_time+L5_pyramid,2,2026-01,802.371984692084,0.01604743969384168
L1_time+L5_pyramid,2,2026-02,1737.013691951919,0.03474027383903838
L1_time+L5_pyramid,2,2026-03,-504.45064328057197,-0.01008901286561144
L1_time+L5_pyramid,2,2026-04,26.50105996027378,0.0005300211992054756
L1_time+L5_pyramid,2,2026-05,2221.5399200632983,0.044430798401265965
L1_time+L5_pyramid,2,2026-06,-904.907189002276,-0.018098143780045522
L1_time+L5_pyramid,2,2026-07,-380.5911853033449,-0.007611823706066898
L1_time+L5_pyramid,3,2025-08,939.8372994335741,0.01879674598867148
L1_time+L5_pyramid,3,2025-09,1241.249547570139,0.024824990951402778
L1_time+L5_pyramid,3,2025-10,1400.783875703667,0.028015677514073342
L1_time+L5_pyramid,3,2025-11,-1921.5429270622635,-0.03843085854124527
L1_time+L5_pyramid,3,2025-12,-234.3711771934013,-0.004687423543868027
L1_time+L5_pyramid,3,2026-01,1133.759595648722,0.022675191912974443
L1_time+L5_pyramid,3,2026-02,250.99592168782146,0.005019918433756429
L1_time+L5_pyramid,3,2026-03,-719.0638669393711,-0.014381277338787421
L1_time+L5_pyramid,3,2026-04,-9.576904092670702,-0.00019153808185341404
L1_time+L5_pyramid,3,2026-05,46.2905517405643,0.0009258110348112859
L1_time+L5_pyramid,3,2026-06,-38.51425535722592,-0.0007702851071445184
L1_time+L5_pyramid,3,2026-07,-262.14909067650933,-0.005242981813530187
L1_time+L5_pyramid,4,2025-08,1547.887793181445,0.0309577558636289
L1_time+L5_pyramid,4,2025-09,1236.6832705618854,0.02473366541123771
L1_time+L5_pyramid,4,2025-10,79.21893423801703,0.0015843786847603404
L1_time+L5_pyramid,4,2025-11,-2654.32336764597,-0.0530864673529194
L1_time+L5_pyramid,4,2025-12,-372.9342548379773,-0.007458685096759545
L1_time+L5_pyramid,4,2026-01,586.13988479203,0.0117227976958406
L1_time+L5_pyramid,4,2026-02,840.3297681571976,0.016806595363143953
L1_time+L5_pyramid,4,2026-03,-952.9761674427045,-0.01905952334885409
L1_time+L5_pyramid,4,2026-04,1678.2196104779473,0.033564392209558945
L1_time+L5_pyramid,4,2026-05,595.5164254145311,0.011910328508290623
L1_time+L5_pyramid,4,2026-06,2317.9727784929464,0.04635945556985893
L1_time+L5_pyramid,4,2026-07,-776.959105396435,-0.0155391821079287
L1_time+L5_pyramid,5,2025-08,784.7981952681757,0.015695963905363514
L1_time+L5_pyramid,5,2025-09,839.9523522380368,0.016799047044760738
L1_time+L5_pyramid,5,2025-10,-15.58644902684955,-0.000311728980536991
L1_time+L5_pyramid,5,2025-11,971.9685911661554,0.019439371823323108
L1_time+L5_pyramid,5,2025-12,-112.03852554011792,-0.0022407705108023583
L1_time+L5_pyramid,5,2026-01,-125.74546398296752,-0.0025149092796593504
L1_time+L5_pyramid,5,2026-02,47.198542529992665,0.0009439708505998533
L1_time+L5_pyramid,5,2026-03,-74.27252033948662,-0.0014854504067897325
L1_time+L5_pyramid,5,2026-04,514.3070081704573,0.010286140163409145
L1_time+L5_pyramid,5,2026-05,-1242.6965268871108,-0.02485393053774222
L1_time+L5_pyramid,5,2026-06,17.682297290602037,0.00035364594581204075
L1_time+L5_pyramid,5,2026-07,-52.191951573599,-0.00104383903147198
L1_time+L5_pyramid,6,2025-08,165.39835001939446,0.003307967000387889
L1_time+L5_pyramid,6,2025-09,2448.500375382223,0.04897000750764446
L1_time+L5_pyramid,6,2025-10,-2215.202107881685,-0.0443040421576337
L1_time+L5_pyramid,6,2025-11,-617.6309460485445,-0.01235261892097089
L1_time+L5_pyramid,6,2025-12,-358.7816229914697,-0.007175632459829394
L1_time+L5_pyramid,6,2026-01,287.5712269676669,0.005751424539353339
L1_time+L5_pyramid,6,2026-02,125.15495197454402,0.0025030990394908806
L1_time+L5_pyramid,6,2026-03,-551.0922145744789,-0.011021844291489578
L1_time+L5_pyramid,6,2026-04,576.0648784015602,0.011521297568031205
L1_time+L5_pyramid,6,2026-05,1060.5713185952263,0.021211426371904527
L1_time+L5_pyramid,6,2026-06,-1379.936975585928,-0.02759873951171856
L1_time+L5_pyramid,6,2026-07,-27.789360510665574,-0.0005557872102133115
L1_time+L5_pyramid,7,2025-08,-87.77970816000743,-0.0017555941632001486
L1_time+L5_pyramid,7,2025-09,127.16056031196877,0.0025432112062393755
L1_time+L5_pyramid,7,2025-10,446.14421162697545,0.00892288423253951
L1_time+L5_pyramid,7,2025-11,372.8166399523607,0.007456332799047213
L1_time+L5_pyramid,7,2025-12,105.52927547625677,0.0021105855095251355
L1_time+L5_pyramid,7,2026-01,1382.037170495475,0.0276407434099095
L1_time+L5_pyramid,7,2026-02,-255.50453102337724,-0.005110090620467545
L1_time+L5_pyramid,7,2026-03,-233.6597673237893,-0.004673195346475786
L1_time+L5_pyramid,7,2026-04,259.4051917615925,0.00518810383523185
L1_time+L5_pyramid,7,2026-05,-1631.7145602787332,-0.032634291205574664
L1_time+L5_pyramid,7,2026-06,-338.2193099890337,-0.0067643861997806745
L1_time+L5_pyramid,7,2026-07,399.84537632785396,0.007996907526557078
L1_time+L5_pyramid,8,2025-08,354.3089671516891,0.007086179343033782
L1_time+L5_pyramid,8,2025-09,2811.245195986583,0.05622490391973166
L1_time+L5_pyramid,8,2025-10,1965.4821344979264,0.03930964268995853
L1_time+L5_pyramid,8,2025-11,-367.0854231258054,-0.007341708462516108
L1_time+L5_pyramid,8,2025-12,30.64229288025126,0.0006128458576050252
L1_time+L5_pyramid,8,2026-01,1669.0361531867338,0.03338072306373468
L1_time+L5_pyramid,8,2026-02,-598.0851594490423,-0.011961703188980845
L1_time+L5_pyramid,8,2026-03,-771.5417468645292,-0.015430834937290583
L1_time+L5_pyramid,8,2026-04,206.13611256203876,0.004122722251240775
L1_time+L5_pyramid,8,2026-05,2353.965212426747,0.04707930424853494
L1_time+L5_pyramid,8,2026-06,75.7400183861746,0.001514800367723492
L1_time+L5_pyramid,8,2026-07,-21.313769757472073,-0.0004262753951494415
L1_time+L5_pyramid,9,2025-08,470.81725192521026,0.009416345038504205
L1_time+L5_pyramid,9,2025-09,3813.274310279451,0.07626548620558903
L1_time+L5_pyramid,9,2025-10,-1661.3480063184588,-0.03322696012636918
L1_time+L5_pyramid,9,2025-11,-1675.9868036352009,-0.03351973607270402
L1_time+L5_pyramid,9,2025-12,-406.13912112283924,-0.008122782422456785
L1_time+L5_pyramid,9,2026-01,269.88241142159495,0.005397648228431899
L1_time+L5_pyramid,9,2026-02,73.59779244116271,0.0014719558488232541
L1_time+L5_pyramid,9,2026-03,-262.1820592265922,-0.005243641184531843
L1_time+L5_pyramid,9,2026-04,635.2050349165438,0.012704100698330877
L1_time+L5_pyramid,9,2026-05,825.0249463929995,0.01650049892785999
L1_time+L5_pyramid,9,2026-06,-1415.805535798736,-0.02831611071597472
L1_time+L5_pyramid,9,2026-07,-211.19619587348097,-0.0042239239174696195
L1_time+L5_pyramid,10,2025-08,71.73750567488514,0.0014347501134977028
L1_time+L5_pyramid,10,2025-09,996.2416308959046,0.01992483261791809
L1_time+L5_pyramid,10,2025-10,-138.60912245618692,-0.0027721824491237384
L1_time+L5_pyramid,10,2025-11,-936.6644059302671,-0.01873328811860534
L1_time+L5_pyramid,10,2025-12,-249.22678180816456,-0.004984535636163291
L1_time+L5_pyramid,10,2026-01,2170.9235814980857,0.043418471629961715
L1_time+L5_pyramid,10,2026-02,1174.0997533428526,0.023481995066857053
L1_time+L5_pyramid,10,2026-03,-727.689863079303,-0.01455379726158606
L1_time+L5_pyramid,10,2026-04,182.00293373557997,0.0036400586747115994
L1_time+L5_pyramid,10,2026-05,9.13665901942204,0.0001827331803884408
L1_time+L5_pyramid,10,2026-06,-297.7030266655911,-0.0059540605333118215
L1_time+L5_pyramid,10,2026-07,-434.6969275575293,-0.008693938551150587
L1_time+L5_pyramid,11,2025-08,-570.6130437335232,-0.011412260874670465
L1_time+L5_pyramid,11,2025-09,944.9627710007735,0.01889925542001547
L1_time+L5_pyramid,11,2025-10,-13.588962445747711,-0.00027177924891495423
L1_time+L5_pyramid,11,2025-11,-1033.0583193884077,-0.020661166387768153
L1_time+L5_pyramid,11,2025-12,-178.66118988013477,-0.003573223797602695
L1_time+L5_pyramid,11,2026-01,1744.9863081005105,0.03489972616201021
L1_time+L5_pyramid,11,2026-02,-574.3079229757877,-0.011486158459515755
L1_time+L5_pyramid,11,2026-03,-312.1038789273098,-0.006242077578546196
L1_time+L5_pyramid,11,2026-04,1614.9567318770441,0.03229913463754088
L1_time+L5_pyramid,11,2026-05,-35.42424792835391,-0.0007084849585670781
L1_time+L5_pyramid,11,2026-06,-140.63671380878895,-0.002812734276175779
L1_time+L5_pyramid,11,2026-07,-71.31811420788017,-0.0014263622841576035
L1_time+L5_pyramid,12,2025-08,-59.558854079158664,-0.0011911770815831732
L1_time+L5_pyramid,12,2025-09,190.2012780684936,0.003804025561369872
L1_time+L5_pyramid,12,2025-10,-187.4072742766648,-0.003748145485533296
L1_time+L5_pyramid,12,2025-11,-150.53071421773348,-0.0030106142843546696
L1_time+L5_pyramid,12,2025-12,-230.71267482666644,-0.004614253496533329
L1_time+L5_pyramid,12,2026-01,-142.73274349081657,-0.0028546548698163317
L1_time+L5_pyramid,12,2026-02,-6.0585089243732,-0.000121170178487464
L1_time+L5_pyramid,12,2026-03,-156.14269171288652,-0.0031228538342577303
L1_time+L5_pyramid,12,2026-04,50.1803232287275,0.00100360646457455
L1_time+L5_pyramid,12,2026-05,364.2802770668977,0.007285605541337954
L1_time+L5_pyramid,12,2026-06,55.59656946533323,0.0011119313893066646
L1_time+L5_pyramid,12,2026-07,228.31704987119429,0.004566340997423886
L1_time+L5_pyramid,13,2025-08,8.033076520054237,0.00016066153040108475
L1_time+L5_pyramid,13,2025-09,2342.62350082222,0.0468524700164444
L1_time+L5_pyramid,13,2025-10,489.9844430173425,0.00979968886034685
L1_time+L5_pyramid,13,2025-11,-1177.6005430800892,-0.023552010861601785
L1_time+L5_pyramid,13,2025-12,-560.2808209855966,-0.011205616419711932
L1_time+L5_pyramid,13,2026-01,228.48252085358308,0.004569650417071662
L1_time+L5_pyramid,13,2026-02,-59.27817587580648,-0.0011855635175161297
L1_time+L5_pyramid,13,2026-03,-590.0919112256015,-0.01180183822451203
L1_time+L5_pyramid,13,2026-04,1521.7487017619828,0.030434974035239655
L1_time+L5_pyramid,13,2026-05,2248.158688560541,0.04496317377121082
L1_time+L5_pyramid,13,2026-06,2090.4547722685547,0.04180909544537109
L1_time+L5_pyramid,13,2026-07,-62.498174240818116,-0.0012499634848163624
L1_time+L5_pyramid,14,2025-08,-6.44930985895553,-0.0001289861971791106
L1_time+L5_pyramid,14,2025-09,4811.284950710934,0.09622569901421868
L1_time+L5_pyramid,14,2025-10,-564.153671980449,-0.011283073439608979
L1_time+L5_pyramid,14,2025-11,-558.1908037069143,-0.011163816074138286
L1_time+L5_pyramid,14,2025-12,-320.47485461738233,-0.006409497092347647
L1_time+L5_pyramid,14,2026-01,2445.6844412027167,0.048913688824054335
L1_time+L5_pyramid,14,2026-02,208.58385423762957,0.004171677084752592
L1_time+L5_pyramid,14,2026-03,-1263.1725181568327,-0.025263450363136652
L1_time+L5_pyramid,14,2026-04,1806.5522825484295,0.03613104565096859
L1_time+L5_pyramid,14,2026-05,1995.7161087652303,0.039914322175304606
L1_time+L5_pyramid,14,2026-06,-1566.836724009523,-0.03133673448019046
L1_time+L5_pyramid,14,2026-07,-635.1511933195479,-0.012703023866390958
L1_time+L5_pyramid,15,2025-08,751.6291653753424,0.015032583307506847
L1_time+L5_pyramid,15,2025-09,3944.894032692243,0.07889788065384486
L1_time+L5_pyramid,15,2025-10,-2655.448801055588,-0.05310897602111176
L1_time+L5_pyramid,15,2025-11,-281.7519275697091,-0.005635038551394182
L1_time+L5_pyramid,15,2025-12,-601.7804483538821,-0.012035608967077642
L1_time+L5_pyramid,15,2026-01,19.515578569255922,0.00039031157138511843
L1_time+L5_pyramid,15,2026-02,-365.5489509645495,-0.007310979019290989
L1_time+L5_pyramid,15,2026-03,-534.5735027602514,-0.010691470055205028
L1_time+L5_pyramid,15,2026-04,1526.1370099160008,0.030522740198320016
L1_time+L5_pyramid,15,2026-05,1326.570604077674,0.02653141208155348
L1_time+L5_pyramid,15,2026-06,905.7974209657023,0.018115948419314045
L1_time+L5_pyramid,15,2026-07,-170.92563699066886,-0.003418512739813377
L1_time+L5_pyramid,16,2025-08,347.5615900957364,0.006951231801914728
L1_time+L5_pyramid,16,2025-09,1144.3474473045571,0.022886948946091144
L1_time+L5_pyramid,16,2025-10,-381.69498791864044,-0.0076338997583728085
L1_time+L5_pyramid,16,2025-11,-117.59361030208447,-0.0023518722060416894
L1_time+L5_pyramid,16,2025-12,-208.50412247443546,-0.00417008244948871
L1_time+L5_pyramid,16,2026-01,936.3245711116879,0.018726491422233756
L1_time+L5_pyramid,16,2026-02,926.8318808934573,0.018536637617869146
L1_time+L5_pyramid,16,2026-03,-417.87720725290364,-0.008357544145058073
L1_time+L5_pyramid,16,2026-04,882.1849013868036,0.017643698027736073
L1_time+L5_pyramid,16,2026-05,-711.3998981759487,-0.014227997963518974
L1_time+L5_pyramid,16,2026-06,1578.6288497915284,0.03157257699583057
L1_time+L5_pyramid,16,2026-07,69.2814422389074,0.0013856288447781481
L1_time+L5_pyramid,17,2025-08,34.11653906822994,0.0006823307813645988
L1_time+L5_pyramid,17,2025-09,1015.0985196346128,0.020301970392692256
L1_time+L5_pyramid,17,2025-10,-6.709477168114972,-0.00013418954336229943
L1_time+L5_pyramid,17,2025-11,-1355.3234369323718,-0.027106468738647437
L1_time+L5_pyramid,17,2025-12,-444.13463668771146,-0.008882692733754229
L1_time+L5_pyramid,17,2026-01,278.8877075496066,0.005577754150992132
L1_time+L5_pyramid,17,2026-02,-129.39194051511095,-0.002587838810302219
L1_time+L5_pyramid,17,2026-03,284.25376527825847,0.005685075305565169
L1_time+L5_pyramid,17,2026-04,146.73813465080366,0.002934762693016073
L1_time+L5_pyramid,17,2026-05,425.45194382248246,0.008509038876449649
L1_time+L5_pyramid,17,2026-06,-21.82511976922069,-0.0004365023953844138
L1_time+L5_pyramid,17,2026-07,70.96103872502226,0.0014192207745004452
L1_time+L5_pyramid,18,2025-08,-800.2064185279442,-0.01600412837055888
L1_time+L5_pyramid,18,2025-09,50.97794792341392,0.0010195589584682785
L1_time+L5_pyramid,18,2025-10,235.28493547568905,0.004705698709513781
L1_time+L5_pyramid,18,2025-11,-847.6168483416682,-0.016952336966833362
L1_time+L5_pyramid,18,2025-12,-400.4908292742648,-0.008009816585485295
L1_time+L5_pyramid,18,2026-01,569.2398754035403,0.011384797508070806
L1_time+L5_pyramid,18,2026-02,1123.3972426247292,0.022467944852494585
L1_time+L5_pyramid,18,2026-03,-1275.5550796067355,-0.02551110159213471
L1_time+L5_pyramid,18,2026-04,1792.397671711305,0.0358479534342261
L1_time+L5_pyramid,18,2026-05,836.9062547708563,0.016738125095417125
L1_time+L5_pyramid,18,2026-06,2212.5295779241233,0.04425059155848247
L1_time+L5_pyramid,18,2026-07,-143.86346313855393,-0.0028772692627710783
L1_time+L5_pyramid,19,2025-08,64.15498409220436,0.0012830996818440873
L1_time+L5_pyramid,19,2025-09,2416.4311530988225,0.04832862306197645
L1_time+L5_pyramid,19,2025-10,1128.811924596178,0.02257623849192356
L1_time+L5_pyramid,19,2025-11,-1866.9728700701426,-0.03733945740140285
L1_time+L5_pyramid,19,2025-12,-235.35266430322918,-0.004707053286064584
L1_time+L5_pyramid,19,2026-01,2088.558648264683,0.04177117296529366
L1_time+L5_pyramid,19,2026-02,152.50618095844857,0.0030501236191689714
L1_time+L5_pyramid,19,2026-03,-518.7176903079862,-0.010374353806159725
L1_time+L5_pyramid,19,2026-04,64.95044507847342,0.0012990089015694685
L1_time+L5_pyramid,19,2026-05,1353.8748397418676,0.02707749679483735
L1_time+L5_pyramid,19,2026-06,-375.53246657244836,-0.0075106493314489675
L1_time+L5_pyramid,19,2026-07,-309.90454694552227,-0.006198090938910446
L1_time+L5_pyramid,20,2025-08,-2157.672826033007,-0.04315345652066014
L1_time+L5_pyramid,20,2025-09,1449.1740916634471,0.028983481833268942
L1_time+L5_pyramid,20,2025-10,1747.1960044435582,0.034943920088871164
L1_time+L5_pyramid,20,2025-11,-827.635546615757,-0.01655271093231514
L1_time+L5_pyramid,20,2025-12,-293.8599626931282,-0.005877199253862563
L1_time+L5_pyramid,20,2026-01,948.9210061895219,0.01897842012379044
L1_time+L5_pyramid,20,2026-02,-92.54105216529115,-0.001850821043305823
L1_time+L5_pyramid,20,2026-03,-336.75846904345417,-0.006735169380869084
L1_time+L5_pyramid,20,2026-04,325.27279651724257,0.006505455930344852
L1_time+L5_pyramid,20,2026-05,2111.2732613683747,0.0422254652273675
L1_time+L5_pyramid,20,2026-06,-283.0672845478457,-0.005661345690956914
L1_time+L5_pyramid,20,2026-07,26.610843017367188,0.0005322168603473438
L1_time+L5_pyramid,21,2025-08,-324.51865946343605,-0.006490373189268721
L1_time+L5_pyramid,21,2025-09,237.16582450612168,0.004743316490122434
L1_time+L5_pyramid,21,2025-10,-171.04394064689222,-0.0034208788129378447
L1_time+L5_pyramid,21,2025-11,-384.6697584509793,-0.007693395169019586
L1_time+L5_pyramid,21,2025-12,-391.1444498335877,-0.007822888996671754
L1_time+L5_pyramid,21,2026-01,571.5487408300651,0.011430974816601302
L1_time+L5_pyramid,21,2026-02,198.86148775715083,0.003977229755143016
L1_time+L5_pyramid,21,2026-03,-627.0088140769349,-0.012540176281538697
L1_time+L5_pyramid,21,2026-04,757.5612591701811,0.015151225183403621
L1_time+L5_pyramid,21,2026-05,202.41324343105862,0.004048264868621173
L1_time+L5_pyramid,21,2026-06,-1.6380816655873787,-3.2761633311747574e-05
L1_time+L5_pyramid,21,2026-07,-13.074720273050843,-0.0002614944054610169
L1_time+L5_pyramid,22,2025-08,-233.95267675723608,-0.004679053535144722
L1_time+L5_pyramid,22,2025-09,684.5335408452966,0.01369067081690593
L1_time+L5_pyramid,22,2025-10,291.0915275576881,0.005821830551153762
L1_time+L5_pyramid,22,2025-11,178.07198662582232,0.0035614397325164464
L1_time+L5_pyramid,22,2025-12,682.5521493291708,0.013651042986583416
L1_time+L5_pyramid,22,2026-01,-505.88265713392866,-0.010117653142678573
L1_time+L5_pyramid,22,2026-02,920.5766377415448,0.018411532754830897
L1_time+L5_pyramid,22,2026-03,-446.3928762311134,-0.008927857524622268
L1_time+L5_pyramid,22,2026-04,-215.43681741962337,-0.004308736348392467
L1_time+L5_pyramid,22,2026-05,-112.26449068708007,-0.0022452898137416016
L1_time+L5_pyramid,22,2026-06,-442.1625007886987,-0.008843250015773975
L1_time+L5_pyramid,22,2026-07,-295.28312149463636,-0.005905662429892727
L1_time+L5_pyramid,23,2025-08,390.1743097125991,0.007803486194251982
L1_time+L5_pyramid,23,2025-09,2695.457830403623,0.05390915660807246
L1_time+L5_pyramid,23,2025-10,1157.6118863560487,0.023152237727120974
L1_time+L5_pyramid,23,2025-11,56.4654819340758,0.0011293096386815159
L1_time+L5_pyramid,23,2025-12,800.3863142790351,0.0160077262855807
L1_time+L5_pyramid,23,2026-01,657.799230089202,0.013155984601784038
L1_time+L5_pyramid,23,2026-02,-642.7297680281599,-0.012854595360563199
L1_time+L5_pyramid,23,2026-03,-267.846200501207,-0.00535692401002414
L1_time+L5_pyramid,23,2026-04,294.3471480854905,0.00588694296170981
L1_time+L5_pyramid,23,2026-05,1355.812442383727,0.02711624884767454
L1_time+L5_pyramid,23,2026-06,-799.0086228521532,-0.015980172457043064
L1_time+L5_pyramid,23,2026-07,294.7092603816118,0.005894185207632236
L1_time+L5_pyramid,24,2025-08,-188.57388695290228,-0.0037714777390580457
L1_time+L5_pyramid,24,2025-09,378.8157938638815,0.00757631587727763
L1_time+L5_pyramid,24,2025-10,464.82298346032894,0.009296459669206579
L1_time+L5_pyramid,24,2025-11,-733.0000883647472,-0.014660001767294943
L1_time+L5_pyramid,24,2025-12,-332.1168649506144,-0.006642337299012288
L1_time+L5_pyramid,24,2026-01,-229.0238083097729,-0.004580476166195458
L1_time+L5_pyramid,24,2026-02,-189.0171079427737,-0.003780342158855474
L1_time+L5_pyramid,24,2026-03,410.7883355000604,0.008215766710001208
L1_time+L5_pyramid,24,2026-04,198.5909815044015,0.00397181963008803
L1_time+L5_pyramid,24,2026-05,-1734.9323006671957,-0.034698646013343916
L1_time+L5_pyramid,24,2026-06,-52.792045042042446,-0.001055840900840849
L1_time+L5_pyramid,24,2026-07,-570.0539408353407,-0.011401078816706814
L1_time+L5_pyramid,25,2025-08,243.08075102041857,0.004861615020408372
L1_time+L5_pyramid,25,2025-09,1022.893817310287,0.02045787634620574
L1_time+L5_pyramid,25,2025-10,11.501849224076977,0.00023003698448153956
L1_time+L5_pyramid,25,2025-11,678.3099051167574,0.013566198102335147
L1_time+L5_pyramid,25,2025-12,550.9766219076073,0.011019532438152145
L1_time+L5_pyramid,25,2026-01,8.979868019111564,0.00017959736038223128
L1_time+L5_pyramid,25,2026-02,-201.9093328002773,-0.004038186656005546
L1_time+L5_pyramid,25,2026-03,-224.49545702080195,-0.004489909140416039
L1_time+L5_pyramid,25,2026-04,255.69867605969375,0.005113973521193875
L1_time+L5_pyramid,25,2026-05,-449.97828891590234,-0.008999565778318046
L1_time+L5_pyramid,25,2026-06,-301.98798845848614,-0.006039759769169723
L1_time+L5_pyramid,25,2026-07,72.43557762544515,0.0014487115525089029
L1_time+L5_pyramid,26,2025-08,-669.3418465948007,-0.013386836931896014
L1_time+L5_pyramid,26,2025-09,21.051423709219307,0.00042102847418438614
L1_time+L5_pyramid,26,2025-10,215.93994686703536,0.004318798937340707
L1_time+L5_pyramid,26,2025-11,305.2426763217227,0.006104853526434454
L1_time+L5_pyramid,26,2025-12,-240.55580651746095,-0.004811116130349219
L1_time+L5_pyramid,26,2026-01,-120.6097679186505,-0.00241219535837301
L1_time+L5_pyramid,26,2026-02,1804.782935592798,0.03609565871185596
L1_time+L5_pyramid,26,2026-03,-361.99488267942706,-0.007239897653588541
L1_time+L5_pyramid,26,2026-04,-283.7869453592739,-0.005675738907185477
L1_time+L5_pyramid,26,2026-05,-230.38603042067098,-0.0046077206084134195
L1_time+L5_pyramid,26,2026-06,-209.08283783072238,-0.004181656756614448
L1_time+L5_pyramid,26,2026-07,189.41805726176062,0.0037883611452352124
L1_time+L5_pyramid,27,2025-08,707.4201622041846,0.014148403244083693
L1_time+L5_pyramid,27,2025-09,1341.4755011405905,0.02682951002281181
L1_time+L5_pyramid,27,2025-10,590.8938378887724,0.011817876757775448
L1_time+L5_pyramid,27,2025-11,-323.65239863248917,-0.006473047972649784
L1_time+L5_pyramid,27,2025-12,-345.27831061361667,-0.0069055662122723335
L1_time+L5_pyramid,27,2026-01,-215.27772293989256,-0.004305554458797851
L1_time+L5_pyramid,27,2026-02,-214.565798808394,-0.00429131597616788
L1_time+L5_pyramid,27,2026-03,57.69659202330422,0.0011539318404660845
L1_time+L5_pyramid,27,2026-04,474.4438427573996,0.009488876855147991
L1_time+L5_pyramid,27,2026-05,-393.3297644817894,-0.007866595289635788
L1_time+L5_pyramid,27,2026-06,-63.363261404219884,-0.0012672652280843978
L1_time+L5_pyramid,27,2026-07,-793.9299401315193,-0.015878598802630386
L1_time+L5_pyramid,28,2025-08,1703.6233662244367,0.03407246732448874
L1_time+L5_pyramid,28,2025-09,2470.058874817707,0.049401177496354136
L1_time+L5_pyramid,28,2025-10,557.0484958242687,0.011140969916485374
L1_time+L5_pyramid,28,2025-11,-1955.7016159751129,-0.03911403231950226
L1_time+L5_pyramid,28,2025-12,-333.4768368208579,-0.006669536736417158
L1_time+L5_pyramid,28,2026-01,-212.0568049359763,-0.004241136098719526
L1_time+L5_pyramid,28,2026-02,-213.2967142516909,-0.004265934285033818
L1_time+L5_pyramid,28,2026-03,-199.68732158318198,-0.00399374643166364
L1_time+L5_pyramid,28,2026-04,243.3192848420249,0.004866385696840498
L1_time+L5_pyramid,28,2026-05,-1123.8298017937195,-0.02247659603587439
L1_time+L5_pyramid,28,2026-06,-79.57668810586165,-0.001591533762117233
L1_time+L5_pyramid,28,2026-07,-207.98168051734228,-0.004159633610346845
L1_time+L5_pyramid,29,2025-08,1228.889481320014,0.02457778962640028
L1_time+L5_pyramid,29,2025-09,-94.37925746739984,-0.0018875851493479969
L1_time+L5_pyramid,29,2025-10,235.3867732362787,0.004707735464725574
L1_time+L5_pyramid,29,2025-11,-1123.633723110629,-0.022472674462212582
L1_time+L5_pyramid,29,2025-12,-207.40679089168043,-0.004148135817833609
L1_time+L5_pyramid,29,2026-01,720.9249843291927,0.014418499686583855
L1_time+L5_pyramid,29,2026-02,853.275845451366,0.017065516909027318
L1_time+L5_pyramid,29,2026-03,-966.3134877942648,-0.019326269755885295
L1_time+L5_pyramid,29,2026-04,476.8316521593424,0.009536633043186847
L1_time+L5_pyramid,29,2026-05,283.2541094966582,0.005665082189933164
L1_time+L5_pyramid,29,2026-06,-112.65339907690395,-0.002253067981538079
L1_time+L5_pyramid,29,2026-07,-294.0450558379798,-0.005880901116759596
L1_time+L5_pyramid,30,2025-08,-248.11350717868845,-0.004962270143573769
L1_time+L5_pyramid,30,2025-09,407.7142234234625,0.00815428446846925
L1_time+L5_pyramid,30,2025-10,847.8982198678177,0.016957964397356355
L1_time+L5_pyramid,30,2025-11,139.61955772956298,0.00279239115459126
L1_time+L5_pyramid,30,2025-12,-477.0010699650793,-0.009540021399301586
L1_time+L5_pyramid,30,2026-01,1473.8487129633058,0.02947697425926612
L1_time+L5_pyramid,30,2026-02,181.554370864038,0.0036310874172807597
L1_time+L5_pyramid,30,2026-03,308.3764586633897,0.006167529173267794
L1_time+L5_pyramid,30,2026-04,206.51949294763745,0.004130389858952749
L1_time+L5_pyramid,30,2026-05,-168.6115035347848,-0.0033722300706956958
L1_time+L5_pyramid,30,2026-06,-515.9885080907225,-0.01031977016181445
L1_time+L5_pyramid,30,2026-07,76.35887538997667,0.0015271775077995335
L1_time+L5_pyramid,31,2025-08,-413.1697061938876,-0.008263394123877752
L1_time+L5_pyramid,31,2025-09,669.8910739333796,0.013397821478667592
L1_time+L5_pyramid,31,2025-10,909.001382768135,0.0181800276553627
L1_time+L5_pyramid,31,2025-11,-1091.3571457123617,-0.021827142914247234
L1_time+L5_pyramid,31,2025-12,-677.4862494284935,-0.01354972498856987
L1_time+L5_pyramid,31,2026-01,1321.97867591033,0.026439573518206597
L1_time+L5_pyramid,31,2026-02,440.5055871486993,0.008810111742973987
L1_time+L5_pyramid,31,2026-03,-1082.8703710437576,-0.02165740742087515
L1_time+L5_pyramid,31,2026-04,470.84202651400483,0.009416840530280097
L1_time+L5_pyramid,31,2026-05,803.0529923948507,0.016061059847897012
L1_time+L5_pyramid,31,2026-06,-348.236664066354,-0.00696473328132708
L1_time+L5_pyramid,31,2026-07,36.0516868082932,0.000721033736165864
L1_time+L5_pyramid,32,2025-08,146.93127451308465,0.002938625490261693
L1_time+L5_pyramid,32,2025-09,2498.7728407147315,0.04997545681429463
L1_time+L5_pyramid,32,2025-10,122.93754376962079,0.0024587508753924157
L1_time+L5_pyramid,32,2025-11,-1734.8665245693069,-0.03469733049138614
L1_time+L5_pyramid,32,2025-12,-234.3198872336743,-0.004686397744673486
L1_time+L5_pyramid,32,2026-01,758.0617417933554,0.015161234835867107
L1_time+L5_pyramid,32,2026-02,-401.18500778531416,-0.008023700155706283
L1_time+L5_pyramid,32,2026-03,-706.8961288763367,-0.014137922577526734
L1_time+L5_pyramid,32,2026-04,1618.7897251421186,0.03237579450284237
L1_time+L5_pyramid,32,2026-05,1084.0769973130937,0.021681539946261874
L1_time+L5_pyramid,32,2026-06,2006.3308064292878,0.04012661612858576
L1_time+L5_pyramid,32,2026-07,-483.19713684904673,-0.009663942736980935
L1_time+L5_pyramid,33,2025-08,-81.597846344338,-0.00163195692688676
L1_time+L5_pyramid,33,2025-09,961.41214443031,0.019228242888606202
L1_time+L5_pyramid,33,2025-10,176.32116383757057,0.003526423276751411
L1_time+L5_pyramid,33,2025-11,-1045.0255946536927,-0.020900511893073855
L1_time+L5_pyramid,33,2025-12,-277.21072489380913,-0.0055442144978761826
L1_time+L5_pyramid,33,2026-01,1064.8469785718453,0.021296939571436906
L1_time+L5_pyramid,33,2026-02,146.84832342175105,0.002936966468435021
L1_time+L5_pyramid,33,2026-03,-435.2550950487421,-0.008705101900974841
L1_time+L5_pyramid,33,2026-04,719.2231093719256,0.014384462187438512
L1_time+L5_pyramid,33,2026-05,298.71612235701286,0.005974322447140257
L1_time+L5_pyramid,33,2026-06,-300.6430930591905,-0.0060128618611838104
L1_time+L5_pyramid,33,2026-07,187.7693620703485,0.00375538724140697
L1_time+L5_pyramid,34,2025-08,-638.5042804779214,-0.012770085609558429
L1_time+L5_pyramid,34,2025-09,317.52455649644617,0.006350491129928923
L1_time+L5_pyramid,34,2025-10,44.99393703019814,0.0008998787406039628
L1_time+L5_pyramid,34,2025-11,-144.65371754174885,-0.0028930743508349768
L1_time+L5_pyramid,34,2025-12,-125.09534060373608,-0.0025019068120747216
L1_time+L5_pyramid,34,2026-01,631.263040525213,0.01262526081050426
L1_time+L5_pyramid,34,2026-02,1972.0749859353027,0.03944149971870606
L1_time+L5_pyramid,34,2026-03,-600.2929342512471,-0.01200585868502494
L1_time+L5_pyramid,34,2026-04,1607.7806027462102,0.032155612054924204
L1_time+L5_pyramid,34,2026-05,-445.7157182851697,-0.008914314365703394
L1_time+L5_pyramid,34,2026-06,-509.1594045959173,-0.010183188091918345
L1_time+L5_pyramid,34,2026-07,-169.58630151748548,-0.0033917260303497096
L1_time+L5_pyramid,35,2025-08,-609.7888162815461,-0.012195776325630923
L1_time+L5_pyramid,35,2025-09,481.2314456286904,0.009624628912573808
L1_time+L5_pyramid,35,2025-10,-351.99045149124595,-0.007039809029824919
L1_time+L5_pyramid,35,2025-11,-909.1924700335985,-0.01818384940067197
L1_time+L5_pyramid,35,2025-12,-242.70498832877183,-0.0048540997665754365
L1_time+L5_pyramid,35,2026-01,599.2115380974856,0.011984230761949712
L1_time+L5_pyramid,35,2026-02,897.1883341596367,0.017943766683192735
L1_time+L5_pyramid,35,2026-03,-1115.5638957660003,-0.022311277915320005
L1_time+L5_pyramid,35,2026-04,438.9051062977096,0.008778102125954193
L1_time+L5_pyramid,35,2026-05,-28.754006359898995,-0.0005750801271979799
L1_time+L5_pyramid,35,2026-06,78.58966422558206,0.0015717932845116412
L1_time+L5_pyramid,35,2026-07,-651.8951454787648,-0.013037902909575296
L1_time+L5_pyramid,36,2025-08,610.2341545717545,0.01220468309143509
L1_time+L5_pyramid,36,2025-09,3015.5429199106557,0.06031085839821311
L1_time+L5_pyramid,36,2025-10,1197.7170776625735,0.02395434155325147
L1_time+L5_pyramid,36,2025-11,-1249.2801186787556,-0.02498560237357511
L1_time+L5_pyramid,36,2025-12,-425.7102676697259,-0.008514205353394519
L1_time+L5_pyramid,36,2026-01,2199.8447070358898,0.04399689414071779
L1_time+L5_pyramid,36,2026-02,-144.98192191953785,-0.0028996384383907572
L1_time+L5_pyramid,36,2026-03,-272.64773912239343,-0.005452954782447869
L1_time+L5_pyramid,36,2026-04,112.27157252924462,0.0022454314505848923
L1_time+L5_pyramid,36,2026-05,3314.9863566126805,0.06629972713225361
L1_time+L5_pyramid,36,2026-06,-514.7593586655876,-0.010295187173311751
L1_time+L5_pyramid,36,2026-07,-248.61665577224994,-0.004972333115444999
L1_time+L5_pyramid,37,2025-08,-947.3541553020923,-0.018947083106041845
L1_time+L5_pyramid,37,2025-09,-186.20179602439202,-0.0037240359204878406
L1_time+L5_pyramid,37,2025-10,-275.82790957078487,-0.005516558191415697
L1_time+L5_pyramid,37,2025-11,-851.1735267420813,-0.017023470534841625
L1_time+L5_pyramid,37,2025-12,-246.4290820366532,-0.004928581640733064
L1_time+L5_pyramid,37,2026-01,-493.94829236883743,-0.009878965847376749
L1_time+L5_pyramid,37,2026-02,1081.2186138114175,0.021624372276228352
L1_time+L5_pyramid,37,2026-03,85.79306602249108,0.0017158613204498216
L1_time+L5_pyramid,37,2026-04,949.4620635938277,0.018989241271876553
L1_time+L5_pyramid,37,2026-05,547.1542032547131,0.010943084065094262
L1_time+L5_pyramid,37,2026-06,2014.9540662580766,0.04029908132516153
L1_time+L5_pyramid,37,2026-07,-46.897701948779286,-0.0009379540389755857
L1_time+L5_pyramid,38,2025-08,-9.866553352915616,-0.00019733106705831232
L1_time+L5_pyramid,38,2025-09,2583.093226439544,0.05166186452879088
L1_time+L5_pyramid,38,2025-10,1445.3427249446768,0.028906854498893537
L1_time+L5_pyramid,38,2025-11,-140.06919792701137,-0.0028013839585402274
L1_time+L5_pyramid,38,2025-12,14.863134840758903,0.00029726269681517806
L1_time+L5_pyramid,38,2026-01,2628.050598309528,0.05256101196619056
L1_time+L5_pyramid,38,2026-02,115.59426167859783,0.0023118852335719565
L1_time+L5_pyramid,38,2026-03,-835.1720210912727,-0.016703440421825453
L1_time+L5_pyramid,38,2026-04,-139.66667132421207,-0.0027933334264842414
L1_time+L5_pyramid,38,2026-05,1310.4517867190898,0.026209035734381797
L1_time+L5_pyramid,38,2026-06,-300.0287913499624,-0.006000575826999248
L1_time+L5_pyramid,38,2026-07,-135.74067004668632,-0.0027148134009337263
L1_time+L5_pyramid,39,2025-08,599.9609267135083,0.011999218534270167
L1_time+L5_pyramid,39,2025-09,726.695072911125,0.014533901458222498
L1_time+L5_pyramid,39,2025-10,189.93714820850983,0.0037987429641701963
L1_time+L5_pyramid,39,2025-11,-1348.4067909464175,-0.02696813581892835
L1_time+L5_pyramid,39,2025-12,-533.2781049812493,-0.010665562099624985
L1_time+L5_pyramid,39,2026-01,683.3951406275137,0.013667902812550274
L1_time+L5_pyramid,39,2026-02,533.622930083663,0.01067245860167326
L1_time+L5_pyramid,39,2026-03,-1376.4624065508287,-0.027529248131016575
L1_time+L5_pyramid,39,2026-04,297.7583459772759,0.005955166919545518
L1_time+L5_pyramid,39,2026-05,-4.625713224570973,-9.251426449141945e-05
L1_time+L5_pyramid,39,2026-06,-40.080350465324045,-0.0008016070093064809
L1_time+L5_pyramid,39,2026-07,-400.41813648887273,-0.008008362729777455
L1_time+L5_pyramid,40,2025-08,-821.7536468290855,-0.01643507293658171
L1_time+L5_pyramid,40,2025-09,3547.992113026872,0.07095984226053745
L1_time+L5_pyramid,40,2025-10,2047.3214105681218,0.040946428211362434
L1_time+L5_pyramid,40,2025-11,-2787.452026708482,-0.055749040534169646
L1_time+L5_pyramid,40,2025-12,-945.9081642389165,-0.01891816328477833
L1_time+L5_pyramid,40,2026-01,1703.0989456848029,0.034061978913696056
L1_time+L5_pyramid,40,2026-02,52.20195463971322,0.0010440390927942645
L1_time+L5_pyramid,40,2026-03,-184.2360150159957,-0.0036847203003199137
L1_time+L5_pyramid,40,2026-04,3376.744506362514,0.06753489012725028
L1_time+L5_pyramid,40,2026-05,2213.032273657531,0.04426064547315062
L1_time+L5_pyramid,40,2026-06,1362.0446105426972,0.027240892210853945
L1_time+L5_pyramid,40,2026-07,-186.18293964729673,-0.0037236587929459345
L1_time+L5_pyramid,41,2025-08,-10.040635596597895,-0.00020081271193195789
L1_time+L5_pyramid,41,2025-09,-51.92284674163329,-0.0010384569348326658
L1_time+L5_pyramid,41,2025-10,-258.3405896990116,-0.005166811793980233
L1_time+L5_pyramid,41,2025-11,-1014.2983980518566,-0.02028596796103713
L1_time+L5_pyramid,41,2025-12,-239.09481900674837,-0.004781896380134968
L1_time+L5_pyramid,41,2026-01,1351.177256893402,0.02702354513786804
L1_time+L5_pyramid,41,2026-02,251.1982538593038,0.005023965077186076
L1_time+L5_pyramid,41,2026-03,-965.0004561968344,-0.019300009123936687
L1_time+L5_pyramid,41,2026-04,-15.031882075554677,-0.0003006376415110935
L1_time+L5_pyramid,41,2026-05,1417.6932010457904,0.028353864020915807
L1_time+L5_pyramid,41,2026-06,-421.4681926264475,-0.008429363852528949
L1_time+L5_pyramid,41,2026-07,-275.08673873372754,-0.0055017347746745505
L1_time+L5_pyramid,42,2025-08,-1937.4114723207526,-0.03874822944641505
L1_time+L5_pyramid,42,2025-09,627.3551818566766,0.012547103637133532
L1_time+L5_pyramid,42,2025-10,129.1225598454712,0.0025824511969094236
L1_time+L5_pyramid,42,2025-11,-1323.5709993437436,-0.02647141998687487
L1_time+L5_pyramid,42,2025-12,-28.81174490869762,-0.0005762348981739524
L1_time+L5_pyramid,42,2026-01,584.4391544298769,0.011688783088597538
L1_time+L5_pyramid,42,2026-02,688.7160678301634,0.013774321356603269
L1_time+L5_pyramid,42,2026-03,-595.0912469138748,-0.011901824938277496
L1_time+L5_pyramid,42,2026-04,32.55023162427642,0.0006510046324855284
L1_time+L5_pyramid,42,2026-05,-354.65783142520195,-0.007093156628504039
L1_time+L5_pyramid,42,2026-06,2.6848701543895004,5.3697403087790005e-05
L1_time+L5_pyramid,42,2026-07,-228.86749973378573,-0.004577349994675715
L1_time+L5_pyramid,43,2025-08,933.2836332055476,0.01866567266411095
L1_time+L5_pyramid,43,2025-09,956.9711241393079,0.019139422482786158
L1_time+L5_pyramid,43,2025-10,477.8002452789833,0.009556004905579667
L1_time+L5_pyramid,43,2025-11,-1916.9926672243241,-0.03833985334448648
L1_time+L5_pyramid,43,2025-12,-508.43699788466256,-0.01016873995769325
L1_time+L5_pyramid,43,2026-01,-544.6463362810628,-0.010892926725621255
L1_time+L5_pyramid,43,2026-02,-307.4163486815005,-0.00614832697363001
L1_time+L5_pyramid,43,2026-03,-199.0947545090794,-0.003981895090181588
L1_time+L5_pyramid,43,2026-04,1375.6545272038497,0.027513090544076996
L1_time+L5_pyramid,43,2026-05,1081.6095125108686,0.021632190250217374
L1_time+L5_pyramid,43,2026-06,1695.2711113293435,0.03390542222658687
L1_time+L5_pyramid,43,2026-07,-41.51462674687082,-0.0008302925349374164
L1_time+L5_pyramid,44,2025-08,-372.64991010621907,-0.007452998202124381
L1_time+L5_pyramid,44,2025-09,3598.8317697848443,0.07197663539569689
L1_time+L5_pyramid,44,2025-10,698.6230686779272,0.013972461373558544
L1_time+L5_pyramid,44,2025-11,-887.1284029838098,-0.017742568059676195
L1_time+L5_pyramid,44,2025-12,-452.77237937744394,-0.009055447587548879
L1_time+L5_pyramid,44,2026-01,494.98223589216013,0.009899644717843202
L1_time+L5_pyramid,44,2026-02,-725.7997698286872,-0.014515995396573745
L1_time+L5_pyramid,44,2026-03,-194.86363427530614,-0.0038972726855061226
L1_time+L5_pyramid,44,2026-04,2317.762286973616,0.04635524573947232
L1_time+L5_pyramid,44,2026-05,-210.32441487692904,-0.004206488297538581
L1_time+L5_pyramid,44,2026-06,-303.69707446435314,-0.0060739414892870625
L1_time+L5_pyramid,44,2026-07,56.404795685773024,0.0011280959137154605
L1_time+L5_pyramid,45,2025-08,-43.78989316680236,-0.0008757978633360472
L1_time+L5_pyramid,45,2025-09,1805.5547634526256,0.03611109526905251
L1_time+L5_pyramid,45,2025-10,459.3437768801832,0.009186875537603664
L1_time+L5_pyramid,45,2025-11,-529.7385816009155,-0.01059477163201831
L1_time+L5_pyramid,45,2025-12,-161.68441039969912,-0.0032336882079939825
L1_time+L5_pyramid,45,2026-01,1425.2831865578792,0.028505663731157583
L1_time+L5_pyramid,45,2026-02,509.23787782781983,0.010184757556556397
L1_time+L5_pyramid,45,2026-03,-861.4394875781381,-0.01722878975156276
L1_time+L5_pyramid,45,2026-04,-58.17670410637038,-0.0011635340821274077
L1_time+L5_pyramid,45,2026-05,1103.7181074534365,0.02207436214906873
L1_time+L5_pyramid,45,2026-06,-300.3709593358044,-0.006007419186716088
L1_time+L5_pyramid,45,2026-07,-17.947847679311053,-0.00035895695358622106
L1_time+L5_pyramid,46,2025-08,-170.14660561021628,-0.0034029321122043257
L1_time+L5_pyramid,46,2025-09,-314.1520031582795,-0.00628304006316559
L1_time+L5_pyramid,46,2025-10,113.58059644091645,0.002271611928818329
L1_time+L5_pyramid,46,2025-11,-348.9061671396321,-0.006978123342792642
L1_time+L5_pyramid,46,2025-12,-251.8916792889304,-0.005037833585778608
L1_time+L5_pyramid,46,2026-01,147.9527725996022,0.0029590554519920444
L1_time+L5_pyramid,46,2026-02,1235.3779625506722,0.024707559251013443
L1_time+L5_pyramid,46,2026-03,-689.2123615172168,-0.013784247230344335
L1_time+L5_pyramid,46,2026-04,-412.7281544015523,-0.008254563088031045
L1_time+L5_pyramid,46,2026-05,1167.3689515996848,0.023347379031993697
L1_time+L5_pyramid,46,2026-06,-346.23706639034026,-0.006924741327806805
L1_time+L5_pyramid,46,2026-07,-26.986515920034435,-0.0005397303184006887
L1_time+L5_pyramid,47,2025-08,619.9955248766191,0.012399910497532382
L1_time+L5_pyramid,47,2025-09,2528.163697305601,0.05056327394611202
L1_time+L5_pyramid,47,2025-10,1853.2456682943312,0.037064913365886624
L1_time+L5_pyramid,47,2025-11,454.2247030971039,0.009084494061942078
L1_time+L5_pyramid,47,2025-12,-268.52762378274565,-0.005370552475654913
L1_time+L5_pyramid,47,2026-01,1399.592959356245,0.0279918591871249
L1_time+L5_pyramid,47,2026-02,307.1844719120563,0.0061436894382411265
L1_time+L5_pyramid,47,2026-03,-1189.9917504793111,-0.023799835009586223
L1_time+L5_pyramid,47,2026-04,982.7678688956494,0.019655357377912987
L1_time+L5_pyramid,47,2026-05,2293.707994483345,0.0458741598896669
L1_time+L5_pyramid,47,2026-06,-137.9454526130985,-0.00275890905226197
L1_time+L5_pyramid,47,2026-07,-57.40042772629113,-0.0011480085545258225
L1_time+L5_pyramid,48,2025-08,-5.5076752365521315,-0.00011015350473104263
L1_time+L5_pyramid,48,2025-09,2358.02892650828,0.0471605785301656
L1_time+L5_pyramid,48,2025-10,1413.0674611523455,0.02826134922304691
L1_time+L5_pyramid,48,2025-11,-1020.988858603062,-0.02041977717206124
L1_time+L5_pyramid,48,2025-12,-212.4012258045277,-0.004248024516090554
L1_time+L5_pyramid,48,2026-01,1215.4754147134663,0.024309508294269325
L1_time+L5_pyramid,48,2026-02,-328.43058089932583,-0.006568611617986516
L1_time+L5_pyramid,48,2026-03,-63.29068925337015,-0.001265813785067403
L1_time+L5_pyramid,48,2026-04,-39.65807482258242,-0.0007931614964516485
L1_time+L5_pyramid,48,2026-05,1675.4952954798664,0.03350990590959733
L1_time+L5_pyramid,48,2026-06,-449.88596029654855,-0.008997719205930971
L1_time+L5_pyramid,48,2026-07,-561.3691501985104,-0.011227383003970208
L1_time+L5_pyramid,49,2025-08,-2223.666204204434,-0.04447332408408868
L1_time+L5_pyramid,49,2025-09,2731.812729350302,0.05463625458700604
L1_time+L5_pyramid,49,2025-10,-2135.7428501766735,-0.04271485700353347
L1_time+L5_pyramid,49,2025-11,-394.28924882368983,-0.007885784976473796
L1_time+L5_pyramid,49,2025-12,-238.12870712224867,-0.004762574142444974
L1_time+L5_pyramid,49,2026-01,-518.2358033925939,-0.010364716067851878
L1_time+L5_pyramid,49,2026-02,-11.31455121682211,-0.0002262910243364422
L1_time+L5_pyramid,49,2026-03,-300.68384837258145,-0.006013676967451629
L1_time+L5_pyramid,49,2026-04,1908.8109178699297,0.038176218357398595
L1_time+L5_pyramid,49,2026-05,498.67671751390753,0.009973534350278151
L1_time+L5_pyramid,49,2026-06,-1167.9489848596877,-0.023358979697193753
L1_time+L5_pyramid,49,2026-07,-60.85251320193311,-0.0012170502640386621
L1_time+L5_pyramid,50,2025-08,-275.13313761089466,-0.005502662752217893
L1_time+L5_pyramid,50,2025-09,2613.70132859746,0.0522740265719492
L1_time+L5_pyramid,50,2025-10,-2155.1664928939235,-0.04310332985787847
L1_time+L5_pyramid,50,2025-11,-166.96065059043576,-0.003339213011808715
L1_time+L5_pyramid,50,2025-12,-503.4351572272035,-0.01006870314454407
L1_time+L5_pyramid,50,2026-01,-175.44662478637383,-0.0035089324957274766
L1_time+L5_pyramid,50,2026-02,16.98887340827423,0.0003397774681654846
L1_time+L5_pyramid,50,2026-03,-640.8721291954716,-0.012817442583909433
L1_time+L5_pyramid,50,2026-04,-177.733420340669,-0.00355466840681338
L1_time+L5_pyramid,50,2026-05,877.0442324974592,0.017540884649949184
L1_time+L5_pyramid,50,2026-06,-1403.5810022119422,-0.028071620044238844
L1_time+L5_pyramid,50,2026-07,126.43153478159365,0.0025286306956318733
L1_time+L5_pyramid,51,2025-08,-174.50461042714596,-0.0034900922085429192
L1_time+L5_pyramid,51,2025-09,604.8917284337031,0.012097834568674061
L1_time+L5_pyramid,51,2025-10,630.1262176093323,0.012602524352186647
L1_time+L5_pyramid,51,2025-11,-1490.2999085428587,-0.029805998170857172
L1_time+L5_pyramid,51,2025-12,-123.06731635698088,-0.0024613463271396176
L1_time+L5_pyramid,51,2026-01,2037.7289878568681,0.04075457975713736
L1_time+L5_pyramid,51,2026-02,343.6194009720193,0.006872388019440386
L1_time+L5_pyramid,51,2026-03,-1530.66871932928,-0.030613374386585603
L1_time+L5_pyramid,51,2026-04,912.0201164737869,0.018240402329475738
L1_time+L5_pyramid,51,2026-05,789.2733600838137,0.015785467201676274
L1_time+L5_pyramid,51,2026-06,2400.70580806434,0.0480141161612868
L1_time+L5_pyramid,51,2026-07,-477.53400547553156,-0.00955068010951063
L1_time+L5_pyramid,52,2025-08,985.3068401724631,0.01970613680344926
L1_time+L5_pyramid,52,2025-09,-4.148200098970847,-8.296400197941693e-05
L1_time+L5_pyramid,52,2025-10,-129.81171830880976,-0.002596234366176195
L1_time+L5_pyramid,52,2025-11,-1097.4276762275667,-0.021948553524551336
L1_time+L5_pyramid,52,2025-12,-180.78233182156146,-0.003615646636431229
L1_time+L5_pyramid,52,2026-01,665.6793269450745,0.01331358653890149
L1_time+L5_pyramid,52,2026-02,841.8687307957834,0.016837374615915668
L1_time+L5_pyramid,52,2026-03,-1514.10005870838,-0.0302820011741676
L1_time+L5_pyramid,52,2026-04,729.2496877229396,0.014584993754458792
L1_time+L5_pyramid,52,2026-05,1417.6961156785355,0.02835392231357071
L1_time+L5_pyramid,52,2026-06,-72.87749025187713,-0.0014575498050375427
L1_time+L5_pyramid,52,2026-07,-123.352823567212,-0.00246705647134424
L1_time+L5_pyramid,53,2025-08,-728.9523180177212,-0.014579046360354423
L1_time+L5_pyramid,53,2025-09,3144.162325935773,0.06288324651871546
L1_time+L5_pyramid,53,2025-10,2849.823904457784,0.05699647808915568
L1_time+L5_pyramid,53,2025-11,-235.85195278155788,-0.004717039055631158
L1_time+L5_pyramid,53,2025-12,67.64313619207496,0.0013528627238414991
L1_time+L5_pyramid,53,2026-01,1504.905573179677,0.030098111463593542
L1_time+L5_pyramid,53,2026-02,-117.35837949699453,-0.0023471675899398906
L1_time+L5_pyramid,53,2026-03,-672.3924748247555,-0.01344784949649511
L1_time+L5_pyramid,53,2026-04,1985.8531083643593,0.03971706216728719
L1_time+L5_pyramid,53,2026-05,3386.052864528314,0.06772105729056628
L1_time+L5_pyramid,53,2026-06,-539.6187394183953,-0.010792374788367906
L1_time+L5_pyramid,53,2026-07,-95.87823922710413,-0.0019175647845420826
L1_time+L5_pyramid,54,2025-08,-246.553685554637,-0.0049310737110927405
L1_time+L5_pyramid,54,2025-09,-209.39322742059812,-0.004187864548411963
L1_time+L5_pyramid,54,2025-10,-400.2661962405937,-0.008005323924811873
L1_time+L5_pyramid,54,2025-11,29.564735668023786,0.0005912947133604757
L1_time+L5_pyramid,54,2025-12,-263.78507076315236,-0.005275701415263047
L1_time+L5_pyramid,54,2026-01,631.5263138538312,0.012630526277076623
L1_time+L5_pyramid,54,2026-02,338.63299713077595,0.006772659942615519
L1_time+L5_pyramid,54,2026-03,-203.86849471634378,-0.0040773698943268755
L1_time+L5_pyramid,54,2026-04,-58.12804670443711,-0.0011625609340887423
L1_time+L5_pyramid,54,2026-05,-685.1397984152982,-0.013702795968305963
L1_time+L5_pyramid,54,2026-06,-270.3741617261694,-0.005407483234523388
L1_time+L5_pyramid,54,2026-07,-20.082836184913504,-0.00040165672369827006
L1_time+L5_pyramid,55,2025-08,82.51131747817544,0.0016502263495635089
L1_time+L5_pyramid,55,2025-09,-106.75269543800914,-0.002135053908760183
L1_time+L5_pyramid,55,2025-10,-75.37196482045056,-0.0015074392964090112
L1_time+L5_pyramid,55,2025-11,143.00415311327015,0.002860083062265403
L1_time+L5_pyramid,55,2025-12,-54.64265882180189,-0.0010928531764360378
L1_time+L5_pyramid,55,2026-01,-455.0925328292551,-0.009101850656585102
L1_time+L5_pyramid,55,2026-02,627.429069941224,0.01254858139882448
L1_time+L5_pyramid,55,2026-03,-710.9755912369765,-0.014219511824739529
L1_time+L5_pyramid,55,2026-04,47.16357146988503,0.0009432714293977005
L1_time+L5_pyramid,55,2026-05,-109.51265614974727,-0.0021902531229949455
L1_time+L5_pyramid,55,2026-06,-195.455508311421,-0.00390911016622842
L1_time+L5_pyramid,55,2026-07,41.99987741997484,0.0008399975483994967
L1_time+L5_pyramid,56,2025-08,-1628.2577913863192,-0.032565155827726386
L1_time+L5_pyramid,56,2025-09,2445.821362324895,0.0489164272464979
L1_time+L5_pyramid,56,2025-10,340.65196732296226,0.006813039346459245
L1_time+L5_pyramid,56,2025-11,-561.3514926061184,-0.011227029852122369
L1_time+L5_pyramid,56,2025-12,-306.29758376261634,-0.006125951675252326
L1_time+L5_pyramid,56,2026-01,1081.3247735800342,0.021626495471600685
L1_time+L5_pyramid,56,2026-02,137.1401262410791,0.002742802524821582
L1_time+L5_pyramid,56,2026-03,-958.0256570047695,-0.01916051314009539
L1_time+L5_pyramid,56,2026-04,757.3380054335066,0.015146760108670132
L1_time+L5_pyramid,56,2026-05,-209.8671767365886,-0.004197343534731772
L1_time+L5_pyramid,56,2026-06,-201.28157734025172,-0.004025631546805034
L1_time+L5_pyramid,56,2026-07,-509.3140773850291,-0.010186281547700583
L1_time+L5_pyramid,57,2025-08,105.54270381283641,0.002110854076256728
L1_time+L5_pyramid,57,2025-09,4122.456714977764,0.08244913429955528
L1_time+L5_pyramid,57,2025-10,-1602.1453785516323,-0.03204290757103265
L1_time+L5_pyramid,57,2025-11,-1578.3567886293827,-0.03156713577258766
L1_time+L5_pyramid,57,2025-12,-823.0689410882333,-0.016461378821764665
L1_time+L5_pyramid,57,2026-01,-268.66033488989615,-0.005373206697797923
L1_time+L5_pyramid,57,2026-02,-107.33302429374635,-0.002146660485874927
L1_time+L5_pyramid,57,2026-03,-382.5378006065321,-0.007650756012130642
L1_time+L5_pyramid,57,2026-04,1212.2739164896598,0.024245478329793197
L1_time+L5_pyramid,57,2026-05,1652.4441080911465,0.03304888216182293
L1_time+L5_pyramid,57,2026-06,727.2790940515297,0.014545581881030594
L1_time+L5_pyramid,57,2026-07,72.84543378770923,0.0014569086757541844
L1_time+L5_pyramid,58,2025-08,357.9809008914717,0.0071596180178294345
L1_time+L5_pyramid,58,2025-09,4314.515113765244,0.08629030227530488
L1_time+L5_pyramid,58,2025-10,-1296.8009752775843,-0.025936019505551685
L1_time+L5_pyramid,58,2025-11,-394.3836350549336,-0.007887672701098672
L1_time+L5_pyramid,58,2025-12,-512.987077027703,-0.01025974154055406
L1_time+L5_pyramid,58,2026-01,1763.1266825212888,0.035262533650425774
L1_time+L5_pyramid,58,2026-02,298.3725254606479,0.005967450509212958
L1_time+L5_pyramid,58,2026-03,-940.8084805170965,-0.01881616961034193
L1_time+L5_pyramid,58,2026-04,691.7874878509538,0.013835749757019076
L1_time+L5_pyramid,58,2026-05,2547.7902916038583,0.050955805832077164
L1_time+L5_pyramid,58,2026-06,-1731.4940679602378,-0.03462988135920476
L1_time+L5_pyramid,58,2026-07,-194.61489227814218,-0.0038922978455628436
L1_time+L5_pyramid,59,2025-08,-544.7904624880766,-0.010895809249761532
L1_time+L5_pyramid,59,2025-09,48.02479441869309,0.0009604958883738618
L1_time+L5_pyramid,59,2025-10,-352.81050501028676,-0.0070562101002057355
L1_time+L5_pyramid,59,2025-11,-80.19430914125041,-0.0016038861828250083
L1_time+L5_pyramid,59,2025-12,-433.4568603432763,-0.008669137206865525
L1_time+L5_pyramid,59,2026-01,900.0780516965797,0.018001561033931593
L1_time+L5_pyramid,59,2026-02,530.7089533860471,0.010614179067720943
L1_time+L5_pyramid,59,2026-03,-1139.5490731315667,-0.022790981462631334
L1_time+L5_pyramid,59,2026-04,214.76731759369613,0.004295346351873923
L1_time+L5_pyramid,59,2026-05,664.8652024949206,0.013297304049898411
L1_time+L5_pyramid,59,2026-06,-51.145438515467504,-0.00102290877030935
L1_time+L5_pyramid,59,2026-07,-35.403284995479225,-0.0007080656999095845
L1_time+L5_pyramid,60,2025-08,-691.956203933235,-0.0138391240786647
L1_time+L5_pyramid,60,2025-09,1445.6037930218681,0.028912075860437363
L1_time+L5_pyramid,60,2025-10,557.2049740875455,0.01114409948175091
L1_time+L5_pyramid,60,2025-11,-1062.8254646748428,-0.021256509293496855
L1_time+L5_pyramid,60,2025-12,-171.1135848462145,-0.00342227169692429
L1_time+L5_pyramid,60,2026-01,779.3358427998492,0.015586716855996984
L1_time+L5_pyramid,60,2026-02,998.4520036743415,0.01996904007348683
L1_time+L5_pyramid,60,2026-03,-294.06383738485874,-0.0058812767476971745
L1_time+L5_pyramid,60,2026-04,-517.7294859592348,-0.010354589719184695
L1_time+L5_pyramid,60,2026-05,-62.73812995316075,-0.001254762599063215
L1_time+L5_pyramid,60,2026-06,-209.72758453835922,-0.004194551690767184
L1_time+L5_pyramid,60,2026-07,-775.1490828880978,-0.015502981657761957
L1_time+L5_pyramid,61,2025-08,-2398.3368348672216,-0.04796673669734443
L1_time+L5_pyramid,61,2025-09,1743.1489424976762,0.03486297884995353
L1_time+L5_pyramid,61,2025-10,2097.1116493778854,0.04194223298755771
L1_time+L5_pyramid,61,2025-11,-657.5286317594368,-0.013150572635188738
L1_time+L5_pyramid,61,2025-12,-231.97395510246315,-0.004639479102049263
L1_time+L5_pyramid,61,2026-01,1366.3955435529715,0.02732791087105943
L1_time+L5_pyramid,61,2026-02,107.46047199893474,0.0021492094399786946
L1_time+L5_pyramid,61,2026-03,-731.9974675395133,-0.014639949350790266
L1_time+L5_pyramid,61,2026-04,36.451506960401275,0.0007290301392080255
L1_time+L5_pyramid,61,2026-05,2737.2310614297057,0.054744621228594116
L1_time+L5_pyramid,61,2026-06,133.70521217560963,0.0026741042435121927
L1_time+L5_pyramid,61,2026-07,-503.00179544417006,-0.010060035908883401
L1_time+L5_pyramid,62,2025-08,-1667.830454385126,-0.03335660908770252
L1_time+L5_pyramid,62,2025-09,827.5471336060555,0.016550942672121108
L1_time+L5_pyramid,62,2025-10,39.197076744078004,0.0007839415348815601
L1_time+L5_pyramid,62,2025-11,-941.6934252872538,-0.018833868505745078
L1_time+L5_pyramid,62,2025-12,-125.84416228558075,-0.002516883245711615
L1_time+L5_pyramid,62,2026-01,31.883448320827483,0.0006376689664165496
L1_time+L5_pyramid,62,2026-02,-412.82672376362916,-0.008256534475272583
L1_time+L5_pyramid,62,2026-03,235.72072940062662,0.004714414588012533
L1_time+L5_pyramid,62,2026-04,301.73354732936514,0.006034670946587303
L1_time+L5_pyramid,62,2026-05,64.81947237203349,0.0012963894474406698
L1_time+L5_pyramid,62,2026-06,-35.373695665556625,-0.0007074739133111325
L1_time+L5_pyramid,62,2026-07,-80.15772388016012,-0.0016031544776032023
L1_time+L5_pyramid,63,2025-08,-111.99216405371862,-0.0022398432810743726
L1_time+L5_pyramid,63,2025-09,928.3722834977307,0.018567445669954614
L1_time+L5_pyramid,63,2025-10,433.34350265915236,0.008666870053183047
L1_time+L5_pyramid,63,2025-11,-1574.3857968123966,-0.03148771593624793
L1_time+L5_pyramid,63,2025-12,-142.37560473086432,-0.0028475120946172866
L1_time+L5_pyramid,63,2026-01,65.16093010109853,0.0013032186020219706
L1_time+L5_pyramid,63,2026-02,-152.2277343010328,-0.0030445546860206557
L1_time+L5_pyramid,63,2026-03,-484.6065070250488,-0.009692130140500976
L1_time+L5_pyramid,63,2026-04,-76.09745286231828,-0.0015219490572463655
L1_time+L5_pyramid,63,2026-05,-178.36515751576826,-0.003567303150315365
L1_time+L5_pyramid,63,2026-06,-91.27856332156625,-0.0018255712664313251
L1_time+L5_pyramid,63,2026-07,129.44582036446081,0.0025889164072892164
L1_time+L5_pyramid,64,2025-08,-95.95648959141636,-0.0019191297918283272
L1_time+L5_pyramid,64,2025-09,520.0184714829329,0.010400369429658659
L1_time+L5_pyramid,64,2025-10,430.53840026017224,0.008610768005203445
L1_time+L5_pyramid,64,2025-11,112.5256736703559,0.002250513473407118
L1_time+L5_pyramid,64,2025-12,-134.81346265860157,-0.0026962692531720314
L1_time+L5_pyramid,64,2026-01,1907.3531377623012,0.03814706275524603
L1_time+L5_pyramid,64,2026-02,23.620453112835094,0.0004724090622567019
L1_time+L5_pyramid,64,2026-03,-1199.7649080722604,-0.023995298161445206
L1_time+L5_pyramid,64,2026-04,27.05259346344974,0.0005410518692689948
L1_time+L5_pyramid,64,2026-05,-14.49408002641394,-0.00028988160052827877
L1_time+L5_pyramid,64,2026-06,-319.59198675369134,-0.006391839735073827
L1_time+L5_pyramid,64,2026-07,166.01868585639113,0.0033203737171278226
L1_time+L5_pyramid,65,2025-08,409.31123884788303,0.00818622477695766
L1_time+L5_pyramid,65,2025-09,2763.2147738060394,0.05526429547612079
L1_time+L5_pyramid,65,2025-10,-2153.9789769701747,-0.043079579539403494
L1_time+L5_pyramid,65,2025-11,366.6196993707017,0.007332393987414034
L1_time+L5_pyramid,65,2025-12,-400.6981219969339,-0.008013962439938677
L1_time+L5_pyramid,65,2026-01,101.5397396292883,0.002030794792585766
L1_time+L5_pyramid,65,2026-02,711.8559766811577,0.014237119533623154
L1_time+L5_pyramid,65,2026-03,-1104.157725677388,-0.02208315451354776
L1_time+L5_pyramid,65,2026-04,-112.52453028781201,-0.0022504906057562403
L1_time+L5_pyramid,65,2026-05,784.957392588969,0.01569914785177938
L1_time+L5_pyramid,65,2026-06,-1341.1933996541584,-0.02682386799308317
L1_time+L5_pyramid,65,2026-07,107.26663486510279,0.0021453326973020557
L1_time+L5_pyramid,66,2025-08,-2452.1388748324475,-0.049042777496648954
L1_time+L5_pyramid,66,2025-09,124.91097525122404,0.002498219505024481
L1_time+L5_pyramid,66,2025-10,781.9679257443186,0.015639358514886372
L1_time+L5_pyramid,66,2025-11,-23.742421523133544,-0.00047484843046267087
L1_time+L5_pyramid,66,2025-12,66.17185300950223,0.0013234370601900446
L1_time+L5_pyramid,66,2026-01,2058.8535419313375,0.04117707083862675
L1_time+L5_pyramid,66,2026-02,-58.22414524323722,-0.0011644829048647444
L1_time+L5_pyramid,66,2026-03,-542.3824100442207,-0.010847648200884415
L1_time+L5_pyramid,66,2026-04,-12.02508780190783,-0.0002405017560381566
L1_time+L5_pyramid,66,2026-05,520.8653720292505,0.01041730744058501
L1_time+L5_pyramid,66,2026-06,-230.79587018966777,-0.004615917403793355
L1_time+L5_pyramid,66,2026-07,61.576470133119074,0.0012315294026623814
L1_time+L5_pyramid,67,2025-08,-419.15071696697123,-0.008383014339339424
L1_time+L5_pyramid,67,2025-09,88.69262969697229,0.0017738525939394458
L1_time+L5_pyramid,67,2025-10,-417.4055992431804,-0.008348111984863607
L1_time+L5_pyramid,67,2025-11,320.8683740524757,0.006417367481049514
L1_time+L5_pyramid,67,2025-12,-102.31703289662528,-0.0020463406579325056
L1_time+L5_pyramid,67,2026-01,-278.92412753152894,-0.0055784825506305785
L1_time+L5_pyramid,67,2026-02,573.2057461223367,0.011464114922446733
L1_time+L5_pyramid,67,2026-03,-457.3730450848916,-0.009147460901697832
L1_time+L5_pyramid,67,2026-04,496.5312028099861,0.009930624056199723
L1_time+L5_pyramid,67,2026-05,-306.7441698611465,-0.00613488339722293
L1_time+L5_pyramid,67,2026-06,0.0,0.0
L1_time+L5_pyramid,67,2026-07,696.9041382291625,0.01393808276458325
L1_time+L5_pyramid,68,2025-08,82.84229306500583,0.0016568458613001166
L1_time+L5_pyramid,68,2025-09,2725.7376781742987,0.05451475356348597
L1_time+L5_pyramid,68,2025-10,867.47965871612,0.0173495931743224
L1_time+L5_pyramid,68,2025-11,428.3363658785138,0.008566727317570275
L1_time+L5_pyramid,68,2025-12,-132.19484794710115,-0.002643896958942023
L1_time+L5_pyramid,68,2026-01,1122.7463823011294,0.02245492764602259
L1_time+L5_pyramid,68,2026-02,426.4635504725911,0.008529271009451823
L1_time+L5_pyramid,68,2026-03,-1017.7391258042835,-0.02035478251608567
L1_time+L5_pyramid,68,2026-04,296.3491263236847,0.0059269825264736935
L1_time+L5_pyramid,68,2026-05,1352.9124169562228,0.027058248339124458
L1_time+L5_pyramid,68,2026-06,-325.35579334596696,-0.006507115866919339
L1_time+L5_pyramid,68,2026-07,-254.29122722104967,-0.005085824544420994
L1_time+L5_pyramid,69,2025-08,-254.15703781224875,-0.0050831407562449745
L1_time+L5_pyramid,69,2025-09,1069.378421572368,0.021387568431447363
L1_time+L5_pyramid,69,2025-10,518.4271062466405,0.01036854212493281
L1_time+L5_pyramid,69,2025-11,-1779.6326655328085,-0.03559265331065617
L1_time+L5_pyramid,69,2025-12,-290.8911311793827,-0.005817822623587654
L1_time+L5_pyramid,69,2026-01,341.0802853921441,0.006821605707842882
L1_time+L5_pyramid,69,2026-02,253.41881440455109,0.005068376288091022
L1_time+L5_pyramid,69,2026-03,-668.808885362936,-0.013376177707258722
L1_time+L5_pyramid,69,2026-04,-109.95196718851275,-0.002199039343770255
L1_time+L5_pyramid,69,2026-05,32.34844534920194,0.0006469689069840388
L1_time+L5_pyramid,69,2026-06,-47.21524404276079,-0.0009443048808552158
L1_time+L5_pyramid,69,2026-07,23.85625695026556,0.00047712513900531123
L1_time+L5_pyramid,70,2025-08,226.46100562007905,0.004529220112401581
L1_time+L5_pyramid,70,2025-09,3304.6076571229414,0.06609215314245882
L1_time+L5_pyramid,70,2025-10,-1653.513810155282,-0.03307027620310564
L1_time+L5_pyramid,70,2025-11,-643.2965929086185,-0.01286593185817237
L1_time+L5_pyramid,70,2025-12,-382.5630564891162,-0.007651261129782324
L1_time+L5_pyramid,70,2026-01,-351.2455927945912,-0.0070249118558918236
L1_time+L5_pyramid,70,2026-02,1031.4926859908983,0.020629853719817966
L1_time+L5_pyramid,70,2026-03,-946.2859534019171,-0.018925719068038343
L1_time+L5_pyramid,70,2026-04,-205.40445966702737,-0.004108089193340547
L1_time+L5_pyramid,70,2026-05,1009.3308766044183,0.020186617532088367
L1_time+L5_pyramid,70,2026-06,-1391.8947253086162,-0.027837894506172325
L1_time+L5_pyramid,70,2026-07,-501.75634491350866,-0.010035126898270174
L1_time+L5_pyramid,71,2025-08,-889.5225008783673,-0.017790450017567346
L1_time+L5_pyramid,71,2025-09,-392.6003485685851,-0.007852006971371702
L1_time+L5_pyramid,71,2025-10,-283.5526692137719,-0.0056710533842754375
L1_time+L5_pyramid,71,2025-11,-636.0134266931996,-0.012720268533863991
L1_time+L5_pyramid,71,2025-12,-241.86980439345825,-0.004837396087869165
L1_time+L5_pyramid,71,2026-01,60.533950064095734,0.0012106790012819148
L1_time+L5_pyramid,71,2026-02,761.7278702811054,0.015234557405622108
L1_time+L5_pyramid,71,2026-03,-1039.5930607116006,-0.020791861214232012
L1_time+L5_pyramid,71,2026-04,1623.333196648387,0.03246666393296774
L1_time+L5_pyramid,71,2026-05,647.4156914827217,0.012948313829654435
L1_time+L5_pyramid,71,2026-06,2231.982713158065,0.0446396542631613
L1_time+L5_pyramid,71,2026-07,-201.77513957793326,-0.004035502791558665
L1_time+L5_pyramid,72,2025-08,320.2511796528288,0.006405023593056576
L1_time+L5_pyramid,72,2025-09,3235.062052985282,0.06470124105970565
L1_time+L5_pyramid,72,2025-10,-1316.4670630438322,-0.026329341260876646
L1_time+L5_pyramid,72,2025-11,310.64477535938204,0.00621289550718764
L1_time+L5_pyramid,72,2025-12,419.7433845865944,0.008394867691731887
L1_time+L5_pyramid,72,2026-01,982.9198604608055,0.01965839720921611
L1_time+L5_pyramid,72,2026-02,-241.50490232519587,-0.004830098046503918
L1_time+L5_pyramid,72,2026-03,40.31404011014001,0.0008062808022028002
L1_time+L5_pyramid,72,2026-04,-5.675215815269439,-0.00011350431630538879
L1_time+L5_pyramid,72,2026-05,321.8353095311886,0.006436706190623772
L1_time+L5_pyramid,72,2026-06,-1883.4231005481424,-0.03766846201096285
L1_time+L5_pyramid,72,2026-07,28.629798279963325,0.0005725959655992665
L1_time+L5_pyramid,73,2025-08,-106.05292805732279,-0.0021210585611464556
L1_time+L5_pyramid,73,2025-09,1448.290331393303,0.028965806627866058
L1_time+L5_pyramid,73,2025-10,141.94631259697871,0.002838926251939574
L1_time+L5_pyramid,73,2025-11,-997.6740213112444,-0.019953480426224888
L1_time+L5_pyramid,73,2025-12,-186.66966837516338,-0.0037333933675032676
L1_time+L5_pyramid,73,2026-01,1670.9285023346392,0.03341857004669278
L1_time+L5_pyramid,73,2026-02,1658.6481914574651,0.033172963829149305
L1_time+L5_pyramid,73,2026-03,-968.6640337677673,-0.019373280675355344
L1_time+L5_pyramid,73,2026-04,586.5154705072291,0.011730309410144583
L1_time+L5_pyramid,73,2026-05,-1148.5486674836156,-0.022970973349672314
L1_time+L5_pyramid,73,2026-06,-446.64018620232036,-0.008932803724046407
L1_time+L5_pyramid,73,2026-07,-79.7302991979077,-0.001594605983958154
L1_time+L5_pyramid,74,2025-08,465.9651063081892,0.009319302126163784
L1_time+L5_pyramid,74,2025-09,2151.74060550786,0.0430348121101572
L1_time+L5_pyramid,74,2025-10,770.0886379081758,0.015401772758163516
L1_time+L5_pyramid,74,2025-11,-164.9307874275064,-0.003298615748550128
L1_time+L5_pyramid,74,2025-12,-350.34223018621833,-0.007006844603724366
L1_time+L5_pyramid,74,2026-01,94.96291274677424,0.0018992582549354846
L1_time+L5_pyramid,74,2026-02,-569.7922116742357,-0.011395844233484713
L1_time+L5_pyramid,74,2026-03,-217.03994699569557,-0.004340798939913911
L1_time+L5_pyramid,74,2026-04,-0.689487752560126,-1.378975505120252e-05
L1_time+L5_pyramid,74,2026-05,10.526425096763887,0.00021052850193527774
L1_time+L5_pyramid,74,2026-06,7.69261847486996,0.0001538523694973992
L1_time+L5_pyramid,74,2026-07,167.9912575315875,0.00335982515063175
L1_time+L5_pyramid,75,2025-08,24.31681296573879,0.00048633625931477584
L1_time+L5_pyramid,75,2025-09,487.5977043322964,0.009751954086645928
L1_time+L5_pyramid,75,2025-10,-104.1092309573678,-0.002082184619147356
L1_time+L5_pyramid,75,2025-11,-686.8132350195565,-0.01373626470039113
L1_time+L5_pyramid,75,2025-12,-73.27300831517005,-0.001465460166303401
L1_time+L5_pyramid,75,2026-01,709.3770891851536,0.014187541783703073
L1_time+L5_pyramid,75,2026-02,1476.2024631142376,0.029524049262284753
L1_time+L5_pyramid,75,2026-03,-1548.1538615400068,-0.030963077230800135
L1_time+L5_pyramid,75,2026-04,176.39745894354564,0.0035279491788709127
L1_time+L5_pyramid,75,2026-05,-206.96916729184613,-0.004139383345836922
L1_time+L5_pyramid,75,2026-06,66.3976684085801,0.0013279533681716021
L1_time+L5_pyramid,75,2026-07,-636.3387584485881,-0.012726775168971763
L1_time+L5_pyramid,76,2025-08,-302.2083724094973,-0.0060441674481899466
L1_time+L5_pyramid,76,2025-09,1402.090361292684,0.02804180722585368
L1_time+L5_pyramid,76,2025-10,324.41329126301207,0.006488265825260241
L1_time+L5_pyramid,76,2025-11,-1361.6146595766322,-0.027232293191532645
L1_time+L5_pyramid,76,2025-12,-181.8357632783509,-0.003636715265567018
L1_time+L5_pyramid,76,2026-01,1196.4878308524612,0.023929756617049224
L1_time+L5_pyramid,76,2026-02,1694.0586471821061,0.033881172943642124
L1_time+L5_pyramid,76,2026-03,-1749.8792360012458,-0.03499758472002491
L1_time+L5_pyramid,76,2026-04,231.41897926512593,0.004628379585302518
L1_time+L5_pyramid,76,2026-05,283.6477248517904,0.0056729544970358075
L1_time+L5_pyramid,76,2026-06,-174.27008821703657,-0.0034854017643407313
L1_time+L5_pyramid,76,2026-07,-233.60805974886807,-0.004672161194977362
L1_time+L5_pyramid,77,2025-08,241.8597848485815,0.0048371956969716304
L1_time+L5_pyramid,77,2025-09,1316.8776271414808,0.026337552542829618
L1_time+L5_pyramid,77,2025-10,1104.666176380063,0.02209332352760126
L1_time+L5_pyramid,77,2025-11,482.49720668260943,0.009649944133652189
L1_time+L5_pyramid,77,2025-12,641.4981394363103,0.012829962788726206
L1_time+L5_pyramid,77,2026-01,1152.3775694081369,0.023047551388162738
L1_time+L5_pyramid,77,2026-02,-537.2831249201918,-0.010745662498403835
L1_time+L5_pyramid,77,2026-03,-547.2762782785167,-0.010945525565570333
L1_time+L5_pyramid,77,2026-04,493.40703723370007,0.009868140744674
L1_time+L5_pyramid,77,2026-05,330.16067467284574,0.006603213493456915
L1_time+L5_pyramid,77,2026-06,-231.21467438904892,-0.004624293487780979
L1_time+L5_pyramid,77,2026-07,-71.31811420788017,-0.0014263622841576035
L1_time+L5_pyramid,78,2025-08,-671.6650402369241,-0.013433300804738483
L1_time+L5_pyramid,78,2025-09,-88.52395000176784,-0.0017704790000353569
L1_time+L5_pyramid,78,2025-10,-17.790962263074107,-0.00035581924526148213
L1_time+L5_pyramid,78,2025-11,-413.1774528059482,-0.008263549056118964
L1_time+L5_pyramid,78,2025-12,778.3217910829699,0.015566435821659397
L1_time+L5_pyramid,78,2026-01,-293.7957676531014,-0.005875915353062028
L1_time+L5_pyramid,78,2026-02,2051.093486786888,0.041021869735737765
L1_time+L5_pyramid,78,2026-03,-1307.6911282201136,-0.02615382256440227
L1_time+L5_pyramid,78,2026-04,1197.431363371797,0.02394862726743594
L1_time+L5_pyramid,78,2026-05,844.5989878704022,0.016891979757408044
L1_time+L5_pyramid,78,2026-06,1971.4705806427037,0.03942941161285407
L1_time+L5_pyramid,78,2026-07,-227.99734457380418,-0.0045599468914760835
L1_time+L5_pyramid,79,2025-08,-264.580304542259,-0.00529160609084518
L1_time+L5_pyramid,79,2025-09,2219.466907207082,0.04438933814414164
L1_time+L5_pyramid,79,2025-10,1550.3975127115427,0.031007950254230855
L1_time+L5_pyramid,79,2025-11,-251.9999347630419,-0.005039998695260838
L1_time+L5_pyramid,79,2025-12,-193.89993838895862,-0.0038779987677791724
L1_time+L5_pyramid,79,2026-01,747.517178016481,0.01495034356032962
L1_time+L5_pyramid,79,2026-02,-684.7778469769328,-0.013695556939538656
L1_time+L5_pyramid,79,2026-03,-63.43776399000126,-0.0012687552798000253
L1_time+L5_pyramid,79,2026-04,2594.1027896851165,0.05188205579370233
L1_time+L5_pyramid,79,2026-05,1903.597213089828,0.03807194426179656
L1_time+L5_pyramid,79,2026-06,-281.650331683707,-0.00563300663367414
L1_time+L5_pyramid,79,2026-07,209.32397948275593,0.004186479589655119
L1_time+L5_pyramid,80,2025-08,-396.9947823792154,-0.007939895647584308
L1_time+L5_pyramid,80,2025-09,-335.1466601055017,-0.006702933202110035
L1_time+L5_pyramid,80,2025-10,-314.9918671696978,-0.006299837343393956
L1_time+L5_pyramid,80,2025-11,-24.83007574199837,-0.0004966015148399674
L1_time+L5_pyramid,80,2025-12,-144.24558882717974,-0.002884911776543595
L1_time+L5_pyramid,80,2026-01,398.26324859048145,0.007965264971809629
L1_time+L5_pyramid,80,2026-02,941.7691505161129,0.018835383010322258
L1_time+L5_pyramid,80,2026-03,-1564.0734685522793,-0.03128146937104559
L1_time+L5_pyramid,80,2026-04,459.94253531331015,0.009198850706266203
L1_time+L5_pyramid,80,2026-05,-173.38749639831713,-0.0034677499279663427
L1_time+L5_pyramid,80,2026-06,-130.81430733737216,-0.002616286146747443
L1_time+L5_pyramid,80,2026-07,201.54303033690485,0.004030860606738097
L1_time+L5_pyramid,81,2025-08,-72.07621247093903,-0.0014415242494187806
L1_time+L5_pyramid,81,2025-09,167.29926802398313,0.0033459853604796627
L1_time+L5_pyramid,81,2025-10,-186.53842870905373,-0.003730768574181075
L1_time+L5_pyramid,81,2025-11,-360.4896080836643,-0.0072097921616732855
L1_time+L5_pyramid,81,2025-12,-79.001321907077,-0.00158002643814154
L1_time+L5_pyramid,81,2026-01,314.43604894408145,0.006288720978881629
L1_time+L5_pyramid,81,2026-02,785.3822362064939,0.015707644724129877
L1_time+L5_pyramid,81,2026-03,-853.0818968701733,-0.017061637937403465
L1_time+L5_pyramid,81,2026-04,1123.5289314786478,0.022470578629572954
L1_time+L5_pyramid,81,2026-05,-270.6659720979387,-0.005413319441958774
L1_time+L5_pyramid,81,2026-06,-34.50978654564278,-0.0006901957309128556
L1_time+L5_pyramid,81,2026-07,26.077352743246593,0.0005215470548649319
L1_time+L5_pyramid,82,2025-08,1039.2462660262345,0.02078492532052469
L1_time+L5_pyramid,82,2025-09,4314.625714964256,0.08629251429928513
L1_time+L5_pyramid,82,2025-10,-1506.379575338192,-0.030127591506763838
L1_time+L5_pyramid,82,2025-11,183.38194100796227,0.003667638820159245
L1_time+L5_pyramid,82,2025-12,-875.0022790617058,-0.01750004558123412
L1_time+L5_pyramid,82,2026-01,710.8498734719369,0.014216997469438738
L1_time+L5_pyramid,82,2026-02,1013.5967295025248,0.020271934590050496
L1_time+L5_pyramid,82,2026-03,-801.428699389312,-0.01602857398778624
L1_time+L5_pyramid,82,2026-04,972.0650749974257,0.019441301499948514
L1_time+L5_pyramid,82,2026-05,1038.1401134711632,0.020762802269423265
L1_time+L5_pyramid,82,2026-06,-1990.815971848324,-0.03981631943696648
L1_time+L5_pyramid,82,2026-07,-128.57041873482103,-0.0025714083746964204
L1_time+L5_pyramid,83,2025-08,339.5646574622806,0.006791293149245612
L1_time+L5_pyramid,83,2025-09,873.7738745290653,0.017475477490581308
L1_time+L5_pyramid,83,2025-10,-382.90311963577096,-0.007658062392715419
L1_time+L5_pyramid,83,2025-11,-286.6458396147368,-0.005732916792294736
L1_time+L5_pyramid,83,2025-12,-396.98505508587914,-0.007939701101717583
L1_time+L5_pyramid,83,2026-01,174.62656047328073,0.0034925312094656147
L1_time+L5_pyramid,83,2026-02,-364.26440227718194,-0.007285288045543639
L1_time+L5_pyramid,83,2026-03,795.8334875766168,0.015916669751532334
L1_time+L5_pyramid,83,2026-04,1639.797723360552,0.03279595446721104
L1_time+L5_pyramid,83,2026-05,762.3257316543022,0.015246514633086045
L1_time+L5_pyramid,83,2026-06,2013.4251782272895,0.04026850356454579
L1_time+L5_pyramid,83,2026-07,6.113196961795438,0.00012226393923590875
L1_time+L5_pyramid,84,2025-08,-185.46057693738112,-0.0037092115387476225
L1_time+L5_pyramid,84,2025-09,291.2198619911351,0.005824397239822702
L1_time+L5_pyramid,84,2025-10,-132.50326389030488,-0.0026500652778060976
L1_time+L5_pyramid,84,2025-11,-131.58803029390947,-0.0026317606058781895
L1_time+L5_pyramid,84,2025-12,-97.7477252576009,-0.001954954505152018
L1_time+L5_pyramid,84,2026-01,-289.46255550435217,-0.005789251110087043
L1_time+L5_pyramid,84,2026-02,703.4301046693417,0.014068602093386834
L1_time+L5_pyramid,84,2026-03,-419.18360732216115,-0.008383672146443224
L1_time+L5_pyramid,84,2026-04,-259.4968877089186,-0.005189937754178372
L1_time+L5_pyramid,84,2026-05,-1305.1700980490868,-0.026103401960981737
L1_time+L5_pyramid,84,2026-06,-676.3559712748001,-0.013527119425496004
L1_time+L5_pyramid,84,2026-07,-5.333283419899999,-0.00010666566839799998
L1_time+L5_pyramid,85,2025-08,-231.81417166359552,-0.00463628343327191
L1_time+L5_pyramid,85,2025-09,-39.57089158463987,-0.0007914178316927973
L1_time+L5_pyramid,85,2025-10,36.67459563893135,0.0007334919127786271
L1_time+L5_pyramid,85,2025-11,-65.23042119547608,-0.0013046084239095217
L1_time+L5_pyramid,85,2025-12,97.9840240177382,0.001959680480354764
L1_time+L5_pyramid,85,2026-01,2683.2975225602686,0.05366595045120537
L1_time+L5_pyramid,85,2026-02,1042.7678760333156,0.02085535752066631
L1_time+L5_pyramid,85,2026-03,-1175.480038590712,-0.02350960077181424
L1_time+L5_pyramid,85,2026-04,1029.2434737773829,0.020584869475547656
L1_time+L5_pyramid,85,2026-05,263.70203914498416,0.005274040782899683
L1_time+L5_pyramid,85,2026-06,16.055229734133718,0.00032110459468267437
L1_time+L5_pyramid,85,2026-07,-166.17507416769604,-0.0033235014833539207
L1_time+L5_pyramid,86,2025-08,-2211.80028735344,-0.044236005747068805
L1_time+L5_pyramid,86,2025-09,1616.5307413923756,0.03233061482784751
L1_time+L5_pyramid,86,2025-10,908.4672226165994,0.01816934445233199
L1_time+L5_pyramid,86,2025-11,-442.53789373668724,-0.008850757874733745
L1_time+L5_pyramid,86,2025-12,-172.43621358682958,-0.003448724271736592
L1_time+L5_pyramid,86,2026-01,1477.7879274151028,0.029555758548302054
L1_time+L5_pyramid,86,2026-02,1215.4089595316573,0.024308179190633144
L1_time+L5_pyramid,86,2026-03,-1206.2415228681375,-0.02412483045736275
L1_time+L5_pyramid,86,2026-04,326.40966116305026,0.006528193223261005
L1_time+L5_pyramid,86,2026-05,1637.522564593658,0.03275045129187316
L1_time+L5_pyramid,86,2026-06,-237.79802585031484,-0.004755960517006297
L1_time+L5_pyramid,86,2026-07,-158.66707958458665,-0.003173341591691733
L1_time+L5_pyramid,87,2025-08,-7.584200441404391,-0.00015168400882808783
L1_time+L5_pyramid,87,2025-09,-16.934020664505624,-0.0003386804132901125
L1_time+L5_pyramid,87,2025-10,72.83405621214479,0.0014566811242428957
L1_time+L5_pyramid,87,2025-11,-566.698909613764,-0.01133397819227528
L1_time+L5_pyramid,87,2025-12,-172.50920864697582,-0.0034501841729395162
L1_time+L5_pyramid,87,2026-01,1404.766237418139,0.028095324748362783
L1_time+L5_pyramid,87,2026-02,919.4915217503822,0.018389830435007644
L1_time+L5_pyramid,87,2026-03,-1408.2062055515735,-0.02816412411103147
L1_time+L5_pyramid,87,2026-04,819.2568467486144,0.01638513693497229
L1_time+L5_pyramid,87,2026-05,-76.19721382215084,-0.0015239442764430169
L1_time+L5_pyramid,87,2026-06,-217.40224087829665,-0.004348044817565933
L1_time+L5_pyramid,87,2026-07,25.49970974824373,0.0005099941949648746
L1_time+L5_pyramid,88,2025-08,-291.21580156678556,-0.005824316031335711
L1_time+L5_pyramid,88,2025-09,1796.1133285750648,0.03592226657150129
L1_time+L5_pyramid,88,2025-10,1945.3690659740614,0.03890738131948123
L1_time+L5_pyramid,88,2025-11,-737.0795128583795,-0.01474159025716759
L1_time+L5_pyramid,88,2025-12,9.046195935587093,0.00018092391871174187
L1_time+L5_pyramid,88,2026-01,1217.1882312315092,0.024343764624630185
L1_time+L5_pyramid,88,2026-02,-16.303632229280993,-0.00032607264458561986
L1_time+L5_pyramid,88,2026-03,-1186.1352964241232,-0.023722705928482465
L1_time+L5_pyramid,88,2026-04,562.0994417103393,0.011241988834206787
L1_time+L5_pyramid,88,2026-05,1174.4456526030563,0.023488913052061126
L1_time+L5_pyramid,88,2026-06,179.5449878683812,0.003590899757367624
L1_time+L5_pyramid,88,2026-07,-450.1138484023968,-0.009002276968047935
L1_time+L5_pyramid,89,2025-08,-1829.1556179041595,-0.03658311235808319
L1_time+L5_pyramid,89,2025-09,-360.4454364366675,-0.00720890872873335
L1_time+L5_pyramid,89,2025-10,66.98981112029742,0.0013397962224059483
L1_time+L5_pyramid,89,2025-11,-639.6122530351354,-0.012792245060702707
L1_time+L5_pyramid,89,2025-12,-103.06138204328727,-0.002061227640865745
L1_time+L5_pyramid,89,2026-01,520.3686603771621,0.010407373207543242
L1_time+L5_pyramid,89,2026-02,73.39891172386615,0.001467978234477323
L1_time+L5_pyramid,89,2026-03,-555.1486522140603,-0.011102973044281208
L1_time+L5_pyramid,89,2026-04,149.06474876298125,0.002981294975259625
L1_time+L5_pyramid,89,2026-05,-768.3102222445441,-0.015366204444890882
L1_time+L5_pyramid,89,2026-06,18.98727632606824,0.00037974552652136483
L1_time+L5_pyramid,89,2026-07,-47.51127423816615,-0.0009502254847633231
L1_time+L5_pyramid,90,2025-08,-290.9392869186531,-0.005818785738373062
L1_time+L5_pyramid,90,2025-09,1820.5585035206768,0.036411170070413536
L1_time+L5_pyramid,90,2025-10,1738.2945669462324,0.034765891338924645
L1_time+L5_pyramid,90,2025-11,-506.71285620683193,-0.01013425712413664
L1_time+L5_pyramid,90,2025-12,33.71448054754728,0.0006742896109509457
L1_time+L5_pyramid,90,2026-01,1038.9283171106363,0.020778566342212725
L1_time+L5_pyramid,90,2026-02,1131.3361588800617,0.022626723177601234
L1_time+L5_pyramid,90,2026-03,-1123.742940146215,-0.0224748588029243
L1_time+L5_pyramid,90,2026-04,-168.65993095562226,-0.0033731986191124453
L1_time+L5_pyramid,90,2026-05,2239.3967436593675,0.04478793487318735
L1_time+L5_pyramid,90,2026-06,-269.22944606663805,-0.005384588921332761
L1_time+L5_pyramid,90,2026-07,-98.27562603727165,-0.001965512520745433
L1_time+L5_pyramid,91,2025-08,6.939480538321732,0.00013878961076643464
L1_time+L5_pyramid,91,2025-09,1424.9224063395031,0.028498448126790064
L1_time+L5_pyramid,91,2025-10,1770.891334208245,0.035417826684164905
L1_time+L5_pyramid,91,2025-11,-285.94544203782334,-0.005718908840756467
L1_time+L5_pyramid,91,2025-12,-54.752256543964904,-0.001095045130879298
L1_time+L5_pyramid,91,2026-01,1362.4317882218365,0.02724863576443673
L1_time+L5_pyramid,91,2026-02,506.0943109796981,0.010121886219593961
L1_time+L5_pyramid,91,2026-03,-2000.4904523570885,-0.04000980904714177
L1_time+L5_pyramid,91,2026-04,188.42550854583533,0.0037685101709167067
L1_time+L5_pyramid,91,2026-05,942.59016687038,0.0188518033374076
L1_time+L5_pyramid,91,2026-06,-155.76765956260897,-0.0031153531912521794
L1_time+L5_pyramid,91,2026-07,457.4403046944981,0.009148806093889962
L1_time+L5_pyramid,92,2025-08,-956.1458307193552,-0.019122916614387104
L1_time+L5_pyramid,92,2025-09,1319.321674512019,0.02638643349024038
L1_time+L5_pyramid,92,2025-10,1211.1559287965056,0.02422311857593011
L1_time+L5_pyramid,92,2025-11,-1268.163429890068,-0.025363268597801362
L1_time+L5_pyramid,92,2025-12,-214.4929617915559,-0.004289859235831118
L1_time+L5_pyramid,92,2026-01,268.76751060896913,0.005375350212179383
L1_time+L5_pyramid,92,2026-02,399.0451085471059,0.007980902170942118
L1_time+L5_pyramid,92,2026-03,-804.5286386982689,-0.01609057277396538
L1_time+L5_pyramid,92,2026-04,1877.6123240636252,0.037552246481272505
L1_time+L5_pyramid,92,2026-05,1137.6442368391763,0.022752884736783528
L1_time+L5_pyramid,92,2026-06,-304.9276257621095,-0.00609855251524219
L1_time+L5_pyramid,92,2026-07,-159.36965737340324,-0.003187393147468065
L1_time+L5_pyramid,93,2025-08,617.5352803728083,0.012350705607456165
L1_time+L5_pyramid,93,2025-09,-151.71468236332657,-0.0030342936472665316
L1_time+L5_pyramid,93,2025-10,9.235368593861494,0.0001847073718772299
L1_time+L5_pyramid,93,2025-11,-323.8018118819191,-0.006476036237638382
L1_time+L5_pyramid,93,2025-12,639.3629633202099,0.012787259266404198
L1_time+L5_pyramid,93,2026-01,-1258.1956782203242,-0.025163913564406483
L1_time+L5_pyramid,93,2026-02,96.00589149883945,0.001920117829976789
L1_time+L5_pyramid,93,2026-03,-229.5768718703539,-0.004591537437407078
L1_time+L5_pyramid,93,2026-04,206.56063837915008,0.004131212767583002
L1_time+L5_pyramid,93,2026-05,1076.3492750545047,0.021526985501090095
L1_time+L5_pyramid,93,2026-06,-58.81877697412983,-0.0011763755394825967
L1_time+L5_pyramid,93,2026-07,-32.754466773972126,-0.0006550893354794425
L1_time+L5_pyramid,94,2025-08,-2543.6172410966033,-0.050872344821932064
L1_time+L5_pyramid,94,2025-09,-129.283510200582,-0.0025856702040116396
L1_time+L5_pyramid,94,2025-10,68.88296255579644,0.0013776592511159289
L1_time+L5_pyramid,94,2025-11,-220.79178468064174,-0.004415835693612835
L1_time+L5_pyramid,94,2025-12,-224.79469058737232,-0.004495893811747446
L1_time+L5_pyramid,94,2026-01,123.77362088477912,0.0024754724176955824
L1_time+L5_pyramid,94,2026-02,-344.37184092478765,-0.006887436818495753
L1_time+L5_pyramid,94,2026-03,68.72351525004524,0.0013744703050009048
L1_time+L5_pyramid,94,2026-04,2688.5417196562094,0.05377083439312419
L1_time+L5_pyramid,94,2026-05,-275.19329045276845,-0.005503865809055369
L1_time+L5_pyramid,94,2026-06,-84.73783064592953,-0.0016947566129185906
L1_time+L5_pyramid,94,2026-07,-62.545203338779174,-0.0012509040667755835
L1_time+L5_pyramid,95,2025-08,-431.55072284347716,-0.008631014456869543
L1_time+L5_pyramid,95,2025-09,-623.1093099922109,-0.012462186199844218
L1_time+L5_pyramid,95,2025-10,-66.24929811827678,-0.0013249859623655357
L1_time+L5_pyramid,95,2025-11,-73.52775752592606,-0.0014705551505185212
L1_time+L5_pyramid,95,2025-12,-43.04806650885166,-0.0008609613301770332
L1_time+L5_pyramid,95,2026-01,-648.8475062541611,-0.012976950125083223
L1_time+L5_pyramid,95,2026-02,162.1612836268896,0.003243225672537792
L1_time+L5_pyramid,95,2026-03,-527.9106203001293,-0.010558212406002585
L1_time+L5_pyramid,95,2026-04,32.34402719369518,0.0006468805438739037
L1_time+L5_pyramid,95,2026-05,-1209.161092713607,-0.02418322185427214
L1_time+L5_pyramid,95,2026-06,57.95172768385419,0.0011590345536770838
L1_time+L5_pyramid,95,2026-07,-213.0685690250375,-0.00426137138050075
L1_time+L5_pyramid,96,2025-08,-810.7865211716635,-0.01621573042343327
L1_time+L5_pyramid,96,2025-09,-124.64488044982954,-0.002492897608996591
L1_time+L5_pyramid,96,2025-10,71.47218473647445,0.0014294436947294889
L1_time+L5_pyramid,96,2025-11,-466.5418469811375,-0.00933083693962275
L1_time+L5_pyramid,96,2025-12,-137.92379876488758,-0.0027584759752977517
L1_time+L5_pyramid,96,2026-01,349.88431732553363,0.006997686346510673
L1_time+L5_pyramid,96,2026-02,415.28272275449126,0.008305654455089826
L1_time+L5_pyramid,96,2026-03,-807.2055283430664,-0.01614411056686133
L1_time+L5_pyramid,96,2026-04,2089.3906664983597,0.04178781332996719
L1_time+L5_pyramid,96,2026-05,249.12288970694863,0.0049824577941389725
L1_time+L5_pyramid,96,2026-06,-315.2592035120033,-0.006305184070240066
L1_time+L5_pyramid,96,2026-07,16.80009545222765,0.000336001909044553
L1_time+L5_pyramid,97,2025-08,-23.41968957874178,-0.0004683937915748356
L1_time+L5_pyramid,97,2025-09,621.9130394105041,0.012438260788210082
L1_time+L5_pyramid,97,2025-10,60.980563324704235,0.0012196112664940846
L1_time+L5_pyramid,97,2025-11,540.83086039093,0.0108166172078186
L1_time+L5_pyramid,97,2025-12,-156.70228466855042,-0.0031340456933710084
L1_time+L5_pyramid,97,2026-01,299.37253361921375,0.005987450672384275
L1_time+L5_pyramid,97,2026-02,1246.849824584905,0.024936996491698102
L1_time+L5_pyramid,97,2026-03,-1259.37009728262,-0.025187401945652402
L1_time+L5_pyramid,97,2026-04,907.567347056247,0.01815134694112494
L1_time+L5_pyramid,97,2026-05,4.060939838306695,8.121879676613389e-05
L1_time+L5_pyramid,97,2026-06,7.553597632771016,0.0001510719526554203
L1_time+L5_pyramid,97,2026-07,-274.2598655922775,-0.00548519731184555
L1_time+L5_pyramid,98,2025-08,-238.97646164120943,-0.004779529232824188
L1_time+L5_pyramid,98,2025-09,1518.488269619007,0.030369765392380142
L1_time+L5_pyramid,98,2025-10,884.8167978786169,0.017696335957572338
L1_time+L5_pyramid,98,2025-11,-689.510271732298,-0.01379020543464596
L1_time+L5_pyramid,98,2025-12,-202.38058754649683,-0.004047611750929937
L1_time+L5_pyramid,98,2026-01,1698.3499195717968,0.03396699839143594
L1_time+L5_pyramid,98,2026-02,-93.67531506225168,-0.0018735063012450337
L1_time+L5_pyramid,98,2026-03,-419.7914726484305,-0.00839582945296861
L1_time+L5_pyramid,98,2026-04,0.47575605106703733,9.515121021340747e-06
L1_time+L5_pyramid,98,2026-05,1802.1643677906632,0.03604328735581326
L1_time+L5_pyramid,98,2026-06,-651.1088926411858,-0.013022177852823716
L1_time+L5_pyramid,98,2026-07,-100.25246139251249,-0.0020050492278502496
L1_time+L5_pyramid,99,2025-08,-326.6577912121302,-0.0065331558242426035
L1_time+L5_pyramid,99,2025-09,931.0731419112162,0.018621462838224325
L1_time+L5_pyramid,99,2025-10,434.89949724564485,0.008697989944912898
L1_time+L5_pyramid,99,2025-11,-1487.068013046131,-0.02974136026092262
L1_time+L5_pyramid,99,2025-12,-927.9526592102884,-0.018559053184205768
L1_time+L5_pyramid,99,2026-01,121.6730313494536,0.002433460626989072
L1_time+L5_pyramid,99,2026-02,-231.19576450134173,-0.004623915290026834
L1_time+L5_pyramid,99,2026-03,490.6010785000708,0.009812021570001416
L1_time+L5_pyramid,99,2026-04,1947.4064664096545,0.03894812932819309
L1_time+L5_pyramid,99,2026-05,-571.9866808976385,-0.01143973361795277
L1_time+L5_pyramid,99,2026-06,1684.71405870346,0.0336942811740692
L1_time+L5_pyramid,99,2026-07,16.74879001863428,0.0003349758003726856
L2_price+L3_pullback,0,2025-08,-61.81854466772802,-0.0012363708933545603
L2_price+L3_pullback,0,2025-09,2070.2826073295773,0.041405652146591546
L2_price+L3_pullback,0,2025-10,-759.2182050832034,-0.015184364101664068
L2_price+L3_pullback,0,2025-11,-500.3685826730052,-0.010007371653460105
L2_price+L3_pullback,0,2025-12,-137.32950827481454,-0.002746590165496291
L2_price+L3_pullback,0,2026-01,43.041786243184106,0.0008608357248636821
L2_price+L3_pullback,0,2026-02,5.703261092495268,0.00011406522184990536
L2_price+L3_pullback,0,2026-03,-719.6439059752493,-0.014392878119504985
L2_price+L3_pullback,0,2026-04,37.88073767773676,0.0007576147535547352
L2_price+L3_pullback,0,2026-05,1919.114775834978,0.03838229551669956
L2_price+L3_pullback,0,2026-06,-975.5083555735237,-0.019510167111470474
L2_price+L3_pullback,0,2026-07,103.77397267011293,0.0020754794534022583
L2_price+L3_pullback,1,2025-08,-286.55823494033757,-0.005731164698806752
L2_price+L3_pullback,1,2025-09,-3.768068860575113,-7.536137721150225e-05
L2_price+L3_pullback,1,2025-10,7.5818825505493805,0.00015163765101098762
L2_price+L3_pullback,1,2025-11,7.055696547747175,0.0001411139309549435
L2_price+L3_pullback,1,2025-12,-131.30598325964365,-0.002626119665192873
L2_price+L3_pullback,1,2026-01,-103.6416730828505,-0.00207283346165701
L2_price+L3_pullback,1,2026-02,146.3946899530374,0.002927893799060748
L2_price+L3_pullback,1,2026-03,-128.4998443085724,-0.002569996886171448
L2_price+L3_pullback,1,2026-04,-59.44777451023674,-0.0011889554902047349
L2_price+L3_pullback,1,2026-05,188.18957788995704,0.003763791557799141
L2_price+L3_pullback,1,2026-06,142.8343354705812,0.0028566867094116243
L2_price+L3_pullback,1,2026-07,-102.96773322105764,-0.002059354664421153
L2_price+L3_pullback,2,2025-08,-59.10349485193001,-0.0011820698970386
L2_price+L3_pullback,2,2025-09,1356.0580342952726,0.027121160685905452
L2_price+L3_pullback,2,2025-10,796.8497156772182,0.015936994313544364
L2_price+L3_pullback,2,2025-11,-49.38825032187833,-0.0009877650064375667
L2_price+L3_pullback,2,2025-12,-346.61116757129275,-0.006932223351425855
L2_price+L3_pullback,2,2026-01,13.771031487051914,0.0002754206297410383
L2_price+L3_pullback,2,2026-02,644.0033110649383,0.012880066221298767
L2_price+L3_pullback,2,2026-03,-117.25380446635609,-0.002345076089327122
L2_price+L3_pullback,2,2026-04,308.9127013861598,0.006178254027723196
L2_price+L3_pullback,2,2026-05,1368.6370459646623,0.027372740919293245
L2_price+L3_pullback,2,2026-06,-520.8157891586152,-0.010416315783172304
L2_price+L3_pullback,2,2026-07,-53.80764347834065,-0.001076152869566813
L2_price+L3_pullback,3,2025-08,-282.6610313747133,-0.005653220627494265
L2_price+L3_pullback,3,2025-09,106.37134154293835,0.002127426830858767
L2_price+L3_pullback,3,2025-10,407.19277442837847,0.00814385548856757
L2_price+L3_pullback,3,2025-11,60.31741957240138,0.0012063483914480275
L2_price+L3_pullback,3,2025-12,36.386581433394895,0.0007277316286678979
L2_price+L3_pullback,3,2026-01,419.8823174961208,0.008397646349922416
L2_price+L3_pullback,3,2026-02,356.0880297361391,0.007121760594722782
L2_price+L3_pullback,3,2026-03,-483.0863855200205,-0.00966172771040041
L2_price+L3_pullback,3,2026-04,35.37870199670033,0.0007075740399340066
L2_price+L3_pullback,3,2026-05,473.8932265533331,0.009477864531066662
L2_price+L3_pullback,3,2026-06,-156.6791678909758,-0.003133583357819516
L2_price+L3_pullback,3,2026-07,220.15465852385296,0.004403093170477059
L2_price+L3_pullback,4,2025-08,306.80563132155476,0.006136112626431095
L2_price+L3_pullback,4,2025-09,59.50272604737347,0.0011900545209474695
L2_price+L3_pullback,4,2025-10,671.3925708663119,0.013427851417326237
L2_price+L3_pullback,4,2025-11,-1395.6936479234564,-0.02791387295846913
L2_price+L3_pullback,4,2025-12,-275.21222776516333,-0.005504244555303267
L2_price+L3_pullback,4,2026-01,48.95294633387675,0.0009790589266775352
L2_price+L3_pullback,4,2026-02,301.1072313489767,0.006022144626979534
L2_price+L3_pullback,4,2026-03,-651.362510836223,-0.01302725021672446
L2_price+L3_pullback,4,2026-04,1017.7959145189952,0.020355918290379905
L2_price+L3_pullback,4,2026-05,659.9171739851627,0.013198343479703254
L2_price+L3_pullback,4,2026-06,1986.5175851367567,0.03973035170273513
L2_price+L3_pullback,4,2026-07,-184.33431007406398,-0.0036866862014812794
L2_price+L3_pullback,5,2025-08,180.38367371643199,0.0036076734743286398
L2_price+L3_pullback,5,2025-09,-41.2010827919994,-0.000824021655839988
L2_price+L3_pullback,5,2025-10,183.47320417858737,0.0036694640835717475
L2_price+L3_pullback,5,2025-11,208.20622277189068,0.004164124455437813
L2_price+L3_pullback,5,2025-12,-206.06829221814587,-0.004121365844362917
L2_price+L3_pullback,5,2026-01,-87.49555665458047,-0.0017499111330916094
L2_price+L3_pullback,5,2026-02,185.65132173148595,0.003713026434629719
L2_price+L3_pullback,5,2026-03,-16.429651180871588,-0.00032859302361743176
L2_price+L3_pullback,5,2026-04,439.49742133381096,0.00878994842667622
L2_price+L3_pullback,5,2026-05,-653.1979996318914,-0.013063959992637828
L2_price+L3_pullback,5,2026-06,21.938417971626222,0.00043876835943252446
L2_price+L3_pullback,5,2026-07,157.48838955454994,0.0031497677910909986
L2_price+L3_pullback,6,2025-08,293.0308975427588,0.005860617950855176
L2_price+L3_pullback,6,2025-09,1753.9022356929145,0.03507804471385829
L2_price+L3_pullback,6,2025-10,-970.6732195688182,-0.019413464391376364
L2_price+L3_pullback,6,2025-11,-170.0069175303006,-0.003400138350606012
L2_price+L3_pullback,6,2025-12,-134.66242077686275,-0.002693248415537255
L2_price+L3_pullback,6,2026-01,-31.141013940293305,-0.0006228202788058661
L2_price+L3_pullback,6,2026-02,10.133811162762868,0.00020267622325525735
L2_price+L3_pullback,6,2026-03,-269.7375882620818,-0.005394751765241635
L2_price+L3_pullback,6,2026-04,469.07677131120545,0.00938153542622411
L2_price+L3_pullback,6,2026-05,1297.2054382382667,0.02594410876476533
L2_price+L3_pullback,6,2026-06,-1089.4947189589038,-0.021789894379178075
L2_price+L3_pullback,6,2026-07,-5.8656820221422095,-0.00011731364044284419
L2_price+L3_pullback,7,2025-08,-25.239871392888745,-0.0005047974278577749
L2_price+L3_pullback,7,2025-09,53.39890092148107,0.0010679780184296214
L2_price+L3_pullback,7,2025-10,212.2775749673865,0.00424555149934773
L2_price+L3_pullback,7,2025-11,279.4249878221035,0.00558849975644207
L2_price+L3_pullback,7,2025-12,254.69370156229797,0.00509387403124596
L2_price+L3_pullback,7,2026-01,687.1898706338679,0.01374379741267736
L2_price+L3_pullback,7,2026-02,-27.17264330156104,-0.0005434528660312207
L2_price+L3_pullback,7,2026-03,-351.85839436749484,-0.007037167887349897
L2_price+L3_pullback,7,2026-04,331.7789264935518,0.006635578529871036
L2_price+L3_pullback,7,2026-05,-729.2953063976156,-0.014585906127952313
L2_price+L3_pullback,7,2026-06,-301.5776089011406,-0.006031552178022812
L2_price+L3_pullback,7,2026-07,185.10720188573305,0.003702144037714661
L2_price+L3_pullback,8,2025-08,-120.49683957264824,-0.002409936791452965
L2_price+L3_pullback,8,2025-09,374.77870426602203,0.0074955740853204405
L2_price+L3_pullback,8,2025-10,335.0121266813085,0.00670024253362617
L2_price+L3_pullback,8,2025-11,262.52695069492347,0.005250539013898469
L2_price+L3_pullback,8,2025-12,-172.88657437235815,-0.0034577314874471633
L2_price+L3_pullback,8,2026-01,454.9059298344828,0.009098118596689655
L2_price+L3_pullback,8,2026-02,-247.3536937254703,-0.004947073874509406
L2_price+L3_pullback,8,2026-03,-318.65742584041163,-0.006373148516808233
L2_price+L3_pullback,8,2026-04,202.26625208455425,0.004045325041691085
L2_price+L3_pullback,8,2026-05,464.58519245956813,0.009291703849191363
L2_price+L3_pullback,8,2026-06,74.14949697297561,0.0014829899394595122
L2_price+L3_pullback,8,2026-07,55.79833045763826,0.0011159666091527653
L2_price+L3_pullback,9,2025-08,296.7154513514579,0.005934309027029158
L2_price+L3_pullback,9,2025-09,1943.9250154876554,0.03887850030975311
L2_price+L3_pullback,9,2025-10,-807.1460634370414,-0.01614292126874083
L2_price+L3_pullback,9,2025-11,-291.18518971060075,-0.005823703794212015
L2_price+L3_pullback,9,2025-12,-107.421985998114,-0.0021484397199622797
L2_price+L3_pullback,9,2026-01,25.607533846957267,0.0005121506769391453
L2_price+L3_pullback,9,2026-02,91.29514102763278,0.0018259028205526557
L2_price+L3_pullback,9,2026-03,-135.11740777949126,-0.002702348155589825
L2_price+L3_pullback,9,2026-04,345.02371162693544,0.006900474232538709
L2_price+L3_pullback,9,2026-05,1348.9821750453038,0.026979643500906078
L2_price+L3_pullback,9,2026-06,-1206.8825421414658,-0.024137650842829317
L2_price+L3_pullback,9,2026-07,-20.35685265148004,-0.0004071370530296008
L2_price+L3_pullback,10,2025-08,-37.63291517486232,-0.0007526583034972463
L2_price+L3_pullback,10,2025-09,-51.45210033098647,-0.0010290420066197293
L2_price+L3_pullback,10,2025-10,-39.09897500637544,-0.0007819795001275088
L2_price+L3_pullback,10,2025-11,-87.79037687239907,-0.0017558075374479814
L2_price+L3_pullback,10,2025-12,-284.14122022631545,-0.005682824404526309
L2_price+L3_pullback,10,2026-01,429.9498836130915,0.00859899767226183
L2_price+L3_pullback,10,2026-02,331.9234642613901,0.0066384692852278025
L2_price+L3_pullback,10,2026-03,-739.7304797271818,-0.014794609594543635
L2_price+L3_pullback,10,2026-04,554.5865897197973,0.011091731794395945
L2_price+L3_pullback,10,2026-05,91.84502238427467,0.0018369004476854933
L2_price+L3_pullback,10,2026-06,-78.95952011316422,-0.0015791904022632844
L2_price+L3_pullback,10,2026-07,-69.9814987392001,-0.001399629974784002
L2_price+L3_pullback,11,2025-08,-202.880406052338,-0.00405760812104676
L2_price+L3_pullback,11,2025-09,-190.4976033287021,-0.003809952066574042
L2_price+L3_pullback,11,2025-10,-103.66236948381447,-0.0020732473896762894
L2_price+L3_pullback,11,2025-11,-186.06098972150903,-0.0037212197944301805
L2_price+L3_pullback,11,2025-12,-221.10819270759475,-0.004422163854151895
L2_price+L3_pullback,11,2026-01,66.85662184996636,0.0013371324369993271
L2_price+L3_pullback,11,2026-02,-568.0183438981167,-0.011360366877962333
L2_price+L3_pullback,11,2026-03,-419.75471012670096,-0.00839509420253402
L2_price+L3_pullback,11,2026-04,881.1314827122869,0.017622629654245738
L2_price+L3_pullback,11,2026-05,138.29173448319216,0.002765834689663843
L2_price+L3_pullback,11,2026-06,-135.2177800212703,-0.002704355600425406
L2_price+L3_pullback,11,2026-07,-54.238641223372724,-0.0010847728244674545
L2_price+L3_pullback,12,2025-08,0.5384967510517527,1.0769935021035053e-05
L2_price+L3_pullback,12,2025-09,-165.3162582677578,-0.003306325165355156
L2_price+L3_pullback,12,2025-10,-72.28138057048727,-0.0014456276114097454
L2_price+L3_pullback,12,2025-11,-72.193374084467,-0.0014438674816893398
L2_price+L3_pullback,12,2025-12,-110.97061620429486,-0.002219412324085897
L2_price+L3_pullback,12,2026-01,-385.70343951646373,-0.007714068790329274
L2_price+L3_pullback,12,2026-02,-7.7560901857850695,-0.0001551218037157014
L2_price+L3_pullback,12,2026-03,-192.60652929314074,-0.003852130585862815
L2_price+L3_pullback,12,2026-04,102.9067667292311,0.0020581353345846217
L2_price+L3_pullback,12,2026-05,149.10646588328473,0.0029821293176656946
L2_price+L3_pullback,12,2026-06,76.9838531115065,0.00153967706223013
L2_price+L3_pullback,12,2026-07,100.79021770129384,0.0020158043540258767
L2_price+L3_pullback,13,2025-08,-591.2783688286236,-0.011825567376572471
L2_price+L3_pullback,13,2025-09,70.6458438812333,0.001412916877624666
L2_price+L3_pullback,13,2025-10,459.45567070905327,0.009189113414181065
L2_price+L3_pullback,13,2025-11,-508.7913124494826,-0.01017582624898965
L2_price+L3_pullback,13,2025-12,-275.3314306996008,-0.005506628613992016
L2_price+L3_pullback,13,2026-01,-59.128252494857406,-0.001182565049897148
L2_price+L3_pullback,13,2026-02,350.51795826277976,0.0070103591652555955
L2_price+L3_pullback,13,2026-03,-384.4704474533946,-0.007689408949067893
L2_price+L3_pullback,13,2026-04,942.1170984292021,0.01884234196858404
L2_price+L3_pullback,13,2026-05,1456.316601758661,0.02912633203517322
L2_price+L3_pullback,13,2026-06,1799.4320754370156,0.03598864150874031
L2_price+L3_pullback,13,2026-07,192.6819319222659,0.0038536386384453183
L2_price+L3_pullback,14,2025-08,191.53791164941867,0.0038307582329883735
L2_price+L3_pullback,14,2025-09,3383.8259115935734,0.06767651823187147
L2_price+L3_pullback,14,2025-10,-73.80378430935252,-0.0014760756861870504
L2_price+L3_pullback,14,2025-11,-328.2199739327534,-0.006564399478655068
L2_price+L3_pullback,14,2025-12,-154.3709647134756,-0.0030874192942695116
L2_price+L3_pullback,14,2026-01,612.4538455312704,0.012249076910625408
L2_price+L3_pullback,14,2026-02,-24.738014770957307,-0.0004947602954191461
L2_price+L3_pullback,14,2026-03,-572.2983442083614,-0.011445966884167227
L2_price+L3_pullback,14,2026-04,644.0753490968309,0.012881506981936618
L2_price+L3_pullback,14,2026-05,1938.3208049624045,0.03876641609924809
L2_price+L3_pullback,14,2026-06,-984.4233995611685,-0.01968846799122337
L2_price+L3_pullback,14,2026-07,-51.1906555657024,-0.001023813111314048
L2_price+L3_pullback,15,2025-08,353.034695071834,0.0070606939014366795
L2_price+L3_pullback,15,2025-09,2101.2067846895134,0.042024135693790265
L2_price+L3_pullback,15,2025-10,-537.2841610668247,-0.010745683221336495
L2_price+L3_pullback,15,2025-11,-422.1379170496002,-0.008442758340992004
L2_price+L3_pullback,15,2025-12,-298.8830694648759,-0.005977661389297518
L2_price+L3_pullback,15,2026-01,-379.12113139976464,-0.007582422627995293
L2_price+L3_pullback,15,2026-02,-64.66175229810233,-0.0012932350459620467
L2_price+L3_pullback,15,2026-03,-306.49911237221386,-0.006129982247444277
L2_price+L3_pullback,15,2026-04,998.0753542057482,0.019961507084114965
L2_price+L3_pullback,15,2026-05,1963.2187395920118,0.03926437479184024
L2_price+L3_pullback,15,2026-06,1091.674636791421,0.021833492735828422
L2_price+L3_pullback,15,2026-07,242.65429759730796,0.004853085951946159
L2_price+L3_pullback,16,2025-08,-68.62850211648856,-0.0013725700423297712
L2_price+L3_pullback,16,2025-09,106.71422417742724,0.0021342844835485447
L2_price+L3_pullback,16,2025-10,341.32811149613553,0.006826562229922711
L2_price+L3_pullback,16,2025-11,-361.6966899140816,-0.007233933798281632
L2_price+L3_pullback,16,2025-12,-336.8795859351867,-0.006737591718703734
L2_price+L3_pullback,16,2026-01,199.76282003821507,0.003995256400764301
L2_price+L3_pullback,16,2026-02,372.7356225609228,0.007454712451218456
L2_price+L3_pullback,16,2026-03,-235.8147328466357,-0.004716294656932714
L2_price+L3_pullback,16,2026-04,1092.4769396622369,0.02184953879324474
L2_price+L3_pullback,16,2026-05,-7.9030946421744375,-0.00015806189284348876
L2_price+L3_pullback,16,2026-06,1761.6008616663212,0.035232017233326425
L2_price+L3_pullback,16,2026-07,-126.6227933386117,-0.002532455866772234
L2_price+L3_pullback,17,2025-08,4.8035205844553275,9.607041168910655e-05
L2_price+L3_pullback,17,2025-09,-210.64474447985867,-0.004212894889597174
L2_price+L3_pullback,17,2025-10,-178.2132411738994,-0.003564264823477988
L2_price+L3_pullback,17,2025-11,126.16094523805805,0.0025232189047611608
L2_price+L3_pullback,17,2025-12,-301.61986214976514,-0.006032397242995303
L2_price+L3_pullback,17,2026-01,-197.02580284549276,-0.003940516056909855
L2_price+L3_pullback,17,2026-02,-90.24836944840263,-0.0018049673889680526
L2_price+L3_pullback,17,2026-03,-192.2870655206607,-0.003845741310413214
L2_price+L3_pullback,17,2026-04,242.9230139038118,0.004858460278076236
L2_price+L3_pullback,17,2026-05,422.55546638764736,0.008451109327752946
L2_price+L3_pullback,17,2026-06,-215.54563126303674,-0.004310912625260735
L2_price+L3_pullback,17,2026-07,89.06741113556018,0.0017813482227112035
L2_price+L3_pullback,18,2025-08,-449.83514086986816,-0.008996702817397364
L2_price+L3_pullback,18,2025-09,-77.2643491425988,-0.0015452869828519761
L2_price+L3_pullback,18,2025-10,229.5592789193197,0.004591185578386394
L2_price+L3_pullback,18,2025-11,-492.23042635036745,-0.009844608527007349
L2_price+L3_pullback,18,2025-12,-70.02266987255916,-0.0014004533974511834
L2_price+L3_pullback,18,2026-01,118.66655124971294,0.0023733310249942586
L2_price+L3_pullback,18,2026-02,468.8687762187492,0.009377375524374983
L2_price+L3_pullback,18,2026-03,-641.8759556546256,-0.012837519113092511
L2_price+L3_pullback,18,2026-04,910.6756722416103,0.018213513444832206
L2_price+L3_pullback,18,2026-05,999.7543734340534,0.019995087468681068
L2_price+L3_pullback,18,2026-06,1880.4616560527147,0.0376092331210543
L2_price+L3_pullback,18,2026-07,-200.63023662720752,-0.004012604732544151
L2_price+L3_pullback,19,2025-08,-95.99198650096423,-0.0019198397300192846
L2_price+L3_pullback,19,2025-09,1739.8858611371234,0.03479771722274247
L2_price+L3_pullback,19,2025-10,853.4942710149044,0.017069885420298088
L2_price+L3_pullback,19,2025-11,-639.7386500331477,-0.012794773000662953
L2_price+L3_pullback,19,2025-12,-270.24549892638333,-0.005404909978527666
L2_price+L3_pullback,19,2026-01,356.9759836543644,0.007139519673087289
L2_price+L3_pullback,19,2026-02,130.07071594841364,0.0026014143189682726
L2_price+L3_pullback,19,2026-03,-469.66134575880733,-0.009393226915176146
L2_price+L3_pullback,19,2026-04,82.39867759942535,0.001647973551988507
L2_price+L3_pullback,19,2026-05,824.5312932911274,0.016490625865822547
L2_price+L3_pullback,19,2026-06,-130.36516233004386,-0.0026073032466008774
L2_price+L3_pullback,19,2026-07,202.59989412869982,0.004051997882573996
L2_price+L3_pullback,20,2025-08,-942.5489636956972,-0.018850979273913944
L2_price+L3_pullback,20,2025-09,0.0,0.0
L2_price+L3_pullback,20,2025-10,-76.62908378472002,-0.0015325816756944005
L2_price+L3_pullback,20,2025-11,-243.60401381001248,-0.004872080276200249
L2_price+L3_pullback,20,2025-12,-133.45049587158974,-0.0026690099174317946
L2_price+L3_pullback,20,2026-01,404.6583245728134,0.008093166491456269
L2_price+L3_pullback,20,2026-02,283.84881708886314,0.005676976341777263
L2_price+L3_pullback,20,2026-03,-274.46772881340075,-0.005489354576268015
L2_price+L3_pullback,20,2026-04,408.52695691965255,0.008170539138393051
L2_price+L3_pullback,20,2026-05,478.8459022122406,0.009576918044244813
L2_price+L3_pullback,20,2026-06,-13.020524776473394,-0.00026041049552946786
L2_price+L3_pullback,20,2026-07,21.34665156626761,0.0004269330313253522
L2_price+L3_pullback,21,2025-08,-121.6971187740537,-0.0024339423754810743
L2_price+L3_pullback,21,2025-09,-131.10810137619956,-0.0026221620275239913
L2_price+L3_pullback,21,2025-10,-29.909993939970263,-0.0005981998787994053
L2_price+L3_pullback,21,2025-11,-95.88285931341397,-0.0019176571862682796
L2_price+L3_pullback,21,2025-12,-208.47918866083364,-0.004169583773216673
L2_price+L3_pullback,21,2026-01,-24.38665812063573,-0.0004877331624127146
L2_price+L3_pullback,21,2026-02,104.06283848574094,0.002081256769714819
L2_price+L3_pullback,21,2026-03,-349.1193790074012,-0.006982387580148025
L2_price+L3_pullback,21,2026-04,501.2205883559009,0.010024411767118017
L2_price+L3_pullback,21,2026-05,14.587625464278972,0.0002917525092855794
L2_price+L3_pullback,21,2026-06,6.596701450825094,0.00013193402901650188
L2_price+L3_pullback,21,2026-07,26.64246911049304,0.0005328493822098608
L2_price+L3_pullback,22,2025-08,7.624834786921383,0.00015249669573842766
L2_price+L3_pullback,22,2025-09,142.82485307508887,0.002856497061501777
L2_price+L3_pullback,22,2025-10,389.0974874092217,0.0077819497481844335
L2_price+L3_pullback,22,2025-11,473.71477479553323,0.009474295495910664
L2_price+L3_pullback,22,2025-12,138.33366381283304,0.0027666732762566607
L2_price+L3_pullback,22,2026-01,-137.70113421817769,-0.0027540226843635537
L2_price+L3_pullback,22,2026-02,-37.64284640734604,-0.0007528569281469209
L2_price+L3_pullback,22,2026-03,-246.10317337005472,-0.004922063467401094
L2_price+L3_pullback,22,2026-04,154.49383289170692,0.0030898766578341384
L2_price+L3_pullback,22,2026-05,-171.98563895062307,-0.0034397127790124615
L2_price+L3_pullback,22,2026-06,-288.1193461019884,-0.005762386922039768
L2_price+L3_pullback,22,2026-07,-308.22252761078926,-0.006164450552215785
L2_price+L3_pullback,23,2025-08,34.44847227210903,0.0006889694454421805
L2_price+L3_pullback,23,2025-09,1205.386663616663,0.024107733272333263
L2_price+L3_pullback,23,2025-10,995.0710831859551,0.019901421663719103
L2_price+L3_pullback,23,2025-11,27.84672997797861,0.0005569345995595723
L2_price+L3_pullback,23,2025-12,37.93746013865257,0.0007587492027730514
L2_price+L3_pullback,23,2026-01,-8.485060452827383,-0.00016970120905654767
L2_price+L3_pullback,23,2026-02,-151.0312655687094,-0.0030206253113741876
L2_price+L3_pullback,23,2026-03,-191.64746954661223,-0.0038329493909322445
L2_price+L3_pullback,23,2026-04,330.9920233908251,0.006619840467816503
L2_price+L3_pullback,23,2026-05,827.4017998245326,0.016548035996490653
L2_price+L3_pullback,23,2026-06,-269.1651210232876,-0.005383302420465752
L2_price+L3_pullback,23,2026-07,220.4983272661002,0.004409966545322004
L2_price+L3_pullback,24,2025-08,-88.27148792998014,-0.0017654297585996028
L2_price+L3_pullback,24,2025-09,266.0852652194799,0.005321705304389597
L2_price+L3_pullback,24,2025-10,36.23041261950311,0.0007246082523900623
L2_price+L3_pullback,24,2025-11,-321.906143302539,-0.006438122866050781
L2_price+L3_pullback,24,2025-12,-168.79407064266888,-0.0033758814128533776
L2_price+L3_pullback,24,2026-01,-126.34421849993305,-0.002526884369998661
L2_price+L3_pullback,24,2026-02,56.404036823658316,0.0011280807364731664
L2_price+L3_pullback,24,2026-03,22.265141710107855,0.0004453028342021571
L2_price+L3_pullback,24,2026-04,335.59118341192334,0.006711823668238467
L2_price+L3_pullback,24,2026-05,-552.6262541816168,-0.011052525083632336
L2_price+L3_pullback,24,2026-06,34.2540359134091,0.0006850807182681819
L2_price+L3_pullback,24,2026-07,-109.73902909952267,-0.0021947805819904536
L2_price+L3_pullback,25,2025-08,-219.82012774205032,-0.004396402554841006
L2_price+L3_pullback,25,2025-09,60.412673171418646,0.001208253463428373
L2_price+L3_pullback,25,2025-10,127.72232903089207,0.0025544465806178413
L2_price+L3_pullback,25,2025-11,289.35927113984326,0.0057871854227968655
L2_price+L3_pullback,25,2025-12,77.5146028566378,0.0015502920571327558
L2_price+L3_pullback,25,2026-01,-31.538183454672435,-0.0006307636690934487
L2_price+L3_pullback,25,2026-02,301.6755861029924,0.006033511722059848
L2_price+L3_pullback,25,2026-03,-166.26937413292126,-0.0033253874826584253
L2_price+L3_pullback,25,2026-04,282.1930790905217,0.005643861581810433
L2_price+L3_pullback,25,2026-05,-166.2961297828242,-0.003325922595656484
L2_price+L3_pullback,25,2026-06,-14.674134920732286,-0.0002934826984146457
L2_price+L3_pullback,25,2026-07,104.06391689515931,0.002081278337903186
L2_price+L3_pullback,26,2025-08,-381.7135324179126,-0.007634270648358251
L2_price+L3_pullback,26,2025-09,9.97912082736002,0.00019958241654720042
L2_price+L3_pullback,26,2025-10,355.87015379355216,0.007117403075871043
L2_price+L3_pullback,26,2025-11,-220.18724138547805,-0.004403744827709561
L2_price+L3_pullback,26,2025-12,-224.81940455803397,-0.004496388091160679
L2_price+L3_pullback,26,2026-01,-4.019886716360816,-8.039773432721631e-05
L2_price+L3_pullback,26,2026-02,752.2586573164244,0.01504517314632849
L2_price+L3_pullback,26,2026-03,-153.88146309466902,-0.0030776292618933804
L2_price+L3_pullback,26,2026-04,115.66773738654138,0.0023133547477308274
L2_price+L3_pullback,26,2026-05,-267.10119507197305,-0.005342023901439461
L2_price+L3_pullback,26,2026-06,23.06162871815377,0.0004612325743630754
L2_price+L3_pullback,26,2026-07,261.80513507147225,0.005236102701429445
L2_price+L3_pullback,27,2025-08,-95.36740045069291,-0.0019073480090138584
L2_price+L3_pullback,27,2025-09,71.33645422573045,0.001426729084514609
L2_price+L3_pullback,27,2025-10,213.01095927027654,0.004260219185405531
L2_price+L3_pullback,27,2025-11,546.7113645426234,0.010934227290852468
L2_price+L3_pullback,27,2025-12,-184.91288800579878,-0.0036982577601159757
L2_price+L3_pullback,27,2026-01,-144.52333245240243,-0.0028904666490480488
L2_price+L3_pullback,27,2026-02,181.97992175062336,0.0036395984350124674
L2_price+L3_pullback,27,2026-03,12.031036864122143,0.00024062073728244287
L2_price+L3_pullback,27,2026-04,343.2731254024793,0.006865462508049586
L2_price+L3_pullback,27,2026-05,-29.713826133079237,-0.0005942765226615847
L2_price+L3_pullback,27,2026-06,75.69673053466249,0.0015139346106932499
L2_price+L3_pullback,27,2026-07,-217.71907019310675,-0.004354381403862135
L2_price+L3_pullback,28,2025-08,277.33107042968095,0.005546621408593619
L2_price+L3_pullback,28,2025-09,33.57495047008433,0.0006714990094016867
L2_price+L3_pullback,28,2025-10,379.4600204154158,0.007589200408308316
L2_price+L3_pullback,28,2025-11,-368.5138712069711,-0.007370277424139422
L2_price+L3_pullback,28,2025-12,-256.11128334987643,-0.005122225666997529
L2_price+L3_pullback,28,2026-01,-346.4361139761495,-0.00692872227952299
L2_price+L3_pullback,28,2026-02,100.33032272923538,0.0020066064545847077
L2_price+L3_pullback,28,2026-03,-147.3786753361337,-0.002947573506722674
L2_price+L3_pullback,28,2026-04,178.3594970457516,0.0035671899409150318
L2_price+L3_pullback,28,2026-05,-423.843071198341,-0.00847686142396682
L2_price+L3_pullback,28,2026-06,-184.73121982983685,-0.003694624396596737
L2_price+L3_pullback,28,2026-07,68.07071923267267,0.0013614143846534534
L2_price+L3_pullback,29,2025-08,30.77896748652256,0.0006155793497304512
L2_price+L3_pullback,29,2025-09,75.4075906611688,0.001508151813223376
L2_price+L3_pullback,29,2025-10,327.73562872480943,0.006554712574496188
L2_price+L3_pullback,29,2025-11,346.23388502492344,0.006924677700498469
L2_price+L3_pullback,29,2025-12,-235.01838825504637,-0.0047003677651009275
L2_price+L3_pullback,29,2026-01,357.9313543080143,0.007158627086160286
L2_price+L3_pullback,29,2026-02,324.8134706084129,0.006496269412168258
L2_price+L3_pullback,29,2026-03,-548.4624962781763,-0.010969249925563527
L2_price+L3_pullback,29,2026-04,612.6157896996056,0.012252315793992111
L2_price+L3_pullback,29,2026-05,294.78302842830726,0.005895660568566145
L2_price+L3_pullback,29,2026-06,-131.66076325589802,-0.0026332152651179605
L2_price+L3_pullback,29,2026-07,122.50187913921854,0.002450037582784371
L2_price+L3_pullback,30,2025-08,-14.979005641662297,-0.0002995801128332459
L2_price+L3_pullback,30,2025-09,261.8448480026482,0.005236896960052964
L2_price+L3_pullback,30,2025-10,469.60816791665366,0.009392163358333074
L2_price+L3_pullback,30,2025-11,103.4467902105489,0.002068935804210978
L2_price+L3_pullback,30,2025-12,-97.36528097383325,-0.001947305619476665
L2_price+L3_pullback,30,2026-01,586.4600195313969,0.011729200390627938
L2_price+L3_pullback,30,2026-02,453.5544892860853,0.009071089785721706
L2_price+L3_pullback,30,2026-03,-44.135396015510196,-0.000882707920310204
L2_price+L3_pullback,30,2026-04,175.87292489046013,0.0035174584978092025
L2_price+L3_pullback,30,2026-05,-6.3393598454931634,-0.00012678719690986326
L2_price+L3_pullback,30,2026-06,44.702737828303725,0.0008940547565660745
L2_price+L3_pullback,30,2026-07,112.54811074465306,0.0022509622148930613
L2_price+L3_pullback,31,2025-08,-457.79475707240545,-0.00915589514144811
L2_price+L3_pullback,31,2025-09,605.4932947227744,0.012109865894455488
L2_price+L3_pullback,31,2025-10,463.86490299696106,0.009277298059939222
L2_price+L3_pullback,31,2025-11,-441.3284047154975,-0.00882656809430995
L2_price+L3_pullback,31,2025-12,-336.10810613480953,-0.00672216212269619
L2_price+L3_pullback,31,2026-01,545.5718037264414,0.01091143607452883
L2_price+L3_pullback,31,2026-02,464.40594548892386,0.009288118909778478
L2_price+L3_pullback,31,2026-03,-458.25870244978523,-0.009165174048995705
L2_price+L3_pullback,31,2026-04,434.3971282233897,0.008687942564467794
L2_price+L3_pullback,31,2026-05,478.42395209245296,0.009568479041849058
L2_price+L3_pullback,31,2026-06,-62.07692644036979,-0.0012415385288073958
L2_price+L3_pullback,31,2026-07,-0.5343678334365904,-1.0687356668731809e-05
L2_price+L3_pullback,32,2025-08,-436.41790293516715,-0.008728358058703343
L2_price+L3_pullback,32,2025-09,119.9001011121145,0.00239800202224229
L2_price+L3_pullback,32,2025-10,356.1919605671392,0.007123839211342783
L2_price+L3_pullback,32,2025-11,-827.2655952013574,-0.01654531190402715
L2_price+L3_pullback,32,2025-12,-312.35933024392307,-0.006247186604878462
L2_price+L3_pullback,32,2026-01,194.63626073227715,0.003892725214645543
L2_price+L3_pullback,32,2026-02,183.5641140143507,0.003671282280287014
L2_price+L3_pullback,32,2026-03,-584.1597725228676,-0.01168319545045735
L2_price+L3_pullback,32,2026-04,1062.6639960752027,0.021253279921504054
L2_price+L3_pullback,32,2026-05,1009.2754008435277,0.020185508016870555
L2_price+L3_pullback,32,2026-06,1881.0048430166044,0.03762009686033209
L2_price+L3_pullback,32,2026-07,-478.5257854757083,-0.009570515709514166
L2_price+L3_pullback,33,2025-08,-82.24695462606451,-0.00164493909252129
L2_price+L3_pullback,33,2025-09,-70.04907855607689,-0.0014009815711215378
L2_price+L3_pullback,33,2025-10,-66.08130706228167,-0.0013216261412456333
L2_price+L3_pullback,33,2025-11,88.72828751039924,0.0017745657502079848
L2_price+L3_pullback,33,2025-12,-70.38872298201932,-0.0014077744596403864
L2_price+L3_pullback,33,2026-01,373.0807985715419,0.007461615971430838
L2_price+L3_pullback,33,2026-02,47.16366901664787,0.0009432733803329574
L2_price+L3_pullback,33,2026-03,-288.9264846425958,-0.005778529692851917
L2_price+L3_pullback,33,2026-04,438.81171242692744,0.008776234248538548
L2_price+L3_pullback,33,2026-05,207.11740449817717,0.004142348089963543
L2_price+L3_pullback,33,2026-06,-229.2881887290223,-0.004585763774580446
L2_price+L3_pullback,33,2026-07,150.85637116289035,0.003017127423257807
L2_price+L3_pullback,34,2025-08,-90.3420607512935,-0.00180684121502587
L2_price+L3_pullback,34,2025-09,393.7773157199763,0.007875546314399526
L2_price+L3_pullback,34,2025-10,163.90772071855463,0.0032781544143710927
L2_price+L3_pullback,34,2025-11,-166.0989895108287,-0.0033219797902165737
L2_price+L3_pullback,34,2025-12,-250.627856518121,-0.0050125571303624205
L2_price+L3_pullback,34,2026-01,497.36303684816176,0.009947260736963235
L2_price+L3_pullback,34,2026-02,331.7696662675571,0.006635393325351143
L2_price+L3_pullback,34,2026-03,-264.40282045581444,-0.005288056409116289
L2_price+L3_pullback,34,2026-04,935.9324219464397,0.018718648438928794
L2_price+L3_pullback,34,2026-05,-457.5164832782157,-0.009150329665564314
L2_price+L3_pullback,34,2026-06,-313.7969318671303,-0.006275938637342606
L2_price+L3_pullback,34,2026-07,-158.2374144276464,-0.003164748288552928
L2_price+L3_pullback,35,2025-08,-414.80081881409205,-0.00829601637628184
L2_price+L3_pullback,35,2025-09,192.13813548548842,0.0038427627097097684
L2_price+L3_pullback,35,2025-10,127.74390434527322,0.0025548780869054646
L2_price+L3_pullback,35,2025-11,-675.9465467084583,-0.013518930934169166
L2_price+L3_pullback,35,2025-12,-167.8258230351712,-0.003356516460703424
L2_price+L3_pullback,35,2026-01,318.1353288590308,0.006362706577180616
L2_price+L3_pullback,35,2026-02,290.87932164329777,0.005817586432865955
L2_price+L3_pullback,35,2026-03,-544.8417457636424,-0.010896834915272848
L2_price+L3_pullback,35,2026-04,287.0151444257717,0.005740302888515434
L2_price+L3_pullback,35,2026-05,-81.80810195871982,-0.0016361620391743964
L2_price+L3_pullback,35,2026-06,-81.21323614862558,-0.0016242647229725118
L2_price+L3_pullback,35,2026-07,-360.579735320749,-0.00721159470641498
L2_price+L3_pullback,36,2025-08,15.10092244509633,0.0003020184489019266
L2_price+L3_pullback,36,2025-09,1236.577106716708,0.024731542134334157
L2_price+L3_pullback,36,2025-10,994.0345449453143,0.019880690898906286
L2_price+L3_pullback,36,2025-11,-514.5506531564761,-0.01029101306312952
L2_price+L3_pullback,36,2025-12,-299.35161506275017,-0.005987032301255003
L2_price+L3_pullback,36,2026-01,186.6074190917716,0.003732148381835432
L2_price+L3_pullback,36,2026-02,121.66314049057837,0.0024332628098115675
L2_price+L3_pullback,36,2026-03,-364.50569144231304,-0.007290113828846261
L2_price+L3_pullback,36,2026-04,268.81002845579496,0.0053762005691159
L2_price+L3_pullback,36,2026-05,1590.0009619564162,0.03180001923912832
L2_price+L3_pullback,36,2026-06,-288.9945042397121,-0.005779890084794242
L2_price+L3_pullback,36,2026-07,-44.95974193001075,-0.000899194838600215
L2_price+L3_pullback,37,2025-08,-258.81450724668684,-0.005176290144933737
L2_price+L3_pullback,37,2025-09,-142.70793636088456,-0.0028541587272176913
L2_price+L3_pullback,37,2025-10,317.7954935928283,0.006355909871856566
L2_price+L3_pullback,37,2025-11,-527.7149235962552,-0.010554298471925103
L2_price+L3_pullback,37,2025-12,-132.8769395324316,-0.002657538790648632
L2_price+L3_pullback,37,2026-01,-186.5169181151441,-0.0037303383623028823
L2_price+L3_pullback,37,2026-02,250.5019636479983,0.005010039272959966
L2_price+L3_pullback,37,2026-03,-347.869307097857,-0.006957386141957141
L2_price+L3_pullback,37,2026-04,681.6368878709,0.013632737757417999
L2_price+L3_pullback,37,2026-05,432.60021055930156,0.008652004211186032
L2_price+L3_pullback,37,2026-06,2043.3575841852335,0.04086715168370467
L2_price+L3_pullback,37,2026-07,-157.07034690122873,-0.0031414069380245745
L2_price+L3_pullback,38,2025-08,-47.19938811691645,-0.000943987762338329
L2_price+L3_pullback,38,2025-09,1405.719382241201,0.028114387644824018
L2_price+L3_pullback,38,2025-10,867.147289653678,0.01734294579307356
L2_price+L3_pullback,38,2025-11,48.365572196238645,0.0009673114439247729
L2_price+L3_pullback,38,2025-12,-71.83791155688505,-0.001436758231137701
L2_price+L3_pullback,38,2026-01,692.9610387463017,0.013859220774926035
L2_price+L3_pullback,38,2026-02,199.55093804723492,0.003991018760944699
L2_price+L3_pullback,38,2026-03,-426.1678431649261,-0.008523356863298522
L2_price+L3_pullback,38,2026-04,-141.689259481077,-0.00283378518962154
L2_price+L3_pullback,38,2026-05,824.5312932911274,0.016490625865822547
L2_price+L3_pullback,38,2026-06,-82.92423141657582,-0.0016584846283315164
L2_price+L3_pullback,38,2026-07,99.31539687324403,0.0019863079374648806
L2_price+L3_pullback,39,2025-08,-379.3699599319816,-0.007587399198639632
L2_price+L3_pullback,39,2025-09,432.6411709690319,0.008652823419380638
L2_price+L3_pullback,39,2025-10,205.50395527450837,0.004110079105490168
L2_price+L3_pullback,39,2025-11,-512.7727992836008,-0.010255455985672015
L2_price+L3_pullback,39,2025-12,-368.1199586715875,-0.007362399173431749
L2_price+L3_pullback,39,2026-01,319.343951644546,0.00638687903289092
L2_price+L3_pullback,39,2026-02,198.39698425436745,0.003967939685087349
L2_price+L3_pullback,39,2026-03,-803.9101737621477,-0.016078203475242952
L2_price+L3_pullback,39,2026-04,233.50746498201352,0.00467014929964027
L2_price+L3_pullback,39,2026-05,-7.175293445575335,-0.0001435058689115067
L2_price+L3_pullback,39,2026-06,-56.406530105684396,-0.0011281306021136879
L2_price+L3_pullback,39,2026-07,-46.580884446942946,-0.0009316176889388589
L2_price+L3_pullback,40,2025-08,-82.95706182910453,-0.0016591412365820906
L2_price+L3_pullback,40,2025-09,1677.2647946264715,0.03354529589252943
L2_price+L3_pullback,40,2025-10,1458.8692477431268,0.029177384954862537
L2_price+L3_pullback,40,2025-11,-1018.964725789313,-0.02037929451578626
L2_price+L3_pullback,40,2025-12,-615.285530498817,-0.012305710609976341
L2_price+L3_pullback,40,2026-01,312.56412796675704,0.006251282559335141
L2_price+L3_pullback,40,2026-02,-286.3960179153346,-0.005727920358306692
L2_price+L3_pullback,40,2026-03,28.607985338413528,0.0005721597067682706
L2_price+L3_pullback,40,2026-04,1474.266995944975,0.029485339918899497
L2_price+L3_pullback,40,2026-05,1639.2177554259088,0.032784355108518175
L2_price+L3_pullback,40,2026-06,1764.694807348461,0.03529389614696922
L2_price+L3_pullback,40,2026-07,-179.3156707298167,-0.003586313414596334
L2_price+L3_pullback,41,2025-08,263.33882371160234,0.005266776474232047
L2_price+L3_pullback,41,2025-09,-23.527009996497327,-0.00047054019992994654
L2_price+L3_pullback,41,2025-10,356.219133156942,0.00712438266313884
L2_price+L3_pullback,41,2025-11,-800.1582006040799,-0.016003164012081596
L2_price+L3_pullback,41,2025-12,-203.08814087731207,-0.004061762817546242
L2_price+L3_pullback,41,2026-01,-199.32394672267037,-0.003986478934453408
L2_price+L3_pullback,41,2026-02,182.87502788089205,0.003657500557617841
L2_price+L3_pullback,41,2026-03,-723.8662693088681,-0.014477325386177364
L2_price+L3_pullback,41,2026-04,404.1183127614986,0.008082366255229971
L2_price+L3_pullback,41,2026-05,706.99590340957,0.0141399180681914
L2_price+L3_pullback,41,2026-06,-325.5031074555318,-0.006510062149110636
L2_price+L3_pullback,41,2026-07,-242.19168707988138,-0.004843833741597628
L2_price+L3_pullback,42,2025-08,-512.7379211583875,-0.01025475842316775
L2_price+L3_pullback,42,2025-09,406.1688399396471,0.008123376798792943
L2_price+L3_pullback,42,2025-10,151.58846538009675,0.003031769307601935
L2_price+L3_pullback,42,2025-11,-627.4807148563114,-0.012549614297126227
L2_price+L3_pullback,42,2025-12,-137.8292716177184,-0.0027565854323543682
L2_price+L3_pullback,42,2026-01,267.71376855106337,0.005354275371021267
L2_price+L3_pullback,42,2026-02,240.47437879629524,0.0048094875759259045
L2_price+L3_pullback,42,2026-03,-168.77393878106614,-0.0033754787756213227
L2_price+L3_pullback,42,2026-04,120.60621509858993,0.0024121243019717986
L2_price+L3_pullback,42,2026-05,-168.2989722882321,-0.003365979445764642
L2_price+L3_pullback,42,2026-06,-91.67409934437455,-0.001833481986887491
L2_price+L3_pullback,42,2026-07,113.61546537257527,0.0022723093074515054
L2_price+L3_pullback,43,2025-08,45.84451151885423,0.0009168902303770847
L2_price+L3_pullback,43,2025-09,200.87697762859716,0.004017539552571944
L2_price+L3_pullback,43,2025-10,592.0420887930468,0.011840841775860936
L2_price+L3_pullback,43,2025-11,-704.1692378907946,-0.014083384757815893
L2_price+L3_pullback,43,2025-12,-141.14638180329712,-0.0028229276360659424
L2_price+L3_pullback,43,2026-01,-120.66282823179881,-0.0024132565646359763
L2_price+L3_pullback,43,2026-02,-122.66916630416745,-0.002453383326083349
L2_price+L3_pullback,43,2026-03,-82.62501439768585,-0.001652500287953717
L2_price+L3_pullback,43,2026-04,649.775155794121,0.01299550311588242
L2_price+L3_pullback,43,2026-05,881.9508438513813,0.017639016877027625
L2_price+L3_pullback,43,2026-06,2101.118064916235,0.042022361298324706
L2_price+L3_pullback,43,2026-07,60.202846669715655,0.001204056933394313
L2_price+L3_pullback,44,2025-08,-279.2608486722802,-0.005585216973445604
L2_price+L3_pullback,44,2025-09,110.24878672357227,0.002204975734471445
L2_price+L3_pullback,44,2025-10,60.248539530848575,0.0012049707906169715
L2_price+L3_pullback,44,2025-11,82.58654282799853,0.0016517308565599706
L2_price+L3_pullback,44,2025-12,-349.20190137857844,-0.006984038027571569
L2_price+L3_pullback,44,2026-01,131.3043014247196,0.002626086028494392
L2_price+L3_pullback,44,2026-02,-492.13981411801797,-0.00984279628236036
L2_price+L3_pullback,44,2026-03,-353.89350058728996,-0.0070778700117458
L2_price+L3_pullback,44,2026-04,969.1842714808017,0.019383685429616035
L2_price+L3_pullback,44,2026-05,-51.41659972194884,-0.0010283319944389769
L2_price+L3_pullback,44,2026-06,-325.7914436226938,-0.006515828872453876
L2_price+L3_pullback,44,2026-07,77.2017576246144,0.0015440351524922881
L2_price+L3_pullback,45,2025-08,-176.33470540407052,-0.0035266941080814105
L2_price+L3_pullback,45,2025-09,1321.355567266487,0.02642711134532974
L2_price+L3_pullback,45,2025-10,809.4378482039492,0.016188756964078985
L2_price+L3_pullback,45,2025-11,-26.452307573474172,-0.0005290461514694835
L2_price+L3_pullback,45,2025-12,-217.7293026199959,-0.004354586052399918
L2_price+L3_pullback,45,2026-01,2.8110308624864047,5.6220617249728096e-05
L2_price+L3_pullback,45,2026-02,180.40287214000182,0.0036080574428000362
L2_price+L3_pullback,45,2026-03,-607.8687035302783,-0.012157374070605565
L2_price+L3_pullback,45,2026-04,238.64827000567857,0.004772965400113571
L2_price+L3_pullback,45,2026-05,857.2683267194188,0.017145366534388376
L2_price+L3_pullback,45,2026-06,44.71675035028784,0.0008943350070057568
L2_price+L3_pullback,45,2026-07,295.66888475845553,0.005913377695169111
L2_price+L3_pullback,46,2025-08,-93.68211298263031,-0.0018736422596526063
L2_price+L3_pullback,46,2025-09,-158.20643737455703,-0.0031641287474911406
L2_price+L3_pullback,46,2025-10,311.15571632910815,0.006223114326582163
L2_price+L3_pullback,46,2025-11,287.8617649171929,0.005757235298343858
L2_price+L3_pullback,46,2025-12,-77.3583358021142,-0.001547166716042284
L2_price+L3_pullback,46,2026-01,34.88408912137493,0.0006976817824274986
L2_price+L3_pullback,46,2026-02,343.0306209857936,0.006860612419715872
L2_price+L3_pullback,46,2026-03,-260.60315392428583,-0.0052120630784857165
L2_price+L3_pullback,46,2026-04,-109.0103510562003,-0.002180207021124006
L2_price+L3_pullback,46,2026-05,302.7153936401719,0.006054307872803438
L2_price+L3_pullback,46,2026-06,-75.64962699591433,-0.0015129925399182866
L2_price+L3_pullback,46,2026-07,-208.80242801858367,-0.0041760485603716735
L2_price+L3_pullback,47,2025-08,-26.93281354695864,-0.0005386562709391728
L2_price+L3_pullback,47,2025-09,103.86242928798492,0.0020772485857596984
L2_price+L3_pullback,47,2025-10,66.1158747522295,0.0013223174950445901
L2_price+L3_pullback,47,2025-11,162.354240667657,0.00324708481335314
L2_price+L3_pullback,47,2025-12,-289.808427961284,-0.00579616855922568
L2_price+L3_pullback,47,2026-01,581.73669972692,0.0116347339945384
L2_price+L3_pullback,47,2026-02,146.9579244681363,0.002939158489362726
L2_price+L3_pullback,47,2026-03,-528.1825147918144,-0.010563650295836287
L2_price+L3_pullback,47,2026-04,723.3428104697323,0.014466856209394646
L2_price+L3_pullback,47,2026-05,395.19704038610325,0.007903940807722065
L2_price+L3_pullback,47,2026-06,-180.09964674067032,-0.0036019929348134064
L2_price+L3_pullback,47,2026-07,-66.68469755556089,-0.0013336939511112177
L2_price+L3_pullback,48,2025-08,59.58076825970602,0.0011916153651941204
L2_price+L3_pullback,48,2025-09,1470.7194269313131,0.02941438853862626
L2_price+L3_pullback,48,2025-10,898.8968228274953,0.017977936456549905
L2_price+L3_pullback,48,2025-11,-524.6333231465715,-0.010492666462931429
L2_price+L3_pullback,48,2025-12,-169.0780609031699,-0.003381561218063398
L2_price+L3_pullback,48,2026-01,242.9313214119038,0.0048586264282380765
L2_price+L3_pullback,48,2026-02,-209.07178403313173,-0.004181435680662635
L2_price+L3_pullback,48,2026-03,26.453827464682035,0.0005290765492936407
L2_price+L3_pullback,48,2026-04,312.209530371917,0.00624419060743834
L2_price+L3_pullback,48,2026-05,1113.1813230573807,0.022263626461147615
L2_price+L3_pullback,48,2026-06,-288.7494500355415,-0.005774989000710829
L2_price+L3_pullback,48,2026-07,-392.6651623081643,-0.007853303246163287
L2_price+L3_pullback,49,2025-08,-441.8214233996232,-0.008836428467992465
L2_price+L3_pullback,49,2025-09,1965.3436455949613,0.03930687291189923
L2_price+L3_pullback,49,2025-10,-926.2619834557318,-0.018525239669114634
L2_price+L3_pullback,49,2025-11,-219.43212127946208,-0.004388642425589242
L2_price+L3_pullback,49,2025-12,-3.085327349051113,-6.170654698102225e-05
L2_price+L3_pullback,49,2026-01,-283.1615369569181,-0.005663230739138362
L2_price+L3_pullback,49,2026-02,-163.00497887294296,-0.003260099577458859
L2_price+L3_pullback,49,2026-03,-255.16449252436814,-0.005103289850487363
L2_price+L3_pullback,49,2026-04,774.5255912140874,0.015490511824281747
L2_price+L3_pullback,49,2026-05,1311.2967383416963,0.026225934766833926
L2_price+L3_pullback,49,2026-06,-785.6917080350668,-0.015713834160701334
L2_price+L3_pullback,49,2026-07,108.46947007883409,0.002169389401576682
L2_price+L3_pullback,50,2025-08,48.31714941314658,0.0009663429882629316
L2_price+L3_pullback,50,2025-09,1904.7031919572191,0.03809406383914438
L2_price+L3_pullback,50,2025-10,-877.8015186275516,-0.017556030372551032
L2_price+L3_pullback,50,2025-11,-319.0163610407262,-0.0063803272208145245
L2_price+L3_pullback,50,2025-12,-285.12750621266696,-0.005702550124253339
L2_price+L3_pullback,50,2026-01,-162.86347633140576,-0.0032572695266281154
L2_price+L3_pullback,50,2026-02,57.57937162028611,0.0011515874324057223
L2_price+L3_pullback,50,2026-03,-435.94105004363246,-0.008718821000872649
L2_price+L3_pullback,50,2026-04,-65.36038538183311,-0.0013072077076366623
L2_price+L3_pullback,50,2026-05,1274.3319619963213,0.025486639239926424
L2_price+L3_pullback,50,2026-06,-1046.747835891747,-0.02093495671783494
L2_price+L3_pullback,50,2026-07,37.46539483247852,0.0007493078966495705
L2_price+L3_pullback,51,2025-08,258.18363460124147,0.005163672692024829
L2_price+L3_pullback,51,2025-09,347.05591923517204,0.006941118384703441
L2_price+L3_pullback,51,2025-10,722.8979511805974,0.014457959023611947
L2_price+L3_pullback,51,2025-11,-1145.7308422936221,-0.022914616845872444
L2_price+L3_pullback,51,2025-12,-56.512620337935914,-0.0011302524067587183
L2_price+L3_pullback,51,2026-01,738.4113027773456,0.014768226055546911
L2_price+L3_pullback,51,2026-02,218.76159605638077,0.004375231921127615
L2_price+L3_pullback,51,2026-03,-479.93491176508905,-0.00959869823530178
L2_price+L3_pullback,51,2026-04,405.22632492032244,0.008104526498406449
L2_price+L3_pullback,51,2026-05,640.8461913958126,0.012816923827916252
L2_price+L3_pullback,51,2026-06,2126.1519058632475,0.042523038117264954
L2_price+L3_pullback,51,2026-07,38.161438057891246,0.0007632287611578249
L2_price+L3_pullback,52,2025-08,-441.0374969735549,-0.008820749939471097
L2_price+L3_pullback,52,2025-09,-325.0806153638623,-0.0065016123072772465
L2_price+L3_pullback,52,2025-10,37.00627885702306,0.0007401255771404613
L2_price+L3_pullback,52,2025-11,-189.03702129506564,-0.003780740425901313
L2_price+L3_pullback,52,2025-12,-31.89310851881055,-0.000637862170376211
L2_price+L3_pullback,52,2026-01,365.4949151026276,0.007309898302052552
L2_price+L3_pullback,52,2026-02,590.6592202556067,0.011813184405112134
L2_price+L3_pullback,52,2026-03,-643.0764842290146,-0.012861529684580292
L2_price+L3_pullback,52,2026-04,444.3939349835264,0.008887878699670528
L2_price+L3_pullback,52,2026-05,575.0647514112588,0.011501295028225177
L2_price+L3_pullback,52,2026-06,-34.532274333357236,-0.0006906454866671448
L2_price+L3_pullback,52,2026-07,154.77319271624947,0.0030954638543249893
L2_price+L3_pullback,53,2025-08,-112.4446187716103,-0.002248892375432206
L2_price+L3_pullback,53,2025-09,1181.6020961138456,0.023632041922276914
L2_price+L3_pullback,53,2025-10,749.2446927487081,0.014984893854974162
L2_price+L3_pullback,53,2025-11,-269.6493318746425,-0.00539298663749285
L2_price+L3_pullback,53,2025-12,-62.53106600780757,-0.0012506213201561513
L2_price+L3_pullback,53,2026-01,312.7992908706792,0.006255985817413584
L2_price+L3_pullback,53,2026-02,-408.99056187199403,-0.00817981123743988
L2_price+L3_pullback,53,2026-03,-285.73684704590596,-0.005714736940918119
L2_price+L3_pullback,53,2026-04,892.5977676480525,0.01785195535296105
L2_price+L3_pullback,53,2026-05,1017.0509994415988,0.020341019988831976
L2_price+L3_pullback,53,2026-06,-247.90011167473222,-0.004958002233494644
L2_price+L3_pullback,53,2026-07,54.78777950798758,0.0010957555901597515
L2_price+L3_pullback,54,2025-08,-95.75657773133207,-0.0019151315546266415
L2_price+L3_pullback,54,2025-09,30.929468922523483,0.0006185893784504696
L2_price+L3_pullback,54,2025-10,-22.905168979147675,-0.0004581033795829535
L2_price+L3_pullback,54,2025-11,15.496362380828032,0.00030992724761656065
L2_price+L3_pullback,54,2025-12,-163.52350432237745,-0.003270470086447549
L2_price+L3_pullback,54,2026-01,15.844919334111182,0.00031689838668222365
L2_price+L3_pullback,54,2026-02,364.19833905700943,0.007283966781140188
L2_price+L3_pullback,54,2026-03,-63.057595399572165,-0.0012611519079914434
L2_price+L3_pullback,54,2026-04,232.63471862657752,0.0046526943725315505
L2_price+L3_pullback,54,2026-05,-171.6005775444637,-0.003432011550889274
L2_price+L3_pullback,54,2026-06,-104.83111052314234,-0.002096622210462847
L2_price+L3_pullback,54,2026-07,-128.8350838392962,-0.002576701676785924
L2_price+L3_pullback,55,2025-08,133.42909837150637,0.0026685819674301275
L2_price+L3_pullback,55,2025-09,17.532036875642916,0.00035064073751285834
L2_price+L3_pullback,55,2025-10,58.435628581742094,0.0011687125716348418
L2_price+L3_pullback,55,2025-11,3.4939271939383616,6.987854387876723e-05
L2_price+L3_pullback,55,2025-12,-35.46270013767662,-0.0007092540027535324
L2_price+L3_pullback,55,2026-01,24.579732755742953,0.0004915946551148591
L2_price+L3_pullback,55,2026-02,351.7916694102987,0.007035833388205974
L2_price+L3_pullback,55,2026-03,-376.3458574172091,-0.007526917148344183
L2_price+L3_pullback,55,2026-04,71.89596474154041,0.0014379192948308082
L2_price+L3_pullback,55,2026-05,-64.25942794498133,-0.0012851885588996265
L2_price+L3_pullback,55,2026-06,-86.62656419990344,-0.0017325312839980688
L2_price+L3_pullback,55,2026-07,131.7469746961042,0.002634939493922084
L2_price+L3_pullback,56,2025-08,-868.8693558151053,-0.017377387116302108
L2_price+L3_pullback,56,2025-09,77.86786743283574,0.0015573573486567147
L2_price+L3_pullback,56,2025-10,-32.214318110623026,-0.0006442863622124605
L2_price+L3_pullback,56,2025-11,-273.02590956490894,-0.005460518191298179
L2_price+L3_pullback,56,2025-12,-338.97170062874375,-0.006779434012574875
L2_price+L3_pullback,56,2026-01,184.8335051865397,0.003696670103730794
L2_price+L3_pullback,56,2026-02,187.47594868966644,0.003749518973793329
L2_price+L3_pullback,56,2026-03,-683.9868815531463,-0.013679737631062927
L2_price+L3_pullback,56,2026-04,418.1165620275033,0.008362331240550065
L2_price+L3_pullback,56,2026-05,8.073121377410644,0.00016146242754821286
L2_price+L3_pullback,56,2026-06,-49.741785141509354,-0.0009948357028301872
L2_price+L3_pullback,56,2026-07,-216.405613045471,-0.00432811226090942
L2_price+L3_pullback,57,2025-08,273.9091390913636,0.005478182781827272
L2_price+L3_pullback,57,2025-09,2131.210362185022,0.04262420724370044
L2_price+L3_pullback,57,2025-10,-621.1002778673501,-0.012422005557347002
L2_price+L3_pullback,57,2025-11,-556.3426214218216,-0.011126852428436432
L2_price+L3_pullback,57,2025-12,-308.278723898311,-0.00616557447796622
L2_price+L3_pullback,57,2026-01,-324.88618890918497,-0.006497723778183699
L2_price+L3_pullback,57,2026-02,-29.394147484991663,-0.0005878829496998333
L2_price+L3_pullback,57,2026-03,-151.02535176191213,-0.003020507035238243
L2_price+L3_pullback,57,2026-04,605.9534189054493,0.012119068378108987
L2_price+L3_pullback,57,2026-05,2093.895214457314,0.041877904289146284
L2_price+L3_pullback,57,2026-06,703.2663191794873,0.014065326383589745
L2_price+L3_pullback,57,2026-07,-20.064329284009546,-0.0004012865856801909
L2_price+L3_pullback,58,2025-08,327.0139297702708,0.006540278595405416
L2_price+L3_pullback,58,2025-09,3174.0419852594105,0.06348083970518821
L2_price+L3_pullback,58,2025-10,-299.8064576971701,-0.0059961291539434025
L2_price+L3_pullback,58,2025-11,-62.23523702940565,-0.001244704740588113
L2_price+L3_pullback,58,2025-12,-275.4552714255642,-0.005509105428511284
L2_price+L3_pullback,58,2026-01,53.290203713898336,0.0010658040742779666
L2_price+L3_pullback,58,2026-02,163.76713128564825,0.003275342625712965
L2_price+L3_pullback,58,2026-03,-445.51828349951484,-0.008910365669990298
L2_price+L3_pullback,58,2026-04,405.836123432724,0.00811672246865448
L2_price+L3_pullback,58,2026-05,2196.034457093212,0.04392068914186424
L2_price+L3_pullback,58,2026-06,-1054.827319715584,-0.02109654639431168
L2_price+L3_pullback,58,2026-07,253.1956333066255,0.00506391266613251
L2_price+L3_pullback,59,2025-08,-480.4586506257592,-0.009609173012515184
L2_price+L3_pullback,59,2025-09,-51.59085881038936,-0.0010318171762077873
L2_price+L3_pullback,59,2025-10,-157.56110258449644,-0.0031512220516899288
L2_price+L3_pullback,59,2025-11,27.30624253580754,0.0005461248507161508
L2_price+L3_pullback,59,2025-12,-282.0123009568879,-0.005640246019137758
L2_price+L3_pullback,59,2026-01,98.11618971664302,0.0019623237943328605
L2_price+L3_pullback,59,2026-02,529.6794571515184,0.010593589143030368
L2_price+L3_pullback,59,2026-03,-639.216138273845,-0.0127843227654769
L2_price+L3_pullback,59,2026-04,302.1998020863484,0.0060439960417269685
L2_price+L3_pullback,59,2026-05,328.6147839358209,0.006572295678716419
L2_price+L3_pullback,59,2026-06,7.140692049021709,0.00014281384098043418
L2_price+L3_pullback,59,2026-07,84.53518943836298,0.0016907037887672596
L2_price+L3_pullback,60,2025-08,-226.109692624309,-0.00452219385248618
L2_price+L3_pullback,60,2025-09,227.76594871310408,0.004555318974262082
L2_price+L3_pullback,60,2025-10,237.40920151555474,0.004748184030311095
L2_price+L3_pullback,60,2025-11,-396.7915376336741,-0.007935830752673482
L2_price+L3_pullback,60,2025-12,-116.47757437827931,-0.0023295514875655864
L2_price+L3_pullback,60,2026-01,243.71136936423045,0.004874227387284609
L2_price+L3_pullback,60,2026-02,398.70122362477196,0.007974024472495438
L2_price+L3_pullback,60,2026-03,-437.07763636639356,-0.008741552727327871
L2_price+L3_pullback,60,2026-04,-2.1744341298563086,-4.348868259712617e-05
L2_price+L3_pullback,60,2026-05,-219.86902966249636,-0.004397380593249927
L2_price+L3_pullback,60,2026-06,-111.85064891270304,-0.0022370129782540607
L2_price+L3_pullback,60,2026-07,-456.9281615127629,-0.009138563230255258
L2_price+L3_pullback,61,2025-08,-627.5002820219324,-0.01255000564043865
L2_price+L3_pullback,61,2025-09,160.0025875361589,0.003200051750723178
L2_price+L3_pullback,61,2025-10,-179.09252899009243,-0.0035818505798018486
L2_price+L3_pullback,61,2025-11,-207.70751444776397,-0.0041541502889552795
L2_price+L3_pullback,61,2025-12,-164.42258582054637,-0.0032884517164109275
L2_price+L3_pullback,61,2026-01,203.92167516408244,0.004078433503281649
L2_price+L3_pullback,61,2026-02,-130.7289093158579,-0.0026145781863171577
L2_price+L3_pullback,61,2026-03,-255.66945849239983,-0.005113389169847996
L2_price+L3_pullback,61,2026-04,182.42369173412408,0.0036484738346824817
L2_price+L3_pullback,61,2026-05,579.2736256494754,0.011585472512989508
L2_price+L3_pullback,61,2026-06,-53.69643537075899,-0.0010739287074151799
L2_price+L3_pullback,61,2026-07,-200.06229218906628,-0.004001245843781326
L2_price+L3_pullback,62,2025-08,-242.89387917861768,-0.004857877583572354
L2_price+L3_pullback,62,2025-09,-77.44174309883692,-0.0015488348619767385
L2_price+L3_pullback,62,2025-10,307.47474635346316,0.0061494949270692635
L2_price+L3_pullback,62,2025-11,-413.16643742487395,-0.00826332874849748
L2_price+L3_pullback,62,2025-12,-174.63115663341978,-0.0034926231326683956
L2_price+L3_pullback,62,2026-01,-181.67880293953658,-0.0036335760587907317
L2_price+L3_pullback,62,2026-02,-67.79134842951953,-0.0013558269685903907
L2_price+L3_pullback,62,2026-03,-204.3961395343831,-0.004087922790687662
L2_price+L3_pullback,62,2026-04,521.7902856875598,0.010435805713751196
L2_price+L3_pullback,62,2026-05,145.81811524461773,0.0029163623048923545
L2_price+L3_pullback,62,2026-06,-163.3821066164137,-0.003267642132328274
L2_price+L3_pullback,62,2026-07,-91.00025034342798,-0.0018200050068685595
L2_price+L3_pullback,63,2025-08,285.3790791628553,0.0057075815832571064
L2_price+L3_pullback,63,2025-09,-110.17788774991732,-0.0022035577549983465
L2_price+L3_pullback,63,2025-10,260.0862258085135,0.00520172451617027
L2_price+L3_pullback,63,2025-11,-688.1137246882872,-0.013762274493765745
L2_price+L3_pullback,63,2025-12,-201.29414130126952,-0.00402588282602539
L2_price+L3_pullback,63,2026-01,-242.21743217160747,-0.00484434864343215
L2_price+L3_pullback,63,2026-02,-16.234622948442848,-0.00032469245896885697
L2_price+L3_pullback,63,2026-03,-528.9956253844839,-0.010579912507689679
L2_price+L3_pullback,63,2026-04,18.812051838740445,0.00037624103677480887
L2_price+L3_pullback,63,2026-05,207.7848212207873,0.004155696424415746
L2_price+L3_pullback,63,2026-06,32.51627225226821,0.0006503254450453642
L2_price+L3_pullback,63,2026-07,40.14282630384423,0.0008028565260768846
L2_price+L3_pullback,64,2025-08,-62.51195755639583,-0.0012502391511279166
L2_price+L3_pullback,64,2025-09,316.7598847970912,0.006335197695941824
L2_price+L3_pullback,64,2025-10,374.9165494761892,0.007498330989523783
L2_price+L3_pullback,64,2025-11,-6.917136093480622,-0.00013834272186961244
L2_price+L3_pullback,64,2025-12,22.236433673099782,0.0004447286734619956
L2_price+L3_pullback,64,2026-01,875.875162901023,0.01751750325802046
L2_price+L3_pullback,64,2026-02,122.13878757071689,0.0024427757514143378
L2_price+L3_pullback,64,2026-03,-574.509900771829,-0.011490198015436581
L2_price+L3_pullback,64,2026-04,141.20511201396494,0.002824102240279299
L2_price+L3_pullback,64,2026-05,35.93110788273134,0.0007186221576546268
L2_price+L3_pullback,64,2026-06,-175.84766568316536,-0.0035169533136633073
L2_price+L3_pullback,64,2026-07,160.28273295720828,0.0032056546591441655
L2_price+L3_pullback,65,2025-08,395.21027044842594,0.00790420540896852
L2_price+L3_pullback,65,2025-09,1978.0007928032855,0.03956001585606571
L2_price+L3_pullback,65,2025-10,-910.6598675918522,-0.018213197351837043
L2_price+L3_pullback,65,2025-11,16.18076862831822,0.0003236153725663644
L2_price+L3_pullback,65,2025-12,-81.13054274444221,-0.0016226108548888442
L2_price+L3_pullback,65,2026-01,-150.6253769378427,-0.003012507538756854
L2_price+L3_pullback,65,2026-02,314.55687824703637,0.0062911375649407275
L2_price+L3_pullback,65,2026-03,-454.3376413993865,-0.00908675282798773
L2_price+L3_pullback,65,2026-04,-45.12843745686587,-0.0009025687491373174
L2_price+L3_pullback,65,2026-05,1211.2714024530324,0.024225428049060648
L2_price+L3_pullback,65,2026-06,-986.330755420734,-0.01972661510841468
L2_price+L3_pullback,65,2026-07,225.43159362876122,0.004508631872575225
L2_price+L3_pullback,66,2025-08,-570.7237503916431,-0.011414475007832861
L2_price+L3_pullback,66,2025-09,49.84837748829432,0.0009969675497658863
L2_price+L3_pullback,66,2025-10,260.9367166694383,0.005218734333388765
L2_price+L3_pullback,66,2025-11,68.88294560619852,0.0013776589121239705
L2_price+L3_pullback,66,2025-12,142.3227529318474,0.0028464550586369476
L2_price+L3_pullback,66,2026-01,662.7420264194179,0.013254840528388358
L2_price+L3_pullback,66,2026-02,46.67130146159525,0.000933426029231905
L2_price+L3_pullback,66,2026-03,-268.65404087386014,-0.005373080817477203
L2_price+L3_pullback,66,2026-04,-13.33251819330053,-0.00026665036386601057
L2_price+L3_pullback,66,2026-05,259.429813626517,0.00518859627253034
L2_price+L3_pullback,66,2026-06,-31.697410009450323,-0.0006339482001890065
L2_price+L3_pullback,66,2026-07,-42.58844847590626,-0.0008517689695181252
L2_price+L3_pullback,67,2025-08,-368.780501369567,-0.0073756100273913395
L2_price+L3_pullback,67,2025-09,122.60726713476743,0.0024521453426953484
L2_price+L3_pullback,67,2025-10,-185.04080859600344,-0.003700816171920069
L2_price+L3_pullback,67,2025-11,88.27540508896709,0.0017655081017793417
L2_price+L3_pullback,67,2025-12,-116.99878735096809,-0.002339975747019362
L2_price+L3_pullback,67,2026-01,-89.11926983519879,-0.001782385396703976
L2_price+L3_pullback,67,2026-02,469.2437500132546,0.009384875000265093
L2_price+L3_pullback,67,2026-03,-258.8547050516263,-0.005177094101032526
L2_price+L3_pullback,67,2026-04,409.51172343218695,0.00819023446864374
L2_price+L3_pullback,67,2026-05,-82.24519905194393,-0.0016449039810388785
L2_price+L3_pullback,67,2026-06,0.0,0.0
L2_price+L3_pullback,67,2026-07,394.62805227157423,0.007892561045431484
L2_price+L3_pullback,68,2025-08,-271.64648504407523,-0.005432929700881504
L2_price+L3_pullback,68,2025-09,1279.6855148891345,0.02559371029778269
L2_price+L3_pullback,68,2025-10,908.376620044236,0.01816753240088472
L2_price+L3_pullback,68,2025-11,80.76006308371689,0.0016152012616743377
L2_price+L3_pullback,68,2025-12,-345.9594720666537,-0.0069191894413330735
L2_price+L3_pullback,68,2026-01,-38.27759642833371,-0.0007655519285666741
L2_price+L3_pullback,68,2026-02,243.86304765691966,0.004877260953138393
L2_price+L3_pullback,68,2026-03,-367.10667072810975,-0.007342133414562195
L2_price+L3_pullback,68,2026-04,334.04670891981004,0.006680934178396201
L2_price+L3_pullback,68,2026-05,823.4858851578865,0.01646971770315773
L2_price+L3_pullback,68,2026-06,-42.68372828255542,-0.0008536745656511084
L2_price+L3_pullback,68,2026-07,122.65591009455875,0.002453118201891175
L2_price+L3_pullback,69,2025-08,-118.25171224393853,-0.0023650342448787707
L2_price+L3_pullback,69,2025-09,154.68721800327694,0.003093744360065539
L2_price+L3_pullback,69,2025-10,217.3229222109203,0.004346458444218406
L2_price+L3_pullback,69,2025-11,-416.28368448075526,-0.008325673689615105
L2_price+L3_pullback,69,2025-12,-213.86891395948987,-0.004277378279189797
L2_price+L3_pullback,69,2026-01,-154.27785632081304,-0.0030855571264162608
L2_price+L3_pullback,69,2026-02,131.53037053195567,0.0026306074106391135
L2_price+L3_pullback,69,2026-03,-503.5390420319418,-0.010070780840638836
L2_price+L3_pullback,69,2026-04,189.08442203368577,0.0037816884406737155
L2_price+L3_pullback,69,2026-05,260.27969682942603,0.005205593936588521
L2_price+L3_pullback,69,2026-06,-239.32442976401308,-0.004786488595280262
L2_price+L3_pullback,69,2026-07,230.49900740710564,0.004609980148142113
L2_price+L3_pullback,70,2025-08,367.872348706569,0.007357446974131381
L2_price+L3_pullback,70,2025-09,2188.61359518858,0.0437722719037716
L2_price+L3_pullback,70,2025-10,-662.5659357721925,-0.01325131871544385
L2_price+L3_pullback,70,2025-11,-506.15038299338266,-0.010123007659867653
L2_price+L3_pullback,70,2025-12,-140.81425165811197,-0.0028162850331622394
L2_price+L3_pullback,70,2026-01,-166.48598401344316,-0.003329719680268863
L2_price+L3_pullback,70,2026-02,322.1949296345074,0.006443898592690148
L2_price+L3_pullback,70,2026-03,-494.15578763543454,-0.00988311575270869
L2_price+L3_pullback,70,2026-04,-44.50010137740446,-0.0008900020275480892
L2_price+L3_pullback,70,2026-05,1298.564936228573,0.025971298724571462
L2_price+L3_pullback,70,2026-06,-1144.2497383928003,-0.022884994767856007
L2_price+L3_pullback,70,2026-07,-328.49624880688043,-0.006569924976137609
L2_price+L3_pullback,71,2025-08,-70.03665953271138,-0.0014007331906542276
L2_price+L3_pullback,71,2025-09,-103.03756001977308,-0.0020607512003954615
L2_price+L3_pullback,71,2025-10,167.69309051299388,0.0033538618102598775
L2_price+L3_pullback,71,2025-11,-515.4578304826864,-0.010309156609653728
L2_price+L3_pullback,71,2025-12,-45.53928016125337,-0.0009107856032250674
L2_price+L3_pullback,71,2026-01,22.848902056768566,0.0004569780411353713
L2_price+L3_pullback,71,2026-02,156.7229853590834,0.003134459707181668
L2_price+L3_pullback,71,2026-03,-503.5374204346381,-0.010070748408692761
L2_price+L3_pullback,71,2026-04,675.406887236546,0.013508137744730921
L2_price+L3_pullback,71,2026-05,602.2804494644015,0.01204560898928803
L2_price+L3_pullback,71,2026-06,2010.5027124327717,0.04021005424865543
L2_price+L3_pullback,71,2026-07,31.752266151420372,0.0006350453230284074
L2_price+L3_pullback,72,2025-08,839.5964704377093,0.016791929408754187
L2_price+L3_pullback,72,2025-09,2380.5100389126746,0.047610200778253495
L2_price+L3_pullback,72,2025-10,-289.7405731676381,-0.005794811463352762
L2_price+L3_pullback,72,2025-11,-191.00736991739723,-0.0038201473983479443
L2_price+L3_pullback,72,2025-12,252.0438021865175,0.00504087604373035
L2_price+L3_pullback,72,2026-01,492.54070671111185,0.009850814134222237
L2_price+L3_pullback,72,2026-02,55.41290247804045,0.001108258049560809
L2_price+L3_pullback,72,2026-03,-189.42047625412397,-0.003788409525082479
L2_price+L3_pullback,72,2026-04,176.65120355665476,0.003533024071133095
L2_price+L3_pullback,72,2026-05,1082.4331327159653,0.021648662654319306
L2_price+L3_pullback,72,2026-06,-1099.6553750554585,-0.02199310750110917
L2_price+L3_pullback,72,2026-07,-232.395867332104,-0.00464791734664208
L2_price+L3_pullback,73,2025-08,-108.16601691212873,-0.0021633203382425744
L2_price+L3_pullback,73,2025-09,-49.21225153412979,-0.000984245030682596
L2_price+L3_pullback,73,2025-10,76.70435263864783,0.0015340870527729567
L2_price+L3_pullback,73,2025-11,-258.8925006533391,-0.0051778500130667815
L2_price+L3_pullback,73,2025-12,-171.20842337825252,-0.0034241684675650505
L2_price+L3_pullback,73,2026-01,568.1105597257683,0.011362211194515366
L2_price+L3_pullback,73,2026-02,490.95305932705924,0.009819061186541184
L2_price+L3_pullback,73,2026-03,-607.0442966999599,-0.012140885933999198
L2_price+L3_pullback,73,2026-04,758.0289304020471,0.015160578608040941
L2_price+L3_pullback,73,2026-05,-428.76428423303696,-0.00857528568466074
L2_price+L3_pullback,73,2026-06,-98.76141431966244,-0.001975228286393249
L2_price+L3_pullback,73,2026-07,-106.57580038140713,-0.002131516007628143
L2_price+L3_pullback,74,2025-08,-156.85989124351363,-0.0031371978248702728
L2_price+L3_pullback,74,2025-09,-17.40841613804514,-0.0003481683227609028
L2_price+L3_pullback,74,2025-10,322.82279845492667,0.006456455969098533
L2_price+L3_pullback,74,2025-11,6.837695027457812,0.00013675390054915625
L2_price+L3_pullback,74,2025-12,-317.4989625143344,-0.006349979250286688
L2_price+L3_pullback,74,2026-01,-93.23021874479946,-0.0018646043748959892
L2_price+L3_pullback,74,2026-02,-144.80582519423115,-0.002896116503884623
L2_price+L3_pullback,74,2026-03,-330.56319407522824,-0.006611263881504565
L2_price+L3_pullback,74,2026-04,107.13826924343357,0.0021427653848686713
L2_price+L3_pullback,74,2026-05,12.416836535535367,0.0002483367307107073
L2_price+L3_pullback,74,2026-06,157.66127354380387,0.0031532254708760777
L2_price+L3_pullback,74,2026-07,268.6405213067501,0.005372810426135002
L2_price+L3_pullback,75,2025-08,61.98422158098492,0.0012396844316196985
L2_price+L3_pullback,75,2025-09,108.48635222880785,0.0021697270445761568
L2_price+L3_pullback,75,2025-10,69.54019116019936,0.001390803823203987
L2_price+L3_pullback,75,2025-11,-315.3679947065266,-0.006307359894130532
L2_price+L3_pullback,75,2025-12,33.1988240953051,0.000663976481906102
L2_price+L3_pullback,75,2026-01,214.45505502961987,0.004289101100592397
L2_price+L3_pullback,75,2026-02,451.3097248599579,0.009026194497199158
L2_price+L3_pullback,75,2026-03,-559.9283502312146,-0.011198567004624292
L2_price+L3_pullback,75,2026-04,31.41282328170837,0.0006282564656341674
L2_price+L3_pullback,75,2026-05,54.41146998315617,0.0010882293996631234
L2_price+L3_pullback,75,2026-06,-170.28819440888037,-0.0034057638881776074
L2_price+L3_pullback,75,2026-07,-297.28528484997605,-0.005945705696999521
L2_price+L3_pullback,76,2025-08,153.1270897643899,0.003062541795287798
L2_price+L3_pullback,76,2025-09,-46.587411977972806,-0.0009317482395594561
L2_price+L3_pullback,76,2025-10,333.5159412723242,0.006670318825446484
L2_price+L3_pullback,76,2025-11,-666.609525599376,-0.013332190511987519
L2_price+L3_pullback,76,2025-12,-344.5362676801242,-0.0068907253536024836
L2_price+L3_pullback,76,2026-01,236.16743065540868,0.004723348613108173
L2_price+L3_pullback,76,2026-02,590.6017146200711,0.011812034292401422
L2_price+L3_pullback,76,2026-03,-819.3555889420613,-0.016387111778841227
L2_price+L3_pullback,76,2026-04,591.6105706878843,0.011832211413757687
L2_price+L3_pullback,76,2026-05,295.30417582006794,0.005906083516401359
L2_price+L3_pullback,76,2026-06,-25.48662369912836,-0.0005097324739825672
L2_price+L3_pullback,76,2026-07,-5.503084917997512,-0.00011006169835995025
L2_price+L3_pullback,77,2025-08,-25.348758644287045,-0.0005069751728857409
L2_price+L3_pullback,77,2025-09,195.5240675557343,0.0039104813511146854
L2_price+L3_pullback,77,2025-10,609.9729542522091,0.012199459085044181
L2_price+L3_pullback,77,2025-11,355.6123225390693,0.007112246450781385
L2_price+L3_pullback,77,2025-12,188.02169687028982,0.0037604339374057963
L2_price+L3_pullback,77,2026-01,480.3172520338003,0.009606345040676006
L2_price+L3_pullback,77,2026-02,124.67545365279693,0.0024935090730559386
L2_price+L3_pullback,77,2026-03,-313.97024002929993,-0.006279404800585998
L2_price+L3_pullback,77,2026-04,241.45249484248234,0.004829049896849647
L2_price+L3_pullback,77,2026-05,286.6542473534382,0.005733084947068765
L2_price+L3_pullback,77,2026-06,-46.69122265637179,-0.0009338244531274358
L2_price+L3_pullback,77,2026-07,-54.238641223372724,-0.0010847728244674545
L2_price+L3_pullback,78,2025-08,-421.79925713490684,-0.008435985142698136
L2_price+L3_pullback,78,2025-09,19.465905679853677,0.0003893181135970735
L2_price+L3_pullback,78,2025-10,469.95457933917714,0.009399091586783544
L2_price+L3_pullback,78,2025-11,85.35992577051366,0.001707198515410273
L2_price+L3_pullback,78,2025-12,197.91711180022503,0.003958342236004501
L2_price+L3_pullback,78,2026-01,206.9882386887648,0.004139764773775296
L2_price+L3_pullback,78,2026-02,983.101357847384,0.01966202715694768
L2_price+L3_pullback,78,2026-03,-645.5027344100436,-0.012910054688200872
L2_price+L3_pullback,78,2026-04,812.0458678454224,0.016240917356908448
L2_price+L3_pullback,78,2026-05,665.3006111019085,0.013306012222038172
L2_price+L3_pullback,78,2026-06,1963.2817343179222,0.03926563468635844
L2_price+L3_pullback,78,2026-07,-248.4235516354056,-0.004968471032708112
L2_price+L3_pullback,79,2025-08,-672.10109615896,-0.0134420219231792
L2_price+L3_pullback,79,2025-09,-154.42613308694763,-0.0030885226617389525
L2_price+L3_pullback,79,2025-10,-85.3278668644798,-0.001706557337289596
L2_price+L3_pullback,79,2025-11,-142.22007625141214,-0.0028444015250282425
L2_price+L3_pullback,79,2025-12,-201.57971970929066,-0.004031594394185813
L2_price+L3_pullback,79,2026-01,285.7942637416827,0.005715885274833654
L2_price+L3_pullback,79,2026-02,-206.59698954993655,-0.004131939790998731
L2_price+L3_pullback,79,2026-03,-469.91309396385077,-0.009398261879277016
L2_price+L3_pullback,79,2026-04,1532.1155083255653,0.030642310166511307
L2_price+L3_pullback,79,2026-05,298.18394781488587,0.005963678956297717
L2_price+L3_pullback,79,2026-06,-11.249891603328251,-0.00022499783206656504
L2_price+L3_pullback,79,2026-07,71.24614112328163,0.0014249228224656326
L2_price+L3_pullback,80,2025-08,-430.7900540482351,-0.008615801080964701
L2_price+L3_pullback,80,2025-09,-5.646284958323122,-0.00011292569916646243
L2_price+L3_pullback,80,2025-10,-137.35397705304513,-0.0027470795410609026
L2_price+L3_pullback,80,2025-11,71.43538681995051,0.0014287077363990101
L2_price+L3_pullback,80,2025-12,-113.07842827729837,-0.0022615685655459675
L2_price+L3_pullback,80,2026-01,194.0668442113929,0.003881336884227858
L2_price+L3_pullback,80,2026-02,456.48313527207483,0.009129662705441497
L2_price+L3_pullback,80,2026-03,-488.4217811179333,-0.009768435622358665
L2_price+L3_pullback,80,2026-04,311.2444078993558,0.006224888157987116
L2_price+L3_pullback,80,2026-05,-23.44048150046092,-0.0004688096300092184
L2_price+L3_pullback,80,2026-06,-44.083845397505684,-0.0008816769079501137
L2_price+L3_pullback,80,2026-07,139.95048705822774,0.0027990097411645545
L2_price+L3_pullback,81,2025-08,-58.18048379321226,-0.0011636096758642451
L2_price+L3_pullback,81,2025-09,-195.54908612834424,-0.003910981722566885
L2_price+L3_pullback,81,2025-10,-83.84994843985078,-0.0016769989687970156
L2_price+L3_pullback,81,2025-11,-111.56782131056934,-0.002231356426211387
L2_price+L3_pullback,81,2025-12,91.87841866884537,0.0018375683733769074
L2_price+L3_pullback,81,2026-01,180.9624741940379,0.003619249483880758
L2_price+L3_pullback,81,2026-02,186.29377999151893,0.0037258755998303785
L2_price+L3_pullback,81,2026-03,-409.44899173253,-0.0081889798346506
L2_price+L3_pullback,81,2026-04,480.5635548487853,0.009611271096975706
L2_price+L3_pullback,81,2026-05,-81.80810195871982,-0.0016361620391743964
L2_price+L3_pullback,81,2026-06,4.937838082444614,9.875676164889229e-05
L2_price+L3_pullback,81,2026-07,241.20699584384965,0.0048241399168769935
L2_price+L3_pullback,82,2025-08,260.43921403574404,0.005208784280714881
L2_price+L3_pullback,82,2025-09,2166.2835138731634,0.04332567027746327
L2_price+L3_pullback,82,2025-10,-534.3118212193076,-0.010686236424386151
L2_price+L3_pullback,82,2025-11,-40.61697371314676,-0.0008123394742629353
L2_price+L3_pullback,82,2025-12,-418.9359404145598,-0.008378718808291196
L2_price+L3_pullback,82,2026-01,156.011500294926,0.0031202300058985203
L2_price+L3_pullback,82,2026-02,471.86265215678304,0.009437253043135661
L2_price+L3_pullback,82,2026-03,-351.1333111775448,-0.007022666223550896
L2_price+L3_pullback,82,2026-04,713.1218294350338,0.014262436588700675
L2_price+L3_pullback,82,2026-05,1264.8131647803957,0.025296263295607913
L2_price+L3_pullback,82,2026-06,-1027.6998740038189,-0.02055399748007638
L2_price+L3_pullback,82,2026-07,-24.057365694623513,-0.00048114731389247025
L2_price+L3_pullback,83,2025-08,4.38285698157506,8.765713963150119e-05
L2_price+L3_pullback,83,2025-09,-105.31747487226494,-0.002106349497445299
L2_price+L3_pullback,83,2025-10,147.80899035823495,0.002956179807164699
L2_price+L3_pullback,83,2025-11,-294.8866015180729,-0.005897732030361458
L2_price+L3_pullback,83,2025-12,-278.87658799936344,-0.005577531759987269
L2_price+L3_pullback,83,2026-01,-64.37913591985671,-0.001287582718397134
L2_price+L3_pullback,83,2026-02,210.37724109433293,0.004207544821886658
L2_price+L3_pullback,83,2026-03,-125.83356553688736,-0.0025166713107377474
L2_price+L3_pullback,83,2026-04,1173.4654366519444,0.023469308733038888
L2_price+L3_pullback,83,2026-05,643.2517708271034,0.012865035416542069
L2_price+L3_pullback,83,2026-06,2146.969626265025,0.0429393925253005
L2_price+L3_pullback,83,2026-07,-75.39492485469327,-0.0015078984970938653
L2_price+L3_pullback,84,2025-08,-24.41942067885975,-0.000488388413577195
L2_price+L3_pullback,84,2025-09,-105.87207178092103,-0.0021174414356184205
L2_price+L3_pullback,84,2025-10,0.0,0.0
L2_price+L3_pullback,84,2025-11,-48.35253417850254,-0.0009670506835700507
L2_price+L3_pullback,84,2025-12,-65.33308203747765,-0.001306661640749553
L2_price+L3_pullback,84,2026-01,-3.37742465593783,-6.75484931187566e-05
L2_price+L3_pullback,84,2026-02,-2.2069634169929486,-4.413926833985897e-05
L2_price+L3_pullback,84,2026-03,-270.61254459547854,-0.005412250891909571
L2_price+L3_pullback,84,2026-04,155.88281499739696,0.003117656299947939
L2_price+L3_pullback,84,2026-05,-753.2680405159144,-0.015065360810318288
L2_price+L3_pullback,84,2026-06,-244.80670554112203,-0.0048961341108224405
L2_price+L3_pullback,84,2026-07,-305.3336195681504,-0.0061066723913630085
L2_price+L3_pullback,85,2025-08,-199.0261268853301,-0.003980522537706602
L2_price+L3_pullback,85,2025-09,65.90134475639479,0.0013180268951278958
L2_price+L3_pullback,85,2025-10,205.61205680651256,0.004112241136130251
L2_price+L3_pullback,85,2025-11,161.6415745275326,0.0032328314905506524
L2_price+L3_pullback,85,2025-12,50.2353848104367,0.001004707696208734
L2_price+L3_pullback,85,2026-01,1213.7365064682645,0.02427473012936529
L2_price+L3_pullback,85,2026-02,536.3136338573568,0.010726272677147135
L2_price+L3_pullback,85,2026-03,-913.4513951274557,-0.018269027902549115
L2_price+L3_pullback,85,2026-04,931.0724927500514,0.01862144985500103
L2_price+L3_pullback,85,2026-05,213.49607386134812,0.004269921477226962
L2_price+L3_pullback,85,2026-06,55.26875485694109,0.0011053750971388217
L2_price+L3_pullback,85,2026-07,164.29530287371108,0.0032859060574742215
L2_price+L3_pullback,86,2025-08,-653.5538673040055,-0.01307107734608011
L2_price+L3_pullback,86,2025-09,1160.6584007021775,0.02321316801404355
L2_price+L3_pullback,86,2025-10,655.9616225403579,0.013119232450807159
L2_price+L3_pullback,86,2025-11,43.48452629730764,0.0008696905259461527
L2_price+L3_pullback,86,2025-12,-192.03797807976025,-0.003840759561595205
L2_price+L3_pullback,86,2026-01,262.8519182849359,0.005257038365698718
L2_price+L3_pullback,86,2026-02,281.32283636214015,0.005626456727242803
L2_price+L3_pullback,86,2026-03,-292.09445844969196,-0.005841889168993839
L2_price+L3_pullback,86,2026-04,426.45971702567476,0.008529194340513494
L2_price+L3_pullback,86,2026-05,1119.8354691111954,0.022396709382223906
L2_price+L3_pullback,86,2026-06,151.92998134316713,0.0030385996268633424
L2_price+L3_pullback,86,2026-07,118.94801251158424,0.0023789602502316846
L2_price+L3_pullback,87,2025-08,-27.455292827434278,-0.0005491058565486855
L2_price+L3_pullback,87,2025-09,-21.195749938668996,-0.0004239149987733799
L2_price+L3_pullback,87,2025-10,118.15684084410623,0.0023631368168821245
L2_price+L3_pullback,87,2025-11,-151.79942821281657,-0.003035988564256331
L2_price+L3_pullback,87,2025-12,1.0034117743898605,2.006823548779721e-05
L2_price+L3_pullback,87,2026-01,507.193753472111,0.01014387506944222
L2_price+L3_pullback,87,2026-02,191.8048259530524,0.003836096519061048
L2_price+L3_pullback,87,2026-03,-457.9712701974422,-0.009159425403948844
L2_price+L3_pullback,87,2026-04,566.4698114934863,0.011329396229869726
L2_price+L3_pullback,87,2026-05,526.6001550383316,0.010532003100766633
L2_price+L3_pullback,87,2026-06,4.1939077185124916,8.387815437024983e-05
L2_price+L3_pullback,87,2026-07,139.226617712382,0.00278453235424764
L2_price+L3_pullback,88,2025-08,-242.10967588092262,-0.004842193517618452
L2_price+L3_pullback,88,2025-09,115.86961074112332,0.0023173922148224664
L2_price+L3_pullback,88,2025-10,-61.368411024986926,-0.0012273682204997384
L2_price+L3_pullback,88,2025-11,-317.48368823982037,-0.006349673764796408
L2_price+L3_pullback,88,2025-12,-67.905499064389,-0.0013581099812877801
L2_price+L3_pullback,88,2026-01,462.0886058358128,0.009241772116716257
L2_price+L3_pullback,88,2026-02,-36.441763727249054,-0.0007288352745449811
L2_price+L3_pullback,88,2026-03,-436.6778144428026,-0.008733556288856052
L2_price+L3_pullback,88,2026-04,478.6215783873304,0.009572431567746608
L2_price+L3_pullback,88,2026-05,-155.84037258313765,-0.003116807451662753
L2_price+L3_pullback,88,2026-06,93.37819678641245,0.0018675639357282488
L2_price+L3_pullback,88,2026-07,-133.02954061586752,-0.0026605908123173505
L2_price+L3_pullback,89,2025-08,-439.0221299742143,-0.008780442599484286
L2_price+L3_pullback,89,2025-09,-160.23623719782063,-0.0032047247439564125
L2_price+L3_pullback,89,2025-10,-108.95639380417924,-0.002179127876083585
L2_price+L3_pullback,89,2025-11,-69.87637800778612,-0.0013975275601557223
L2_price+L3_pullback,89,2025-12,-116.98715577160056,-0.002339743115432011
L2_price+L3_pullback,89,2026-01,15.866772019557175,0.0003173354403911435
L2_price+L3_pullback,89,2026-02,47.7426552892839,0.000954853105785678
L2_price+L3_pullback,89,2026-03,-156.51352887693884,-0.003130270577538777
L2_price+L3_pullback,89,2026-04,349.67648885907965,0.0069935297771815935
L2_price+L3_pullback,89,2026-05,-107.73296320769259,-0.0021546592641538517
L2_price+L3_pullback,89,2026-06,-83.36576903527293,-0.0016673153807054586
L2_price+L3_pullback,89,2026-07,-88.3078366787322,-0.001766156733574644
L2_price+L3_pullback,90,2025-08,-294.7500783436317,-0.0058950015668726334
L2_price+L3_pullback,90,2025-09,-13.971052618840076,-0.00027942105237680154
L2_price+L3_pullback,90,2025-10,98.72847184444709,0.0019745694368889415
L2_price+L3_pullback,90,2025-11,-313.0809041259472,-0.006261618082518944
L2_price+L3_pullback,90,2025-12,47.107239520430994,0.0009421447904086199
L2_price+L3_pullback,90,2026-01,361.95047817354316,0.007239009563470863
L2_price+L3_pullback,90,2026-02,323.0625201854582,0.006461250403709164
L2_price+L3_pullback,90,2026-03,-556.8298548527573,-0.011136597097055147
L2_price+L3_pullback,90,2026-04,205.55364773845758,0.004111072954769152
L2_price+L3_pullback,90,2026-05,290.4603115237778,0.005809206230475556
L2_price+L3_pullback,90,2026-06,-42.76692734135031,-0.0008553385468270062
L2_price+L3_pullback,90,2026-07,117.18234331341137,0.0023436468662682273
L2_price+L3_pullback,91,2025-08,-83.69476991409192,-0.0016738953982818384
L2_price+L3_pullback,91,2025-09,-39.621170011885624,-0.0007924234002377124
L2_price+L3_pullback,91,2025-10,-25.780130515806377,-0.0005156026103161275
L2_price+L3_pullback,91,2025-11,-105.1578428719713,-0.002103156857439426
L2_price+L3_pullback,91,2025-12,-33.32003555662959,-0.0006664007111325919
L2_price+L3_pullback,91,2026-01,333.9942486232594,0.006679884972465188
L2_price+L3_pullback,91,2026-02,38.266942416003076,0.0007653388483200615
L2_price+L3_pullback,91,2026-03,-415.9603201390455,-0.00831920640278091
L2_price+L3_pullback,91,2026-04,72.82473623320948,0.0014564947246641896
L2_price+L3_pullback,91,2026-05,-242.8125869424348,-0.0048562517388486956
L2_price+L3_pullback,91,2026-06,-106.23360281306395,-0.0021246720562612792
L2_price+L3_pullback,91,2026-07,327.483738141892,0.00654967476283784
L2_price+L3_pullback,92,2025-08,174.57575606682258,0.0034915151213364515
L2_price+L3_pullback,92,2025-09,1150.708470047115,0.0230141694009423
L2_price+L3_pullback,92,2025-10,1020.4722853085741,0.02040944570617148
L2_price+L3_pullback,92,2025-11,-759.4686959192268,-0.015189373918384536
L2_price+L3_pullback,92,2025-12,-290.30605193506653,-0.00580612103870133
L2_price+L3_pullback,92,2026-01,-202.483116560521,-0.00404966233121042
L2_price+L3_pullback,92,2026-02,-236.77745398619754,-0.004735549079723951
L2_price+L3_pullback,92,2026-03,-56.47953981294722,-0.0011295907962589444
L2_price+L3_pullback,92,2026-04,784.1899658079492,0.015683799316158983
L2_price+L3_pullback,92,2026-05,575.9550198226434,0.011519100396452868
L2_price+L3_pullback,92,2026-06,-41.354228100191904,-0.0008270845620038381
L2_price+L3_pullback,92,2026-07,-126.24649356952887,-0.0025249298713905773
L2_price+L3_pullback,93,2025-08,-12.628187586937202,-0.00025256375173874404
L2_price+L3_pullback,93,2025-09,-169.55154462309292,-0.0033910308924618585
L2_price+L3_pullback,93,2025-10,112.21754715919178,0.0022443509431838357
L2_price+L3_pullback,93,2025-11,153.58634801236258,0.0030717269602472514
L2_price+L3_pullback,93,2025-12,124.55318969258042,0.0024910637938516085
L2_price+L3_pullback,93,2026-01,-288.22550723963195,-0.005764510144792639
L2_price+L3_pullback,93,2026-02,-56.64150611481273,-0.0011328301222962545
L2_price+L3_pullback,93,2026-03,-68.4724808306928,-0.0013694496166138561
L2_price+L3_pullback,93,2026-04,383.60115656652397,0.0076720231313304795
L2_price+L3_pullback,93,2026-05,332.20174346245403,0.006644034869249081
L2_price+L3_pullback,93,2026-06,17.96591179023926,0.0003593182358047852
L2_price+L3_pullback,93,2026-07,248.13816637128457,0.004962763327425691
L2_price+L3_pullback,94,2025-08,-655.3954021997597,-0.013107908043995194
L2_price+L3_pullback,94,2025-09,-159.12959743603733,-0.0031825919487207467
L2_price+L3_pullback,94,2025-10,-4.728653242301334,-9.457306484602668e-05
L2_price+L3_pullback,94,2025-11,-95.04254365323322,-0.0019008508730646646
L2_price+L3_pullback,94,2025-12,-41.29588208071891,-0.0008259176416143782
L2_price+L3_pullback,94,2026-01,188.12038935390774,0.003762407787078155
L2_price+L3_pullback,94,2026-02,-481.3489039353017,-0.009626978078706034
L2_price+L3_pullback,94,2026-03,-353.9780321408434,-0.007079560642816869
L2_price+L3_pullback,94,2026-04,1299.1682939365664,0.02598336587873133
L2_price+L3_pullback,94,2026-05,-259.2822928879468,-0.005185645857758937
L2_price+L3_pullback,94,2026-06,-131.27095423714763,-0.0026254190847429526
L2_price+L3_pullback,94,2026-07,-147.7311644695219,-0.002954623289390438
L2_price+L3_pullback,95,2025-08,-50.54749629370326,-0.0010109499258740653
L2_price+L3_pullback,95,2025-09,-379.31590536493695,-0.007586318107298739
L2_price+L3_pullback,95,2025-10,-50.65878267562857,-0.0010131756535125714
L2_price+L3_pullback,95,2025-11,-10.280142525147312,-0.00020560285050294624
L2_price+L3_pullback,95,2025-12,54.034124817032534,0.0010806824963406508
L2_price+L3_pullback,95,2026-01,-264.66305831145837,-0.005293261166229167
L2_price+L3_pullback,95,2026-02,-9.426476355790328,-0.00018852952711580657
L2_price+L3_pullback,95,2026-03,-105.83372006326681,-0.0021166744012653363
L2_price+L3_pullback,95,2026-04,97.51843933738655,0.001950368786747731
L2_price+L3_pullback,95,2026-05,-660.2910420983617,-0.013205820841967234
L2_price+L3_pullback,95,2026-06,22.777131470450513,0.0004555426294090103
L2_price+L3_pullback,95,2026-07,128.58671239212708,0.0025717342478425416
L2_price+L3_pullback,96,2025-08,-320.6037429602675,-0.0064120748592053495
L2_price+L3_pullback,96,2025-09,-77.69627073702213,-0.0015539254147404426
L2_price+L3_pullback,96,2025-10,63.05251828610835,0.001261050365722167
L2_price+L3_pullback,96,2025-11,-291.7831763833601,-0.005835663527667202
L2_price+L3_pullback,96,2025-12,-73.01042095854336,-0.0014602084191708672
L2_price+L3_pullback,96,2026-01,-141.48107799736772,-0.0028296215599473546
L2_price+L3_pullback,96,2026-02,-5.4810551185773875,-0.00010962110237154775
L2_price+L3_pullback,96,2026-03,-303.49459480316636,-0.006069891896063328
L2_price+L3_pullback,96,2026-04,961.0972107286279,0.01922194421457256
L2_price+L3_pullback,96,2026-05,-13.116196873236731,-0.0002623239374647346
L2_price+L3_pullback,96,2026-06,-144.73198405068524,-0.0028946396810137047
L2_price+L3_pullback,96,2026-07,102.31473925026148,0.00204629478500523
L2_price+L3_pullback,97,2025-08,-474.25863644135734,-0.009485172728827146
L2_price+L3_pullback,97,2025-09,-60.236881639290004,-0.0012047376327858
L2_price+L3_pullback,97,2025-10,107.083716455375,0.0021416743291075
L2_price+L3_pullback,97,2025-11,674.4036326669966,0.013488072653339933
L2_price+L3_pullback,97,2025-12,-222.64990411037343,-0.004452998082207469
L2_price+L3_pullback,97,2026-01,176.1024179962551,0.003522048359925102
L2_price+L3_pullback,97,2026-02,702.1672067081108,0.014043344134162217
L2_price+L3_pullback,97,2026-03,-695.3878976443784,-0.013907757952887569
L2_price+L3_pullback,97,2026-04,497.444526306198,0.00994889052612396
L2_price+L3_pullback,97,2026-05,120.81944687106898,0.0024163889374213795
L2_price+L3_pullback,97,2026-06,-20.325439866236593,-0.0004065087973247319
L2_price+L3_pullback,97,2026-07,-75.20083296780831,-0.0015040166593561662
L2_price+L3_pullback,98,2025-08,17.77249364216823,0.00035544987284336457
L2_price+L3_pullback,98,2025-09,1087.872852969188,0.02175745705938376
L2_price+L3_pullback,98,2025-10,505.7189927530999,0.010114379855061998
L2_price+L3_pullback,98,2025-11,12.157100567195812,0.00024314201134391624
L2_price+L3_pullback,98,2025-12,-160.69150154560884,-0.003213830030912177
L2_price+L3_pullback,98,2026-01,-71.87879911692198,-0.0014375759823384397
L2_price+L3_pullback,98,2026-02,-236.98890249087071,-0.004739778049817414
L2_price+L3_pullback,98,2026-03,-257.80717701614776,-0.005156143540322955
L2_price+L3_pullback,98,2026-04,62.31956282181909,0.0012463912564363818
L2_price+L3_pullback,98,2026-05,1144.0124405497472,0.022880248810994944
L2_price+L3_pullback,98,2026-06,-240.21849228745577,-0.004804369845749116
L2_price+L3_pullback,98,2026-07,-96.54105803320545,-0.0019308211606641089
L2_price+L3_pullback,99,2025-08,-23.243510724367297,-0.00046487021448734595
L2_price+L3_pullback,99,2025-09,601.9889989473058,0.012039779978946117
L2_price+L3_pullback,99,2025-10,679.19409296903,0.013583881859380599
L2_price+L3_pullback,99,2025-11,-889.6149816541802,-0.017792299633083604
L2_price+L3_pullback,99,2025-12,-528.7154069410844,-0.01057430813882169
L2_price+L3_pullback,99,2026-01,229.02160784899843,0.004580432156979969
L2_price+L3_pullback,99,2026-02,-4.287223321634883,-8.574446643269767e-05
L2_price+L3_pullback,99,2026-03,92.23978393994639,0.0018447956787989279
L2_price+L3_pullback,99,2026-04,1591.2266576164939,0.03182453315232988
L2_price+L3_pullback,99,2026-05,370.5887596263683,0.007411775192527366
L2_price+L3_pullback,99,2026-06,2230.181956901288,0.04460363913802576
L2_price+L3_pullback,99,2026-07,-62.00312064688205,-0.001240062412937641
L2_price+L4_regime,0,2025-08,30.295670372659515,0.0006059134074531904
L2_price+L4_regime,0,2025-09,3042.3353895660593,0.06084670779132119
L2_price+L4_regime,0,2025-10,-1508.3140992402823,-0.030166281984805646
L2_price+L4_regime,0,2025-11,-1288.3240745996363,-0.025766481491992725
L2_price+L4_regime,0,2025-12,-599.5675453419053,-0.011991350906838106
L2_price+L4_regime,0,2026-01,15.100390427934144,0.00030200780855868287
L2_price+L4_regime,0,2026-02,174.18140353108265,0.003483628070621653
L2_price+L4_regime,0,2026-03,-1522.3701895103932,-0.030447403790207862
L2_price+L4_regime,0,2026-04,23.860324475279413,0.00047720648950558823
L2_price+L4_regime,0,2026-05,3370.820854748512,0.06741641709497023
L2_price+L4_regime,0,2026-06,-1615.4418383074817,-0.03230883676614964
L2_price+L4_regime,0,2026-07,-20.71537955126496,-0.00041430759102529917
L2_price+L4_regime,1,2025-08,-535.2107668678709,-0.010704215337357418
L2_price+L4_regime,1,2025-09,-3.7775614546644647,-7.55512290932893e-05
L2_price+L4_regime,1,2025-10,-278.77617483710674,-0.005575523496742135
L2_price+L4_regime,1,2025-11,-4.00273362804819,-8.00546725609638e-05
L2_price+L4_regime,1,2025-12,-215.1952234893397,-0.0043039044697867936
L2_price+L4_regime,1,2026-01,21.995279083947935,0.00043990558167895867
L2_price+L4_regime,1,2026-02,138.29698075461874,0.002765939615092375
L2_price+L4_regime,1,2026-03,-322.9474267243404,-0.006458948534486808
L2_price+L4_regime,1,2026-04,-276.7690334674953,-0.0055353806693499066
L2_price+L4_regime,1,2026-05,92.54751499078975,0.001850950299815795
L2_price+L4_regime,1,2026-06,325.7826314647382,0.006515652629294764
L2_price+L4_regime,1,2026-07,133.4050749464659,0.002668101498929318
L2_price+L4_regime,2,2025-08,268.7957985830617,0.005375915971661234
L2_price+L4_regime,2,2025-09,2354.1802887265603,0.047083605774531204
L2_price+L4_regime,2,2025-10,992.0178613622602,0.019840357227245205
L2_price+L4_regime,2,2025-11,-368.48630885290186,-0.0073697261770580376
L2_price+L4_regime,2,2025-12,-616.3593473292794,-0.012327186946585588
L2_price+L4_regime,2,2026-01,-555.7167260971546,-0.011114334521943093
L2_price+L4_regime,2,2026-02,2210.5178715375296,0.044210357430750594
L2_price+L4_regime,2,2026-03,-263.63944847274524,-0.005272788969454905
L2_price+L4_regime,2,2026-04,695.6666614681653,0.013913333229363306
L2_price+L4_regime,2,2026-05,1535.3753182995179,0.03070750636599036
L2_price+L4_regime,2,2026-06,-982.9832862967623,-0.019659665725935246
L2_price+L4_regime,2,2026-07,-713.6706021143245,-0.014273412042286491
L2_price+L4_regime,3,2025-08,-529.655180105714,-0.01059310360211428
L2_price+L4_regime,3,2025-09,325.00133145881136,0.0065000266291762275
L2_price+L4_regime,3,2025-10,784.1217012372927,0.015682434024745853
L2_price+L4_regime,3,2025-11,-113.16681535761472,-0.0022633363071522944
L2_price+L4_regime,3,2025-12,-606.95148802124,-0.0121390297604248
L2_price+L4_regime,3,2026-01,1261.42813650861,0.025228562730172197
L2_price+L4_regime,3,2026-02,498.9118430834833,0.009978236861669666
L2_price+L4_regime,3,2026-03,-800.0987745053553,-0.016001975490107106
L2_price+L4_regime,3,2026-04,8.689832089267838,0.00017379664178535678
L2_price+L4_regime,3,2026-05,254.04016070103717,0.005080803214020743
L2_price+L4_regime,3,2026-06,-199.07251556740266,-0.003981450311348053
L2_price+L4_regime,3,2026-07,78.17369515338578,0.0015634739030677156
L2_price+L4_regime,4,2025-08,217.16415760982,0.0043432831521964
L2_price+L4_regime,4,2025-09,506.01459718682963,0.010120291943736592
L2_price+L4_regime,4,2025-10,219.95291641798758,0.004399058328359752
L2_price+L4_regime,4,2025-11,-2275.339939125841,-0.045506798782516816
L2_price+L4_regime,4,2025-12,-797.1015108828183,-0.015942030217656365
L2_price+L4_regime,4,2026-01,609.2704522264744,0.012185409044529487
L2_price+L4_regime,4,2026-02,974.7361346936368,0.019494722693872736
L2_price+L4_regime,4,2026-03,-1532.0508715400879,-0.03064101743080176
L2_price+L4_regime,4,2026-04,2148.6039678620336,0.04297207935724067
L2_price+L4_regime,4,2026-05,1248.4659822129524,0.02496931964425905
L2_price+L4_regime,4,2026-06,1482.132285962095,0.0296426457192419
L2_price+L4_regime,4,2026-07,-1254.794276654271,-0.02509588553308542
L2_price+L4_regime,5,2025-08,413.54829301128575,0.008270965860225715
L2_price+L4_regime,5,2025-09,-75.58927554936781,-0.0015117855109873562
L2_price+L4_regime,5,2025-10,37.38499428926934,0.0007476998857853869
L2_price+L4_regime,5,2025-11,739.520750414109,0.01479041500828218
L2_price+L4_regime,5,2025-12,-281.3860597817902,-0.005627721195635804
L2_price+L4_regime,5,2026-01,-327.9930831683141,-0.006559861663366282
L2_price+L4_regime,5,2026-02,573.3482303610763,0.011466964607221526
L2_price+L4_regime,5,2026-03,164.89229180136135,0.0032978458360272273
L2_price+L4_regime,5,2026-04,1030.8584628769759,0.02061716925753952
L2_price+L4_regime,5,2026-05,-991.211810818555,-0.0198242362163711
L2_price+L4_regime,5,2026-06,51.01058908659979,0.0010202117817319958
L2_price+L4_regime,5,2026-07,-72.21393409152279,-0.0014442786818304558
L2_price+L4_regime,6,2025-08,291.85897628699513,0.005837179525739903
L2_price+L4_regime,6,2025-09,2299.089714479048,0.045981794289580956
L2_price+L4_regime,6,2025-10,-2259.7157005082136,-0.04519431401016427
L2_price+L4_regime,6,2025-11,-493.2598911850673,-0.009865197823701346
L2_price+L4_regime,6,2025-12,-498.54161304725494,-0.0099708322609451
L2_price+L4_regime,6,2026-01,-43.575732946699645,-0.0008715146589339929
L2_price+L4_regime,6,2026-02,297.1204136288552,0.005942408272577104
L2_price+L4_regime,6,2026-03,-640.3749592114655,-0.012807499184229309
L2_price+L4_regime,6,2026-04,1320.8000853255298,0.026416001706510598
L2_price+L4_regime,6,2026-05,2165.460743749024,0.04330921487498048
L2_price+L4_regime,6,2026-06,-1608.2277872182358,-0.03216455574436471
L2_price+L4_regime,6,2026-07,-431.22583517527846,-0.008624516703505569
L2_price+L4_regime,7,2025-08,-161.40918996744585,-0.0032281837993489173
L2_price+L4_regime,7,2025-09,-64.67936759561599,-0.0012935873519123197
L2_price+L4_regime,7,2025-10,580.4996325775446,0.011609992651550893
L2_price+L4_regime,7,2025-11,801.6636484470564,0.016033272968941126
L2_price+L4_regime,7,2025-12,-65.07429464108918,-0.0013014858928217835
L2_price+L4_regime,7,2026-01,1944.913377239799,0.03889826754479598
L2_price+L4_regime,7,2026-02,-98.73203412524344,-0.0019746406825048688
L2_price+L4_regime,7,2026-03,-585.5326255924438,-0.011710652511848876
L2_price+L4_regime,7,2026-04,249.38141106811963,0.004987628221362393
L2_price+L4_regime,7,2026-05,-930.061732316507,-0.01860123464633014
L2_price+L4_regime,7,2026-06,-666.9099155199201,-0.013338198310398402
L2_price+L4_regime,7,2026-07,955.6087568038347,0.019112175136076694
L2_price+L4_regime,8,2025-08,-39.85226298409907,-0.0007970452596819815
L2_price+L4_regime,8,2025-09,688.3327401950428,0.013766654803900855
L2_price+L4_regime,8,2025-10,484.26803333110547,0.009685360666622109
L2_price+L4_regime,8,2025-11,250.22857846425813,0.005004571569285163
L2_price+L4_regime,8,2025-12,-12.447049016282108,-0.0002489409803256422
L2_price+L4_regime,8,2026-01,842.8605118715614,0.01685721023743123
L2_price+L4_regime,8,2026-02,-292.34274153877595,-0.005846854830775519
L2_price+L4_regime,8,2026-03,-367.54837603172564,-0.007350967520634513
L2_price+L4_regime,8,2026-04,592.8012944777329,0.011856025889554658
L2_price+L4_regime,8,2026-05,2126.9711243402435,0.04253942248680487
L2_price+L4_regime,8,2026-06,137.1023900117143,0.002742047800234286
L2_price+L4_regime,8,2026-07,-124.82823464446301,-0.00249656469288926
L2_price+L4_regime,9,2025-08,529.3845795156149,0.010587691590312297
L2_price+L4_regime,9,2025-09,2760.3204487399917,0.05520640897479984
L2_price+L4_regime,9,2025-10,-1843.2600340345243,-0.036865200680690484
L2_price+L4_regime,9,2025-11,-833.6608775489794,-0.01667321755097959
L2_price+L4_regime,9,2025-12,-434.51536000020224,-0.008690307200004044
L2_price+L4_regime,9,2026-01,85.56422559596194,0.001711284511919239
L2_price+L4_regime,9,2026-02,98.1817533655576,0.001963635067311152
L2_price+L4_regime,9,2026-03,-345.9396440197552,-0.006918792880395103
L2_price+L4_regime,9,2026-04,1207.2005087739963,0.024144010175479926
L2_price+L4_regime,9,2026-05,872.3805500696526,0.01744761100139305
L2_price+L4_regime,9,2026-06,-1809.0702968096912,-0.036181405936193824
L2_price+L4_regime,9,2026-07,197.67196323857024,0.003953439264771405
L2_price+L4_regime,10,2025-08,-105.56642322883181,-0.0021113284645766363
L2_price+L4_regime,10,2025-09,62.26038037724811,0.0012452076075449622
L2_price+L4_regime,10,2025-10,-638.683264767038,-0.01277366529534076
L2_price+L4_regime,10,2025-11,-356.2366554834489,-0.007124733109668977
L2_price+L4_regime,10,2025-12,-611.5749234047835,-0.01223149846809567
L2_price+L4_regime,10,2026-01,522.4945507309258,0.010449891014618516
L2_price+L4_regime,10,2026-02,883.2103574143775,0.01766420714828755
L2_price+L4_regime,10,2026-03,-1159.6100988284325,-0.023192201976568648
L2_price+L4_regime,10,2026-04,1142.2302802247268,0.022844605604494535
L2_price+L4_regime,10,2026-05,20.300134173753577,0.00040600268347507155
L2_price+L4_regime,10,2026-06,-380.5767299351601,-0.007611534598703201
L2_price+L4_regime,10,2026-07,-303.67717890570066,-0.006073543578114013
L2_price+L4_regime,11,2025-08,-338.31089654128846,-0.0067662179308257695
L2_price+L4_regime,11,2025-09,-398.5555661846738,-0.007971111323693476
L2_price+L4_regime,11,2025-10,-580.7331361025535,-0.011614662722051071
L2_price+L4_regime,11,2025-11,-376.4049696605043,-0.007528099393210087
L2_price+L4_regime,11,2025-12,-436.2335120216394,-0.008724670240432789
L2_price+L4_regime,11,2026-01,28.19685075936195,0.000563937015187239
L2_price+L4_regime,11,2026-02,-1147.1832452064782,-0.022943664904129565
L2_price+L4_regime,11,2026-03,-624.6270607013139,-0.012492541214026279
L2_price+L4_regime,11,2026-04,1985.4910198340303,0.039709820396680605
L2_price+L4_regime,11,2026-05,232.40934386210483,0.004648186877242097
L2_price+L4_regime,11,2026-06,-328.4060177525089,-0.006568120355050178
L2_price+L4_regime,11,2026-07,-40.88862772995117,-0.0008177725545990233
L2_price+L4_regime,12,2025-08,0.5384967510517527,1.0769935021035053e-05
L2_price+L4_regime,12,2025-09,-357.58214597848837,-0.007151642919569767
L2_price+L4_regime,12,2025-10,-167.7869470545029,-0.003355738941090058
L2_price+L4_regime,12,2025-11,-117.43924880706163,-0.0023487849761412325
L2_price+L4_regime,12,2025-12,-313.7375940943466,-0.006274751881886932
L2_price+L4_regime,12,2026-01,-1127.0845418768695,-0.02254169083753739
L2_price+L4_regime,12,2026-02,-41.083900554493084,-0.0008216780110898617
L2_price+L4_regime,12,2026-03,-388.8508095700681,-0.007777016191401362
L2_price+L4_regime,12,2026-04,84.50089296492752,0.0016900178592985503
L2_price+L4_regime,12,2026-05,316.2006900668066,0.006324013801336132
L2_price+L4_regime,12,2026-06,48.33479789303783,0.0009666959578607566
L2_price+L4_regime,12,2026-07,316.9644160918988,0.006339288321837976
L2_price+L4_regime,13,2025-08,-1005.6221669151328,-0.020112443338302654
L2_price+L4_regime,13,2025-09,149.88910037319147,0.0029977820074638295
L2_price+L4_regime,13,2025-10,735.659576120006,0.01471319152240012
L2_price+L4_regime,13,2025-11,-618.601809457753,-0.01237203618915506
L2_price+L4_regime,13,2025-12,-848.6729639462224,-0.016973459278924446
L2_price+L4_regime,13,2026-01,64.51816291829755,0.001290363258365951
L2_price+L4_regime,13,2026-02,369.4941648722606,0.007389883297445212
L2_price+L4_regime,13,2026-03,-605.0403760563677,-0.012100807521127353
L2_price+L4_regime,13,2026-04,2027.7211798595063,0.04055442359719012
L2_price+L4_regime,13,2026-05,3064.8643538962688,0.06129728707792537
L2_price+L4_regime,13,2026-06,1472.5853618383862,0.029451707236767724
L2_price+L4_regime,13,2026-07,-260.83299742933923,-0.005216659948586785
L2_price+L4_regime,14,2025-08,665.6312075694768,0.013312624151389537
L2_price+L4_regime,14,2025-09,4941.242348129426,0.09882484696258853
L2_price+L4_regime,14,2025-10,-1034.120629599488,-0.02068241259198976
L2_price+L4_regime,14,2025-11,-986.5021386463823,-0.019730042772927645
L2_price+L4_regime,14,2025-12,-633.6596090405847,-0.012673192180811694
L2_price+L4_regime,14,2026-01,1396.8239489525658,0.027936478979051316
L2_price+L4_regime,14,2026-02,-73.88831841737647,-0.0014777663683475293
L2_price+L4_regime,14,2026-03,-1070.2281462420815,-0.02140456292484163
L2_price+L4_regime,14,2026-04,2186.959120693231,0.04373918241386462
L2_price+L4_regime,14,2026-05,1423.3602936611887,0.028467205873223773
L2_price+L4_regime,14,2026-06,-1752.485600753299,-0.03504971201506598
L2_price+L4_regime,14,2026-07,-144.27223598032015,-0.002885444719606403
L2_price+L4_regime,15,2025-08,488.08022422687554,0.009761604484537511
L2_price+L4_regime,15,2025-09,3103.5081571126566,0.06207016314225313
L2_price+L4_regime,15,2025-10,-2017.9217377219811,-0.04035843475443962
L2_price+L4_regime,15,2025-11,-698.3032461922867,-0.013966064923845733
L2_price+L4_regime,15,2025-12,-1105.5803169729625,-0.022111606339459248
L2_price+L4_regime,15,2026-01,-663.3396646480069,-0.013266793292960138
L2_price+L4_regime,15,2026-02,-58.530633787685474,-0.0011706126757537094
L2_price+L4_regime,15,2026-03,-595.544975875353,-0.011910899517507059
L2_price+L4_regime,15,2026-04,1987.7206373017561,0.039754412746035125
L2_price+L4_regime,15,2026-05,2222.42614306192,0.0444485228612384
L2_price+L4_regime,15,2026-06,25.25954765757433,0.0005051909531514866
L2_price+L4_regime,15,2026-07,258.9043984641139,0.005178087969282278
L2_price+L4_regime,16,2025-08,-68.62850211648856,-0.0013725700423297712
L2_price+L4_regime,16,2025-09,262.16396765953596,0.005243279353190719
L2_price+L4_regime,16,2025-10,242.2762367816531,0.004845524735633062
L2_price+L4_regime,16,2025-11,-463.8946322461743,-0.009277892644923486
L2_price+L4_regime,16,2025-12,-692.7796719335329,-0.013855593438670658
L2_price+L4_regime,16,2026-01,541.4830891367455,0.01082966178273491
L2_price+L4_regime,16,2026-02,1098.0153900908663,0.021960307801817326
L2_price+L4_regime,16,2026-03,-440.3103018681686,-0.008806206037363372
L2_price+L4_regime,16,2026-04,2107.008000520057,0.04214016001040114
L2_price+L4_regime,16,2026-05,340.4314941888233,0.006808629883776466
L2_price+L4_regime,16,2026-06,1015.381143146059,0.02030762286292118
L2_price+L4_regime,16,2026-07,-189.4659460937337,-0.0037893189218746737
L2_price+L4_regime,17,2025-08,131.64642705974165,0.002632928541194833
L2_price+L4_regime,17,2025-09,-183.02052541090234,-0.003660410508218047
L2_price+L4_regime,17,2025-10,-763.2375965434703,-0.015264751930869406
L2_price+L4_regime,17,2025-11,284.6239518611219,0.005692479037222438
L2_price+L4_regime,17,2025-12,-616.6888570895562,-0.012333777141791125
L2_price+L4_regime,17,2026-01,-704.1855031045761,-0.014083710062091522
L2_price+L4_regime,17,2026-02,-162.48395365498982,-0.0032496790730997963
L2_price+L4_regime,17,2026-03,-220.51718139216155,-0.004410343627843231
L2_price+L4_regime,17,2026-04,85.51886346204083,0.0017103772692408166
L2_price+L4_regime,17,2026-05,345.7219037972518,0.006914438075945036
L2_price+L4_regime,17,2026-06,-467.4579970949044,-0.009349159941898088
L2_price+L4_regime,17,2026-07,335.5432611230649,0.0067108652224612975
L2_price+L4_regime,18,2025-08,-1120.7181392273724,-0.022414362784547448
L2_price+L4_regime,18,2025-09,-136.577715000014,-0.00273155430000028
L2_price+L4_regime,18,2025-10,313.7176524333954,0.006274353048667908
L2_price+L4_regime,18,2025-11,-559.204793454036,-0.01118409586908072
L2_price+L4_regime,18,2025-12,-415.57725011677803,-0.00831154500233556
L2_price+L4_regime,18,2026-01,675.6112232160035,0.01351222446432007
L2_price+L4_regime,18,2026-02,1388.081528473488,0.027761630569469762
L2_price+L4_regime,18,2026-03,-1691.9978138762644,-0.03383995627752529
L2_price+L4_regime,18,2026-04,1646.2412901179232,0.03292482580235846
L2_price+L4_regime,18,2026-05,1580.7633137054,0.031615266274107996
L2_price+L4_regime,18,2026-06,1191.2242083783558,0.023824484167567116
L2_price+L4_regime,18,2026-07,-401.7020032148871,-0.008034040064297742
L2_price+L4_regime,19,2025-08,195.30705615883198,0.0039061411231766396
L2_price+L4_regime,19,2025-09,2866.1978636864733,0.057323957273729464
L2_price+L4_regime,19,2025-10,997.3624067174433,0.019947248134348866
L2_price+L4_regime,19,2025-11,-2229.3180678285107,-0.044586361356570216
L2_price+L4_regime,19,2025-12,-386.5500317935375,-0.00773100063587075
L2_price+L4_regime,19,2026-01,599.2779721696188,0.011985559443392376
L2_price+L4_regime,19,2026-02,239.4380774717947,0.004788761549435894
L2_price+L4_regime,19,2026-03,-1110.1385937503092,-0.02220277187500618
L2_price+L4_regime,19,2026-04,50.992789365360295,0.0010198557873072058
L2_price+L4_regime,19,2026-05,489.41452050378666,0.009788290410075734
L2_price+L4_regime,19,2026-06,-374.5965554709892,-0.007491931109419783
L2_price+L4_regime,19,2026-07,266.9162837090671,0.005338325674181342
L2_price+L4_regime,20,2025-08,-2804.4992251044687,-0.05608998450208937
L2_price+L4_regime,20,2025-09,0.0,0.0
L2_price+L4_regime,20,2025-10,-346.27471046159326,-0.006925494209231865
L2_price+L4_regime,20,2025-11,-598.3204252657843,-0.011966408505315685
L2_price+L4_regime,20,2025-12,-689.1316927643652,-0.013782633855287304
L2_price+L4_regime,20,2026-01,837.3448588235028,0.016746897176470057
L2_price+L4_regime,20,2026-02,524.1541002329559,0.010483082004659118
L2_price+L4_regime,20,2026-03,3.1837034525715353,6.367406905143071e-05
L2_price+L4_regime,20,2026-04,544.4988281634833,0.010889976563269666
L2_price+L4_regime,20,2026-05,1859.2376597815537,0.037184753195631075
L2_price+L4_regime,20,2026-06,-57.29985899721669,-0.0011459971799443337
L2_price+L4_regime,20,2026-07,49.66167012698588,0.0009932334025397175
L2_price+L4_regime,21,2025-08,-454.74956984711116,-0.009094991396942224
L2_price+L4_regime,21,2025-09,-177.32741804012585,-0.003546548360802517
L2_price+L4_regime,21,2025-10,-212.54539624711379,-0.0042509079249422755
L2_price+L4_regime,21,2025-11,-255.05339175872268,-0.005101067835174454
L2_price+L4_regime,21,2025-12,-940.4098961955697,-0.018808197923911394
L2_price+L4_regime,21,2026-01,-58.882904417238024,-0.0011776580883447604
L2_price+L4_regime,21,2026-02,371.76701841995055,0.007435340368399011
L2_price+L4_regime,21,2026-03,-752.8080516146156,-0.015056161032292311
L2_price+L4_regime,21,2026-04,1580.981432257995,0.0316196286451599
L2_price+L4_regime,21,2026-05,172.95870883187945,0.003459174176637589
L2_price+L4_regime,21,2026-06,-4.4844499045048,-8.968899809009599e-05
L2_price+L4_regime,21,2026-07,323.4732087215734,0.006469464174431469
L2_price+L4_regime,22,2025-08,-124.89559397273842,-0.0024979118794547684
L2_price+L4_regime,22,2025-09,184.957798019017,0.00369915596038034
L2_price+L4_regime,22,2025-10,664.7281138654644,0.013294562277309288
L2_price+L4_regime,22,2025-11,1295.970983940083,0.02591941967880166
L2_price+L4_regime,22,2025-12,808.9547663258645,0.01617909532651729
L2_price+L4_regime,22,2026-01,-191.7637361009838,-0.0038352747220196763
L2_price+L4_regime,22,2026-02,483.41823456881593,0.00966836469137632
L2_price+L4_regime,22,2026-03,-450.4421655606102,-0.009008843311212204
L2_price+L4_regime,22,2026-04,248.71557004500937,0.0049743114009001875
L2_price+L4_regime,22,2026-05,-281.9438065337781,-0.0056388761306755625
L2_price+L4_regime,22,2026-06,-620.0752024862286,-0.012401504049724572
L2_price+L4_regime,22,2026-07,-564.4084312667819,-0.011288168625335639
L2_price+L4_regime,23,2025-08,186.93637579121514,0.003738727515824303
L2_price+L4_regime,23,2025-09,1789.8435190716427,0.03579687038143285
L2_price+L4_regime,23,2025-10,527.5248534877937,0.010550497069755875
L2_price+L4_regime,23,2025-11,-163.23973930061584,-0.0032647947860123165
L2_price+L4_regime,23,2025-12,590.7766483291452,0.011815532966582904
L2_price+L4_regime,23,2026-01,62.81560270609316,0.0012563120541218631
L2_price+L4_regime,23,2026-02,-528.5825692500148,-0.010571651385000295
L2_price+L4_regime,23,2026-03,-407.911081815746,-0.00815822163631492
L2_price+L4_regime,23,2026-04,705.8363971833487,0.014116727943666973
L2_price+L4_regime,23,2026-05,451.66207431334533,0.009033241486266906
L2_price+L4_regime,23,2026-06,-668.372595419296,-0.01336745190838592
L2_price+L4_regime,23,2026-07,294.6264769515956,0.005892529539031912
L2_price+L4_regime,24,2025-08,59.407274011712616,0.0011881454802342524
L2_price+L4_regime,24,2025-09,811.3017744876079,0.01622603548975216
L2_price+L4_regime,24,2025-10,413.0306240375039,0.008260612480750077
L2_price+L4_regime,24,2025-11,-838.4806372718267,-0.016769612745436535
L2_price+L4_regime,24,2025-12,-242.25970900137872,-0.004845194180027574
L2_price+L4_regime,24,2026-01,-496.40372649224355,-0.009928074529844871
L2_price+L4_regime,24,2026-02,66.94955668212788,0.0013389911336425576
L2_price+L4_regime,24,2026-03,337.51962971845023,0.0067503925943690046
L2_price+L4_regime,24,2026-04,544.044946946241,0.01088089893892482
L2_price+L4_regime,24,2026-05,-930.2424460993625,-0.01860484892198725
L2_price+L4_regime,24,2026-06,92.5387457849929,0.0018507749156998579
L2_price+L4_regime,24,2026-07,-331.28378970879567,-0.0066256757941759135
L2_price+L4_regime,25,2025-08,-219.8201277420494,-0.004396402554840988
L2_price+L4_regime,25,2025-09,14.314058010962981,0.0002862811602192596
L2_price+L4_regime,25,2025-10,152.10859728194646,0.0030421719456389293
L2_price+L4_regime,25,2025-11,777.0878740166318,0.015541757480332635
L2_price+L4_regime,25,2025-12,432.6694330875871,0.008653388661751742
L2_price+L4_regime,25,2026-01,186.44837810871195,0.003728967562174239
L2_price+L4_regime,25,2026-02,792.245778503363,0.01584491557006726
L2_price+L4_regime,25,2026-03,-377.1268586964188,-0.007542537173928376
L2_price+L4_regime,25,2026-04,735.6976027070168,0.014713952054140337
L2_price+L4_regime,25,2026-05,-476.5008757019077,-0.009530017514038154
L2_price+L4_regime,25,2026-06,69.94283978202293,0.0013988567956404587
L2_price+L4_regime,25,2026-07,347.0822324879491,0.006941644649758982
L2_price+L4_regime,26,2025-08,-501.59771568929773,-0.010031954313785955
L2_price+L4_regime,26,2025-09,157.98701984034778,0.0031597403968069556
L2_price+L4_regime,26,2025-10,325.74390405162194,0.0065148780810324386
L2_price+L4_regime,26,2025-11,-110.88886271892079,-0.0022177772543784157
L2_price+L4_regime,26,2025-12,-295.2567002314918,-0.005905134004629836
L2_price+L4_regime,26,2026-01,-110.11015766864693,-0.0022022031533729387
L2_price+L4_regime,26,2026-02,1905.9971408070878,0.038119942816141755
L2_price+L4_regime,26,2026-03,-254.3557075952076,-0.005087114151904152
L2_price+L4_regime,26,2026-04,57.70590750949577,0.0011541181501899154
L2_price+L4_regime,26,2026-05,-695.705008659379,-0.013914100173187581
L2_price+L4_regime,26,2026-06,-30.069465182505155,-0.0006013893036501031
L2_price+L4_regime,26,2026-07,653.7595233027623,0.013075190466055247
L2_price+L4_regime,27,2025-08,73.41296080564553,0.0014682592161129105
L2_price+L4_regime,27,2025-09,147.01583238219882,0.0029403166476439763
L2_price+L4_regime,27,2025-10,407.4100846755018,0.008148201693510037
L2_price+L4_regime,27,2025-11,1026.633511373906,0.02053267022747812
L2_price+L4_regime,27,2025-12,-605.3027103717877,-0.012106054207435754
L2_price+L4_regime,27,2026-01,-748.9646123147577,-0.014979292246295154
L2_price+L4_regime,27,2026-02,594.6391831963201,0.011892783663926402
L2_price+L4_regime,27,2026-03,101.99308489257874,0.0020398616978515747
L2_price+L4_regime,27,2026-04,687.7590245465544,0.013755180490931088
L2_price+L4_regime,27,2026-05,-383.15846649028936,-0.007663169329805787
L2_price+L4_regime,27,2026-06,-34.178141461459745,-0.0006835628292291949
L2_price+L4_regime,27,2026-07,-1145.99649146801,-0.022919929829360197
L2_price+L4_regime,28,2025-08,13.73013729550712,0.0002746027459101424
L2_price+L4_regime,28,2025-09,-21.292612646921043,-0.00042585225293842086
L2_price+L4_regime,28,2025-10,15.011840371837934,0.0003002368074367587
L2_price+L4_regime,28,2025-11,-426.57121819203076,-0.008531424363840615
L2_price+L4_regime,28,2025-12,-779.2530511045129,-0.015585061022090257
L2_price+L4_regime,28,2026-01,-424.06460901978653,-0.008481292180395731
L2_price+L4_regime,28,2026-02,101.80546404821325,0.0020361092809642652
L2_price+L4_regime,28,2026-03,-368.1734306456442,-0.007363468612912884
L2_price+L4_regime,28,2026-04,749.3943108647491,0.014987886217294981
L2_price+L4_regime,28,2026-05,-645.4374347843868,-0.012908748695687736
L2_price+L4_regime,28,2026-06,-283.61894445338385,-0.005672378889067677
L2_price+L4_regime,28,2026-07,-151.0389295467089,-0.0030207785909341783
L2_price+L4_regime,29,2025-08,63.376126185965404,0.001267522523719308
L2_price+L4_regime,29,2025-09,120.12773222515534,0.002402554644503107
L2_price+L4_regime,29,2025-10,54.14267692206977,0.0010828535384413954
L2_price+L4_regime,29,2025-11,570.6648845972077,0.011413297691944154
L2_price+L4_regime,29,2025-12,-560.5380231168747,-0.011210760462337493
L2_price+L4_regime,29,2026-01,399.36511265741956,0.007987302253148391
L2_price+L4_regime,29,2026-02,1179.853585274871,0.023597071705497418
L2_price+L4_regime,29,2026-03,-1194.435596998359,-0.02388871193996718
L2_price+L4_regime,29,2026-04,1155.6151025598992,0.023112302051197985
L2_price+L4_regime,29,2026-05,-0.49089963251299196,-9.81799265025984e-06
L2_price+L4_regime,29,2026-06,-286.09616778446434,-0.0057219233556892865
L2_price+L4_regime,29,2026-07,-627.8462367205957,-0.012556924734411914
L2_price+L4_regime,30,2025-08,46.6204820309913,0.000932409640619826
L2_price+L4_regime,30,2025-09,1194.3988041279536,0.023887976082559072
L2_price+L4_regime,30,2025-10,845.1687558219701,0.0169033751164394
L2_price+L4_regime,30,2025-11,284.9346677690655,0.005698693355381311
L2_price+L4_regime,30,2025-12,-1047.0352625671248,-0.020940705251342496
L2_price+L4_regime,30,2026-01,1417.3923835087708,0.028347847670175414
L2_price+L4_regime,30,2026-02,933.3881741936793,0.018667763483873587
L2_price+L4_regime,30,2026-03,289.09210000133953,0.005781842000026791
L2_price+L4_regime,30,2026-04,291.57439100296233,0.005831487820059247
L2_price+L4_regime,30,2026-05,-113.19747839156298,-0.00226394956783126
L2_price+L4_regime,30,2026-06,-442.39200674456333,-0.008847840134891267
L2_price+L4_regime,30,2026-07,-5.893499691808756,-0.00011786999383617513
L2_price+L4_regime,31,2025-08,-774.4811007411417,-0.015489622014822835
L2_price+L4_regime,31,2025-09,1930.7472298705889,0.03861494459741178
L2_price+L4_regime,31,2025-10,1026.53708315722,0.0205307416631444
L2_price+L4_regime,31,2025-11,-1546.7924306344603,-0.030935848612689207
L2_price+L4_regime,31,2025-12,-1206.4395028044478,-0.024128790056088957
L2_price+L4_regime,31,2026-01,1192.6068328534661,0.023852136657069322
L2_price+L4_regime,31,2026-02,821.8944604765402,0.016437889209530803
L2_price+L4_regime,31,2026-03,-1104.9229458451437,-0.022098458916902874
L2_price+L4_regime,31,2026-04,765.6266059741711,0.015312532119483422
L2_price+L4_regime,31,2026-05,747.0592296276545,0.014941184592553091
L2_price+L4_regime,31,2026-06,-484.26667487075156,-0.009685333497415032
L2_price+L4_regime,31,2026-07,164.33628610386313,0.0032867257220772625
L2_price+L4_regime,32,2025-08,-659.3194503969607,-0.013186389007939215
L2_price+L4_regime,32,2025-09,545.7507914196876,0.010915015828393753
L2_price+L4_regime,32,2025-10,-243.77998704738638,-0.004875599740947728
L2_price+L4_regime,32,2025-11,-1301.2177146828308,-0.026024354293656616
L2_price+L4_regime,32,2025-12,-800.712335449472,-0.01601424670898944
L2_price+L4_regime,32,2026-01,573.7526075553556,0.01147505215110711
L2_price+L4_regime,32,2026-02,-270.5450764473344,-0.005410901528946688
L2_price+L4_regime,32,2026-03,-986.302478368194,-0.01972604956736388
L2_price+L4_regime,32,2026-04,1932.6476491307576,0.03865295298261515
L2_price+L4_regime,32,2026-05,1582.1589478762862,0.031643178957525726
L2_price+L4_regime,32,2026-06,1226.5375375367867,0.024530750750735734
L2_price+L4_regime,32,2026-07,-842.4085975066519,-0.016848171950133037
L2_price+L4_regime,33,2025-08,-82.24695462606451,-0.00164493909252129
L2_price+L4_regime,33,2025-09,-5.220354417163435,-0.0001044070883432687
L2_price+L4_regime,33,2025-10,-119.36756648799383,-0.0023873513297598763
L2_price+L4_regime,33,2025-11,156.46342129913864,0.003129268425982773
L2_price+L4_regime,33,2025-12,-442.1177360567626,-0.008842354721135252
L2_price+L4_regime,33,2026-01,724.7560135356516,0.014495120270713032
L2_price+L4_regime,33,2026-02,-101.78044847320598,-0.0020356089694641196
L2_price+L4_regime,33,2026-03,-616.2216434596248,-0.012324432869192497
L2_price+L4_regime,33,2026-04,1273.3985215878774,0.02546797043175755
L2_price+L4_regime,33,2026-05,151.67484807282835,0.0030334969614565672
L2_price+L4_regime,33,2026-06,-229.43923561526572,-0.004588784712305314
L2_price+L4_regime,33,2026-07,305.4344004288296,0.006108688008576592
L2_price+L4_regime,34,2025-08,-155.0200069056027,-0.0031004001381120545
L2_price+L4_regime,34,2025-09,786.0950618756888,0.015721901237513776
L2_price+L4_regime,34,2025-10,569.3502584051275,0.011387005168102551
L2_price+L4_regime,34,2025-11,-448.0879349690704,-0.008961758699381407
L2_price+L4_regime,34,2025-12,-353.0503826842214,-0.007061007653684428
L2_price+L4_regime,34,2026-01,421.54417092293806,0.00843088341845876
L2_price+L4_regime,34,2026-02,1682.7326448978483,0.033654652897956966
L2_price+L4_regime,34,2026-03,-785.1692158868409,-0.015703384317736817
L2_price+L4_regime,34,2026-04,2494.0019277577558,0.04988003855515512
L2_price+L4_regime,34,2026-05,-807.0734223203617,-0.016141468446407233
L2_price+L4_regime,34,2026-06,-663.0528763765333,-0.013261057527530665
L2_price+L4_regime,34,2026-07,-219.56805720300144,-0.0043913611440600285
L2_price+L4_regime,35,2025-08,-455.76089666079406,-0.009115217933215881
L2_price+L4_regime,35,2025-09,881.8787038887203,0.017637574077774408
L2_price+L4_regime,35,2025-10,-390.2940192487704,-0.007805880384975408
L2_price+L4_regime,35,2025-11,-1378.6308192977176,-0.027572616385954353
L2_price+L4_regime,35,2025-12,-326.17045189503006,-0.006523409037900601
L2_price+L4_regime,35,2026-01,359.65544774474074,0.007193108954894814
L2_price+L4_regime,35,2026-02,1201.1969269163137,0.024023938538326274
L2_price+L4_regime,35,2026-03,-1329.2959877523426,-0.02658591975504685
L2_price+L4_regime,35,2026-04,1085.3254776777103,0.021706509553554205
L2_price+L4_regime,35,2026-05,-94.89716922222124,-0.0018979433844444247
L2_price+L4_regime,35,2026-06,-21.39651569133912,-0.00042793031382678235
L2_price+L4_regime,35,2026-07,-559.5576274809287,-0.011191152549618574
L2_price+L4_regime,36,2025-08,326.3481074052961,0.006526962148105922
L2_price+L4_regime,36,2025-09,2424.0690854429295,0.04848138170885859
L2_price+L4_regime,36,2025-10,762.9171326715868,0.015258342653431737
L2_price+L4_regime,36,2025-11,-1797.8791557016093,-0.03595758311403219
L2_price+L4_regime,36,2025-12,-796.3272291550147,-0.015926544583100295
L2_price+L4_regime,36,2026-01,588.940076819993,0.01177880153639986
L2_price+L4_regime,36,2026-02,205.6467422636697,0.004112934845273394
L2_price+L4_regime,36,2026-03,-655.7095558165402,-0.013114191116330803
L2_price+L4_regime,36,2026-04,585.9616494472966,0.011719232988945932
L2_price+L4_regime,36,2026-05,2657.3356816458863,0.05314671363291772
L2_price+L4_regime,36,2026-06,-502.0413324800993,-0.010040826649601986
L2_price+L4_regime,36,2026-07,-568.9846018329667,-0.011379692036659336
L2_price+L4_regime,37,2025-08,-601.0849043562894,-0.012021698087125788
L2_price+L4_regime,37,2025-09,-201.60014794467043,-0.004032002958893409
L2_price+L4_regime,37,2025-10,455.1906896659493,0.009103813793318986
L2_price+L4_regime,37,2025-11,-734.2241787170769,-0.01468448357434154
L2_price+L4_regime,37,2025-12,-594.3195604449375,-0.011886391208898749
L2_price+L4_regime,37,2026-01,-289.55123275393544,-0.005791024655078709
L2_price+L4_regime,37,2026-02,779.4457198511518,0.015588914397023037
L2_price+L4_regime,37,2026-03,-675.700404225363,-0.013514008084507258
L2_price+L4_regime,37,2026-04,1148.811808334809,0.022976236166696182
L2_price+L4_regime,37,2026-05,915.9070745658773,0.018318141491317545
L2_price+L4_regime,37,2026-06,1529.7802146628137,0.030595604293256275
L2_price+L4_regime,37,2026-07,-45.632456982305484,-0.0009126491396461096
L2_price+L4_regime,38,2025-08,297.5786808358471,0.005951573616716941
L2_price+L4_regime,38,2025-09,2210.0400590678473,0.04420080118135695
L2_price+L4_regime,38,2025-10,987.5028217501404,0.019750056435002807
L2_price+L4_regime,38,2025-11,-166.1855901939889,-0.003323711803879778
L2_price+L4_regime,38,2025-12,-240.26035886315913,-0.004805207177263182
L2_price+L4_regime,38,2026-01,1575.5367059060736,0.03151073411812147
L2_price+L4_regime,38,2026-02,254.1864139110785,0.00508372827822157
L2_price+L4_regime,38,2026-03,-902.7756246386925,-0.018055512492773852
L2_price+L4_regime,38,2026-04,-429.56105055182707,-0.008591221011036541
L2_price+L4_regime,38,2026-05,489.41452050378666,0.009788290410075734
L2_price+L4_regime,38,2026-06,-284.5322076308412,-0.005690644152616824
L2_price+L4_regime,38,2026-07,219.69389895108452,0.00439387797902169
L2_price+L4_regime,39,2025-08,-791.4732652550165,-0.01582946530510033
L2_price+L4_regime,39,2025-09,925.8145086383975,0.01851629017276795
L2_price+L4_regime,39,2025-10,121.11086531915407,0.0024222173063830816
L2_price+L4_regime,39,2025-11,-1175.4072696362346,-0.02350814539272469
L2_price+L4_regime,39,2025-12,-728.7870219400756,-0.014575740438801513
L2_price+L4_regime,39,2026-01,543.2223893310002,0.010864447786620003
L2_price+L4_regime,39,2026-02,753.54775316206,0.0150709550632412
L2_price+L4_regime,39,2026-03,-1783.28194538162,-0.0356656389076324
L2_price+L4_regime,39,2026-04,414.419642344179,0.008288392846883581
L2_price+L4_regime,39,2026-05,-39.68051165316501,-0.0007936102330633003
L2_price+L4_regime,39,2026-06,-202.69580303812745,-0.004053916060762549
L2_price+L4_regime,39,2026-07,-291.3797480204548,-0.005827594960409096
L2_price+L4_regime,40,2025-08,246.81934688599176,0.004936386937719835
L2_price+L4_regime,40,2025-09,3009.167685702163,0.06018335371404326
L2_price+L4_regime,40,2025-10,1883.231809693002,0.03766463619386004
L2_price+L4_regime,40,2025-11,-2497.2348635405897,-0.04994469727081179
L2_price+L4_regime,40,2025-12,-1564.4512672367446,-0.03128902534473489
L2_price+L4_regime,40,2026-01,351.2674126746988,0.007025348253493976
L2_price+L4_regime,40,2026-02,-344.8512626281654,-0.006897025252563308
L2_price+L4_regime,40,2026-03,-134.49444677959036,-0.0026898889355918072
L2_price+L4_regime,40,2026-04,3938.9650778939786,0.07877930155787957
L2_price+L4_regime,40,2026-05,1972.143341874722,0.03944286683749444
L2_price+L4_regime,40,2026-06,427.4981784737756,0.008549963569475513
L2_price+L4_regime,40,2026-07,-408.51672151280764,-0.008170334430256153
L2_price+L4_regime,41,2025-08,-236.1909614865126,-0.004723819229730252
L2_price+L4_regime,41,2025-09,1.6420811145271728,3.2841622290543456e-05
L2_price+L4_regime,41,2025-10,-243.38210715822424,-0.004867642143164485
L2_price+L4_regime,41,2025-11,-1533.232879384147,-0.030664657587682942
L2_price+L4_regime,41,2025-12,-539.6274411526497,-0.010792548823052993
L2_price+L4_regime,41,2026-01,-225.69957912884865,-0.004513991582576973
L2_price+L4_regime,41,2026-02,534.1900072347107,0.010683800144694215
L2_price+L4_regime,41,2026-03,-1493.21675648081,-0.029864335129616202
L2_price+L4_regime,41,2026-04,750.1095327603807,0.015002190655207614
L2_price+L4_regime,41,2026-05,2071.0742503554093,0.04142148500710818
L2_price+L4_regime,41,2026-06,-393.58064155308784,-0.007871612831061758
L2_price+L4_regime,41,2026-07,-271.30779734701036,-0.005426155946940207
L2_price+L4_regime,42,2025-08,-1810.923276283792,-0.036218465525675834
L2_price+L4_regime,42,2025-09,1045.1173046293807,0.020902346092587613
L2_price+L4_regime,42,2025-10,35.027439964241694,0.0007005487992848339
L2_price+L4_regime,42,2025-11,-1760.9772231498864,-0.03521954446299773
L2_price+L4_regime,42,2025-12,-132.89828450484492,-0.0026579656900968984
L2_price+L4_regime,42,2026-01,81.61801954512885,0.0016323603909025768
L2_price+L4_regime,42,2026-02,1028.290863337019,0.020565817266740376
L2_price+L4_regime,42,2026-03,-780.1768302371056,-0.015603536604742112
L2_price+L4_regime,42,2026-04,312.29035421016306,0.0062458070842032615
L2_price+L4_regime,42,2026-05,-440.79591873388927,-0.008815918374677786
L2_price+L4_regime,42,2026-06,-285.06996398103183,-0.005701399279620637
L2_price+L4_regime,42,2026-07,185.83659569752535,0.003716731913950507
L2_price+L4_regime,43,2025-08,149.04110408571887,0.0029808220817143776
L2_price+L4_regime,43,2025-09,876.9712553253958,0.017539425106507914
L2_price+L4_regime,43,2025-10,1030.5421185583136,0.020610842371166272
L2_price+L4_regime,43,2025-11,-1176.4563878515273,-0.023529127757030546
L2_price+L4_regime,43,2025-12,-1074.9385612659016,-0.02149877122531803
L2_price+L4_regime,43,2026-01,97.34723340427263,0.0019469446680854526
L2_price+L4_regime,43,2026-02,-490.20902501208366,-0.009804180500241674
L2_price+L4_regime,43,2026-03,-152.43271799292052,-0.0030486543598584105
L2_price+L4_regime,43,2026-04,1480.4383878293856,0.029608767756587714
L2_price+L4_regime,43,2026-05,1636.739616169064,0.03273479232338128
L2_price+L4_regime,43,2026-06,1212.265783429144,0.02424531566858288
L2_price+L4_regime,43,2026-07,-375.30659690924585,-0.007506131938184917
L2_price+L4_regime,44,2025-08,-556.7085803912187,-0.011134171607824374
L2_price+L4_regime,44,2025-09,354.3731822498967,0.007087463644997933
L2_price+L4_regime,44,2025-10,-60.45504994953353,-0.0012091009989906706
L2_price+L4_regime,44,2025-11,468.84319906451583,0.009376863981290317
L2_price+L4_regime,44,2025-12,-732.3611500900934,-0.014647223001801867
L2_price+L4_regime,44,2026-01,-22.629268418661013,-0.00045258536837322025
L2_price+L4_regime,44,2026-02,-1060.5255463880767,-0.021210510927761533
L2_price+L4_regime,44,2026-03,-606.2463327195564,-0.01212492665439113
L2_price+L4_regime,44,2026-04,2977.34198646829,0.0595468397293658
L2_price+L4_regime,44,2026-05,-173.47690321452592,-0.0034695380642905185
L2_price+L4_regime,44,2026-06,-624.6599519415504,-0.012493199038831008
L2_price+L4_regime,44,2026-07,-139.3890023573531,-0.002787780047147062
L2_price+L4_regime,45,2025-08,-70.83406341262616,-0.0014166812682525232
L2_price+L4_regime,45,2025-09,2146.003890891211,0.04292007781782422
L2_price+L4_regime,45,2025-10,262.1952752337402,0.005243905504674804
L2_price+L4_regime,45,2025-11,-615.8589141027051,-0.0123171782820541
L2_price+L4_regime,45,2025-12,-386.5549357596892,-0.007731098715193784
L2_price+L4_regime,45,2026-01,-190.3862790389112,-0.0038077255807782238
L2_price+L4_regime,45,2026-02,426.1533499440102,0.008523066998880204
L2_price+L4_regime,45,2026-03,-1088.8134742615202,-0.021776269485230405
L2_price+L4_regime,45,2026-04,200.27921314611012,0.004005584262922203
L2_price+L4_regime,45,2026-05,409.43390670311146,0.00818867813406223
L2_price+L4_regime,45,2026-06,-94.92029350062603,-0.0018984058700125205
L2_price+L4_regime,45,2026-07,93.45456103042306,0.0018690912206084612
L2_price+L4_regime,46,2025-08,149.62931783341628,0.0029925863566683257
L2_price+L4_regime,46,2025-09,-479.2690722786383,-0.009585381445572767
L2_price+L4_regime,46,2025-10,463.43269958191377,0.009268653991638275
L2_price+L4_regime,46,2025-11,486.61409038497186,0.009732281807699437
L2_price+L4_regime,46,2025-12,-402.6827348412162,-0.008053654696824324
L2_price+L4_regime,46,2026-01,497.6864056922914,0.009953728113845827
L2_price+L4_regime,46,2026-02,948.1631284731102,0.018963262569462205
L2_price+L4_regime,46,2026-03,-510.56552636397373,-0.010211310527279475
L2_price+L4_regime,46,2026-04,-250.8545202638188,-0.005017090405276376
L2_price+L4_regime,46,2026-05,1385.9501542743164,0.02771900308548633
L2_price+L4_regime,46,2026-06,73.48032346932632,0.0014696064693865264
L2_price+L4_regime,46,2026-07,-895.7540985226442,-0.017915081970452884
L2_price+L4_regime,47,2025-08,-4.678771551413774,-9.357543102827549e-05
L2_price+L4_regime,47,2025-09,327.61059405021933,0.006552211881004386
L2_price+L4_regime,47,2025-10,-247.69659707396295,-0.004953931941479259
L2_price+L4_regime,47,2025-11,505.4619637503529,0.010109239275007058
L2_price+L4_regime,47,2025-12,-705.0506716221189,-0.014101013432442378
L2_price+L4_regime,47,2026-01,614.8525661464564,0.012297051322929128
L2_price+L4_regime,47,2026-02,914.5140834153872,0.018290281668307744
L2_price+L4_regime,47,2026-03,-1005.0508217182623,-0.020101016434365248
L2_price+L4_regime,47,2026-04,1997.656365886245,0.0399531273177249
L2_price+L4_regime,47,2026-05,2049.8972746006584,0.04099794549201317
L2_price+L4_regime,47,2026-06,-414.413271999234,-0.00828826543998468
L2_price+L4_regime,47,2026-07,-170.28017655934036,-0.0034056035311868073
L2_price+L4_regime,48,2025-08,419.4728182136232,0.008389456364272465
L2_price+L4_regime,48,2025-09,2545.3101976623566,0.05090620395324713
L2_price+L4_regime,48,2025-10,644.5969272067969,0.012891938544135938
L2_price+L4_regime,48,2025-11,-1476.9141843879015,-0.02953828368775803
L2_price+L4_regime,48,2025-12,-320.3071849205253,-0.006406143698410506
L2_price+L4_regime,48,2026-01,109.92713383050068,0.0021985426766100136
L2_price+L4_regime,48,2026-02,-356.00362891387886,-0.007120072578277577
L2_price+L4_regime,48,2026-03,-7.120182081039275,-0.00014240364162078549
L2_price+L4_regime,48,2026-04,437.3732452956838,0.008747464905913676
L2_price+L4_regime,48,2026-05,450.219449563172,0.00900438899126344
L2_price+L4_regime,48,2026-06,-810.999975297299,-0.01621999950594598
L2_price+L4_regime,48,2026-07,-907.4927843535038,-0.018149855687070077
L2_price+L4_regime,49,2025-08,-1810.046691899186,-0.03620093383798372
L2_price+L4_regime,49,2025-09,2775.1932853322833,0.055503865706645665
L2_price+L4_regime,49,2025-10,-2012.134319492628,-0.04024268638985256
L2_price+L4_regime,49,2025-11,-594.3839663363442,-0.011887679326726883
L2_price+L4_regime,49,2025-12,-100.17919358911695,-0.0020035838717823388
L2_price+L4_regime,49,2026-01,-475.4782220829911,-0.009509564441659823
L2_price+L4_regime,49,2026-02,-441.6731288815454,-0.008833462577630907
L2_price+L4_regime,49,2026-03,-319.26741034418956,-0.006385348206883791
L2_price+L4_regime,49,2026-04,2363.183747074764,0.04726367494149528
L2_price+L4_regime,49,2026-05,1069.826108357961,0.021396522167159218
L2_price+L4_regime,49,2026-06,-1154.4172845711373,-0.023088345691422745
L2_price+L4_regime,49,2026-07,179.38518985375595,0.003587703797075119
L2_price+L4_regime,50,2025-08,-43.91567208596916,-0.0008783134417193832
L2_price+L4_regime,50,2025-09,2589.628491886381,0.05179256983772763
L2_price+L4_regime,50,2025-10,-1834.8483014850517,-0.03669696602970103
L2_price+L4_regime,50,2025-11,-655.9331080883958,-0.013118662161767916
L2_price+L4_regime,50,2025-12,-612.9567059704423,-0.012259134119408845
L2_price+L4_regime,50,2026-01,-276.61284694916594,-0.005532256938983319
L2_price+L4_regime,50,2026-02,131.6899754008482,0.002633799508016964
L2_price+L4_regime,50,2026-03,-1025.344824608409,-0.02050689649216818
L2_price+L4_regime,50,2026-04,-406.99029215999417,-0.008139805843199883
L2_price+L4_regime,50,2026-05,973.6393447565515,0.01947278689513103
L2_price+L4_regime,50,2026-06,-1637.6315557473927,-0.032752631114947854
L2_price+L4_regime,50,2026-07,224.94180597460036,0.004498836119492007
L2_price+L4_regime,51,2025-08,186.87286690072597,0.003737457338014519
L2_price+L4_regime,51,2025-09,730.6055285874963,0.014612110571749926
L2_price+L4_regime,51,2025-10,936.5724673807517,0.018731449347615035
L2_price+L4_regime,51,2025-11,-1759.87435394169,-0.0351974870788338
L2_price+L4_regime,51,2025-12,-518.220158772519,-0.01036440317545038
L2_price+L4_regime,51,2026-01,1815.4251121415887,0.036308502242831775
L2_price+L4_regime,51,2026-02,304.06935434990464,0.0060813870869980925
L2_price+L4_regime,51,2026-03,-940.186013469734,-0.01880372026939468
L2_price+L4_regime,51,2026-04,493.89512915478645,0.009877902583095729
L2_price+L4_regime,51,2026-05,1193.3014016400457,0.023866028032800912
L2_price+L4_regime,51,2026-06,1841.018759079203,0.036820375181584056
L2_price+L4_regime,51,2026-07,-376.30693587169526,-0.007526138717433906
L2_price+L4_regime,52,2025-08,-877.2447931626921,-0.01754489586325384
L2_price+L4_regime,52,2025-09,-405.1228226934145,-0.00810245645386829
L2_price+L4_regime,52,2025-10,-23.616058129910925,-0.0004723211625982185
L2_price+L4_regime,52,2025-11,-389.80026928781353,-0.007796005385756271
L2_price+L4_regime,52,2025-12,-421.4869513069202,-0.008429739026138404
L2_price+L4_regime,52,2026-01,887.1436328511086,0.017742872657022173
L2_price+L4_regime,52,2026-02,1307.7170630911023,0.026154341261822048
L2_price+L4_regime,52,2026-03,-1541.6896873804144,-0.03083379374760829
L2_price+L4_regime,52,2026-04,1382.5478039653635,0.02765095607930727
L2_price+L4_regime,52,2026-05,1781.2261803324382,0.035624523606648764
L2_price+L4_regime,52,2026-06,129.3820183005173,0.002587640366010346
L2_price+L4_regime,52,2026-07,-383.51901043861017,-0.007670380208772204
L2_price+L4_regime,53,2025-08,-5.861731864647481,-0.00011723463729294962
L2_price+L4_regime,53,2025-09,1741.1364157460785,0.03482272831492157
L2_price+L4_regime,53,2025-10,489.7566785417048,0.009795133570834096
L2_price+L4_regime,53,2025-11,-591.9051366295762,-0.011838102732591524
L2_price+L4_regime,53,2025-12,-67.79849879118774,-0.0013559699758237548
L2_price+L4_regime,53,2026-01,227.50234471846852,0.0045500468943693705
L2_price+L4_regime,53,2026-02,-329.79829111943855,-0.006595965822388771
L2_price+L4_regime,53,2026-03,-214.67996427988146,-0.004293599285597629
L2_price+L4_regime,53,2026-04,2503.8384294984453,0.05007676858996891
L2_price+L4_regime,53,2026-05,2111.906769275509,0.042238135385510175
L2_price+L4_regime,53,2026-06,-657.4007087668242,-0.013148014175336484
L2_price+L4_regime,53,2026-07,-188.51206240804004,-0.0037702412481608006
L2_price+L4_regime,54,2025-08,-118.06902395942416,-0.0023613804791884833
L2_price+L4_regime,54,2025-09,361.7769133858774,0.0072355382677175475
L2_price+L4_regime,54,2025-10,-357.4057708516784,-0.007148115417033568
L2_price+L4_regime,54,2025-11,-93.4628304631824,-0.001869256609263648
L2_price+L4_regime,54,2025-12,-331.0278098432127,-0.006620556196864254
L2_price+L4_regime,54,2026-01,384.7679890047202,0.007695359780094405
L2_price+L4_regime,54,2026-02,1132.1216573781967,0.022642433147563933
L2_price+L4_regime,54,2026-03,-89.07968402250845,-0.0017815936804501688
L2_price+L4_regime,54,2026-04,259.52234436892195,0.0051904468873784386
L2_price+L4_regime,54,2026-05,-556.5336699046693,-0.011130673398093385
L2_price+L4_regime,54,2026-06,-148.49130303127367,-0.0029698260606254735
L2_price+L4_regime,54,2026-07,-96.55268774465821,-0.0019310537548931643
L2_price+L4_regime,55,2025-08,187.11822289378597,0.0037423644578757193
L2_price+L4_regime,55,2025-09,-32.520955677874554,-0.0006504191135574911
L2_price+L4_regime,55,2025-10,-111.66098885081738,-0.0022332197770163474
L2_price+L4_regime,55,2025-11,199.85377559918288,0.003997075511983658
L2_price+L4_regime,55,2025-12,-48.714217805677436,-0.0009742843561135488
L2_price+L4_regime,55,2026-01,-543.0352627636412,-0.010860705255272824
L2_price+L4_regime,55,2026-02,1116.0397840730402,0.022320795681460805
L2_price+L4_regime,55,2026-03,-806.3067943500582,-0.016126135887001163
L2_price+L4_regime,55,2026-04,-45.626305388436776,-0.0009125261077687355
L2_price+L4_regime,55,2026-05,-304.3048199802188,-0.006086096399604376
L2_price+L4_regime,55,2026-06,-382.2209529301708,-0.007644419058603417
L2_price+L4_regime,55,2026-07,248.95895929770813,0.004979179185954163
L2_price+L4_regime,56,2025-08,-2304.4166655337694,-0.04608833331067539
L2_price+L4_regime,56,2025-09,178.37937434156083,0.0035675874868312165
L2_price+L4_regime,56,2025-10,256.16572232240696,0.005123314446448139
L2_price+L4_regime,56,2025-11,-421.1136062248743,-0.008422272124497485
L2_price+L4_regime,56,2025-12,-548.9462376957836,-0.01097892475391567
L2_price+L4_regime,56,2026-01,404.1146573683691,0.008082293147367381
L2_price+L4_regime,56,2026-02,649.7604037032052,0.012995208074064103
L2_price+L4_regime,56,2026-03,-1580.2139933055896,-0.03160427986611179
L2_price+L4_regime,56,2026-04,1148.195634398934,0.02296391268797868
L2_price+L4_regime,56,2026-05,45.47282171755069,0.0009094564343510137
L2_price+L4_regime,56,2026-06,-236.01142318397433,-0.004720228463679486
L2_price+L4_regime,56,2026-07,-510.17346045257545,-0.010203469209051508
L2_price+L4_regime,57,2025-08,496.2351505516217,0.009924703011032434
L2_price+L4_regime,57,2025-09,3059.8258542348285,0.06119651708469657
L2_price+L4_regime,57,2025-10,-1251.8498950650237,-0.025036997901300474
L2_price+L4_regime,57,2025-11,-767.6694159910812,-0.015353388319821625
L2_price+L4_regime,57,2025-12,-932.1756900310038,-0.018643513800620078
L2_price+L4_regime,57,2026-01,-562.1306533950228,-0.011242613067900456
L2_price+L4_regime,57,2026-02,-71.02509261337309,-0.0014205018522674617
L2_price+L4_regime,57,2026-03,-438.73688051158933,-0.008774737610231786
L2_price+L4_regime,57,2026-04,1174.5766282803907,0.023491532565607813
L2_price+L4_regime,57,2026-05,2222.2234307968565,0.04444446861593713
L2_price+L4_regime,57,2026-06,-509.81266233989936,-0.010196253246797987
L2_price+L4_regime,57,2026-07,25.81861523441148,0.0005163723046882296
L2_price+L4_regime,58,2025-08,712.170961453533,0.01424341922907066
L2_price+L4_regime,58,2025-09,4621.886114835736,0.09243772229671472
L2_price+L4_regime,58,2025-10,-1583.0237975484715,-0.03166047595096943
L2_price+L4_regime,58,2025-11,-640.0474671410902,-0.012800949342821805
L2_price+L4_regime,58,2025-12,-722.3452817226316,-0.014446905634452632
L2_price+L4_regime,58,2026-01,-174.19667428228513,-0.0034839334856457027
L2_price+L4_regime,58,2026-02,484.2745291009405,0.009685490582018811
L2_price+L4_regime,58,2026-03,-1218.098697489033,-0.02436197394978066
L2_price+L4_regime,58,2026-04,1266.775698274253,0.02533551396548506
L2_price+L4_regime,58,2026-05,1756.0322281667568,0.035120644563335135
L2_price+L4_regime,58,2026-06,-1960.6602862304135,-0.03921320572460827
L2_price+L4_regime,58,2026-07,245.59354683768652,0.004911870936753731
L2_price+L4_regime,59,2025-08,-1223.5808393030748,-0.024471616786061495
L2_price+L4_regime,59,2025-09,103.08368921658985,0.002061673784331797
L2_price+L4_regime,59,2025-10,-712.2097339293532,-0.014244194678587065
L2_price+L4_regime,59,2025-11,-17.610984464115973,-0.00035221968928231945
L2_price+L4_regime,59,2025-12,-780.6600309868923,-0.015613200619737845
L2_price+L4_regime,59,2026-01,171.23574799190328,0.0034247149598380655
L2_price+L4_regime,59,2026-02,954.1132130914993,0.019082264261829986
L2_price+L4_regime,59,2026-03,-1267.5968995224466,-0.025351937990448933
L2_price+L4_regime,59,2026-04,420.9062698471753,0.008418125396943506
L2_price+L4_regime,59,2026-05,520.2896000842356,0.010405792001684714
L2_price+L4_regime,59,2026-06,-3.8534223336855575,-7.706844667371115e-05
L2_price+L4_regime,59,2026-07,380.9718650044251,0.007619437300088502
L2_price+L4_regime,60,2025-08,-271.10051269710857,-0.005422010253942172
L2_price+L4_regime,60,2025-09,991.6895352779848,0.019833790705559694
L2_price+L4_regime,60,2025-10,154.50491314269948,0.0030900982628539898
L2_price+L4_regime,60,2025-11,-866.7303371312064,-0.017334606742624128
L2_price+L4_regime,60,2025-12,-117.52568160263218,-0.0023505136320526436
L2_price+L4_regime,60,2026-01,534.4287335098061,0.010688574670196122
L2_price+L4_regime,60,2026-02,661.6643344845952,0.013233286689691905
L2_price+L4_regime,60,2026-03,-805.05331119537,-0.0161010662239074
L2_price+L4_regime,60,2026-04,-179.5370642627231,-0.003590741285254462
L2_price+L4_regime,60,2026-05,-327.66805770852807,-0.0065533611541705615
L2_price+L4_regime,60,2026-06,-322.8247694038728,-0.006456495388077455
L2_price+L4_regime,60,2026-07,-947.9053847829296,-0.01895810769565859
L2_price+L4_regime,61,2025-08,-2077.9556812794035,-0.04155911362558807
L2_price+L4_regime,61,2025-09,705.2190968042851,0.014104381936085701
L2_price+L4_regime,61,2025-10,265.292837307999,0.00530585674615998
L2_price+L4_regime,61,2025-11,-369.6378261938762,-0.007392756523877524
L2_price+L4_regime,61,2025-12,-448.78102973926525,-0.008975620594785304
L2_price+L4_regime,61,2026-01,-143.21765052695264,-0.0028643530105390527
L2_price+L4_regime,61,2026-02,180.82917150000958,0.0036165834300001917
L2_price+L4_regime,61,2026-03,-349.8513201854348,-0.006997026403708697
L2_price+L4_regime,61,2026-04,194.4656321335906,0.003889312642671812
L2_price+L4_regime,61,2026-05,2418.0983034503624,0.04836196606900725
L2_price+L4_regime,61,2026-06,-131.37528843067412,-0.0026275057686134824
L2_price+L4_regime,61,2026-07,-612.8138901957809,-0.012256277803915618
L2_price+L4_regime,62,2025-08,-2219.6790384763526,-0.044393580769527055
L2_price+L4_regime,62,2025-09,-189.09792593633938,-0.0037819585187267874
L2_price+L4_regime,62,2025-10,-422.34443473151305,-0.008446888694630261
L2_price+L4_regime,62,2025-11,-547.6743320430078,-0.010953486640860155
L2_price+L4_regime,62,2025-12,-421.52682185272215,-0.008430536437054444
L2_price+L4_regime,62,2026-01,-298.3769515982326,-0.005967539031964652
L2_price+L4_regime,62,2026-02,-143.99852663943875,-0.002879970532788775
L2_price+L4_regime,62,2026-03,-460.56232310540463,-0.009211246462108092
L2_price+L4_regime,62,2026-04,753.5910601045789,0.015071821202091579
L2_price+L4_regime,62,2026-05,104.73026052153,0.0020946052104306
L2_price+L4_regime,62,2026-06,-304.32075733136753,-0.00608641514662735
L2_price+L4_regime,62,2026-07,-77.45694928998819,-0.0015491389857997637
L2_price+L4_regime,63,2025-08,-67.72924918492117,-0.0013545849836984235
L2_price+L4_regime,63,2025-09,-261.1484181157821,-0.005222968362315642
L2_price+L4_regime,63,2025-10,-23.539749089881298,-0.00047079498179762597
L2_price+L4_regime,63,2025-11,-1316.0972272350682,-0.026321944544701364
L2_price+L4_regime,63,2025-12,-565.0281731483124,-0.011300563462966247
L2_price+L4_regime,63,2026-01,-452.7922474319371,-0.009055844948638741
L2_price+L4_regime,63,2026-02,-209.27142215078675,-0.004185428443015735
L2_price+L4_regime,63,2026-03,-1204.9398091441394,-0.024098796182882787
L2_price+L4_regime,63,2026-04,2.679146781793861,5.358293563587722e-05
L2_price+L4_regime,63,2026-05,150.05134612659094,0.0030010269225318187
L2_price+L4_regime,63,2026-06,-24.34979430919975,-0.00048699588618399505
L2_price+L4_regime,63,2026-07,239.33365378366625,0.004786673075673325
L2_price+L4_regime,64,2025-08,-195.03238631605473,-0.0039006477263210946
L2_price+L4_regime,64,2025-09,729.6288557130592,0.014592577114261185
L2_price+L4_regime,64,2025-10,76.65111694874031,0.0015330223389748061
L2_price+L4_regime,64,2025-11,224.28346407642493,0.004485669281528499
L2_price+L4_regime,64,2025-12,-362.37199774891997,-0.007247439954978399
L2_price+L4_regime,64,2026-01,2297.6240559870175,0.04595248111974035
L2_price+L4_regime,64,2026-02,124.82225797491992,0.0024964451594983983
L2_price+L4_regime,64,2026-03,-1188.8824327190869,-0.023777648654381738
L2_price+L4_regime,64,2026-04,74.65778860212686,0.0014931557720425372
L2_price+L4_regime,64,2026-05,40.40212516342217,0.0008080425032684434
L2_price+L4_regime,64,2026-06,-317.58689950424923,-0.006351737990084985
L2_price+L4_regime,64,2026-07,504.45557704124167,0.010089111540824834
L2_price+L4_regime,65,2025-08,445.3278912075539,0.008906557824151078
L2_price+L4_regime,65,2025-09,2793.856367017789,0.055877127340355784
L2_price+L4_regime,65,2025-10,-1900.7961927357373,-0.03801592385471475
L2_price+L4_regime,65,2025-11,263.08246977605904,0.005261649395521181
L2_price+L4_regime,65,2025-12,-500.64864543026124,-0.010012972908605224
L2_price+L4_regime,65,2026-01,66.85232823550177,0.0013370465647100354
L2_price+L4_regime,65,2026-02,1093.1760906596037,0.021863521813192073
L2_price+L4_regime,65,2026-03,-928.0693794416147,-0.018561387588832294
L2_price+L4_regime,65,2026-04,191.1445699138594,0.0038228913982771883
L2_price+L4_regime,65,2026-05,635.2244024875699,0.012704488049751399
L2_price+L4_regime,65,2026-06,-1571.353121848194,-0.03142706243696388
L2_price+L4_regime,65,2026-07,646.4732589432924,0.012929465178865849
L2_price+L4_regime,66,2025-08,-2375.4477394723936,-0.047508954789447874
L2_price+L4_regime,66,2025-09,250.26655906606175,0.005005331181321235
L2_price+L4_regime,66,2025-10,790.6923999668256,0.015813847999336512
L2_price+L4_regime,66,2025-11,87.61861544089788,0.0017523723088179576
L2_price+L4_regime,66,2025-12,-442.20026511802917,-0.008844005302360583
L2_price+L4_regime,66,2026-01,1880.6330767457766,0.037612661534915534
L2_price+L4_regime,66,2026-02,-32.51657268494637,-0.0006503314536989274
L2_price+L4_regime,66,2026-03,-504.7943364292951,-0.010095886728585902
L2_price+L4_regime,66,2026-04,-245.13774785740225,-0.004902754957148045
L2_price+L4_regime,66,2026-05,472.45996583584383,0.009449199316716877
L2_price+L4_regime,66,2026-06,-34.12161576063227,-0.0006824323152126453
L2_price+L4_regime,66,2026-07,-1.8080337028641225,-3.616067405728245e-05
L2_price+L4_regime,67,2025-08,-707.4497194153519,-0.014148994388307037
L2_price+L4_regime,67,2025-09,316.91472098192753,0.006338294419638551
L2_price+L4_regime,67,2025-10,-664.9117365641041,-0.013298234731282083
L2_price+L4_regime,67,2025-11,425.16111697827455,0.008503222339565492
L2_price+L4_regime,67,2025-12,-275.676101611411,-0.00551352203222822
L2_price+L4_regime,67,2026-01,-449.8141385176946,-0.008996282770353891
L2_price+L4_regime,67,2026-02,858.3348817786045,0.01716669763557209
L2_price+L4_regime,67,2026-03,-359.1190703489128,-0.0071823814069782565
L2_price+L4_regime,67,2026-04,752.7737294228436,0.015055474588456873
L2_price+L4_regime,67,2026-05,-647.2849632198067,-0.012945699264396135
L2_price+L4_regime,67,2026-06,0.0,0.0
L2_price+L4_regime,67,2026-07,1259.8938165445925,0.02519787633089185
L2_price+L4_regime,68,2025-08,-259.71349464873947,-0.005194269892974789
L2_price+L4_regime,68,2025-09,1928.9710944830258,0.038579421889660515
L2_price+L4_regime,68,2025-10,381.2161989622773,0.007624323979245546
L2_price+L4_regime,68,2025-11,-181.38944882252144,-0.003627788976450429
L2_price+L4_regime,68,2025-12,-277.99186251683204,-0.005559837250336641
L2_price+L4_regime,68,2026-01,-17.836520495287004,-0.0003567304099057401
L2_price+L4_regime,68,2026-02,479.7549528885447,0.009595099057770895
L2_price+L4_regime,68,2026-03,-629.1798295104354,-0.012583596590208709
L2_price+L4_regime,68,2026-04,737.1899445194122,0.014743798890388243
L2_price+L4_regime,68,2026-05,486.58709976836053,0.009731741995367211
L2_price+L4_regime,68,2026-06,-212.04421686789374,-0.004240884337357875
L2_price+L4_regime,68,2026-07,304.64959724122673,0.0060929919448245344
L2_price+L4_regime,69,2025-08,-311.1892370300038,-0.0062237847406000765
L2_price+L4_regime,69,2025-09,640.9358952600978,0.012818717905201957
L2_price+L4_regime,69,2025-10,152.2470197640987,0.0030449403952819737
L2_price+L4_regime,69,2025-11,-1164.4557440089784,-0.023289114880179568
L2_price+L4_regime,69,2025-12,-399.39407402529196,-0.007987881480505839
L2_price+L4_regime,69,2026-01,-518.0451824786942,-0.010360903649573884
L2_price+L4_regime,69,2026-02,333.1922098670502,0.006663844197341004
L2_price+L4_regime,69,2026-03,-916.1079355846432,-0.018322158711692862
L2_price+L4_regime,69,2026-04,399.0957599433759,0.007981915198867519
L2_price+L4_regime,69,2026-05,21.616769808790195,0.0004323353961758039
L2_price+L4_regime,69,2026-06,-399.30627881195323,-0.007986125576239065
L2_price+L4_regime,69,2026-07,599.0690862455049,0.011981381724910098
L2_price+L4_regime,70,2025-08,542.1385177894099,0.010842770355788197
L2_price+L4_regime,70,2025-09,3763.401054687639,0.07526802109375277
L2_price+L4_regime,70,2025-10,-1407.9891759694792,-0.028159783519389584
L2_price+L4_regime,70,2025-11,-1128.4264442632693,-0.022568528885265386
L2_price+L4_regime,70,2025-12,-746.9758969188124,-0.014939517938376248
L2_price+L4_regime,70,2026-01,-268.83423687506456,-0.0053766847375012914
L2_price+L4_regime,70,2026-02,1357.107188813422,0.02714214377626844
L2_price+L4_regime,70,2026-03,-1107.3143916025901,-0.022146287832051803
L2_price+L4_regime,70,2026-04,-60.98085977629762,-0.0012196171955259525
L2_price+L4_regime,70,2026-05,769.3739335101709,0.015387478670203418
L2_price+L4_regime,70,2026-06,-1760.8751247130858,-0.03521750249426172
L2_price+L4_regime,70,2026-07,-462.5363715916533,-0.009250727431833066
L2_price+L4_regime,71,2025-08,-293.1718870479517,-0.005863437740959035
L2_price+L4_regime,71,2025-09,-9.7121988076251,-0.000194243976152502
L2_price+L4_regime,71,2025-10,303.9772281767382,0.006079544563534764
L2_price+L4_regime,71,2025-11,-733.256796454144,-0.014665135929082881
L2_price+L4_regime,71,2025-12,-151.84073556058775,-0.003036814711211755
L2_price+L4_regime,71,2026-01,246.39185883034497,0.004927837176606899
L2_price+L4_regime,71,2026-02,802.1467965779857,0.016042935931559713
L2_price+L4_regime,71,2026-03,-1413.3604007922786,-0.028267208015845573
L2_price+L4_regime,71,2026-04,1270.5773272476317,0.025411546544952635
L2_price+L4_regime,71,2026-05,1190.9099706750649,0.023818199413501297
L2_price+L4_regime,71,2026-06,1492.460697978766,0.029849213959575318
L2_price+L4_regime,71,2026-07,-119.2576941733405,-0.00238515388346681
L2_price+L4_regime,72,2025-08,851.1988934227065,0.01702397786845413
L2_price+L4_regime,72,2025-09,3536.4734422965666,0.07072946884593133
L2_price+L4_regime,72,2025-10,-935.4130316204628,-0.018708260632409254
L2_price+L4_regime,72,2025-11,371.32870083350554,0.007426574016670111
L2_price+L4_regime,72,2025-12,89.50252306361244,0.001790050461272249
L2_price+L4_regime,72,2026-01,1416.3639024010831,0.028327278048021664
L2_price+L4_regime,72,2026-02,-16.70438388360799,-0.00033408767767215976
L2_price+L4_regime,72,2026-03,292.90747662622516,0.005858149532524504
L2_price+L4_regime,72,2026-04,44.52497835624945,0.000890499567124989
L2_price+L4_regime,72,2026-05,202.42213361886024,0.0040484426723772044
L2_price+L4_regime,72,2026-06,-1803.2460938868153,-0.03606492187773631
L2_price+L4_regime,72,2026-07,-365.58293753787575,-0.007311658750757515
L2_price+L4_regime,73,2025-08,-169.5961576139598,-0.003391923152279196
L2_price+L4_regime,73,2025-09,-49.876932863547154,-0.000997538657270943
L2_price+L4_regime,73,2025-10,25.32881804149565,0.000506576360829913
L2_price+L4_regime,73,2025-11,-544.7106617100308,-0.010894213234200615
L2_price+L4_regime,73,2025-12,-341.0156111439619,-0.006820312222879238
L2_price+L4_regime,73,2026-01,1587.6450863928058,0.031752901727856116
L2_price+L4_regime,73,2026-02,1620.7758513967392,0.032415517027934784
L2_price+L4_regime,73,2026-03,-1573.5950097190653,-0.03147190019438131
L2_price+L4_regime,73,2026-04,1512.7783115633665,0.03025556623126733
L2_price+L4_regime,73,2026-05,-850.6354093642212,-0.017012708187284425
L2_price+L4_regime,73,2026-06,-369.0428801733042,-0.007380857603466084
L2_price+L4_regime,73,2026-07,-98.56038946465651,-0.00197120778929313
L2_price+L4_regime,74,2025-08,-212.54794779451368,-0.004250958955890273
L2_price+L4_regime,74,2025-09,-209.59040065123918,-0.0041918080130247835
L2_price+L4_regime,74,2025-10,538.7448493486081,0.010774896986972163
L2_price+L4_regime,74,2025-11,159.56357447504615,0.003191271489500923
L2_price+L4_regime,74,2025-12,-614.2582863960852,-0.012285165727921703
L2_price+L4_regime,74,2026-01,-664.0066594544851,-0.013280133189089702
L2_price+L4_regime,74,2026-02,-533.1110656174833,-0.010662221312349666
L2_price+L4_regime,74,2026-03,-578.4240499142315,-0.011568480998284631
L2_price+L4_regime,74,2026-04,217.68828032220426,0.004353765606444085
L2_price+L4_regime,74,2026-05,15.972239092273412,0.00031944478184546825
L2_price+L4_regime,74,2026-06,123.93066131720843,0.002478613226344169
L2_price+L4_regime,74,2026-07,548.8280067082896,0.010976560134165793
L2_price+L4_regime,75,2025-08,412.8783143510818,0.008257566287021637
L2_price+L4_regime,75,2025-09,784.3334061539135,0.01568666812307827
L2_price+L4_regime,75,2025-10,-477.73293170336274,-0.009554658634067254
L2_price+L4_regime,75,2025-11,-528.3475969634101,-0.010566951939268201
L2_price+L4_regime,75,2025-12,167.91643226635097,0.0033583286453270195
L2_price+L4_regime,75,2026-01,888.9393281193788,0.017778786562387575
L2_price+L4_regime,75,2026-02,2135.3117481528043,0.04270623496305609
L2_price+L4_regime,75,2026-03,-1869.6883590675016,-0.037393767181350034
L2_price+L4_regime,75,2026-04,37.30554370858863,0.0007461108741717726
L2_price+L4_regime,75,2026-05,-302.063042139509,-0.006041260842790179
L2_price+L4_regime,75,2026-06,-265.7943593601567,-0.005315887187203134
L2_price+L4_regime,75,2026-07,-260.8330829714514,-0.005216661659429028
L2_price+L4_regime,76,2025-08,-622.651603150649,-0.01245303206301298
L2_price+L4_regime,76,2025-09,-62.275631467431595,-0.0012455126293486319
L2_price+L4_regime,76,2025-10,-109.62835723225453,-0.0021925671446450905
L2_price+L4_regime,76,2025-11,-1240.479227380496,-0.024809584547609922
L2_price+L4_regime,76,2025-12,-754.4503909707523,-0.015089007819415046
L2_price+L4_regime,76,2026-01,357.27729058594696,0.007145545811718939
L2_price+L4_regime,76,2026-02,1777.818157419576,0.03555636314839152
L2_price+L4_regime,76,2026-03,-1737.2401083216369,-0.034744802166432734
L2_price+L4_regime,76,2026-04,1359.2028796046425,0.027184057592092848
L2_price+L4_regime,76,2026-05,-0.002729459981310356,-5.458919962620712e-08
L2_price+L4_regime,76,2026-06,-229.22169963184842,-0.004584433992636969
L2_price+L4_regime,76,2026-07,219.50551866568412,0.004390110373313682
L2_price+L4_regime,77,2025-08,96.43881313021757,0.0019287762626043513
L2_price+L4_regime,77,2025-09,984.4468760416903,0.019688937520833807
L2_price+L4_regime,77,2025-10,1033.4395625106545,0.02066879125021309
L2_price+L4_regime,77,2025-11,1046.9266310364037,0.020938532620728072
L2_price+L4_regime,77,2025-12,192.7979336712997,0.003855958673425994
L2_price+L4_regime,77,2026-01,1179.151226377462,0.02358302452754924
L2_price+L4_regime,77,2026-02,239.89021723854057,0.004797804344770812
L2_price+L4_regime,77,2026-03,-750.1171497270798,-0.015002342994541595
L2_price+L4_regime,77,2026-04,522.1259187328797,0.010442518374657593
L2_price+L4_regime,77,2026-05,409.1035461207548,0.008182070922415095
L2_price+L4_regime,77,2026-06,-607.7805540655945,-0.01215561108131189
L2_price+L4_regime,77,2026-07,-40.88862772995117,-0.0008177725545990233
L2_price+L4_regime,78,2025-08,-858.006553324044,-0.017160131066480882
L2_price+L4_regime,78,2025-09,36.94322454501253,0.0007388644909002506
L2_price+L4_regime,78,2025-10,609.352986436259,0.012187059728725181
L2_price+L4_regime,78,2025-11,652.3326132874681,0.013046652265749362
L2_price+L4_regime,78,2025-12,772.3239060912078,0.015446478121824156
L2_price+L4_regime,78,2026-01,387.2971447589175,0.00774594289517835
L2_price+L4_regime,78,2026-02,2359.324153406609,0.04718648306813218
L2_price+L4_regime,78,2026-03,-1526.4210142101283,-0.030528420284202565
L2_price+L4_regime,78,2026-04,1368.3686670430516,0.02736737334086103
L2_price+L4_regime,78,2026-05,1168.809857530362,0.02337619715060724
L2_price+L4_regime,78,2026-06,1307.4290368536058,0.026148580737072116
L2_price+L4_regime,78,2026-07,-779.7860003599972,-0.015595720007199942
L2_price+L4_regime,79,2025-08,-1202.5867416741658,-0.024051734833483315
L2_price+L4_regime,79,2025-09,-346.3405801529725,-0.00692681160305945
L2_price+L4_regime,79,2025-10,-151.02010994623743,-0.0030204021989247484
L2_price+L4_regime,79,2025-11,-48.58016086303451,-0.0009716032172606902
L2_price+L4_regime,79,2025-12,-660.6624793821316,-0.01321324958764263
L2_price+L4_regime,79,2026-01,330.42487475008375,0.006608497495001675
L2_price+L4_regime,79,2026-02,-441.73174436699355,-0.008834634887339871
L2_price+L4_regime,79,2026-03,-299.0078079390796,-0.005980156158781592
L2_price+L4_regime,79,2026-04,3686.552815961185,0.07373105631922369
L2_price+L4_regime,79,2026-05,1759.7010064837086,0.035194020129674174
L2_price+L4_regime,79,2026-06,-55.52996487928522,-0.0011105992975857044
L2_price+L4_regime,79,2026-07,194.22842892054905,0.003884568578410981
L2_price+L4_regime,80,2025-08,-857.1031816589384,-0.01714206363317877
L2_price+L4_regime,80,2025-09,197.16669240708507,0.003943333848141701
L2_price+L4_regime,80,2025-10,-353.24260367971874,-0.0070648520735943745
L2_price+L4_regime,80,2025-11,110.6722525032119,0.002213445050064238
L2_price+L4_regime,80,2025-12,-516.5634200390036,-0.010331268400780073
L2_price+L4_regime,80,2026-01,842.0622619246074,0.016841245238492147
L2_price+L4_regime,80,2026-02,764.2640292722253,0.015285280585444507
L2_price+L4_regime,80,2026-03,-1100.77454504855,-0.022015490900970998
L2_price+L4_regime,80,2026-04,629.6447605810745,0.01259289521162149
L2_price+L4_regime,80,2026-05,-274.02346513645625,-0.005480469302729125
L2_price+L4_regime,80,2026-06,67.91500785601329,0.0013583001571202658
L2_price+L4_regime,80,2026-07,642.8969502815207,0.012857939005630415
L2_price+L4_regime,81,2025-08,-93.55034331406114,-0.0018710068662812227
L2_price+L4_regime,81,2025-09,-239.95186195201404,-0.0047990372390402805
L2_price+L4_regime,81,2025-10,-83.73982653353232,-0.0016747965306706464
L2_price+L4_regime,81,2025-11,-237.12036198534406,-0.004742407239706882
L2_price+L4_regime,81,2025-12,-33.79878516789995,-0.000675975703357999
L2_price+L4_regime,81,2026-01,410.1066829587653,0.008202133659175307
L2_price+L4_regime,81,2026-02,831.7175912104221,0.016634351824208443
L2_price+L4_regime,81,2026-03,-1365.0870175844739,-0.027301740351689478
L2_price+L4_regime,81,2026-04,1532.9929605034167,0.030659859210068335
L2_price+L4_regime,81,2026-05,-94.89716922222124,-0.0018979433844444247
L2_price+L4_regime,81,2026-06,-72.71144621328585,-0.001454228924265717
L2_price+L4_regime,81,2026-07,114.34082194934581,0.0022868164389869164
L2_price+L4_regime,82,2025-08,360.87608270282453,0.007217521654056491
L2_price+L4_regime,82,2025-09,3670.5363505306677,0.07341072701061335
L2_price+L4_regime,82,2025-10,-1272.573152113223,-0.02545146304226446
L2_price+L4_regime,82,2025-11,-98.59824423317787,-0.0019719648846635573
L2_price+L4_regime,82,2025-12,-1514.2155043869034,-0.03028431008773807
L2_price+L4_regime,82,2026-01,313.1319089198314,0.006262638178396628
L2_price+L4_regime,82,2026-02,1320.9055245767395,0.02641811049153479
L2_price+L4_regime,82,2026-03,-946.6538708907719,-0.018933077417815438
L2_price+L4_regime,82,2026-04,2386.30759816475,0.047726151963294994
L2_price+L4_regime,82,2026-05,1082.8086294992818,0.021656172589985635
L2_price+L4_regime,82,2026-06,-2223.6510765933026,-0.04447302153186605
L2_price+L4_regime,82,2026-07,207.54141070315836,0.004150828214063167
L2_price+L4_regime,83,2025-08,9.277412819476012,0.00018554825638952024
L2_price+L4_regime,83,2025-09,-142.39448656313652,-0.0028478897312627306
L2_price+L4_regime,83,2025-10,180.06714253716655,0.003601342850743331
L2_price+L4_regime,83,2025-11,-183.93646722174435,-0.0036787293444348872
L2_price+L4_regime,83,2025-12,-612.1197602052871,-0.012242395204105742
L2_price+L4_regime,83,2026-01,-501.24169737929606,-0.010024833947585922
L2_price+L4_regime,83,2026-02,387.7973310619809,0.0077559466212396184
L2_price+L4_regime,83,2026-03,361.5234261280275,0.00723046852256055
L2_price+L4_regime,83,2026-04,2038.450401151842,0.04076900802303684
L2_price+L4_regime,83,2026-05,1090.5050471407458,0.021810100942814915
L2_price+L4_regime,83,2026-06,1601.6692590182429,0.03203338518036486
L2_price+L4_regime,83,2026-07,-231.80747527330823,-0.004636149505466165
L2_price+L4_regime,84,2025-08,-122.04301968797608,-0.0024408603937595215
L2_price+L4_regime,84,2025-09,-300.3830303049881,-0.006007660606099762
L2_price+L4_regime,84,2025-10,0.0,0.0
L2_price+L4_regime,84,2025-11,-81.95264081996538,-0.0016390528163993075
L2_price+L4_regime,84,2025-12,-536.5959035956448,-0.010731918071912896
L2_price+L4_regime,84,2026-01,496.5194572491455,0.00993038914498291
L2_price+L4_regime,84,2026-02,177.14379022736466,0.0035428758045472934
L2_price+L4_regime,84,2026-03,-652.6828324157623,-0.013053656648315246
L2_price+L4_regime,84,2026-04,186.76145547031774,0.0037352291094063547
L2_price+L4_regime,84,2026-05,-876.3986862361598,-0.017527973724723197
L2_price+L4_regime,84,2026-06,-468.0775428958841,-0.009361550857917683
L2_price+L4_regime,84,2026-07,-367.33237909640866,-0.007346647581928173
L2_price+L4_regime,85,2025-08,-693.5615496806358,-0.013871230993612716
L2_price+L4_regime,85,2025-09,221.79053802605267,0.004435810760521053
L2_price+L4_regime,85,2025-10,344.12342320527296,0.006882468464105459
L2_price+L4_regime,85,2025-11,458.9012816462109,0.009178025632924218
L2_price+L4_regime,85,2025-12,-220.51848434335898,-0.004410369686867179
L2_price+L4_regime,85,2026-01,2600.653780226062,0.05201307560452124
L2_price+L4_regime,85,2026-02,1395.680433453109,0.027913608669062177
L2_price+L4_regime,85,2026-03,-1697.4265137022967,-0.033948530274045936
L2_price+L4_regime,85,2026-04,2095.6777300829717,0.041913554601659436
L2_price+L4_regime,85,2026-05,-94.89989868220255,-0.001897997973644051
L2_price+L4_regime,85,2026-06,108.73316096411509,0.002174663219282302
L2_price+L4_regime,85,2026-07,659.4711265812603,0.013189422531625205
L2_price+L4_regime,86,2025-08,-2221.7048905169604,-0.04443409781033921
L2_price+L4_regime,86,2025-09,1775.7505787368664,0.035515011574737326
L2_price+L4_regime,86,2025-10,370.9930063985098,0.007419860127970196
L2_price+L4_regime,86,2025-11,-384.8847538957334,-0.007697695077914668
L2_price+L4_regime,86,2025-12,-391.72486954473334,-0.007834497390894667
L2_price+L4_regime,86,2026-01,260.36482657619763,0.005207296531523953
L2_price+L4_regime,86,2026-02,1016.3636773292337,0.020327273546584673
L2_price+L4_regime,86,2026-03,-665.4337982631814,-0.013308675965263628
L2_price+L4_regime,86,2026-04,947.9356884009176,0.018958713768018352
L2_price+L4_regime,86,2026-05,489.41179104380535,0.009788235820876108
L2_price+L4_regime,86,2026-06,-32.54712957712127,-0.0006509425915424253
L2_price+L4_regime,86,2026-07,144.5757454049035,0.00289151490809807
L2_price+L4_regime,87,2025-08,-87.70294904866569,-0.0017540589809733138
L2_price+L4_regime,87,2025-09,-21.62427991174718,-0.0004324855982349436
L2_price+L4_regime,87,2025-10,-29.023758811883454,-0.0005804751762376691
L2_price+L4_regime,87,2025-11,-640.2340029919196,-0.012804680059838392
L2_price+L4_regime,87,2025-12,-191.10761294871463,-0.0038221522589742926
L2_price+L4_regime,87,2026-01,1648.9606002032806,0.03297921200406561
L2_price+L4_regime,87,2026-02,529.4743275646842,0.010589486551293685
L2_price+L4_regime,87,2026-03,-1262.271452794017,-0.025245429055880342
L2_price+L4_regime,87,2026-04,1293.295550031421,0.02586591100062842
L2_price+L4_regime,87,2026-05,172.62742234739562,0.0034525484469479124
L2_price+L4_regime,87,2026-06,66.94453765745493,0.0013388907531490986
L2_price+L4_regime,87,2026-07,210.93347373741472,0.004218669474748294
L2_price+L4_regime,88,2025-08,-292.3573704963901,-0.005847147409927802
L2_price+L4_regime,88,2025-09,292.71092880312517,0.005854218576062504
L2_price+L4_regime,88,2025-10,154.1342251501428,0.0030826845030028564
L2_price+L4_regime,88,2025-11,-618.9418383218672,-0.012378836766437343
L2_price+L4_regime,88,2025-12,-113.6556335430414,-0.002273112670860828
L2_price+L4_regime,88,2026-01,393.45313668210656,0.007869062733642131
L2_price+L4_regime,88,2026-02,295.05713805062624,0.0059011427610125245
L2_price+L4_regime,88,2026-03,-1027.9390193148784,-0.020558780386297566
L2_price+L4_regime,88,2026-04,1163.093468433185,0.0232618693686637
L2_price+L4_regime,88,2026-05,1484.0358219656227,0.029680716439312454
L2_price+L4_regime,88,2026-06,250.06809780703134,0.005001361956140627
L2_price+L4_regime,88,2026-07,-435.1821830093868,-0.008703643660187737
L2_price+L4_regime,89,2025-08,-1683.0112520432194,-0.03366022504086439
L2_price+L4_regime,89,2025-09,-492.6347171413745,-0.00985269434282749
L2_price+L4_regime,89,2025-10,-323.75320359455554,-0.006475064071891111
L2_price+L4_regime,89,2025-11,-150.53910119046304,-0.003010782023809261
L2_price+L4_regime,89,2025-12,-230.13272253168543,-0.004602654450633709
L2_price+L4_regime,89,2026-01,-113.51617104431898,-0.0022703234208863794
L2_price+L4_regime,89,2026-02,377.5104254551334,0.007550208509102667
L2_price+L4_regime,89,2026-03,-702.163464763189,-0.014043269295263781
L2_price+L4_regime,89,2026-04,863.6656276211461,0.017273312552422922
L2_price+L4_regime,89,2026-05,-457.4625037787009,-0.009149250075574019
L2_price+L4_regime,89,2026-06,-195.56242278119134,-0.003911248455623827
L2_price+L4_regime,89,2026-07,-23.523146858056407,-0.00047046293716112816
L2_price+L4_regime,90,2025-08,-530.1789304075719,-0.010603578608151438
L2_price+L4_regime,90,2025-09,-13.971052618840076,-0.00027942105237680154
L2_price+L4_regime,90,2025-10,-60.789851761738646,-0.001215797035234773
L2_price+L4_regime,90,2025-11,-572.7345021303609,-0.011454690042607216
L2_price+L4_regime,90,2025-12,-42.34947977632146,-0.0008469895955264292
L2_price+L4_regime,90,2026-01,872.6814060200431,0.01745362812040086
L2_price+L4_regime,90,2026-02,1037.1318588226923,0.020742637176453846
L2_price+L4_regime,90,2026-03,-959.1456140690743,-0.019182912281381487
L2_price+L4_regime,90,2026-04,284.79759967869995,0.005695951993573999
L2_price+L4_regime,90,2026-05,1843.226089640224,0.03686452179280448
L2_price+L4_regime,90,2026-06,-126.30000625763932,-0.0025260001251527866
L2_price+L4_regime,90,2026-07,201.44028672288732,0.004028805734457746
L2_price+L4_regime,91,2025-08,-115.9013847206179,-0.0023180276944123578
L2_price+L4_regime,91,2025-09,-39.36505382120595,-0.0007873010764241189
L2_price+L4_regime,91,2025-10,-153.9201394454667,-0.003078402788909334
L2_price+L4_regime,91,2025-11,-180.2647802676147,-0.003605295605352294
L2_price+L4_regime,91,2025-12,-269.1283237861089,-0.005382566475722179
L2_price+L4_regime,91,2026-01,967.6017753238048,0.019352035506476094
L2_price+L4_regime,91,2026-02,499.1356592619759,0.009982713185239517
L2_price+L4_regime,91,2026-03,-998.7266985719334,-0.01997453397143867
L2_price+L4_regime,91,2026-04,210.48518151848566,0.004209703630369713
L2_price+L4_regime,91,2026-05,1137.668011519605,0.0227533602303921
L2_price+L4_regime,91,2026-06,-119.34673211089284,-0.002386934642217857
L2_price+L4_regime,91,2026-07,925.0548899020159,0.01850109779804032
L2_price+L4_regime,92,2025-08,-57.63208104739442,-0.0011526416209478884
L2_price+L4_regime,92,2025-09,1846.3241647942923,0.03692648329588585
L2_price+L4_regime,92,2025-10,462.79145076143595,0.00925582901522872
L2_price+L4_regime,92,2025-11,-1742.5420925400203,-0.03485084185080041
L2_price+L4_regime,92,2025-12,-632.2970452225077,-0.012645940904450153
L2_price+L4_regime,92,2026-01,-867.4667214220922,-0.017349334428441842
L2_price+L4_regime,92,2026-02,-251.11774749445613,-0.005022354949889123
L2_price+L4_regime,92,2026-03,-401.7029941361675,-0.00803405988272335
L2_price+L4_regime,92,2026-04,2393.2142389956616,0.04786428477991323
L2_price+L4_regime,92,2026-05,318.15084474202195,0.006363016894840439
L2_price+L4_regime,92,2026-06,-442.040987777531,-0.00884081975555062
L2_price+L4_regime,92,2026-07,-379.9473331195809,-0.007598946662391618
L2_price+L4_regime,93,2025-08,-67.54189691349438,-0.0013508379382698877
L2_price+L4_regime,93,2025-09,-91.60601678137118,-0.0018321203356274237
L2_price+L4_regime,93,2025-10,53.96450892795747,0.0010792901785591493
L2_price+L4_regime,93,2025-11,605.0175673521562,0.012100351347043124
L2_price+L4_regime,93,2025-12,275.1472738045986,0.005502945476091973
L2_price+L4_regime,93,2026-01,-587.0024413344772,-0.011740048826689544
L2_price+L4_regime,93,2026-02,254.0315761367001,0.005080631522734002
L2_price+L4_regime,93,2026-03,38.42300068570512,0.0007684600137141023
L2_price+L4_regime,93,2026-04,1154.847305758125,0.0230969461151625
L2_price+L4_regime,93,2026-05,1214.0689041280593,0.024281378082561186
L2_price+L4_regime,93,2026-06,184.2711750299586,0.003685423500599172
L2_price+L4_regime,93,2026-07,-479.3737982268667,-0.009587475964537334
L2_price+L4_regime,94,2025-08,-2281.458441898493,-0.045629168837969865
L2_price+L4_regime,94,2025-09,-261.7413020897311,-0.005234826041794622
L2_price+L4_regime,94,2025-10,129.86969071234262,0.002597393814246852
L2_price+L4_regime,94,2025-11,15.066264083662645,0.0003013252816732529
L2_price+L4_regime,94,2025-12,-203.46639491989845,-0.004069327898397969
L2_price+L4_regime,94,2026-01,-72.9085796071231,-0.001458171592142462
L2_price+L4_regime,94,2026-02,-950.6073201622048,-0.019012146403244095
L2_price+L4_regime,94,2026-03,-488.89777931001754,-0.00977795558620035
L2_price+L4_regime,94,2026-04,3755.929471425563,0.07511858942851125
L2_price+L4_regime,94,2026-05,-187.95409322803607,-0.0037590818645607212
L2_price+L4_regime,94,2026-06,-257.918867391606,-0.00515837734783212
L2_price+L4_regime,94,2026-07,-361.3359164242711,-0.007226718328485422
L2_price+L4_regime,95,2025-08,-170.4835415309126,-0.0034096708306182518
L2_price+L4_regime,95,2025-09,-479.8168565130991,-0.009596337130261982
L2_price+L4_regime,95,2025-10,-98.76974106710804,-0.001975394821342161
L2_price+L4_regime,95,2025-11,-10.188505768386676,-0.00020377011536773352
L2_price+L4_regime,95,2025-12,-174.11949738090425,-0.003482389947618085
L2_price+L4_regime,95,2026-01,-584.8367368477502,-0.011696734736955004
L2_price+L4_regime,95,2026-02,358.36557746876497,0.0071673115493753
L2_price+L4_regime,95,2026-03,-573.2948017506214,-0.011465896035012428
L2_price+L4_regime,95,2026-04,253.95424677266055,0.005079084935453211
L2_price+L4_regime,95,2026-05,-672.788468754814,-0.01345576937509628
L2_price+L4_regime,95,2026-06,-56.74264689390111,-0.0011348529378780222
L2_price+L4_regime,95,2026-07,40.714614437186356,0.0008142922887437272
L2_price+L4_regime,96,2025-08,-651.2900721011456,-0.013025801442022911
L2_price+L4_regime,96,2025-09,-240.92074169398438,-0.0048184148338796876
L2_price+L4_regime,96,2025-10,11.566861782636806,0.00023133723565273612
L2_price+L4_regime,96,2025-11,-584.68923200879,-0.0116937846401758
L2_price+L4_regime,96,2025-12,-266.6791428186598,-0.005333582856373195
L2_price+L4_regime,96,2026-01,-446.99528168611505,-0.008939905633722302
L2_price+L4_regime,96,2026-02,385.86303672870054,0.007717260734574011
L2_price+L4_regime,96,2026-03,-854.1789329720423,-0.017083578659440844
L2_price+L4_regime,96,2026-04,2489.7640606931773,0.04979528121386355
L2_price+L4_regime,96,2026-05,310.14817982207023,0.006202963596441405
L2_price+L4_regime,96,2026-06,-440.7088108597909,-0.008814176217195819
L2_price+L4_regime,96,2026-07,405.819946363541,0.008116398927270821
L2_price+L4_regime,97,2025-08,-871.9962314223512,-0.017439924628447026
L2_price+L4_regime,97,2025-09,-15.405053617794692,-0.00030810107235589387
L2_price+L4_regime,97,2025-10,214.77274333902642,0.004295454866780528
L2_price+L4_regime,97,2025-11,1408.69676698681,0.028173935339736198
L2_price+L4_regime,97,2025-12,-429.58009091516533,-0.008591601818303306
L2_price+L4_regime,97,2026-01,477.1874867268557,0.009543749734537114
L2_price+L4_regime,97,2026-02,1920.4179702510355,0.03840835940502071
L2_price+L4_regime,97,2026-03,-1782.117721943533,-0.03564235443887066
L2_price+L4_regime,97,2026-04,1252.6709001580593,0.025053418003161187
L2_price+L4_regime,97,2026-05,141.81013623444687,0.0028362027246889372
L2_price+L4_regime,97,2026-06,-196.0476270990921,-0.003920952541981842
L2_price+L4_regime,97,2026-07,-560.4784821715675,-0.01120956964343135
L2_price+L4_regime,98,2025-08,224.0084851678339,0.004480169703356678
L2_price+L4_regime,98,2025-09,1443.6336498170513,0.028872672996341026
L2_price+L4_regime,98,2025-10,-186.09445426113052,-0.0037218890852226106
L2_price+L4_regime,98,2025-11,-421.39433883565835,-0.008427886776713167
L2_price+L4_regime,98,2025-12,-515.3845917642311,-0.010307691835284622
L2_price+L4_regime,98,2026-01,314.3255588412658,0.0062865111768253155
L2_price+L4_regime,98,2026-02,-435.12559304601655,-0.008702511860920331
L2_price+L4_regime,98,2026-03,-482.7588648373667,-0.009655177296747334
L2_price+L4_regime,98,2026-04,-91.74832348818109,-0.0018349664697636218
L2_price+L4_regime,98,2026-05,935.7516975083354,0.018715033950166708
L2_price+L4_regime,98,2026-06,-687.030916517394,-0.013740618330347879
L2_price+L4_regime,98,2026-07,39.10234794386952,0.0007820469588773904
L2_price+L4_regime,99,2025-08,-12.607370609693135,-0.0002521474121938627
L2_price+L4_regime,99,2025-09,1633.5947490384951,0.0326718949807699
L2_price+L4_regime,99,2025-10,1072.23177744632,0.021444635548926397
L2_price+L4_regime,99,2025-11,-1988.978729391697,-0.03977957458783394
L2_price+L4_regime,99,2025-12,-1530.6736962932428,-0.030613473925864856
L2_price+L4_regime,99,2026-01,-28.176166571971407,-0.0005635233314394281
L2_price+L4_regime,99,2026-02,50.48584051941725,0.001009716810388345
L2_price+L4_regime,99,2026-03,634.0260502109259,0.012680521004218518
L2_price+L4_regime,99,2026-04,3194.8147309797096,0.06389629461959419
L2_price+L4_regime,99,2026-05,782.9868587321489,0.015659737174642977
L2_price+L4_regime,99,2026-06,1315.6290928321332,0.026312581856642665
L2_price+L4_regime,99,2026-07,-112.97593679592137,-0.0022595187359184276
L2_price+L5_pyramid,0,2025-08,115.25963463467178,0.0023051926926934358
L2_price+L5_pyramid,0,2025-09,2937.1524135288337,0.05874304827057667
L2_price+L5_pyramid,0,2025-10,-1882.7592858722792,-0.03765518571744558
L2_price+L5_pyramid,0,2025-11,-897.0090563087688,-0.017940181126175375
L2_price+L5_pyramid,0,2025-12,-512.7670549629993,-0.010255341099259985
L2_price+L5_pyramid,0,2026-01,432.78099516168277,0.008655619903233656
L2_price+L5_pyramid,0,2026-02,-112.57570084652434,-0.002251514016930487
L2_price+L5_pyramid,0,2026-03,-959.8322050183206,-0.019196644100366412
L2_price+L5_pyramid,0,2026-04,-31.744685330120774,-0.0006348937066024154
L2_price+L5_pyramid,0,2026-05,3074.431013202341,0.06148862026404682
L2_price+L5_pyramid,0,2026-06,-1359.5685182381267,-0.027191370364762532
L2_price+L5_pyramid,0,2026-07,-187.26024086379766,-0.0037452048172759533
L2_price+L5_pyramid,1,2025-08,-722.4973571646251,-0.014449947143292502
L2_price+L5_pyramid,1,2025-09,-4.052591458396819,-8.105182916793637e-05
L2_price+L5_pyramid,1,2025-10,-58.1473093332379,-0.001162946186664758
L2_price+L5_pyramid,1,2025-11,202.04268490109007,0.0040408536980218015
L2_price+L5_pyramid,1,2025-12,-161.390073288836,-0.00322780146577672
L2_price+L5_pyramid,1,2026-01,65.77754497519163,0.0013155508995038327
L2_price+L5_pyramid,1,2026-02,21.22467479210445,0.00042449349584208903
L2_price+L5_pyramid,1,2026-03,-143.12012202067672,-0.002862402440413534
L2_price+L5_pyramid,1,2026-04,-214.03148659421186,-0.0042806297318842374
L2_price+L5_pyramid,1,2026-05,-67.96072904827906,-0.0013592145809655813
L2_price+L5_pyramid,1,2026-06,118.48682961138093,0.0023697365922276184
L2_price+L5_pyramid,1,2026-07,-55.375704920867065,-0.0011075140984173413
L2_price+L5_pyramid,2,2025-08,-35.19729703430221,-0.0007039459406860442
L2_price+L5_pyramid,2,2025-09,2197.253863219379,0.04394507726438758
L2_price+L5_pyramid,2,2025-10,1112.6834996560528,0.022253669993121058
L2_price+L5_pyramid,2,2025-11,77.68291155416227,0.0015536582310832455
L2_price+L5_pyramid,2,2025-12,-511.7310293137534,-0.010234620586275068
L2_price+L5_pyramid,2,2026-01,-236.07698555075967,-0.004721539711015193
L2_price+L5_pyramid,2,2026-02,2025.4800361688995,0.04050960072337799
L2_price+L5_pyramid,2,2026-03,-363.7864183468,-0.007275728366936
L2_price+L5_pyramid,2,2026-04,-80.25007312499565,-0.001605001462499913
L2_price+L5_pyramid,2,2026-05,2670.119254600584,0.05340238509201168
L2_price+L5_pyramid,2,2026-06,-881.684947504742,-0.01763369895009484
L2_price+L5_pyramid,2,2026-07,-376.65961365505973,-0.007533192273101195
L2_price+L5_pyramid,3,2025-08,-283.42514841451066,-0.005668502968290213
L2_price+L5_pyramid,3,2025-09,86.4477819735148,0.0017289556394702958
L2_price+L5_pyramid,3,2025-10,874.2278074619135,0.01748455614923827
L2_price+L5_pyramid,3,2025-11,-74.55812880060057,-0.0014911625760120114
L2_price+L5_pyramid,3,2025-12,-311.10050060874437,-0.006222010012174887
L2_price+L5_pyramid,3,2026-01,1318.4207517432424,0.026368415034864846
L2_price+L5_pyramid,3,2026-02,235.11090079285623,0.004702218015857125
L2_price+L5_pyramid,3,2026-03,-688.0249575147209,-0.013760499150294418
L2_price+L5_pyramid,3,2026-04,-61.18574298389285,-0.001223714859677857
L2_price+L5_pyramid,3,2026-05,170.07652155007963,0.0034015304310015928
L2_price+L5_pyramid,3,2026-06,-112.38922650417135,-0.002247784530083427
L2_price+L5_pyramid,3,2026-07,-236.41516295654856,-0.0047283032591309716
L2_price+L5_pyramid,4,2025-08,19.159785184854627,0.00038319570369709253
L2_price+L5_pyramid,4,2025-09,241.9640757459847,0.004839281514919694
L2_price+L5_pyramid,4,2025-10,56.357127296778344,0.001127142545935567
L2_price+L5_pyramid,4,2025-11,-1812.8715061957864,-0.036257430123915725
L2_price+L5_pyramid,4,2025-12,-368.22970417275155,-0.007364594083455031
L2_price+L5_pyramid,4,2026-01,391.91750196673183,0.007838350039334637
L2_price+L5_pyramid,4,2026-02,829.9135238497802,0.016598270476995605
L2_price+L5_pyramid,4,2026-03,-898.4707561037412,-0.017969415122074825
L2_price+L5_pyramid,4,2026-04,2357.9084332651173,0.04715816866530235
L2_price+L5_pyramid,4,2026-05,860.8832800164919,0.017217665600329838
L2_price+L5_pyramid,4,2026-06,2495.1564690315854,0.04990312938063171
L2_price+L5_pyramid,4,2026-07,-630.1042939449799,-0.012602085878899598
L2_price+L5_pyramid,5,2025-08,167.12838495574852,0.00334256769911497
L2_price+L5_pyramid,5,2025-09,-148.7658414693742,-0.002975316829387484
L2_price+L5_pyramid,5,2025-10,-30.01897442848076,-0.0006003794885696152
L2_price+L5_pyramid,5,2025-11,804.6560229242632,0.016093120458485263
L2_price+L5_pyramid,5,2025-12,-166.20231189938295,-0.003324046237987659
L2_price+L5_pyramid,5,2026-01,-219.53399117937715,-0.004390679823587543
L2_price+L5_pyramid,5,2026-02,237.2855286742115,0.00474571057348423
L2_price+L5_pyramid,5,2026-03,-59.391269996315714,-0.0011878253999263143
L2_price+L5_pyramid,5,2026-04,424.5747421326578,0.008491494842653156
L2_price+L5_pyramid,5,2026-05,-1242.34783627667,-0.0248469567255334
L2_price+L5_pyramid,5,2026-06,17.557289763340123,0.00035114579526680247
L2_price+L5_pyramid,5,2026-07,-49.25164432551355,-0.000985032886510271
L2_price+L5_pyramid,6,2025-08,338.14731552501144,0.0067629463105002285
L2_price+L5_pyramid,6,2025-09,2618.478913125542,0.05236957826251084
L2_price+L5_pyramid,6,2025-10,-2430.4149440082992,-0.04860829888016598
L2_price+L5_pyramid,6,2025-11,-401.61389493301704,-0.008032277898660341
L2_price+L5_pyramid,6,2025-12,-361.83840928592963,-0.007236768185718593
L2_price+L5_pyramid,6,2026-01,253.46752174902758,0.005069350434980552
L2_price+L5_pyramid,6,2026-02,139.6788851735355,0.00279357770347071
L2_price+L5_pyramid,6,2026-03,-430.73808311673747,-0.00861476166233475
L2_price+L5_pyramid,6,2026-04,1132.7639163378808,0.022655278326757615
L2_price+L5_pyramid,6,2026-05,1227.1732526486685,0.02454346505297337
L2_price+L5_pyramid,6,2026-06,-1370.9215490628758,-0.027418430981257517
L2_price+L5_pyramid,6,2026-07,14.048489731220798,0.00028096979462441596
L2_price+L5_pyramid,7,2025-08,-121.64018199350267,-0.0024328036398700535
L2_price+L5_pyramid,7,2025-09,172.48417797847014,0.003449683559569403
L2_price+L5_pyramid,7,2025-10,644.2258256457426,0.012884516512914852
L2_price+L5_pyramid,7,2025-11,579.0435776621116,0.011580871553242233
L2_price+L5_pyramid,7,2025-12,105.97878565056271,0.002119575713011254
L2_price+L5_pyramid,7,2026-01,1349.7968851584683,0.026995937703169364
L2_price+L5_pyramid,7,2026-02,-104.79635067848176,-0.002095927013569635
L2_price+L5_pyramid,7,2026-03,-650.5453593983038,-0.013010907187966077
L2_price+L5_pyramid,7,2026-04,209.88649257491215,0.004197729851498243
L2_price+L5_pyramid,7,2026-05,-1536.886253939827,-0.03073772507879654
L2_price+L5_pyramid,7,2026-06,-369.28478642638765,-0.007385695728527753
L2_price+L5_pyramid,7,2026-07,409.65455723641026,0.008193091144728205
L2_price+L5_pyramid,8,2025-08,-276.8004928605005,-0.00553600985721001
L2_price+L5_pyramid,8,2025-09,369.1265025719631,0.007382530051439262
L2_price+L5_pyramid,8,2025-10,119.50703455469193,0.0023901406910938386
L2_price+L5_pyramid,8,2025-11,-428.1633017793847,-0.008563266035587694
L2_price+L5_pyramid,8,2025-12,-84.86494120216048,-0.0016972988240432096
L2_price+L5_pyramid,8,2026-01,1493.7597053325953,0.029875194106651907
L2_price+L5_pyramid,8,2026-02,-207.7018555993709,-0.004154037111987418
L2_price+L5_pyramid,8,2026-03,-263.82824311014247,-0.005276564862202849
L2_price+L5_pyramid,8,2026-04,98.6609890651007,0.001973219781302014
L2_price+L5_pyramid,8,2026-05,2075.7271909020856,0.04151454381804171
L2_price+L5_pyramid,8,2026-06,59.450629104559084,0.0011890125820911816
L2_price+L5_pyramid,8,2026-07,-41.34038499807593,-0.0008268076999615187
L2_price+L5_pyramid,9,2025-08,620.6940186327174,0.012413880372654349
L2_price+L5_pyramid,9,2025-09,2806.131260822848,0.056122625216456966
L2_price+L5_pyramid,9,2025-10,-2096.6313497628344,-0.04193262699525669
L2_price+L5_pyramid,9,2025-11,-767.6001328045604,-0.01535200265609121
L2_price+L5_pyramid,9,2025-12,-490.21593937047237,-0.009804318787409448
L2_price+L5_pyramid,9,2026-01,430.31385687548027,0.008606277137509605
L2_price+L5_pyramid,9,2026-02,73.64845102814161,0.0014729690205628322
L2_price+L5_pyramid,9,2026-03,-132.88859628641148,-0.0026577719257282295
L2_price+L5_pyramid,9,2026-04,1191.2045113634713,0.023824090227269425
L2_price+L5_pyramid,9,2026-05,391.3244263843926,0.007826488527687853
L2_price+L5_pyramid,9,2026-06,-1443.5784453015613,-0.028871568906031226
L2_price+L5_pyramid,9,2026-07,-65.34734415876483,-0.0013069468831752966
L2_price+L5_pyramid,10,2025-08,-20.197121486638025,-0.0004039424297327605
L2_price+L5_pyramid,10,2025-09,-42.99522886634168,-0.0008599045773268336
L2_price+L5_pyramid,10,2025-10,-500.05383597763193,-0.010001076719552639
L2_price+L5_pyramid,10,2025-11,-149.23851635183746,-0.002984770327036749
L2_price+L5_pyramid,10,2025-12,-319.21849239500716,-0.006384369847900143
L2_price+L5_pyramid,10,2026-01,219.62536705299135,0.0043925073410598274
L2_price+L5_pyramid,10,2026-02,1105.4069471256025,0.02210813894251205
L2_price+L5_pyramid,10,2026-03,-730.9183920348405,-0.014618367840696811
L2_price+L5_pyramid,10,2026-04,714.9996795448369,0.014299993590896738
L2_price+L5_pyramid,10,2026-05,216.33969985670865,0.004326793997134173
L2_price+L5_pyramid,10,2026-06,-330.43819668050037,-0.006608763933610007
L2_price+L5_pyramid,10,2026-07,-402.60114246635385,-0.008052022849327076
L2_price+L5_pyramid,11,2025-08,-662.5476708950491,-0.013250953417900982
L2_price+L5_pyramid,11,2025-09,-149.82308995544463,-0.0029964617991088925
L2_price+L5_pyramid,11,2025-10,-410.4741936569162,-0.008209483873138324
L2_price+L5_pyramid,11,2025-11,-171.39943877254245,-0.0034279887754508492
L2_price+L5_pyramid,11,2025-12,-248.22578269233054,-0.004964515653846611
L2_price+L5_pyramid,11,2026-01,-209.8850054542031,-0.0041977001090840625
L2_price+L5_pyramid,11,2026-02,-536.764206238649,-0.01073528412477298
L2_price+L5_pyramid,11,2026-03,-330.2136582260182,-0.006604273164520364
L2_price+L5_pyramid,11,2026-04,1997.804833080455,0.0399560966616091
L2_price+L5_pyramid,11,2026-05,164.60893672252678,0.0032921787344505358
L2_price+L5_pyramid,11,2026-06,-109.40896742174664,-0.0021881793484349325
L2_price+L5_pyramid,11,2026-07,-43.44108980481542,-0.0008688217960963084
L2_price+L5_pyramid,12,2025-08,0.4307974008406745,8.61594801681349e-06
L2_price+L5_pyramid,12,2025-09,-132.19204679539416,-0.002643840935907883
L2_price+L5_pyramid,12,2025-10,-57.86474763062233,-0.0011572949526124467
L2_price+L5_pyramid,12,2025-11,-57.77359284250815,-0.001155471856850163
L2_price+L5_pyramid,12,2025-12,-225.09490184597962,-0.004501898036919592
L2_price+L5_pyramid,12,2026-01,-800.3441664098582,-0.016006883328197163
L2_price+L5_pyramid,12,2026-02,-6.505131927408911,-0.00013010263854817822
L2_price+L5_pyramid,12,2026-03,-152.35416938382878,-0.0030470833876765756
L2_price+L5_pyramid,12,2026-04,81.71197784972355,0.0016342395569944712
L2_price+L5_pyramid,12,2026-05,542.2086954290653,0.010844173908581306
L2_price+L5_pyramid,12,2026-06,55.581800711949654,0.001111636014238993
L2_price+L5_pyramid,12,2026-07,99.80352321527153,0.0019960704643054304
L2_price+L5_pyramid,13,2025-08,-312.01038873504604,-0.006240207774700921
L2_price+L5_pyramid,13,2025-09,198.780729708521,0.00397561459417042
L2_price+L5_pyramid,13,2025-10,42.37795939654825,0.000847559187930965
L2_price+L5_pyramid,13,2025-11,-344.9146823961555,-0.00689829364792311
L2_price+L5_pyramid,13,2025-12,-623.4657616558234,-0.012469315233116467
L2_price+L5_pyramid,13,2026-01,32.32314118190334,0.0006464628236380668
L2_price+L5_pyramid,13,2026-02,156.5830854700307,0.003131661709400614
L2_price+L5_pyramid,13,2026-03,-520.8100743148016,-0.010416201486296031
L2_price+L5_pyramid,13,2026-04,1897.5834934501345,0.03795166986900269
L2_price+L5_pyramid,13,2026-05,2534.7334895018485,0.05069466979003697
L2_price+L5_pyramid,13,2026-06,2383.9555227592527,0.04767911045518505
L2_price+L5_pyramid,13,2026-07,-51.69691544571015,-0.001033938308914203
L2_price+L5_pyramid,14,2025-08,164.33003905628448,0.0032866007811256895
L2_price+L5_pyramid,14,2025-09,4909.191175605174,0.09818382351210349
L2_price+L5_pyramid,14,2025-10,-629.9591555734369,-0.012599183111468737
L2_price+L5_pyramid,14,2025-11,-635.0639106286299,-0.012701278212572597
L2_price+L5_pyramid,14,2025-12,-382.4415429500623,-0.007648830859001246
L2_price+L5_pyramid,14,2026-01,1508.8807458108927,0.030177614916217853
L2_price+L5_pyramid,14,2026-02,102.05309192431696,0.0020410618384863392
L2_price+L5_pyramid,14,2026-03,-1035.7151091597534,-0.020714302183195067
L2_price+L5_pyramid,14,2026-04,2162.778755286391,0.04325557510572782
L2_price+L5_pyramid,14,2026-05,1755.1055631072331,0.035102111262144665
L2_price+L5_pyramid,14,2026-06,-1488.3503498110986,-0.02976700699622197
L2_price+L5_pyramid,14,2026-07,-642.7220537411667,-0.012854441074823334
L2_price+L5_pyramid,15,2025-08,521.2204962436535,0.010424409924873071
L2_price+L5_pyramid,15,2025-09,3012.6527209638725,0.06025305441927745
L2_price+L5_pyramid,15,2025-10,-2796.591736425852,-0.055931834728517045
L2_price+L5_pyramid,15,2025-11,-585.1891084479821,-0.011703782168959643
L2_price+L5_pyramid,15,2025-12,-633.1364616987066,-0.012662729233974133
L2_price+L5_pyramid,15,2026-01,-754.0822929741116,-0.015081645859482233
L2_price+L5_pyramid,15,2026-02,-84.10201367511127,-0.0016820402735022253
L2_price+L5_pyramid,15,2026-03,-399.55741019697325,-0.007991148203939464
L2_price+L5_pyramid,15,2026-04,1877.4816969047888,0.037549633938095774
L2_price+L5_pyramid,15,2026-05,1238.52730152592,0.024770546030518398
L2_price+L5_pyramid,15,2026-06,1262.519403098554,0.02525038806197108
L2_price+L5_pyramid,15,2026-07,-145.4810427404136,-0.0029096208548082723
L2_price+L5_pyramid,16,2025-08,-54.951236503158725,-0.0010990247300631745
L2_price+L5_pyramid,16,2025-09,148.4074638168904,0.0029681492763378083
L2_price+L5_pyramid,16,2025-10,-455.1737007021911,-0.009103474014043822
L2_price+L5_pyramid,16,2025-11,-274.0512813402802,-0.0054810256268056036
L2_price+L5_pyramid,16,2025-12,-290.16897303678525,-0.005803379460735705
L2_price+L5_pyramid,16,2026-01,112.45138226147901,0.00224902764522958
L2_price+L5_pyramid,16,2026-02,1216.0271270537987,0.024320542541075973
L2_price+L5_pyramid,16,2026-03,-347.2894900343408,-0.006945789800686816
L2_price+L5_pyramid,16,2026-04,1269.1014250970748,0.025382028501941496
L2_price+L5_pyramid,16,2026-05,-568.6028988181952,-0.011372057976363903
L2_price+L5_pyramid,16,2026-06,1919.9626695101297,0.038399253390202594
L2_price+L5_pyramid,16,2026-07,-103.91494162959589,-0.002078298832591918
L2_price+L5_pyramid,17,2025-08,72.92145699950106,0.0014584291399900211
L2_price+L5_pyramid,17,2025-09,-103.96699622909546,-0.0020793399245819092
L2_price+L5_pyramid,17,2025-10,-364.1223003270579,-0.007282446006541159
L2_price+L5_pyramid,17,2025-11,331.86083064992454,0.006637216612998491
L2_price+L5_pyramid,17,2025-12,-536.9532874504703,-0.010739065749009406
L2_price+L5_pyramid,17,2026-01,-509.06129165900256,-0.010181225833180051
L2_price+L5_pyramid,17,2026-02,-116.57849789746888,-0.0023315699579493777
L2_price+L5_pyramid,17,2026-03,-154.75766335055778,-0.0030951532670111556
L2_price+L5_pyramid,17,2026-04,97.56210579137405,0.001951242115827481
L2_price+L5_pyramid,17,2026-05,461.07439704395347,0.00922148794087907
L2_price+L5_pyramid,17,2026-06,-35.73121185851687,-0.0007146242371703375
L2_price+L5_pyramid,17,2026-07,99.17336281839107,0.0019834672563678215
L2_price+L5_pyramid,18,2025-08,-478.4304777584621,-0.009568609555169241
L2_price+L5_pyramid,18,2025-09,44.79383591024998,0.0008958767182049996
L2_price+L5_pyramid,18,2025-10,44.25195157698363,0.0008850390315396726
L2_price+L5_pyramid,18,2025-11,-486.80880860277466,-0.009736176172055494
L2_price+L5_pyramid,18,2025-12,-349.8607771332727,-0.006997215542665454
L2_price+L5_pyramid,18,2026-01,460.10138469847334,0.009202027693969467
L2_price+L5_pyramid,18,2026-02,1164.5744436757896,0.02329148887351579
L2_price+L5_pyramid,18,2026-03,-1226.8557265877907,-0.024537114531755815
L2_price+L5_pyramid,18,2026-04,2188.164277998915,0.043763285559978306
L2_price+L5_pyramid,18,2026-05,1015.0899707804765,0.020301799415609532
L2_price+L5_pyramid,18,2026-06,2544.7462311202826,0.05089492462240565
L2_price+L5_pyramid,18,2026-07,-164.05337853306537,-0.003281067570661307
L2_price+L5_pyramid,19,2025-08,64.15498409220527,0.0012830996818441053
L2_price+L5_pyramid,19,2025-09,2449.6385585225153,0.048992771170450304
L2_price+L5_pyramid,19,2025-10,1325.143559084925,0.0265028711816985
L2_price+L5_pyramid,19,2025-11,-1518.6719356429167,-0.030373438712858334
L2_price+L5_pyramid,19,2025-12,-295.3014960113196,-0.005906029920226393
L2_price+L5_pyramid,19,2026-01,1021.1413227102084,0.02042282645420417
L2_price+L5_pyramid,19,2026-02,150.20071026535243,0.0030040142053070484
L2_price+L5_pyramid,19,2026-03,-848.9152945778924,-0.016978305891557847
L2_price+L5_pyramid,19,2026-04,66.4224747490207,0.0013284494949804139
L2_price+L5_pyramid,19,2026-05,1366.4742387674432,0.027329484775348866
L2_price+L5_pyramid,19,2026-06,-276.3984451679098,-0.005527968903358196
L2_price+L5_pyramid,19,2026-07,-320.3987343583931,-0.006407974687167862
L2_price+L5_pyramid,20,2025-08,-2145.3353665041827,-0.04290670733008366
L2_price+L5_pyramid,20,2025-09,0.0,0.0
L2_price+L5_pyramid,20,2025-10,-48.08017777681562,-0.0009616035555363124
L2_price+L5_pyramid,20,2025-11,-683.2692185174656,-0.013665384370349311
L2_price+L5_pyramid,20,2025-12,-381.9728715854144,-0.007639457431708288
L2_price+L5_pyramid,20,2026-01,1006.6409768901713,0.020132819537803427
L2_price+L5_pyramid,20,2026-02,-75.88800663469374,-0.0015177601326938747
L2_price+L5_pyramid,20,2026-03,79.82464794686166,0.0015964929589372331
L2_price+L5_pyramid,20,2026-04,255.05523849851033,0.005101104769970207
L2_price+L5_pyramid,20,2026-05,1706.1383072815097,0.034122766145630194
L2_price+L5_pyramid,20,2026-06,-280.26395888297156,-0.005605279177659431
L2_price+L5_pyramid,20,2026-07,-36.17420077407132,-0.0007234840154814265
L2_price+L5_pyramid,21,2025-08,-292.03037943601066,-0.0058406075887202135
L2_price+L5_pyramid,21,2025-09,-86.68465346899211,-0.0017336930693798423
L2_price+L5_pyramid,21,2025-10,-41.50141400084976,-0.0008300282800169953
L2_price+L5_pyramid,21,2025-11,-275.3574349770688,-0.005507148699541376
L2_price+L5_pyramid,21,2025-12,-385.37317432603595,-0.007707463486520719
L2_price+L5_pyramid,21,2026-01,35.34891186485402,0.0007069782372970803
L2_price+L5_pyramid,21,2026-02,183.2761059063696,0.003665522118127392
L2_price+L5_pyramid,21,2026-03,-578.261516051446,-0.011565230321028921
L2_price+L5_pyramid,21,2026-04,1303.720921883788,0.02607441843767576
L2_price+L5_pyramid,21,2026-05,424.26583448747806,0.008485316689749561
L2_price+L5_pyramid,21,2026-06,5.142891860175041,0.00010285783720350082
L2_price+L5_pyramid,21,2026-07,-81.85772123549214,-0.0016371544247098426
L2_price+L5_pyramid,22,2025-08,-39.07067843337791,-0.0007814135686675581
L2_price+L5_pyramid,22,2025-09,326.89333427544807,0.006537866685508961
L2_price+L5_pyramid,22,2025-10,425.8718955783852,0.008517437911567704
L2_price+L5_pyramid,22,2025-11,275.9133068175288,0.005518266136350576
L2_price+L5_pyramid,22,2025-12,719.1551661766734,0.014383103323533469
L2_price+L5_pyramid,22,2026-01,-482.1645359368031,-0.00964329071873606
L2_price+L5_pyramid,22,2026-02,942.917038767112,0.01885834077534224
L2_price+L5_pyramid,22,2026-03,-403.28795776247625,-0.008065759155249526
L2_price+L5_pyramid,22,2026-04,-215.26766618309466,-0.004305353323661893
L2_price+L5_pyramid,22,2026-05,-112.21387065168165,-0.0022442774130336327
L2_price+L5_pyramid,22,2026-06,-521.5972030844287,-0.010431944061688573
L2_price+L5_pyramid,22,2026-07,-457.8336654315881,-0.009156673308631761
L2_price+L5_pyramid,23,2025-08,-50.27468717326883,-0.0010054937434653766
L2_price+L5_pyramid,23,2025-09,1702.554173610387,0.03405108347220774
L2_price+L5_pyramid,23,2025-10,1145.4543500957543,0.022909087001915088
L2_price+L5_pyramid,23,2025-11,69.33745235414881,0.0013867490470829762
L2_price+L5_pyramid,23,2025-12,729.0766203180974,0.014581532406361949
L2_price+L5_pyramid,23,2026-01,-391.11388469285976,-0.007822277693857195
L2_price+L5_pyramid,23,2026-02,-347.2071012984852,-0.006944142025969704
L2_price+L5_pyramid,23,2026-03,-219.14517823959432,-0.0043829035647918865
L2_price+L5_pyramid,23,2026-04,257.7329252215268,0.005154658504430536
L2_price+L5_pyramid,23,2026-05,1368.773710594195,0.027375474211883903
L2_price+L5_pyramid,23,2026-06,-696.6882674294666,-0.013933765348589332
L2_price+L5_pyramid,23,2026-07,120.74168893170008,0.002414833778634002
L2_price+L5_pyramid,24,2025-08,-158.94774164283808,-0.0031789548328567617
L2_price+L5_pyramid,24,2025-09,378.74901942507677,0.007574980388501535
L2_price+L5_pyramid,24,2025-10,451.6917811549365,0.00903383562309873
L2_price+L5_pyramid,24,2025-11,-695.7972112186026,-0.013915944224372052
L2_price+L5_pyramid,24,2025-12,-316.4701358776874,-0.006329402717553749
L2_price+L5_pyramid,24,2026-01,-166.60612192525696,-0.003332122438505139
L2_price+L5_pyramid,24,2026-02,-225.33001104754567,-0.004506600220950913
L2_price+L5_pyramid,24,2026-03,490.37652991409595,0.009807530598281919
L2_price+L5_pyramid,24,2026-04,197.0911104098841,0.0039418222081976815
L2_price+L5_pyramid,24,2026-05,-1644.7667303047683,-0.03289533460609537
L2_price+L5_pyramid,24,2026-06,-110.26828222127097,-0.002205365644425419
L2_price+L5_pyramid,24,2026-07,-486.8618259950672,-0.009737236519901344
L2_price+L5_pyramid,25,2025-08,-175.91918714886378,-0.0035183837429772756
L2_price+L5_pyramid,25,2025-09,35.063962511230784,0.0007012792502246157
L2_price+L5_pyramid,25,2025-10,-13.657611166395327,-0.00027315222332790655
L2_price+L5_pyramid,25,2025-11,559.1204589019453,0.011182409178038906
L2_price+L5_pyramid,25,2025-12,538.852567597808,0.010777051351956161
L2_price+L5_pyramid,25,2026-01,-154.20749525903102,-0.0030841499051806206
L2_price+L5_pyramid,25,2026-02,32.20439897938377,0.0006440879795876754
L2_price+L5_pyramid,25,2026-03,-226.20550983744943,-0.004524110196748988
L2_price+L5_pyramid,25,2026-04,215.02933605896487,0.004300586721179297
L2_price+L5_pyramid,25,2026-05,-445.371869221457,-0.00890743738442914
L2_price+L5_pyramid,25,2026-06,-284.7317832639219,-0.005694635665278438
L2_price+L5_pyramid,25,2026-07,10.649334606498087,0.00021298669212996174
L2_price+L5_pyramid,26,2025-08,-591.2949919066004,-0.011825899838132009
L2_price+L5_pyramid,26,2025-09,48.88463553378915,0.000977692710675783
L2_price+L5_pyramid,26,2025-10,124.69107890382566,0.002493821578076513
L2_price+L5_pyramid,26,2025-11,310.37408975410654,0.00620748179508213
L2_price+L5_pyramid,26,2025-12,-235.5707252758766,-0.004711414505517532
L2_price+L5_pyramid,26,2026-01,-166.29649570210404,-0.0033259299140420808
L2_price+L5_pyramid,26,2026-02,1804.883248246666,0.03609766496493332
L2_price+L5_pyramid,26,2026-03,-374.5070125846232,-0.007490140251692465
L2_price+L5_pyramid,26,2026-04,-242.35327742621303,-0.00484706554852426
L2_price+L5_pyramid,26,2026-05,-230.38603042067007,-0.004607720608413401
L2_price+L5_pyramid,26,2026-06,-263.096837701356,-0.005261936754027119
L2_price+L5_pyramid,26,2026-07,195.85083924754963,0.003917016784950993
L2_price+L5_pyramid,27,2025-08,109.27720565588606,0.002185544113117721
L2_price+L5_pyramid,27,2025-09,323.5434199946185,0.0064708683998923695
L2_price+L5_pyramid,27,2025-10,415.7374496239436,0.008314748992478872
L2_price+L5_pyramid,27,2025-11,-73.66442379346336,-0.001473288475869267
L2_price+L5_pyramid,27,2025-12,-408.5691377044486,-0.008171382754088973
L2_price+L5_pyramid,27,2026-01,-377.8236504023671,-0.007556473008047342
L2_price+L5_pyramid,27,2026-02,19.796593736628893,0.00039593187473257785
L2_price+L5_pyramid,27,2026-03,170.12305163362998,0.0034024610326725997
L2_price+L5_pyramid,27,2026-04,341.07982051380714,0.006821596410276143
L2_price+L5_pyramid,27,2026-05,-386.57339005391896,-0.0077314678010783795
L2_price+L5_pyramid,27,2026-06,-38.44077006338557,-0.0007688154012677114
L2_price+L5_pyramid,27,2026-07,-886.9571103773123,-0.017739142207546247
L2_price+L5_pyramid,28,2025-08,-72.60750856590585,-0.001452150171318117
L2_price+L5_pyramid,28,2025-09,-111.43288657328503,-0.0022286577314657007
L2_price+L5_pyramid,28,2025-10,145.98564872923725,0.002919712974584745
L2_price+L5_pyramid,28,2025-11,-175.98685302896774,-0.0035197370605793547
L2_price+L5_pyramid,28,2025-12,-485.47518200062405,-0.00970950364001248
L2_price+L5_pyramid,28,2026-01,-267.86997418141345,-0.005357399483628269
L2_price+L5_pyramid,28,2026-02,83.4703094187962,0.001669406188375924
L2_price+L5_pyramid,28,2026-03,-204.0257906845136,-0.004080515813690272
L2_price+L5_pyramid,28,2026-04,242.85463155736852,0.004857092631147371
L2_price+L5_pyramid,28,2026-05,-1267.7146244828764,-0.025354292489657527
L2_price+L5_pyramid,28,2026-06,-123.18699859636308,-0.0024637399719272617
L2_price+L5_pyramid,28,2026-07,-250.60126838365886,-0.005012025367673177
L2_price+L5_pyramid,29,2025-08,35.84170741082653,0.0007168341482165306
L2_price+L5_pyramid,29,2025-09,-108.57229250269211,-0.002171445850053842
L2_price+L5_pyramid,29,2025-10,74.69773133311446,0.0014939546266622891
L2_price+L5_pyramid,29,2025-11,-348.62714465762656,-0.006972542893152531
L2_price+L5_pyramid,29,2025-12,-237.23509002155515,-0.004744701800431103
L2_price+L5_pyramid,29,2026-01,813.356529848159,0.016267130596963178
L2_price+L5_pyramid,29,2026-02,874.6640948236336,0.017493281896472673
L2_price+L5_pyramid,29,2026-03,-843.1973287130995,-0.01686394657426199
L2_price+L5_pyramid,29,2026-04,691.8207033158524,0.013836414066317047
L2_price+L5_pyramid,29,2026-05,302.3620737934225,0.00604724147586845
L2_price+L5_pyramid,29,2026-06,-139.16638843568944,-0.0027833277687137887
L2_price+L5_pyramid,29,2026-07,-365.6437623169995,-0.007312875246339991
L2_price+L5_pyramid,30,2025-08,-216.25947401991743,-0.004325189480398349
L2_price+L5_pyramid,30,2025-09,411.7937207306213,0.008235874414612427
L2_price+L5_pyramid,30,2025-10,836.4524313630327,0.016729048627260653
L2_price+L5_pyramid,30,2025-11,160.38259047737665,0.003207651809547533
L2_price+L5_pyramid,30,2025-12,-461.79368532531316,-0.009235873706506264
L2_price+L5_pyramid,30,2026-01,1451.107505153068,0.029022150103061358
L2_price+L5_pyramid,30,2026-02,119.61937487822979,0.002392387497564596
L2_price+L5_pyramid,30,2026-03,246.84382785595608,0.004936876557119121
L2_price+L5_pyramid,30,2026-04,235.5731043110818,0.004711462086221636
L2_price+L5_pyramid,30,2026-05,-157.51752469530038,-0.003150350493906008
L2_price+L5_pyramid,30,2026-06,-633.2888724026716,-0.012665777448053432
L2_price+L5_pyramid,30,2026-07,27.553830328160075,0.0005510766065632015
L2_price+L5_pyramid,31,2025-08,-409.5432185736536,-0.008190864371473072
L2_price+L5_pyramid,31,2025-09,674.9799914046234,0.013499599828092469
L2_price+L5_pyramid,31,2025-10,873.4315869031998,0.017468631738063997
L2_price+L5_pyramid,31,2025-11,-995.4481558638745,-0.019908963117277488
L2_price+L5_pyramid,31,2025-12,-662.2897863479193,-0.013245795726958385
L2_price+L5_pyramid,31,2026-01,1243.3743500691126,0.024867487001382253
L2_price+L5_pyramid,31,2026-02,440.81934145555806,0.00881638682911116
L2_price+L5_pyramid,31,2026-03,-1067.0828899089456,-0.021341657798178912
L2_price+L5_pyramid,31,2026-04,512.633245553191,0.010252664911063821
L2_price+L5_pyramid,31,2026-05,733.8788720584716,0.014677577441169433
L2_price+L5_pyramid,31,2026-06,-448.6304902405509,-0.008972609804811018
L2_price+L5_pyramid,31,2026-07,27.235991256922716,0.0005447198251384543
L2_price+L5_pyramid,32,2025-08,-153.16009946893882,-0.0030632019893787766
L2_price+L5_pyramid,32,2025-09,379.4478830493563,0.007588957660987126
L2_price+L5_pyramid,32,2025-10,-321.93368578656737,-0.006438673715731347
L2_price+L5_pyramid,32,2025-11,-1042.2932708251674,-0.020845865416503347
L2_price+L5_pyramid,32,2025-12,-272.2196016424732,-0.005444392032849464
L2_price+L5_pyramid,32,2026-01,122.98485129236633,0.0024596970258473267
L2_price+L5_pyramid,32,2026-02,-67.47507432924522,-0.0013495014865849044
L2_price+L5_pyramid,32,2026-03,-672.8685766597737,-0.013457371533195473
L2_price+L5_pyramid,32,2026-04,2052.9226090302527,0.041058452180605054
L2_price+L5_pyramid,32,2026-05,1020.878538119624,0.02041757076239248
L2_price+L5_pyramid,32,2026-06,2262.0305824251645,0.04524061164850329
L2_price+L5_pyramid,32,2026-07,-508.6249838992562,-0.010172499677985124
L2_price+L5_pyramid,33,2025-08,-65.83704019611378,-0.0013167408039222756
L2_price+L5_pyramid,33,2025-09,-85.26514261626016,-0.0017053028523252034
L2_price+L5_pyramid,33,2025-10,-194.3902155638898,-0.003887804311277796
L2_price+L5_pyramid,33,2025-11,-11.031610975496733,-0.00022063221950993465
L2_price+L5_pyramid,33,2025-12,-353.05379295788407,-0.007061075859157682
L2_price+L5_pyramid,33,2026-01,315.539125366764,0.00631078250733528
L2_price+L5_pyramid,33,2026-02,146.98015308628055,0.002939603061725611
L2_price+L5_pyramid,33,2026-03,-387.2909261040968,-0.007745818522081936
L2_price+L5_pyramid,33,2026-04,1265.6268813004426,0.025312537626008852
L2_price+L5_pyramid,33,2026-05,325.28135829495386,0.006505627165899077
L2_price+L5_pyramid,33,2026-06,-279.7198147567624,-0.005594396295135248
L2_price+L5_pyramid,33,2026-07,14.89779563297725,0.000297955912659545
L2_price+L5_pyramid,34,2025-08,-638.5042804779205,-0.01277008560955841
L2_price+L5_pyramid,34,2025-09,337.44877242818984,0.006748975448563797
L2_price+L5_pyramid,34,2025-10,44.99393703019632,0.0008998787406039264
L2_price+L5_pyramid,34,2025-11,-163.2941167103172,-0.0032658823342063444
L2_price+L5_pyramid,34,2025-12,-195.7309092326168,-0.003914618184652336
L2_price+L5_pyramid,34,2026-01,519.1734853250368,0.010383469706500737
L2_price+L5_pyramid,34,2026-02,1965.6178767061733,0.03931235753412347
L2_price+L5_pyramid,34,2026-03,-601.0879361317075,-0.01202175872263415
L2_price+L5_pyramid,34,2026-04,1997.6923950786459,0.039953847901572914
L2_price+L5_pyramid,34,2026-05,-460.24309836705106,-0.009204861967341021
L2_price+L5_pyramid,34,2026-06,-536.2105920374579,-0.010724211840749159
L2_price+L5_pyramid,34,2026-07,-164.21928033107997,-0.0032843856066215996
L2_price+L5_pyramid,35,2025-08,-612.064115768163,-0.012241282315363259
L2_price+L5_pyramid,35,2025-09,545.1297811447075,0.01090259562289415
L2_price+L5_pyramid,35,2025-10,-443.2168043363299,-0.008864336086726599
L2_price+L5_pyramid,35,2025-11,-907.2817460596043,-0.018145634921192085
L2_price+L5_pyramid,35,2025-12,-213.68495895983142,-0.004273699179196629
L2_price+L5_pyramid,35,2026-01,613.7883325310158,0.012275766650620317
L2_price+L5_pyramid,35,2026-02,900.0076075191009,0.018000152150382018
L2_price+L5_pyramid,35,2026-03,-985.5148380657747,-0.019710296761315495
L2_price+L5_pyramid,35,2026-04,1145.494638381625,0.0229098927676325
L2_price+L5_pyramid,35,2026-05,-78.31635901102072,-0.0015663271802204145
L2_price+L5_pyramid,35,2026-06,-82.96813641915833,-0.0016593627283831664
L2_price+L5_pyramid,35,2026-07,-609.6185268850122,-0.012192370537700245
L2_price+L5_pyramid,36,2025-08,2.41858083904026,4.8371616780805196e-05
L2_price+L5_pyramid,36,2025-09,2077.4198021257725,0.04154839604251545
L2_price+L5_pyramid,36,2025-10,1376.764208969148,0.02753528417938296
L2_price+L5_pyramid,36,2025-11,-1056.6627175211543,-0.021133254350423087
L2_price+L5_pyramid,36,2025-12,-524.4569520390087,-0.010489139040780174
L2_price+L5_pyramid,36,2026-01,426.4220600646195,0.00852844120129239
L2_price+L5_pyramid,36,2026-02,134.37179746702895,0.002687435949340579
L2_price+L5_pyramid,36,2026-03,-619.0250446938962,-0.012380500893877924
L2_price+L5_pyramid,36,2026-04,215.23048188159828,0.0043046096376319655
L2_price+L5_pyramid,36,2026-05,4016.4448954066847,0.08032889790813369
L2_price+L5_pyramid,36,2026-06,-618.6819768426685,-0.01237363953685337
L2_price+L5_pyramid,36,2026-07,-118.46668143443276,-0.0023693336286886553
L2_price+L5_pyramid,37,2025-08,-598.0768430800326,-0.011961536861600652
L2_price+L5_pyramid,37,2025-09,-96.44854103813668,-0.0019289708207627337
L2_price+L5_pyramid,37,2025-10,-145.0511124435443,-0.0029010222488708858
L2_price+L5_pyramid,37,2025-11,-663.9534728985718,-0.013279069457971436
L2_price+L5_pyramid,37,2025-12,-184.01269131077424,-0.003680253826215485
L2_price+L5_pyramid,37,2026-01,-460.3591066086219,-0.009207182132172437
L2_price+L5_pyramid,37,2026-02,1079.3184385088252,0.021586368770176504
L2_price+L5_pyramid,37,2026-03,-344.98672284449185,-0.006899734456889837
L2_price+L5_pyramid,37,2026-04,1365.0861429653069,0.027301722859306137
L2_price+L5_pyramid,37,2026-05,706.1677575831154,0.014123355151662308
L2_price+L5_pyramid,37,2026-06,2305.670811761004,0.046113416235220084
L2_price+L5_pyramid,37,2026-07,-45.3048516592944,-0.000906097033185888
L2_price+L5_pyramid,38,2025-08,60.0659598259972,0.001201319196519944
L2_price+L5_pyramid,38,2025-09,2237.085558525371,0.044741711170507424
L2_price+L5_pyramid,38,2025-10,1579.6380189762785,0.03159276037952557
L2_price+L5_pyramid,38,2025-11,89.01836232054939,0.0017803672464109877
L2_price+L5_pyramid,38,2025-12,-65.4114277781764,-0.0013082285555635282
L2_price+L5_pyramid,38,2026-01,1750.3830164073406,0.03500766032814681
L2_price+L5_pyramid,38,2026-02,115.58700955163476,0.0023117401910326954
L2_price+L5_pyramid,38,2026-03,-767.0491798524918,-0.015340983597049836
L2_price+L5_pyramid,38,2026-04,-189.61495815348644,-0.003792299163069729
L2_price+L5_pyramid,38,2026-05,1366.4742387674432,0.027329484775348866
L2_price+L5_pyramid,38,2026-06,-230.6024553348434,-0.004612049106696868
L2_price+L5_pyramid,38,2026-07,-214.81518818516724,-0.004296303763703345
L2_price+L5_pyramid,39,2025-08,-572.1302006620099,-0.011442604013240197
L2_price+L5_pyramid,39,2025-09,349.8647842968776,0.006997295685937552
L2_price+L5_pyramid,39,2025-10,70.5250173505683,0.0014105003470113661
L2_price+L5_pyramid,39,2025-11,-467.9384280772683,-0.009358768561545366
L2_price+L5_pyramid,39,2025-12,-466.29442431148436,-0.009325888486229688
L2_price+L5_pyramid,39,2026-01,778.4812581830583,0.015569625163661166
L2_price+L5_pyramid,39,2026-02,562.135039415215,0.0112427007883043
L2_price+L5_pyramid,39,2026-03,-1311.1263940595827,-0.026222527881191653
L2_price+L5_pyramid,39,2026-04,168.87262126778296,0.003377452425355659
L2_price+L5_pyramid,39,2026-05,-4.578295489483935,-9.15659097896787e-05
L2_price+L5_pyramid,39,2026-06,-83.94797135882254,-0.001678959427176451
L2_price+L5_pyramid,39,2026-07,-453.96492741804286,-0.009079298548360858
L2_price+L5_pyramid,40,2025-08,-522.8499048577123,-0.010456998097154247
L2_price+L5_pyramid,40,2025-09,2389.607676754641,0.04779215353509282
L2_price+L5_pyramid,40,2025-10,1613.9741271558269,0.032279482543116536
L2_price+L5_pyramid,40,2025-11,-1638.0428272947838,-0.032760856545895674
L2_price+L5_pyramid,40,2025-12,-1038.8532057668663,-0.020777064115337324
L2_price+L5_pyramid,40,2026-01,585.9564964309398,0.011719129928618795
L2_price+L5_pyramid,40,2026-02,52.54459510620518,0.0010508919021241035
L2_price+L5_pyramid,40,2026-03,-183.95803595781308,-0.0036791607191562618
L2_price+L5_pyramid,40,2026-04,4240.206028811089,0.08480412057622178
L2_price+L5_pyramid,40,2026-05,2177.88518042761,0.0435577036085522
L2_price+L5_pyramid,40,2026-06,1712.863320703871,0.03425726641407742
L2_price+L5_pyramid,40,2026-07,-171.71427324780143,-0.0034342854649560286
L2_price+L5_pyramid,41,2025-08,-133.8661200012475,-0.00267732240002495
L2_price+L5_pyramid,41,2025-09,-63.05001122796057,-0.0012610002245592113
L2_price+L5_pyramid,41,2025-10,-255.88189930338922,-0.005117637986067784
L2_price+L5_pyramid,41,2025-11,-1045.731042197539,-0.02091462084395078
L2_price+L5_pyramid,41,2025-12,-261.6717576094761,-0.005233435152189522
L2_price+L5_pyramid,41,2026-01,-50.12344937459511,-0.0010024689874919023
L2_price+L5_pyramid,41,2026-02,379.0706734954201,0.0075814134699084025
L2_price+L5_pyramid,41,2026-03,-915.7589853487079,-0.018315179706974157
L2_price+L5_pyramid,41,2026-04,94.74629762554378,0.0018949259525108755
L2_price+L5_pyramid,41,2026-05,2084.528951347007,0.04169057902694014
L2_price+L5_pyramid,41,2026-06,-431.25913719758864,-0.008625182743951772
L2_price+L5_pyramid,41,2026-07,-266.28707416731595,-0.005325741483346319
L2_price+L5_pyramid,42,2025-08,-1937.4114723207545,-0.03874822944641509
L2_price+L5_pyramid,42,2025-09,644.7901778878213,0.012895803557756425
L2_price+L5_pyramid,42,2025-10,138.12945130255594,0.002762589026051119
L2_price+L5_pyramid,42,2025-11,-1221.079533284037,-0.024421590665680743
L2_price+L5_pyramid,42,2025-12,-107.97346393310727,-0.0021594692786621452
L2_price+L5_pyramid,42,2026-01,440.6735105527305,0.00881347021105461
L2_price+L5_pyramid,42,2026-02,680.3893179165825,0.013607786358331651
L2_price+L5_pyramid,42,2026-03,-594.4361590327508,-0.011888723180655016
L2_price+L5_pyramid,42,2026-04,166.84806662941446,0.003336961332588289
L2_price+L5_pyramid,42,2026-05,-396.862660180851,-0.007937253203617019
L2_price+L5_pyramid,42,2026-06,-146.35683820474605,-0.002927136764094921
L2_price+L5_pyramid,42,2026-07,-70.76405625785173,-0.0014152811251570347
L2_price+L5_pyramid,43,2025-08,77.99558804909793,0.0015599117609819586
L2_price+L5_pyramid,43,2025-09,561.4778295319311,0.011229556590638621
L2_price+L5_pyramid,43,2025-10,384.17050435737747,0.0076834100871475495
L2_price+L5_pyramid,43,2025-11,-1030.8725662724928,-0.020617451325449856
L2_price+L5_pyramid,43,2025-12,-442.484271021076,-0.00884968542042152
L2_price+L5_pyramid,43,2026-01,-288.2053314442237,-0.005764106628884474
L2_price+L5_pyramid,43,2026-02,-307.4163486814996,-0.006148326973629992
L2_price+L5_pyramid,43,2026-03,-123.34590138885596,-0.0024669180277771194
L2_price+L5_pyramid,43,2026-04,1831.482562647935,0.0366296512529587
L2_price+L5_pyramid,43,2026-05,1192.8601616745864,0.023857203233491726
L2_price+L5_pyramid,43,2026-06,2036.651449624671,0.04073302899249342
L2_price+L5_pyramid,43,2026-07,-258.5045301875107,-0.0051700906037502135
L2_price+L5_pyramid,44,2025-08,-1018.164777767166,-0.02036329555534332
L2_price+L5_pyramid,44,2025-09,325.9633880059164,0.006519267760118328
L2_price+L5_pyramid,44,2025-10,99.3470436182588,0.0019869408723651757
L2_price+L5_pyramid,44,2025-11,449.4345058517565,0.00898869011703513
L2_price+L5_pyramid,44,2025-12,-631.7181315297148,-0.012634362630594297
L2_price+L5_pyramid,44,2026-01,-177.46902009067026,-0.003549380401813405
L2_price+L5_pyramid,44,2026-02,-381.53584515738976,-0.007630716903147795
L2_price+L5_pyramid,44,2026-03,-272.3498935458574,-0.005446997870917149
L2_price+L5_pyramid,44,2026-04,2672.907270714204,0.05345814541428408
L2_price+L5_pyramid,44,2026-05,-368.6866605013238,-0.007373733210026476
L2_price+L5_pyramid,44,2026-06,-311.3749935076921,-0.006227499870153842
L2_price+L5_pyramid,44,2026-07,56.407225580762315,0.0011281445116152462
L2_price+L5_pyramid,45,2025-08,-175.7947584629983,-0.0035158951692599656
L2_price+L5_pyramid,45,2025-09,1829.3498852911607,0.036586997705823215
L2_price+L5_pyramid,45,2025-10,662.0753018848027,0.013241506037696053
L2_price+L5_pyramid,45,2025-11,-206.28019369950016,-0.004125603873990003
L2_price+L5_pyramid,45,2025-12,-255.37397095226424,-0.005107479419045285
L2_price+L5_pyramid,45,2026-01,-292.6503410802261,-0.005853006821604522
L2_price+L5_pyramid,45,2026-02,200.27128626846388,0.004005425725369278
L2_price+L5_pyramid,45,2026-03,-737.5475726046816,-0.014750951452093632
L2_price+L5_pyramid,45,2026-04,-29.683902905060677,-0.0005936780581012136
L2_price+L5_pyramid,45,2026-05,1151.01823950164,0.0230203647900328
L2_price+L5_pyramid,45,2026-06,-249.58149237313955,-0.004991629847462791
L2_price+L5_pyramid,45,2026-07,-18.06934590594392,-0.0003613869181188784
L2_price+L5_pyramid,46,2025-08,-170.1466056102181,-0.003402932112204362
L2_price+L5_pyramid,46,2025-09,-314.15200315828133,-0.0062830400631656265
L2_price+L5_pyramid,46,2025-10,73.16410325951347,0.0014632820651902694
L2_price+L5_pyramid,46,2025-11,-353.25001374331896,-0.007065000274866379
L2_price+L5_pyramid,46,2025-12,-251.61464079328653,-0.005032292815865731
L2_price+L5_pyramid,46,2026-01,267.2176069867892,0.005344352139735784
L2_price+L5_pyramid,46,2026-02,1235.3688853542171,0.02470737770708434
L2_price+L5_pyramid,46,2026-03,-526.1244800527502,-0.010522489601055004
L2_price+L5_pyramid,46,2026-04,-411.3527559432314,-0.008227055118864627
L2_price+L5_pyramid,46,2026-05,1621.5026138251005,0.03243005227650201
L2_price+L5_pyramid,46,2026-06,-406.32504570543097,-0.008126500914108619
L2_price+L5_pyramid,46,2026-07,-250.81794964480832,-0.005016358992896167
L2_price+L5_pyramid,47,2025-08,-10.338581024235282,-0.00020677162048470562
L2_price+L5_pyramid,47,2025-09,156.36210435545945,0.003127242087109189
L2_price+L5_pyramid,47,2025-10,47.55342524391108,0.0009510685048782216
L2_price+L5_pyramid,47,2025-11,382.47191007040783,0.007649438201408156
L2_price+L5_pyramid,47,2025-12,-421.20266167572754,-0.00842405323351455
L2_price+L5_pyramid,47,2026-01,1256.330625682156,0.02512661251364312
L2_price+L5_pyramid,47,2026-02,718.1218086629897,0.014362436173259793
L2_price+L5_pyramid,47,2026-03,-771.4053353589215,-0.01542810670717843
L2_price+L5_pyramid,47,2026-04,1285.9603038604191,0.025719206077208383
L2_price+L5_pyramid,47,2026-05,2008.1598667982962,0.040163197335965926
L2_price+L5_pyramid,47,2026-06,-150.24348693035517,-0.0030048697386071033
L2_price+L5_pyramid,47,2026-07,-59.089847173178896,-0.0011817969434635778
L2_price+L5_pyramid,48,2025-08,-5.107675236548857,-0.00010215350473097714
L2_price+L5_pyramid,48,2025-09,2358.028926508281,0.04716057853016562
L2_price+L5_pyramid,48,2025-10,1413.0674611523436,0.028261349223046874
L2_price+L5_pyramid,48,2025-11,-872.4172900128351,-0.0174483458002567
L2_price+L5_pyramid,48,2025-12,-272.1855260551238,-0.0054437105211024754
L2_price+L5_pyramid,48,2026-01,341.91452895283146,0.006838290579056629
L2_price+L5_pyramid,48,2026-02,-277.63784560798376,-0.005552756912159675
L2_price+L5_pyramid,48,2026-03,9.494697709887078,0.00018989395419774155
L2_price+L5_pyramid,48,2026-04,471.11199642187603,0.00942223992843752
L2_price+L5_pyramid,48,2026-05,1665.0516523822726,0.03330103304764545
L2_price+L5_pyramid,48,2026-06,-573.5908813096448,-0.011471817626192897
L2_price+L5_pyramid,48,2026-07,-448.94741040434656,-0.008978948208086932
L2_price+L5_pyramid,49,2025-08,-2050.917238698817,-0.04101834477397634
L2_price+L5_pyramid,49,2025-09,2818.0864155888685,0.05636172831177737
L2_price+L5_pyramid,49,2025-10,-2194.2268561131805,-0.04388453712226361
L2_price+L5_pyramid,49,2025-11,-436.82162302935376,-0.008736432460587076
L2_price+L5_pyramid,49,2025-12,-240.75837564206267,-0.004815167512841253
L2_price+L5_pyramid,49,2026-01,-403.5162734894716,-0.008070325469789431
L2_price+L5_pyramid,49,2026-02,-10.752577749238753,-0.00021505155498477505
L2_price+L5_pyramid,49,2026-03,-200.3139826077504,-0.004006279652155008
L2_price+L5_pyramid,49,2026-04,2356.1856661521397,0.04712371332304279
L2_price+L5_pyramid,49,2026-05,327.77547867176145,0.006555509573435229
L2_price+L5_pyramid,49,2026-06,-1160.2780788941618,-0.023205561577883237
L2_price+L5_pyramid,49,2026-07,94.56245762912022,0.0018912491525824044
L2_price+L5_pyramid,50,2025-08,-74.88280065269737,-0.0014976560130539475
L2_price+L5_pyramid,50,2025-09,2755.2187095020445,0.05510437419004089
L2_price+L5_pyramid,50,2025-10,-2313.9483088620073,-0.046278966177240144
L2_price+L5_pyramid,50,2025-11,-307.33146625648897,-0.00614662932512978
L2_price+L5_pyramid,50,2025-12,-480.14220169936834,-0.009602844033987366
L2_price+L5_pyramid,50,2026-01,-217.05046368956573,-0.004341009273791315
L2_price+L5_pyramid,50,2026-02,17.492682413503644,0.0003498536482700729
L2_price+L5_pyramid,50,2026-03,-474.3833115933685,-0.00948766623186737
L2_price+L5_pyramid,50,2026-04,-177.39541781010666,-0.003547908356202133
L2_price+L5_pyramid,50,2026-05,594.9386148729909,0.011898772297459817
L2_price+L5_pyramid,50,2026-06,-1365.1498517442014,-0.02730299703488403
L2_price+L5_pyramid,50,2026-07,117.03188541791314,0.0023406377083582627
L2_price+L5_pyramid,51,2025-08,87.77014837179013,0.0017554029674358026
L2_price+L5_pyramid,51,2025-09,595.7762485941839,0.011915524971883678
L2_price+L5_pyramid,51,2025-10,565.3408969018492,0.011306817938036983
L2_price+L5_pyramid,51,2025-11,-1542.647329145626,-0.03085294658291252
L2_price+L5_pyramid,51,2025-12,-64.23906357066971,-0.0012847812714133942
L2_price+L5_pyramid,51,2026-01,1813.081102183307,0.03626162204366614
L2_price+L5_pyramid,51,2026-02,-68.99493239570802,-0.0013798986479141603
L2_price+L5_pyramid,51,2026-03,-806.0564828781535,-0.016121129657563068
L2_price+L5_pyramid,51,2026-04,1224.6185906268747,0.024492371812537495
L2_price+L5_pyramid,51,2026-05,845.9914055249956,0.016919828110499913
L2_price+L5_pyramid,51,2026-06,2798.4996967786183,0.055969993935572365
L2_price+L5_pyramid,51,2026-07,-486.04963730781947,-0.00972099274615639
L2_price+L5_pyramid,52,2025-08,-191.7571457534723,-0.0038351429150694457
L2_price+L5_pyramid,52,2025-09,-329.7221120169561,-0.006594442240339122
L2_price+L5_pyramid,52,2025-10,-157.9511875983053,-0.003159023751966106
L2_price+L5_pyramid,52,2025-11,-250.32497571410022,-0.005006499514282004
L2_price+L5_pyramid,52,2025-12,-177.36487915254475,-0.003547297583050895
L2_price+L5_pyramid,52,2026-01,830.9215631497991,0.016618431262995982
L2_price+L5_pyramid,52,2026-02,841.9513687283488,0.016839027374566978
L2_price+L5_pyramid,52,2026-03,-1373.9989635236461,-0.027479979270472923
L2_price+L5_pyramid,52,2026-04,1285.21747043296,0.0257043494086592
L2_price+L5_pyramid,52,2026-05,1733.2356048024167,0.034664712096048336
L2_price+L5_pyramid,52,2026-06,-117.5440185069674,-0.002350880370139348
L2_price+L5_pyramid,52,2026-07,-205.82250488598493,-0.0041164500977196984
L2_price+L5_pyramid,53,2025-08,-745.3120752425175,-0.01490624150485035
L2_price+L5_pyramid,53,2025-09,1719.9094972131807,0.034398189944263614
L2_price+L5_pyramid,53,2025-10,1058.5890636338581,0.021171781272677163
L2_price+L5_pyramid,53,2025-11,-118.8230517367756,-0.002376461034735512
L2_price+L5_pyramid,53,2025-12,-79.63168198881613,-0.0015926336397763226
L2_price+L5_pyramid,53,2026-01,572.8872324160197,0.011457744648320395
L2_price+L5_pyramid,53,2026-02,-130.3624632796368,-0.0026072492655927365
L2_price+L5_pyramid,53,2026-03,-288.8264876985504,-0.005776529753971008
L2_price+L5_pyramid,53,2026-04,2365.1347260839,0.047302694521678006
L2_price+L5_pyramid,53,2026-05,3105.753510422055,0.0621150702084411
L2_price+L5_pyramid,53,2026-06,-507.7866672450673,-0.010155733344901345
L2_price+L5_pyramid,53,2026-07,-102.49746149468592,-0.0020499492298937183
L2_price+L5_pyramid,54,2025-08,-322.2691003864784,-0.006445382007729567
L2_price+L5_pyramid,54,2025-09,-221.24380540215225,-0.004424876108043045
L2_price+L5_pyramid,54,2025-10,-407.06207375952,-0.0081412414751904
L2_price+L5_pyramid,54,2025-11,15.561184399676677,0.0003112236879935335
L2_price+L5_pyramid,54,2025-12,-277.16838870769243,-0.005543367774153848
L2_price+L5_pyramid,54,2026-01,24.964625614440592,0.0004992925122888119
L2_price+L5_pyramid,54,2026-02,276.80709118873347,0.00553614182377467
L2_price+L5_pyramid,54,2026-03,-201.16395106929667,-0.004023279021385933
L2_price+L5_pyramid,54,2026-04,-32.638840005099155,-0.0006527768001019831
L2_price+L5_pyramid,54,2026-05,-686.0558739298476,-0.013721117478596952
L2_price+L5_pyramid,54,2026-06,-345.222540148985,-0.0069044508029797
L2_price+L5_pyramid,54,2026-07,-70.03586155451376,-0.001400717231090275
L2_price+L5_pyramid,55,2025-08,50.62046023505445,0.0010124092047010891
L2_price+L5_pyramid,55,2025-09,-84.58234627994989,-0.0016916469255989978
L2_price+L5_pyramid,55,2025-10,-75.3719648204542,-0.0015074392964090839
L2_price+L5_pyramid,55,2025-11,143.00415311327288,0.0028600830622654574
L2_price+L5_pyramid,55,2025-12,-17.817388781285445,-0.00035634777562570886
L2_price+L5_pyramid,55,2026-01,-481.40693282025677,-0.009628138656405135
L2_price+L5_pyramid,55,2026-02,759.0120115645732,0.015180240231291465
L2_price+L5_pyramid,55,2026-03,-711.8523737878522,-0.014237047475757044
L2_price+L5_pyramid,55,2026-04,-81.55727903220395,-0.0016311455806440791
L2_price+L5_pyramid,55,2026-05,-109.43971945874091,-0.0021887943891748182
L2_price+L5_pyramid,55,2026-06,-198.4247362200449,-0.003968494724400898
L2_price+L5_pyramid,55,2026-07,51.955807968824956,0.001039116159376499
L2_price+L5_pyramid,56,2025-08,-2279.095855855912,-0.04558191711711824
L2_price+L5_pyramid,56,2025-09,343.138190877271,0.006862763817545419
L2_price+L5_pyramid,56,2025-10,49.190604132841145,0.000983812082656823
L2_price+L5_pyramid,56,2025-11,-131.0420080464528,-0.002620840160929056
L2_price+L5_pyramid,56,2025-12,-384.0460408808285,-0.00768092081761657
L2_price+L5_pyramid,56,2026-01,347.4767515562735,0.00694953503112547
L2_price+L5_pyramid,56,2026-02,586.3501318970793,0.011727002637941587
L2_price+L5_pyramid,56,2026-03,-840.1365143029298,-0.016802730286058595
L2_price+L5_pyramid,56,2026-04,740.7293895545581,0.014814587791091162
L2_price+L5_pyramid,56,2026-05,-9.953751537898825,-0.0001990750307579765
L2_price+L5_pyramid,56,2026-06,-120.56937783187459,-0.002411387556637492
L2_price+L5_pyramid,56,2026-07,-519.7924086946077,-0.010395848173892155
L2_price+L5_pyramid,57,2025-08,602.4214832557827,0.012048429665115655
L2_price+L5_pyramid,57,2025-09,3098.266457540195,0.0619653291508039
L2_price+L5_pyramid,57,2025-10,-2102.9835593575144,-0.04205967118715029
L2_price+L5_pyramid,57,2025-11,-704.6768702288728,-0.014093537404577455
L2_price+L5_pyramid,57,2025-12,-844.3056229154718,-0.016886112458309434
L2_price+L5_pyramid,57,2026-01,-352.2289243753521,-0.007044578487507042
L2_price+L5_pyramid,57,2026-02,-82.2678364595904,-0.001645356729191808
L2_price+L5_pyramid,57,2026-03,-270.7431223690328,-0.005414862447380655
L2_price+L5_pyramid,57,2026-04,1627.2781770840256,0.03254556354168051
L2_price+L5_pyramid,57,2026-05,1333.8829268633363,0.026677658537266724
L2_price+L5_pyramid,57,2026-06,1039.1782186537384,0.02078356437307477
L2_price+L5_pyramid,57,2026-07,64.71636220068103,0.0012943272440136206
L2_price+L5_pyramid,58,2025-08,567.087571856805,0.011341751437136099
L2_price+L5_pyramid,58,2025-09,4499.934017225789,0.08999868034451577
L2_price+L5_pyramid,58,2025-10,-1367.3171756448482,-0.027346343512896967
L2_price+L5_pyramid,58,2025-11,-404.52978350963895,-0.008090595670192779
L2_price+L5_pyramid,58,2025-12,-578.7387707241769,-0.011574775414483538
L2_price+L5_pyramid,58,2026-01,61.456343595014914,0.0012291268719002984
L2_price+L5_pyramid,58,2026-02,298.3799941906873,0.005967599883813746
L2_price+L5_pyramid,58,2026-03,-828.6346888391263,-0.016572693776782527
L2_price+L5_pyramid,58,2026-04,1239.228888586993,0.024784577771739858
L2_price+L5_pyramid,58,2026-05,2448.8549674716587,0.04897709934943317
L2_price+L5_pyramid,58,2026-06,-1707.384884970029,-0.03414769769940058
L2_price+L5_pyramid,58,2026-07,-177.16730435002046,-0.003543346087000409
L2_price+L5_pyramid,59,2025-08,-558.0542852944936,-0.011161085705889872
L2_price+L5_pyramid,59,2025-09,59.444764333011335,0.0011888952866602267
L2_price+L5_pyramid,59,2025-10,-355.7940040903686,-0.007115880081807372
L2_price+L5_pyramid,59,2025-11,-80.19430914125223,-0.0016038861828250447
L2_price+L5_pyramid,59,2025-12,-424.3248835034601,-0.008486497670069202
L2_price+L5_pyramid,59,2026-01,155.4233494905402,0.003108466989810804
L2_price+L5_pyramid,59,2026-02,514.9989425896056,0.010299978851792112
L2_price+L5_pyramid,59,2026-03,-1027.1842997617196,-0.02054368599523439
L2_price+L5_pyramid,59,2026-04,62.69048026386281,0.001253809605277256
L2_price+L5_pyramid,59,2026-05,617.1207692195085,0.01234241538439017
L2_price+L5_pyramid,59,2026-06,5.6647933795147765,0.00011329586759029552
L2_price+L5_pyramid,59,2026-07,-35.28533991740369,-0.0007057067983480738
L2_price+L5_pyramid,60,2025-08,-691.0272753767913,-0.013820545507535826
L2_price+L5_pyramid,60,2025-09,335.31477529947097,0.006706295505989419
L2_price+L5_pyramid,60,2025-10,339.96007657566406,0.006799201531513281
L2_price+L5_pyramid,60,2025-11,-602.0146608878167,-0.012040293217756334
L2_price+L5_pyramid,60,2025-12,-201.57180207151032,-0.004031436041430207
L2_price+L5_pyramid,60,2026-01,242.57012664953618,0.004851402532990724
L2_price+L5_pyramid,60,2026-02,1046.0688500229817,0.020921377000459634
L2_price+L5_pyramid,60,2026-03,-367.6157364510718,-0.0073523147290214365
L2_price+L5_pyramid,60,2026-04,-326.35007371339816,-0.006527001474267964
L2_price+L5_pyramid,60,2026-05,-144.9822153797386,-0.002899644307594772
L2_price+L5_pyramid,60,2026-06,-500.2876076148814,-0.010005752152297627
L2_price+L5_pyramid,60,2026-07,-496.1828193235133,-0.009923656386470265
L2_price+L5_pyramid,61,2025-08,-2402.636030041817,-0.04805272060083634
L2_price+L5_pyramid,61,2025-09,293.8354793671042,0.005876709587342084
L2_price+L5_pyramid,61,2025-10,276.5286070840275,0.00553057214168055
L2_price+L5_pyramid,61,2025-11,-447.95495209259934,-0.008959099041851987
L2_price+L5_pyramid,61,2025-12,-353.39154910424895,-0.007067830982084979
L2_price+L5_pyramid,61,2026-01,604.1452310297764,0.012082904620595527
L2_price+L5_pyramid,61,2026-02,217.86793108641632,0.004357358621728326
L2_price+L5_pyramid,61,2026-03,-222.3382759152937,-0.004446765518305874
L2_price+L5_pyramid,61,2026-04,-57.800923990868796,-0.001156018479817376
L2_price+L5_pyramid,61,2026-05,2596.7488500709896,0.051934977001419795
L2_price+L5_pyramid,61,2026-06,88.05487873574657,0.0017610975747149313
L2_price+L5_pyramid,61,2026-07,-515.2000866793251,-0.0103040017335865
L2_price+L5_pyramid,62,2025-08,-2277.6072986221066,-0.04555214597244213
L2_price+L5_pyramid,62,2025-09,-154.19929115523428,-0.0030839858231046856
L2_price+L5_pyramid,62,2025-10,81.52769214903856,0.0016305538429807712
L2_price+L5_pyramid,62,2025-11,-386.2303438678164,-0.0077246068773563275
L2_price+L5_pyramid,62,2025-12,-170.7649810196126,-0.003415299620392252
L2_price+L5_pyramid,62,2026-01,-189.59825792964057,-0.003791965158592811
L2_price+L5_pyramid,62,2026-02,-103.51558202169872,-0.0020703116404339745
L2_price+L5_pyramid,62,2026-03,-204.10135507284485,-0.004082027101456897
L2_price+L5_pyramid,62,2026-04,314.92319492512433,0.006298463898502487
L2_price+L5_pyramid,62,2026-05,66.88103494498137,0.0013376206988996273
L2_price+L5_pyramid,62,2026-06,-45.305971384961595,-0.0009061194276992319
L2_price+L5_pyramid,62,2026-07,-60.908709634841216,-0.0012181741926968242
L2_price+L5_pyramid,63,2025-08,-84.49079260114286,-0.0016898158520228571
L2_price+L5_pyramid,63,2025-09,-143.65939150246868,-0.0028731878300493736
L2_price+L5_pyramid,63,2025-10,179.69602830400254,0.003593920566080051
L2_price+L5_pyramid,63,2025-11,-991.4227059179366,-0.01982845411835873
L2_price+L5_pyramid,63,2025-12,-189.42096065621718,-0.0037884192131243436
L2_price+L5_pyramid,63,2026-01,-363.47271010045097,-0.00726945420200902
L2_price+L5_pyramid,63,2026-02,-130.1568114500742,-0.002603136229001484
L2_price+L5_pyramid,63,2026-03,-539.499089244885,-0.0107899817848977
L2_price+L5_pyramid,63,2026-04,15.100970205133308,0.00030201940410266615
L2_price+L5_pyramid,63,2026-05,-52.633398651563766,-0.0010526679730312753
L2_price+L5_pyramid,63,2026-06,-69.26336815919421,-0.0013852673631838844
L2_price+L5_pyramid,63,2026-07,130.3466384032081,0.002606932768064162
L2_price+L5_pyramid,64,2025-08,-95.22854711799937,-0.0019045709423599873
L2_price+L5_pyramid,64,2025-09,536.8067020486496,0.010736134040972992
L2_price+L5_pyramid,64,2025-10,432.1775053374249,0.008643550106748499
L2_price+L5_pyramid,64,2025-11,113.2619825113461,0.0022652396502269223
L2_price+L5_pyramid,64,2025-12,-131.4404079722708,-0.002628808159445416
L2_price+L5_pyramid,64,2026-01,1928.4912353823038,0.038569824707646076
L2_price+L5_pyramid,64,2026-02,47.747876753708624,0.0009549575350741725
L2_price+L5_pyramid,64,2026-03,-1192.3634908021313,-0.023847269816042627
L2_price+L5_pyramid,64,2026-04,17.708688788891777,0.0003541737757778355
L2_price+L5_pyramid,64,2026-05,29.20811069136289,0.0005841622138272578
L2_price+L5_pyramid,64,2026-06,-318.3569775750193,-0.006367139551500386
L2_price+L5_pyramid,64,2026-07,-7.686120172066694,-0.00015372240344133388
L2_price+L5_pyramid,65,2025-08,582.0602043534991,0.011641204087069982
L2_price+L5_pyramid,65,2025-09,2874.409722985456,0.05748819445970912
L2_price+L5_pyramid,65,2025-10,-2221.534440093177,-0.044430688801863544
L2_price+L5_pyramid,65,2025-11,224.45718442445923,0.004489143688489184
L2_price+L5_pyramid,65,2025-12,-403.327790516747,-0.00806655581033494
L2_price+L5_pyramid,65,2026-01,70.95490606448584,0.0014190981212897167
L2_price+L5_pyramid,65,2026-02,710.635851758936,0.01421271703517872
L2_price+L5_pyramid,65,2026-03,-1032.3511932223755,-0.02064702386444751
L2_price+L5_pyramid,65,2026-04,-71.46992135756955,-0.001429398427151391
L2_price+L5_pyramid,65,2026-05,502.8524378532593,0.010057048757065186
L2_price+L5_pyramid,65,2026-06,-1317.252039593668,-0.026345040791873362
L2_price+L5_pyramid,65,2026-07,107.41351851894979,0.0021482703703789956
L2_price+L5_pyramid,66,2025-08,-2442.9768579290653,-0.04885953715858131
L2_price+L5_pyramid,66,2025-09,128.98464996886923,0.002579692999377385
L2_price+L5_pyramid,66,2025-10,789.7640594871627,0.015795281189743254
L2_price+L5_pyramid,66,2025-11,68.81043900444456,0.0013762087800888911
L2_price+L5_pyramid,66,2025-12,72.81638438586833,0.0014563276877173667
L2_price+L5_pyramid,66,2026-01,1337.383212046695,0.0267476642409339
L2_price+L5_pyramid,66,2026-02,-58.534965586904036,-0.0011706993117380808
L2_price+L5_pyramid,66,2026-03,-465.1422050713509,-0.009302844101427017
L2_price+L5_pyramid,66,2026-04,-73.01967196944042,-0.0014603934393888085
L2_price+L5_pyramid,66,2026-05,892.5987963750313,0.017851975927500624
L2_price+L5_pyramid,66,2026-06,-197.6888624994108,-0.003953777249988215
L2_price+L5_pyramid,66,2026-07,-99.28176711164815,-0.001985635342232963
L2_price+L5_pyramid,67,2025-08,-386.67648696398373,-0.007733529739279675
L2_price+L5_pyramid,67,2025-09,124.05305338918606,0.002481061067783721
L2_price+L5_pyramid,67,2025-10,-493.37348456707787,-0.009867469691341557
L2_price+L5_pyramid,67,2025-11,386.03067547767114,0.007720613509553423
L2_price+L5_pyramid,67,2025-12,-102.64434506502494,-0.0020528869013004985
L2_price+L5_pyramid,67,2026-01,-222.22804998638276,-0.004444560999727655
L2_price+L5_pyramid,67,2026-02,573.2008690065159,0.011464017380130318
L2_price+L5_pyramid,67,2026-03,-470.8260886600101,-0.009416521773200202
L2_price+L5_pyramid,67,2026-04,497.8389087750311,0.009956778175500622
L2_price+L5_pyramid,67,2026-05,-437.9833584787648,-0.008759667169575295
L2_price+L5_pyramid,67,2026-06,0.0,0.0
L2_price+L5_pyramid,67,2026-07,608.7983157334438,0.012175966314668876
L2_price+L5_pyramid,68,2025-08,-513.7226814554251,-0.010274453629108503
L2_price+L5_pyramid,68,2025-09,1732.8340213810625,0.03465668042762125
L2_price+L5_pyramid,68,2025-10,761.8607160916381,0.015237214321832762
L2_price+L5_pyramid,68,2025-11,441.4034939682251,0.008828069879364502
L2_price+L5_pyramid,68,2025-12,-236.47093796594618,-0.004729418759318924
L2_price+L5_pyramid,68,2026-01,-45.8458859262455,-0.00091691771852491
L2_price+L5_pyramid,68,2026-02,417.6380764222977,0.008352761528445954
L2_price+L5_pyramid,68,2026-03,-449.0770419592109,-0.008981540839184218
L2_price+L5_pyramid,68,2026-04,260.07290599027874,0.005201458119805575
L2_price+L5_pyramid,68,2026-05,1365.6419652067789,0.027312839304135576
L2_price+L5_pyramid,68,2026-06,-310.009917207356,-0.00620019834414712
L2_price+L5_pyramid,68,2026-07,-117.29008867524226,-0.002345801773504845
L2_price+L5_pyramid,69,2025-08,-379.16656870919815,-0.007583331374183963
L2_price+L5_pyramid,69,2025-09,-92.30096071066237,-0.0018460192142132474
L2_price+L5_pyramid,69,2025-10,157.08071271869449,0.0031416142543738896
L2_price+L5_pyramid,69,2025-11,-759.5971829796108,-0.015191943659592215
L2_price+L5_pyramid,69,2025-12,-384.673232458671,-0.00769346464917342
L2_price+L5_pyramid,69,2026-01,-342.28410653685205,-0.006845682130737041
L2_price+L5_pyramid,69,2026-02,252.63135817310012,0.005052627163462002
L2_price+L5_pyramid,69,2026-03,-638.5355312843294,-0.012770710625686589
L2_price+L5_pyramid,69,2026-04,-83.17407675470895,-0.001663481535094179
L2_price+L5_pyramid,69,2026-05,-18.40954041196619,-0.00036819080823932384
L2_price+L5_pyramid,69,2026-06,-139.41353704507037,-0.0027882707409014073
L2_price+L5_pyramid,69,2026-07,23.974202028340187,0.00047948404056680373
L2_price+L5_pyramid,70,2025-08,399.20997112569785,0.007984199422513957
L2_price+L5_pyramid,70,2025-09,3410.8055592932496,0.06821611118586499
L2_price+L5_pyramid,70,2025-10,-1721.0692732782836,-0.034421385465565675
L2_price+L5_pyramid,70,2025-11,-785.4591078548583,-0.015709182157097167
L2_price+L5_pyramid,70,2025-12,-385.1927250089311,-0.007703854500178622
L2_price+L5_pyramid,70,2026-01,-336.846604106152,-0.0067369320821230394
L2_price+L5_pyramid,70,2026-02,1035.078712548012,0.02070157425096024
L2_price+L5_pyramid,70,2026-03,-803.0007130362201,-0.0160600142607244
L2_price+L5_pyramid,70,2026-04,-55.15363467854513,-0.0011030726935709026
L2_price+L5_pyramid,70,2026-05,835.170663225229,0.016703413264504578
L2_price+L5_pyramid,70,2026-06,-1487.4092648239957,-0.029748185296479913
L2_price+L5_pyramid,70,2026-07,-389.3723919765289,-0.007787447839530578
L2_price+L5_pyramid,71,2025-08,-591.2130878526159,-0.011824261757052318
L2_price+L5_pyramid,71,2025-09,-391.3649681108436,-0.007827299362216872
L2_price+L5_pyramid,71,2025-10,-326.8821181019048,-0.0065376423620380954
L2_price+L5_pyramid,71,2025-11,-654.1649770246468,-0.013083299540492935
L2_price+L5_pyramid,71,2025-12,-197.5721430028516,-0.003951442860057032
L2_price+L5_pyramid,71,2026-01,110.34689684642308,0.0022069379369284614
L2_price+L5_pyramid,71,2026-02,763.2546094472373,0.015265092188944746
L2_price+L5_pyramid,71,2026-03,-857.1103701523753,-0.017142207403047505
L2_price+L5_pyramid,71,2026-04,1916.9410004509919,0.038338820009019836
L2_price+L5_pyramid,71,2026-05,820.3279441771892,0.016406558883543785
L2_price+L5_pyramid,71,2026-06,2517.656831953671,0.05035313663907342
L2_price+L5_pyramid,71,2026-07,-245.65050242566485,-0.004913010048513297
L2_price+L5_pyramid,72,2025-08,693.253097111884,0.01386506194223768
L2_price+L5_pyramid,72,2025-09,3310.918104487784,0.06621836208975568
L2_price+L5_pyramid,72,2025-10,-1394.0887039653635,-0.02788177407930727
L2_price+L5_pyramid,72,2025-11,177.68262360894914,0.003553652472178983
L2_price+L5_pyramid,72,2025-12,450.85243472814454,0.009017048694562891
L2_price+L5_pyramid,72,2026-01,946.5529904433297,0.018931059808866595
L2_price+L5_pyramid,72,2026-02,-279.4039604914533,-0.005588079209829066
L2_price+L5_pyramid,72,2026-03,254.05076308611388,0.005081015261722278
L2_price+L5_pyramid,72,2026-04,32.65737836340213,0.0006531475672680426
L2_price+L5_pyramid,72,2026-05,87.90815309396476,0.0017581630618792952
L2_price+L5_pyramid,72,2026-06,-1855.4394378502593,-0.037108788757005184
L2_price+L5_pyramid,72,2026-07,-206.95537436257746,-0.004139107487251549
L2_price+L5_pyramid,73,2025-08,-86.57158101027835,-0.001731431620205567
L2_price+L5_pyramid,73,2025-09,-39.378634448878074,-0.0007875726889775615
L2_price+L5_pyramid,73,2025-10,79.4668748936665,0.00158933749787333
L2_price+L5_pyramid,73,2025-11,-443.9870714551889,-0.008879741429103779
L2_price+L5_pyramid,73,2025-12,-245.76396452178597,-0.00491527929043572
L2_price+L5_pyramid,73,2026-01,1178.2786032205859,0.02356557206441172
L2_price+L5_pyramid,73,2026-02,1708.4929503937637,0.034169859007875274
L2_price+L5_pyramid,73,2026-03,-919.8087752541733,-0.018396175505083465
L2_price+L5_pyramid,73,2026-04,966.8376547604312,0.019336753095208624
L2_price+L5_pyramid,73,2026-05,-929.7303639041475,-0.018594607278082948
L2_price+L5_pyramid,73,2026-06,-459.835493848007,-0.009196709876960139
L2_price+L5_pyramid,73,2026-07,-147.56413565542334,-0.0029512827131084668
L2_price+L5_pyramid,74,2025-08,-125.48072946570574,-0.0025096145893141147
L2_price+L5_pyramid,74,2025-09,108.81450214822416,0.002176290042964483
L2_price+L5_pyramid,74,2025-10,538.5383781808268,0.010770767563616538
L2_price+L5_pyramid,74,2025-11,171.53239677776946,0.0034306479355553894
L2_price+L5_pyramid,74,2025-12,-442.8042209885616,-0.008856084419771232
L2_price+L5_pyramid,74,2026-01,-605.7553342640231,-0.012115106685280461
L2_price+L5_pyramid,74,2026-02,-225.70215071289022,-0.004514043014257805
L2_price+L5_pyramid,74,2026-03,-253.26442413126824,-0.005065288482625365
L2_price+L5_pyramid,74,2026-04,-39.858956658768875,-0.0007971791331753775
L2_price+L5_pyramid,74,2026-05,10.71039665745775,0.00021420793314915498
L2_price+L5_pyramid,74,2026-06,15.172693175472887,0.00030345386350945775
L2_price+L5_pyramid,74,2026-07,168.69256587132713,0.0033738513174265427
L2_price+L5_pyramid,75,2025-08,22.041513479116475,0.0004408302695823295
L2_price+L5_pyramid,75,2025-09,512.6366672161448,0.010252733344322897
L2_price+L5_pyramid,75,2025-10,-229.522811765165,-0.0045904562353033
L2_price+L5_pyramid,75,2025-11,-307.8536449492158,-0.006157072898984315
L2_price+L5_pyramid,75,2025-12,-82.68932024688092,-0.0016537864049376186
L2_price+L5_pyramid,75,2026-01,645.9235433741333,0.012918470867482665
L2_price+L5_pyramid,75,2026-02,1493.2612429238097,0.029865224858476196
L2_price+L5_pyramid,75,2026-03,-1554.7317989050116,-0.03109463597810023
L2_price+L5_pyramid,75,2026-04,307.04699417840857,0.0061409398835681715
L2_price+L5_pyramid,75,2026-05,-47.53544571713064,-0.0009507089143426129
L2_price+L5_pyramid,75,2026-06,-71.13684484533042,-0.0014227368969066084
L2_price+L5_pyramid,75,2026-07,-326.57042038361215,-0.006531408407672243
L2_price+L5_pyramid,76,2025-08,-313.5878349558261,-0.006271756699116522
L2_price+L5_pyramid,76,2025-09,-92.81930896160338,-0.0018563861792320676
L2_price+L5_pyramid,76,2025-10,238.70959848789062,0.004774191969757812
L2_price+L5_pyramid,76,2025-11,-842.8598888328897,-0.016857197776657794
L2_price+L5_pyramid,76,2025-12,-303.65463586191254,-0.006073092717238251
L2_price+L5_pyramid,76,2026-01,450.1912198081891,0.009003824396163781
L2_price+L5_pyramid,76,2026-02,1324.6016996446651,0.026492033992893304
L2_price+L5_pyramid,76,2026-03,-1173.1766745344748,-0.023463533490689498
L2_price+L5_pyramid,76,2026-04,665.9323862017363,0.013318647724034727
L2_price+L5_pyramid,76,2026-05,302.75889144886787,0.006055177828977357
L2_price+L5_pyramid,76,2026-06,-139.38211085587227,-0.0027876422171174454
L2_price+L5_pyramid,76,2026-07,-302.12502705940096,-0.006042500541188019
L2_price+L5_pyramid,77,2025-08,-214.77102418369668,-0.004295420483673934
L2_price+L5_pyramid,77,2025-09,323.112324074199,0.006462246481483981
L2_price+L5_pyramid,77,2025-10,946.6958323655435,0.01893391664731087
L2_price+L5_pyramid,77,2025-11,758.065439291192,0.01516130878582384
L2_price+L5_pyramid,77,2025-12,636.8458307508508,0.012736916615017017
L2_price+L5_pyramid,77,2026-01,975.9667116636629,0.019519334233273258
L2_price+L5_pyramid,77,2026-02,-227.60481075031566,-0.004552096215006313
L2_price+L5_pyramid,77,2026-03,-547.2144663910922,-0.010944289327821844
L2_price+L5_pyramid,77,2026-04,350.43371851145366,0.007008674370229073
L2_price+L5_pyramid,77,2026-05,339.06422871314135,0.006781284574262827
L2_price+L5_pyramid,77,2026-06,-350.9589414127913,-0.007019178828255826
L2_price+L5_pyramid,77,2026-07,-43.44108980481542,-0.0008688217960963084
L2_price+L5_pyramid,78,2025-08,-176.36374767725192,-0.0035272749535450384
L2_price+L5_pyramid,78,2025-09,-83.21549507229065,-0.001664309901445813
L2_price+L5_pyramid,78,2025-10,-81.15602305942139,-0.0016231204611884278
L2_price+L5_pyramid,78,2025-11,-426.3638290147228,-0.008527276580294455
L2_price+L5_pyramid,78,2025-12,911.786122806885,0.0182357224561377
L2_price+L5_pyramid,78,2026-01,-309.30938590220467,-0.006186187718044093
L2_price+L5_pyramid,78,2026-02,2052.8062221754435,0.04105612444350887
L2_price+L5_pyramid,78,2026-03,-1270.2071188673663,-0.025404142377347325
L2_price+L5_pyramid,78,2026-04,1482.6975413423888,0.029653950826847776
L2_price+L5_pyramid,78,2026-05,821.0935335142603,0.016421870670285207
L2_price+L5_pyramid,78,2026-06,2245.106993986964,0.04490213987973928
L2_price+L5_pyramid,78,2026-07,-299.97042393481024,-0.0059994084786962045
L2_price+L5_pyramid,79,2025-08,-843.6886807873343,-0.016873773615746684
L2_price+L5_pyramid,79,2025-09,-129.20363910871765,-0.0025840727821743533
L2_price+L5_pyramid,79,2025-10,-71.942258144486,-0.0014388451628897202
L2_price+L5_pyramid,79,2025-11,-131.1862852011327,-0.002623725704022654
L2_price+L5_pyramid,79,2025-12,-313.6643088803212,-0.006273286177606424
L2_price+L5_pyramid,79,2026-01,646.6259325418328,0.012932518650836656
L2_price+L5_pyramid,79,2026-02,-358.64256017145135,-0.007172851203429027
L2_price+L5_pyramid,79,2026-03,-76.83943398620886,-0.0015367886797241772
L2_price+L5_pyramid,79,2026-04,2891.017510608526,0.057820350212170524
L2_price+L5_pyramid,79,2026-05,1484.0682304463744,0.029681364608927487
L2_price+L5_pyramid,79,2026-06,-278.84700601883196,-0.005576940120376639
L2_price+L5_pyramid,79,2026-07,148.35642569304855,0.002967128513860971
L2_price+L5_pyramid,80,2025-08,-429.2019629027709,-0.008584039258055417
L2_price+L5_pyramid,80,2025-09,-342.69970145401385,-0.006853994029080277
L2_price+L5_pyramid,80,2025-10,-315.07483662154664,-0.006301496732430933
L2_price+L5_pyramid,80,2025-11,-24.920182075880803,-0.0004984036415176161
L2_price+L5_pyramid,80,2025-12,-132.8472226036156,-0.002656944452072312
L2_price+L5_pyramid,80,2026-01,310.07674347141347,0.00620153486942827
L2_price+L5_pyramid,80,2026-02,634.9924671188228,0.012699849342376456
L2_price+L5_pyramid,80,2026-03,-971.234499593962,-0.01942468999187924
L2_price+L5_pyramid,80,2026-04,459.91084157640216,0.009198216831528043
L2_price+L5_pyramid,80,2026-05,-344.4823023507979,-0.006889646047015958
L2_price+L5_pyramid,80,2026-06,-181.71724930520304,-0.0036343449861040607
L2_price+L5_pyramid,80,2026-07,30.643241957532155,0.0006128648391506431
L2_price+L5_pyramid,81,2025-08,-46.52206149819176,-0.0009304412299638353
L2_price+L5_pyramid,81,2025-09,-156.47861292281232,-0.003129572258456246
L2_price+L5_pyramid,81,2025-10,-67.23189031265338,-0.0013446378062530674
L2_price+L5_pyramid,81,2025-11,-185.89595849075158,-0.0037179191698150315
L2_price+L5_pyramid,81,2025-12,-100.31480480338905,-0.002006296096067781
L2_price+L5_pyramid,81,2026-01,507.13273509520695,0.01014265470190414
L2_price+L5_pyramid,81,2026-02,786.9620872557125,0.01573924174511425
L2_price+L5_pyramid,81,2026-03,-781.801724251528,-0.015636034485030557
L2_price+L5_pyramid,81,2026-04,1700.3702028482785,0.03400740405696557
L2_price+L5_pyramid,81,2026-05,-78.31635901102072,-0.0015663271802204145
L2_price+L5_pyramid,81,2026-06,-47.10257528128659,-0.0009420515056257318
L2_price+L5_pyramid,81,2026-07,-77.76301963412152,-0.0015552603926824303
L2_price+L5_pyramid,82,2025-08,582.8797587433146,0.011657595174866291
L2_price+L5_pyramid,82,2025-09,3454.3519224825777,0.06908703844965156
L2_price+L5_pyramid,82,2025-10,-1588.2566894100555,-0.03176513378820111
L2_price+L5_pyramid,82,2025-11,-67.87341436368934,-0.0013574682872737867
L2_price+L5_pyramid,82,2025-12,-933.0879759603658,-0.018661759519207316
L2_price+L5_pyramid,82,2026-01,527.670434250078,0.01055340868500156
L2_price+L5_pyramid,82,2026-02,1309.0664820257025,0.02618132964051405
L2_price+L5_pyramid,82,2026-03,-671.0823573255575,-0.01342164714651115
L2_price+L5_pyramid,82,2026-04,1476.812237957217,0.029536244759144337
L2_price+L5_pyramid,82,2026-05,752.3165992158538,0.015046331984317075
L2_price+L5_pyramid,82,2026-06,-2035.0660682897924,-0.04070132136579585
L2_price+L5_pyramid,82,2026-07,-126.40124767664838,-0.0025280249535329677
L2_price+L5_pyramid,83,2025-08,57.8267849524982,0.001156535699049964
L2_price+L5_pyramid,83,2025-09,-84.73376393019225,-0.0016946752786038452
L2_price+L5_pyramid,83,2025-10,-282.5236242736537,-0.005650472485473074
L2_price+L5_pyramid,83,2025-11,-223.46138141490064,-0.004469227628298013
L2_price+L5_pyramid,83,2025-12,-373.57619121930384,-0.007471523824386077
L2_price+L5_pyramid,83,2026-01,-653.4199379897827,-0.013068398759795655
L2_price+L5_pyramid,83,2026-02,-131.33114322087386,-0.002626622864417477
L2_price+L5_pyramid,83,2026-03,429.04549628576024,0.008580909925715205
L2_price+L5_pyramid,83,2026-04,1903.8769628680002,0.03807753925736
L2_price+L5_pyramid,83,2026-05,958.1555621293192,0.01916311124258638
L2_price+L5_pyramid,83,2026-06,2401.3592554081642,0.048027185108163284
L2_price+L5_pyramid,83,2026-07,-55.65879185677386,-0.0011131758371354771
L2_price+L5_pyramid,84,2025-08,-164.1039304037149,-0.0032820786080742983
L2_price+L5_pyramid,84,2025-09,-66.42034457871159,-0.0013284068915742318
L2_price+L5_pyramid,84,2025-10,0.0,0.0
L2_price+L5_pyramid,84,2025-11,-38.711884224874666,-0.0007742376844974933
L2_price+L5_pyramid,84,2025-12,-97.74772525760454,-0.001954954505152091
L2_price+L5_pyramid,84,2026-01,-162.85739527530313,-0.0032571479055060627
L2_price+L5_pyramid,84,2026-02,703.2003308248504,0.014064006616497008
L2_price+L5_pyramid,84,2026-03,-357.7663948023974,-0.007155327896047947
L2_price+L5_pyramid,84,2026-04,-259.49811582687107,-0.0051899623165374215
L2_price+L5_pyramid,84,2026-05,-1253.6566814994503,-0.025073133629989006
L2_price+L5_pyramid,84,2026-06,-653.0780536911516,-0.013061561073823032
L2_price+L5_pyramid,84,2026-07,-246.872059919423,-0.00493744119838846
L2_price+L5_pyramid,85,2025-08,-257.77924455414086,-0.005155584891082817
L2_price+L5_pyramid,85,2025-09,64.05264105862443,0.0012810528211724887
L2_price+L5_pyramid,85,2025-10,234.75620965769758,0.004695124193153951
L2_price+L5_pyramid,85,2025-11,157.43269391914964,0.003148653878382993
L2_price+L5_pyramid,85,2025-12,98.00864615396586,0.001960172923079317
L2_price+L5_pyramid,85,2026-01,2744.916867039651,0.054898337340793024
L2_price+L5_pyramid,85,2026-02,1067.8862582268748,0.021357725164537496
L2_price+L5_pyramid,85,2026-03,-1408.3215392315951,-0.028166430784631904
L2_price+L5_pyramid,85,2026-04,1751.343680100662,0.03502687360201324
L2_price+L5_pyramid,85,2026-05,224.44253243784715,0.004488850648756943
L2_price+L5_pyramid,85,2026-06,47.069085624285435,0.0009413817124857087
L2_price+L5_pyramid,85,2026-07,-165.9340326889469,-0.003318680653778938
L2_price+L5_pyramid,86,2025-08,-2244.5363964334315,-0.044890727928668626
L2_price+L5_pyramid,86,2025-09,1638.2174169632963,0.03276434833926593
L2_price+L5_pyramid,86,2025-10,882.0981621133651,0.017641963242267304
L2_price+L5_pyramid,86,2025-11,-153.39473107963568,-0.0030678946215927133
L2_price+L5_pyramid,86,2025-12,-237.09686946549027,-0.004741937389309806
L2_price+L5_pyramid,86,2026-01,378.1247159332661,0.007562494318665322
L2_price+L5_pyramid,86,2026-02,937.6587089034119,0.018753174178068238
L2_price+L5_pyramid,86,2026-03,-603.4929374343956,-0.012069858748687911
L2_price+L5_pyramid,86,2026-04,686.9276793010768,0.013738553586021536
L2_price+L5_pyramid,86,2026-05,1669.233130216311,0.03338466260432622
L2_price+L5_pyramid,86,2026-06,-195.86069517249507,-0.003917213903449902
L2_price+L5_pyramid,86,2026-07,-158.78572237005756,-0.003175714447401151
L2_price+L5_pyramid,87,2025-08,-40.32030952140212,-0.0008064061904280424
L2_price+L5_pyramid,87,2025-09,-16.934020664507443,-0.00033868041329014885
L2_price+L5_pyramid,87,2025-10,95.07784840796467,0.0019015569681592934
L2_price+L5_pyramid,87,2025-11,-529.6601133519707,-0.010593202267039414
L2_price+L5_pyramid,87,2025-12,-189.74692134473844,-0.003794938426894769
L2_price+L5_pyramid,87,2026-01,1269.719682888399,0.025394393657767977
L2_price+L5_pyramid,87,2026-02,625.5055918993912,0.012510111837987824
L2_price+L5_pyramid,87,2026-03,-743.9111518892278,-0.014878223037784556
L2_price+L5_pyramid,87,2026-04,1199.5790310018192,0.023991580620036385
L2_price+L5_pyramid,87,2026-05,268.58456858143563,0.005371691371628713
L2_price+L5_pyramid,87,2026-06,-168.7117572804891,-0.003374235145609782
L2_price+L5_pyramid,87,2026-07,7.201694183270774,0.00014403388366541548
L2_price+L5_pyramid,88,2025-08,-307.5755587915846,-0.006151511175831692
L2_price+L5_pyramid,88,2025-09,405.7228254755182,0.008114456509510365
L2_price+L5_pyramid,88,2025-10,154.134225150141,0.00308268450300282
L2_price+L5_pyramid,88,2025-11,-684.6037109971357,-0.013692074219942715
L2_price+L5_pyramid,88,2025-12,-78.8692100327844,-0.0015773842006556878
L2_price+L5_pyramid,88,2026-01,1180.9625986124229,0.023619251972248456
L2_price+L5_pyramid,88,2026-02,76.77151456278898,0.0015354302912557796
L2_price+L5_pyramid,88,2026-03,-676.4741001823786,-0.013529482003647572
L2_price+L5_pyramid,88,2026-04,1049.381231233052,0.020987624624661038
L2_price+L5_pyramid,88,2026-05,888.7167556576269,0.017774335113152538
L2_price+L5_pyramid,88,2026-06,212.1610190574629,0.004243220381149258
L2_price+L5_pyramid,88,2026-07,-455.45662227960565,-0.009109132445592113
L2_price+L5_pyramid,89,2025-08,-1803.5295459382046,-0.03607059091876409
L2_price+L5_pyramid,89,2025-09,-320.0112107502782,-0.006400224215005564
L2_price+L5_pyramid,89,2025-10,-71.59610469682502,-0.0014319220939365005
L2_price+L5_pyramid,89,2025-11,-152.51895856713782,-0.003050379171342756
L2_price+L5_pyramid,89,2025-12,-103.63640052809478,-0.002072728010561896
L2_price+L5_pyramid,89,2026-01,394.09404697034097,0.007881880939406819
L2_price+L5_pyramid,89,2026-02,114.09799853088771,0.002281959970617754
L2_price+L5_pyramid,89,2026-03,-500.54391187436795,-0.010010878237487359
L2_price+L5_pyramid,89,2026-04,469.26735260035,0.009385347052007
L2_price+L5_pyramid,89,2026-05,-747.2669794107433,-0.014945339588214866
L2_price+L5_pyramid,89,2026-06,18.92020750264055,0.00037840415005281104
L2_price+L5_pyramid,89,2026-07,-11.998130341752585,-0.0002399626068350517
L2_price+L5_pyramid,90,2025-08,-285.94239760978417,-0.005718847952195683
L2_price+L5_pyramid,90,2025-09,-11.177057653469092,-0.00022354115306938183
L2_price+L5_pyramid,90,2025-10,79.56299001261596,0.001591259800252319
L2_price+L5_pyramid,90,2025-11,-399.62788673667546,-0.00799255773473351
L2_price+L5_pyramid,90,2025-12,-39.696217519833226,-0.0007939243503966645
L2_price+L5_pyramid,90,2026-01,1041.5864935219288,0.020831729870438576
L2_price+L5_pyramid,90,2026-02,1117.519084559216,0.02235038169118432
L2_price+L5_pyramid,90,2026-03,-698.2249655334399,-0.013964499310668798
L2_price+L5_pyramid,90,2026-04,-237.22394167507537,-0.004744478833501507
L2_price+L5_pyramid,90,2026-05,1961.0253706094109,0.039220507412188216
L2_price+L5_pyramid,90,2026-06,-323.2473804051806,-0.006464947608103612
L2_price+L5_pyramid,90,2026-07,-163.10249771950384,-0.003262049954390077
L2_price+L5_pyramid,91,2025-08,-66.95184206664544,-0.0013390368413329088
L2_price+L5_pyramid,91,2025-09,-31.737952233652322,-0.0006347590446730464
L2_price+L5_pyramid,91,2025-10,-20.408072345080654,-0.0004081614469016131
L2_price+L5_pyramid,91,2025-11,-233.5597465104629,-0.004671194930209258
L2_price+L5_pyramid,91,2025-12,-133.03593815927343,-0.0026607187631854687
L2_price+L5_pyramid,91,2026-01,1153.8431663166866,0.023076863326333734
L2_price+L5_pyramid,91,2026-02,292.4458862575566,0.005848917725151132
L2_price+L5_pyramid,91,2026-03,-934.5391208777037,-0.018690782417554074
L2_price+L5_pyramid,91,2026-04,-22.39199294196078,-0.00044783985883921557
L2_price+L5_pyramid,91,2026-05,569.7832542776614,0.011395665085553229
L2_price+L5_pyramid,91,2026-06,-84.67481254083395,-0.0016934962508166791
L2_price+L5_pyramid,91,2026-07,470.03058393019455,0.009400611678603892
L2_price+L5_pyramid,92,2025-08,-988.3530112429089,-0.019767060224858177
L2_price+L5_pyramid,92,2025-09,1289.7184597717733,0.025794369195435464
L2_price+L5_pyramid,92,2025-10,1210.0924964686665,0.02420184992937333
L2_price+L5_pyramid,92,2025-11,-1145.5723754937226,-0.022911447509874453
L2_price+L5_pyramid,92,2025-12,-262.61966626234425,-0.005252393325246885
L2_price+L5_pyramid,92,2026-01,-692.6718158322851,-0.013853436316645703
L2_price+L5_pyramid,92,2026-02,92.77974003041936,0.0018555948006083872
L2_price+L5_pyramid,92,2026-03,-291.7769919615075,-0.0058355398392301505
L2_price+L5_pyramid,92,2026-04,2375.650998898518,0.04751301997797036
L2_price+L5_pyramid,92,2026-05,1095.6263790765406,0.02191252758153081
L2_price+L5_pyramid,92,2026-06,-349.5035129855005,-0.00699007025971001
L2_price+L5_pyramid,92,2026-07,-146.71193370359651,-0.0029342386740719303
L2_price+L5_pyramid,93,2025-08,-407.36000029660136,-0.008147200005932028
L2_price+L5_pyramid,93,2025-09,-147.11921212268044,-0.0029423842424536086
L2_price+L5_pyramid,93,2025-10,-189.48218790755527,-0.0037896437581511054
L2_price+L5_pyramid,93,2025-11,435.38991668518156,0.008707798333703632
L2_price+L5_pyramid,93,2025-12,676.9573785846578,0.013539147571693156
L2_price+L5_pyramid,93,2026-01,-929.2945962611111,-0.018585891925222222
L2_price+L5_pyramid,93,2026-02,119.22954756783747,0.0023845909513567493
L2_price+L5_pyramid,93,2026-03,-146.56083550609037,-0.0029312167101218072
L2_price+L5_pyramid,93,2026-04,99.51788025227961,0.001990357605045592
L2_price+L5_pyramid,93,2026-05,1581.7646338696513,0.031635292677393026
L2_price+L5_pyramid,93,2026-06,-75.81761951963927,-0.0015163523903927853
L2_price+L5_pyramid,93,2026-07,-87.31189088045176,-0.001746237817609035
L2_price+L5_pyramid,94,2025-08,-2543.6172410966014,-0.05087234482193203
L2_price+L5_pyramid,94,2025-09,9.315422298781414,0.00018630844597562827
L2_price+L5_pyramid,94,2025-10,274.2860542310409,0.005485721084620818
L2_price+L5_pyramid,94,2025-11,47.20008233302451,0.0009440016466604902
L2_price+L5_pyramid,94,2025-12,-225.22180836201733,-0.004504436167240346
L2_price+L5_pyramid,94,2026-01,176.15900972188547,0.0035231801944377093
L2_price+L5_pyramid,94,2026-02,-321.8514319813762,-0.006437028639627525
L2_price+L5_pyramid,94,2026-03,-283.0561296713704,-0.005661122593427408
L2_price+L5_pyramid,94,2026-04,3691.9703030909013,0.07383940606181803
L2_price+L5_pyramid,94,2026-05,-297.027574394725,-0.0059405514878945
L2_price+L5_pyramid,94,2026-06,-110.13921149775433,-0.002202784229955087
L2_price+L5_pyramid,94,2026-07,-123.15259157451874,-0.0024630518314903748
L2_price+L5_pyramid,95,2025-08,-430.6217942870353,-0.008612435885740706
L2_price+L5_pyramid,95,2025-09,-594.2485214572316,-0.011884970429144633
L2_price+L5_pyramid,95,2025-10,-101.79554709567492,-0.0020359109419134983
L2_price+L5_pyramid,95,2025-11,-8.246431406924785,-0.0001649286281384957
L2_price+L5_pyramid,95,2025-12,-35.31318636969809,-0.0007062637273939617
L2_price+L5_pyramid,95,2026-01,-677.9016946505299,-0.013558033893010597
L2_price+L5_pyramid,95,2026-02,161.64216837426738,0.0032328433674853477
L2_price+L5_pyramid,95,2026-03,-455.2991408047292,-0.009105982816094583
L2_price+L5_pyramid,95,2026-04,32.327620483095416,0.0006465524096619083
L2_price+L5_pyramid,95,2026-05,-1197.9692728302098,-0.023959385456604195
L2_price+L5_pyramid,95,2026-06,-32.91641453387365,-0.000658328290677473
L2_price+L5_pyramid,95,2026-07,-235.28153352415939,-0.004705630670483188
L2_price+L5_pyramid,96,2025-08,-858.216500707822,-0.01716433001415644
L2_price+L5_pyramid,96,2025-09,-119.11905693889184,-0.0023823811387778367
L2_price+L5_pyramid,96,2025-10,68.51144749221112,0.0013702289498442224
L2_price+L5_pyramid,96,2025-11,-495.8571605228253,-0.009917143210456506
L2_price+L5_pyramid,96,2025-12,-131.72877756282378,-0.0026345755512564755
L2_price+L5_pyramid,96,2026-01,-319.3002249552478,-0.006386004499104956
L2_price+L5_pyramid,96,2026-02,546.8320188172634,0.010936640376345267
L2_price+L5_pyramid,96,2026-03,-697.2224648427145,-0.01394444929685429
L2_price+L5_pyramid,96,2026-04,2344.805112824818,0.04689610225649636
L2_price+L5_pyramid,96,2026-05,318.16066224671977,0.006363213244934395
L2_price+L5_pyramid,96,2026-06,-261.72536068416593,-0.005234507213683319
L2_price+L5_pyramid,96,2026-07,26.879122401752284,0.0005375824480350457
L2_price+L5_pyramid,97,2025-08,-649.330934324219,-0.01298661868648438
L2_price+L5_pyramid,97,2025-09,-388.5995492645634,-0.007771990985291268
L2_price+L5_pyramid,97,2025-10,28.467807667818306,0.0005693561533563662
L2_price+L5_pyramid,97,2025-11,411.78527060915803,0.00823570541218316
L2_price+L5_pyramid,97,2025-12,-285.6603285880392,-0.005713206571760784
L2_price+L5_pyramid,97,2026-01,269.7186523029641,0.0053943730460592814
L2_price+L5_pyramid,97,2026-02,1536.9050970475519,0.030738101940951036
L2_price+L5_pyramid,97,2026-03,-1223.2449122203352,-0.024464898244406705
L2_price+L5_pyramid,97,2026-04,821.0489275638975,0.01642097855127795
L2_price+L5_pyramid,97,2026-05,32.793443819059576,0.0006558688763811916
L2_price+L5_pyramid,97,2026-06,-68.1819259498343,-0.0013636385189966858
L2_price+L5_pyramid,97,2026-07,-427.15226178440753,-0.00854304523568815
L2_price+L5_pyramid,98,2025-08,-227.84482814744752,-0.00455689656294895
L2_price+L5_pyramid,98,2025-09,1543.3369355315408,0.030866738710630816
L2_price+L5_pyramid,98,2025-10,693.7821944493326,0.013875643888986652
L2_price+L5_pyramid,98,2025-11,-178.41529047661606,-0.0035683058095323213
L2_price+L5_pyramid,98,2025-12,-255.69842991609767,-0.005113968598321954
L2_price+L5_pyramid,98,2026-01,19.1808786716947,0.000383617573433894
L2_price+L5_pyramid,98,2026-02,-79.15138186326112,-0.0015830276372652225
L2_price+L5_pyramid,98,2026-03,-362.9944914889429,-0.007259889829778858
L2_price+L5_pyramid,98,2026-04,-48.52663245409258,-0.0009705326490818516
L2_price+L5_pyramid,98,2026-05,1994.8553184862858,0.03989710636972572
L2_price+L5_pyramid,98,2026-06,-562.8507635920614,-0.011257015271841229
L2_price+L5_pyramid,98,2026-07,-335.00488875640895,-0.006700097775128179
L2_price+L5_pyramid,99,2025-08,4.392768561214325,8.78553712242865e-05
L2_price+L5_pyramid,99,2025-09,951.2456919995684,0.01902491383999137
L2_price+L5_pyramid,99,2025-10,356.1209868484175,0.00712241973696835
L2_price+L5_pyramid,99,2025-11,-1437.3890225019577,-0.028747780450039152
L2_price+L5_pyramid,99,2025-12,-866.8380912201819,-0.017336761824403638
L2_price+L5_pyramid,99,2026-01,299.98699901212603,0.00599973998024252
L2_price+L5_pyramid,99,2026-02,-252.8553028712804,-0.005057106057425608
L2_price+L5_pyramid,99,2026-03,604.2707027032629,0.012085414054065258
L2_price+L5_pyramid,99,2026-04,2153.422293225304,0.04306844586450608
L2_price+L5_pyramid,99,2026-05,-425.2029922810634,-0.008504059845621269
L2_price+L5_pyramid,99,2026-06,2068.978314404214,0.04137956628808428
L2_price+L5_pyramid,99,2026-07,-45.05213737570921,-0.0009010427475141841
L3_pullback+L4_regime,0,2025-08,-4.842445498339657,-9.684890996679314e-05
L3_pullback+L4_regime,0,2025-09,3829.565223180026,0.07659130446360052
L3_pullback+L4_regime,0,2025-10,336.4612080511197,0.006729224161022394
L3_pullback+L4_regime,0,2025-11,-569.4830577651983,-0.011389661155303966
L3_pullback+L4_regime,0,2025-12,-97.38055959690973,-0.0019476111919381946
L3_pullback+L4_regime,0,2026-01,62.79719820264927,0.0012559439640529855
L3_pullback+L4_regime,0,2026-02,-100.9935929103076,-0.002019871858206152
L3_pullback+L4_regime,0,2026-03,-1801.7125166268997,-0.036034250332537994
L3_pullback+L4_regime,0,2026-04,47.40409009889845,0.000948081801977969
L3_pullback+L4_regime,0,2026-05,2252.011259648916,0.045040225192978324
L3_pullback+L4_regime,0,2026-06,-997.7397644395396,-0.01995479528879079
L3_pullback+L4_regime,0,2026-07,155.46781092771835,0.003109356218554367
L3_pullback+L4_regime,1,2025-08,-224.75315489078002,-0.004495063097815601
L3_pullback+L4_regime,1,2025-09,331.3434613636764,0.006626869227273528
L3_pullback+L4_regime,1,2025-10,65.11977941620535,0.001302395588324107
L3_pullback+L4_regime,1,2025-11,-375.5591956236076,-0.007511183912472152
L3_pullback+L4_regime,1,2025-12,-54.18251530735597,-0.0010836503061471194
L3_pullback+L4_regime,1,2026-01,-538.4637017204659,-0.010769274034409318
L3_pullback+L4_regime,1,2026-02,145.83153634984592,0.0029166307269969183
L3_pullback+L4_regime,1,2026-03,-370.12811533597323,-0.007402562306719465
L3_pullback+L4_regime,1,2026-04,-6.509310511634794,-0.00013018621023269588
L3_pullback+L4_regime,1,2026-05,93.13034721833083,0.0018626069443666165
L3_pullback+L4_regime,1,2026-06,9.691114877336076,0.00019382229754672152
L3_pullback+L4_regime,1,2026-07,212.55484548032382,0.004251096909606476
L3_pullback+L4_regime,2,2025-08,352.3183105470571,0.007046366210941141
L3_pullback+L4_regime,2,2025-09,2822.5809532572557,0.05645161906514511
L3_pullback+L4_regime,2,2025-10,597.4428769664437,0.011948857539328873
L3_pullback+L4_regime,2,2025-11,-953.7410187221303,-0.019074820374442608
L3_pullback+L4_regime,2,2025-12,129.30221310025263,0.0025860442620050527
L3_pullback+L4_regime,2,2026-01,692.2878429145112,0.013845756858290224
L3_pullback+L4_regime,2,2026-02,274.3987600512437,0.005487975201024874
L3_pullback+L4_regime,2,2026-03,-424.30899457417945,-0.008486179891483588
L3_pullback+L4_regime,2,2026-04,341.0307035753085,0.00682061407150617
L3_pullback+L4_regime,2,2026-05,1093.1309877227086,0.021862619754454173
L3_pullback+L4_regime,2,2026-06,-507.2437161872349,-0.010144874323744698
L3_pullback+L4_regime,2,2026-07,126.41654931249741,0.002528330986249948
L3_pullback+L4_regime,3,2025-08,521.7639934003337,0.010435279868006674
L3_pullback+L4_regime,3,2025-09,1222.9069175389668,0.024458138350779337
L3_pullback+L4_regime,3,2025-10,864.3756190160193,0.017287512380320388
L3_pullback+L4_regime,3,2025-11,-1090.9362856997268,-0.021818725713994534
L3_pullback+L4_regime,3,2025-12,81.57743230140295,0.001631548646028059
L3_pullback+L4_regime,3,2026-01,45.44206194799335,0.000908841238959867
L3_pullback+L4_regime,3,2026-02,356.16275712242987,0.007123255142448597
L3_pullback+L4_regime,3,2026-03,-547.025968626228,-0.010940519372524559
L3_pullback+L4_regime,3,2026-04,145.40803432544544,0.0029081606865089087
L3_pullback+L4_regime,3,2026-05,767.6489378478018,0.015352978756956036
L3_pullback+L4_regime,3,2026-06,-186.60202237308386,-0.003732040447461677
L3_pullback+L4_regime,3,2026-07,234.2061078287188,0.0046841221565743765
L3_pullback+L4_regime,4,2025-08,1399.8130442490474,0.027996260884980948
L3_pullback+L4_regime,4,2025-09,531.6975316432263,0.010633950632864526
L3_pullback+L4_regime,4,2025-10,1619.7217817903802,0.03239443563580761
L3_pullback+L4_regime,4,2025-11,-2400.9316794108454,-0.04801863358821691
L3_pullback+L4_regime,4,2025-12,-399.68934330093816,-0.007993786866018763
L3_pullback+L4_regime,4,2026-01,426.90625262459525,0.008538125052491905
L3_pullback+L4_regime,4,2026-02,107.94484811105212,0.0021588969622210424
L3_pullback+L4_regime,4,2026-03,-236.01025612261037,-0.004720205122452207
L3_pullback+L4_regime,4,2026-04,304.09462820427416,0.006081892564085483
L3_pullback+L4_regime,4,2026-05,708.160121966187,0.01416320243932374
L3_pullback+L4_regime,4,2026-06,1424.684641596733,0.028493692831934658
L3_pullback+L4_regime,4,2026-07,-203.75700314916412,-0.004075140062983282
L3_pullback+L4_regime,5,2025-08,470.92557473932084,0.009418511494786416
L3_pullback+L4_regime,5,2025-09,357.48516759834,0.007149703351966801
L3_pullback+L4_regime,5,2025-10,258.05181159109634,0.005161036231821927
L3_pullback+L4_regime,5,2025-11,327.55444594670644,0.0065510889189341285
L3_pullback+L4_regime,5,2025-12,-59.1776378236882,-0.001183552756473764
L3_pullback+L4_regime,5,2026-01,144.77418582417886,0.0028954837164835772
L3_pullback+L4_regime,5,2026-02,-188.55889804318213,-0.0037711779608636427
L3_pullback+L4_regime,5,2026-03,-34.58382149945828,-0.0006916764299891656
L3_pullback+L4_regime,5,2026-04,465.1391567756591,0.009302783135513183
L3_pullback+L4_regime,5,2026-05,-665.8224916769759,-0.013316449833539518
L3_pullback+L4_regime,5,2026-06,22.758077908265477,0.00045516155816530953
L3_pullback+L4_regime,5,2026-07,244.1353754124193,0.004882707508248386
L3_pullback+L4_regime,6,2025-08,293.0308975427615,0.005860617950855231
L3_pullback+L4_regime,6,2025-09,1595.1298208664984,0.03190259641732997
L3_pullback+L4_regime,6,2025-10,-649.1467659784748,-0.012982935319569497
L3_pullback+L4_regime,6,2025-11,-443.2810640772768,-0.008865621281545536
L3_pullback+L4_regime,6,2025-12,-10.974074581983587,-0.00021948149163967173
L3_pullback+L4_regime,6,2026-01,-159.91743646599025,-0.003198348729319805
L3_pullback+L4_regime,6,2026-02,28.942908917925706,0.0005788581783585142
L3_pullback+L4_regime,6,2026-03,-413.8628598525547,-0.008277257197051094
L3_pullback+L4_regime,6,2026-04,357.8296463064389,0.0071565929261287785
L3_pullback+L4_regime,6,2026-05,1456.150553678318,0.02912301107356636
L3_pullback+L4_regime,6,2026-06,-972.9362118907502,-0.019458724237815004
L3_pullback+L4_regime,6,2026-07,54.928755981720315,0.0010985751196344062
L3_pullback+L4_regime,7,2025-08,26.608054983326838,0.0005321610996665367
L3_pullback+L4_regime,7,2025-09,-6.712076076395533,-0.00013424152152791065
L3_pullback+L4_regime,7,2025-10,510.83536578201347,0.01021670731564027
L3_pullback+L4_regime,7,2025-11,-182.39144088070407,-0.003647828817614081
L3_pullback+L4_regime,7,2025-12,253.70845530003044,0.005074169106000608
L3_pullback+L4_regime,7,2026-01,772.0034942743314,0.015440069885486627
L3_pullback+L4_regime,7,2026-02,-503.02938692958287,-0.010060587738591658
L3_pullback+L4_regime,7,2026-03,68.3070990528804,0.0013661419810576082
L3_pullback+L4_regime,7,2026-04,444.7867003633901,0.008895734007267802
L3_pullback+L4_regime,7,2026-05,-506.0246987818982,-0.010120493975637964
L3_pullback+L4_regime,7,2026-06,-420.4862641016298,-0.008409725282032595
L3_pullback+L4_regime,7,2026-07,160.44473104041754,0.003208894620808351
L3_pullback+L4_regime,8,2025-08,233.63604361343369,0.004672720872268674
L3_pullback+L4_regime,8,2025-09,2574.2509908060783,0.051485019816121566
L3_pullback+L4_regime,8,2025-10,1439.4291965463608,0.028788583930927217
L3_pullback+L4_regime,8,2025-11,148.45732978140586,0.0029691465956281173
L3_pullback+L4_regime,8,2025-12,8.71633788291092,0.0001743267576582184
L3_pullback+L4_regime,8,2026-01,740.0511808011888,0.014801023616023777
L3_pullback+L4_regime,8,2026-02,-723.7474344950087,-0.014474948689900175
L3_pullback+L4_regime,8,2026-03,-1089.113601985784,-0.02178227203971568
L3_pullback+L4_regime,8,2026-04,252.99910215106502,0.0050599820430213
L3_pullback+L4_regime,8,2026-05,685.174383184305,0.013703487663686101
L3_pullback+L4_regime,8,2026-06,74.3282855147645,0.00148656571029529
L3_pullback+L4_regime,8,2026-07,533.8301927221155,0.01067660385444231
L3_pullback+L4_regime,9,2025-08,410.51011687224127,0.008210202337444825
L3_pullback+L4_regime,9,2025-09,2873.841870234879,0.057476837404697584
L3_pullback+L4_regime,9,2025-10,-902.8950725500099,-0.018057901451000197
L3_pullback+L4_regime,9,2025-11,-1087.0405275361281,-0.021740810550722564
L3_pullback+L4_regime,9,2025-12,-68.79445424557525,-0.001375889084911505
L3_pullback+L4_regime,9,2026-01,-496.44992041814476,-0.009928998408362895
L3_pullback+L4_regime,9,2026-02,91.46107557293726,0.0018292215114587452
L3_pullback+L4_regime,9,2026-03,-322.690247432648,-0.00645380494865296
L3_pullback+L4_regime,9,2026-04,338.34693550818247,0.006766938710163649
L3_pullback+L4_regime,9,2026-05,1502.6311867259647,0.030052623734519293
L3_pullback+L4_regime,9,2026-06,-1005.2417206866076,-0.02010483441373215
L3_pullback+L4_regime,9,2026-07,-7.639319304728815,-0.0001527863860945763
L3_pullback+L4_regime,10,2025-08,1.246650472240617,2.4933009444812343e-05
L3_pullback+L4_regime,10,2025-09,186.4400711732169,0.0037288014234643377
L3_pullback+L4_regime,10,2025-10,530.3269295369373,0.010606538590738747
L3_pullback+L4_regime,10,2025-11,-472.2059129931258,-0.009444118259862517
L3_pullback+L4_regime,10,2025-12,-223.53756921721197,-0.004470751384344239
L3_pullback+L4_regime,10,2026-01,2091.201396442315,0.0418240279288463
L3_pullback+L4_regime,10,2026-02,440.6175191025459,0.008812350382050917
L3_pullback+L4_regime,10,2026-03,-593.9431481990086,-0.011878862963980172
L3_pullback+L4_regime,10,2026-04,567.6057776170856,0.011352115552341712
L3_pullback+L4_regime,10,2026-05,156.33118166135864,0.0031266236332271728
L3_pullback+L4_regime,10,2026-06,115.51018263215246,0.0023102036526430492
L3_pullback+L4_regime,10,2026-07,-94.10177757411748,-0.0018820355514823496
L3_pullback+L4_regime,11,2025-08,-164.00084040523234,-0.0032800168081046467
L3_pullback+L4_regime,11,2025-09,121.9906501120513,0.002439813002241026
L3_pullback+L4_regime,11,2025-10,532.7257951594202,0.010654515903188402
L3_pullback+L4_regime,11,2025-11,-746.9137685464111,-0.014938275370928223
L3_pullback+L4_regime,11,2025-12,-161.37274865811924,-0.0032274549731623847
L3_pullback+L4_regime,11,2026-01,1913.9839515310005,0.03827967903062001
L3_pullback+L4_regime,11,2026-02,-459.26432361893876,-0.009185286472378776
L3_pullback+L4_regime,11,2026-03,-255.81320827994114,-0.0051162641655988226
L3_pullback+L4_regime,11,2026-04,900.8274467283263,0.018016548934566525
L3_pullback+L4_regime,11,2026-05,387.73107910674025,0.007754621582134805
L3_pullback+L4_regime,11,2026-06,-15.136962839396801,-0.000302739256787936
L3_pullback+L4_regime,11,2026-07,-141.0602351632615,-0.00282120470326523
L3_pullback+L4_regime,12,2025-08,235.45277038789663,0.004709055407757933
L3_pullback+L4_regime,12,2025-09,64.5117335579207,0.0012902346711584141
L3_pullback+L4_regime,12,2025-10,-65.29277994789209,-0.0013058555989578417
L3_pullback+L4_regime,12,2025-11,-319.0650330488397,-0.0063813006609767945
L3_pullback+L4_regime,12,2025-12,-163.31782030522118,-0.0032663564061044233
L3_pullback+L4_regime,12,2026-01,217.78785720364795,0.004355757144072959
L3_pullback+L4_regime,12,2026-02,-6.420916143229988,-0.00012841832286459976
L3_pullback+L4_regime,12,2026-03,-175.088155903808,-0.00350176311807616
L3_pullback+L4_regime,12,2026-04,9.701942331389546,0.0001940388466277909
L3_pullback+L4_regime,12,2026-05,168.5386970217878,0.0033707739404357563
L3_pullback+L4_regime,12,2026-06,73.85890983608078,0.0014771781967216158
L3_pullback+L4_regime,12,2026-07,342.1172835940588,0.006842345671881175
L3_pullback+L4_regime,13,2025-08,-184.44639305545843,-0.0036889278611091686
L3_pullback+L4_regime,13,2025-09,1529.946434170476,0.03059892868340952
L3_pullback+L4_regime,13,2025-10,400.7624121978388,0.008015248243956776
L3_pullback+L4_regime,13,2025-11,-945.6097666567548,-0.018912195333135096
L3_pullback+L4_regime,13,2025-12,-424.7525812472022,-0.008495051624944044
L3_pullback+L4_regime,13,2026-01,589.7971125537106,0.011795942251074212
L3_pullback+L4_regime,13,2026-02,-47.724572398690725,-0.0009544914479738145
L3_pullback+L4_regime,13,2026-03,-525.0321858574662,-0.010500643717149323
L3_pullback+L4_regime,13,2026-04,931.0151086326014,0.018620302172652026
L3_pullback+L4_regime,13,2026-05,1382.9598598745515,0.02765919719749103
L3_pullback+L4_regime,13,2026-06,893.3873052142299,0.0178677461042846
L3_pullback+L4_regime,13,2026-07,414.52419176907733,0.008290483835381546
L3_pullback+L4_regime,14,2025-08,165.02837929090765,0.003300567585818153
L3_pullback+L4_regime,14,2025-09,3383.326365663417,0.06766652731326835
L3_pullback+L4_regime,14,2025-10,-189.11834070446275,-0.003782366814089255
L3_pullback+L4_regime,14,2025-11,-531.1828730541929,-0.010623657461083858
L3_pullback+L4_regime,14,2025-12,70.45832119998522,0.0014091664239997044
L3_pullback+L4_regime,14,2026-01,759.2179917114572,0.015184359834229144
L3_pullback+L4_regime,14,2026-02,-23.312954353706118,-0.00046625908707412234
L3_pullback+L4_regime,14,2026-03,-944.7236649971192,-0.018894473299942382
L3_pullback+L4_regime,14,2026-04,751.6687309790441,0.015033374619580882
L3_pullback+L4_regime,14,2026-05,2216.8672836345186,0.04433734567269037
L3_pullback+L4_regime,14,2026-06,-1097.2376791880388,-0.021944753583760777
L3_pullback+L4_regime,14,2026-07,67.1407135614063,0.001342814271228126
L3_pullback+L4_regime,15,2025-08,703.3292590260626,0.014066585180521252
L3_pullback+L4_regime,15,2025-09,2543.575468134278,0.05087150936268556
L3_pullback+L4_regime,15,2025-10,-377.1422497947833,-0.007542844995895666
L3_pullback+L4_regime,15,2025-11,-418.6612520387662,-0.008373225040775324
L3_pullback+L4_regime,15,2025-12,-317.586547068212,-0.00635173094136424
L3_pullback+L4_regime,15,2026-01,289.289313033134,0.00578578626066268
L3_pullback+L4_regime,15,2026-02,-560.6336836927903,-0.011212673673855807
L3_pullback+L4_regime,15,2026-03,-432.96669017164186,-0.008659333803432838
L3_pullback+L4_regime,15,2026-04,983.5472194427384,0.019670944388854767
L3_pullback+L4_regime,15,2026-05,2004.9629151210993,0.04009925830242199
L3_pullback+L4_regime,15,2026-06,38.30173618339268,0.0007660347236678536
L3_pullback+L4_regime,15,2026-07,283.0525768360658,0.005661051536721315
L3_pullback+L4_regime,16,2025-08,293.94753070797105,0.005878950614159421
L3_pullback+L4_regime,16,2025-09,535.6222260006416,0.010712444520012833
L3_pullback+L4_regime,16,2025-10,435.16842619925137,0.008703368523985027
L3_pullback+L4_regime,16,2025-11,-359.06937946520065,-0.007181387589304013
L3_pullback+L4_regime,16,2025-12,-244.85041476250262,-0.004897008295250052
L3_pullback+L4_regime,16,2026-01,961.1511068519703,0.019223022137039407
L3_pullback+L4_regime,16,2026-02,103.9197281028919,0.002078394562057838
L3_pullback+L4_regime,16,2026-03,-341.38100200202734,-0.006827620040040547
L3_pullback+L4_regime,16,2026-04,1092.1829882994316,0.02184365976598863
L3_pullback+L4_regime,16,2026-05,-120.4583821111164,-0.002409167642222328
L3_pullback+L4_regime,16,2026-06,605.8996006232092,0.012117992012464184
L3_pullback+L4_regime,16,2026-07,395.4114482169616,0.007908228964339232
L3_pullback+L4_regime,17,2025-08,-10.255519259322682,-0.00020511038518645364
L3_pullback+L4_regime,17,2025-09,761.9274307695032,0.015238548615390065
L3_pullback+L4_regime,17,2025-10,418.777946552279,0.00837555893104558
L3_pullback+L4_regime,17,2025-11,-1189.3670754048435,-0.02378734150809687
L3_pullback+L4_regime,17,2025-12,-369.78015377214524,-0.007395603075442905
L3_pullback+L4_regime,17,2026-01,523.3521463408752,0.010467042926817502
L3_pullback+L4_regime,17,2026-02,-74.15865191305784,-0.0014831730382611568
L3_pullback+L4_regime,17,2026-03,309.7715251660693,0.006195430503321386
L3_pullback+L4_regime,17,2026-04,259.7856499791633,0.005195712999583266
L3_pullback+L4_regime,17,2026-05,536.8288067169178,0.010736576134338356
L3_pullback+L4_regime,17,2026-06,-121.50074808796035,-0.002430014961759207
L3_pullback+L4_regime,17,2026-07,3.1425025879143504,6.285005175828701e-05
L3_pullback+L4_regime,18,2025-08,-451.4428543238091,-0.009028857086476182
L3_pullback+L4_regime,18,2025-09,-67.93625841100038,-0.0013587251682200077
L3_pullback+L4_regime,18,2025-10,523.1801303602797,0.010463602607205594
L3_pullback+L4_regime,18,2025-11,-821.0386517503903,-0.016420773035007805
L3_pullback+L4_regime,18,2025-12,-339.2613573603976,-0.006785227147207952
L3_pullback+L4_regime,18,2026-01,248.47245211233349,0.00496944904224667
L3_pullback+L4_regime,18,2026-02,455.3692612924133,0.009107385225848266
L3_pullback+L4_regime,18,2026-03,-706.925669104924,-0.014138513382098481
L3_pullback+L4_regime,18,2026-04,931.8534384138575,0.01863706876827715
L3_pullback+L4_regime,18,2026-05,1054.0605761839597,0.021081211523679193
L3_pullback+L4_regime,18,2026-06,991.3331587735202,0.019826663175470403
L3_pullback+L4_regime,18,2026-07,-169.45181906772814,-0.0033890363813545627
L3_pullback+L4_regime,19,2025-08,-95.99198650096423,-0.0019198397300192846
L3_pullback+L4_regime,19,2025-09,1686.7357827863243,0.033734715655726485
L3_pullback+L4_regime,19,2025-10,1043.1173136169136,0.020862346272338274
L3_pullback+L4_regime,19,2025-11,-1500.3999354404277,-0.030007998708808555
L3_pullback+L4_regime,19,2025-12,-98.54277251501662,-0.0019708554503003323
L3_pullback+L4_regime,19,2026-01,818.4973876473259,0.016369947752946517
L3_pullback+L4_regime,19,2026-02,129.30727444413333,0.0025861454888826668
L3_pullback+L4_regime,19,2026-03,-260.3498243524318,-0.005206996487048637
L3_pullback+L4_regime,19,2026-04,89.65896126208645,0.001793179225241729
L3_pullback+L4_regime,19,2026-05,630.7240890365565,0.01261448178073113
L3_pullback+L4_regime,19,2026-06,-190.34181824635016,-0.003806836364927003
L3_pullback+L4_regime,19,2026-07,235.85828818598839,0.004717165763719768
L3_pullback+L4_regime,20,2025-08,-919.4803115358154,-0.01838960623071631
L3_pullback+L4_regime,20,2025-09,1765.6589778165371,0.035313179556330745
L3_pullback+L4_regime,20,2025-10,881.3693399398753,0.017627386798797506
L3_pullback+L4_regime,20,2025-11,-666.2073170945628,-0.013324146341891255
L3_pullback+L4_regime,20,2025-12,-10.331950076928479,-0.00020663900153856956
L3_pullback+L4_regime,20,2026-01,367.7135016913571,0.007354270033827143
L3_pullback+L4_regime,20,2026-02,178.15803760815197,0.0035631607521630394
L3_pullback+L4_regime,20,2026-03,-957.2345878960195,-0.01914469175792039
L3_pullback+L4_regime,20,2026-04,434.4252509838652,0.008688505019677304
L3_pullback+L4_regime,20,2026-05,697.7061102330536,0.01395412220466107
L3_pullback+L4_regime,20,2026-06,-13.144109741218017,-0.00026288219482436035
L3_pullback+L4_regime,20,2026-07,193.5274300358151,0.003870548600716302
L3_pullback+L4_regime,21,2025-08,59.91803200070717,0.0011983606400141433
L3_pullback+L4_regime,21,2025-09,108.6517089266572,0.002173034178533144
L3_pullback+L4_regime,21,2025-10,-22.921393317375987,-0.00045842786634751973
L3_pullback+L4_regime,21,2025-11,-608.816934670368,-0.012176338693407361
L3_pullback+L4_regime,21,2025-12,-327.24434849582485,-0.006544886969916497
L3_pullback+L4_regime,21,2026-01,363.29511880183054,0.007265902376036611
L3_pullback+L4_regime,21,2026-02,-15.486646217004818,-0.00030973292434009633
L3_pullback+L4_regime,21,2026-03,-453.6230378786968,-0.009072460757573935
L3_pullback+L4_regime,21,2026-04,507.2942991164564,0.010145885982329128
L3_pullback+L4_regime,21,2026-05,-13.262438908623153,-0.00026524877817246304
L3_pullback+L4_regime,21,2026-06,36.8775418486357,0.000737550836972714
L3_pullback+L4_regime,21,2026-07,113.59319268989111,0.002271863853797822
L3_pullback+L4_regime,22,2025-08,-61.66100229240783,-0.0012332200458481566
L3_pullback+L4_regime,22,2025-09,414.74252786008583,0.008294850557201717
L3_pullback+L4_regime,22,2025-10,388.59614375331057,0.007771922875066211
L3_pullback+L4_regime,22,2025-11,221.90381564021573,0.004438076312804315
L3_pullback+L4_regime,22,2025-12,112.69475565746961,0.0022538951131493923
L3_pullback+L4_regime,22,2026-01,-186.96789342780994,-0.0037393578685561988
L3_pullback+L4_regime,22,2026-02,-61.629344068832324,-0.0012325868813766465
L3_pullback+L4_regime,22,2026-03,-260.8548210799063,-0.005217096421598125
L3_pullback+L4_regime,22,2026-04,154.2402211275803,0.003084804422551606
L3_pullback+L4_regime,22,2026-05,-261.7477401541728,-0.005234954803083456
L3_pullback+L4_regime,22,2026-06,-218.33192235494425,-0.004366638447098885
L3_pullback+L4_regime,22,2026-07,38.698962079895864,0.0007739792415979173
L3_pullback+L4_regime,23,2025-08,37.93635203368194,0.0007587270406736389
L3_pullback+L4_regime,23,2025-09,1639.0700958915613,0.03278140191783123
L3_pullback+L4_regime,23,2025-10,952.759065930085,0.019055181318601698
L3_pullback+L4_regime,23,2025-11,-281.71911866848404,-0.005634382373369681
L3_pullback+L4_regime,23,2025-12,327.92921670240776,0.006558584334048156
L3_pullback+L4_regime,23,2026-01,513.7410011657485,0.010274820023314968
L3_pullback+L4_regime,23,2026-02,-423.0711275600097,-0.008461422551200195
L3_pullback+L4_regime,23,2026-03,-239.1814739331212,-0.004783629478662424
L3_pullback+L4_regime,23,2026-04,355.63773458629566,0.007112754691725913
L3_pullback+L4_regime,23,2026-05,633.4220500301162,0.012668441000602325
L3_pullback+L4_regime,23,2026-06,-418.358164801818,-0.00836716329603636
L3_pullback+L4_regime,23,2026-07,741.2862323390236,0.014825724646780473
L3_pullback+L4_regime,24,2025-08,-119.34564200127625,-0.002386912840025525
L3_pullback+L4_regime,24,2025-09,315.74456855543576,0.006314891371108715
L3_pullback+L4_regime,24,2025-10,66.85291081065134,0.0013370582162130268
L3_pullback+L4_regime,24,2025-11,-486.7865329566257,-0.009735730659132514
L3_pullback+L4_regime,24,2025-12,-124.77139411089047,-0.0024954278822178094
L3_pullback+L4_regime,24,2026-01,-117.9295286524657,-0.002358590573049314
L3_pullback+L4_regime,24,2026-02,28.333018240923593,0.0005666603648184718
L3_pullback+L4_regime,24,2026-03,-160.62630329940475,-0.003212526065988095
L3_pullback+L4_regime,24,2026-04,337.7868007433299,0.006755736014866598
L3_pullback+L4_regime,24,2026-05,-335.2870285001609,-0.006705740570003217
L3_pullback+L4_regime,24,2026-06,281.3774040120079,0.005627548080240158
L3_pullback+L4_regime,24,2026-07,90.35351723457825,0.001807070344691565
L3_pullback+L4_regime,25,2025-08,-232.14281700966694,-0.004642856340193339
L3_pullback+L4_regime,25,2025-09,487.84961992884746,0.00975699239857695
L3_pullback+L4_regime,25,2025-10,162.45647567076867,0.0032491295134153735
L3_pullback+L4_regime,25,2025-11,308.108602299465,0.0061621720459893005
L3_pullback+L4_regime,25,2025-12,250.92979406786435,0.005018595881357287
L3_pullback+L4_regime,25,2026-01,532.5402069445499,0.010650804138891
L3_pullback+L4_regime,25,2026-02,-65.36534022911837,-0.0013073068045823676
L3_pullback+L4_regime,25,2026-03,-195.01763534133715,-0.003900352706826743
L3_pullback+L4_regime,25,2026-04,312.55200875895116,0.0062510401751790234
L3_pullback+L4_regime,25,2026-05,-168.20929961037746,-0.003364185992207549
L3_pullback+L4_regime,25,2026-06,-52.74609387806595,-0.001054921877561319
L3_pullback+L4_regime,25,2026-07,277.2818802702577,0.005545637605405154
L3_pullback+L4_regime,26,2025-08,-429.44225093362456,-0.008588845018672492
L3_pullback+L4_regime,26,2025-09,-23.001178297462502,-0.00046002356594925
L3_pullback+L4_regime,26,2025-10,408.97310830244805,0.008179462166048961
L3_pullback+L4_regime,26,2025-11,-257.257588473386,-0.00514515176946772
L3_pullback+L4_regime,26,2025-12,-215.0191761490105,-0.00430038352298021
L3_pullback+L4_regime,26,2026-01,211.82105968284122,0.004236421193656825
L3_pullback+L4_regime,26,2026-02,751.9564159294105,0.01503912831858821
L3_pullback+L4_regime,26,2026-03,-127.55294245394452,-0.0025510588490788907
L3_pullback+L4_regime,26,2026-04,10.690322595539328,0.00021380645191078658
L3_pullback+L4_regime,26,2026-05,-369.3247571369484,-0.007386495142738968
L3_pullback+L4_regime,26,2026-06,24.9630388537189,0.000499260777074378
L3_pullback+L4_regime,26,2026-07,244.56286119179185,0.0048912572238358374
L3_pullback+L4_regime,27,2025-08,171.1855853562165,0.0034237117071243303
L3_pullback+L4_regime,27,2025-09,521.7001823535938,0.010434003647071878
L3_pullback+L4_regime,27,2025-10,574.1380522415238,0.011482761044830477
L3_pullback+L4_regime,27,2025-11,298.8201053469993,0.005976402106939986
L3_pullback+L4_regime,27,2025-12,83.09146423040602,0.0016618292846081204
L3_pullback+L4_regime,27,2026-01,244.41406461255065,0.004888281292251013
L3_pullback+L4_regime,27,2026-02,-174.97389983032826,-0.0034994779966065655
L3_pullback+L4_regime,27,2026-03,-134.50028971463416,-0.0026900057942926834
L3_pullback+L4_regime,27,2026-04,361.1037445721122,0.007222074891442244
L3_pullback+L4_regime,27,2026-05,24.530008746222848,0.000490600174924457
L3_pullback+L4_regime,27,2026-06,95.1208882725341,0.001902417765450682
L3_pullback+L4_regime,27,2026-07,151.5668946980486,0.003031337893960972
L3_pullback+L4_regime,28,2025-08,1514.3059408251738,0.030286118816503477
L3_pullback+L4_regime,28,2025-09,1926.749107448114,0.03853498214896228
L3_pullback+L4_regime,28,2025-10,962.1532830216902,0.019243065660433805
L3_pullback+L4_regime,28,2025-11,-1603.569319350956,-0.03207138638701912
L3_pullback+L4_regime,28,2025-12,-76.11664664796717,-0.0015223329329593434
L3_pullback+L4_regime,28,2026-01,-189.6597061866023,-0.003793194123732046
L3_pullback+L4_regime,28,2026-02,-275.71048214215716,-0.005514209642843143
L3_pullback+L4_regime,28,2026-03,-153.46872904602878,-0.0030693745809205757
L3_pullback+L4_regime,28,2026-04,-63.644148836076965,-0.0012728829767215393
L3_pullback+L4_regime,28,2026-05,-385.26197324870463,-0.007705239464974093
L3_pullback+L4_regime,28,2026-06,-107.7161656996168,-0.0021543233139923357
L3_pullback+L4_regime,28,2026-07,168.54601696486588,0.0033709203392973176
L3_pullback+L4_regime,29,2025-08,734.4885669954001,0.014689771339908002
L3_pullback+L4_regime,29,2025-09,166.81742200434837,0.0033363484400869676
L3_pullback+L4_regime,29,2025-10,938.4971063574667,0.018769942127149334
L3_pullback+L4_regime,29,2025-11,-204.26039203867003,-0.004085207840773401
L3_pullback+L4_regime,29,2025-12,-172.81160525685118,-0.0034562321051370237
L3_pullback+L4_regime,29,2026-01,-95.33399819915394,-0.0019066799639830788
L3_pullback+L4_regime,29,2026-02,336.44821784022133,0.006728964356804427
L3_pullback+L4_regime,29,2026-03,-789.8414817910398,-0.015796829635820794
L3_pullback+L4_regime,29,2026-04,763.72691090639,0.0152745382181278
L3_pullback+L4_regime,29,2026-05,-0.51646175161477,-1.0329235032295401e-05
L3_pullback+L4_regime,29,2026-06,-135.42635218724354,-0.0027085270437448706
L3_pullback+L4_regime,29,2026-07,400.06252776628753,0.00800125055532575
L3_pullback+L4_regime,30,2025-08,-67.21763882288815,-0.001344352776457763
L3_pullback+L4_regime,30,2025-09,395.2986204265944,0.007905972408531888
L3_pullback+L4_regime,30,2025-10,502.1002122427417,0.010042004244854835
L3_pullback+L4_regime,30,2025-11,100.92314107282255,0.002018462821456451
L3_pullback+L4_regime,30,2025-12,-56.453382759038504,-0.0011290676551807702
L3_pullback+L4_regime,30,2026-01,798.4159161404386,0.01596831832280877
L3_pullback+L4_regime,30,2026-02,453.8923531871378,0.009077847063742756
L3_pullback+L4_regime,30,2026-03,95.19615514560519,0.0019039231029121038
L3_pullback+L4_regime,30,2026-04,184.85946994903315,0.003697189398980663
L3_pullback+L4_regime,30,2026-05,482.1515003242839,0.009643030006485679
L3_pullback+L4_regime,30,2026-06,195.31598007814864,0.003906319601562973
L3_pullback+L4_regime,30,2026-07,252.47858540333345,0.005049571708066669
L3_pullback+L4_regime,31,2025-08,-467.3917562380884,-0.00934783512476177
L3_pullback+L4_regime,31,2025-09,723.6041513619048,0.014472083027238096
L3_pullback+L4_regime,31,2025-10,601.48707954581,0.012029741590916201
L3_pullback+L4_regime,31,2025-11,-596.034501643061,-0.011920690032861222
L3_pullback+L4_regime,31,2025-12,-346.61632602860755,-0.006932326520572151
L3_pullback+L4_regime,31,2026-01,420.2881122832605,0.00840576224566521
L3_pullback+L4_regime,31,2026-02,464.6163241663389,0.009292326483326778
L3_pullback+L4_regime,31,2026-03,-500.03714393731025,-0.010000742878746204
L3_pullback+L4_regime,31,2026-04,434.21840244568557,0.008684368048913711
L3_pullback+L4_regime,31,2026-05,705.4540445718485,0.01410908089143697
L3_pullback+L4_regime,31,2026-06,230.5920793778887,0.0046118415875577735
L3_pullback+L4_regime,31,2026-07,10.036677229290945,0.00020073354458581888
L3_pullback+L4_regime,32,2025-08,-152.8287686147978,-0.0030565753722959564
L3_pullback+L4_regime,32,2025-09,934.7656787022215,0.01869531357404443
L3_pullback+L4_regime,32,2025-10,969.2768644033276,0.01938553728806655
L3_pullback+L4_regime,32,2025-11,-1373.5192586036892,-0.027470385172073782
L3_pullback+L4_regime,32,2025-12,-302.8237122226783,-0.006056474244453566
L3_pullback+L4_regime,32,2026-01,1037.6307629755947,0.020752615259511893
L3_pullback+L4_regime,32,2026-02,11.181273115238582,0.00022362546230477164
L3_pullback+L4_regime,32,2026-03,-543.2098120869041,-0.010864196241738082
L3_pullback+L4_regime,32,2026-04,655.448886151963,0.013108977723039261
L3_pullback+L4_regime,32,2026-05,1015.6916457449806,0.02031383291489961
L3_pullback+L4_regime,32,2026-06,1287.9810770840977,0.025759621541681953
L3_pullback+L4_regime,32,2026-07,-79.30865360322423,-0.0015861730720644846
L3_pullback+L4_regime,33,2025-08,57.02096977003657,0.0011404193954007314
L3_pullback+L4_regime,33,2025-09,803.4312214039965,0.01606862442807993
L3_pullback+L4_regime,33,2025-10,-158.88096987070458,-0.0031776193974140917
L3_pullback+L4_regime,33,2025-11,-409.44317611612223,-0.008188863522322445
L3_pullback+L4_regime,33,2025-12,-206.848166031873,-0.00413696332063746
L3_pullback+L4_regime,33,2026-01,1188.3625727984554,0.02376725145596911
L3_pullback+L4_regime,33,2026-02,142.69477101643497,0.0028538954203286993
L3_pullback+L4_regime,33,2026-03,-370.9453076642603,-0.007418906153285207
L3_pullback+L4_regime,33,2026-04,443.09454109524813,0.008861890821904963
L3_pullback+L4_regime,33,2026-05,266.72493110527284,0.005334498622105457
L3_pullback+L4_regime,33,2026-06,-172.22538875819282,-0.0034445077751638566
L3_pullback+L4_regime,33,2026-07,673.1149728337332,0.013462299456674664
L3_pullback+L4_regime,34,2025-08,-90.34206075129259,-0.001806841215025852
L3_pullback+L4_regime,34,2025-09,368.9251141667055,0.00737850228333411
L3_pullback+L4_regime,34,2025-10,163.90772071855645,0.003278154414371129
L3_pullback+L4_regime,34,2025-11,-237.68134709252445,-0.004753626941850489
L3_pullback+L4_regime,34,2025-12,-73.26236002502901,-0.0014652472005005801
L3_pullback+L4_regime,34,2026-01,510.67978559272615,0.010213595711854522
L3_pullback+L4_regime,34,2026-02,337.70215397380707,0.006754043079476141
L3_pullback+L4_regime,34,2026-03,-263.57770670805803,-0.005271554134161161
L3_pullback+L4_regime,34,2026-04,937.5981814501729,0.018751963629003457
L3_pullback+L4_regime,34,2026-05,-462.89237326112107,-0.009257847465222421
L3_pullback+L4_regime,34,2026-06,-390.82339139311534,-0.007816467827862307
L3_pullback+L4_regime,34,2026-07,-162.86911424867412,-0.0032573822849734824
L3_pullback+L4_regime,35,2025-08,-411.9675258758789,-0.008239350517517579
L3_pullback+L4_regime,35,2025-09,90.18321413223475,0.0018036642826446952
L3_pullback+L4_regime,35,2025-10,181.15633401110244,0.0036231266802220488
L3_pullback+L4_regime,35,2025-11,-678.8588775430926,-0.013577177550861852
L3_pullback+L4_regime,35,2025-12,-243.13241251763247,-0.00486264825035265
L3_pullback+L4_regime,35,2026-01,259.0846296822474,0.005181692593644948
L3_pullback+L4_regime,35,2026-02,289.81140651795704,0.005796228130359141
L3_pullback+L4_regime,35,2026-03,-856.9089167670518,-0.017138178335341037
L3_pullback+L4_regime,35,2026-04,-116.06837768064997,-0.0023213675536129996
L3_pullback+L4_regime,35,2026-05,-30.108129185082362,-0.0006021625837016472
L3_pullback+L4_regime,35,2026-06,415.95411761927335,0.008319082352385467
L3_pullback+L4_regime,35,2026-07,-223.04065030590937,-0.004460813006118188
L3_pullback+L4_regime,36,2025-08,281.92008216465547,0.005638401643293109
L3_pullback+L4_regime,36,2025-09,1575.2557985665553,0.031505115971331106
L3_pullback+L4_regime,36,2025-10,1194.8483821673644,0.02389696764334729
L3_pullback+L4_regime,36,2025-11,-1249.1121361763699,-0.024982242723527396
L3_pullback+L4_regime,36,2025-12,-111.48797046036816,-0.0022297594092073633
L3_pullback+L4_regime,36,2026-01,1599.6835132374172,0.03199367026474834
L3_pullback+L4_regime,36,2026-02,-249.79221373127075,-0.004995844274625415
L3_pullback+L4_regime,36,2026-03,-109.12083603176688,-0.002182416720635338
L3_pullback+L4_regime,36,2026-04,-80.38041681654249,-0.0016076083363308498
L3_pullback+L4_regime,36,2026-05,1452.2939399862753,0.029045878799725505
L3_pullback+L4_regime,36,2026-06,78.61726636933327,0.0015723453273866653
L3_pullback+L4_regime,36,2026-07,71.92765973014502,0.0014385531946029004
L3_pullback+L4_regime,37,2025-08,-207.1230978385447,-0.004142461956770894
L3_pullback+L4_regime,37,2025-09,-263.0348712587029,-0.005260697425174057
L3_pullback+L4_regime,37,2025-10,648.3219282568789,0.012966438565137578
L3_pullback+L4_regime,37,2025-11,-1044.8574098448262,-0.020897148196896524
L3_pullback+L4_regime,37,2025-12,-401.8659407273135,-0.00803731881454627
L3_pullback+L4_regime,37,2026-01,-321.47278340969297,-0.006429455668193859
L3_pullback+L4_regime,37,2026-02,128.70294225881298,0.0025740588451762594
L3_pullback+L4_regime,37,2026-03,104.48483290076183,0.0020896966580152367
L3_pullback+L4_regime,37,2026-04,650.0849028158882,0.013001698056317764
L3_pullback+L4_regime,37,2026-05,194.35912977616135,0.003887182595523227
L3_pullback+L4_regime,37,2026-06,985.9817824637094,0.019719635649274186
L3_pullback+L4_regime,37,2026-07,-153.37655627940603,-0.0030675311255881207
L3_pullback+L4_regime,38,2025-08,34.704252908304625,0.0006940850581660925
L3_pullback+L4_regime,38,2025-09,1677.1375110960398,0.0335427502219208
L3_pullback+L4_regime,38,2025-10,755.4975545712532,0.015109951091425064
L3_pullback+L4_regime,38,2025-11,-498.73751699881996,-0.009974750339976399
L3_pullback+L4_regime,38,2025-12,175.0984090342772,0.003501968180685544
L3_pullback+L4_regime,38,2026-01,864.2923824834215,0.01728584764966843
L3_pullback+L4_regime,38,2026-02,199.61091641300754,0.0039922183282601505
L3_pullback+L4_regime,38,2026-03,-537.7301870759638,-0.010754603741519276
L3_pullback+L4_regime,38,2026-04,-33.586642900417246,-0.0006717328580083449
L3_pullback+L4_regime,38,2026-05,892.8438393244342,0.017856876786488684
L3_pullback+L4_regime,38,2026-06,-250.20823173154895,-0.005004164634630979
L3_pullback+L4_regime,38,2026-07,217.50231406196235,0.004350046281239247
L3_pullback+L4_regime,39,2025-08,534.7806543384249,0.010695613086768498
L3_pullback+L4_regime,39,2025-09,834.3103309831922,0.016686206619663843
L3_pullback+L4_regime,39,2025-10,873.7526794191226,0.01747505358838245
L3_pullback+L4_regime,39,2025-11,-1352.9859584091155,-0.02705971916818231
L3_pullback+L4_regime,39,2025-12,-548.214408976678,-0.010964288179533559
L3_pullback+L4_regime,39,2026-01,-212.75640413825113,-0.004255128082765023
L3_pullback+L4_regime,39,2026-02,165.25029563102726,0.0033050059126205453
L3_pullback+L4_regime,39,2026-03,-995.1928098230574,-0.019903856196461147
L3_pullback+L4_regime,39,2026-04,397.25220361873653,0.007945044072374731
L3_pullback+L4_regime,39,2026-05,-7.241756423092738,-0.00014483512846185477
L3_pullback+L4_regime,39,2026-06,-20.932730973235266,-0.0004186546194647053
L3_pullback+L4_regime,39,2026-07,68.6117139186963,0.0013722342783739259
L3_pullback+L4_regime,40,2025-08,29.22989023773789,0.0005845978047547578
L3_pullback+L4_regime,40,2025-09,2787.04609121034,0.0557409218242068
L3_pullback+L4_regime,40,2025-10,1284.8337763106538,0.025696675526213075
L3_pullback+L4_regime,40,2025-11,-1943.209960655956,-0.03886419921311912
L3_pullback+L4_regime,40,2025-12,-714.6729158770122,-0.014293458317540244
L3_pullback+L4_regime,40,2026-01,730.1581762645301,0.014603163525290602
L3_pullback+L4_regime,40,2026-02,-285.7691560654048,-0.005715383121308096
L3_pullback+L4_regime,40,2026-03,28.662022260334197,0.0005732404452066839
L3_pullback+L4_regime,40,2026-04,1434.877544542247,0.02869755089084494
L3_pullback+L4_regime,40,2026-05,1484.340560763926,0.02968681121527852
L3_pullback+L4_regime,40,2026-06,810.5350308738916,0.016210700617477834
L3_pullback+L4_regime,40,2026-07,-193.59590060367645,-0.003871918012073529
L3_pullback+L4_regime,41,2025-08,380.57584809342734,0.007611516961868547
L3_pullback+L4_regime,41,2025-09,-53.13453716647564,-0.0010626907433295128
L3_pullback+L4_regime,41,2025-10,526.1063509434025,0.01052212701886805
L3_pullback+L4_regime,41,2025-11,-759.0330807319042,-0.015180661614638083
L3_pullback+L4_regime,41,2025-12,-298.4879386745415,-0.00596975877349083
L3_pullback+L4_regime,41,2026-01,949.1412226196071,0.018982824452392143
L3_pullback+L4_regime,41,2026-02,-140.96273304363785,-0.002819254660872757
L3_pullback+L4_regime,41,2026-03,-841.2022869910188,-0.016824045739820378
L3_pullback+L4_regime,41,2026-04,148.74055893444256,0.0029748111786888514
L3_pullback+L4_regime,41,2026-05,790.3012515428545,0.01580602503085709
L3_pullback+L4_regime,41,2026-06,-297.83437266638157,-0.005956687453327631
L3_pullback+L4_regime,41,2026-07,-96.99164671888502,-0.0019398329343777005
L3_pullback+L4_regime,42,2025-08,-512.737921158383,-0.01025475842316766
L3_pullback+L4_regime,42,2025-09,352.31120780065885,0.007046224156013177
L3_pullback+L4_regime,42,2025-10,36.38712971436962,0.0007277425942873924
L3_pullback+L4_regime,42,2025-11,-1023.8425315957779,-0.02047685063191556
L3_pullback+L4_regime,42,2025-12,39.5362248753745,0.00079072449750749
L3_pullback+L4_regime,42,2026-01,291.0367502588724,0.005820735005177448
L3_pullback+L4_regime,42,2026-02,248.3017116114761,0.0049660342322295215
L3_pullback+L4_regime,42,2026-03,-160.2149038222351,-0.003204298076444702
L3_pullback+L4_regime,42,2026-04,-286.62778151735347,-0.005732555630347069
L3_pullback+L4_regime,42,2026-05,-107.15328071572912,-0.0021430656143145827
L3_pullback+L4_regime,42,2026-06,251.81412074764557,0.005036282414952912
L3_pullback+L4_regime,42,2026-07,84.02617295330037,0.0016805234590660074
L3_pullback+L4_regime,43,2025-08,970.8177044392123,0.019416354088784248
L3_pullback+L4_regime,43,2025-09,702.4778747938599,0.014049557495877198
L3_pullback+L4_regime,43,2025-10,1185.9763330388887,0.023719526660777774
L3_pullback+L4_regime,43,2025-11,-1793.7234069830747,-0.0358744681396615
L3_pullback+L4_regime,43,2025-12,-415.7223755007499,-0.008314447510014998
L3_pullback+L4_regime,43,2026-01,-723.7546765301804,-0.014475093530603608
L3_pullback+L4_regime,43,2026-02,-26.9180777452666,-0.000538361554905332
L3_pullback+L4_regime,43,2026-03,-218.5646136961468,-0.004371292273922936
L3_pullback+L4_regime,43,2026-04,612.295291160538,0.01224590582321076
L3_pullback+L4_regime,43,2026-05,785.264132183177,0.01570528264366354
L3_pullback+L4_regime,43,2026-06,997.3871818089992,0.019947743636179984
L3_pullback+L4_regime,43,2026-07,680.2107318674725,0.013604214637349451
L3_pullback+L4_regime,44,2025-08,137.50600997529455,0.002750120199505891
L3_pullback+L4_regime,44,2025-09,1950.7477874653441,0.039014955749306884
L3_pullback+L4_regime,44,2025-10,161.16745619909398,0.0032233491239818794
L3_pullback+L4_regime,44,2025-11,-633.0043512884713,-0.012660087025769425
L3_pullback+L4_regime,44,2025-12,-96.64986143311035,-0.0019329972286622069
L3_pullback+L4_regime,44,2026-01,1203.0152711110477,0.024060305422220953
L3_pullback+L4_regime,44,2026-02,-806.597431249138,-0.01613194862498276
L3_pullback+L4_regime,44,2026-03,-72.66158990480926,-0.0014532317980961852
L3_pullback+L4_regime,44,2026-04,895.5200128991055,0.01791040025798211
L3_pullback+L4_regime,44,2026-05,83.94066733874752,0.0016788133467749503
L3_pullback+L4_regime,44,2026-06,-113.40050632401562,-0.0022680101264803123
L3_pullback+L4_regime,44,2026-07,77.24434683504114,0.001544886936700823
L3_pullback+L4_regime,45,2025-08,-21.45401145928281,-0.0004290802291856562
L3_pullback+L4_regime,45,2025-09,1269.6846765501405,0.02539369353100281
L3_pullback+L4_regime,45,2025-10,1055.8454549073085,0.02111690909814617
L3_pullback+L4_regime,45,2025-11,-748.3627838358707,-0.014967255676717413
L3_pullback+L4_regime,45,2025-12,35.23136326456461,0.0007046272652912922
L3_pullback+L4_regime,45,2026-01,677.5679310874202,0.013551358621748404
L3_pullback+L4_regime,45,2026-02,359.7010904404515,0.007194021808809029
L3_pullback+L4_regime,45,2026-03,-342.57615466865354,-0.0068515230933730705
L3_pullback+L4_regime,45,2026-04,255.05083259840012,0.005101016651968002
L3_pullback+L4_regime,45,2026-05,740.4590845166404,0.014809181690332808
L3_pullback+L4_regime,45,2026-06,11.658632666445556,0.00023317265332891112
L3_pullback+L4_regime,45,2026-07,299.28361805408167,0.005985672361081633
L3_pullback+L4_regime,46,2025-08,-93.68211298263213,-0.0018736422596526427
L3_pullback+L4_regime,46,2025-09,-158.2064373745552,-0.003164128747491104
L3_pullback+L4_regime,46,2025-10,365.0287918820786,0.0073005758376415725
L3_pullback+L4_regime,46,2025-11,20.95444708578907,0.0004190889417157814
L3_pullback+L4_regime,46,2025-12,-10.530445708885964,-0.00021060891417771927
L3_pullback+L4_regime,46,2026-01,-358.011895150109,-0.00716023790300218
L3_pullback+L4_regime,46,2026-02,342.962303868926,0.0068592460773785205
L3_pullback+L4_regime,46,2026-03,-541.8076743458942,-0.010836153486917884
L3_pullback+L4_regime,46,2026-04,-112.53151258823618,-0.0022506302517647236
L3_pullback+L4_regime,46,2026-05,200.84101333923172,0.004016820266784634
L3_pullback+L4_regime,46,2026-06,-70.95819622738418,-0.0014191639245476836
L3_pullback+L4_regime,46,2026-07,590.8232715602662,0.011816465431205325
L3_pullback+L4_regime,47,2025-08,309.4247242866477,0.006188494485732954
L3_pullback+L4_regime,47,2025-09,2193.2794081644233,0.04386558816328847
L3_pullback+L4_regime,47,2025-10,1171.3351514331916,0.023426703028663832
L3_pullback+L4_regime,47,2025-11,119.79079470566467,0.0023958158941132933
L3_pullback+L4_regime,47,2025-12,-33.9775630995282,-0.0006795512619905639
L3_pullback+L4_regime,47,2026-01,1006.3624240126001,0.020127248480252
L3_pullback+L4_regime,47,2026-02,-358.4553899855009,-0.007169107799710018
L3_pullback+L4_regime,47,2026-03,-1239.503341064522,-0.024790066821290438
L3_pullback+L4_regime,47,2026-04,933.8960942506474,0.01867792188501295
L3_pullback+L4_regime,47,2026-05,617.3028894176614,0.012346057788353227
L3_pullback+L4_regime,47,2026-06,-112.22263915455005,-0.002244452783091001
L3_pullback+L4_regime,47,2026-07,-63.369284736455484,-0.0012673856947291097
L3_pullback+L4_regime,48,2025-08,58.58076825970693,0.0011716153651941386
L3_pullback+L4_regime,48,2025-09,1470.7194269313122,0.029414388538626244
L3_pullback+L4_regime,48,2025-10,786.7721705236299,0.0157354434104726
L3_pullback+L4_regime,48,2025-11,-1087.4157111139775,-0.02174831422227955
L3_pullback+L4_regime,48,2025-12,1.203562718554167,2.407125437108334e-05
L3_pullback+L4_regime,48,2026-01,81.47803010362622,0.0016295606020725244
L3_pullback+L4_regime,48,2026-02,-227.47214586988866,-0.004549442917397773
L3_pullback+L4_regime,48,2026-03,-140.09154502308866,-0.0028018309004617732
L3_pullback+L4_regime,48,2026-04,-96.53185422472689,-0.0019306370844945377
L3_pullback+L4_regime,48,2026-05,674.1110097800702,0.013482220195601403
L3_pullback+L4_regime,48,2026-06,141.7872641211261,0.002835745282422522
L3_pullback+L4_regime,48,2026-07,-419.57380201681735,-0.008391476040336347
L3_pullback+L4_regime,49,2025-08,-441.82142339962047,-0.008836428467992409
L3_pullback+L4_regime,49,2025-09,1965.3436455949604,0.03930687291189921
L3_pullback+L4_regime,49,2025-10,-1041.5638394979724,-0.020831276789959448
L3_pullback+L4_regime,49,2025-11,-677.4702702220952,-0.013549405404441904
L3_pullback+L4_regime,49,2025-12,52.38687675930396,0.0010477375351860792
L3_pullback+L4_regime,49,2026-01,-501.67727670262593,-0.010033545534052519
L3_pullback+L4_regime,49,2026-02,-162.88049509635493,-0.003257609901927099
L3_pullback+L4_regime,49,2026-03,-293.15326225719946,-0.005863065245143989
L3_pullback+L4_regime,49,2026-04,669.3619014380765,0.01338723802876153
L3_pullback+L4_regime,49,2026-05,1515.6580631768602,0.030313161263537204
L3_pullback+L4_regime,49,2026-06,-770.1665879944912,-0.015403331759889824
L3_pullback+L4_regime,49,2026-07,109.7392928868203,0.002194785857736406
L3_pullback+L4_regime,50,2025-08,101.6162722752324,0.002032325445504648
L3_pullback+L4_regime,50,2025-09,1837.5344679788614,0.036750689359577225
L3_pullback+L4_regime,50,2025-10,-824.3890889617223,-0.016487781779234448
L3_pullback+L4_regime,50,2025-11,-321.9546993877284,-0.006439093987754568
L3_pullback+L4_regime,50,2025-12,-297.4343124813413,-0.005948686249626826
L3_pullback+L4_regime,50,2026-01,-241.58566244064968,-0.004831713248812993
L3_pullback+L4_regime,50,2026-02,57.31428642780702,0.0011462857285561405
L3_pullback+L4_regime,50,2026-03,-714.0706726203225,-0.01428141345240645
L3_pullback+L4_regime,50,2026-04,-66.1934853104085,-0.0013238697062081702
L3_pullback+L4_regime,50,2026-05,1387.7182225530587,0.027754364451061175
L3_pullback+L4_regime,50,2026-06,-1069.2373061291164,-0.02138474612258233
L3_pullback+L4_regime,50,2026-07,54.280698420008775,0.0010856139684001756
L3_pullback+L4_regime,51,2025-08,266.28850651694574,0.005325770130338915
L3_pullback+L4_regime,51,2025-09,346.54824073635154,0.006930964814727031
L3_pullback+L4_regime,51,2025-10,858.6756567561742,0.017173513135123487
L3_pullback+L4_regime,51,2025-11,-1101.3925471820194,-0.022027850943640386
L3_pullback+L4_regime,51,2025-12,-315.16642545858576,-0.006303328509171716
L3_pullback+L4_regime,51,2026-01,1169.487634563141,0.02338975269126282
L3_pullback+L4_regime,51,2026-02,399.662636957989,0.00799325273915978
L3_pullback+L4_regime,51,2026-03,-1027.0040193839277,-0.020540080387678555
L3_pullback+L4_regime,51,2026-04,256.0517247447151,0.005121034494894302
L3_pullback+L4_regime,51,2026-05,714.0942530608509,0.014281885061217017
L3_pullback+L4_regime,51,2026-06,866.1329046008395,0.01732265809201679
L3_pullback+L4_regime,51,2026-07,138.3418190065304,0.002766836380130608
L3_pullback+L4_regime,52,2025-08,485.5434094007478,0.009710868188014955
L3_pullback+L4_regime,52,2025-09,-9.523914987990793,-0.00019047829975981585
L3_pullback+L4_regime,52,2025-10,597.303373871523,0.011946067477430461
L3_pullback+L4_regime,52,2025-11,-955.498203300539,-0.01910996406601078
L3_pullback+L4_regime,52,2025-12,-34.54813444024694,-0.0006909626888049388
L3_pullback+L4_regime,52,2026-01,83.78166488375427,0.0016756332976750855
L3_pullback+L4_regime,52,2026-02,590.6417955502884,0.011812835911005768
L3_pullback+L4_regime,52,2026-03,-937.2739745714434,-0.01874547949142887
L3_pullback+L4_regime,52,2026-04,437.7372731872638,0.008754745463745276
L3_pullback+L4_regime,52,2026-05,564.462126943391,0.01128924253886782
L3_pullback+L4_regime,52,2026-06,46.425987792986234,0.0009285197558597247
L3_pullback+L4_regime,52,2026-07,529.0680196479407,0.010581360392958813
L3_pullback+L4_regime,53,2025-08,-58.301812540431456,-0.0011660362508086291
L3_pullback+L4_regime,53,2025-09,2884.0672184911264,0.05768134436982253
L3_pullback+L4_regime,53,2025-10,1679.3870239133412,0.03358774047826683
L3_pullback+L4_regime,53,2025-11,-537.7614525075287,-0.010755229050150574
L3_pullback+L4_regime,53,2025-12,177.48795031553345,0.003549759006310669
L3_pullback+L4_regime,53,2026-01,721.9594917172299,0.014439189834344597
L3_pullback+L4_regime,53,2026-02,-512.8609222655141,-0.010257218445310282
L3_pullback+L4_regime,53,2026-03,-852.3212360951475,-0.017046424721902948
L3_pullback+L4_regime,53,2026-04,812.0880872781345,0.01624176174556269
L3_pullback+L4_regime,53,2026-05,1128.2378240394064,0.022564756480788126
L3_pullback+L4_regime,53,2026-06,-230.57916541572467,-0.0046115833083144936
L3_pullback+L4_regime,53,2026-07,129.54561670386283,0.0025909123340772566
L3_pullback+L4_regime,54,2025-08,-57.29200923054941,-0.0011458401846109881
L3_pullback+L4_regime,54,2025-09,85.02782122710323,0.0017005564245420647
L3_pullback+L4_regime,54,2025-10,64.6024136898659,0.001292048273797318
L3_pullback+L4_regime,54,2025-11,50.761522620684445,0.001015230452413689
L3_pullback+L4_regime,54,2025-12,-71.70420933496189,-0.0014340841866992379
L3_pullback+L4_regime,54,2026-01,190.00969009516757,0.0038001938019033513
L3_pullback+L4_regime,54,2026-02,365.25753356956284,0.007305150671391257
L3_pullback+L4_regime,54,2026-03,-52.34757082881606,-0.0010469514165763211
L3_pullback+L4_regime,54,2026-04,243.9927292105367,0.004879854584210734
L3_pullback+L4_regime,54,2026-05,128.68268464724497,0.0025736536929448993
L3_pullback+L4_regime,54,2026-06,142.76906152723404,0.0028553812305446807
L3_pullback+L4_regime,54,2026-07,10.893431743555993,0.00021786863487111986
L3_pullback+L4_regime,55,2025-08,211.7865571062339,0.004235731142124678
L3_pullback+L4_regime,55,2025-09,-31.14069382992693,-0.0006228138765985386
L3_pullback+L4_regime,55,2025-10,46.96356371609363,0.0009392712743218726
L3_pullback+L4_regime,55,2025-11,-28.203713242653066,-0.0005640742648530613
L3_pullback+L4_regime,55,2025-12,-145.41744698559887,-0.0029083489397119773
L3_pullback+L4_regime,55,2026-01,-51.58755680702143,-0.0010317511361404286
L3_pullback+L4_regime,55,2026-02,22.33513575562847,0.0004467027151125694
L3_pullback+L4_regime,55,2026-03,-421.5829939955711,-0.008431659879911423
L3_pullback+L4_regime,55,2026-04,233.70309104706848,0.00467406182094137
L3_pullback+L4_regime,55,2026-05,-77.73345476602753,-0.0015546690953205508
L3_pullback+L4_regime,55,2026-06,-89.06078340920249,-0.0017812156681840498
L3_pullback+L4_regime,55,2026-07,105.43784455634159,0.002108756891126832
L3_pullback+L4_regime,56,2025-08,-495.8668733740478,-0.009917337467480957
L3_pullback+L4_regime,56,2025-09,879.1959052192133,0.017583918104384266
L3_pullback+L4_regime,56,2025-10,45.58950714763614,0.0009117901429527228
L3_pullback+L4_regime,56,2025-11,-819.0124921215797,-0.016380249842431596
L3_pullback+L4_regime,56,2025-12,-138.40206998043777,-0.0027680413996087555
L3_pullback+L4_regime,56,2026-01,1341.7611425050327,0.026835222850100655
L3_pullback+L4_regime,56,2026-02,-419.56400879005287,-0.008391280175801057
L3_pullback+L4_regime,56,2026-03,-863.1763051340822,-0.017263526102681646
L3_pullback+L4_regime,56,2026-04,502.9133110582843,0.010058266221165686
L3_pullback+L4_regime,56,2026-05,104.94518431918914,0.0020989036863837828
L3_pullback+L4_regime,56,2026-06,118.49721501234762,0.0023699443002469524
L3_pullback+L4_regime,56,2026-07,-196.12584302100186,-0.003922516860420037
L3_pullback+L4_regime,57,2025-08,442.22850695849684,0.008844570139169937
L3_pullback+L4_regime,57,2025-09,3108.004759359571,0.06216009518719142
L3_pullback+L4_regime,57,2025-10,-688.0705472221425,-0.01376141094444285
L3_pullback+L4_regime,57,2025-11,-1110.8670578278543,-0.022217341156557085
L3_pullback+L4_regime,57,2025-12,-539.4441261003867,-0.010788882522007734
L3_pullback+L4_regime,57,2026-01,-328.75953817761183,-0.006575190763552237
L3_pullback+L4_regime,57,2026-02,-58.56105468644364,-0.0011712210937288728
L3_pullback+L4_regime,57,2026-03,-287.50236362279156,-0.005750047272455832
L3_pullback+L4_regime,57,2026-04,566.6881167718266,0.011333762335436532
L3_pullback+L4_regime,57,2026-05,2146.2025724439627,0.04292405144887925
L3_pullback+L4_regime,57,2026-06,-152.40776798237675,-0.003048155359647535
L3_pullback+L4_regime,57,2026-07,-7.68235797007037,-0.0001536471594014074
L3_pullback+L4_regime,58,2025-08,355.3204815837953,0.007106409631675906
L3_pullback+L4_regime,58,2025-09,3029.997380946842,0.06059994761893684
L3_pullback+L4_regime,58,2025-10,-409.01732622457257,-0.008180346524491452
L3_pullback+L4_regime,58,2025-11,-358.9552086042313,-0.0071791041720846265
L3_pullback+L4_regime,58,2025-12,-168.4676715180267,-0.003369353430360534
L3_pullback+L4_regime,58,2026-01,1071.9925835099748,0.021439851670199496
L3_pullback+L4_regime,58,2026-02,163.69448808756079,0.003273889761751216
L3_pullback+L4_regime,58,2026-03,-548.3734901238658,-0.010967469802477318
L3_pullback+L4_regime,58,2026-04,396.7247998001685,0.00793449599600337
L3_pullback+L4_regime,58,2026-05,2136.62886581822,0.04273257731636441
L3_pullback+L4_regime,58,2026-06,-944.9411386020429,-0.018898822772040857
L3_pullback+L4_regime,58,2026-07,302.8694568318506,0.006057389136637011
L3_pullback+L4_regime,59,2025-08,-554.8926079467028,-0.011097852158934057
L3_pullback+L4_regime,59,2025-09,-65.7108911724572,-0.0013142178234491438
L3_pullback+L4_regime,59,2025-10,-154.61175627994726,-0.0030922351255989453
L3_pullback+L4_regime,59,2025-11,27.306242535806632,0.0005461248507161327
L3_pullback+L4_regime,59,2025-12,-410.08713191588504,-0.0082017426383177
L3_pullback+L4_regime,59,2026-01,940.9859593960937,0.018819719187921875
L3_pullback+L4_regime,59,2026-02,530.5804489421462,0.010611608978842923
L3_pullback+L4_regime,59,2026-03,-888.5740712116785,-0.01777148142423357
L3_pullback+L4_regime,59,2026-04,366.9773981112139,0.007339547962224279
L3_pullback+L4_regime,59,2026-05,258.8603922063421,0.005177207844126842
L3_pullback+L4_regime,59,2026-06,-125.6161103498107,-0.002512322206996214
L3_pullback+L4_regime,59,2026-07,85.22503969058198,0.0017045007938116395
L3_pullback+L4_regime,60,2025-08,-226.10969262430172,-0.004522193852486034
L3_pullback+L4_regime,60,2025-09,651.4013338288496,0.013028026676576992
L3_pullback+L4_regime,60,2025-10,425.1995064835219,0.008503990129670437
L3_pullback+L4_regime,60,2025-11,-638.8012111236749,-0.012776024222473498
L3_pullback+L4_regime,60,2025-12,5.611162803365005,0.0001122232560673001
L3_pullback+L4_regime,60,2026-01,912.0770084392043,0.018241540168784084
L3_pullback+L4_regime,60,2026-02,459.6763659220114,0.009193527318440229
L3_pullback+L4_regime,60,2026-03,-174.6298680073478,-0.0034925973601469557
L3_pullback+L4_regime,60,2026-04,-501.91250937386485,-0.010038250187477296
L3_pullback+L4_regime,60,2026-05,-34.40790297109197,-0.0006881580594218394
L3_pullback+L4_regime,60,2026-06,670.1728026834917,0.013403456053669834
L3_pullback+L4_regime,60,2026-07,-496.2081692541442,-0.009924163385082884
L3_pullback+L4_regime,61,2025-08,-601.1833397775163,-0.012023666795550326
L3_pullback+L4_regime,61,2025-09,1975.5477081544213,0.039510954163088426
L3_pullback+L4_regime,61,2025-10,817.3378442053563,0.016346756884107125
L3_pullback+L4_regime,61,2025-11,-680.342372880134,-0.01360684745760268
L3_pullback+L4_regime,61,2025-12,-65.2760529596062,-0.001305521059192124
L3_pullback+L4_regime,61,2026-01,1168.1580339494994,0.02336316067898999
L3_pullback+L4_regime,61,2026-02,-260.5396404102885,-0.005210792808205769
L3_pullback+L4_regime,61,2026-03,-1125.1820031061188,-0.022503640062122375
L3_pullback+L4_regime,61,2026-04,218.75173275773705,0.004375034655154741
L3_pullback+L4_regime,61,2026-05,1044.420050825368,0.02088840101650736
L3_pullback+L4_regime,61,2026-06,189.83181052348118,0.0037966362104696234
L3_pullback+L4_regime,61,2026-07,-165.71752090066093,-0.0033143504180132184
L3_pullback+L4_regime,62,2025-08,44.66590567239837,0.0008933181134479673
L3_pullback+L4_regime,62,2025-09,303.0916108252695,0.0060618322165053905
L3_pullback+L4_regime,62,2025-10,1000.0247042661176,0.020000494085322354
L3_pullback+L4_regime,62,2025-11,-1440.7711627381436,-0.028815423254762874
L3_pullback+L4_regime,62,2025-12,-61.49197633798303,-0.0012298395267596606
L3_pullback+L4_regime,62,2026-01,246.78183292577523,0.0049356366585155045
L3_pullback+L4_regime,62,2026-02,-421.8064525964837,-0.008436129051929675
L3_pullback+L4_regime,62,2026-03,240.8676006766891,0.004817352013533782
L3_pullback+L4_regime,62,2026-04,282.38791014115213,0.005647758202823042
L3_pullback+L4_regime,62,2026-05,201.89450471128566,0.004037890094225713
L3_pullback+L4_regime,62,2026-06,-104.3196919494876,-0.002086393838989752
L3_pullback+L4_regime,62,2026-07,-165.76162490560455,-0.003315232498112091
L3_pullback+L4_regime,63,2025-08,338.6782020249375,0.0067735640404987495
L3_pullback+L4_regime,63,2025-09,158.28781616552715,0.003165756323310543
L3_pullback+L4_regime,63,2025-10,625.438458892233,0.01250876917784466
L3_pullback+L4_regime,63,2025-11,-1404.4711629015192,-0.028089423258030384
L3_pullback+L4_regime,63,2025-12,-26.25593247693905,-0.000525118649538781
L3_pullback+L4_regime,63,2026-01,193.74173510058336,0.0038748347020116673
L3_pullback+L4_regime,63,2026-02,75.07233996627929,0.0015014467993255858
L3_pullback+L4_regime,63,2026-03,-361.4961409010466,-0.007229922818020932
L3_pullback+L4_regime,63,2026-04,-253.18551529140677,-0.005063710305828135
L3_pullback+L4_regime,63,2026-05,201.9122134171439,0.004038244268342878
L3_pullback+L4_regime,63,2026-06,137.85524401249495,0.002757104880249899
L3_pullback+L4_regime,63,2026-07,43.31345421169408,0.0008662690842338816
L3_pullback+L4_regime,64,2025-08,-98.61848908059528,-0.0019723697816119057
L3_pullback+L4_regime,64,2025-09,309.75410045223,0.0061950820090445995
L3_pullback+L4_regime,64,2025-10,437.83843009139855,0.008756768601827971
L3_pullback+L4_regime,64,2025-11,-39.59151664601268,-0.0007918303329202535
L3_pullback+L4_regime,64,2025-12,12.405449536512606,0.0002481089907302521
L3_pullback+L4_regime,64,2026-01,790.4193154736176,0.01580838630947235
L3_pullback+L4_regime,64,2026-02,189.0567807778816,0.0037811356155576323
L3_pullback+L4_regime,64,2026-03,-552.8133589976333,-0.011056267179952665
L3_pullback+L4_regime,64,2026-04,144.59960252514702,0.0028919920505029403
L3_pullback+L4_regime,64,2026-05,297.8969395377608,0.005957938790755215
L3_pullback+L4_regime,64,2026-06,-344.33962699034873,-0.006886792539806974
L3_pullback+L4_regime,64,2026-07,680.2704667385979,0.013605409334771957
L3_pullback+L4_regime,65,2025-08,395.2102704484232,0.007904205408968464
L3_pullback+L4_regime,65,2025-09,1914.8069373640328,0.038296138747280654
L3_pullback+L4_regime,65,2025-10,-910.6598675918485,-0.01821319735183697
L3_pullback+L4_regime,65,2025-11,16.18076862831913,0.00032361537256638255
L3_pullback+L4_regime,65,2025-12,-25.658338636090775,-0.0005131667727218155
L3_pullback+L4_regime,65,2026-01,-211.2253035289068,-0.0042245060705781365
L3_pullback+L4_regime,65,2026-02,316.82907060233083,0.006336581412046616
L3_pullback+L4_regime,65,2026-03,-513.1996202494483,-0.010263992404988967
L3_pullback+L4_regime,65,2026-04,-148.91958875749242,-0.0029783917751498483
L3_pullback+L4_regime,65,2026-05,1312.1207718097203,0.026242415436194405
L3_pullback+L4_regime,65,2026-06,-970.8446915494733,-0.019416893830989466
L3_pullback+L4_regime,65,2026-07,225.87807422598053,0.004517561484519611
L3_pullback+L4_regime,66,2025-08,-625.0591467369186,-0.012501182934738371
L3_pullback+L4_regime,66,2025-09,58.91189432417377,0.0011782378864834755
L3_pullback+L4_regime,66,2025-10,145.4592606889255,0.00290918521377851
L3_pullback+L4_regime,66,2025-11,-256.94943629767795,-0.005138988725953559
L3_pullback+L4_regime,66,2025-12,21.768414074848806,0.0004353682814969761
L3_pullback+L4_regime,66,2026-01,1630.949562758662,0.032618991255173244
L3_pullback+L4_regime,66,2026-02,21.450113688446436,0.0004290022737689287
L3_pullback+L4_regime,66,2026-03,-423.79617323869843,-0.008475923464773969
L3_pullback+L4_regime,66,2026-04,107.70836085886367,0.0021541672171772734
L3_pullback+L4_regime,66,2026-05,490.85786157247276,0.009817157231449455
L3_pullback+L4_regime,66,2026-06,-279.2258473942147,-0.005584516947884295
L3_pullback+L4_regime,66,2026-07,447.57416064400786,0.008951483212880158
L3_pullback+L4_regime,67,2025-08,-327.91167061138185,-0.006558233412227637
L3_pullback+L4_regime,67,2025-09,80.1608682610622,0.0016032173652212442
L3_pullback+L4_regime,67,2025-10,1.9063117633386355,3.812623526677271e-05
L3_pullback+L4_regime,67,2025-11,6.596142559556029,0.00013192285119112057
L3_pullback+L4_regime,67,2025-12,-117.90450999398763,-0.0023580901998797527
L3_pullback+L4_regime,67,2026-01,-320.76374856123675,-0.006415274971224735
L3_pullback+L4_regime,67,2026-02,469.2369427036838,0.009384738854073676
L3_pullback+L4_regime,67,2026-03,-226.5783915298589,-0.004531567830597178
L3_pullback+L4_regime,67,2026-04,406.535061444637,0.00813070122889274
L3_pullback+L4_regime,67,2026-05,-83.74624649148882,-0.0016749249298297763
L3_pullback+L4_regime,67,2026-06,0.0,0.0
L3_pullback+L4_regime,67,2026-07,623.5922732765775,0.012471845465531551
L3_pullback+L4_regime,68,2025-08,-7.629383757102914,-0.0001525876751420583
L3_pullback+L4_regime,68,2025-09,1713.3689471640355,0.03426737894328071
L3_pullback+L4_regime,68,2025-10,923.6431974227817,0.018472863948455633
L3_pullback+L4_regime,68,2025-11,-197.36031036802797,-0.003947206207360559
L3_pullback+L4_regime,68,2025-12,5.8973543579713805,0.00011794708715942761
L3_pullback+L4_regime,68,2026-01,754.9501581149007,0.015099003162298013
L3_pullback+L4_regime,68,2026-02,53.470906355491934,0.0010694181271098386
L3_pullback+L4_regime,68,2026-03,-574.7366158326286,-0.011494732316652571
L3_pullback+L4_regime,68,2026-04,357.8593201867052,0.007157186403734104
L3_pullback+L4_regime,68,2026-05,629.5935910188009,0.012591871820376018
L3_pullback+L4_regime,68,2026-06,-27.117117561152554,-0.0005423423512230511
L3_pullback+L4_regime,68,2026-07,152.02544719286107,0.0030405089438572215
L3_pullback+L4_regime,69,2025-08,62.24838291071592,0.0012449676582143184
L3_pullback+L4_regime,69,2025-09,1231.3211231080695,0.02462642246216139
L3_pullback+L4_regime,69,2025-10,177.94767909211623,0.0035589535818423244
L3_pullback+L4_regime,69,2025-11,-910.7851960986809,-0.01821570392197362
L3_pullback+L4_regime,69,2025-12,-193.1400816263249,-0.003862801632526498
L3_pullback+L4_regime,69,2026-01,64.10757640425163,0.0012821515280850326
L3_pullback+L4_regime,69,2026-02,132.4337151869804,0.0026486743037396083
L3_pullback+L4_regime,69,2026-03,-556.8317711040654,-0.011136635422081308
L3_pullback+L4_regime,69,2026-04,199.10622820293702,0.003982124564058741
L3_pullback+L4_regime,69,2026-05,599.8926040971082,0.011997852081942165
L3_pullback+L4_regime,69,2026-06,78.50787554662838,0.0015701575109325677
L3_pullback+L4_regime,69,2026-07,230.24962721882184,0.004604992544376437
L3_pullback+L4_regime,70,2025-08,367.872348706569,0.007357446974131381
L3_pullback+L4_regime,70,2025-09,2163.76139363531,0.0432752278727062
L3_pullback+L4_regime,70,2025-10,-662.5659357721906,-0.013251318715443813
L3_pullback+L4_regime,70,2025-11,-506.15038299338084,-0.010123007659867617
L3_pullback+L4_regime,70,2025-12,-85.34204754975781,-0.0017068409509951562
L3_pullback+L4_regime,70,2026-01,-312.88875080419257,-0.006257775016083851
L3_pullback+L4_regime,70,2026-02,200.29778312000235,0.004005955662400047
L3_pullback+L4_regime,70,2026-03,-722.3890933872399,-0.014447781867744798
L3_pullback+L4_regime,70,2026-04,-439.1623925834501,-0.008783247851669002
L3_pullback+L4_regime,70,2026-05,1399.4966429332726,0.027989932858665453
L3_pullback+L4_regime,70,2026-06,-793.7761177849306,-0.015875522355698612
L3_pullback+L4_regime,70,2026-07,-355.2108064912827,-0.007104216129825655
L3_pullback+L4_regime,71,2025-08,-118.25246632082872,-0.0023650493264165745
L3_pullback+L4_regime,71,2025-09,-53.38638925248506,-0.0010677277850497011
L3_pullback+L4_regime,71,2025-10,139.27616987991496,0.002785523397598299
L3_pullback+L4_regime,71,2025-11,-571.8108032621931,-0.011436216065243861
L3_pullback+L4_regime,71,2025-12,-239.30223358664261,-0.004786044671732852
L3_pullback+L4_regime,71,2026-01,-128.54083893256484,-0.0025708167786512967
L3_pullback+L4_regime,71,2026-02,154.69269261372574,0.003093853852274515
L3_pullback+L4_regime,71,2026-03,-840.6693722319287,-0.016813387444638575
L3_pullback+L4_regime,71,2026-04,737.5619589940279,0.014751239179880558
L3_pullback+L4_regime,71,2026-05,736.4183930556137,0.014728367861112274
L3_pullback+L4_regime,71,2026-06,1223.8587453832452,0.024477174907664902
L3_pullback+L4_regime,71,2026-07,229.66536915718552,0.004593307383143711
L3_pullback+L4_regime,72,2025-08,503.2859321670376,0.010065718643340752
L3_pullback+L4_regime,72,2025-09,2380.01049298252,0.047600209859650404
L3_pullback+L4_regime,72,2025-10,-156.28447155394224,-0.003125689431078845
L3_pullback+L4_regime,72,2025-11,-190.347230933633,-0.00380694461867266
L3_pullback+L4_regime,72,2025-12,319.2282184559608,0.006384564369119217
L3_pullback+L4_regime,72,2026-01,369.9541490656429,0.007399082981312859
L3_pullback+L4_regime,72,2026-02,124.76461901031689,0.002495292380206338
L3_pullback+L4_regime,72,2026-03,-537.6879821313687,-0.010753759642627375
L3_pullback+L4_regime,72,2026-04,15.999058847472952,0.00031998117694945904
L3_pullback+L4_regime,72,2026-05,1443.422217468451,0.02886844434936902
L3_pullback+L4_regime,72,2026-06,-1252.8006053331073,-0.025056012106662147
L3_pullback+L4_regime,72,2026-07,459.118780279945,0.0091823756055989
L3_pullback+L4_regime,73,2025-08,103.10829078761162,0.0020621658157522326
L3_pullback+L4_regime,73,2025-09,653.4989985038192,0.013069979970076383
L3_pullback+L4_regime,73,2025-10,212.19541027587002,0.0042439082055174
L3_pullback+L4_regime,73,2025-11,-779.3692834017711,-0.015587385668035423
L3_pullback+L4_regime,73,2025-12,-40.072668361510296,-0.0008014533672302059
L3_pullback+L4_regime,73,2026-01,982.1079176237117,0.019642158352474234
L3_pullback+L4_regime,73,2026-02,589.4396939737117,0.011788793879474234
L3_pullback+L4_regime,73,2026-03,-625.4857124611963,-0.012509714249223926
L3_pullback+L4_regime,73,2026-04,806.7372540578754,0.016134745081157507
L3_pullback+L4_regime,73,2026-05,-715.856156830595,-0.0143171231366119
L3_pullback+L4_regime,73,2026-06,74.71935920257783,0.0014943871840515568
L3_pullback+L4_regime,73,2026-07,-19.912269013775585,-0.0003982453802755117
L3_pullback+L4_regime,74,2025-08,191.08425532489582,0.0038216851064979164
L3_pullback+L4_regime,74,2025-09,684.8705965009212,0.013697411930018425
L3_pullback+L4_regime,74,2025-10,519.3009123736683,0.010386018247473367
L3_pullback+L4_regime,74,2025-11,-243.1045628555994,-0.004862091257111988
L3_pullback+L4_regime,74,2025-12,-49.02668182913476,-0.0009805336365826952
L3_pullback+L4_regime,74,2026-01,969.1756166290643,0.019383512332581284
L3_pullback+L4_regime,74,2026-02,-453.0502752032289,-0.009061005504064579
L3_pullback+L4_regime,74,2026-03,-153.4954925845068,-0.003069909851690136
L3_pullback+L4_regime,74,2026-04,135.3015815804547,0.002706031631609094
L3_pullback+L4_regime,74,2026-05,12.251276318904274,0.0002450255263780855
L3_pullback+L4_regime,74,2026-06,291.2562642540406,0.005825125285080813
L3_pullback+L4_regime,74,2026-07,272.68090674662926,0.005453618134932585
L3_pullback+L4_regime,75,2025-08,64.81751451919718,0.0012963502903839436
L3_pullback+L4_regime,75,2025-09,77.25778870944941,0.0015451557741889882
L3_pullback+L4_regime,75,2025-10,334.2817824664762,0.006685635649329525
L3_pullback+L4_regime,75,2025-11,-587.8232473270382,-0.011756464946540764
L3_pullback+L4_regime,75,2025-12,24.30125847108411,0.0004860251694216822
L3_pullback+L4_regime,75,2026-01,311.27727627517015,0.006225545525503403
L3_pullback+L4_regime,75,2026-02,466.7162679184112,0.009334325358368223
L3_pullback+L4_regime,75,2026-03,-545.3282304362347,-0.010906564608724693
L3_pullback+L4_regime,75,2026-04,-302.738608202907,-0.00605477216405814
L3_pullback+L4_regime,75,2026-05,246.05812911579142,0.004921162582315828
L3_pullback+L4_regime,75,2026-06,304.59805587637766,0.0060919611175275536
L3_pullback+L4_regime,75,2026-07,-427.78984595782003,-0.008555796919156401
L3_pullback+L4_regime,76,2025-08,444.3983155882561,0.008887966311765121
L3_pullback+L4_regime,76,2025-09,637.6479984727939,0.012752959969455878
L3_pullback+L4_regime,76,2025-10,635.980731102256,0.01271961462204512
L3_pullback+L4_regime,76,2025-11,-1053.7206599041683,-0.021074413198083366
L3_pullback+L4_regime,76,2025-12,-25.82528588480818,-0.0005165057176961637
L3_pullback+L4_regime,76,2026-01,1177.3349409469229,0.023546698818938457
L3_pullback+L4_regime,76,2026-02,878.3023252338508,0.017566046504677014
L3_pullback+L4_regime,76,2026-03,-981.6724174950205,-0.01963344834990041
L3_pullback+L4_regime,76,2026-04,309.03847968091395,0.006180769593618279
L3_pullback+L4_regime,76,2026-05,-0.0023180371536000166,-4.636074307200033e-08
L3_pullback+L4_regime,76,2026-06,36.257988079269126,0.0007251597615853825
L3_pullback+L4_regime,76,2026-07,154.26464219118407,0.0030852928438236814
L3_pullback+L4_regime,77,2025-08,-30.12471002723487,-0.0006024942005446974
L3_pullback+L4_regime,77,2025-09,754.2927595409283,0.015085855190818566
L3_pullback+L4_regime,77,2025-10,936.748297697809,0.01873496595395618
L3_pullback+L4_regime,77,2025-11,100.23259062801026,0.002004651812560205
L3_pullback+L4_regime,77,2025-12,372.93715678669196,0.007458743135733839
L3_pullback+L4_regime,77,2026-01,871.6219495149326,0.01743243899029865
L3_pullback+L4_regime,77,2026-02,-231.63165311633747,-0.004632633062326749
L3_pullback+L4_regime,77,2026-03,-333.2791317967949,-0.006665582635935898
L3_pullback+L4_regime,77,2026-04,382.9882376891055,0.00765976475378211
L3_pullback+L4_regime,77,2026-05,833.0330586178025,0.01666066117235605
L3_pullback+L4_regime,77,2026-06,128.27195735128407,0.0025654391470256816
L3_pullback+L4_regime,77,2026-07,-141.0602351632615,-0.00282120470326523
L3_pullback+L4_regime,78,2025-08,-702.1338224297069,-0.014042676448594138
L3_pullback+L4_regime,78,2025-09,14.447124583617551,0.00028894249167235104
L3_pullback+L4_regime,78,2025-10,482.8211766342547,0.009656423532685095
L3_pullback+L4_regime,78,2025-11,23.965462657530225,0.0004793092531506045
L3_pullback+L4_regime,78,2025-12,-198.00157073279388,-0.0039600314146558775
L3_pullback+L4_regime,78,2026-01,211.53216292910656,0.0042306432585821315
L3_pullback+L4_regime,78,2026-02,980.8069397669933,0.019616138795339865
L3_pullback+L4_regime,78,2026-03,-685.4389233722186,-0.013708778467444373
L3_pullback+L4_regime,78,2026-04,937.8362649897344,0.018756725299794687
L3_pullback+L4_regime,78,2026-05,475.92691079832,0.009518538215966401
L3_pullback+L4_regime,78,2026-06,952.4532573760944,0.019049065147521888
L3_pullback+L4_regime,78,2026-07,-32.35348491302011,-0.0006470696982604022
L3_pullback+L4_regime,79,2025-08,-301.0882974306678,-0.006021765948613356
L3_pullback+L4_regime,79,2025-09,1886.3856972379708,0.03772771394475942
L3_pullback+L4_regime,79,2025-10,1297.9971186518087,0.025959942373036175
L3_pullback+L4_regime,79,2025-11,-911.5855190200409,-0.018231710380400817
L3_pullback+L4_regime,79,2025-12,40.89193443962449,0.0008178386887924898
L3_pullback+L4_regime,79,2026-01,666.9561071931976,0.013339122143863952
L3_pullback+L4_regime,79,2026-02,-682.4640106200459,-0.013649280212400918
L3_pullback+L4_regime,79,2026-03,-701.1509267956053,-0.014023018535912106
L3_pullback+L4_regime,79,2026-04,1593.4853263072637,0.03186970652614527
L3_pullback+L4_regime,79,2026-05,613.7997343559546,0.012275994687119091
L3_pullback+L4_regime,79,2026-06,-11.373476568072874,-0.0002274695313614575
L3_pullback+L4_regime,79,2026-07,243.16818012143904,0.00486336360242878
L3_pullback+L4_regime,80,2025-08,-347.9598429858943,-0.006959196859717885
L3_pullback+L4_regime,80,2025-09,53.349241677899045,0.0010669848335579809
L3_pullback+L4_regime,80,2025-10,-137.66425478372366,-0.0027532850956744734
L3_pullback+L4_regime,80,2025-11,71.71697827405751,0.0014343395654811502
L3_pullback+L4_regime,80,2025-12,-87.67588992267702,-0.0017535177984535403
L3_pullback+L4_regime,80,2026-01,479.7634066944074,0.009595268133888148
L3_pullback+L4_regime,80,2026-02,732.8812684961022,0.014657625369922043
L3_pullback+L4_regime,80,2026-03,-740.1997328482657,-0.014803994656965315
L3_pullback+L4_regime,80,2026-04,311.26452222184344,0.006225290444436869
L3_pullback+L4_regime,80,2026-05,212.60727933306862,0.004252145586661372
L3_pullback+L4_regime,80,2026-06,151.93282426599944,0.003038656485319989
L3_pullback+L4_regime,80,2026-07,647.7906560884685,0.01295581312176937
L3_pullback+L4_regime,81,2025-08,156.60558421689802,0.0031321116843379604
L3_pullback+L4_regime,81,2025-09,43.983884708736696,0.0008796776941747339
L3_pullback+L4_regime,81,2025-10,-69.59773377787133,-0.0013919546755574266
L3_pullback+L4_regime,81,2025-11,-706.1551516845684,-0.014123103033691369
L3_pullback+L4_regime,81,2025-12,159.6545536294152,0.003193091072588304
L3_pullback+L4_regime,81,2026-01,-292.21880817022884,-0.005844376163404576
L3_pullback+L4_regime,81,2026-02,184.18055948791516,0.003683611189758303
L3_pullback+L4_regime,81,2026-03,-523.7368148258547,-0.010474736296517094
L3_pullback+L4_regime,81,2026-04,522.3686886225341,0.010447373772450683
L3_pullback+L4_regime,81,2026-05,17.678275134015166,0.00035356550268030333
L3_pullback+L4_regime,81,2026-06,148.8614829980179,0.0029772296599603577
L3_pullback+L4_regime,81,2026-07,515.0012387734223,0.010300024775468446
L3_pullback+L4_regime,82,2025-08,560.8996468521573,0.011217992937043146
L3_pullback+L4_regime,82,2025-09,2580.31388906539,0.0516062777813078
L3_pullback+L4_regime,82,2025-10,-520.8860686635762,-0.010417721373271524
L3_pullback+L4_regime,82,2025-11,-17.523222554279528,-0.0003504644510855906
L3_pullback+L4_regime,82,2025-12,-217.50650183067955,-0.004350130036613591
L3_pullback+L4_regime,82,2026-01,553.9636431034569,0.011079272862069138
L3_pullback+L4_regime,82,2026-02,97.18105888637092,0.0019436211777274185
L3_pullback+L4_regime,82,2026-03,-540.067775917878,-0.010801355518357559
L3_pullback+L4_regime,82,2026-04,739.6101886587303,0.014792203773174606
L3_pullback+L4_regime,82,2026-05,1293.0831536085807,0.025861663072171612
L3_pullback+L4_regime,82,2026-06,-932.6030143016396,-0.018652060286032793
L3_pullback+L4_regime,82,2026-07,-25.09636212557143,-0.0005019272425114287
L3_pullback+L4_regime,83,2025-08,191.91205584171348,0.0038382411168342697
L3_pullback+L4_regime,83,2025-09,275.56446239756497,0.005511289247951299
L3_pullback+L4_regime,83,2025-10,520.5595159406685,0.010411190318813369
L3_pullback+L4_regime,83,2025-11,-788.2884413913489,-0.015765768827826977
L3_pullback+L4_regime,83,2025-12,-476.77636848743714,-0.009535527369748742
L3_pullback+L4_regime,83,2026-01,915.707569827613,0.01831415139655226
L3_pullback+L4_regime,83,2026-02,-160.2208022521927,-0.003204416045043854
L3_pullback+L4_regime,83,2026-03,208.9426614625636,0.004178853229251272
L3_pullback+L4_regime,83,2026-04,1131.600915367976,0.02263201830735952
L3_pullback+L4_regime,83,2026-05,471.89914351521384,0.009437982870304278
L3_pullback+L4_regime,83,2026-06,996.4807955123179,0.01992961591024636
L3_pullback+L4_regime,83,2026-07,94.56746544332418,0.0018913493088664837
L3_pullback+L4_regime,84,2025-08,185.02159408266925,0.003700431881653385
L3_pullback+L4_regime,84,2025-09,166.04560300407502,0.0033209120600815
L3_pullback+L4_regime,84,2025-10,4.0748168461323075,8.149633692264615e-05
L3_pullback+L4_regime,84,2025-11,-295.19818563051194,-0.005903963712610239
L3_pullback+L4_regime,84,2025-12,-65.33308203747947,-0.0013066616407495894
L3_pullback+L4_regime,84,2026-01,-274.1684320437098,-0.005483368640874196
L3_pullback+L4_regime,84,2026-02,-25.539856515593783,-0.0005107971303118757
L3_pullback+L4_regime,84,2026-03,-410.0273977649276,-0.008200547955298553
L3_pullback+L4_regime,84,2026-04,156.79416985044372,0.0031358833970088745
L3_pullback+L4_regime,84,2026-05,-891.9095475157219,-0.01783819095031444
L3_pullback+L4_regime,84,2026-06,-420.9267806126836,-0.008418535612253673
L3_pullback+L4_regime,84,2026-07,302.6549786585956,0.006053099573171912
L3_pullback+L4_regime,85,2025-08,-273.1437525780184,-0.005462875051560368
L3_pullback+L4_regime,85,2025-09,-83.32683891171655,-0.001666536778234331
L3_pullback+L4_regime,85,2025-10,504.1698476211386,0.010083396952422772
L3_pullback+L4_regime,85,2025-11,-566.2632780802141,-0.011325265561604283
L3_pullback+L4_regime,85,2025-12,50.05764106213337,0.0010011528212426673
L3_pullback+L4_regime,85,2026-01,965.6315000779132,0.019312630001558265
L3_pullback+L4_regime,85,2026-02,544.898018834936,0.01089796037669872
L3_pullback+L4_regime,85,2026-03,-883.7499851976718,-0.017674999703953434
L3_pullback+L4_regime,85,2026-04,1081.5519139193684,0.021631038278387367
L3_pullback+L4_regime,85,2026-05,92.70582870836006,0.0018541165741672013
L3_pullback+L4_regime,85,2026-06,-145.922428823048,-0.00291844857646096
L3_pullback+L4_regime,85,2026-07,164.79516906828576,0.0032959033813657152
L3_pullback+L4_regime,86,2025-08,-571.7236562416656,-0.011434473124833313
L3_pullback+L4_regime,86,2025-09,1118.4470227135307,0.022368940454270615
L3_pullback+L4_regime,86,2025-10,495.4973742941693,0.009909947485883386
L3_pullback+L4_regime,86,2025-11,-659.3605604858635,-0.01318721120971727
L3_pullback+L4_regime,86,2025-12,13.129639103402042,0.00026259278206804083
L3_pullback+L4_regime,86,2026-01,589.2092438578202,0.011784184877156404
L3_pullback+L4_regime,86,2026-02,471.16857362559676,0.009423371472511936
L3_pullback+L4_regime,86,2026-03,-595.6775062101187,-0.011913550124202374
L3_pullback+L4_regime,86,2026-04,413.2919784881233,0.008265839569762465
L3_pullback+L4_regime,86,2026-05,630.7217709994029,0.012614435419988058
L3_pullback+L4_regime,86,2026-06,128.17606842646455,0.002563521368529291
L3_pullback+L4_regime,86,2026-07,122.18145009020554,0.002443629001804111
L3_pullback+L4_regime,87,2025-08,54.37491823490382,0.0010874983646980763
L3_pullback+L4_regime,87,2025-09,-21.195749938669906,-0.0004239149987733981
L3_pullback+L4_regime,87,2025-10,61.37197856003604,0.001227439571200721
L3_pullback+L4_regime,87,2025-11,-316.3979843499992,-0.006327959686999984
L3_pullback+L4_regime,87,2025-12,35.45296796411003,0.0007090593592822006
L3_pullback+L4_regime,87,2026-01,778.8941830712538,0.015577883661425075
L3_pullback+L4_regime,87,2026-02,476.70872220779984,0.009534174444155996
L3_pullback+L4_regime,87,2026-03,-898.1853323001787,-0.017963706646003576
L3_pullback+L4_regime,87,2026-04,615.1781351493137,0.012303562702986274
L3_pullback+L4_regime,87,2026-05,323.23685353053224,0.006464737070610645
L3_pullback+L4_regime,87,2026-06,-25.76044429278045,-0.000515208885855609
L3_pullback+L4_regime,87,2026-07,662.1112052864755,0.01324222410572951
L3_pullback+L4_regime,88,2025-08,-187.96686964974197,-0.003759337392994839
L3_pullback+L4_regime,88,2025-09,1785.9500291704953,0.035719000583409904
L3_pullback+L4_regime,88,2025-10,980.8985724435106,0.019617971448870213
L3_pullback+L4_regime,88,2025-11,-383.68583249737094,-0.0076737166499474185
L3_pullback+L4_regime,88,2025-12,2.639396151199435,5.27879230239887e-05
L3_pullback+L4_regime,88,2026-01,667.3610473594181,0.013347220947188362
L3_pullback+L4_regime,88,2026-02,-142.989854083291,-0.00285979708166582
L3_pullback+L4_regime,88,2026-03,-1331.3129851089388,-0.026626259702178776
L3_pullback+L4_regime,88,2026-04,495.64747900138445,0.00991294958002769
L3_pullback+L4_regime,88,2026-05,66.42403298775207,0.0013284806597550413
L3_pullback+L4_regime,88,2026-06,165.18309672131,0.0033036619344262
L3_pullback+L4_regime,88,2026-07,-108.60251418542703,-0.0021720502837085406
L3_pullback+L4_regime,89,2025-08,-383.8897141739153,-0.007677794283478306
L3_pullback+L4_regime,89,2025-09,-208.92912158899162,-0.0041785824317798325
L3_pullback+L4_regime,89,2025-10,97.26820374392446,0.0019453640748784893
L3_pullback+L4_regime,89,2025-11,-933.2255212033765,-0.01866451042406753
L3_pullback+L4_regime,89,2025-12,-117.17390685036116,-0.0023434781370072232
L3_pullback+L4_regime,89,2026-01,32.18343769171497,0.0006436687538342995
L3_pullback+L4_regime,89,2026-02,75.80416431269623,0.0015160832862539245
L3_pullback+L4_regime,89,2026-03,-280.29641631182767,-0.005605928326236553
L3_pullback+L4_regime,89,2026-04,333.25648665461085,0.006665129733092217
L3_pullback+L4_regime,89,2026-05,-346.87994139753846,-0.006937598827950769
L3_pullback+L4_regime,89,2026-06,-58.11391685156741,-0.0011622783370313482
L3_pullback+L4_regime,89,2026-07,-160.74773395191824,-0.0032149546790383645
L3_pullback+L4_regime,90,2025-08,-31.166257350924752,-0.000623325147018495
L3_pullback+L4_regime,90,2025-09,2086.7994554219476,0.04173598910843895
L3_pullback+L4_regime,90,2025-10,1145.0702721590742,0.022901405443181484
L3_pullback+L4_regime,90,2025-11,-531.3447121483832,-0.010626894242967665
L3_pullback+L4_regime,90,2025-12,99.23694783390965,0.001984738956678193
L3_pullback+L4_regime,90,2026-01,470.9563340716013,0.009419126681432025
L3_pullback+L4_regime,90,2026-02,218.60227821972967,0.004372045564394593
L3_pullback+L4_regime,90,2026-03,-1207.68373702602,-0.024153674740520402
L3_pullback+L4_regime,90,2026-04,229.13659111935976,0.004582731822387195
L3_pullback+L4_regime,90,2026-05,421.4529612615961,0.008429059225231923
L3_pullback+L4_regime,90,2026-06,-40.76639914952557,-0.0008153279829905114
L3_pullback+L4_regime,90,2026-07,268.176104693277,0.00536352209386554
L3_pullback+L4_regime,91,2025-08,6.670154045248637,0.00013340308090497273
L3_pullback+L4_regime,91,2025-09,1735.374031104915,0.0347074806220983
L3_pullback+L4_regime,91,2025-10,1016.5873733292028,0.020331747466584057
L3_pullback+L4_regime,91,2025-11,-171.0783956754185,-0.00342156791350837
L3_pullback+L4_regime,91,2025-12,53.631392118393705,0.001072627842367874
L3_pullback+L4_regime,91,2026-01,816.2229813665135,0.01632445962733027
L3_pullback+L4_regime,91,2026-02,112.28296896684242,0.0022456593793368485
L3_pullback+L4_regime,91,2026-03,-1460.981243373325,-0.0292196248674665
L3_pullback+L4_regime,91,2026-04,148.97974193220398,0.0029795948386440794
L3_pullback+L4_regime,91,2026-05,-100.29104912446928,-0.0020058209824893856
L3_pullback+L4_regime,91,2026-06,-278.8433260731881,-0.0055768665214637626
L3_pullback+L4_regime,91,2026-07,298.1280244981672,0.005962560489963344
L3_pullback+L4_regime,92,2025-08,257.4059671291625,0.00514811934258325
L3_pullback+L4_regime,92,2025-09,1209.70399668333,0.0241940799336666
L3_pullback+L4_regime,92,2025-10,1018.2262251826778,0.020364524503653555
L3_pullback+L4_regime,92,2025-11,-1315.2908809365426,-0.026305817618730853
L3_pullback+L4_regime,92,2025-12,-50.904848244200366,-0.0010180969648840073
L3_pullback+L4_regime,92,2026-01,-91.64793146077409,-0.0018329586292154818
L3_pullback+L4_regime,92,2026-02,-56.13040932106924,-0.0011226081864213848
L3_pullback+L4_regime,92,2026-03,-178.4079459547147,-0.0035681589190942943
L3_pullback+L4_regime,92,2026-04,512.1645850824789,0.010243291701649577
L3_pullback+L4_regime,92,2026-05,704.1018640557977,0.014082037281115954
L3_pullback+L4_regime,92,2026-06,192.32642850499724,0.0038465285700999448
L3_pullback+L4_regime,92,2026-07,-154.91712620551698,-0.00309834252411034
L3_pullback+L4_regime,93,2025-08,416.9302000441803,0.008338604000883607
L3_pullback+L4_regime,93,2025-09,-116.91714442330613,-0.0023383428884661225
L3_pullback+L4_regime,93,2025-10,717.6362200019812,0.014352724400039624
L3_pullback+L4_regime,93,2025-11,-370.99449024440946,-0.007419889804888189
L3_pullback+L4_regime,93,2025-12,104.02657684449969,0.002080531536889994
L3_pullback+L4_regime,93,2026-01,-676.471049027703,-0.01352942098055406
L3_pullback+L4_regime,93,2026-02,-256.5474286463159,-0.005130948572926318
L3_pullback+L4_regime,93,2026-03,-241.98399592060196,-0.0048396799184120395
L3_pullback+L4_regime,93,2026-04,375.9389392919338,0.0075187787858386765
L3_pullback+L4_regime,93,2026-05,258.6156533982603,0.005172313067965206
L3_pullback+L4_regime,93,2026-06,-25.413504541068505,-0.0005082700908213701
L3_pullback+L4_regime,93,2026-07,642.2832633586577,0.012845665267173154
L3_pullback+L4_regime,94,2025-08,-655.3954021997561,-0.013107908043995121
L3_pullback+L4_regime,94,2025-09,-413.26346860189824,-0.008265269372037965
L3_pullback+L4_regime,94,2025-10,181.717185621329,0.0036343437124265804
L3_pullback+L4_regime,94,2025-11,-880.5855087677041,-0.01761171017535408
L3_pullback+L4_regime,94,2025-12,-40.427675121086395,-0.0008085535024217279
L3_pullback+L4_regime,94,2026-01,53.36741697598882,0.0010673483395197763
L3_pullback+L4_regime,94,2026-02,-510.14084265675956,-0.010202816853135191
L3_pullback+L4_regime,94,2026-03,-27.293442654437968,-0.0005458688530887594
L3_pullback+L4_regime,94,2026-04,1195.635300213362,0.023912706004267238
L3_pullback+L4_regime,94,2026-05,-160.92496617635516,-0.003218499323527103
L3_pullback+L4_regime,94,2026-06,-20.821462234742285,-0.0004164292446948457
L3_pullback+L4_regime,94,2026-07,2.2321578143146326,4.464315628629265e-05
L3_pullback+L4_regime,95,2025-08,-50.54749629370144,-0.0010109499258740288
L3_pullback+L4_regime,95,2025-09,-397.8611059958139,-0.007957222119916278
L3_pullback+L4_regime,95,2025-10,16.028762221698344,0.00032057524443396685
L3_pullback+L4_regime,95,2025-11,-91.93339754219505,-0.001838667950843901
L3_pullback+L4_regime,95,2025-12,44.63103814400074,0.0008926207628800148
L3_pullback+L4_regime,95,2026-01,-96.59427810507987,-0.0019318855621015974
L3_pullback+L4_regime,95,2026-02,-128.4827840852422,-0.002569655681704844
L3_pullback+L4_regime,95,2026-03,-223.3534313243772,-0.0044670686264875435
L3_pullback+L4_regime,95,2026-04,85.10368412985008,0.0017020736825970016
L3_pullback+L4_regime,95,2026-05,-484.05008248845024,-0.009681001649769004
L3_pullback+L4_regime,95,2026-06,234.9078360982112,0.004698156721964224
L3_pullback+L4_regime,95,2026-07,285.7055430364626,0.0057141108607292514
L3_pullback+L4_regime,96,2025-08,-313.8469486082695,-0.00627693897216539
L3_pullback+L4_regime,96,2025-09,-90.30714595426707,-0.0018061429190853414
L3_pullback+L4_regime,96,2025-10,65.96630206257396,0.0013193260412514792
L3_pullback+L4_regime,96,2025-11,-323.4046341897829,-0.006468092683795658
L3_pullback+L4_regime,96,2025-12,-125.23157842637374,-0.002504631568527475
L3_pullback+L4_regime,96,2026-01,608.0308897928617,0.012160617795857233
L3_pullback+L4_regime,96,2026-02,-331.21575797755577,-0.006624315159551116
L3_pullback+L4_regime,96,2026-03,-551.100653450676,-0.01102201306901352
L3_pullback+L4_regime,96,2026-04,1020.633681861068,0.020412673637221358
L3_pullback+L4_regime,96,2026-05,13.03798417454982,0.0002607596834909964
L3_pullback+L4_regime,96,2026-06,-275.75250825721014,-0.005515050165144203
L3_pullback+L4_regime,96,2026-07,75.97211125994,0.0015194422251988
L3_pullback+L4_regime,97,2025-08,-176.63149656315454,-0.0035326299312630908
L3_pullback+L4_regime,97,2025-09,430.4499265242648,0.008608998530485296
L3_pullback+L4_regime,97,2025-10,112.22795432314615,0.002244559086462923
L3_pullback+L4_regime,97,2025-11,698.9678681546848,0.013979357363093695
L3_pullback+L4_regime,97,2025-12,90.31906884259479,0.0018063813768518957
L3_pullback+L4_regime,97,2026-01,262.2588019743789,0.005245176039487578
L3_pullback+L4_regime,97,2026-02,330.4763015389626,0.0066095260307792525
L3_pullback+L4_regime,97,2026-03,-666.2496000562751,-0.013324992001125502
L3_pullback+L4_regime,97,2026-04,576.95922730234,0.011539184546046799
L3_pullback+L4_regime,97,2026-05,443.73251087898007,0.008874650217579601
L3_pullback+L4_regime,97,2026-06,261.5781722498941,0.005231563444997882
L3_pullback+L4_regime,97,2026-07,446.3027342714213,0.008926054685428425
L3_pullback+L4_regime,98,2025-08,-10.053370344599898,-0.00020106740689199796
L3_pullback+L4_regime,98,2025-09,1024.9058369957083,0.02049811673991417
L3_pullback+L4_regime,98,2025-10,771.9076533690122,0.015438153067380245
L3_pullback+L4_regime,98,2025-11,-556.9921161157781,-0.011139842322315562
L3_pullback+L4_regime,98,2025-12,-110.37403690672272,-0.0022074807381344545
L3_pullback+L4_regime,98,2026-01,1119.9732064856753,0.022399464129713505
L3_pullback+L4_regime,98,2026-02,-122.42871617680885,-0.002448574323536177
L3_pullback+L4_regime,98,2026-03,-361.6456951227383,-0.007232913902454766
L3_pullback+L4_regime,98,2026-04,72.8253199899882,0.001456506399799764
L3_pullback+L4_regime,98,2026-05,1025.7114911295312,0.020514229822590622
L3_pullback+L4_regime,98,2026-06,-327.43674590272803,-0.006548734918054561
L3_pullback+L4_regime,98,2026-07,566.8266107859836,0.011336532215719671
L3_pullback+L4_regime,99,2025-08,-123.81841582848028,-0.0024763683165696057
L3_pullback+L4_regime,99,2025-09,637.9034740558973,0.012758069481117946
L3_pullback+L4_regime,99,2025-10,810.0768435816681,0.01620153687163336
L3_pullback+L4_regime,99,2025-11,-1152.2797281918656,-0.023045594563837313
L3_pullback+L4_regime,99,2025-12,-744.656076527086,-0.01489312153054172
L3_pullback+L4_regime,99,2026-01,-43.763537201393774,-0.0008752707440278755
L3_pullback+L4_regime,99,2026-02,-85.2315386555365,-0.00170463077311073
L3_pullback+L4_regime,99,2026-03,-152.7224340631201,-0.003054448681262402
L3_pullback+L4_regime,99,2026-04,1598.343138907535,0.031966862778150695
L3_pullback+L4_regime,99,2026-05,177.11816403723606,0.003542363280744721
L3_pullback+L4_regime,99,2026-06,1080.5016189912612,0.021610032379825225
L3_pullback+L4_regime,99,2026-07,108.04615309904511,0.002160923061980902
L3_pullback+L5_pyramid,0,2025-08,-44.99377732277571,-0.0008998755464555143
L3_pullback+L5_pyramid,0,2025-09,3424.3170727827783,0.06848634145565556
L3_pullback+L5_pyramid,0,2025-10,98.95009453286912,0.0019790018906573822
L3_pullback+L5_pyramid,0,2025-11,-563.4474065303739,-0.011268948130607477
L3_pullback+L5_pyramid,0,2025-12,-214.303603590296,-0.00428607207180592
L3_pullback+L5_pyramid,0,2026-01,155.55668129384776,0.003111133625876955
L3_pullback+L5_pyramid,0,2026-02,-64.00042684530035,-0.001280008536906007
L3_pullback+L5_pyramid,0,2026-03,-1223.2561628471967,-0.024465123256943933
L3_pullback+L5_pyramid,0,2026-04,32.04296006615368,0.0006408592013230737
L3_pullback+L5_pyramid,0,2026-05,1753.230428216586,0.03506460856433172
L3_pullback+L5_pyramid,0,2026-06,-818.9714404896968,-0.016379428809793935
L3_pullback+L5_pyramid,0,2026-07,52.06022109649348,0.0010412044219298695
L3_pullback+L5_pyramid,1,2025-08,-327.3497588207065,-0.00654699517641413
L3_pullback+L5_pyramid,1,2025-09,300.77784954179333,0.0060155569908358665
L3_pullback+L5_pyramid,1,2025-10,-25.338572837112224,-0.0005067714567422444
L3_pullback+L5_pyramid,1,2025-11,-119.2088406172843,-0.002384176812345686
L3_pullback+L5_pyramid,1,2025-12,-89.61745805091232,-0.0017923491610182464
L3_pullback+L5_pyramid,1,2026-01,-251.03594814847202,-0.005020718962969441
L3_pullback+L5_pyramid,1,2026-02,111.87961753842774,0.002237592350768555
L3_pullback+L5_pyramid,1,2026-03,-189.37246104614223,-0.0037874492209228447
L3_pullback+L5_pyramid,1,2026-04,-14.394372211258997,-0.00028788744422517993
L3_pullback+L5_pyramid,1,2026-05,98.24646905050031,0.0019649293810100063
L3_pullback+L5_pyramid,1,2026-06,53.18039220987066,0.0010636078441974132
L3_pullback+L5_pyramid,1,2026-07,83.72681396784901,0.0016745362793569802
L3_pullback+L5_pyramid,2,2025-08,179.41044079643416,0.003588208815928683
L3_pullback+L5_pyramid,2,2025-09,2788.0034808942546,0.05576006961788509
L3_pullback+L5_pyramid,2,2025-10,669.1384605122357,0.013382769210244715
L3_pullback+L5_pyramid,2,2025-11,-751.081808779596,-0.015021636175591921
L3_pullback+L5_pyramid,2,2025-12,-23.566503497669146,-0.00047133006995338293
L3_pullback+L5_pyramid,2,2026-01,388.14442446875546,0.007762888489375109
L3_pullback+L5_pyramid,2,2026-02,373.72506061142667,0.007474501212228533
L3_pullback+L5_pyramid,2,2026-03,-259.4177629203159,-0.0051883552584063184
L3_pullback+L5_pyramid,2,2026-04,258.94620153520646,0.005178924030704129
L3_pullback+L5_pyramid,2,2026-05,1326.9049629879282,0.026538099259758564
L3_pullback+L5_pyramid,2,2026-06,-344.52609138273783,-0.0068905218276547565
L3_pullback+L5_pyramid,2,2026-07,-103.20375527388751,-0.00206407510547775
L3_pullback+L5_pyramid,3,2025-08,433.7676425215859,0.008675352850431719
L3_pullback+L5_pyramid,3,2025-09,950.8272740333805,0.01901654548066761
L3_pullback+L5_pyramid,3,2025-10,526.9933921076208,0.010539867842152417
L3_pullback+L5_pyramid,3,2025-11,-996.8114371100992,-0.019936228742201984
L3_pullback+L5_pyramid,3,2025-12,23.937931087371908,0.0004787586217474382
L3_pullback+L5_pyramid,3,2026-01,342.74472281941325,0.006854894456388265
L3_pullback+L5_pyramid,3,2026-02,254.60924233810692,0.005092184846762138
L3_pullback+L5_pyramid,3,2026-03,-456.7653268647564,-0.009135306537295128
L3_pullback+L5_pyramid,3,2026-04,62.33694028497666,0.0012467388056995332
L3_pullback+L5_pyramid,3,2026-05,210.34132184086775,0.004206826436817355
L3_pullback+L5_pyramid,3,2026-06,-99.07659282580516,-0.001981531856516103
L3_pullback+L5_pyramid,3,2026-07,89.2773017669515,0.00178554603533903
L3_pullback+L5_pyramid,4,2025-08,1056.7128352938598,0.021134256705877198
L3_pullback+L5_pyramid,4,2025-09,679.2179662268954,0.01358435932453791
L3_pullback+L5_pyramid,4,2025-10,410.066785711806,0.00820133571423612
L3_pullback+L5_pyramid,4,2025-11,-1902.3466667112407,-0.03804693333422481
L3_pullback+L5_pyramid,4,2025-12,-271.7584541019269,-0.0054351690820385375
L3_pullback+L5_pyramid,4,2026-01,292.9506115065906,0.005859012230131811
L3_pullback+L5_pyramid,4,2026-02,171.13934842844355,0.003422786968568871
L3_pullback+L5_pyramid,4,2026-03,-355.5829353916106,-0.007111658707832212
L3_pullback+L5_pyramid,4,2026-04,622.0553183848024,0.012441106367696048
L3_pullback+L5_pyramid,4,2026-05,475.8897499417535,0.00951779499883507
L3_pullback+L5_pyramid,4,2026-06,1875.8831038020135,0.03751766207604027
L3_pullback+L5_pyramid,4,2026-07,-257.5317526391427,-0.005150635052782854
L3_pullback+L5_pyramid,5,2025-08,445.35328667389695,0.008907065733477939
L3_pullback+L5_pyramid,5,2025-09,555.3566213556478,0.011107132427112957
L3_pullback+L5_pyramid,5,2025-10,101.7065756399752,0.002034131512799504
L3_pullback+L5_pyramid,5,2025-11,281.20674803652037,0.005624134960730407
L3_pullback+L5_pyramid,5,2025-12,-110.79195236468513,-0.0022158390472937026
L3_pullback+L5_pyramid,5,2026-01,13.22792391009989,0.00026455847820199777
L3_pullback+L5_pyramid,5,2026-02,-83.70067062112594,-0.0016740134124225187
L3_pullback+L5_pyramid,5,2026-03,-16.578136746252312,-0.00033156273492504626
L3_pullback+L5_pyramid,5,2026-04,405.9715247194099,0.008119430494388197
L3_pullback+L5_pyramid,5,2026-05,-652.2608312907678,-0.013045216625815356
L3_pullback+L5_pyramid,5,2026-06,18.324412935471628,0.00036648825870943256
L3_pullback+L5_pyramid,5,2026-07,121.72780623241033,0.0024345561246482067
L3_pullback+L5_pyramid,6,2025-08,256.3683859822813,0.005127367719645627
L3_pullback+L5_pyramid,6,2025-09,1734.2491772165886,0.03468498354433177
L3_pullback+L5_pyramid,6,2025-10,-937.5923627373486,-0.018751847254746972
L3_pullback+L5_pyramid,6,2025-11,-410.02820644556414,-0.008200564128911283
L3_pullback+L5_pyramid,6,2025-12,-162.44812496861778,-0.0032489624993723557
L3_pullback+L5_pyramid,6,2026-01,46.36126813402734,0.0009272253626805468
L3_pullback+L5_pyramid,6,2026-02,3.395879953754047,6.791759907508095e-05
L3_pullback+L5_pyramid,6,2026-03,-385.56959634522445,-0.007711391926904489
L3_pullback+L5_pyramid,6,2026-04,387.8181231680628,0.007756362463361257
L3_pullback+L5_pyramid,6,2026-05,930.2327917724087,0.018604655835448174
L3_pullback+L5_pyramid,6,2026-06,-818.666380734162,-0.01637332761468324
L3_pullback+L5_pyramid,6,2026-07,-43.411067090244615,-0.0008682213418048923
L3_pullback+L5_pyramid,7,2025-08,-7.3870971325022765,-0.00014774194265004554
L3_pullback+L5_pyramid,7,2025-09,29.904468430322595,0.0005980893686064519
L3_pullback+L5_pyramid,7,2025-10,-79.14567461439492,-0.0015829134922878984
L3_pullback+L5_pyramid,7,2025-11,22.414752882187713,0.0004482950576437543
L3_pullback+L5_pyramid,7,2025-12,253.3115213459305,0.0050662304269186095
L3_pullback+L5_pyramid,7,2026-01,705.8365214182113,0.014116730428364225
L3_pullback+L5_pyramid,7,2026-02,-214.87221302090256,-0.004297444260418051
L3_pullback+L5_pyramid,7,2026-03,-88.07030543387918,-0.0017614061086775837
L3_pullback+L5_pyramid,7,2026-04,303.34972671090236,0.0060669945342180474
L3_pullback+L5_pyramid,7,2026-05,-843.589273855282,-0.01687178547710564
L3_pullback+L5_pyramid,7,2026-06,-246.20762768004442,-0.0049241525536008884
L3_pullback+L5_pyramid,7,2026-07,182.54716416000247,0.003650943283200049
L3_pullback+L5_pyramid,8,2025-08,182.2764397425135,0.00364552879485027
L3_pullback+L5_pyramid,8,2025-09,2271.4057964821295,0.04542811592964259
L3_pullback+L5_pyramid,8,2025-10,1163.0236066459438,0.023260472132918875
L3_pullback+L5_pyramid,8,2025-11,-273.4513124903251,-0.005469026249806502
L3_pullback+L5_pyramid,8,2025-12,-50.3119135960269,-0.001006238271920538
L3_pullback+L5_pyramid,8,2026-01,587.7981343762312,0.011755962687524626
L3_pullback+L5_pyramid,8,2026-02,-507.3402647428711,-0.010146805294857422
L3_pullback+L5_pyramid,8,2026-03,-679.4255251247223,-0.013588510502494445
L3_pullback+L5_pyramid,8,2026-04,183.23095085145815,0.003664619017029163
L3_pullback+L5_pyramid,8,2026-05,650.0255476469838,0.013000510952939677
L3_pullback+L5_pyramid,8,2026-06,61.6570656829017,0.001233141313658034
L3_pullback+L5_pyramid,8,2026-07,214.5817138152006,0.004291634276304012
L3_pullback+L5_pyramid,9,2025-08,314.0206023912597,0.006280412047825193
L3_pullback+L5_pyramid,9,2025-09,2717.2621620836435,0.05434524324167287
L3_pullback+L5_pyramid,9,2025-10,-951.9752306775872,-0.019039504613551743
L3_pullback+L5_pyramid,9,2025-11,-942.6119064093918,-0.018852238128187836
L3_pullback+L5_pyramid,9,2025-12,-134.99550670252665,-0.002699910134050533
L3_pullback+L5_pyramid,9,2026-01,-87.23653000991635,-0.001744730600198327
L3_pullback+L5_pyramid,9,2026-02,72.88196473334301,0.0014576392946668603
L3_pullback+L5_pyramid,9,2026-03,-249.29174792838967,-0.0049858349585677935
L3_pullback+L5_pyramid,9,2026-04,327.2631863834331,0.006545263727668662
L3_pullback+L5_pyramid,9,2026-05,989.584736499105,0.0197916947299821
L3_pullback+L5_pyramid,9,2026-06,-891.3913247405635,-0.01782782649481127
L3_pullback+L5_pyramid,9,2026-07,-14.217023949919167,-0.00028434047899838333
L3_pullback+L5_pyramid,10,2025-08,16.521111455911523,0.00033042222911823044
L3_pullback+L5_pyramid,10,2025-09,258.0320878860448,0.005160641757720896
L3_pullback+L5_pyramid,10,2025-10,93.60449194865942,0.0018720898389731884
L3_pullback+L5_pyramid,10,2025-11,-487.00643432646484,-0.009740128686529298
L3_pullback+L5_pyramid,10,2025-12,-184.78597677016387,-0.0036957195354032774
L3_pullback+L5_pyramid,10,2026-01,1487.910794859682,0.02975821589719364
L3_pullback+L5_pyramid,10,2026-02,316.5545004685637,0.006331090009371274
L3_pullback+L5_pyramid,10,2026-03,-456.36930868936906,-0.009127386173787382
L3_pullback+L5_pyramid,10,2026-04,441.3048996438147,0.008826097992876293
L3_pullback+L5_pyramid,10,2026-05,47.90612990631507,0.0009581225981263015
L3_pullback+L5_pyramid,10,2026-06,36.311434254608685,0.0007262286850921737
L3_pullback+L5_pyramid,10,2026-07,-103.91840937318011,-0.002078368187463602
L3_pullback+L5_pyramid,11,2025-08,-300.01871483710147,-0.0060003742967420295
L3_pullback+L5_pyramid,11,2025-09,203.50964683810707,0.004070192936762141
L3_pullback+L5_pyramid,11,2025-10,94.13528862239491,0.001882705772447898
L3_pullback+L5_pyramid,11,2025-11,-668.9941780053787,-0.013379883560107574
L3_pullback+L5_pyramid,11,2025-12,-131.22289736916355,-0.002624457947383271
L3_pullback+L5_pyramid,11,2026-01,1249.1277134828715,0.02498255426965743
L3_pullback+L5_pyramid,11,2026-02,-335.63277846449546,-0.006712655569289909
L3_pullback+L5_pyramid,11,2026-03,-225.13164607440376,-0.004502632921488075
L3_pullback+L5_pyramid,11,2026-04,749.3505461661407,0.014987010923322814
L3_pullback+L5_pyramid,11,2026-05,11.899362670716073,0.00023798725341432145
L3_pullback+L5_pyramid,11,2026-06,-64.36813415910183,-0.0012873626831820366
L3_pullback+L5_pyramid,11,2026-07,-76.52081567841469,-0.0015304163135682939
L3_pullback+L5_pyramid,12,2025-08,73.62080661886648,0.0014724161323773296
L3_pullback+L5_pyramid,12,2025-09,111.19946851971599,0.00222398937039432
L3_pullback+L5_pyramid,12,2025-10,-117.58888445714456,-0.002351777689142891
L3_pullback+L5_pyramid,12,2025-11,-152.4491383073655,-0.00304898276614731
L3_pullback+L5_pyramid,12,2025-12,-141.63212099578504,-0.002832642419915701
L3_pullback+L5_pyramid,12,2026-01,37.44147588829219,0.0007488295177658438
L3_pullback+L5_pyramid,12,2026-02,-5.9948936505525126,-0.00011989787301105024
L3_pullback+L5_pyramid,12,2026-03,-159.51323855894043,-0.0031902647711788087
L3_pullback+L5_pyramid,12,2026-04,47.94458226868301,0.0009588916453736601
L3_pullback+L5_pyramid,12,2026-05,167.5848391156178,0.003351696782312356
L3_pullback+L5_pyramid,12,2026-06,60.013509247985894,0.001200270184959718
L3_pullback+L5_pyramid,12,2026-07,225.6705740175248,0.0045134114803504965
L3_pullback+L5_pyramid,13,2025-08,-115.18875750728603,-0.0023037751501457206
L3_pullback+L5_pyramid,13,2025-09,1486.63515805741,0.0297327031611482
L3_pullback+L5_pyramid,13,2025-10,226.20451272470564,0.004524090254494113
L3_pullback+L5_pyramid,13,2025-11,-961.5880417550061,-0.01923176083510012
L3_pullback+L5_pyramid,13,2025-12,-293.2686143183819,-0.005865372286367638
L3_pullback+L5_pyramid,13,2026-01,147.57092431253204,0.002951418486250641
L3_pullback+L5_pyramid,13,2026-02,0.9165207069081589,1.8330414138163178e-05
L3_pullback+L5_pyramid,13,2026-03,-395.5196521373773,-0.007910393042747547
L3_pullback+L5_pyramid,13,2026-04,814.2979623740785,0.01628595924748157
L3_pullback+L5_pyramid,13,2026-05,1172.4249203624277,0.023448498407248552
L3_pullback+L5_pyramid,13,2026-06,1698.4945565360822,0.033969891130721644
L3_pullback+L5_pyramid,13,2026-07,132.8462049241689,0.002656924098483378
L3_pullback+L5_pyramid,14,2025-08,-64.80810741689038,-0.0012961621483378075
L3_pullback+L5_pyramid,14,2025-09,3356.9334480643693,0.06713866896128738
L3_pullback+L5_pyramid,14,2025-10,-291.5577030085133,-0.005831154060170265
L3_pullback+L5_pyramid,14,2025-11,-453.17086316604946,-0.009063417263320989
L3_pullback+L5_pyramid,14,2025-12,7.775119892437942,0.00015550239784875884
L3_pullback+L5_pyramid,14,2026-01,950.0169343477492,0.019000338686954985
L3_pullback+L5_pyramid,14,2026-02,96.5523591929732,0.001931047183859464
L3_pullback+L5_pyramid,14,2026-03,-783.5122749339835,-0.01567024549867967
L3_pullback+L5_pyramid,14,2026-04,641.9172657990448,0.012838345315980895
L3_pullback+L5_pyramid,14,2026-05,1506.8604131960346,0.030137208263920693
L3_pullback+L5_pyramid,14,2026-06,-857.2067686651017,-0.017144135373302033
L3_pullback+L5_pyramid,14,2026-07,-88.93960875181256,-0.001778792175036251
L3_pullback+L5_pyramid,15,2025-08,520.6155442025674,0.010412310884051349
L3_pullback+L5_pyramid,15,2025-09,2702.861709204826,0.054057234184096525
L3_pullback+L5_pyramid,15,2025-10,-948.8091974848303,-0.018976183949696607
L3_pullback+L5_pyramid,15,2025-11,-378.9908720635167,-0.007579817441270334
L3_pullback+L5_pyramid,15,2025-12,-357.69314493098136,-0.007153862898619627
L3_pullback+L5_pyramid,15,2026-01,7.109371572564669,0.00014218743145129337
L3_pullback+L5_pyramid,15,2026-02,-301.1140686030931,-0.006022281372061861
L3_pullback+L5_pyramid,15,2026-03,-403.24236666642537,-0.008064847333328507
L3_pullback+L5_pyramid,15,2026-04,856.4562025838577,0.017129124051677155
L3_pullback+L5_pyramid,15,2026-05,1230.1216674707894,0.024602433349415788
L3_pullback+L5_pyramid,15,2026-06,1015.1200605322892,0.020302401210645783
L3_pullback+L5_pyramid,15,2026-07,152.45767207664085,0.003049153441532817
L3_pullback+L5_pyramid,16,2025-08,177.8201724786304,0.0035564034495726084
L3_pullback+L5_pyramid,16,2025-09,678.8773109818885,0.013577546219637771
L3_pullback+L5_pyramid,16,2025-10,90.91961543971865,0.0018183923087943732
L3_pullback+L5_pyramid,16,2025-11,-305.68566127703343,-0.006113713225540668
L3_pullback+L5_pyramid,16,2025-12,-220.47441131893447,-0.00440948822637869
L3_pullback+L5_pyramid,16,2026-01,581.5556423644903,0.011631112847289805
L3_pullback+L5_pyramid,16,2026-02,162.84066740120852,0.0032568133480241706
L3_pullback+L5_pyramid,16,2026-03,-259.6461221160989,-0.0051929224423219785
L3_pullback+L5_pyramid,16,2026-04,880.9703718664477,0.017619407437328954
L3_pullback+L5_pyramid,16,2026-05,-318.8125567375264,-0.006376251134750528
L3_pullback+L5_pyramid,16,2026-06,1563.1208771559086,0.03126241754311817
L3_pullback+L5_pyramid,16,2026-07,81.80320498326,0.0016360640996652001
L3_pullback+L5_pyramid,17,2025-08,6.170705795718277,0.00012341411591436553
L3_pullback+L5_pyramid,17,2025-09,665.7524497598006,0.013315048995196012
L3_pullback+L5_pyramid,17,2025-10,-224.71375316718695,-0.004494275063343739
L3_pullback+L5_pyramid,17,2025-11,-981.3959420362635,-0.01962791884072527
L3_pullback+L5_pyramid,17,2025-12,-272.6360901562757,-0.005452721803125515
L3_pullback+L5_pyramid,17,2026-01,341.63587729648316,0.006832717545929663
L3_pullback+L5_pyramid,17,2026-02,-100.27487276124066,-0.0020054974552248133
L3_pullback+L5_pyramid,17,2026-03,123.28443754885302,0.0024656887509770602
L3_pullback+L5_pyramid,17,2026-04,186.9577853738001,0.0037391557074760023
L3_pullback+L5_pyramid,17,2026-05,397.2509499753187,0.007945018999506373
L3_pullback+L5_pyramid,17,2026-06,-46.53570748913717,-0.0009307141497827433
L3_pullback+L5_pyramid,17,2026-07,42.67877687757755,0.000853575537551551
L3_pullback+L5_pyramid,18,2025-08,-351.35938353829897,-0.007027187670765979
L3_pullback+L5_pyramid,18,2025-09,-20.703646408737768,-0.00041407292817475535
L3_pullback+L5_pyramid,18,2025-10,225.3463026705822,0.004506926053411644
L3_pullback+L5_pyramid,18,2025-11,-729.982130110544,-0.01459964260221088
L3_pullback+L5_pyramid,18,2025-12,-185.49108981828522,-0.003709821796365704
L3_pullback+L5_pyramid,18,2026-01,248.9167382780397,0.004978334765560794
L3_pullback+L5_pyramid,18,2026-02,373.7967235546939,0.007475934471093878
L3_pullback+L5_pyramid,18,2026-03,-535.3070890092522,-0.010706141780185044
L3_pullback+L5_pyramid,18,2026-04,837.2105708965091,0.016744211417930182
L3_pullback+L5_pyramid,18,2026-05,753.7095933368137,0.015074191866736274
L3_pullback+L5_pyramid,18,2026-06,1747.1896743407242,0.034943793486814485
L3_pullback+L5_pyramid,18,2026-07,-143.82982428672585,-0.002876596485734517
L3_pullback+L5_pyramid,19,2025-08,-151.71590939341513,-0.0030343181878683028
L3_pullback+L5_pyramid,19,2025-09,1612.466732674121,0.03224933465348242
L3_pullback+L5_pyramid,19,2025-10,549.5501515475471,0.010991003030950942
L3_pullback+L5_pyramid,19,2025-11,-891.7361562937422,-0.017834723125874842
L3_pullback+L5_pyramid,19,2025-12,-91.75322079941179,-0.0018350644159882358
L3_pullback+L5_pyramid,19,2026-01,638.605344787773,0.01277210689575546
L3_pullback+L5_pyramid,19,2026-02,98.30602763366096,0.0019661205526732193
L3_pullback+L5_pyramid,19,2026-03,-284.6372935779209,-0.005692745871558418
L3_pullback+L5_pyramid,19,2026-04,62.71138975924168,0.0012542277951848337
L3_pullback+L5_pyramid,19,2026-05,854.959743624835,0.0170991948724967
L3_pullback+L5_pyramid,19,2026-06,-143.9920168089593,-0.0028798403361791863
L3_pullback+L5_pyramid,19,2026-07,95.96097452835693,0.0019192194905671386
L3_pullback+L5_pyramid,20,2025-08,-699.7232460068444,-0.013994464920136888
L3_pullback+L5_pyramid,20,2025-09,1376.2861482084782,0.027525722964169563
L3_pullback+L5_pyramid,20,2025-10,824.5451289892371,0.016490902579784743
L3_pullback+L5_pyramid,20,2025-11,-552.9505817247309,-0.011059011634494619
L3_pullback+L5_pyramid,20,2025-12,-150.3795478084694,-0.003007590956169388
L3_pullback+L5_pyramid,20,2026-01,420.78576089929084,0.008415715217985816
L3_pullback+L5_pyramid,20,2026-02,138.93476650023513,0.0027786953300047027
L3_pullback+L5_pyramid,20,2026-03,-547.3674871299463,-0.010947349742598925
L3_pullback+L5_pyramid,20,2026-04,359.79137611451097,0.007195827522290219
L3_pullback+L5_pyramid,20,2026-05,623.0107312607688,0.012460214625215377
L3_pullback+L5_pyramid,20,2026-06,-108.6717665372471,-0.002173435330744942
L3_pullback+L5_pyramid,20,2026-07,76.54146488573315,0.001530829297714663
L3_pullback+L5_pyramid,21,2025-08,-102.15662449332285,-0.002043132489866457
L3_pullback+L5_pyramid,21,2025-09,159.14602278102575,0.003182920455620515
L3_pullback+L5_pyramid,21,2025-10,-86.50661068998306,-0.0017301322137996612
L3_pullback+L5_pyramid,21,2025-11,-284.57789831817627,-0.0056915579663635255
L3_pullback+L5_pyramid,21,2025-12,-265.0167899708604,-0.0053003357994172075
L3_pullback+L5_pyramid,21,2026-01,331.48551869134553,0.006629710373826911
L3_pullback+L5_pyramid,21,2026-02,91.30607947617591,0.001826121589523518
L3_pullback+L5_pyramid,21,2026-03,-377.63078077275077,-0.0075526156154550154
L3_pullback+L5_pyramid,21,2026-04,457.37826927875176,0.009147565385575035
L3_pullback+L5_pyramid,21,2026-05,25.566563523687364,0.0005113312704737473
L3_pullback+L5_pyramid,21,2026-06,-3.6612214048764145,-7.32244280975283e-05
L3_pullback+L5_pyramid,21,2026-07,95.80906665393923,0.0019161813330787845
L3_pullback+L5_pyramid,22,2025-08,-104.00966571370827,-0.0020801933142741654
L3_pullback+L5_pyramid,22,2025-09,406.7999505771486,0.008135999011542971
L3_pullback+L5_pyramid,22,2025-10,227.32268506849232,0.0045464537013698465
L3_pullback+L5_pyramid,22,2025-11,51.0381739361701,0.001020763478723402
L3_pullback+L5_pyramid,22,2025-12,99.92654624953866,0.0019985309249907733
L3_pullback+L5_pyramid,22,2026-01,-231.70006597939482,-0.0046340013195878965
L3_pullback+L5_pyramid,22,2026-02,12.109428386998843,0.00024218856773997686
L3_pullback+L5_pyramid,22,2026-03,-272.5112848355893,-0.005450225696711787
L3_pullback+L5_pyramid,22,2026-04,96.47143684096773,0.0019294287368193546
L3_pullback+L5_pyramid,22,2026-05,-103.31459106931379,-0.002066291821386276
L3_pullback+L5_pyramid,22,2026-06,-162.29877376509558,-0.0032459754753019114
L3_pullback+L5_pyramid,22,2026-07,-90.39401539045411,-0.0018078803078090822
L3_pullback+L5_pyramid,23,2025-08,69.55669273907188,0.0013911338547814376
L3_pullback+L5_pyramid,23,2025-09,1778.6526737061704,0.03557305347412341
L3_pullback+L5_pyramid,23,2025-10,854.9628675371496,0.01709925735074299
L3_pullback+L5_pyramid,23,2025-11,-25.670889858226474,-0.0005134177971645294
L3_pullback+L5_pyramid,23,2025-12,209.1447055560975,0.00418289411112195
L3_pullback+L5_pyramid,23,2026-01,257.76487143787926,0.0051552974287575855
L3_pullback+L5_pyramid,23,2026-02,-334.3676463636648,-0.006687352927273296
L3_pullback+L5_pyramid,23,2026-03,-214.39502739374984,-0.004287900547874997
L3_pullback+L5_pyramid,23,2026-04,281.18689342875587,0.005623737868575117
L3_pullback+L5_pyramid,23,2026-05,857.197077871815,0.0171439415574363
L3_pullback+L5_pyramid,23,2026-06,-327.1428941378963,-0.006542857882757926
L3_pullback+L5_pyramid,23,2026-07,352.79343763048837,0.007055868752609768
L3_pullback+L5_pyramid,24,2025-08,-150.57887024948013,-0.0030115774049896027
L3_pullback+L5_pyramid,24,2025-09,124.46716606307291,0.002489343321261458
L3_pullback+L5_pyramid,24,2025-10,36.463718610400065,0.0007292743722080013
L3_pullback+L5_pyramid,24,2025-11,-323.55666574095267,-0.006471133314819053
L3_pullback+L5_pyramid,24,2025-12,-180.90083778088774,-0.003618016755617755
L3_pullback+L5_pyramid,24,2026-01,-109.56976693166234,-0.002191395338633247
L3_pullback+L5_pyramid,24,2026-02,8.290556711898716,0.00016581113423797434
L3_pullback+L5_pyramid,24,2026-03,-37.86114097563859,-0.0007572228195127719
L3_pullback+L5_pyramid,24,2026-04,306.15669916868956,0.0061231339833737915
L3_pullback+L5_pyramid,24,2026-05,-653.9897197078662,-0.013079794394157325
L3_pullback+L5_pyramid,24,2026-06,35.03153126568486,0.0007006306253136972
L3_pullback+L5_pyramid,24,2026-07,-80.43835606624725,-0.001608767121324945
L3_pullback+L5_pyramid,25,2025-08,-73.99882275549226,-0.001479976455109845
L3_pullback+L5_pyramid,25,2025-09,627.9778810244788,0.012559557620489577
L3_pullback+L5_pyramid,25,2025-10,119.63146483580294,0.0023926292967160587
L3_pullback+L5_pyramid,25,2025-11,293.34931057525773,0.005866986211505155
L3_pullback+L5_pyramid,25,2025-12,57.92296767640619,0.0011584593535281238
L3_pullback+L5_pyramid,25,2026-01,37.03425729303217,0.0007406851458606434
L3_pullback+L5_pyramid,25,2026-02,-10.280259151968494,-0.00020560518303936988
L3_pullback+L5_pyramid,25,2026-03,-197.1989902170326,-0.003943979804340652
L3_pullback+L5_pyramid,25,2026-04,272.07954139991125,0.005441590827998225
L3_pullback+L5_pyramid,25,2026-05,-201.0999554563632,-0.004021999109127264
L3_pullback+L5_pyramid,25,2026-06,-130.00979662384907,-0.0026001959324769815
L3_pullback+L5_pyramid,25,2026-07,145.0855644258454,0.0029017112885169082
L3_pullback+L5_pyramid,26,2025-08,-391.57024563765117,-0.007831404912753023
L3_pullback+L5_pyramid,26,2025-09,-12.544196888144143,-0.00025088393776288284
L3_pullback+L5_pyramid,26,2025-10,372.47580782011664,0.007449516156402333
L3_pullback+L5_pyramid,26,2025-11,-17.599817016513953,-0.0003519963403302791
L3_pullback+L5_pyramid,26,2025-12,-194.1631361586742,-0.003883262723173484
L3_pullback+L5_pyramid,26,2026-01,19.151325108367928,0.00038302650216735855
L3_pullback+L5_pyramid,26,2026-02,678.9741702877136,0.013579483405754272
L3_pullback+L5_pyramid,26,2026-03,-127.92413567980566,-0.002558482713596113
L3_pullback+L5_pyramid,26,2026-04,23.713166334638117,0.00047426332669276236
L3_pullback+L5_pyramid,26,2026-05,-184.32868647161104,-0.0036865737294322206
L3_pullback+L5_pyramid,26,2026-06,57.528071217435354,0.001150561424348707
L3_pullback+L5_pyramid,26,2026-07,212.39724345429477,0.004247944869085895
L3_pullback+L5_pyramid,27,2025-08,177.22015271760665,0.003544403054352133
L3_pullback+L5_pyramid,27,2025-09,726.6077184030355,0.01453215436806071
L3_pullback+L5_pyramid,27,2025-10,321.1905348129694,0.006423810696259388
L3_pullback+L5_pyramid,27,2025-11,-70.33557981169542,-0.0014067115962339085
L3_pullback+L5_pyramid,27,2025-12,-177.82694461923347,-0.0035565388923846693
L3_pullback+L5_pyramid,27,2026-01,-30.40369166779692,-0.0006080738333559384
L3_pullback+L5_pyramid,27,2026-02,-119.67108736121463,-0.0023934217472242926
L3_pullback+L5_pyramid,27,2026-03,-115.39350327209104,-0.002307870065441821
L3_pullback+L5_pyramid,27,2026-04,343.3348314967343,0.006866696629934686
L3_pullback+L5_pyramid,27,2026-05,-73.26030570866169,-0.0014652061141732337
L3_pullback+L5_pyramid,27,2026-06,22.79171349355147,0.0004558342698710294
L3_pullback+L5_pyramid,27,2026-07,-168.9110064104625,-0.00337822012820925
L3_pullback+L5_pyramid,28,2025-08,1197.2589280109523,0.023945178560219046
L3_pullback+L5_pyramid,28,2025-09,1772.2060927934845,0.03544412185586969
L3_pullback+L5_pyramid,28,2025-10,441.7239092273594,0.008834478184547188
L3_pullback+L5_pyramid,28,2025-11,-1461.804397818637,-0.02923608795637274
L3_pullback+L5_pyramid,28,2025-12,-148.16547555656325,-0.002963309511131265
L3_pullback+L5_pyramid,28,2026-01,-231.03473222172306,-0.004620694644434461
L3_pullback+L5_pyramid,28,2026-02,-165.94514622682345,-0.003318902924536469
L3_pullback+L5_pyramid,28,2026-03,-120.07714917465819,-0.0024015429834931636
L3_pullback+L5_pyramid,28,2026-04,102.08167627834791,0.002041633525566958
L3_pullback+L5_pyramid,28,2026-05,-471.6186234857014,-0.009432372469714028
L3_pullback+L5_pyramid,28,2026-06,-84.3583559344579,-0.0016871671186891582
L3_pullback+L5_pyramid,28,2026-07,31.640358457872026,0.0006328071691574405
L3_pullback+L5_pyramid,29,2025-08,654.196003959868,0.01308392007919736
L3_pullback+L5_pyramid,29,2025-09,76.82215957960761,0.0015364431915921523
L3_pullback+L5_pyramid,29,2025-10,438.8003395094256,0.008776006790188513
L3_pullback+L5_pyramid,29,2025-11,-357.6691663565425,-0.00715338332713085
L3_pullback+L5_pyramid,29,2025-12,-166.11829459491128,-0.0033223658918982257
L3_pullback+L5_pyramid,29,2026-01,174.5769112966227,0.0034915382259324544
L3_pullback+L5_pyramid,29,2026-02,311.52278926957206,0.006230455785391441
L3_pullback+L5_pyramid,29,2026-03,-604.2742052901967,-0.012085484105803934
L3_pullback+L5_pyramid,29,2026-04,572.9223891924858,0.011458447783849714
L3_pullback+L5_pyramid,29,2026-05,358.5715398393095,0.0071714307967861895
L3_pullback+L5_pyramid,29,2026-06,-111.07734457308288,-0.0022215468914616576
L3_pullback+L5_pyramid,29,2026-07,83.26371378998192,0.0016652742757996383
L3_pullback+L5_pyramid,30,2025-08,-97.69514028824324,-0.0019539028057648645
L3_pullback+L5_pyramid,30,2025-09,155.81795119965136,0.003116359023993027
L3_pullback+L5_pyramid,30,2025-10,367.5840135547469,0.0073516802710949375
L3_pullback+L5_pyramid,30,2025-11,60.17647313236466,0.0012035294626472934
L3_pullback+L5_pyramid,30,2025-12,-107.19460795344094,-0.0021438921590688186
L3_pullback+L5_pyramid,30,2026-01,619.0830788722797,0.012381661577445593
L3_pullback+L5_pyramid,30,2026-02,325.9590594440051,0.006519181188880102
L3_pullback+L5_pyramid,30,2026-03,31.638057231166385,0.0006327611446233277
L3_pullback+L5_pyramid,30,2026-04,171.33432826357603,0.0034266865652715205
L3_pullback+L5_pyramid,30,2026-05,-132.13548354960494,-0.0026427096709920987
L3_pullback+L5_pyramid,30,2026-06,10.229524470637443,0.00020459048941274887
L3_pullback+L5_pyramid,30,2026-07,143.10160415559858,0.0028620320831119718
L3_pullback+L5_pyramid,31,2025-08,-262.7513393034387,-0.005255026786068775
L3_pullback+L5_pyramid,31,2025-09,422.42234538407956,0.008448446907681591
L3_pullback+L5_pyramid,31,2025-10,408.18557635620255,0.008163711527124052
L3_pullback+L5_pyramid,31,2025-11,-449.4205734186535,-0.00898841146837307
L3_pullback+L5_pyramid,31,2025-12,-336.4881272249786,-0.0067297625444995715
L3_pullback+L5_pyramid,31,2026-01,475.079368874397,0.00950158737748794
L3_pullback+L5_pyramid,31,2026-02,371.1185286077207,0.0074223705721544134
L3_pullback+L5_pyramid,31,2026-03,-470.40619781617625,-0.009408123956323525
L3_pullback+L5_pyramid,31,2026-04,359.9197971161284,0.007198395942322568
L3_pullback+L5_pyramid,31,2026-05,493.86080901451714,0.009877216180290343
L3_pullback+L5_pyramid,31,2026-06,64.6290127881457,0.001292580255762914
L3_pullback+L5_pyramid,31,2026-07,10.78850747487013,0.0002157701494974026
L3_pullback+L5_pyramid,32,2025-08,-86.0048879944643,-0.001720097759889286
L3_pullback+L5_pyramid,32,2025-09,1140.809066694991,0.022816181333899822
L3_pullback+L5_pyramid,32,2025-10,338.5415588298147,0.006770831176596294
L3_pullback+L5_pyramid,32,2025-11,-1174.6796424357644,-0.02349359284871529
L3_pullback+L5_pyramid,32,2025-12,-252.2217398546709,-0.005044434797093418
L3_pullback+L5_pyramid,32,2026-01,584.9705231587741,0.011699410463175481
L3_pullback+L5_pyramid,32,2026-02,-81.64084868335885,-0.001632816973667177
L3_pullback+L5_pyramid,32,2026-03,-438.23769827420983,-0.008764753965484196
L3_pullback+L5_pyramid,32,2026-04,754.3575348798831,0.015087150697597662
L3_pullback+L5_pyramid,32,2026-05,803.2922735058137,0.016065845470116275
L3_pullback+L5_pyramid,32,2026-06,1796.9928758913347,0.0359398575178267
L3_pullback+L5_pyramid,32,2026-07,-242.51899871536443,-0.004850379974307289
L3_pullback+L5_pyramid,33,2025-08,-23.070551915002397,-0.0004614110383000479
L3_pullback+L5_pyramid,33,2025-09,664.9423165762591,0.013298846331525184
L3_pullback+L5_pyramid,33,2025-10,-81.93698697542277,-0.0016387397395084553
L3_pullback+L5_pyramid,33,2025-11,-515.1965875597925,-0.01030393175119585
L3_pullback+L5_pyramid,33,2025-12,-103.83954662806082,-0.0020767909325612164
L3_pullback+L5_pyramid,33,2026-01,877.0444359080575,0.01754088871816115
L3_pullback+L5_pyramid,33,2026-02,89.90769009230826,0.0017981538018461652
L3_pullback+L5_pyramid,33,2026-03,-244.59793211407123,-0.004891958642281424
L3_pullback+L5_pyramid,33,2026-04,409.0455198787713,0.008180910397575425
L3_pullback+L5_pyramid,33,2026-05,207.06006278983932,0.004141201255796786
L3_pullback+L5_pyramid,33,2026-06,-165.3647420816751,-0.003307294841633502
L3_pullback+L5_pyramid,33,2026-07,327.60645982525057,0.006552129196505011
L3_pullback+L5_pyramid,34,2025-08,-244.10639720541894,-0.004882127944108379
L3_pullback+L5_pyramid,34,2025-09,296.695488653746,0.00593390977307492
L3_pullback+L5_pyramid,34,2025-10,131.7493053913813,0.0026349861078276264
L3_pullback+L5_pyramid,34,2025-11,-148.81419132127303,-0.0029762838264254608
L3_pullback+L5_pyramid,34,2025-12,-128.88848320999932,-0.0025777696641999864
L3_pullback+L5_pyramid,34,2026-01,405.76643688007334,0.008115328737601468
L3_pullback+L5_pyramid,34,2026-02,511.69611965290915,0.010233922393058183
L3_pullback+L5_pyramid,34,2026-03,-215.57771297122235,-0.004311554259424447
L3_pullback+L5_pyramid,34,2026-04,803.0790211549083,0.016061580423098167
L3_pullback+L5_pyramid,34,2026-05,-374.6401385787358,-0.007492802771574715
L3_pullback+L5_pyramid,34,2026-06,-233.4608596588905,-0.00466921719317781
L3_pullback+L5_pyramid,34,2026-07,-140.37874985322378,-0.0028075749970644754
L3_pullback+L5_pyramid,35,2025-08,-478.07286152397046,-0.009561457230479409
L3_pullback+L5_pyramid,35,2025-09,158.89248011513155,0.003177849602302631
L3_pullback+L5_pyramid,35,2025-10,146.94320331489325,0.002938864066297865
L3_pullback+L5_pyramid,35,2025-11,-455.46421644272596,-0.009109284328854519
L3_pullback+L5_pyramid,35,2025-12,-180.37846714618445,-0.003607569342923689
L3_pullback+L5_pyramid,35,2026-01,289.40768418206517,0.005788153683641303
L3_pullback+L5_pyramid,35,2026-02,282.3899045636408,0.0056477980912728164
L3_pullback+L5_pyramid,35,2026-03,-563.1502607778793,-0.011263005215557587
L3_pullback+L5_pyramid,35,2026-04,105.6639587225518,0.002113279174451036
L3_pullback+L5_pyramid,35,2026-05,-22.228952361399024,-0.0004445790472279805
L3_pullback+L5_pyramid,35,2026-06,78.02391038351107,0.0015604782076702212
L3_pullback+L5_pyramid,35,2026-07,-214.88305629413207,-0.0042976611258826415
L3_pullback+L5_pyramid,36,2025-08,166.24457505221017,0.0033248915010442035
L3_pullback+L5_pyramid,36,2025-09,1818.621734071221,0.03637243468142442
L3_pullback+L5_pyramid,36,2025-10,654.3332929738763,0.013086665859477525
L3_pullback+L5_pyramid,36,2025-11,-679.385581305206,-0.013587711626104119
L3_pullback+L5_pyramid,36,2025-12,-163.61365107772417,-0.0032722730215544835
L3_pullback+L5_pyramid,36,2026-01,1067.860504384752,0.02135721008769504
L3_pullback+L5_pyramid,36,2026-02,-154.673637204035,-0.0030934727440807
L3_pullback+L5_pyramid,36,2026-03,-172.02171829337567,-0.0034404343658675134
L3_pullback+L5_pyramid,36,2026-04,63.580624366077245,0.001271612487321545
L3_pullback+L5_pyramid,36,2026-05,1660.2352375381834,0.03320470475076367
L3_pullback+L5_pyramid,36,2026-06,-144.68625651776165,-0.002893725130355233
L3_pullback+L5_pyramid,36,2026-07,-45.57882417516976,-0.0009115764835033952
L3_pullback+L5_pyramid,37,2025-08,-350.8904042264003,-0.007017808084528006
L3_pullback+L5_pyramid,37,2025-09,-184.9101924262386,-0.0036982038485247723
L3_pullback+L5_pyramid,37,2025-10,-74.74839814242205,-0.001494967962848441
L3_pullback+L5_pyramid,37,2025-11,-692.4441201847312,-0.013848882403694624
L3_pullback+L5_pyramid,37,2025-12,-218.24710991999473,-0.004364942198399895
L3_pullback+L5_pyramid,37,2026-01,-214.99452699794438,-0.004299890539958887
L3_pullback+L5_pyramid,37,2026-02,250.50600217368265,0.0050101200434736525
L3_pullback+L5_pyramid,37,2026-03,23.598587973996473,0.0004719717594799295
L3_pullback+L5_pyramid,37,2026-04,550.8444910893295,0.01101688982178659
L3_pullback+L5_pyramid,37,2026-05,250.69736065621964,0.005013947213124393
L3_pullback+L5_pyramid,37,2026-06,1840.753142122675,0.0368150628424535
L3_pullback+L5_pyramid,37,2026-07,-112.37596332254816,-0.002247519266450963
L3_pullback+L5_pyramid,38,2025-08,-131.04239571549806,-0.002620847914309961
L3_pullback+L5_pyramid,38,2025-09,1668.4615164145216,0.03336923032829043
L3_pullback+L5_pyramid,38,2025-10,678.4508207063482,0.013569016414126963
L3_pullback+L5_pyramid,38,2025-11,-241.66282480164227,-0.004833256496032845
L3_pullback+L5_pyramid,38,2025-12,149.3333855958217,0.0029866677119164344
L3_pullback+L5_pyramid,38,2026-01,911.8322224038902,0.018236644448077804
L3_pullback+L5_pyramid,38,2026-02,124.38731687233394,0.002487746337446679
L3_pullback+L5_pyramid,38,2026-03,-472.9314114199051,-0.009458628228398101
L3_pullback+L5_pyramid,38,2026-04,-77.40520104681764,-0.0015481040209363527
L3_pullback+L5_pyramid,38,2026-05,736.5528058143555,0.01473105611628711
L3_pullback+L5_pyramid,38,2026-06,-136.19304579714571,-0.0027238609159429142
L3_pullback+L5_pyramid,38,2026-07,103.02976609715734,0.0020605953219431468
L3_pullback+L5_pyramid,39,2025-08,297.85133481232424,0.005957026696246485
L3_pullback+L5_pyramid,39,2025-09,659.9890088296879,0.013199780176593758
L3_pullback+L5_pyramid,39,2025-10,383.074796359856,0.00766149592719712
L3_pullback+L5_pyramid,39,2025-11,-821.6182198463439,-0.016432364396926878
L3_pullback+L5_pyramid,39,2025-12,-379.2959029460444,-0.007585918058920888
L3_pullback+L5_pyramid,39,2026-01,91.57900496458751,0.0018315800992917501
L3_pullback+L5_pyramid,39,2026-02,171.44783441216077,0.0034289566882432154
L3_pullback+L5_pyramid,39,2026-03,-767.6198191222238,-0.015352396382444476
L3_pullback+L5_pyramid,39,2026-04,316.949176133332,0.00633898352266664
L3_pullback+L5_pyramid,39,2026-05,-5.701329544691362,-0.00011402659089382723
L3_pullback+L5_pyramid,39,2026-06,-35.45018225483636,-0.0007090036450967273
L3_pullback+L5_pyramid,39,2026-07,-47.24151645810525,-0.000944830329162105
L3_pullback+L5_pyramid,40,2025-08,-435.73702036421673,-0.008714740407284335
L3_pullback+L5_pyramid,40,2025-09,2466.5411387545655,0.04933082277509131
L3_pullback+L5_pyramid,40,2025-10,1168.6456084426263,0.023372912168852525
L3_pullback+L5_pyramid,40,2025-11,-1648.1786577824505,-0.03296357315564901
L3_pullback+L5_pyramid,40,2025-12,-490.2080015357924,-0.009804160030715848
L3_pullback+L5_pyramid,40,2026-01,677.1934828944532,0.013543869657889063
L3_pullback+L5_pyramid,40,2026-02,-79.35978122623237,-0.0015871956245246475
L3_pullback+L5_pyramid,40,2026-03,0.8950399960540381,1.790079992108076e-05
L3_pullback+L5_pyramid,40,2026-04,1317.560711833239,0.026351214236664783
L3_pullback+L5_pyramid,40,2026-05,1380.3831801389497,0.027607663602778994
L3_pullback+L5_pyramid,40,2026-06,1639.225866274056,0.03278451732548112
L3_pullback+L5_pyramid,40,2026-07,-141.65458775671596,-0.002833091755134319
L3_pullback+L5_pyramid,41,2025-08,313.60385993488853,0.006272077198697771
L3_pullback+L5_pyramid,41,2025-09,-48.41379431036421,-0.0009682758862072842
L3_pullback+L5_pyramid,41,2025-10,146.4814941573486,0.0029296298831469722
L3_pullback+L5_pyramid,41,2025-11,-765.7242118690465,-0.015314484237380929
L3_pullback+L5_pyramid,41,2025-12,-172.5731081065569,-0.003451462162131138
L3_pullback+L5_pyramid,41,2026-01,692.6919858111914,0.013853839716223828
L3_pullback+L5_pyramid,41,2026-02,40.51272742573019,0.0008102545485146038
L3_pullback+L5_pyramid,41,2026-03,-629.9465171998072,-0.012598930343996144
L3_pullback+L5_pyramid,41,2026-04,199.71210626040192,0.003994242125208039
L3_pullback+L5_pyramid,41,2026-05,565.7695917081292,0.011315391834162584
L3_pullback+L5_pyramid,41,2026-06,-223.83491115037123,-0.0044766982230074245
L3_pullback+L5_pyramid,41,2026-07,-188.83729987830066,-0.003776745997566013
L3_pullback+L5_pyramid,42,2025-08,-575.5685602420235,-0.01151137120484047
L3_pullback+L5_pyramid,42,2025-09,371.3961658633925,0.00742792331726785
L3_pullback+L5_pyramid,42,2025-10,101.35031144328423,0.0020270062288656847
L3_pullback+L5_pyramid,42,2025-11,-684.1067028122625,-0.01368213405624525
L3_pullback+L5_pyramid,42,2025-12,-35.130943422656856,-0.0007026188684531371
L3_pullback+L5_pyramid,42,2026-01,213.8224054374532,0.004276448108749064
L3_pullback+L5_pyramid,42,2026-02,232.3886507818279,0.004647773015636558
L3_pullback+L5_pyramid,42,2026-03,-197.67362645101184,-0.003953472529020237
L3_pullback+L5_pyramid,42,2026-04,-71.65645010212211,-0.0014331290020424422
L3_pullback+L5_pyramid,42,2026-05,-73.7402357174733,-0.001474804714349466
L3_pullback+L5_pyramid,42,2026-06,28.623092919718147,0.0005724618583943629
L3_pullback+L5_pyramid,42,2026-07,71.396368831357,0.00142792737662714
L3_pullback+L5_pyramid,43,2025-08,575.8055039888513,0.011516110079777027
L3_pullback+L5_pyramid,43,2025-09,552.7817117068698,0.011055634234137397
L3_pullback+L5_pyramid,43,2025-10,589.3867324087005,0.01178773464817401
L3_pullback+L5_pyramid,43,2025-11,-1251.1978473365816,-0.025023956946731634
L3_pullback+L5_pyramid,43,2025-12,-257.00822990848974,-0.005140164598169795
L3_pullback+L5_pyramid,43,2026-01,-353.30625160441014,-0.007066125032088203
L3_pullback+L5_pyramid,43,2026-02,-64.8203131141654,-0.001296406262283308
L3_pullback+L5_pyramid,43,2026-03,-148.98354869258947,-0.0029796709738517894
L3_pullback+L5_pyramid,43,2026-04,563.7879312129544,0.011275758624259087
L3_pullback+L5_pyramid,43,2026-05,625.0005295696938,0.012500010591393875
L3_pullback+L5_pyramid,43,2026-06,1808.8176850651034,0.036176353701302066
L3_pullback+L5_pyramid,43,2026-07,209.0331684543071,0.004180663369086142
L3_pullback+L5_pyramid,44,2025-08,-118.79506207746181,-0.002375901241549236
L3_pullback+L5_pyramid,44,2025-09,1891.9972837196765,0.03783994567439353
L3_pullback+L5_pyramid,44,2025-10,73.93970128874389,0.0014787940257748777
L3_pullback+L5_pyramid,44,2025-11,-664.7605577460745,-0.01329521115492149
L3_pullback+L5_pyramid,44,2025-12,-190.86383977435344,-0.0038172767954870687
L3_pullback+L5_pyramid,44,2026-01,564.0839063845042,0.011281678127690084
L3_pullback+L5_pyramid,44,2026-02,-520.284499954807,-0.010405689999096138
L3_pullback+L5_pyramid,44,2026-03,-123.5633155144269,-0.002471266310288538
L3_pullback+L5_pyramid,44,2026-04,878.7988558015722,0.017575977116031444
L3_pullback+L5_pyramid,44,2026-05,-87.145018994991,-0.00174290037989982
L3_pullback+L5_pyramid,44,2026-06,-194.40222854269905,-0.003888044570853981
L3_pullback+L5_pyramid,44,2026-07,61.91919614453673,0.0012383839228907346
L3_pullback+L5_pyramid,45,2025-08,-113.89020480853105,-0.002277804096170621
L3_pullback+L5_pyramid,45,2025-09,1249.8061136348842,0.024996122272697686
L3_pullback+L5_pyramid,45,2025-10,428.6377806183409,0.008572755612366818
L3_pullback+L5_pyramid,45,2025-11,-327.19908571471206,-0.006543981714294241
L3_pullback+L5_pyramid,45,2025-12,11.929596374015091,0.0002385919274803018
L3_pullback+L5_pyramid,45,2026-01,647.7257414543674,0.012954514829087348
L3_pullback+L5_pyramid,45,2026-02,292.6113909417609,0.005852227818835217
L3_pullback+L5_pyramid,45,2026-03,-416.21550112774366,-0.008324310022554873
L3_pullback+L5_pyramid,45,2026-04,161.49950502464526,0.003229990100492905
L3_pullback+L5_pyramid,45,2026-05,753.3937292058963,0.015067874584117926
L3_pullback+L5_pyramid,45,2026-06,-4.711544589604273,-9.423089179208546e-05
L3_pullback+L5_pyramid,45,2026-07,234.12827378122074,0.0046825654756244145
L3_pullback+L5_pyramid,46,2025-08,-97.48964703794991,-0.0019497929407589982
L3_pullback+L5_pyramid,46,2025-09,-135.24653195600877,-0.0027049306391201755
L3_pullback+L5_pyramid,46,2025-10,243.91512584340126,0.004878302516868025
L3_pullback+L5_pyramid,46,2025-11,-125.21819858544768,-0.0025043639717089537
L3_pullback+L5_pyramid,46,2025-12,-89.29039829044905,-0.001785807965808981
L3_pullback+L5_pyramid,46,2026-01,-32.564086144659086,-0.0006512817228931817
L3_pullback+L5_pyramid,46,2026-02,331.3879437418773,0.006627758874837545
L3_pullback+L5_pyramid,46,2026-03,-434.38992951992986,-0.008687798590398598
L3_pullback+L5_pyramid,46,2026-04,-113.59117001922186,-0.002271823400384437
L3_pullback+L5_pyramid,46,2026-05,356.6190017421841,0.0071323800348436816
L3_pullback+L5_pyramid,46,2026-06,-22.609545121593328,-0.0004521909024318666
L3_pullback+L5_pyramid,46,2026-07,76.744669122083,0.00153489338244166
L3_pullback+L5_pyramid,47,2025-08,295.6933413564748,0.005913866827129495
L3_pullback+L5_pyramid,47,2025-09,1988.4483282144656,0.03976896656428931
L3_pullback+L5_pyramid,47,2025-10,890.6136852945656,0.01781227370589131
L3_pullback+L5_pyramid,47,2025-11,-51.34351771398633,-0.0010268703542797267
L3_pullback+L5_pyramid,47,2025-12,-134.31626671617232,-0.0026863253343234464
L3_pullback+L5_pyramid,47,2026-01,737.9826656145387,0.014759653312290774
L3_pullback+L5_pyramid,47,2026-02,-170.44911395414874,-0.0034089822790829747
L3_pullback+L5_pyramid,47,2026-03,-805.9867103260531,-0.01611973420652106
L3_pullback+L5_pyramid,47,2026-04,773.9359631900097,0.015478719263800194
L3_pullback+L5_pyramid,47,2026-05,595.4194450532668,0.011908388901065336
L3_pullback+L5_pyramid,47,2026-06,-132.899908471878,-0.0026579981694375603
L3_pullback+L5_pyramid,47,2026-07,-51.92399365082474,-0.0010384798730164947
L3_pullback+L5_pyramid,48,2025-08,-105.15238638160281,-0.002103047727632056
L3_pullback+L5_pyramid,48,2025-09,1467.880691164949,0.02935761382329898
L3_pullback+L5_pyramid,48,2025-10,823.2051617062361,0.016464103234124724
L3_pullback+L5_pyramid,48,2025-11,-670.9423278227823,-0.013418846556455647
L3_pullback+L5_pyramid,48,2025-12,-6.692052622702249,-0.00013384105245404498
L3_pullback+L5_pyramid,48,2026-01,308.1919369403968,0.0061638387388079354
L3_pullback+L5_pyramid,48,2026-02,-187.75825352916036,-0.0037551650705832072
L3_pullback+L5_pyramid,48,2026-03,-47.71074888765543,-0.0009542149777531085
L3_pullback+L5_pyramid,48,2026-04,15.24430536185264,0.00030488610723705277
L3_pullback+L5_pyramid,48,2026-05,1250.9202985165539,0.025018405970331076
L3_pullback+L5_pyramid,48,2026-06,-120.55214191416962,-0.0024110428382833923
L3_pullback+L5_pyramid,48,2026-07,-317.4351055916941,-0.006348702111833882
L3_pullback+L5_pyramid,49,2025-08,-575.353102968239,-0.01150706205936478
L3_pullback+L5_pyramid,49,2025-09,1960.8910492963623,0.03921782098592724
L3_pullback+L5_pyramid,49,2025-10,-1036.1779640251725,-0.02072355928050345
L3_pullback+L5_pyramid,49,2025-11,-389.9822041196394,-0.007799644082392788
L3_pullback+L5_pyramid,49,2025-12,-50.30278150552749,-0.0010060556301105497
L3_pullback+L5_pyramid,49,2026-01,-270.2165836756667,-0.005404331673513334
L3_pullback+L5_pyramid,49,2026-02,4.615782403254343,9.231564806508686e-05
L3_pullback+L5_pyramid,49,2026-03,-312.1304732322815,-0.00624260946464563
L3_pullback+L5_pyramid,49,2026-04,671.567898242798,0.01343135796485596
L3_pullback+L5_pyramid,49,2026-05,863.4814872927518,0.017269629745855036
L3_pullback+L5_pyramid,49,2026-06,-646.5330842332714,-0.012930661684665428
L3_pullback+L5_pyramid,49,2026-07,88.47014384719387,0.0017694028769438773
L3_pullback+L5_pyramid,50,2025-08,33.718149781238026,0.0006743629956247606
L3_pullback+L5_pyramid,50,2025-09,1853.9937875601227,0.03707987575120245
L3_pullback+L5_pyramid,50,2025-10,-900.2528927533704,-0.018005057855067407
L3_pullback+L5_pyramid,50,2025-11,-178.09585538227657,-0.0035619171076455313
L3_pullback+L5_pyramid,50,2025-12,-313.15480066860437,-0.006263096013372087
L3_pullback+L5_pyramid,50,2026-01,-102.74170309035708,-0.0020548340618071416
L3_pullback+L5_pyramid,50,2026-02,48.16804077096094,0.0009633608154192188
L3_pullback+L5_pyramid,50,2026-03,-506.63567800321744,-0.010132713560064349
L3_pullback+L5_pyramid,50,2026-04,-73.28762481623926,-0.0014657524963247852
L3_pullback+L5_pyramid,50,2026-05,936.7929417531259,0.018735858835062517
L3_pullback+L5_pyramid,50,2026-06,-866.9843744718482,-0.017339687489436966
L3_pullback+L5_pyramid,50,2026-07,54.0788806548926,0.001081577613097852
L3_pullback+L5_pyramid,51,2025-08,95.88824782345273,0.0019177649564690545
L3_pullback+L5_pyramid,51,2025-09,310.04993442378054,0.006200998688475611
L3_pullback+L5_pyramid,51,2025-10,405.82300163048694,0.008116460032609739
L3_pullback+L5_pyramid,51,2025-11,-1183.9726715491925,-0.02367945343098385
L3_pullback+L5_pyramid,51,2025-12,-80.3928187801339,-0.0016078563756026778
L3_pullback+L5_pyramid,51,2026-01,1006.260452988191,0.02012520905976382
L3_pullback+L5_pyramid,51,2026-02,287.8093966490551,0.0057561879329811015
L3_pullback+L5_pyramid,51,2026-03,-811.2357723597297,-0.016224715447194595
L3_pullback+L5_pyramid,51,2026-04,325.6690272499209,0.006513380544998417
L3_pullback+L5_pyramid,51,2026-05,312.43886984907476,0.006248777396981495
L3_pullback+L5_pyramid,51,2026-06,1808.7540600104712,0.03617508120020942
L3_pullback+L5_pyramid,51,2026-07,-44.142979945298976,-0.0008828595989059795
L3_pullback+L5_pyramid,52,2025-08,485.2657290810048,0.009705314581620095
L3_pullback+L5_pyramid,52,2025-09,-6.572636946725652,-0.00013145273893451303
L3_pullback+L5_pyramid,52,2025-10,182.5161791758146,0.003650323583516292
L3_pullback+L5_pyramid,52,2025-11,-629.2527160008067,-0.012585054320016133
L3_pullback+L5_pyramid,52,2025-12,-52.631993409105235,-0.0010526398681821047
L3_pullback+L5_pyramid,52,2026-01,191.50415042717304,0.003830083008543461
L3_pullback+L5_pyramid,52,2026-02,494.61483153308654,0.009892296630661731
L3_pullback+L5_pyramid,52,2026-03,-729.8237489853173,-0.014596474979706345
L3_pullback+L5_pyramid,52,2026-04,415.17259479938366,0.008303451895987673
L3_pullback+L5_pyramid,52,2026-05,570.624484628469,0.01141248969256938
L3_pullback+L5_pyramid,52,2026-06,-24.02361361513431,-0.00048047227230268617
L3_pullback+L5_pyramid,52,2026-07,149.0967234540285,0.0029819344690805703
L3_pullback+L5_pyramid,53,2025-08,-338.0924779428342,-0.0067618495588566835
L3_pullback+L5_pyramid,53,2025-09,2526.162180081258,0.05052324360162516
L3_pullback+L5_pyramid,53,2025-10,1582.3370100956818,0.03164674020191364
L3_pullback+L5_pyramid,53,2025-11,-530.3008760217663,-0.010606017520435326
L3_pullback+L5_pyramid,53,2025-12,129.67300428378348,0.00259346008567567
L3_pullback+L5_pyramid,53,2026-01,648.614426299454,0.012972288525989079
L3_pullback+L5_pyramid,53,2026-02,-241.51724305811422,-0.004830344861162284
L3_pullback+L5_pyramid,53,2026-03,-521.0295742077669,-0.010420591484155339
L3_pullback+L5_pyramid,53,2026-04,764.1461770023552,0.015282923540047105
L3_pullback+L5_pyramid,53,2026-05,1244.4530736511115,0.02488906147302223
L3_pullback+L5_pyramid,53,2026-06,-222.80049145445446,-0.004456009829089089
L3_pullback+L5_pyramid,53,2026-07,33.16446186341636,0.0006632892372683272
L3_pullback+L5_pyramid,54,2025-08,-84.13753463591092,-0.0016827506927182185
L3_pullback+L5_pyramid,54,2025-09,-98.32483011348995,-0.001966496602269799
L3_pullback+L5_pyramid,54,2025-10,-108.96942000108538,-0.0021793884000217076
L3_pullback+L5_pyramid,54,2025-11,28.61606524475974,0.0005723213048951948
L3_pullback+L5_pyramid,54,2025-12,-147.59802383709575,-0.002951960476741915
L3_pullback+L5_pyramid,54,2026-01,262.39077802839256,0.005247815560567851
L3_pullback+L5_pyramid,54,2026-02,303.4389848162882,0.006068779696325764
L3_pullback+L5_pyramid,54,2026-03,-107.4090383555631,-0.002148180767111262
L3_pullback+L5_pyramid,54,2026-04,189.28818628908357,0.0037857637257816715
L3_pullback+L5_pyramid,54,2026-05,-287.56743051077956,-0.0057513486102155915
L3_pullback+L5_pyramid,54,2026-06,-88.78634772674377,-0.0017757269545348754
L3_pullback+L5_pyramid,54,2026-07,-44.913224049380005,-0.0008982644809876001
L3_pullback+L5_pyramid,55,2025-08,151.09847763528433,0.0030219695527056866
L3_pullback+L5_pyramid,55,2025-09,-12.860240927496307,-0.0002572048185499261
L3_pullback+L5_pyramid,55,2025-10,32.18254663828884,0.0006436509327657768
L3_pullback+L5_pyramid,55,2025-11,44.37622168305734,0.0008875244336611468
L3_pullback+L5_pyramid,55,2025-12,-64.14684743945963,-0.0012829369487891928
L3_pullback+L5_pyramid,55,2026-01,-43.98253549362471,-0.0008796507098724942
L3_pullback+L5_pyramid,55,2026-02,182.7373875829353,0.003654747751658706
L3_pullback+L5_pyramid,55,2026-03,-338.5617502497562,-0.006771235004995124
L3_pullback+L5_pyramid,55,2026-04,167.52778585898523,0.0033505557171797044
L3_pullback+L5_pyramid,55,2026-05,-56.8005919215575,-0.00113601183843115
L3_pullback+L5_pyramid,55,2026-06,-41.075115322126294,-0.0008215023064425259
L3_pullback+L5_pyramid,55,2026-07,85.33868301011262,0.0017067736602022524
L3_pullback+L5_pyramid,56,2025-08,-536.2434139432544,-0.010724868278865088
L3_pullback+L5_pyramid,56,2025-09,1031.33922593032,0.0206267845186064
L3_pullback+L5_pyramid,56,2025-10,78.24165811652801,0.0015648331623305603
L3_pullback+L5_pyramid,56,2025-11,-449.11470170919984,-0.008982294034183996
L3_pullback+L5_pyramid,56,2025-12,-211.299678445861,-0.00422599356891722
L3_pullback+L5_pyramid,56,2026-01,689.0851263578925,0.01378170252715785
L3_pullback+L5_pyramid,56,2026-02,-188.32765946515337,-0.0037665531893030673
L3_pullback+L5_pyramid,56,2026-03,-517.0775798667846,-0.010341551597335692
L3_pullback+L5_pyramid,56,2026-04,429.9697594178124,0.008599395188356248
L3_pullback+L5_pyramid,56,2026-05,6.139105006663158,0.00012278210013326316
L3_pullback+L5_pyramid,56,2026-06,-31.96265619926544,-0.0006392531239853088
L3_pullback+L5_pyramid,56,2026-07,-227.9289084456259,-0.004558578168912518
L3_pullback+L5_pyramid,57,2025-08,208.35369820102824,0.004167073964020565
L3_pullback+L5_pyramid,57,2025-09,2892.955799923524,0.05785911599847048
L3_pullback+L5_pyramid,57,2025-10,-895.1989339751899,-0.017903978679503798
L3_pullback+L5_pyramid,57,2025-11,-1129.4991184089686,-0.02258998236817937
L3_pullback+L5_pyramid,57,2025-12,-417.63168501158543,-0.00835263370023171
L3_pullback+L5_pyramid,57,2026-01,-190.3668824727083,-0.0038073376494541663
L3_pullback+L5_pyramid,57,2026-02,-45.303263790315214,-0.0009060652758063043
L3_pullback+L5_pyramid,57,2026-03,-249.29884091602435,-0.0049859768183204865
L3_pullback+L5_pyramid,57,2026-04,520.0363365892099,0.010400726731784198
L3_pullback+L5_pyramid,57,2026-05,1490.1741665571217,0.029803483331142435
L3_pullback+L5_pyramid,57,2026-06,824.7680565796445,0.01649536113159289
L3_pullback+L5_pyramid,57,2026-07,8.560116646359347,0.00017120233292718695
L3_pullback+L5_pyramid,58,2025-08,256.17350258924125,0.005123470051784825
L3_pullback+L5_pyramid,58,2025-09,3046.118854813356,0.06092237709626712
L3_pullback+L5_pyramid,58,2025-10,-422.0835294336739,-0.008441670588673478
L3_pullback+L5_pyramid,58,2025-11,-212.18866816215905,-0.004243773363243181
L3_pullback+L5_pyramid,58,2025-12,-182.0487025516195,-0.00364097405103239
L3_pullback+L5_pyramid,58,2026-01,864.6953921561926,0.017293907843123853
L3_pullback+L5_pyramid,58,2026-02,146.15040328005762,0.0029230080656011525
L3_pullback+L5_pyramid,58,2026-03,-476.5032134797739,-0.009530064269595477
L3_pullback+L5_pyramid,58,2026-04,382.6398468850248,0.007652796937700495
L3_pullback+L5_pyramid,58,2026-05,1918.6551984610187,0.038373103969220376
L3_pullback+L5_pyramid,58,2026-06,-878.5236191463091,-0.01757047238292618
L3_pullback+L5_pyramid,58,2026-07,193.85181097909845,0.003877036219581969
L3_pullback+L5_pyramid,59,2025-08,-301.5459634416611,-0.006030919268833222
L3_pullback+L5_pyramid,59,2025-09,-42.67053928177393,-0.0008534107856354785
L3_pullback+L5_pyramid,59,2025-10,-156.05377677675733,-0.0031210755355351467
L3_pullback+L5_pyramid,59,2025-11,21.733723787153394,0.0004346744757430679
L3_pullback+L5_pyramid,59,2025-12,-324.37277627285584,-0.006487455525457117
L3_pullback+L5_pyramid,59,2026-01,640.8981094564069,0.012817962189128139
L3_pullback+L5_pyramid,59,2026-02,421.5768503527106,0.008431537007054212
L3_pullback+L5_pyramid,59,2026-03,-655.385885360125,-0.013107717707202501
L3_pullback+L5_pyramid,59,2026-04,285.5387505460212,0.005710775010920425
L3_pullback+L5_pyramid,59,2026-05,353.15266678981516,0.007063053335796303
L3_pullback+L5_pyramid,59,2026-06,-50.432953099997576,-0.0010086590619999515
L3_pullback+L5_pyramid,59,2026-07,73.1991275763121,0.001463982551526242
L3_pullback+L5_pyramid,60,2025-08,-322.663641246133,-0.00645327282492266
L3_pullback+L5_pyramid,60,2025-09,470.3861451028424,0.009407722902056848
L3_pullback+L5_pyramid,60,2025-10,240.2393556157267,0.004804787112314534
L3_pullback+L5_pyramid,60,2025-11,-535.893314755378,-0.010717866295107561
L3_pullback+L5_pyramid,60,2025-12,-58.50052265042814,-0.0011700104530085627
L3_pullback+L5_pyramid,60,2026-01,552.3475908151177,0.011046951816302353
L3_pullback+L5_pyramid,60,2026-02,352.0719833921494,0.0070414396678429875
L3_pullback+L5_pyramid,60,2026-03,-198.42658246607425,-0.0039685316493214854
L3_pullback+L5_pyramid,60,2026-04,-242.93377597356812,-0.004858675519471362
L3_pullback+L5_pyramid,60,2026-05,-53.803346119761954,-0.001076066922395239
L3_pullback+L5_pyramid,60,2026-06,168.62568136575192,0.003372513627315038
L3_pullback+L5_pyramid,60,2026-07,-378.75898918495204,-0.007575179783699041
L3_pullback+L5_pyramid,61,2025-08,-667.2781896401766,-0.013345563792803532
L3_pullback+L5_pyramid,61,2025-09,1415.9123712419005,0.02831824742483801
L3_pullback+L5_pyramid,61,2025-10,770.3683649824561,0.015407367299649121
L3_pullback+L5_pyramid,61,2025-11,-643.3105915728447,-0.012866211831456894
L3_pullback+L5_pyramid,61,2025-12,-97.0068064293273,-0.001940136128586546
L3_pullback+L5_pyramid,61,2026-01,829.4269800410302,0.016588539600820604
L3_pullback+L5_pyramid,61,2026-02,-162.8822880488433,-0.0032576457609768657
L3_pullback+L5_pyramid,61,2026-03,-627.8458621564623,-0.012556917243129247
L3_pullback+L5_pyramid,61,2026-04,144.85085670191438,0.0028970171340382874
L3_pullback+L5_pyramid,61,2026-05,835.635470194029,0.01671270940388058
L3_pullback+L5_pyramid,61,2026-06,63.477146424113016,0.0012695429284822603
L3_pullback+L5_pyramid,61,2026-07,-211.18484527579767,-0.004223696905515954
L3_pullback+L5_pyramid,62,2025-08,16.43064906507061,0.00032861298130141224
L3_pullback+L5_pyramid,62,2025-09,512.8508322636135,0.01025701664527227
L3_pullback+L5_pyramid,62,2025-10,91.00891207999575,0.001820178241599915
L3_pullback+L5_pyramid,62,2025-11,-1017.4466186908321,-0.02034893237381664
L3_pullback+L5_pyramid,62,2025-12,-96.17003788282273,-0.0019234007576564545
L3_pullback+L5_pyramid,62,2026-01,57.07176498114677,0.0011414352996229355
L3_pullback+L5_pyramid,62,2026-02,-328.28425985292506,-0.006565685197058501
L3_pullback+L5_pyramid,62,2026-03,111.24228041295555,0.002224845608259111
L3_pullback+L5_pyramid,62,2026-04,317.29703019242334,0.0063459406038484665
L3_pullback+L5_pyramid,62,2026-05,135.3010013669682,0.002706020027339364
L3_pullback+L5_pyramid,62,2026-06,-60.184178335277466,-0.0012036835667055493
L3_pullback+L5_pyramid,62,2026-07,-94.58326218074399,-0.0018916652436148796
L3_pullback+L5_pyramid,63,2025-08,290.7742843058886,0.005815485686117772
L3_pullback+L5_pyramid,63,2025-09,191.51507299290915,0.003830301459858183
L3_pullback+L5_pyramid,63,2025-10,296.67230353930336,0.005933446070786067
L3_pullback+L5_pyramid,63,2025-11,-1134.0519750863768,-0.022681039501727538
L3_pullback+L5_pyramid,63,2025-12,-114.83575077768182,-0.0022967150155536365
L3_pullback+L5_pyramid,63,2026-01,92.88953409535407,0.0018577906819070814
L3_pullback+L5_pyramid,63,2026-02,-8.234224303823794,-0.00016468448607647587
L3_pullback+L5_pyramid,63,2026-03,-302.27342350948675,-0.006045468470189735
L3_pullback+L5_pyramid,63,2026-04,-88.24718004760962,-0.0017649436009521925
L3_pullback+L5_pyramid,63,2026-05,101.39632692753821,0.002027926538550764
L3_pullback+L5_pyramid,63,2026-06,11.588431442241927,0.00023176862884483854
L3_pullback+L5_pyramid,63,2026-07,50.914551340369144,0.0010182910268073829
L3_pullback+L5_pyramid,64,2025-08,-47.88845456081344,-0.0009577690912162688
L3_pullback+L5_pyramid,64,2025-09,273.70624349678656,0.0054741248699357314
L3_pullback+L5_pyramid,64,2025-10,206.00829291529226,0.004120165858305845
L3_pullback+L5_pyramid,64,2025-11,-1.9488148621921937,-3.897629724384387e-05
L3_pullback+L5_pyramid,64,2025-12,54.65644152130699,0.0010931288304261398
L3_pullback+L5_pyramid,64,2026-01,824.6744790322091,0.016493489580644182
L3_pullback+L5_pyramid,64,2026-02,95.98986321045959,0.0019197972642091918
L3_pullback+L5_pyramid,64,2026-03,-576.3137572058822,-0.011526275144117644
L3_pullback+L5_pyramid,64,2026-04,103.72704964742752,0.0020745409929485504
L3_pullback+L5_pyramid,64,2026-05,-89.77260295557244,-0.0017954520591114487
L3_pullback+L5_pyramid,64,2026-06,-219.77428964543196,-0.004395485792908639
L3_pullback+L5_pyramid,64,2026-07,312.4652113963293,0.006249304227926586
L3_pullback+L5_pyramid,65,2025-08,368.3761222906105,0.0073675224458122105
L3_pullback+L5_pyramid,65,2025-09,1954.3922170471114,0.03908784434094223
L3_pullback+L5_pyramid,65,2025-10,-1011.9591453731882,-0.020239182907463765
L3_pullback+L5_pyramid,65,2025-11,9.427714519228175,0.0001885542903845635
L3_pullback+L5_pyramid,65,2025-12,-134.17467723144273,-0.0026834935446288545
L3_pullback+L5_pyramid,65,2026-01,-77.68406008665806,-0.0015536812017331613
L3_pullback+L5_pyramid,65,2026-02,285.33096599923556,0.005706619319984711
L3_pullback+L5_pyramid,65,2026-03,-544.1316896255958,-0.010882633792511915
L3_pullback+L5_pyramid,65,2026-04,-82.42535583168865,-0.001648507116633773
L3_pullback+L5_pyramid,65,2026-05,881.301723605513,0.01762603447211026
L3_pullback+L5_pyramid,65,2026-06,-803.4102827898178,-0.016068205655796357
L3_pullback+L5_pyramid,65,2026-07,187.99379067302016,0.003759875813460403
L3_pullback+L5_pyramid,66,2025-08,-637.2905027983879,-0.012745810055967758
L3_pullback+L5_pyramid,66,2025-09,79.26283160619732,0.0015852566321239465
L3_pullback+L5_pyramid,66,2025-10,183.3562892378195,0.0036671257847563903
L3_pullback+L5_pyramid,66,2025-11,-102.68181503685264,-0.0020536363007370526
L3_pullback+L5_pyramid,66,2025-12,126.95438681175165,0.0025390877362350328
L3_pullback+L5_pyramid,66,2026-01,1167.242594616101,0.02334485189232202
L3_pullback+L5_pyramid,66,2026-02,50.54632302012942,0.0010109264604025883
L3_pullback+L5_pyramid,66,2026-03,-314.8436520312216,-0.006296873040624432
L3_pullback+L5_pyramid,66,2026-04,33.54011028469722,0.0006708022056939444
L3_pullback+L5_pyramid,66,2026-05,124.27787510710186,0.0024855575021420374
L3_pullback+L5_pyramid,66,2026-06,-136.99201797923251,-0.00273984035958465
L3_pullback+L5_pyramid,66,2026-07,135.98146887318217,0.002719629377463643
L3_pullback+L5_pyramid,67,2025-08,-140.56026848059082,-0.0028112053696118166
L3_pullback+L5_pyramid,67,2025-09,65.9758491345865,0.00131951698269173
L3_pullback+L5_pyramid,67,2025-10,-121.74459670151828,-0.0024348919340303654
L3_pullback+L5_pyramid,67,2025-11,24.519748598334445,0.0004903949719666889
L3_pullback+L5_pyramid,67,2025-12,-95.66322997482439,-0.0019132645994964878
L3_pullback+L5_pyramid,67,2026-01,-153.35833735740016,-0.0030671667471480033
L3_pullback+L5_pyramid,67,2026-02,379.7589404922237,0.007595178809844474
L3_pullback+L5_pyramid,67,2026-03,-200.40543441006503,-0.0040081086882013004
L3_pullback+L5_pyramid,67,2026-04,339.64005161990644,0.006792801032398129
L3_pullback+L5_pyramid,67,2026-05,-22.628474770711364,-0.00045256949541422727
L3_pullback+L5_pyramid,67,2026-06,0.0,0.0
L3_pullback+L5_pyramid,67,2026-07,460.6694702610039,0.009213389405220077
L3_pullback+L5_pyramid,68,2025-08,-94.34078728204986,-0.001886815745640997
L3_pullback+L5_pyramid,68,2025-09,1833.2479056570392,0.036664958113140786
L3_pullback+L5_pyramid,68,2025-10,862.0028022088272,0.017240056044176544
L3_pullback+L5_pyramid,68,2025-11,91.5054830727222,0.001830109661454444
L3_pullback+L5_pyramid,68,2025-12,-72.74023253776795,-0.001454804650755359
L3_pullback+L5_pyramid,68,2026-01,494.4388976341579,0.009888777952683158
L3_pullback+L5_pyramid,68,2026-02,112.25111259054847,0.0022450222518109694
L3_pullback+L5_pyramid,68,2026-03,-510.3341896720076,-0.010206683793440152
L3_pullback+L5_pyramid,68,2026-04,283.20994328391316,0.005664198865678263
L3_pullback+L5_pyramid,68,2026-05,854.0687549106415,0.01708137509821283
L3_pullback+L5_pyramid,68,2026-06,-51.91742785072256,-0.0010383485570144512
L3_pullback+L5_pyramid,68,2026-07,118.79437950590182,0.002375887590118036
L3_pullback+L5_pyramid,69,2025-08,-44.46651407395075,-0.0008893302814790149
L3_pullback+L5_pyramid,69,2025-09,837.9869217732949,0.016759738435465896
L3_pullback+L5_pyramid,69,2025-10,67.73926052711613,0.0013547852105423226
L3_pullback+L5_pyramid,69,2025-11,-880.4950185014523,-0.017609900370029043
L3_pullback+L5_pyramid,69,2025-12,-156.50625524230782,-0.003130125104846156
L3_pullback+L5_pyramid,69,2026-01,114.5208109212499,0.002290416218424998
L3_pullback+L5_pyramid,69,2026-02,119.39975048077122,0.0023879950096154243
L3_pullback+L5_pyramid,69,2026-03,-461.83255971857216,-0.009236651194371443
L3_pullback+L5_pyramid,69,2026-04,124.41162277223157,0.002488232455444631
L3_pullback+L5_pyramid,69,2026-05,140.39889555033005,0.002807977911006601
L3_pullback+L5_pyramid,69,2026-06,-33.28444929277066,-0.0006656889858554131
L3_pullback+L5_pyramid,69,2026-07,181.60779509655822,0.0036321559019311645
L3_pullback+L5_pyramid,70,2025-08,218.9519583009269,0.004379039166018538
L3_pullback+L5_pyramid,70,2025-09,2218.301972592115,0.044366039451842296
L3_pullback+L5_pyramid,70,2025-10,-802.176431544427,-0.01604352863088854
L3_pullback+L5_pyramid,70,2025-11,-422.39381309254895,-0.008447876261850978
L3_pullback+L5_pyramid,70,2025-12,-170.78170967004826,-0.0034156341934009652
L3_pullback+L5_pyramid,70,2026-01,-171.08495056927313,-0.0034216990113854627
L3_pullback+L5_pyramid,70,2026-02,313.8005937173475,0.0062760118743469505
L3_pullback+L5_pyramid,70,2026-03,-528.858001997236,-0.01057716003994472
L3_pullback+L5_pyramid,70,2026-04,-214.6571419242291,-0.004293142838484582
L3_pullback+L5_pyramid,70,2026-05,980.3377563681097,0.019606755127362194
L3_pullback+L5_pyramid,70,2026-06,-833.9932240365943,-0.016679864480731884
L3_pullback+L5_pyramid,70,2026-07,-267.65875426195,-0.005353175085239
L3_pullback+L5_pyramid,71,2025-08,-284.32995286125515,-0.005686599057225103
L3_pullback+L5_pyramid,71,2025-09,-216.98015939888228,-0.004339603187977646
L3_pullback+L5_pyramid,71,2025-10,-5.028692445902379,-0.0001005738489180476
L3_pullback+L5_pyramid,71,2025-11,-496.0800058511786,-0.009921600117023572
L3_pullback+L5_pyramid,71,2025-12,-157.10730750498078,-0.0031421461500996156
L3_pullback+L5_pyramid,71,2026-01,-52.79416123255396,-0.0010558832246510793
L3_pullback+L5_pyramid,71,2026-02,160.65562193903952,0.0032131124387807905
L3_pullback+L5_pyramid,71,2026-03,-512.8413423407246,-0.010256826846814492
L3_pullback+L5_pyramid,71,2026-04,684.8096623555148,0.013696193247110295
L3_pullback+L5_pyramid,71,2026-05,445.55894002239893,0.00891117880044798
L3_pullback+L5_pyramid,71,2026-06,1817.4264336381257,0.03634852867276251
L3_pullback+L5_pyramid,71,2026-07,55.86016228729022,0.0011172032457458046
L3_pullback+L5_pyramid,72,2025-08,562.1540063219018,0.011243080126438034
L3_pullback+L5_pyramid,72,2025-09,2299.595374232279,0.04599190748464558
L3_pullback+L5_pyramid,72,2025-10,-549.2166634210198,-0.010984333268420396
L3_pullback+L5_pyramid,72,2025-11,-315.45124985946495,-0.006309024997189299
L3_pullback+L5_pyramid,72,2025-12,158.17086962440135,0.003163417392488027
L3_pullback+L5_pyramid,72,2026-01,457.2509022126442,0.009145018044252884
L3_pullback+L5_pyramid,72,2026-02,24.055176810556077,0.00048110353621112154
L3_pullback+L5_pyramid,72,2026-03,-340.0772528777088,-0.006801545057554177
L3_pullback+L5_pyramid,72,2026-04,94.87381263217048,0.0018974762526434096
L3_pullback+L5_pyramid,72,2026-05,591.708715141951,0.011834174302839019
L3_pullback+L5_pyramid,72,2026-06,-1072.1889486317277,-0.021443778972634553
L3_pullback+L5_pyramid,72,2026-07,61.354954289692614,0.0012270990857938522
L3_pullback+L5_pyramid,73,2025-08,-31.40056178863051,-0.0006280112357726102
L3_pullback+L5_pyramid,73,2025-09,609.5259215499273,0.012190518430998545
L3_pullback+L5_pyramid,73,2025-10,42.59585534938378,0.0008519171069876757
L3_pullback+L5_pyramid,73,2025-11,-490.09441535164297,-0.009801888307032859
L3_pullback+L5_pyramid,73,2025-12,-95.14516047906272,-0.0019029032095812545
L3_pullback+L5_pyramid,73,2026-01,771.2183697323162,0.015424367394646324
L3_pullback+L5_pyramid,73,2026-02,492.49751851673045,0.00984995037033461
L3_pullback+L5_pyramid,73,2026-03,-388.5703230167883,-0.007771406460335766
L3_pullback+L5_pyramid,73,2026-04,630.3577671787853,0.012607155343575704
L3_pullback+L5_pyramid,73,2026-05,-310.411517864678,-0.00620823035729356
L3_pullback+L5_pyramid,73,2026-06,-66.62335806954161,-0.0013324671613908323
L3_pullback+L5_pyramid,73,2026-07,-26.675121814932936,-0.0005335024362986587
L3_pullback+L5_pyramid,74,2025-08,200.19021721737772,0.0040038043443475545
L3_pullback+L5_pyramid,74,2025-09,871.0648253705403,0.017421296507410807
L3_pullback+L5_pyramid,74,2025-10,348.5349615938503,0.006970699231877007
L3_pullback+L5_pyramid,74,2025-11,-123.0636937082545,-0.00246127387416509
L3_pullback+L5_pyramid,74,2025-12,-166.89231733578617,-0.0033378463467157236
L3_pullback+L5_pyramid,74,2026-01,300.4164420102352,0.006008328840204704
L3_pullback+L5_pyramid,74,2026-02,-378.0936451105954,-0.0075618729022119075
L3_pullback+L5_pyramid,74,2026-03,-146.4998816954303,-0.002929997633908606
L3_pullback+L5_pyramid,74,2026-04,84.88164303607391,0.0016976328607214782
L3_pullback+L5_pyramid,74,2026-05,9.82220565058924,0.0001964441130117848
L3_pullback+L5_pyramid,74,2026-06,118.07832710906769,0.002361566542181354
L3_pullback+L5_pyramid,74,2026-07,220.6576139614699,0.004413152279229398
L3_pullback+L5_pyramid,75,2025-08,-11.105843242758965,-0.0002221168648551793
L3_pullback+L5_pyramid,75,2025-09,169.1549065674526,0.003383098131349052
L3_pullback+L5_pyramid,75,2025-10,146.38985842837974,0.002927797168567595
L3_pullback+L5_pyramid,75,2025-11,-510.37195139190317,-0.010207439027838064
L3_pullback+L5_pyramid,75,2025-12,14.410653645952152,0.00028821307291904304
L3_pullback+L5_pyramid,75,2026-01,269.04560321331337,0.0053809120642662675
L3_pullback+L5_pyramid,75,2026-02,423.4690499554217,0.008469380999108435
L3_pullback+L5_pyramid,75,2026-03,-441.06244711926956,-0.00882124894238539
L3_pullback+L5_pyramid,75,2026-04,-86.69313792474077,-0.0017338627584948154
L3_pullback+L5_pyramid,75,2026-05,99.64286195627483,0.0019928572391254965
L3_pullback+L5_pyramid,75,2026-06,32.4207652480809,0.000648415304961618
L3_pullback+L5_pyramid,75,2026-07,-285.24580081651857,-0.005704916016330371
L3_pullback+L5_pyramid,76,2025-08,218.9798871037201,0.004379597742074402
L3_pullback+L5_pyramid,76,2025-09,587.0627757694383,0.011741255515388765
L3_pullback+L5_pyramid,76,2025-10,242.2353515785344,0.004844707031570688
L3_pullback+L5_pyramid,76,2025-11,-951.4045721738494,-0.019028091443476988
L3_pullback+L5_pyramid,76,2025-12,-137.78110296767227,-0.0027556220593534454
L3_pullback+L5_pyramid,76,2026-01,736.0862889470927,0.014721725778941855
L3_pullback+L5_pyramid,76,2026-02,722.4784323373306,0.01444956864674661
L3_pullback+L5_pyramid,76,2026-03,-842.0947357161403,-0.016841894714322805
L3_pullback+L5_pyramid,76,2026-04,319.7954325228866,0.006395908650457732
L3_pullback+L5_pyramid,76,2026-05,358.9769664344403,0.007179539328688807
L3_pullback+L5_pyramid,76,2026-06,-51.19128600132444,-0.0010238257200264889
L3_pullback+L5_pyramid,76,2026-07,45.841473499530366,0.0009168294699906073
L3_pullback+L5_pyramid,77,2025-08,61.590917430345144,0.0012318183486069029
L3_pullback+L5_pyramid,77,2025-09,719.9472733345701,0.014398945466691402
L3_pullback+L5_pyramid,77,2025-10,624.373030210757,0.012487460604215139
L3_pullback+L5_pyramid,77,2025-11,68.479623758456,0.00136959247516912
L3_pullback+L5_pyramid,77,2025-12,210.2516792862907,0.004205033585725815
L3_pullback+L5_pyramid,77,2026-01,565.3546304634374,0.011307092609268748
L3_pullback+L5_pyramid,77,2026-02,-208.78673757898468,-0.004175734751579694
L3_pullback+L5_pyramid,77,2026-03,-272.92735232990344,-0.0054585470465980685
L3_pullback+L5_pyramid,77,2026-04,279.1927038147287,0.005583854076294574
L3_pullback+L5_pyramid,77,2026-05,188.8403349477676,0.0037768066989553517
L3_pullback+L5_pyramid,77,2026-06,95.69939377659739,0.0019139878755319477
L3_pullback+L5_pyramid,77,2026-07,-76.52081567841469,-0.0015304163135682939
L3_pullback+L5_pyramid,78,2025-08,-463.3620809998847,-0.009267241619997695
L3_pullback+L5_pyramid,78,2025-09,4.935624435411228,9.871248870822455e-05
L3_pullback+L5_pyramid,78,2025-10,242.77505564224975,0.004855501112844995
L3_pullback+L5_pyramid,78,2025-11,-256.98673058506574,-0.005139734611701315
L3_pullback+L5_pyramid,78,2025-12,18.827501557816504,0.0003765500311563301
L3_pullback+L5_pyramid,78,2026-01,104.76273923808913,0.0020952547847617824
L3_pullback+L5_pyramid,78,2026-02,859.088085733235,0.0171817617146647
L3_pullback+L5_pyramid,78,2026-03,-632.4927392819845,-0.01264985478563969
L3_pullback+L5_pyramid,78,2026-04,801.777689697642,0.016035553793952842
L3_pullback+L5_pyramid,78,2026-05,501.7097685461149,0.010034195370922297
L3_pullback+L5_pyramid,78,2026-06,1800.4985723391337,0.036009971446782675
L3_pullback+L5_pyramid,78,2026-07,-137.85513068028285,-0.002757102613605657
L3_pullback+L5_pyramid,79,2025-08,-224.58715537202443,-0.004491743107440488
L3_pullback+L5_pyramid,79,2025-09,1748.6657247908652,0.0349733144958173
L3_pullback+L5_pyramid,79,2025-10,607.5054647996203,0.012150109295992407
L3_pullback+L5_pyramid,79,2025-11,-606.4076548344165,-0.01212815309668833
L3_pullback+L5_pyramid,79,2025-12,-118.04116090437765,-0.002360823218087553
L3_pullback+L5_pyramid,79,2026-01,456.8143537325004,0.009136287074650008
L3_pullback+L5_pyramid,79,2026-02,-369.515773342745,-0.0073903154668549
L3_pullback+L5_pyramid,79,2026-03,-435.9361960543256,-0.008718723921086512
L3_pullback+L5_pyramid,79,2026-04,1368.0123858109846,0.027360247716219692
L3_pullback+L5_pyramid,79,2026-05,440.43616405104694,0.008808723281020938
L3_pullback+L5_pyramid,79,2026-06,-107.2548136731084,-0.002145096273462168
L3_pullback+L5_pyramid,79,2026-07,140.30575817650515,0.002806115163530103
L3_pullback+L5_pyramid,80,2025-08,-188.0590478707236,-0.0037611809574144717
L3_pullback+L5_pyramid,80,2025-09,-136.02481372681086,-0.0027204962745362173
L3_pullback+L5_pyramid,80,2025-10,-129.300201039061,-0.00258600402078122
L3_pullback+L5_pyramid,80,2025-11,53.46374206373912,0.0010692748412747823
L3_pullback+L5_pyramid,80,2025-12,-93.90413579466986,-0.0018780827158933972
L3_pullback+L5_pyramid,80,2026-01,312.95474499262946,0.006259094899852589
L3_pullback+L5_pyramid,80,2026-02,572.7771864641827,0.011455543729283655
L3_pullback+L5_pyramid,80,2026-03,-666.2363928989362,-0.013324727857978724
L3_pullback+L5_pyramid,80,2026-04,270.73768103130624,0.005414753620626125
L3_pullback+L5_pyramid,80,2026-05,74.8355879143437,0.001496711758286874
L3_pullback+L5_pyramid,80,2026-06,11.257644064497072,0.00022515288128994144
L3_pullback+L5_pyramid,80,2026-07,331.68906369208344,0.006633781273841669
L3_pullback+L5_pyramid,81,2025-08,2.576153797751431,5.152307595502862e-05
L3_pullback+L5_pyramid,81,2025-09,88.71317574038221,0.0017742635148076443
L3_pullback+L5_pyramid,81,2025-10,-101.38013042328203,-0.0020276026084656406
L3_pullback+L5_pyramid,81,2025-11,-362.5005432744674,-0.007250010865489348
L3_pullback+L5_pyramid,81,2025-12,58.04902171525282,0.0011609804343050564
L3_pullback+L5_pyramid,81,2026-01,-36.11544625791703,-0.0007223089251583405
L3_pullback+L5_pyramid,81,2026-02,184.30998786442888,0.0036861997572885776
L3_pullback+L5_pyramid,81,2026-03,-361.1590351329078,-0.007223180702658156
L3_pullback+L5_pyramid,81,2026-04,511.86007777857685,0.010237201555571536
L3_pullback+L5_pyramid,81,2026-05,-64.40828865085314,-0.0012881657730170627
L3_pullback+L5_pyramid,81,2026-06,-12.824015446163685,-0.0002564803089232737
L3_pullback+L5_pyramid,81,2026-07,283.9940289636688,0.005679880579273377
L3_pullback+L5_pyramid,82,2025-08,541.9935882700956,0.010839871765401913
L3_pullback+L5_pyramid,82,2025-09,2729.9788221374247,0.054599576442748494
L3_pullback+L5_pyramid,82,2025-10,-670.8382702127274,-0.013416765404254547
L3_pullback+L5_pyramid,82,2025-11,-5.820368267921367,-0.00011640736535842734
L3_pullback+L5_pyramid,82,2025-12,-377.9650595822259,-0.007559301191644517
L3_pullback+L5_pyramid,82,2026-01,342.6539760757123,0.0068530795215142465
L3_pullback+L5_pyramid,82,2026-02,196.12845167707837,0.003922569033541568
L3_pullback+L5_pyramid,82,2026-03,-469.0790254536214,-0.009381580509072429
L3_pullback+L5_pyramid,82,2026-04,654.7311927679921,0.013094623855359842
L3_pullback+L5_pyramid,82,2026-05,977.9717895339363,0.019559435790678727
L3_pullback+L5_pyramid,82,2026-06,-774.8995200844547,-0.015497990401689095
L3_pullback+L5_pyramid,82,2026-07,-16.34332870975595,-0.000326866574195119
L3_pullback+L5_pyramid,83,2025-08,135.01310647036462,0.0027002621294072923
L3_pullback+L5_pyramid,83,2025-09,472.36910643140436,0.009447382128628088
L3_pullback+L5_pyramid,83,2025-10,-187.30496920106998,-0.0037460993840213994
L3_pullback+L5_pyramid,83,2025-11,-454.8831322691276,-0.009097662645382552
L3_pullback+L5_pyramid,83,2025-12,-345.7215750591158,-0.0069144315011823165
L3_pullback+L5_pyramid,83,2026-01,457.63182160346787,0.009152636432069358
L3_pullback+L5_pyramid,83,2026-02,-98.57716188784798,-0.0019715432377569596
L3_pullback+L5_pyramid,83,2026-03,165.29935074911282,0.0033059870149822566
L3_pullback+L5_pyramid,83,2026-04,1014.1534999913865,0.020283069999827732
L3_pullback+L5_pyramid,83,2026-05,412.9343620380214,0.008258687240760428
L3_pullback+L5_pyramid,83,2026-06,1747.0490852217645,0.03494098170443529
L3_pullback+L5_pyramid,83,2026-07,6.894693255659149,0.00013789386511318298
L3_pullback+L5_pyramid,84,2025-08,-10.37291478683801,-0.00020745829573676019
L3_pullback+L5_pyramid,84,2025-09,213.20006026603733,0.004264001205320746
L3_pullback+L5_pyramid,84,2025-10,-62.684874070786464,-0.0012536974814157293
L3_pullback+L5_pyramid,84,2025-11,-133.39635220157106,-0.0026679270440314214
L3_pullback+L5_pyramid,84,2025-12,-59.66937727833192,-0.0011933875455666385
L3_pullback+L5_pyramid,84,2026-01,-137.11879254248925,-0.0027423758508497847
L3_pullback+L5_pyramid,84,2026-02,81.35371058869532,0.0016270742117739064
L3_pullback+L5_pyramid,84,2026-03,-301.4758493159561,-0.006029516986319122
L3_pullback+L5_pyramid,84,2026-04,111.54199824031639,0.002230839964806328
L3_pullback+L5_pyramid,84,2026-05,-728.2664775598096,-0.014565329551196191
L3_pullback+L5_pyramid,84,2026-06,-247.25151310794445,-0.004945030262158889
L3_pullback+L5_pyramid,84,2026-07,7.016534656878321,0.00014033069313756642
L3_pullback+L5_pyramid,85,2025-08,-189.49770168533087,-0.0037899540337066173
L3_pullback+L5_pyramid,85,2025-09,-39.052235937244404,-0.0007810447187448881
L3_pullback+L5_pyramid,85,2025-10,-101.86777246382098,-0.0020373554492764197
L3_pullback+L5_pyramid,85,2025-11,-197.24677852450986,-0.003944935570490197
L3_pullback+L5_pyramid,85,2025-12,100.14355790502213,0.0020028711581004427
L3_pullback+L5_pyramid,85,2026-01,1071.4034904130922,0.021428069808261844
L3_pullback+L5_pyramid,85,2026-02,447.445623294042,0.008948912465880839
L3_pullback+L5_pyramid,85,2026-03,-641.0960195409434,-0.012821920390818869
L3_pullback+L5_pyramid,85,2026-04,820.3180615230021,0.01640636123046004
L3_pullback+L5_pyramid,85,2026-05,188.51539769789724,0.003770307953957945
L3_pullback+L5_pyramid,85,2026-06,-47.97565968077106,-0.0009595131936154212
L3_pullback+L5_pyramid,85,2026-07,143.1975287578298,0.0028639505751565956
L3_pullback+L5_pyramid,86,2025-08,-681.0169364016201,-0.013620338728032403
L3_pullback+L5_pyramid,86,2025-09,1124.1928531324074,0.02248385706264815
L3_pullback+L5_pyramid,86,2025-10,659.5379570667619,0.013190759141335238
L3_pullback+L5_pyramid,86,2025-11,-301.69669074029935,-0.006033933814805987
L3_pullback+L5_pyramid,86,2025-12,-4.853006351246222,-9.706012702492444e-05
L3_pullback+L5_pyramid,86,2026-01,592.7982226611057,0.011855964453222114
L3_pullback+L5_pyramid,86,2026-02,431.4595018658756,0.008629190037317512
L3_pullback+L5_pyramid,86,2026-03,-485.735247359572,-0.00971470494719144
L3_pullback+L5_pyramid,86,2026-04,302.12331188693315,0.006042466237738663
L3_pullback+L5_pyramid,86,2026-05,1213.9367100592754,0.024278734201185505
L3_pullback+L5_pyramid,86,2026-06,79.07447785060049,0.0015814895570120098
L3_pullback+L5_pyramid,86,2026-07,92.49489773689857,0.0018498979547379713
L3_pullback+L5_pyramid,87,2025-08,13.765247187184286,0.0002753049437436857
L3_pullback+L5_pyramid,87,2025-09,-16.93402066451108,-0.0003386804132902216
L3_pullback+L5_pyramid,87,2025-10,75.72266351850067,0.0015144532703700133
L3_pullback+L5_pyramid,87,2025-11,-152.1015071760521,-0.003042030143521042
L3_pullback+L5_pyramid,87,2025-12,-32.38283678735297,-0.0006476567357470594
L3_pullback+L5_pyramid,87,2026-01,668.1351067224505,0.01336270213444901
L3_pullback+L5_pyramid,87,2026-02,377.8149800262545,0.0075562996005250896
L3_pullback+L5_pyramid,87,2026-03,-650.8574860586814,-0.013017149721173628
L3_pullback+L5_pyramid,87,2026-04,490.21354377830903,0.00980427087556618
L3_pullback+L5_pyramid,87,2026-05,479.2054421597495,0.00958410884319499
L3_pullback+L5_pyramid,87,2026-06,-74.59528636401501,-0.0014919057272803002
L3_pullback+L5_pyramid,87,2026-07,279.8218242077937,0.005596436484155875
L3_pullback+L5_pyramid,88,2025-08,-227.04247087440126,-0.0045408494174880255
L3_pullback+L5_pyramid,88,2025-09,1444.30790133984,0.028886158026796803
L3_pullback+L5_pyramid,88,2025-10,824.0378138925016,0.016480756277850034
L3_pullback+L5_pyramid,88,2025-11,-538.7241892602051,-0.010774483785204101
L3_pullback+L5_pyramid,88,2025-12,-9.89590818801571,-0.0001979181637603142
L3_pullback+L5_pyramid,88,2026-01,569.033764024508,0.011380675280490159
L3_pullback+L5_pyramid,88,2026-02,-80.82454390631665,-0.0016164908781263329
L3_pullback+L5_pyramid,88,2026-03,-824.5341006275148,-0.016490682012550297
L3_pullback+L5_pyramid,88,2026-04,427.51815959276337,0.008550363191855268
L3_pullback+L5_pyramid,88,2026-05,30.136385420270926,0.0006027277084054185
L3_pullback+L5_pyramid,88,2026-06,93.5765656629037,0.001871531313258074
L3_pullback+L5_pyramid,88,2026-07,-164.07370420098505,-0.003281474084019701
L3_pullback+L5_pyramid,89,2025-08,-400.19458940553614,-0.008003891788110723
L3_pullback+L5_pyramid,89,2025-09,-146.85390329194615,-0.002937078065838923
L3_pullback+L5_pyramid,89,2025-10,51.58219727429241,0.0010316439454858483
L3_pullback+L5_pyramid,89,2025-11,-565.287866811761,-0.01130575733623522
L3_pullback+L5_pyramid,89,2025-12,-95.36831864960459,-0.0019073663729920918
L3_pullback+L5_pyramid,89,2026-01,146.05444593889024,0.0029210889187778048
L3_pullback+L5_pyramid,89,2026-02,41.7922116106638,0.0008358442322132759
L3_pullback+L5_pyramid,89,2026-03,-222.3569591022224,-0.004447139182044448
L3_pullback+L5_pyramid,89,2026-04,241.1754200717587,0.004823508401435174
L3_pullback+L5_pyramid,89,2026-05,-69.30833231258111,-0.0013861666462516224
L3_pullback+L5_pyramid,89,2026-06,-5.472857338515496,-0.00010945714677030991
L3_pullback+L5_pyramid,89,2026-07,-78.42829389089275,-0.001568565877817855
L3_pullback+L5_pyramid,90,2025-08,-169.01254783039258,-0.0033802509566078515
L3_pullback+L5_pyramid,90,2025-09,1669.084467782107,0.03338168935564214
L3_pullback+L5_pyramid,90,2025-10,902.2991189414306,0.018045982378828613
L3_pullback+L5_pyramid,90,2025-11,-547.8553794359914,-0.010957107588719827
L3_pullback+L5_pyramid,90,2025-12,62.93789459063373,0.0012587578918126746
L3_pullback+L5_pyramid,90,2026-01,444.54799187755543,0.008890959837551109
L3_pullback+L5_pyramid,90,2026-02,258.3285289377618,0.005166570578755236
L3_pullback+L5_pyramid,90,2026-03,-831.7699604444688,-0.016635399208889377
L3_pullback+L5_pyramid,90,2026-04,139.29503407009724,0.002785900681401945
L3_pullback+L5_pyramid,90,2026-05,545.1111979435464,0.010902223958870928
L3_pullback+L5_pyramid,90,2026-06,4.269695320384017,8.539390640768033e-05
L3_pullback+L5_pyramid,90,2026-07,147.38022756403006,0.0029476045512806014
L3_pullback+L5_pyramid,91,2025-08,-54.34755157190921,-0.0010869510314381842
L3_pullback+L5_pyramid,91,2025-09,1352.034462884536,0.02704068925769072
L3_pullback+L5_pyramid,91,2025-10,865.0627183018187,0.017301254366036373
L3_pullback+L5_pyramid,91,2025-11,-324.97494729892605,-0.0064994989459785215
L3_pullback+L5_pyramid,91,2025-12,10.549549530654076,0.0002109909906130815
L3_pullback+L5_pyramid,91,2026-01,675.0634342424055,0.013501268684848109
L3_pullback+L5_pyramid,91,2026-02,138.047295861169,0.00276094591722338
L3_pullback+L5_pyramid,91,2026-03,-1056.1053878608918,-0.021122107757217838
L3_pullback+L5_pyramid,91,2026-04,122.17400866424941,0.0024434801732849884
L3_pullback+L5_pyramid,91,2026-05,-9.309646327808878,-0.00018619292655617755
L3_pullback+L5_pyramid,91,2026-06,-156.4168818645594,-0.003128337637291188
L3_pullback+L5_pyramid,91,2026-07,286.3764060645726,0.0057275281212914525
L3_pullback+L5_pyramid,92,2025-08,-102.04770999140055,-0.002040954199828011
L3_pullback+L5_pyramid,92,2025-09,1005.9326619632811,0.02011865323926562
L3_pullback+L5_pyramid,92,2025-10,877.9729288914677,0.017559458577829354
L3_pullback+L5_pyramid,92,2025-11,-1010.9895367280305,-0.02021979073456061
L3_pullback+L5_pyramid,92,2025-12,-96.45578834702064,-0.0019291157669404128
L3_pullback+L5_pyramid,92,2026-01,97.09824377683981,0.001941964875536796
L3_pullback+L5_pyramid,92,2026-02,110.5444158333512,0.002210888316667024
L3_pullback+L5_pyramid,92,2026-03,-261.5743985321269,-0.0052314879706425385
L3_pullback+L5_pyramid,92,2026-04,619.4188139911903,0.012388376279823806
L3_pullback+L5_pyramid,92,2026-05,663.6575980439575,0.01327315196087915
L3_pullback+L5_pyramid,92,2026-06,24.767640091654357,0.0004953528018330871
L3_pullback+L5_pyramid,92,2026-07,-119.55073735460428,-0.0023910147470920856
L3_pullback+L5_pyramid,93,2025-08,370.56286269579414,0.007411257253915882
L3_pullback+L5_pyramid,93,2025-09,-107.31157592807904,-0.0021462315185615806
L3_pullback+L5_pyramid,93,2025-10,334.40801819524404,0.0066881603639048805
L3_pullback+L5_pyramid,93,2025-11,-222.68209371269313,-0.004453641874253862
L3_pullback+L5_pyramid,93,2025-12,38.32369218470012,0.0007664738436940024
L3_pullback+L5_pyramid,93,2026-01,-699.4422260866722,-0.013988844521733445
L3_pullback+L5_pyramid,93,2026-02,-72.865527731984,-0.00145731055463968
L3_pullback+L5_pyramid,93,2026-03,-132.66605969176908,-0.0026533211938353815
L3_pullback+L5_pyramid,93,2026-04,278.71024180448603,0.005574204836089721
L3_pullback+L5_pyramid,93,2026-05,305.58030709188097,0.006111606141837619
L3_pullback+L5_pyramid,93,2026-06,-10.111531000439754,-0.00020223062000879508
L3_pullback+L5_pyramid,93,2026-07,197.53667311415757,0.0039507334622831515
L3_pullback+L5_pyramid,94,2025-08,-779.8996228093929,-0.015597992456187858
L3_pullback+L5_pyramid,94,2025-09,-258.1220100586206,-0.005162440201172412
L3_pullback+L5_pyramid,94,2025-10,-229.31344356383306,-0.004586268871276661
L3_pullback+L5_pyramid,94,2025-11,-392.9177660436844,-0.007858355320873688
L3_pullback+L5_pyramid,94,2025-12,-50.13338340856171,-0.0010026676681712343
L3_pullback+L5_pyramid,94,2026-01,131.7359194833789,0.002634718389667578
L3_pullback+L5_pyramid,94,2026-02,-281.8688428125497,-0.005637376856250994
L3_pullback+L5_pyramid,94,2026-03,-94.98475405063073,-0.0018996950810126144
L3_pullback+L5_pyramid,94,2026-04,1138.9288569826313,0.022778577139652624
L3_pullback+L5_pyramid,94,2026-05,-244.51212810571087,-0.0048902425621142175
L3_pullback+L5_pyramid,94,2026-06,-81.73296400427807,-0.0016346592800855614
L3_pullback+L5_pyramid,94,2026-07,-56.46887278543636,-0.0011293774557087272
L3_pullback+L5_pyramid,95,2025-08,-122.17969245313179,-0.0024435938490626357
L3_pullback+L5_pyramid,95,2025-09,-447.73655723520915,-0.008954731144704183
L3_pullback+L5_pyramid,95,2025-10,-5.046995324343698,-0.00010093990648687396
L3_pullback+L5_pyramid,95,2025-11,-73.73037080906852,-0.0014746074161813704
L3_pullback+L5_pyramid,95,2025-12,16.97899177671843,0.0003395798355343686
L3_pullback+L5_pyramid,95,2026-01,-255.92812029814468,-0.005118562405962894
L3_pullback+L5_pyramid,95,2026-02,7.740115289620917,0.00015480230579241835
L3_pullback+L5_pyramid,95,2026-03,-208.43661729824544,-0.004168732345964909
L3_pullback+L5_pyramid,95,2026-04,92.2899757035093,0.001845799514070186
L3_pullback+L5_pyramid,95,2026-05,-642.5892528914483,-0.012851785057828965
L3_pullback+L5_pyramid,95,2026-06,86.10501699932502,0.0017221003399865004
L3_pullback+L5_pyramid,95,2026-07,110.52796531194417,0.0022105593062388836
L3_pullback+L5_pyramid,96,2025-08,-469.89101604322605,-0.00939782032086452
L3_pullback+L5_pyramid,96,2025-09,-76.41361407449313,-0.0015282722814898625
L3_pullback+L5_pyramid,96,2025-10,59.65662998754942,0.0011931325997509884
L3_pullback+L5_pyramid,96,2025-11,-218.466437082202,-0.00436932874164404
L3_pullback+L5_pyramid,96,2025-12,-100.90331562008487,-0.002018066312401697
L3_pullback+L5_pyramid,96,2026-01,358.91062336267896,0.007178212467253579
L3_pullback+L5_pyramid,96,2026-02,34.68368424810069,0.0006936736849620138
L3_pullback+L5_pyramid,96,2026-03,-352.42898513818,-0.0070485797027636
L3_pullback+L5_pyramid,96,2026-04,902.1188232062677,0.018042376464125355
L3_pullback+L5_pyramid,96,2026-05,11.855382578220997,0.00023710765156441995
L3_pullback+L5_pyramid,96,2026-06,-145.83310533913755,-0.002916662106782751
L3_pullback+L5_pyramid,96,2026-07,62.328119739841895,0.001246562394796838
L3_pullback+L5_pyramid,97,2025-08,7.779005405973294,0.00015558010811946588
L3_pullback+L5_pyramid,97,2025-09,416.58364081826585,0.008331672816365317
L3_pullback+L5_pyramid,97,2025-10,78.76977562689353,0.0015753955125378707
L3_pullback+L5_pyramid,97,2025-11,336.5227442901478,0.006730454885802956
L3_pullback+L5_pyramid,97,2025-12,-76.3913840323412,-0.0015278276806468239
L3_pullback+L5_pyramid,97,2026-01,122.760852094666,0.00245521704189332
L3_pullback+L5_pyramid,97,2026-02,369.29493872218245,0.007385898774443649
L3_pullback+L5_pyramid,97,2026-03,-566.4329396102166,-0.011328658792204334
L3_pullback+L5_pyramid,97,2026-04,520.4331201242849,0.010408662402485697
L3_pullback+L5_pyramid,97,2026-05,171.6080210395976,0.0034321604207919517
L3_pullback+L5_pyramid,97,2026-06,40.783984514174335,0.0008156796902834867
L3_pullback+L5_pyramid,97,2026-07,70.84097701868268,0.0014168195403736535
L3_pullback+L5_pyramid,98,2025-08,-99.7353215680896,-0.001994706431361792
L3_pullback+L5_pyramid,98,2025-09,1088.3969003932334,0.021767938007864668
L3_pullback+L5_pyramid,98,2025-10,689.6966436637385,0.01379393287327477
L3_pullback+L5_pyramid,98,2025-11,-386.8929653586829,-0.007737859307173658
L3_pullback+L5_pyramid,98,2025-12,-43.57739820230199,-0.0008715479640460398
L3_pullback+L5_pyramid,98,2026-01,776.2558154160342,0.015525116308320685
L3_pullback+L5_pyramid,98,2026-02,-155.80771522756913,-0.0031161543045513827
L3_pullback+L5_pyramid,98,2026-03,-228.21422346533382,-0.004564284469306676
L3_pullback+L5_pyramid,98,2026-04,46.747516371404345,0.0009349503274280869
L3_pullback+L5_pyramid,98,2026-05,1177.4685665020006,0.023549371330040012
L3_pullback+L5_pyramid,98,2026-06,-224.9040106506245,-0.00449808021301249
L3_pullback+L5_pyramid,98,2026-07,171.1995003410193,0.003423990006820386
L3_pullback+L5_pyramid,99,2025-08,-224.0323938190122,-0.004480647876380244
L3_pullback+L5_pyramid,99,2025-09,531.7020804717431,0.010634041609434862
L3_pullback+L5_pyramid,99,2025-10,437.639393156237,0.00875278786312474
L3_pullback+L5_pyramid,99,2025-11,-870.2448878210271,-0.01740489775642054
L3_pullback+L5_pyramid,99,2025-12,-598.2839607196383,-0.011965679214392767
L3_pullback+L5_pyramid,99,2026-01,-102.06736537587858,-0.0020413473075175715
L3_pullback+L5_pyramid,99,2026-02,-54.24298475579599,-0.0010848596951159198
L3_pullback+L5_pyramid,99,2026-03,21.19610218978505,0.00042392204379570103
L3_pullback+L5_pyramid,99,2026-04,1361.0878947261608,0.027221757894523215
L3_pullback+L5_pyramid,99,2026-05,-28.99763991402142,-0.0005799527982804284
L3_pullback+L5_pyramid,99,2026-06,1822.3213778346017,0.036446427556692036
L3_pullback+L5_pyramid,99,2026-07,17.530286312497083,0.0003506057262499417
L4_regime+L5_pyramid,0,2025-08,133.89469134608862,0.0026778938269217726
L4_regime+L5_pyramid,0,2025-09,4381.211758240173,0.08762423516480347
L4_regime+L5_pyramid,0,2025-10,-721.4503008046531,-0.014429006016093062
L4_regime+L5_pyramid,0,2025-11,-925.2494419207869,-0.01850498883841574
L4_regime+L5_pyramid,0,2025-12,-485.18466698857355,-0.00970369333977147
L4_regime+L5_pyramid,0,2026-01,440.5711301730953,0.008811422603461906
L4_regime+L5_pyramid,0,2026-02,-172.81298966135546,-0.003456259793227109
L4_regime+L5_pyramid,0,2026-03,-1561.3680379258676,-0.031227360758517352
L4_regime+L5_pyramid,0,2026-04,-41.32278235236299,-0.0008264556470472599
L4_regime+L5_pyramid,0,2026-05,4020.712166895043,0.08041424333790086
L4_regime+L5_pyramid,0,2026-06,-1387.841085069993,-0.02775682170139986
L4_regime+L5_pyramid,0,2026-07,-138.74923017354467,-0.0027749846034708934
L4_regime+L5_pyramid,1,2025-08,-605.5844403674064,-0.012111688807348128
L4_regime+L5_pyramid,1,2025-09,379.39003318896357,0.007587800663779272
L4_regime+L5_pyramid,1,2025-10,-152.23286278080286,-0.003044657255616057
L4_regime+L5_pyramid,1,2025-11,-74.6274067995646,-0.001492548135991292
L4_regime+L5_pyramid,1,2025-12,-140.3869825508409,-0.002807739651016818
L4_regime+L5_pyramid,1,2026-01,-226.14735579202807,-0.004522947115840561
L4_regime+L5_pyramid,1,2026-02,81.91022770984364,0.0016382045541968727
L4_regime+L5_pyramid,1,2026-03,-257.32508818179485,-0.005146501763635897
L4_regime+L5_pyramid,1,2026-04,-71.8232861080005,-0.00143646572216001
L4_regime+L5_pyramid,1,2026-05,27.312386044534833,0.0005462477208906967
L4_regime+L5_pyramid,1,2026-06,29.22733965295447,0.0005845467930590893
L4_regime+L5_pyramid,1,2026-07,102.2965540219293,0.002045931080438586
L4_regime+L5_pyramid,2,2025-08,614.5150750657267,0.012290301501314533
L4_regime+L5_pyramid,2,2025-09,4078.91844738924,0.08157836894778481
L4_regime+L5_pyramid,2,2025-10,1095.851604144469,0.021917032082889382
L4_regime+L5_pyramid,2,2025-11,-1264.9561539913648,-0.025299123079827294
L4_regime+L5_pyramid,2,2025-12,-181.33772864553703,-0.0036267545729107404
L4_regime+L5_pyramid,2,2026-01,431.09629118824523,0.008621925823764904
L4_regime+L5_pyramid,2,2026-02,1429.567419880772,0.02859134839761544
L4_regime+L5_pyramid,2,2026-03,-504.4548770977699,-0.010089097541955397
L4_regime+L5_pyramid,2,2026-04,74.20199612309807,0.0014840399224619613
L4_regime+L5_pyramid,2,2026-05,1662.5337425540529,0.03325067485108106
L4_regime+L5_pyramid,2,2026-06,-806.098475920101,-0.01612196951840202
L4_regime+L5_pyramid,2,2026-07,-367.24992486503834,-0.007344998497300767
L4_regime+L5_pyramid,3,2025-08,939.8372994335696,0.01879674598867139
L4_regime+L5_pyramid,3,2025-09,1252.9279334256698,0.025058558668513396
L4_regime+L5_pyramid,3,2025-10,1263.5502459647223,0.025271004919294446
L4_regime+L5_pyramid,3,2025-11,-1929.6431840680298,-0.0385928636813606
L4_regime+L5_pyramid,3,2025-12,-218.20309429036115,-0.004364061885807223
L4_regime+L5_pyramid,3,2026-01,1098.526219860787,0.02197052439721574
L4_regime+L5_pyramid,3,2026-02,286.8300264352347,0.005736600528704693
L4_regime+L5_pyramid,3,2026-03,-715.9722187796615,-0.014319444375593229
L4_regime+L5_pyramid,3,2026-04,-8.068919217259463,-0.00016137838434518927
L4_regime+L5_pyramid,3,2026-05,-114.17430813668034,-0.002283486162733607
L4_regime+L5_pyramid,3,2026-06,-176.49721222705284,-0.003529944244541057
L4_regime+L5_pyramid,3,2026-07,-161.5040101276145,-0.00323008020255229
L4_regime+L5_pyramid,4,2025-08,1547.8877931814386,0.030957755863628773
L4_regime+L5_pyramid,4,2025-09,815.0407301821979,0.016300814603643958
L4_regime+L5_pyramid,4,2025-10,-100.68576657978338,-0.0020137153315956677
L4_regime+L5_pyramid,4,2025-11,-2906.4440002464967,-0.05812888000492993
L4_regime+L5_pyramid,4,2025-12,-379.8382839931405,-0.00759676567986281
L4_regime+L5_pyramid,4,2026-01,574.5088253971553,0.011490176507943105
L4_regime+L5_pyramid,4,2026-02,862.304030846858,0.01724608061693716
L4_regime+L5_pyramid,4,2026-03,-733.308953113592,-0.01466617906227184
L4_regime+L5_pyramid,4,2026-04,1193.275867980642,0.023865517359612842
L4_regime+L5_pyramid,4,2026-05,508.6147204712988,0.010172294409425976
L4_regime+L5_pyramid,4,2026-06,1226.5500747295,0.02453100149459
L4_regime+L5_pyramid,4,2026-07,-737.2256816341414,-0.014744513632682829
L4_regime+L5_pyramid,5,2025-08,784.7981952681748,0.015695963905363496
L4_regime+L5_pyramid,5,2025-09,558.9707979125569,0.011179415958251138
L4_regime+L5_pyramid,5,2025-10,-10.758834737654979,-0.0002151766947530996
L4_regime+L5_pyramid,5,2025-11,668.5956840917461,0.013371913681834921
L4_regime+L5_pyramid,5,2025-12,-110.66252405842442,-0.0022132504811684887
L4_regime+L5_pyramid,5,2026-01,-136.3684272078408,-0.002727368544156816
L4_regime+L5_pyramid,5,2026-02,71.70003652835567,0.0014340007305671133
L4_regime+L5_pyramid,5,2026-03,-74.27675415668,-0.0014855350831336
L4_regime+L5_pyramid,5,2026-04,522.0841593853656,0.010441683187707313
L4_regime+L5_pyramid,5,2026-05,-685.754031891649,-0.01371508063783298
L4_regime+L5_pyramid,5,2026-06,17.682297290601127,0.00035364594581202254
L4_regime+L5_pyramid,5,2026-07,-16.809173569599807,-0.0003361834713919961
L4_regime+L5_pyramid,6,2025-08,391.24604046508466,0.007824920809301692
L4_regime+L5_pyramid,6,2025-09,2534.774061620791,0.05069548123241582
L4_regime+L5_pyramid,6,2025-10,-2282.757571004684,-0.04565515142009368
L4_regime+L5_pyramid,6,2025-11,-759.7934609947943,-0.015195869219895885
L4_regime+L5_pyramid,6,2025-12,-361.4112915112837,-0.007228225830225674
L4_regime+L5_pyramid,6,2026-01,111.4166088109805,0.00222833217621961
L4_regime+L5_pyramid,6,2026-02,125.15495197454402,0.0025030990394908806
L4_regime+L5_pyramid,6,2026-03,-552.4948955381042,-0.011049897910762083
L4_regime+L5_pyramid,6,2026-04,1081.9638320575286,0.021639276641150573
L4_regime+L5_pyramid,6,2026-05,1846.3414529416095,0.03692682905883219
L4_regime+L5_pyramid,6,2026-06,-1131.3449703141996,-0.02262689940628399
L4_regime+L5_pyramid,6,2026-07,-16.73050686210354,-0.0003346101372420708
L4_regime+L5_pyramid,7,2025-08,-87.77970816000743,-0.0017555941632001486
L4_regime+L5_pyramid,7,2025-09,114.0053358556188,0.002280106717112376
L4_regime+L5_pyramid,7,2025-10,297.34599341418743,0.005946919868283749
L4_regime+L5_pyramid,7,2025-11,363.521689041896,0.00727043378083792
L4_regime+L5_pyramid,7,2025-12,101.5598401627094,0.0020311968032541883
L4_regime+L5_pyramid,7,2026-01,1406.8286826375806,0.02813657365275161
L4_regime+L5_pyramid,7,2026-02,-217.74453351910051,-0.0043548906703820105
L4_regime+L5_pyramid,7,2026-03,-12.571544937781255,-0.00025143089875562507
L4_regime+L5_pyramid,7,2026-04,306.32002339534756,0.006126400467906952
L4_regime+L5_pyramid,7,2026-05,-1247.4543035689694,-0.024949086071379387
L4_regime+L5_pyramid,7,2026-06,-416.85028901766145,-0.00833700578035323
L4_regime+L5_pyramid,7,2026-07,504.6136190309453,0.010092272380618906
L4_regime+L5_pyramid,8,2025-08,465.62983247795364,0.009312596649559073
L4_regime+L5_pyramid,8,2025-09,2536.278115350996,0.05072556230701992
L4_regime+L5_pyramid,8,2025-10,1319.5248729160894,0.02639049745832179
L4_regime+L5_pyramid,8,2025-11,-640.3669975933635,-0.01280733995186727
L4_regime+L5_pyramid,8,2025-12,12.312582276976173,0.00024625164553952343
L4_regime+L5_pyramid,8,2026-01,1253.3035885782429,0.025066071771564856
L4_regime+L5_pyramid,8,2026-02,-555.1608088214789,-0.011103216176429578
L4_regime+L5_pyramid,8,2026-03,-727.507556245193,-0.014550151124903859
L4_regime+L5_pyramid,8,2026-04,114.72413006568968,0.0022944826013137935
L4_regime+L5_pyramid,8,2026-05,2953.478826969719,0.05906957653939438
L4_regime+L5_pyramid,8,2026-06,75.7400183861746,0.001514800367723492
L4_regime+L5_pyramid,8,2026-07,288.9767396371017,0.005779534792742034
L4_regime+L5_pyramid,9,2025-08,643.56621743083,0.012871324348616599
L4_regime+L5_pyramid,9,2025-09,3899.5479965180184,0.07799095993036037
L4_regime+L5_pyramid,9,2025-10,-1728.9034694414659,-0.03457806938882932
L4_regime+L5_pyramid,9,2025-11,-1897.1573482191325,-0.03794314696438265
L4_regime+L5_pyramid,9,2025-12,-387.671779399996,-0.00775343558799992
L4_regime+L5_pyramid,9,2026-01,50.015713623782176,0.0010003142724756436
L4_regime+L5_pyramid,9,2026-02,73.44616384115216,0.001468923276823043
L4_regime+L5_pyramid,9,2026-03,-262.7804325184334,-0.005255608650368667
L4_regime+L5_pyramid,9,2026-04,1138.4393687453148,0.022768787374906296
L4_regime+L5_pyramid,9,2026-05,634.1146233409318,0.012682292466818635
L4_regime+L5_pyramid,9,2026-06,-1403.182097257487,-0.02806364194514974
L4_regime+L5_pyramid,9,2026-07,98.2721153621851,0.0019654423072437022
L4_regime+L5_pyramid,10,2025-08,71.73750567488696,0.0014347501134977392
L4_regime+L5_pyramid,10,2025-09,989.9571144554566,0.01979914228910913
L4_regime+L5_pyramid,10,2025-10,-138.2515412176008,-0.002765030824352016
L4_regime+L5_pyramid,10,2025-11,-936.6228106942835,-0.01873245621388567
L4_regime+L5_pyramid,10,2025-12,-277.435627401539,-0.00554871254803078
L4_regime+L5_pyramid,10,2026-01,1467.8859680299747,0.029357719360599496
L4_regime+L5_pyramid,10,2026-02,844.9606972629845,0.01689921394525969
L4_regime+L5_pyramid,10,2026-03,-720.0552630044904,-0.014401105260089808
L4_regime+L5_pyramid,10,2026-04,840.2082983880155,0.01680416596776031
L4_regime+L5_pyramid,10,2026-05,147.06362671194802,0.0029412725342389603
L4_regime+L5_pyramid,10,2026-06,-346.64622701054395,-0.006932924540210879
L4_regime+L5_pyramid,10,2026-07,-392.4214857357774,-0.007848429714715548
L4_regime+L5_pyramid,11,2025-08,-570.6130437335232,-0.011412260874670465
L4_regime+L5_pyramid,11,2025-09,938.6782545603264,0.018773565091206527
L4_regime+L5_pyramid,11,2025-10,-13.231381207161576,-0.00026462762414323154
L4_regime+L5_pyramid,11,2025-11,-1062.332037694111,-0.02124664075388222
L4_regime+L5_pyramid,11,2025-12,-206.87003547350923,-0.004137400709470184
L4_regime+L5_pyramid,11,2026-01,1255.1182079479845,0.02510236415895969
L4_regime+L5_pyramid,11,2026-02,-507.0392775915525,-0.010140785551831049
L4_regime+L5_pyramid,11,2026-03,-304.34167454047656,-0.006086833490809531
L4_regime+L5_pyramid,11,2026-04,2155.912328138242,0.04311824656276484
L4_regime+L5_pyramid,11,2026-05,202.41690461674807,0.004048338092334961
L4_regime+L5_pyramid,11,2026-06,-141.14417899889213,-0.0028228835799778427
L4_regime+L5_pyramid,11,2026-07,-70.16852320357975,-0.001403370464071595
L4_regime+L5_pyramid,12,2025-08,-59.55885407916321,-0.0011911770815832643
L4_regime+L5_pyramid,12,2025-09,190.2012780684954,0.0038040255613699084
L4_regime+L5_pyramid,12,2025-10,-187.4072742766657,-0.003748145485533314
L4_regime+L5_pyramid,12,2025-11,-150.53071421773166,-0.003010614284354633
L4_regime+L5_pyramid,12,2025-12,-258.937486767074,-0.00517874973534148
L4_regime+L5_pyramid,12,2026-01,-377.1910688737198,-0.007543821377474396
L4_regime+L5_pyramid,12,2026-02,-6.058508924375019,-0.00012117017848750038
L4_regime+L5_pyramid,12,2026-03,-156.14269171288743,-0.0031228538342577485
L4_regime+L5_pyramid,12,2026-04,47.250747801613215,0.0009450149560322643
L4_regime+L5_pyramid,12,2026-05,350.27643779883874,0.007005528755976775
L4_regime+L5_pyramid,12,2026-06,54.62077862669594,0.0010924155725339187
L4_regime+L5_pyramid,12,2026-07,228.3170498711952,0.004566340997423904
L4_regime+L5_pyramid,13,2025-08,8.033076520051509,0.00016066153040103018
L4_regime+L5_pyramid,13,2025-09,2041.9416547380933,0.04083883309476187
L4_regime+L5_pyramid,13,2025-10,423.68818947075033,0.008473763789415006
L4_regime+L5_pyramid,13,2025-11,-1469.0003061366328,-0.029380006122732658
L4_regime+L5_pyramid,13,2025-12,-533.3606594920443,-0.010667213189840886
L4_regime+L5_pyramid,13,2026-01,218.07611326875485,0.004361522265375097
L4_regime+L5_pyramid,13,2026-02,-34.54034302425771,-0.0006908068604851541
L4_regime+L5_pyramid,13,2026-03,-590.0890486348089,-0.011801780972696178
L4_regime+L5_pyramid,13,2026-04,1187.5201182503815,0.023750402365007632
L4_regime+L5_pyramid,13,2026-05,2233.546132789491,0.04467092265578982
L4_regime+L5_pyramid,13,2026-06,1231.1670951036376,0.024623341902072753
L4_regime+L5_pyramid,13,2026-07,-15.414837238879954,-0.0003082967447775991
L4_regime+L5_pyramid,14,2025-08,166.29965564666418,0.0033259931129332836
L4_regime+L5_pyramid,14,2025-09,4909.237022805037,0.09818474045610073
L4_regime+L5_pyramid,14,2025-10,-1172.6518059134032,-0.023453036118268066
L4_regime+L5_pyramid,14,2025-11,-723.4833593090452,-0.014469667186180904
L4_regime+L5_pyramid,14,2025-12,-285.5688373595067,-0.005711376747190133
L4_regime+L5_pyramid,14,2026-01,2046.7818306101012,0.04093563661220202
L4_regime+L5_pyramid,14,2026-02,246.34217148291827,0.0049268434296583655
L4_regime+L5_pyramid,14,2026-03,-1261.4835509607474,-0.025229671019214948
L4_regime+L5_pyramid,14,2026-04,2210.0259114431924,0.044200518228863846
L4_regime+L5_pyramid,14,2026-05,906.5237660419716,0.01813047532083943
L4_regime+L5_pyramid,14,2026-06,-1728.3587330367445,-0.03456717466073489
L4_regime+L5_pyramid,14,2026-07,-405.8319548938216,-0.008116639097876433
L4_regime+L5_pyramid,15,2025-08,924.3781308809603,0.018487562617619205
L4_regime+L5_pyramid,15,2025-09,3743.901648164887,0.07487803296329773
L4_regime+L5_pyramid,15,2025-10,-2777.384874750852,-0.055547697495017034
L4_regime+L5_pyramid,15,2025-11,-719.4325947236607,-0.014388651894473215
L4_regime+L5_pyramid,15,2025-12,-610.2343626459738,-0.012204687252919476
L4_regime+L5_pyramid,15,2026-01,-251.91396025419,-0.0050382792050837994
L4_regime+L5_pyramid,15,2026-02,-341.41043590899517,-0.006828208718179903
L4_regime+L5_pyramid,15,2026-03,-528.893755979344,-0.010577875119586879
L4_regime+L5_pyramid,15,2026-04,1353.236365654563,0.02706472731309126
L4_regime+L5_pyramid,15,2026-05,1188.6771223079159,0.023773542446158317
L4_regime+L5_pyramid,15,2026-06,-174.81909159396764,-0.003496381831879353
L4_regime+L5_pyramid,15,2026-07,-107.63364679516508,-0.0021526729359033015
L4_regime+L5_pyramid,16,2025-08,347.5615900957364,0.006951231801914728
L4_regime+L5_pyramid,16,2025-09,862.2146950918641,0.017244293901837283
L4_regime+L5_pyramid,16,2025-10,-436.0690717527914,-0.008721381435055828
L4_regime+L5_pyramid,16,2025-11,-407.75708421794434,-0.008155141684358887
L4_regime+L5_pyramid,16,2025-12,-203.6569158039688,-0.004073138316079376
L4_regime+L5_pyramid,16,2026-01,654.2721338273768,0.013085442676547536
L4_regime+L5_pyramid,16,2026-02,682.3978512127069,0.013647957024254137
L4_regime+L5_pyramid,16,2026-03,-390.16997679576343,-0.007803399535915269
L4_regime+L5_pyramid,16,2026-04,844.7985246633052,0.016895970493266105
L4_regime+L5_pyramid,16,2026-05,-192.78585156349618,-0.0038557170312699235
L4_regime+L5_pyramid,16,2026-06,566.2781932209955,0.01132556386441991
L4_regime+L5_pyramid,16,2026-07,78.89084350860412,0.0015778168701720825
L4_regime+L5_pyramid,17,2025-08,34.11653906822812,0.0006823307813645624
L4_regime+L5_pyramid,17,2025-09,1015.09851963461,0.0203019703926922
L4_regime+L5_pyramid,17,2025-10,-6.709477168114063,-0.00013418954336228125
L4_regime+L5_pyramid,17,2025-11,-1498.6487658161332,-0.029972975316322665
L4_regime+L5_pyramid,17,2025-12,-450.1605264457221,-0.009003210528914443
L4_regime+L5_pyramid,17,2026-01,44.413422382975114,0.0008882684476595022
L4_regime+L5_pyramid,17,2026-02,-131.64330806235557,-0.0026328661612471113
L4_regime+L5_pyramid,17,2026-03,502.2474769137598,0.010044949538275196
L4_regime+L5_pyramid,17,2026-04,113.43768314361932,0.0022687536628723864
L4_regime+L5_pyramid,17,2026-05,317.50137692962744,0.0063500275385925484
L4_regime+L5_pyramid,17,2026-06,-22.16825431154939,-0.0004433650862309878
L4_regime+L5_pyramid,17,2026-07,69.18261796092156,0.0013836523592184312
L4_regime+L5_pyramid,18,2025-08,-747.1076935878782,-0.014942153871757563
L4_regime+L5_pyramid,18,2025-09,26.144337611530318,0.0005228867522306063
L4_regime+L5_pyramid,18,2025-10,171.43995411845572,0.0034287990823691143
L4_regime+L5_pyramid,18,2025-11,-841.4247621410364,-0.016828495242820728
L4_regime+L5_pyramid,18,2025-12,-410.1985476942423,-0.008203970953884846
L4_regime+L5_pyramid,18,2026-01,568.0437979156377,0.011360875958312753
L4_regime+L5_pyramid,18,2026-02,1077.291266494004,0.021545825329880083
L4_regime+L5_pyramid,18,2026-03,-1295.1981813500606,-0.025903963627001213
L4_regime+L5_pyramid,18,2026-04,1268.6960915882228,0.025373921831764457
L4_regime+L5_pyramid,18,2026-05,697.786378381802,0.01395572756763604
L4_regime+L5_pyramid,18,2026-06,1144.084443961956,0.02288168887923912
L4_regime+L5_pyramid,18,2026-07,-141.6787863017862,-0.0028335757260357242
L4_regime+L5_pyramid,19,2025-08,64.15498409220527,0.0012830996818441053
L4_regime+L5_pyramid,19,2025-09,2416.4311530988307,0.04832862306197661
L4_regime+L5_pyramid,19,2025-10,725.1028835251645,0.01450205767050329
L4_regime+L5_pyramid,19,2025-11,-1852.6873401785724,-0.03705374680357145
L4_regime+L5_pyramid,19,2025-12,-192.87184173522837,-0.0038574368347045673
L4_regime+L5_pyramid,19,2026-01,1360.0849821429756,0.02720169964285951
L4_regime+L5_pyramid,19,2026-02,153.62500978338358,0.0030725001956676714
L4_regime+L5_pyramid,19,2026-03,-300.7239786724849,-0.006014479573449698
L4_regime+L5_pyramid,19,2026-04,71.95839300445914,0.0014391678600891827
L4_regime+L5_pyramid,19,2026-05,428.4928941914359,0.008569857883828717
L4_regime+L5_pyramid,19,2026-06,-468.1388940565921,-0.009362777881131842
L4_regime+L5_pyramid,19,2026-07,-208.8068424657431,-0.004176136849314862
L4_regime+L5_pyramid,20,2025-08,-2157.672826033008,-0.043153456520660154
L4_regime+L5_pyramid,20,2025-09,1449.174091663449,0.02898348183326898
L4_regime+L5_pyramid,20,2025-10,1117.2701486872688,0.022345402973745376
L4_regime+L5_pyramid,20,2025-11,-803.4001303665318,-0.016068002607330635
L4_regime+L5_pyramid,20,2025-12,-314.96448868369407,-0.0062992897736738815
L4_regime+L5_pyramid,20,2026-01,924.5543897621983,0.018491087795243964
L4_regime+L5_pyramid,20,2026-02,-74.63855692470952,-0.0014927711384941904
L4_regime+L5_pyramid,20,2026-03,-292.9269620525329,-0.005858539241050657
L4_regime+L5_pyramid,20,2026-04,247.30821973630555,0.004946164394726111
L4_regime+L5_pyramid,20,2026-05,2665.3203003154913,0.05330640600630983
L4_regime+L5_pyramid,20,2026-06,-148.6908251223931,-0.002973816502447862
L4_regime+L5_pyramid,20,2026-07,27.113152007840654,0.0005422630401568131
L4_regime+L5_pyramid,21,2025-08,-324.51865946343787,-0.006490373189268758
L4_regime+L5_pyramid,21,2025-09,237.1658245061226,0.004743316490122452
L4_regime+L5_pyramid,21,2025-10,-171.04394064689131,-0.0034208788129378265
L4_regime+L5_pyramid,21,2025-11,-463.6777880886675,-0.00927355576177335
L4_regime+L5_pyramid,21,2025-12,-419.3854712246912,-0.008387709424493824
L4_regime+L5_pyramid,21,2026-01,215.2769360672719,0.004305538721345438
L4_regime+L5_pyramid,21,2026-02,198.86148775714992,0.003977229755142998
L4_regime+L5_pyramid,21,2026-03,-627.008814076933,-0.01254017628153866
L4_regime+L5_pyramid,21,2026-04,1257.8660175718396,0.025157320351436793
L4_regime+L5_pyramid,21,2026-05,184.52095196187383,0.003690419039237477
L4_regime+L5_pyramid,21,2026-06,-1.1044587984433747,-2.2089175968867493e-05
L4_regime+L5_pyramid,21,2026-07,79.8334155986513,0.001596668311973026
L4_regime+L5_pyramid,22,2025-08,-233.95267675723971,-0.004679053535144795
L4_regime+L5_pyramid,22,2025-09,659.6999305334166,0.013193998610668332
L4_regime+L5_pyramid,22,2025-10,267.9035375750218,0.005358070751500436
L4_regime+L5_pyramid,22,2025-11,174.72806701418176,0.0034945613402836352
L4_regime+L5_pyramid,22,2025-12,683.1137655765388,0.013662275311530775
L4_regime+L5_pyramid,22,2026-01,-505.6784557379515,-0.01011356911475903
L4_regime+L5_pyramid,22,2026-02,590.5563666574599,0.011811127333149197
L4_regime+L5_pyramid,22,2026-03,-446.1810586127067,-0.008923621172254134
L4_regime+L5_pyramid,22,2026-04,-200.3071548977523,-0.004006143097955046
L4_regime+L5_pyramid,22,2026-05,-106.12995454095199,-0.0021225990908190395
L4_regime+L5_pyramid,22,2026-06,-489.76755078799033,-0.009795351015759807
L4_regime+L5_pyramid,22,2026-07,-195.55370160634357,-0.003911074032126871
L4_regime+L5_pyramid,23,2025-08,390.1743097126,0.007803486194252
L4_regime+L5_pyramid,23,2025-09,2419.6095946313817,0.04839219189262763
L4_regime+L5_pyramid,23,2025-10,751.4515730956864,0.015029031461913728
L4_regime+L5_pyramid,23,2025-11,-229.064921678867,-0.00458129843357734
L4_regime+L5_pyramid,23,2025-12,845.9743551465463,0.016919487102930925
L4_regime+L5_pyramid,23,2026-01,298.08333857500566,0.005961666771500113
L4_regime+L5_pyramid,23,2026-02,-555.1983298734731,-0.011103966597469461
L4_regime+L5_pyramid,23,2026-03,-267.71232478998536,-0.005354246495799707
L4_regime+L5_pyramid,23,2026-04,281.6910559735261,0.005633821119470522
L4_regime+L5_pyramid,23,2026-05,430.27943989048254,0.00860558879780965
L4_regime+L5_pyramid,23,2026-06,-824.6398434346311,-0.016492796868692622
L4_regime+L5_pyramid,23,2026-07,298.1416500502137,0.005962833001004274
L4_regime+L5_pyramid,24,2025-08,-56.80420683359716,-0.0011360841366719432
L4_regime+L5_pyramid,24,2025-09,446.28868984407654,0.008925773796881531
L4_regime+L5_pyramid,24,2025-10,500.72681489653223,0.010014536297930645
L4_regime+L5_pyramid,24,2025-11,-734.1947822694392,-0.014683895645388785
L4_regime+L5_pyramid,24,2025-12,-334.61051387523275,-0.006692210277504655
L4_regime+L5_pyramid,24,2026-01,-229.02380830977563,-0.004580476166195512
L4_regime+L5_pyramid,24,2026-02,-188.18230165327168,-0.0037636460330654335
L4_regime+L5_pyramid,24,2026-03,410.79119809085387,0.008215823961817078
L4_regime+L5_pyramid,24,2026-04,237.81215283720758,0.004756243056744151
L4_regime+L5_pyramid,24,2026-05,-1043.2939097450762,-0.020865878194901526
L4_regime+L5_pyramid,24,2026-06,126.34702612543333,0.0025269405225086666
L4_regime+L5_pyramid,24,2026-07,-262.74146996198033,-0.005254829399239607
L4_regime+L5_pyramid,25,2025-08,243.08075102041767,0.0048616150204083535
L4_regime+L5_pyramid,25,2025-09,747.0455815380392,0.014940911630760783
L4_regime+L5_pyramid,25,2025-10,9.050577034727212,0.00018101154069454422
L4_regime+L5_pyramid,25,2025-11,378.49397161224624,0.007569879432244925
L4_regime+L5_pyramid,25,2025-12,554.0838402071122,0.011081676804142244
L4_regime+L5_pyramid,25,2026-01,-1.206378386013057,-2.412756772026114e-05
L4_regime+L5_pyramid,25,2026-02,-177.98860447230527,-0.0035597720894461056
L4_regime+L5_pyramid,25,2026-03,-203.6148783980707,-0.004072297567961414
L4_regime+L5_pyramid,25,2026-04,242.25036267553241,0.004845007253510648
L4_regime+L5_pyramid,25,2026-05,-441.8941215656487,-0.008837882431312973
L4_regime+L5_pyramid,25,2026-06,-198.5004134656283,-0.003970008269312566
L4_regime+L5_pyramid,25,2026-07,178.20446668066415,0.003564089333613283
L4_regime+L5_pyramid,26,2025-08,-669.3418465948062,-0.013386836931896124
L4_regime+L5_pyramid,26,2025-09,21.051423709221126,0.0004210284741844225
L4_regime+L5_pyramid,26,2025-10,131.999007238609,0.00263998014477218
L4_regime+L5_pyramid,26,2025-11,163.40169188657637,0.0032680338377315274
L4_regime+L5_pyramid,26,2025-12,-237.69401586177264,-0.004753880317235453
L4_regime+L5_pyramid,26,2026-01,-120.71484367024914,-0.0024142968734049827
L4_regime+L5_pyramid,26,2026-02,1427.009749300999,0.02854019498601998
L4_regime+L5_pyramid,26,2026-03,-380.32621379121974,-0.0076065242758243945
L4_regime+L5_pyramid,26,2026-04,-268.9018818191025,-0.005378037636382051
L4_regime+L5_pyramid,26,2026-05,-224.32081247348106,-0.004486416249469621
L4_regime+L5_pyramid,26,2026-06,-289.3972917312385,-0.00578794583462477
L4_regime+L5_pyramid,26,2026-07,195.67869181360857,0.003913573836272171
L4_regime+L5_pyramid,27,2025-08,707.4201622041819,0.014148403244083637
L4_regime+L5_pyramid,27,2025-09,1060.493946815106,0.02120987893630212
L4_regime+L5_pyramid,27,2025-10,576.8126374524954,0.01153625274904991
L4_regime+L5_pyramid,27,2025-11,-626.5240676411267,-0.012530481352822535
L4_regime+L5_pyramid,27,2025-12,-352.428459527463,-0.007048569190549261
L4_regime+L5_pyramid,27,2026-01,-225.43478416727157,-0.0045086956833454315
L4_regime+L5_pyramid,27,2026-02,-235.43930230068327,-0.0047087860460136655
L4_regime+L5_pyramid,27,2026-03,37.35180944947024,0.0007470361889894047
L4_regime+L5_pyramid,27,2026-04,406.1676631416649,0.008123353262833298
L4_regime+L5_pyramid,27,2026-05,-385.70447459397656,-0.007714089491879531
L4_regime+L5_pyramid,27,2026-06,88.55276259452785,0.001771055251890557
L4_regime+L5_pyramid,27,2026-07,-731.4688155452131,-0.014629376310904264
L4_regime+L5_pyramid,28,2025-08,1703.6233662244313,0.034072467324488626
L4_regime+L5_pyramid,28,2025-09,2167.0271471004908,0.04334054294200981
L4_regime+L5_pyramid,28,2025-10,553.6102340208108,0.011072204680416217
L4_regime+L5_pyramid,28,2025-11,-2398.548566726201,-0.04797097133452402
L4_regime+L5_pyramid,28,2025-12,-309.643825944092,-0.006192876518881839
L4_regime+L5_pyramid,28,2026-01,-222.63518629884857,-0.004452703725976971
L4_regime+L5_pyramid,28,2026-02,-191.4095667433794,-0.003828191334867588
L4_regime+L5_pyramid,28,2026-03,-199.29242958063787,-0.003985848591612757
L4_regime+L5_pyramid,28,2026-04,251.47913476138638,0.005029582695227727
L4_regime+L5_pyramid,28,2026-05,-660.1587669820774,-0.013203175339641549
L4_regime+L5_pyramid,28,2026-06,-108.86673527284893,-0.0021773347054569784
L4_regime+L5_pyramid,28,2026-07,-203.5370107749386,-0.004070740215498772
L4_regime+L5_pyramid,29,2025-08,1228.8894813200104,0.02457778962640021
L4_regime+L5_pyramid,29,2025-09,-94.37925746739802,-0.0018875851493479604
L4_regime+L5_pyramid,29,2025-10,223.76337172745752,0.004475267434549151
L4_regime+L5_pyramid,29,2025-11,-1123.5588645702373,-0.022471177291404746
L4_regime+L5_pyramid,29,2025-12,-207.4067908916777,-0.004148135817833554
L4_regime+L5_pyramid,29,2026-01,413.95966846164083,0.008279193369232817
L4_regime+L5_pyramid,29,2026-02,857.6952981559316,0.01715390596311863
L4_regime+L5_pyramid,29,2026-03,-962.3975335494597,-0.019247950670989195
L4_regime+L5_pyramid,29,2026-04,1000.568848150966,0.02001137696301932
L4_regime+L5_pyramid,29,2026-05,78.01704948729002,0.0015603409897458004
L4_regime+L5_pyramid,29,2026-06,-143.24511716208963,-0.0028649023432417925
L4_regime+L5_pyramid,29,2026-07,-287.14534736418955,-0.005742906947283791
L4_regime+L5_pyramid,30,2025-08,-116.34382705938515,-0.002326876541187703
L4_regime+L5_pyramid,30,2025-09,803.9041936226731,0.016078083872453464
L4_regime+L5_pyramid,30,2025-10,756.2430416204525,0.015124860832409048
L4_regime+L5_pyramid,30,2025-11,139.9220003813134,0.0027984400076262682
L4_regime+L5_pyramid,30,2025-12,-506.79625286690316,-0.010135925057338064
L4_regime+L5_pyramid,30,2026-01,1438.6312969591,0.028772625939182
L4_regime+L5_pyramid,30,2026-02,172.3764570636058,0.0034475291412721164
L4_regime+L5_pyramid,30,2026-03,290.54353179791633,0.005810870635958327
L4_regime+L5_pyramid,30,2026-04,248.18645910919076,0.004963729182183815
L4_regime+L5_pyramid,30,2026-05,-315.76975000975835,-0.006315395000195167
L4_regime+L5_pyramid,30,2026-06,-474.6323343554441,-0.00949264668710888
L4_regime+L5_pyramid,30,2026-07,77.74002582888897,0.0015548005165777795
L4_regime+L5_pyramid,31,2025-08,-281.4000260745852,-0.005628000521491703
L4_regime+L5_pyramid,31,2025-09,1054.4026582770657,0.021088053165541316
L4_regime+L5_pyramid,31,2025-10,954.5798342597082,0.019091596685194164
L4_regime+L5_pyramid,31,2025-11,-1082.9544460548414,-0.021659088921096827
L4_regime+L5_pyramid,31,2025-12,-702.3362955400034,-0.014046725910800069
L4_regime+L5_pyramid,31,2026-01,943.0346548976895,0.01886069309795379
L4_regime+L5_pyramid,31,2026-02,441.62441597363795,0.008832488319472758
L4_regime+L5_pyramid,31,2026-03,-1061.9960638202274,-0.021239921276404547
L4_regime+L5_pyramid,31,2026-04,511.2727665417551,0.010225455330835102
L4_regime+L5_pyramid,31,2026-05,745.8418510724359,0.014916837021448718
L4_regime+L5_pyramid,31,2026-06,-362.04066418734146,-0.0072408132837468294
L4_regime+L5_pyramid,31,2026-07,140.31373507611625,0.0028062747015223247
L4_regime+L5_pyramid,32,2025-08,146.9312745130801,0.002938625490261602
L4_regime+L5_pyramid,32,2025-09,2094.0471551735473,0.041880943103470944
L4_regime+L5_pyramid,32,2025-10,-55.993220910305354,-0.001119864418206107
L4_regime+L5_pyramid,32,2025-11,-1995.7667411433727,-0.03991533482286745
L4_regime+L5_pyramid,32,2025-12,-231.63394895745068,-0.004632678979149014
L4_regime+L5_pyramid,32,2026-01,714.9564349895836,0.014299128699791672
L4_regime+L5_pyramid,32,2026-02,-375.31276967010945,-0.007506255393402189
L4_regime+L5_pyramid,32,2026-03,-705.9668477231116,-0.014119336954462233
L4_regime+L5_pyramid,32,2026-04,1238.7758058966474,0.02477551611793295
L4_regime+L5_pyramid,32,2026-05,833.7606468803788,0.016675212937607577
L4_regime+L5_pyramid,32,2026-06,1050.9569955970665,0.02101913991194133
L4_regime+L5_pyramid,32,2026-07,-446.6043639758982,-0.008932087279517964
L4_regime+L5_pyramid,33,2025-08,-81.5978463443389,-0.001631956926886778
L4_regime+L5_pyramid,33,2025-09,961.4121444303091,0.01922824288860618
L4_regime+L5_pyramid,33,2025-10,176.3211638375651,0.0035264232767513023
L4_regime+L5_pyramid,33,2025-11,-1045.0255946536936,-0.020900511893073872
L4_regime+L5_pyramid,33,2025-12,-284.32231714086356,-0.0056864463428172715
L4_regime+L5_pyramid,33,2026-01,766.1150615321039,0.015322301230642078
L4_regime+L5_pyramid,33,2026-02,147.93940988911527,0.0029587881977823052
L4_regime+L5_pyramid,33,2026-03,-435.2550950487421,-0.008705101900974841
L4_regime+L5_pyramid,33,2026-04,1219.527867773585,0.0243905573554717
L4_regime+L5_pyramid,33,2026-05,187.41076717118904,0.003748215343423781
L4_regime+L5_pyramid,33,2026-06,-192.24174154702177,-0.0038448348309404355
L4_regime+L5_pyramid,33,2026-07,190.8518016877115,0.0038170360337542297
L4_regime+L5_pyramid,34,2025-08,-638.5042804779232,-0.012770085609558463
L4_regime+L5_pyramid,34,2025-09,317.524556496448,0.00635049112992896
L4_regime+L5_pyramid,34,2025-10,52.27935024685485,0.001045587004937097
L4_regime+L5_pyramid,34,2025-11,-174.3954106088213,-0.003487908212176426
L4_regime+L5_pyramid,34,2025-12,-125.09534060373699,-0.00250190681207474
L4_regime+L5_pyramid,34,2026-01,227.66888239448645,0.004553377647889729
L4_regime+L5_pyramid,34,2026-02,1643.5332401314126,0.03287066480262825
L4_regime+L5_pyramid,34,2026-03,-600.2971680684395,-0.01200594336136879
L4_regime+L5_pyramid,34,2026-04,2087.267930109016,0.04174535860218032
L4_regime+L5_pyramid,34,2026-05,-337.2211048006484,-0.0067444220960129675
L4_regime+L5_pyramid,34,2026-06,-557.7434385922998,-0.011154868771845995
L4_regime+L5_pyramid,34,2026-07,-163.33990998663648,-0.0032667981997327295
L4_regime+L5_pyramid,35,2025-08,-609.788816281547,-0.01219577632563094
L4_regime+L5_pyramid,35,2025-09,357.4873144129897,0.007149746288259794
L4_regime+L5_pyramid,35,2025-10,-567.409377205403,-0.01134818754410806
L4_regime+L5_pyramid,35,2025-11,-872.6222151899792,-0.017452444303799584
L4_regime+L5_pyramid,35,2025-12,-240.92890016212914,-0.004818578003242583
L4_regime+L5_pyramid,35,2026-01,377.6253329428964,0.007552506658857929
L4_regime+L5_pyramid,35,2026-02,888.7594998825407,0.017775189997650813
L4_regime+L5_pyramid,35,2026-03,-1018.8917755470766,-0.020377835510941533
L4_regime+L5_pyramid,35,2026-04,950.934430060619,0.01901868860121238
L4_regime+L5_pyramid,35,2026-05,-34.53519484028311,-0.0006907038968056623
L4_regime+L5_pyramid,35,2026-06,86.31318301451938,0.0017262636602903877
L4_regime+L5_pyramid,35,2026-07,-618.1051660634421,-0.012362103321268842
L4_regime+L5_pyramid,36,2025-08,610.2341545717545,0.01220468309143509
L4_regime+L5_pyramid,36,2025-09,2615.950552922718,0.052319011058454365
L4_regime+L5_pyramid,36,2025-10,667.3641915331391,0.013347283830662781
L4_regime+L5_pyramid,36,2025-11,-1497.9269071747376,-0.02995853814349475
L4_regime+L5_pyramid,36,2025-12,-407.9329535132256,-0.008158659070264512
L4_regime+L5_pyramid,36,2026-01,1656.636733381064,0.03313273466762128
L4_regime+L5_pyramid,36,2026-02,-121.07889535749291,-0.002421577907149858
L4_regime+L5_pyramid,36,2026-03,-54.65402748689212,-0.0010930805497378425
L4_regime+L5_pyramid,36,2026-04,111.68982621305622,0.0022337965242611242
L4_regime+L5_pyramid,36,2026-05,2679.4048264323483,0.05358809652864697
L4_regime+L5_pyramid,36,2026-06,-401.06304588393596,-0.008021260917678718
L4_regime+L5_pyramid,36,2026-07,-101.38470250619594,-0.002027694050123919
L4_regime+L5_pyramid,37,2025-08,-894.2554303620245,-0.01788510860724049
L4_regime+L5_pyramid,37,2025-09,-186.20179602439111,-0.0037240359204878224
L4_regime+L5_pyramid,37,2025-10,-328.1083024541713,-0.006562166049083425
L4_regime+L5_pyramid,37,2025-11,-843.7867466367475,-0.016875734932734948
L4_regime+L5_pyramid,37,2025-12,-245.11914524212216,-0.004902382904842443
L4_regime+L5_pyramid,37,2026-01,-493.94829236883015,-0.009878965847376603
L4_regime+L5_pyramid,37,2026-02,750.3458346718962,0.015006916693437924
L4_regime+L5_pyramid,37,2026-03,303.7867776579933,0.006075735553159866
L4_regime+L5_pyramid,37,2026-04,649.9962237450491,0.012999924474900981
L4_regime+L5_pyramid,37,2026-05,358.8096776006196,0.0071761935520123915
L4_regime+L5_pyramid,37,2026-06,867.2456461917927,0.017344912923835856
L4_regime+L5_pyramid,37,2026-07,-39.73076735740506,-0.0007946153471481011
L4_regime+L5_pyramid,38,2025-08,-9.866553352916526,-0.0001973310670583305
L4_regime+L5_pyramid,38,2025-09,2594.7716122950787,0.051895432245901575
L4_regime+L5_pyramid,38,2025-10,904.4000541347232,0.018088001082694465
L4_regime+L5_pyramid,38,2025-11,-277.2092539249634,-0.005544185078499268
L4_regime+L5_pyramid,38,2025-12,53.48452310749235,0.001069690462149847
L4_regime+L5_pyramid,38,2026-01,2243.303537196254,0.04486607074392508
L4_regime+L5_pyramid,38,2026-02,149.17699887876734,0.0029835399775753465
L4_regime+L5_pyramid,38,2026-03,-832.0803729315649,-0.016641607458631295
L4_regime+L5_pyramid,38,2026-04,-137.33641394835377,-0.0027467282789670755
L4_regime+L5_pyramid,38,2026-05,212.43885559280443,0.004248777111856088
L4_regime+L5_pyramid,38,2026-06,-472.90966996049247,-0.00945819339920985
L4_regime+L5_pyramid,38,2026-07,-37.22102728406935,-0.000744420545681387
L4_regime+L5_pyramid,39,2025-08,599.9609267135002,0.011999218534270004
L4_regime+L5_pyramid,39,2025-09,701.861462599255,0.0140372292519851
L4_regime+L5_pyramid,39,2025-10,87.14620688957257,0.0017429241377914513
L4_regime+L5_pyramid,39,2025-11,-1347.690760877117,-0.02695381521754234
L4_regime+L5_pyramid,39,2025-12,-530.5263153378382,-0.010610526306756764
L4_regime+L5_pyramid,39,2026-01,304.4511196148733,0.006089022392297466
L4_regime+L5_pyramid,39,2026-02,601.297974161932,0.01202595948323864
L4_regime+L5_pyramid,39,2026-03,-1373.9764008047396,-0.027479528016094792
L4_regime+L5_pyramid,39,2026-04,297.770423627695,0.005955408472553899
L4_regime+L5_pyramid,39,2026-05,-4.894839964325001,-9.789679928650002e-05
L4_regime+L5_pyramid,39,2026-06,-69.71282653904018,-0.0013942565307808036
L4_regime+L5_pyramid,39,2026-07,-299.1979029509557,-0.005983958059019114
L4_regime+L5_pyramid,40,2025-08,-821.7536468290891,-0.016435072936581783
L4_regime+L5_pyramid,40,2025-09,3840.197191078487,0.07680394382156974
L4_regime+L5_pyramid,40,2025-10,1589.4420081952376,0.03178884016390475
L4_regime+L5_pyramid,40,2025-11,-2786.692330595751,-0.05573384661191502
L4_regime+L5_pyramid,40,2025-12,-902.3848808931584,-0.01804769761786317
L4_regime+L5_pyramid,40,2026-01,961.1713837990469,0.01922342767598094
L4_regime+L5_pyramid,40,2026-02,10.232977414679226,0.00020465954829358452
L4_regime+L5_pyramid,40,2026-03,-205.1605900411787,-0.004103211800823574
L4_regime+L5_pyramid,40,2026-04,3498.088861540569,0.06996177723081137
L4_regime+L5_pyramid,40,2026-05,1119.6064161894428,0.022392128323788858
L4_regime+L5_pyramid,40,2026-06,144.262715548517,0.00288525431097034
L4_regime+L5_pyramid,40,2026-07,-185.30409819885517,-0.0037060819639771034
L4_regime+L5_pyramid,41,2025-08,-10.040635596596985,-0.0002008127119319397
L4_regime+L5_pyramid,41,2025-09,-80.25753657381665,-0.001605150731476333
L4_regime+L5_pyramid,41,2025-10,-258.963471336413,-0.005179269426728261
L4_regime+L5_pyramid,41,2025-11,-1010.8318971341796,-0.020216637942683593
L4_regime+L5_pyramid,41,2025-12,-267.0455773874446,-0.0053409115477488925
L4_regime+L5_pyramid,41,2026-01,861.1407774489016,0.017222815548978032
L4_regime+L5_pyramid,41,2026-02,251.04662525929325,0.005020932505185865
L4_regime+L5_pyramid,41,2026-03,-957.0959376009241,-0.019141918752018483
L4_regime+L5_pyramid,41,2026-04,161.770916168678,0.0032354183233735605
L4_regime+L5_pyramid,41,2026-05,1880.672993338073,0.037613459866761456
L4_regime+L5_pyramid,41,2026-06,-184.27740083259232,-0.0036855480166518464
L4_regime+L5_pyramid,41,2026-07,-171.62907158722464,-0.0034325814317444927
L4_regime+L5_pyramid,42,2025-08,-1937.4114723207572,-0.03874822944641514
L4_regime+L5_pyramid,42,2025-09,503.61105064097956,0.010072221012819592
L4_regime+L5_pyramid,42,2025-10,4.929986976396776,9.859973952793552e-05
L4_regime+L5_pyramid,42,2025-11,-1288.911468474117,-0.02577822936948234
L4_regime+L5_pyramid,42,2025-12,-37.33789530422928,-0.0007467579060845855
L4_regime+L5_pyramid,42,2026-01,194.74883427695295,0.0038949766855390588
L4_regime+L5_pyramid,42,2026-02,643.7478911772596,0.012874957823545191
L4_regime+L5_pyramid,42,2026-03,-615.6387131161164,-0.012312774262322327
L4_regime+L5_pyramid,42,2026-04,104.27711152318261,0.002085542230463652
L4_regime+L5_pyramid,42,2026-05,-356.55056770446026,-0.0071310113540892055
L4_regime+L5_pyramid,42,2026-06,-11.97827558327026,-0.0002395655116654052
L4_regime+L5_pyramid,42,2026-07,-131.97136698046415,-0.002639427339609283
L4_regime+L5_pyramid,43,2025-08,933.2836332055404,0.018665672664110806
L4_regime+L5_pyramid,43,2025-09,1249.176202190919,0.02498352404381838
L4_regime+L5_pyramid,43,2025-10,423.62988397711433,0.008472597679542287
L4_regime+L5_pyramid,43,2025-11,-1980.2112170991618,-0.039604224341983234
L4_regime+L5_pyramid,43,2025-12,-528.5239662509607,-0.010570479325019214
L4_regime+L5_pyramid,43,2026-01,-482.18432749522526,-0.009643686549904506
L4_regime+L5_pyramid,43,2026-02,-242.71455238742146,-0.0048542910477484295
L4_regime+L5_pyramid,43,2026-03,-198.9671501970579,-0.003979343003941158
L4_regime+L5_pyramid,43,2026-04,1095.27494587591,0.0219054989175182
L4_regime+L5_pyramid,43,2026-05,904.3524273666417,0.018087048547332833
L4_regime+L5_pyramid,43,2026-06,683.073987292938,0.01366147974585876
L4_regime+L5_pyramid,43,2026-07,-31.34982419800326,-0.0006269964839600653
L4_regime+L5_pyramid,44,2025-08,-319.55118516614857,-0.006391023703322971
L4_regime+L5_pyramid,44,2025-09,3293.0166051474826,0.06586033210294966
L4_regime+L5_pyramid,44,2025-10,684.6006812766091,0.013692013625532181
L4_regime+L5_pyramid,44,2025-11,-1220.584937979219,-0.024411698759584377
L4_regime+L5_pyramid,44,2025-12,-429.30745672563444,-0.008586149134512689
L4_regime+L5_pyramid,44,2026-01,438.42303332433903,0.008768460666486781
L4_regime+L5_pyramid,44,2026-02,-697.1685129261068,-0.013943370258522136
L4_regime+L5_pyramid,44,2026-03,-193.931490531284,-0.00387862981062568
L4_regime+L5_pyramid,44,2026-04,2687.4403663109947,0.053748807326219894
L4_regime+L5_pyramid,44,2026-05,-201.25979748132886,-0.0040251959496265775
L4_regime+L5_pyramid,44,2026-06,-300.86986593581514,-0.006017397318716303
L4_regime+L5_pyramid,44,2026-07,56.91099012104041,0.0011382198024208082
L4_regime+L5_pyramid,45,2025-08,-43.78989316680054,-0.0008757978633360107
L4_regime+L5_pyramid,45,2025-09,1799.2702470121885,0.03598540494024377
L4_regime+L5_pyramid,45,2025-10,55.99231704775866,0.0011198463409551732
L4_regime+L5_pyramid,45,2025-11,-515.41145647336,-0.0103082291294672
L4_regime+L5_pyramid,45,2025-12,-119.18762148465976,-0.0023837524296931954
L4_regime+L5_pyramid,45,2026-01,764.0282327135201,0.015280564654270402
L4_regime+L5_pyramid,45,2026-02,572.8485876545301,0.011456971753090602
L4_regime+L5_pyramid,45,2026-03,-636.6128527090268,-0.012732257054180535
L4_regime+L5_pyramid,45,2026-04,128.12959549463176,0.002562591909892635
L4_regime+L5_pyramid,45,2026-05,328.2854220869931,0.006565708441739862
L4_regime+L5_pyramid,45,2026-06,-464.610648565651,-0.009292212971313019
L4_regime+L5_pyramid,45,2026-07,-16.593365831146002,-0.00033186731662292006
L4_regime+L5_pyramid,46,2025-08,-58.825740283950836,-0.0011765148056790168
L4_regime+L5_pyramid,46,2025-09,-313.2708480216206,-0.006265416960432413
L4_regime+L5_pyramid,46,2025-10,100.00046280471724,0.002000009256094345
L4_regime+L5_pyramid,46,2025-11,-427.8393382369304,-0.008556786764738608
L4_regime+L5_pyramid,46,2025-12,-252.6543768812353,-0.0050530875376247055
L4_regime+L5_pyramid,46,2026-01,148.37437387171394,0.0029674874774342787
L4_regime+L5_pyramid,46,2026-02,904.5051834111564,0.01809010366822313
L4_regime+L5_pyramid,46,2026-03,-689.0096778888064,-0.013780193557776129
L4_regime+L5_pyramid,46,2026-04,-397.598491879683,-0.00795196983759366
L4_regime+L5_pyramid,46,2026-05,1500.413303050168,0.03000826606100336
L4_regime+L5_pyramid,46,2026-06,-187.10624444808036,-0.0037421248889616073
L4_regime+L5_pyramid,46,2026-07,95.52387779357196,0.0019104775558714392
L4_regime+L5_pyramid,47,2025-08,619.9955248766191,0.012399910497532382
L4_regime+L5_pyramid,47,2025-09,2227.4818512214797,0.04454963702442959
L4_regime+L5_pyramid,47,2025-10,1209.30395187484,0.024186079037496803
L4_regime+L5_pyramid,47,2025-11,179.67357618445658,0.0035934715236891315
L4_regime+L5_pyramid,47,2025-12,-285.13514476764067,-0.005702702895352813
L4_regime+L5_pyramid,47,2026-01,1178.291765083989,0.023565835301679782
L4_regime+L5_pyramid,47,2026-02,350.86051221130583,0.007017210244226117
L4_regime+L5_pyramid,47,2026-03,-1146.399319784905,-0.0229279863956981
L4_regime+L5_pyramid,47,2026-04,1457.8185750001157,0.029156371500002314
L4_regime+L5_pyramid,47,2026-05,2889.260871491313,0.057785217429826265
L4_regime+L5_pyramid,47,2026-06,-137.57429540366957,-0.0027514859080733913
L4_regime+L5_pyramid,47,2026-07,-56.8796244843752,-0.001137592489687504
L4_regime+L5_pyramid,48,2025-08,-5.5076752365521315,-0.00011015350473104263
L4_regime+L5_pyramid,48,2025-09,2209.4511849807095,0.04418902369961419
L4_regime+L5_pyramid,48,2025-10,873.6012587384084,0.017472025174768167
L4_regime+L5_pyramid,48,2025-11,-1052.2465213842524,-0.02104493042768505
L4_regime+L5_pyramid,48,2025-12,-168.96091121045265,-0.003379218224209053
L4_regime+L5_pyramid,48,2026-01,567.519415621221,0.01135038831242442
L4_regime+L5_pyramid,48,2026-02,-260.4496956856565,-0.00520899391371313
L4_regime+L5_pyramid,48,2026-03,-60.009320518630375,-0.0012001864103726074
L4_regime+L5_pyramid,48,2026-04,430.4293669007984,0.008608587338015969
L4_regime+L5_pyramid,48,2026-05,542.714426901056,0.010854288538021119
L4_regime+L5_pyramid,48,2026-06,-574.8099367133009,-0.011496198734266017
L4_regime+L5_pyramid,48,2026-07,-527.8023134092737,-0.010556046268185473
L4_regime+L5_pyramid,49,2025-08,-2050.917238698818,-0.04101834477397636
L4_regime+L5_pyramid,49,2025-09,2818.086415588871,0.05636172831177742
L4_regime+L5_pyramid,49,2025-10,-2203.2983132996737,-0.044065966265993475
L4_regime+L5_pyramid,49,2025-11,-565.7670773116179,-0.011315341546232358
L4_regime+L5_pyramid,49,2025-12,-240.75837564206086,-0.004815167512841217
L4_regime+L5_pyramid,49,2026-01,-532.3913528719409,-0.010647827057438818
L4_regime+L5_pyramid,49,2026-02,-9.390338718947532,-0.00018780677437895064
L4_regime+L5_pyramid,49,2026-03,-302.08652933620124,-0.006041730586724025
L4_regime+L5_pyramid,49,2026-04,2309.954289388836,0.04619908578777672
L4_regime+L5_pyramid,49,2026-05,634.2628188483068,0.012685256376966136
L4_regime+L5_pyramid,49,2026-06,-1188.7142126370454,-0.023774284252740908
L4_regime+L5_pyramid,49,2026-07,249.62032983065728,0.004992406596613146
L4_regime+L5_pyramid,50,2025-08,-49.28544716520719,-0.0009857089433041439
L4_regime+L5_pyramid,50,2025-09,2699.97501483603,0.0539995002967206
L4_regime+L5_pyramid,50,2025-10,-2313.948308862009,-0.04627896617724018
L4_regime+L5_pyramid,50,2025-11,-307.21244156268494,-0.006144248831253699
L4_regime+L5_pyramid,50,2025-12,-504.28873758037844,-0.010085774751607568
L4_regime+L5_pyramid,50,2026-01,-176.16423828539246,-0.0035232847657078493
L4_regime+L5_pyramid,50,2026-02,80.5995832349854,0.0016119916646997082
L4_regime+L5_pyramid,50,2026-03,-639.549728116488,-0.01279099456232976
L4_regime+L5_pyramid,50,2026-04,-177.75667620387958,-0.0035551335240775915
L4_regime+L5_pyramid,50,2026-05,783.2385839572789,0.015664771679145578
L4_regime+L5_pyramid,50,2026-06,-1393.4770875423283,-0.027869541750846567
L4_regime+L5_pyramid,50,2026-07,127.50502513227639,0.0025501005026455277
L4_regime+L5_pyramid,51,2025-08,-174.50461042714687,-0.0034900922085429375
L4_regime+L5_pyramid,51,2025-09,594.5199408974913,0.011890398817949826
L4_regime+L5_pyramid,51,2025-10,439.6317321110164,0.008792634642220328
L4_regime+L5_pyramid,51,2025-11,-1487.5884797616004,-0.029751769595232007
L4_regime+L5_pyramid,51,2025-12,-126.44442914008732,-0.0025288885828017465
L4_regime+L5_pyramid,51,2026-01,2002.4670377467883,0.04004934075493576
L4_regime+L5_pyramid,51,2026-02,443.06421554614553,0.008861284310922911
L4_regime+L5_pyramid,51,2026-03,-1527.0545748550094,-0.030541091497100187
L4_regime+L5_pyramid,51,2026-04,593.1217507615893,0.011862435015231786
L4_regime+L5_pyramid,51,2026-05,421.89418596798805,0.008437883719359761
L4_regime+L5_pyramid,51,2026-06,1291.747222154565,0.0258349444430913
L4_regime+L5_pyramid,51,2026-07,-340.48263429097096,-0.006809652685819419
L4_regime+L5_pyramid,52,2025-08,985.3068401724558,0.019706136803449115
L4_regime+L5_pyramid,52,2025-09,-4.14820009896539,-8.296400197930779e-05
L4_regime+L5_pyramid,52,2025-10,-129.81171830881067,-0.0025962343661762133
L4_regime+L5_pyramid,52,2025-11,-1097.4276762275667,-0.021948553524551336
L4_regime+L5_pyramid,52,2025-12,-180.78233182156328,-0.0036156466364312655
L4_regime+L5_pyramid,52,2026-01,490.2423222874104,0.009804846445748208
L4_regime+L5_pyramid,52,2026-02,796.8567122479399,0.0159371342449588
L4_regime+L5_pyramid,52,2026-03,-1535.0246337335657,-0.030700492674671315
L4_regime+L5_pyramid,52,2026-04,1232.2122628101015,0.02464424525620203
L4_regime+L5_pyramid,52,2026-05,1687.1860194279088,0.03374372038855818
L4_regime+L5_pyramid,52,2026-06,135.49110753044624,0.002709822150608925
L4_regime+L5_pyramid,52,2026-07,-1.2203082751793772,-2.4406165503587546e-05
L4_regime+L5_pyramid,53,2025-08,-728.9523180177202,-0.014579046360354404
L4_regime+L5_pyramid,53,2025-09,3144.162325935781,0.06288324651871563
L4_regime+L5_pyramid,53,2025-10,1823.4744208471393,0.03646948841694279
L4_regime+L5_pyramid,53,2025-11,-227.07269970783545,-0.004541453994156709
L4_regime+L5_pyramid,53,2025-12,89.01943276951533,0.0017803886553903066
L4_regime+L5_pyramid,53,2026-01,1117.4662999113602,0.022349325998227206
L4_regime+L5_pyramid,53,2026-02,-97.16869281573236,-0.0019433738563146472
L4_regime+L5_pyramid,53,2026-03,-628.5652016510267,-0.012571304033020533
L4_regime+L5_pyramid,53,2026-04,2309.875447666394,0.04619750895332788
L4_regime+L5_pyramid,53,2026-05,3162.4265410623048,0.0632485308212461
L4_regime+L5_pyramid,53,2026-06,-671.1317876414096,-0.013422635752828191
L4_regime+L5_pyramid,53,2026-07,-60.49546122310676,-0.0012099092244621352
L4_regime+L5_pyramid,54,2025-08,-114.78400543533189,-0.002295680108706638
L4_regime+L5_pyramid,54,2025-09,-123.37123756896835,-0.002467424751379367
L4_regime+L5_pyramid,54,2025-10,-352.4401950919528,-0.007048803901839056
L4_regime+L5_pyramid,54,2025-11,29.606330904009155,0.0005921266180801831
L4_regime+L5_pyramid,54,2025-12,-267.2384548174996,-0.0053447690963499914
L4_regime+L5_pyramid,54,2026-01,430.9803779030981,0.008619607558061963
L4_regime+L5_pyramid,54,2026-02,294.7120650502957,0.0058942413010059135
L4_regime+L5_pyramid,54,2026-03,-197.21344359640807,-0.0039442688719281615
L4_regime+L5_pyramid,54,2026-04,120.92859745722217,0.002418571949144443
L4_regime+L5_pyramid,54,2026-05,-527.0120611203047,-0.010540241222406094
L4_regime+L5_pyramid,54,2026-06,-131.56924158810398,-0.0026313848317620794
L4_regime+L5_pyramid,54,2026-07,85.56036252182184,0.001711207250436437
L4_regime+L5_pyramid,55,2025-08,82.51131747817544,0.0016502263495635089
L4_regime+L5_pyramid,55,2025-09,-106.75269543800914,-0.002135053908760183
L4_regime+L5_pyramid,55,2025-10,-68.08655160379476,-0.0013617310320758952
L4_regime+L5_pyramid,55,2025-11,142.57777358788644,0.0028515554717577288
L4_regime+L5_pyramid,55,2025-12,-54.6426588218028,-0.001092853176436056
L4_regime+L5_pyramid,55,2026-01,-492.5083255697127,-0.009850166511394254
L4_regime+L5_pyramid,55,2026-02,630.8422058885035,0.01261684411777007
L4_regime+L5_pyramid,55,2026-03,-710.4174562697008,-0.014208349125394015
L4_regime+L5_pyramid,55,2026-04,47.22017704714017,0.0009444035409428034
L4_regime+L5_pyramid,55,2026-05,-109.65425968256295,-0.002193085193651259
L4_regime+L5_pyramid,55,2026-06,-196.43129915005738,-0.003928625983001147
L4_regime+L5_pyramid,55,2026-07,42.069257349729014,0.0008413851469945803
L4_regime+L5_pyramid,56,2025-08,-1628.2577913863202,-0.0325651558277264
L4_regime+L5_pyramid,56,2025-09,2169.973126552638,0.04339946253105276
L4_regime+L5_pyramid,56,2025-10,246.97434228852535,0.004939486845770507
L4_regime+L5_pyramid,56,2025-11,-857.0326178893001,-0.017140652357786
L4_regime+L5_pyramid,56,2025-12,-312.9935487583507,-0.006259870975167014
L4_regime+L5_pyramid,56,2026-01,1037.1508289605326,0.02074301657921065
L4_regime+L5_pyramid,56,2026-02,224.45882181710112,0.0044891764363420225
L4_regime+L5_pyramid,56,2026-03,-953.0926831178749,-0.0190618536623575
L4_regime+L5_pyramid,56,2026-04,577.7734364377047,0.011555468728754095
L4_regime+L5_pyramid,56,2026-05,-100.5216396723381,-0.0020104327934467618
L4_regime+L5_pyramid,56,2026-06,-161.7137377488034,-0.003234274754976068
L4_regime+L5_pyramid,56,2026-07,-511.4049308223939,-0.010228098616447879
L4_regime+L5_pyramid,57,2025-08,278.2916693184525,0.00556583338636905
L4_regime+L5_pyramid,57,2025-09,4183.896790904454,0.08367793581808908
L4_regime+L5_pyramid,57,2025-10,-1733.5458230318764,-0.034670916460637524
L4_regime+L5_pyramid,57,2025-11,-1714.3272173749933,-0.034286544347499864
L4_regime+L5_pyramid,57,2025-12,-802.2997516433984,-0.01604599503286797
L4_regime+L5_pyramid,57,2026-01,-269.3939081726485,-0.0053878781634529695
L4_regime+L5_pyramid,57,2026-02,-106.49821800424616,-0.002129964360084923
L4_regime+L5_pyramid,57,2026-03,-363.0633117558282,-0.007261266235116564
L4_regime+L5_pyramid,57,2026-04,891.4936463622234,0.01782987292724447
L4_regime+L5_pyramid,57,2026-05,1270.798604772227,0.02541597209544454
L4_regime+L5_pyramid,57,2026-06,-329.0290575693898,-0.006580581151387796
L4_regime+L5_pyramid,57,2026-07,73.35162822297934,0.0014670325644595868
L4_regime+L5_pyramid,58,2025-08,530.7298663970914,0.010614597327941828
L4_regime+L5_pyramid,58,2025-09,4400.78880000382,0.0880157760000764
L4_regime+L5_pyramid,58,2025-10,-1768.0654794715974,-0.03536130958943195
L4_regime+L5_pyramid,58,2025-11,-522.2606201096096,-0.010445212402192192
L4_regime+L5_pyramid,58,2025-12,-509.8868853154527,-0.010197737706309053
L4_regime+L5_pyramid,58,2026-01,1054.5153647567622,0.021090307295135245
L4_regime+L5_pyramid,58,2026-02,298.3725254606461,0.005967450509212922
L4_regime+L5_pyramid,58,2026-03,-920.9597454342465,-0.01841919490868493
L4_regime+L5_pyramid,58,2026-04,1192.9310338973137,0.023858620677946273
L4_regime+L5_pyramid,58,2026-05,1510.9072474499371,0.030218144948998743
L4_regime+L5_pyramid,58,2026-06,-1873.4415556610875,-0.03746883111322175
L4_regime+L5_pyramid,58,2026-07,-131.32290208263657,-0.0026264580416527315
L4_regime+L5_pyramid,59,2025-08,-491.69173754800704,-0.009833834750960141
L4_regime+L5_pyramid,59,2025-09,48.02479441869218,0.0009604958883738436
L4_regime+L5_pyramid,59,2025-10,-352.8105050102822,-0.007056210100205644
L4_regime+L5_pyramid,59,2025-11,-80.19430914125223,-0.0016038861828250447
L4_regime+L5_pyramid,59,2025-12,-461.68167228368384,-0.009233633445673677
L4_regime+L5_pyramid,59,2026-01,716.790170951921,0.01433580341903842
L4_regime+L5_pyramid,59,2026-02,530.7089533860508,0.010614179067721016
L4_regime+L5_pyramid,59,2026-03,-1139.5490731315685,-0.022790981462631373
L4_regime+L5_pyramid,59,2026-04,211.83774216658185,0.004236754843331637
L4_regime+L5_pyramid,59,2026-05,597.4021892068868,0.011948043784137736
L4_regime+L5_pyramid,59,2026-06,-51.145438515467504,-0.00102290877030935
L4_regime+L5_pyramid,59,2026-07,57.50485087622383,0.0011500970175244765
L4_regime+L5_pyramid,60,2025-08,-507.08779887385936,-0.010141755977477187
L4_regime+L5_pyramid,60,2025-09,1389.3325577863625,0.02778665115572725
L4_regime+L5_pyramid,60,2025-10,468.91623265467206,0.00937832465309344
L4_regime+L5_pyramid,60,2025-11,-1029.360627709907,-0.02058721255419814
L4_regime+L5_pyramid,60,2025-12,-173.6072337708265,-0.00347214467541653
L4_regime+L5_pyramid,60,2026-01,700.5992229724243,0.014011984459448486
L4_regime+L5_pyramid,60,2026-02,669.9961252839639,0.013399922505679278
L4_regime+L5_pyramid,60,2026-03,-292.3273859690562,-0.005846547719381124
L4_regime+L5_pyramid,60,2026-04,-493.81253653701333,-0.009876250730740267
L4_regime+L5_pyramid,60,2026-05,-58.553077268349625,-0.0011710615453669926
L4_regime+L5_pyramid,60,2026-06,-275.1446513359642,-0.005502893026719285
L4_regime+L5_pyramid,60,2026-07,-425.29695032306427,-0.008505939006461285
L4_regime+L5_pyramid,61,2025-08,-2213.468429807844,-0.044269368596156884
L4_regime+L5_pyramid,61,2025-09,1810.621838477874,0.03621243676955748
L4_regime+L5_pyramid,61,2025-10,1503.0896250577985,0.030061792501155968
L4_regime+L5_pyramid,61,2025-11,-634.4879094149073,-0.012689758188298147
L4_regime+L5_pyramid,61,2025-12,-283.79694195805314,-0.005675938839161063
L4_regime+L5_pyramid,61,2026-01,1147.6339209948192,0.022952678419896382
L4_regime+L5_pyramid,61,2026-02,125.12278659902131,0.002502455731980426
L4_regime+L5_pyramid,61,2026-03,-688.1630979577985,-0.01376326195915597
L4_regime+L5_pyramid,61,2026-04,18.75128367950765,0.000375025673590153
L4_regime+L5_pyramid,61,2026-05,3322.5660197256175,0.06645132039451235
L4_regime+L5_pyramid,61,2026-06,177.89709909022895,0.003557941981804579
L4_regime+L5_pyramid,61,2026-07,-505.6453359902998,-0.010112906719805996
L4_regime+L5_pyramid,62,2025-08,-1614.7317294450563,-0.032294634588901125
L4_regime+L5_pyramid,62,2025-09,529.6487244420687,0.010592974488841373
L4_regime+L5_pyramid,62,2025-10,35.76534167874479,0.0007153068335748958
L4_regime+L5_pyramid,62,2025-11,-1235.8603688627436,-0.02471720737725487
L4_regime+L5_pyramid,62,2025-12,-122.06477154399818,-0.0024412954308799637
L4_regime+L5_pyramid,62,2026-01,21.448466413854476,0.0004289693282770895
L4_regime+L5_pyramid,62,2026-02,-388.9236972015851,-0.007778473944031703
L4_regime+L5_pyramid,62,2026-03,454.10933303867205,0.00908218666077344
L4_regime+L5_pyramid,62,2026-04,258.31832863321506,0.005166366572664301
L4_regime+L5_pyramid,62,2026-05,64.33159292693927,0.0012866318585387853
L4_regime+L5_pyramid,62,2026-06,-35.47198546004347,-0.0007094397092008694
L4_regime+L5_pyramid,62,2026-07,-79.06776434780295,-0.001581355286956059
L4_regime+L5_pyramid,63,2025-08,-111.99216405372044,-0.002239843281074409
L4_regime+L5_pyramid,63,2025-09,906.3221101059926,0.01812644220211985
L4_regime+L5_pyramid,63,2025-10,432.3630397831621,0.008647260795663242
L4_regime+L5_pyramid,63,2025-11,-1649.9689207683896,-0.03299937841536779
L4_regime+L5_pyramid,63,2025-12,-142.1337269688829,-0.0028426745393776583
L4_regime+L5_pyramid,63,2026-01,34.9820573042507,0.0006996411460850141
L4_regime+L5_pyramid,63,2026-02,-150.49401124138785,-0.003009880224827757
L4_regime+L5_pyramid,63,2026-03,-483.2823338692788,-0.009665646677385575
L4_regime+L5_pyramid,63,2026-04,-75.69348209423788,-0.0015138696418847575
L4_regime+L5_pyramid,63,2026-05,-51.59964458439572,-0.0010319928916879143
L4_regime+L5_pyramid,63,2026-06,-90.8257729815823,-0.001816515459631646
L4_regime+L5_pyramid,63,2026-07,129.73613894376012,0.0025947227788752024
L4_regime+L5_pyramid,64,2025-08,-95.95648959141818,-0.0019191297918283636
L4_regime+L5_pyramid,64,2025-09,506.86324702658294,0.01013726494053166
L4_regime+L5_pyramid,64,2025-10,281.7401820473842,0.0056348036409476845
L4_regime+L5_pyramid,64,2025-11,103.23072275989034,0.0020646144551978067
L4_regime+L5_pyramid,64,2025-12,-138.7828979721453,-0.0027756579594429057
L4_regime+L5_pyramid,64,2026-01,1872.1357217580926,0.03744271443516185
L4_regime+L5_pyramid,64,2026-02,60.289364149752146,0.0012057872829950428
L4_regime+L5_pyramid,64,2026-03,-1175.7960900982234,-0.02351592180196447
L4_regime+L5_pyramid,64,2026-04,28.560578338861887,0.0005712115667772377
L4_regime+L5_pyramid,64,2026-05,-187.1973509361478,-0.0037439470187229564
L4_regime+L5_pyramid,64,2026-06,-292.3213961561605,-0.00584642792312321
L4_regime+L5_pyramid,64,2026-07,366.7775040485458,0.0073355500809709154
L4_regime+L5_pyramid,65,2025-08,582.0602043535018,0.011641204087070037
L4_regime+L5_pyramid,65,2025-09,2849.4884600446085,0.05698976920089217
L4_regime+L5_pyramid,65,2025-10,-2214.2490268765187,-0.044284980537530376
L4_regime+L5_pyramid,65,2025-11,224.03080489907097,0.00448061609798142
L4_regime+L5_pyramid,65,2025-12,-403.3277905167479,-0.008066555810334958
L4_regime+L5_pyramid,65,2026-01,100.71705037866195,0.002014341007573239
L4_regime+L5_pyramid,65,2026-02,712.2189556239655,0.01424437911247931
L4_regime+L5_pyramid,65,2026-03,-1105.564640458203,-0.02211129280916406
L4_regime+L5_pyramid,65,2026-04,-112.50325822418927,-0.0022500651644837854
L4_regime+L5_pyramid,65,2026-05,691.2069819218495,0.013824139638436992
L4_regime+L5_pyramid,65,2026-06,-1331.0697429989214,-0.02662139485997843
L4_regime+L5_pyramid,65,2026-07,304.50619893438216,0.006090123978687643
L4_regime+L5_pyramid,66,2025-08,-2399.040149892378,-0.04798080299784756
L4_regime+L5_pyramid,66,2025-09,136.58936110675495,0.002731787222135099
L4_regime+L5_pyramid,66,2025-10,644.7342960053797,0.012894685920107595
L4_regime+L5_pyramid,66,2025-11,-31.84267852889934,-0.0006368535705779868
L4_regime+L5_pyramid,66,2025-12,33.001904278782604,0.0006600380855756521
L4_regime+L5_pyramid,66,2026-01,1840.3482451824748,0.03680696490364949
L4_regime+L5_pyramid,66,2026-02,-67.4020590436703,-0.0013480411808734062
L4_regime+L5_pyramid,66,2026-03,-560.2153369096932,-0.011204306738193864
L4_regime+L5_pyramid,66,2026-04,-13.718437095217269,-0.00027436874190434534
L4_regime+L5_pyramid,66,2026-05,313.0442236692097,0.006260884473384194
L4_regime+L5_pyramid,66,2026-06,-204.1105861326978,-0.004082211722653955
L4_regime+L5_pyramid,66,2026-07,65.53775119891998,0.0013107550239783996
L4_regime+L5_pyramid,67,2025-08,-307.8298516407085,-0.00615659703281417
L4_regime+L5_pyramid,67,2025-09,89.57378483363482,0.0017914756966726964
L4_regime+L5_pyramid,67,2025-10,-412.0769181539026,-0.008241538363078052
L4_regime+L5_pyramid,67,2025-11,320.4419945270911,0.006408839890541822
L4_regime+L5_pyramid,67,2025-12,-103.0635210382352,-0.002061270420764704
L4_regime+L5_pyramid,67,2026-01,-281.06068265055546,-0.0056212136530111095
L4_regime+L5_pyramid,67,2026-02,573.5687250651445,0.01147137450130289
L4_regime+L5_pyramid,67,2026-03,-457.3772789020868,-0.009147545578041736
L4_regime+L5_pyramid,67,2026-04,496.5524748736061,0.009931049497472122
L4_regime+L5_pyramid,67,2026-05,-360.34494741394064,-0.007206898948278813
L4_regime+L5_pyramid,67,2026-06,0.0,0.0
L4_regime+L5_pyramid,67,2026-07,697.6430295309519,0.013952860590619039
L4_regime+L5_pyramid,68,2025-08,82.84229306500583,0.0016568458613001166
L4_regime+L5_pyramid,68,2025-09,2449.8894424020573,0.048997788848041145
L4_regime+L5_pyramid,68,2025-10,370.09299261067554,0.007401859852213511
L4_regime+L5_pyramid,68,2025-11,3.6154416031467917,7.230883206293583e-05
L4_regime+L5_pyramid,68,2025-12,-83.33093119450405,-0.001666618623890081
L4_regime+L5_pyramid,68,2026-01,762.8262893909587,0.015256525787819173
L4_regime+L5_pyramid,68,2026-02,448.11520948739326,0.008962304189747866
L4_regime+L5_pyramid,68,2026-03,-1015.1416480736989,-0.020302832961473977
L4_regime+L5_pyramid,68,2026-04,283.7298808050082,0.005674597616100164
L4_regime+L5_pyramid,68,2026-05,427.5762558688557,0.008551525117377114
L4_regime+L5_pyramid,68,2026-06,-458.10405449705104,-0.00916208108994102
L4_regime+L5_pyramid,68,2026-07,53.322562596894386,0.0010664512519378878
L4_regime+L5_pyramid,69,2025-08,-122.3873576929418,-0.002447747153858836
L4_regime+L5_pyramid,69,2025-09,1155.400411423997,0.02310800822847994
L4_regime+L5_pyramid,69,2025-10,566.2531073952741,0.011325062147905483
L4_regime+L5_pyramid,69,2025-11,-1779.5910702968222,-0.03559182140593645
L4_regime+L5_pyramid,69,2025-12,-273.2312955403786,-0.005464625910807572
L4_regime+L5_pyramid,69,2026-01,-16.810183623795638,-0.00033620367247591277
L4_regime+L5_pyramid,69,2026-02,253.26718580454053,0.005065343716090811
L4_regime+L5_pyramid,69,2026-03,-661.299258769568,-0.01322598517539136
L4_regime+L5_pyramid,69,2026-04,69.37643571475473,0.0013875287142950947
L4_regime+L5_pyramid,69,2026-05,67.83841252424372,0.0013567682504848745
L4_regime+L5_pyramid,69,2026-06,-41.619367779047934,-0.0008323873555809586
L4_regime+L5_pyramid,69,2026-07,116.76439282196952,0.0023352878564393905
L4_regime+L5_pyramid,70,2025-08,399.20997112569785,0.007984199422513957
L4_regime+L5_pyramid,70,2025-09,3267.1372121458126,0.06534274424291625
L4_regime+L5_pyramid,70,2025-10,-1837.9764329307018,-0.03675952865861404
L4_regime+L5_pyramid,70,2025-11,-751.2259565106215,-0.01502451913021243
L4_regime+L5_pyramid,70,2025-12,-385.19272500893203,-0.00770385450017864
L4_regime+L5_pyramid,70,2026-01,-398.2174825421398,-0.007964349650842795
L4_regime+L5_pyramid,70,2026-02,1023.4268306566073,0.020468536613132145
L4_regime+L5_pyramid,70,2026-03,-874.4925329179232,-0.017489850658358463
L4_regime+L5_pyramid,70,2026-04,-196.5949930343013,-0.003931899860686026
L4_regime+L5_pyramid,70,2026-05,892.5014061419133,0.017850028122838268
L4_regime+L5_pyramid,70,2026-06,-1374.5811727315886,-0.027491623454631773
L4_regime+L5_pyramid,70,2026-07,-468.62052586787195,-0.00937241051735744
L4_regime+L5_pyramid,71,2025-08,-704.6540958189917,-0.014093081916379833
L4_regime+L5_pyramid,71,2025-09,-300.29384227651735,-0.006005876845530347
L4_regime+L5_pyramid,71,2025-10,-288.36464218710535,-0.005767292843742107
L4_regime+L5_pyramid,71,2025-11,-628.6266465878666,-0.012572532931757332
L4_regime+L5_pyramid,71,2025-12,-264.5487250871124,-0.005290974501742248
L4_regime+L5_pyramid,71,2026-01,59.698698822082406,0.001193973976441648
L4_regime+L5_pyramid,71,2026-02,759.799106408721,0.01519598212817442
L4_regime+L5_pyramid,71,2026-03,-1037.9373411975948,-0.020758746823951898
L4_regime+L5_pyramid,71,2026-04,1136.4764419167795,0.02272952883833559
L4_regime+L5_pyramid,71,2026-05,562.3041911736273,0.011246083823472546
L4_regime+L5_pyramid,71,2026-06,1147.7606700248143,0.022955213400496288
L4_regime+L5_pyramid,71,2026-07,-138.48314938242947,-0.0027696629876485896
L4_regime+L5_pyramid,72,2025-08,493.0001451584476,0.009860002903168952
L4_regime+L5_pyramid,72,2025-09,3286.130341375764,0.06572260682751528
L4_regime+L5_pyramid,72,2025-10,-1526.5157940389536,-0.03053031588077907
L4_regime+L5_pyramid,72,2025-11,159.9617514116444,0.003199235028232888
L4_regime+L5_pyramid,72,2025-12,412.9882827365145,0.00825976565473029
L4_regime+L5_pyramid,72,2026-01,947.0394224960719,0.018940788449921437
L4_regime+L5_pyramid,72,2026-02,-204.45531057954486,-0.004089106211590897
L4_regime+L5_pyramid,72,2026-03,42.40279948157604,0.0008480559896315208
L4_regime+L5_pyramid,72,2026-04,-3.7419881081550557,-7.483976216310111e-05
L4_regime+L5_pyramid,72,2026-05,63.420010841523435,0.0012684002168304688
L4_regime+L5_pyramid,72,2026-06,-1711.652393869921,-0.03423304787739842
L4_regime+L5_pyramid,72,2026-07,33.08043983211337,0.0006616087966422674
L4_regime+L5_pyramid,73,2025-08,-106.05292805732552,-0.0021210585611465102
L4_regime+L5_pyramid,73,2025-09,1448.2903313932975,0.02896580662786595
L4_regime+L5_pyramid,73,2025-10,141.94631259697417,0.0028389262519394835
L4_regime+L5_pyramid,73,2025-11,-997.6740213112407,-0.019953480426224815
L4_regime+L5_pyramid,73,2025-12,-198.6630250664366,-0.003973260501328732
L4_regime+L5_pyramid,73,2026-01,1387.4360155317781,0.027748720310635563
L4_regime+L5_pyramid,73,2026-02,1331.1157406026678,0.026622314812053356
L4_regime+L5_pyramid,73,2026-03,-942.4309328680201,-0.018848618657360403
L4_regime+L5_pyramid,73,2026-04,935.2794228268122,0.01870558845653624
L4_regime+L5_pyramid,73,2026-05,-681.1187843864218,-0.013622375687728436
L4_regime+L5_pyramid,73,2026-06,-493.9725345331017,-0.009879450690662034
L4_regime+L5_pyramid,73,2026-07,-73.5678964034596,-0.001471357928069192
L4_regime+L5_pyramid,74,2025-08,465.9651063081874,0.009319302126163748
L4_regime+L5_pyramid,74,2025-09,1851.058759423734,0.037021175188474684
L4_regime+L5_pyramid,74,2025-10,756.0727772449727,0.015121455544899454
L4_regime+L5_pyramid,74,2025-11,-463.71733058937934,-0.009274346611787587
L4_regime+L5_pyramid,74,2025-12,-345.8452251805502,-0.006916904503611003
L4_regime+L5_pyramid,74,2026-01,0.8146009769279772,1.6292019538559544e-05
L4_regime+L5_pyramid,74,2026-02,-543.3206557630438,-0.010866413115260876
L4_regime+L5_pyramid,74,2026-03,-216.10780325167434,-0.004322156065033487
L4_regime+L5_pyramid,74,2026-04,-14.137801136720554,-0.0002827560227344111
L4_regime+L5_pyramid,74,2026-05,10.499924225951872,0.00020999848451903744
L4_regime+L5_pyramid,74,2026-06,-23.311007286690256,-0.0004662201457338051
L4_regime+L5_pyramid,74,2026-07,169.50198376378194,0.003390039675275639
L4_regime+L5_pyramid,75,2025-08,24.316812965734243,0.0004863362593146849
L4_regime+L5_pyramid,75,2025-09,363.85357311658936,0.007277071462331787
L4_regime+L5_pyramid,75,2025-10,-221.0163906097796,-0.004420327812195592
L4_regime+L5_pyramid,75,2025-11,-652.580083675316,-0.01305160167350632
L4_regime+L5_pyramid,75,2025-12,-85.26636500644327,-0.0017053273001288653
L4_regime+L5_pyramid,75,2026-01,708.0759359456442,0.014161518718912885
L4_regime+L5_pyramid,75,2026-02,1474.6366781846627,0.029492733563693255
L4_regime+L5_pyramid,75,2026-03,-1526.0051774426056,-0.030520103548852113
L4_regime+L5_pyramid,75,2026-04,-17.442625677764227,-0.00034885251355528453
L4_regime+L5_pyramid,75,2026-05,-100.04057700501835,-0.002000811540100367
L4_regime+L5_pyramid,75,2026-06,73.70389457314013,0.0014740778914628027
L4_regime+L5_pyramid,75,2026-07,-189.02868575955836,-0.0037805737151911673
L4_regime+L5_pyramid,76,2025-08,-302.2083724094973,-0.0060441674481899466
L4_regime+L5_pyramid,76,2025-09,1380.040187900945,0.0276008037580189
L4_regime+L5_pyramid,76,2025-10,323.4328283870209,0.006468656567740418
L4_regime+L5_pyramid,76,2025-11,-1358.189753894938,-0.027163795077898758
L4_regime+L5_pyramid,76,2025-12,-181.57767606567086,-0.003631553521313417
L4_regime+L5_pyramid,76,2026-01,903.0397620454532,0.018060795240909065
L4_regime+L5_pyramid,76,2026-02,1689.9755467321256,0.033799510934642514
L4_regime+L5_pyramid,76,2026-03,-1673.0081334205233,-0.03346016266841047
L4_regime+L5_pyramid,76,2026-04,755.5239048424482,0.015110478096848965
L4_regime+L5_pyramid,76,2026-05,78.4106648424231,0.001568213296848462
L4_regime+L5_pyramid,76,2026-06,-174.3744722434958,-0.003487489444869916
L4_regime+L5_pyramid,76,2026-07,-104.72585160382187,-0.002094517032076437
L4_regime+L5_pyramid,77,2025-08,373.6294649678857,0.007472589299357715
L4_regime+L5_pyramid,77,2025-09,1432.0860430152088,0.028641720860304178
L4_regime+L5_pyramid,77,2025-10,1010.5531992052365,0.02021106398410473
L4_regime+L5_pyramid,77,2025-11,177.62903753799765,0.003552580750759953
L4_regime+L5_pyramid,77,2025-12,612.6648727867796,0.012253297455735591
L4_regime+L5_pyramid,77,2026-01,1106.8464673266362,0.022136929346532726
L4_regime+L5_pyramid,77,2026-02,-413.68209352458325,-0.008273641870491665
L4_regime+L5_pyramid,77,2026-03,-523.1764471840579,-0.010463528943681159
L4_regime+L5_pyramid,77,2026-04,467.29386722147683,0.009345877344429536
L4_regime+L5_pyramid,77,2026-05,174.3541109054322,0.0034870822181086443
L4_regime+L5_pyramid,77,2026-06,-324.1759444884601,-0.0064835188897692025
L4_regime+L5_pyramid,77,2026-07,-70.16852320357975,-0.001403370464071595
L4_regime+L5_pyramid,78,2025-08,-671.6650402369278,-0.013433300804738556
L4_regime+L5_pyramid,78,2025-09,-88.52395000176875,-0.001770479000035375
L4_regime+L5_pyramid,78,2025-10,-81.69475665527989,-0.0016338951331055977
L4_regime+L5_pyramid,78,2025-11,-407.9398984075574,-0.008158797968151148
L4_regime+L5_pyramid,78,2025-12,779.2176426481033,0.015584352852962065
L4_regime+L5_pyramid,78,2026-01,-233.58263811080906,-0.004671652762216181
L4_regime+L5_pyramid,78,2026-02,1678.428176469939,0.03356856352939878
L4_regime+L5_pyramid,78,2026-03,-1328.6486871049974,-0.026572973742099947
L4_regime+L5_pyramid,78,2026-04,891.5443305382496,0.01783088661076499
L4_regime+L5_pyramid,78,2026-05,602.7952881963292,0.012055905763926586
L4_regime+L5_pyramid,78,2026-06,854.4739976381434,0.017089479952762866
L4_regime+L5_pyramid,78,2026-07,-220.80341354404118,-0.004416068270880823
L4_regime+L5_pyramid,79,2025-08,-264.58030454226264,-0.005291606090845253
L4_regime+L5_pyramid,79,2025-09,1943.6186714348378,0.03887237342869675
L4_regime+L5_pyramid,79,2025-10,918.0203847659031,0.018360407695318062
L4_regime+L5_pyramid,79,2025-11,-633.6797109503705,-0.01267359421900741
L4_regime+L5_pyramid,79,2025-12,-211.4993703013206,-0.004229987406026412
L4_regime+L5_pyramid,79,2026-01,701.7752584472678,0.014035505168945356
L4_regime+L5_pyramid,79,2026-02,-641.0481126764334,-0.012820962253528669
L4_regime+L5_pyramid,79,2026-03,198.38745463642226,0.003967749092728445
L4_regime+L5_pyramid,79,2026-04,2910.0189464644577,0.05820037892928916
L4_regime+L5_pyramid,79,2026-05,2560.1194320373415,0.05120238864074683
L4_regime+L5_pyramid,79,2026-06,-147.2738722582535,-0.00294547744516507
L4_regime+L5_pyramid,79,2026-07,209.8262884732294,0.004196525769464588
L4_regime+L5_pyramid,80,2025-08,-265.2251022599121,-0.005304502045198242
L4_regime+L5_pyramid,80,2025-09,-242.8401538134276,-0.004856803076268552
L4_regime+L5_pyramid,80,2025-10,-267.5234472596421,-0.005350468945192842
L4_regime+L5_pyramid,80,2025-11,-24.83007574199837,-0.0004966015148399674
L4_regime+L5_pyramid,80,2025-12,-147.71493922856007,-0.0029542987845712016
L4_regime+L5_pyramid,80,2026-01,398.26324859048236,0.007965264971809648
L4_regime+L5_pyramid,80,2026-02,896.7571319682702,0.017935142639365402
L4_regime+L5_pyramid,80,2026-03,-1584.9980435774623,-0.03169996087154925
L4_regime+L5_pyramid,80,2026-04,459.6707765716983,0.009193415531433966
L4_regime+L5_pyramid,80,2026-05,-226.90341760035608,-0.0045380683520071215
L4_regime+L5_pyramid,80,2026-06,-19.642053248622688,-0.00039284106497245374
L4_regime+L5_pyramid,80,2026-07,205.50431140270666,0.0041100862280541335
L4_regime+L5_pyramid,81,2025-08,-72.07621247094175,-0.001441524249418835
L4_regime+L5_pyramid,81,2025-09,167.2992680239804,0.003345985360479608
L4_regime+L5_pyramid,81,2025-10,-186.53842870905464,-0.003730768574181093
L4_regime+L5_pyramid,81,2025-11,-439.49763772135066,-0.008789952754427012
L4_regime+L5_pyramid,81,2025-12,-99.5370384445796,-0.001990740768891592
L4_regime+L5_pyramid,81,2026-01,140.61687368393177,0.0028123374736786356
L4_regime+L5_pyramid,81,2026-02,783.4534723341103,0.015669069446682206
L4_regime+L5_pyramid,81,2026-03,-851.4261773561666,-0.017028523547123333
L4_regime+L5_pyramid,81,2026-04,1460.6867807032495,0.02921373561406499
L4_regime+L5_pyramid,81,2026-05,-165.05783029200393,-0.0033011566058400786
L4_regime+L5_pyramid,81,2026-06,-54.83971218050192,-0.0010967942436100383
L4_regime+L5_pyramid,81,2026-07,89.36934293874947,0.0017873868587749895
L4_regime+L5_pyramid,82,2025-08,1211.9952315318533,0.024239904630637066
L4_regime+L5_pyramid,82,2025-09,4412.122924928954,0.08824245849857908
L4_regime+L5_pyramid,82,2025-10,-1578.2828058071364,-0.031565656116142725
L4_regime+L5_pyramid,82,2025-11,-253.32440182978917,-0.005066488036595784
L4_regime+L5_pyramid,82,2025-12,-897.6366418099615,-0.01795273283619923
L4_regime+L5_pyramid,82,2026-01,478.0281673450627,0.009560563346901254
L4_regime+L5_pyramid,82,2026-02,706.7108368185545,0.01413421673637109
L4_regime+L5_pyramid,82,2026-03,-781.1527654576221,-0.015623055309152442
L4_regime+L5_pyramid,82,2026-04,1499.393611525542,0.02998787223051084
L4_regime+L5_pyramid,82,2026-05,964.4613499202724,0.019289226998405448
L4_regime+L5_pyramid,82,2026-06,-2047.423733449371,-0.04094847466898742
L4_regime+L5_pyramid,82,2026-07,-29.49988006866988,-0.0005899976013733977
L4_regime+L5_pyramid,83,2025-08,339.5646574622797,0.006791293149245594
L4_regime+L5_pyramid,83,2025-09,597.9256387568175,0.01195851277513635
L4_regime+L5_pyramid,83,2025-10,-437.63478470850714,-0.008752695694170143
L4_regime+L5_pyramid,83,2025-11,-576.850908766582,-0.011537018175331641
L4_regime+L5_pyramid,83,2025-12,-420.37862670285494,-0.0084075725340571
L4_regime+L5_pyramid,83,2026-01,-10.213284564407331,-0.00020426569128814662
L4_regime+L5_pyramid,83,2026-02,-339.2702892477728,-0.006785405784955455
L4_regime+L5_pyramid,83,2026-03,1013.827199212119,0.02027654398424238
L4_regime+L5_pyramid,83,2026-04,1308.825239847377,0.02617650479694754
L4_regime+L5_pyramid,83,2026-05,561.8547126024005,0.011237094252048009
L4_regime+L5_pyramid,83,2026-06,1078.019620349396,0.02156039240698792
L4_regime+L5_pyramid,83,2026-07,6.615505952267085,0.0001323101190453417
L4_regime+L5_pyramid,84,2025-08,-185.46057693738385,-0.003709211538747677
L4_regime+L5_pyramid,84,2025-09,291.219861991136,0.00582439723982272
L4_regime+L5_pyramid,84,2025-10,-132.5032638903058,-0.002650065277806116
L4_regime+L5_pyramid,84,2025-11,-131.58803029390674,-0.002631760605878135
L4_regime+L5_pyramid,84,2025-12,-97.74772525760272,-0.0019549545051520544
L4_regime+L5_pyramid,84,2026-01,-289.4625555043458,-0.005789251110086916
L4_regime+L5_pyramid,84,2026-02,372.5573255298259,0.007451146510596518
L4_regime+L5_pyramid,84,2026-03,-419.18360732215933,-0.008383672146443187
L4_regime+L5_pyramid,84,2026-04,-205.14696152299075,-0.004102939230459815
L4_regime+L5_pyramid,84,2026-05,-741.9997489495881,-0.014839994978991763
L4_regime+L5_pyramid,84,2026-06,-618.467710817622,-0.01236935421635244
L4_regime+L5_pyramid,84,2026-07,3.911558991907441,7.823117983814883e-05
L4_regime+L5_pyramid,85,2025-08,-231.8141716635928,-0.004636283433271856
L4_regime+L5_pyramid,85,2025-09,-27.89250572911078,-0.0005578501145822156
L4_regime+L5_pyramid,85,2025-10,-100.55903410000792,-0.0020111806820001586
L4_regime+L5_pyramid,85,2025-11,-152.33870783893326,-0.003046774156778665
L4_regime+L5_pyramid,85,2025-12,93.02267777672932,0.0018604535555345864
L4_regime+L5_pyramid,85,2026-01,2225.3871925534686,0.04450774385106937
L4_regime+L5_pyramid,85,2026-02,1073.860144201095,0.021477202884021898
L4_regime+L5_pyramid,85,2026-03,-878.8477493705477,-0.017576954987410954
L4_regime+L5_pyramid,85,2026-04,2000.678493789187,0.04001356987578374
L4_regime+L5_pyramid,85,2026-05,-118.0544586413589,-0.002361089172827178
L4_regime+L5_pyramid,85,2026-06,-62.436835136078116,-0.0012487367027215622
L4_regime+L5_pyramid,85,2026-07,-72.91119148283815,-0.001458223829656763
L4_regime+L5_pyramid,86,2025-08,-2211.8002873534374,-0.04423600574706875
L4_regime+L5_pyramid,86,2025-09,1616.5307413923829,0.03233061482784766
L4_regime+L5_pyramid,86,2025-10,504.7581815455883,0.010095163630911766
L4_regime+L5_pyramid,86,2025-11,-428.25236384511845,-0.008565047276902368
L4_regime+L5_pyramid,86,2025-12,-129.9553910188224,-0.002599107820376448
L4_regime+L5_pyramid,86,2026-01,827.3788476833288,0.016547576953666574
L4_regime+L5_pyramid,86,2026-02,1210.6671229520243,0.024213342459040485
L4_regime+L5_pyramid,86,2026-03,-1130.694593443186,-0.02261389186886372
L4_regime+L5_pyramid,86,2026-04,787.7389595455797,0.015754779190911596
L4_regime+L5_pyramid,86,2026-05,506.903559033859,0.01013807118067718
L4_regime+L5_pyramid,86,2026-06,-401.1621988836014,-0.008023243977672028
L4_regime+L5_pyramid,86,2026-07,-157.3068009745075,-0.00314613601949015
L4_regime+L5_pyramid,87,2025-08,-7.58420044140621,-0.0001516840088281242
L4_regime+L5_pyramid,87,2025-09,-16.93402066451017,-0.00033868041329020344
L4_regime+L5_pyramid,87,2025-10,72.8340562121466,0.0014566811242429322
L4_regime+L5_pyramid,87,2025-11,-566.6989096137604,-0.011333978192275208
L4_regime+L5_pyramid,87,2025-12,-184.50256533824904,-0.003690051306764981
L4_regime+L5_pyramid,87,2026-01,1153.8611699457733,0.023077223398915468
L4_regime+L5_pyramid,87,2026-02,921.0981269754548,0.018421962539509094
L4_regime+L5_pyramid,87,2026-03,-1403.7766930285834,-0.02807553386057167
L4_regime+L5_pyramid,87,2026-04,1113.6708728822714,0.02227341745764543
L4_regime+L5_pyramid,87,2026-05,-45.172166893086796,-0.000903443337861736
L4_regime+L5_pyramid,87,2026-06,-111.27250075392385,-0.002225450015078477
L4_regime+L5_pyramid,87,2026-07,338.05046060127006,0.006761009212025401
L4_regime+L5_pyramid,88,2025-08,-238.11707662671324,-0.004762341532534265
L4_regime+L5_pyramid,88,2025-09,1796.1133285750657,0.03592226657150131
L4_regime+L5_pyramid,88,2025-10,1315.4432102177698,0.026308864204355395
L4_regime+L5_pyramid,88,2025-11,-712.844096609153,-0.014256881932183059
L4_regime+L5_pyramid,88,2025-12,-12.058330054981525,-0.0002411666010996305
L4_regime+L5_pyramid,88,2026-01,1017.3846101465206,0.020347692202930413
L4_regime+L5_pyramid,88,2026-02,1.598863011297908,3.197726022595816e-05
L4_regime+L5_pyramid,88,2026-03,-1142.3037894332037,-0.022846075788664075
L4_regime+L5_pyramid,88,2026-04,1026.5903700909785,0.02053180740181957
L4_regime+L5_pyramid,88,2026-05,2326.9885581013323,0.04653977116202664
L4_regime+L5_pyramid,88,2026-06,218.98523147439755,0.004379704629487951
L4_regime+L5_pyramid,88,2026-07,-453.2781921904416,-0.009065563843808832
L4_regime+L5_pyramid,89,2025-08,-1829.1556179041622,-0.036583112358083245
L4_regime+L5_pyramid,89,2025-09,-360.4454364366684,-0.007208908728733368
L4_regime+L5_pyramid,89,2025-10,66.9898111203006,0.001339796222406012
L4_regime+L5_pyramid,89,2025-11,-718.6202826728286,-0.014372405653456571
L4_regime+L5_pyramid,89,2025-12,-103.07759149398407,-0.0020615518298796815
L4_regime+L5_pyramid,89,2026-01,273.11275103223306,0.005462255020644661
L4_regime+L5_pyramid,89,2026-02,76.93428082131868,0.0015386856164263736
L4_regime+L5_pyramid,89,2026-03,-531.1234431586081,-0.010622468863172162
L4_regime+L5_pyramid,89,2026-04,612.236394472262,0.01224472788944524
L4_regime+L5_pyramid,89,2026-05,-417.11741854257434,-0.008342348370851486
L4_regime+L5_pyramid,89,2026-06,18.888986531581395,0.0003777797306316279
L4_regime+L5_pyramid,89,2026-07,-46.711633285103744,-0.0009342326657020749
L4_regime+L5_pyramid,90,2025-08,-290.93928691865676,-0.005818785738373135
L4_regime+L5_pyramid,90,2025-09,1820.5585035206796,0.03641117007041359
L4_regime+L5_pyramid,90,2025-10,1108.3687111899408,0.022167374223798816
L4_regime+L5_pyramid,90,2025-11,-482.47743995760266,-0.009649548799152053
L4_regime+L5_pyramid,90,2025-12,12.609954556983212,0.0002521990911396642
L4_regime+L5_pyramid,90,2026-01,968.4125001863904,0.019368250003727806
L4_regime+L5_pyramid,90,2026-02,818.2142463811151,0.0163642849276223
L4_regime+L5_pyramid,90,2026-03,-1079.1071254835124,-0.02158214250967025
L4_regime+L5_pyramid,90,2026-04,-231.4957528834384,-0.004629915057668768
L4_regime+L5_pyramid,90,2026-05,2845.07139521928,0.0569014279043856
L4_regime+L5_pyramid,90,2026-06,-348.1316396682123,-0.006962632793364246
L4_regime+L5_pyramid,90,2026-07,37.11284250004792,0.0007422568500009583
L4_regime+L5_pyramid,91,2025-08,6.939480538319913,0.00013878961076639826
L4_regime+L5_pyramid,91,2025-09,1424.9224063395059,0.028498448126790116
L4_regime+L5_pyramid,91,2025-10,1140.9654784519562,0.022819309569039124
L4_regime+L5_pyramid,91,2025-11,-261.7100257885959,-0.005234200515771918
L4_regime+L5_pyramid,91,2025-12,-75.8567825345317,-0.0015171356506906342
L4_regime+L5_pyramid,91,2026-01,1338.0651717945102,0.026761303435890203
L4_regime+L5_pyramid,91,2026-02,478.9847876724325,0.00957969575344865
L4_regime+L5_pyramid,91,2026-03,-1977.5835203913493,-0.039551670407826985
L4_regime+L5_pyramid,91,2026-04,149.41034435609254,0.0029882068871218506
L4_regime+L5_pyramid,91,2026-05,2099.0215245697864,0.04198043049139573
L4_regime+L5_pyramid,91,2026-06,-155.94470693348194,-0.003118894138669639
L4_regime+L5_pyramid,91,2026-07,562.5811944107627,0.011251623888215254
L4_regime+L5_pyramid,92,2025-08,-824.3761506000501,-0.016487523012001
L4_regime+L5_pyramid,92,2025-09,1389.5780074123613,0.027791560148247227
L4_regime+L5_pyramid,92,2025-10,853.9348447595612,0.017078696895191224
L4_regime+L5_pyramid,92,2025-11,-1358.7763374961833,-0.027175526749923667
L4_regime+L5_pyramid,92,2025-12,-175.23961186294764,-0.003504792237258953
L4_regime+L5_pyramid,92,2026-01,-142.96196858500798,-0.0028592393717001598
L4_regime+L5_pyramid,92,2026-02,355.95730249713597,0.007119146049942719
L4_regime+L5_pyramid,92,2026-03,-825.0583217209078,-0.016501166434418155
L4_regime+L5_pyramid,92,2026-04,2279.710180109448,0.045594203602188965
L4_regime+L5_pyramid,92,2026-05,314.6349396440173,0.006292698792880347
L4_regime+L5_pyramid,92,2026-06,-432.1457803611702,-0.008642915607223403
L4_regime+L5_pyramid,92,2026-07,-158.2004973456651,-0.003164009946913302
L4_regime+L5_pyramid,93,2025-08,728.8561456990719,0.014577122913981439
L4_regime+L5_pyramid,93,2025-09,-150.83352722666132,-0.003016670544533226
L4_regime+L5_pyramid,93,2025-10,14.564049683139274,0.00029128099366278545
L4_regime+L5_pyramid,93,2025-11,-326.4522756546421,-0.006529045513092842
L4_regime+L5_pyramid,93,2025-12,638.2023899492015,0.012764047798984029
L4_regime+L5_pyramid,93,2026-01,-1260.1280319433781,-0.025202560638867562
L4_regime+L5_pyramid,93,2026-02,96.38657220757341,0.0019277314441514682
L4_regime+L5_pyramid,93,2026-03,-229.57483428834803,-0.00459149668576696
L4_regime+L5_pyramid,93,2026-04,66.97804687065218,0.0013395609374130435
L4_regime+L5_pyramid,93,2026-05,1403.0452014921666,0.02806090402984333
L4_regime+L5_pyramid,93,2026-06,149.19324531191978,0.0029838649062383957
L4_regime+L5_pyramid,93,2026-07,-15.023949896415616,-0.0003004789979283123
L4_regime+L5_pyramid,94,2025-08,-2543.6172410966033,-0.050872344821932064
L4_regime+L5_pyramid,94,2025-09,-154.1171205124583,-0.0030823424102491663
L4_regime+L5_pyramid,94,2025-10,57.31837408194815,0.001146367481638963
L4_regime+L5_pyramid,94,2025-11,-251.3017921270275,-0.00502603584254055
L4_regime+L5_pyramid,94,2025-12,-223.8189891106067,-0.004476379782212134
L4_regime+L5_pyramid,94,2026-01,-65.1013197532061,-0.001302026395064122
L4_regime+L5_pyramid,94,2026-02,-341.61282213741197,-0.006832256442748239
L4_regime+L5_pyramid,94,2026-03,286.7200894763455,0.00573440178952691
L4_regime+L5_pyramid,94,2026-04,3599.1051004294227,0.07198210200858846
L4_regime+L5_pyramid,94,2026-05,-176.72463245044037,-0.0035344926490088074
L4_regime+L5_pyramid,94,2026-06,-83.79594860909674,-0.0016759189721819348
L4_regime+L5_pyramid,94,2026-07,-62.039008903511785,-0.0012407801780702358
L4_regime+L5_pyramid,95,2025-08,-299.78104272417295,-0.005995620854483459
L4_regime+L5_pyramid,95,2025-09,-530.8028037001359,-0.010616056074002718
L4_regime+L5_pyramid,95,2025-10,-18.78087820822202,-0.0003756175641644404
L4_regime+L5_pyramid,95,2025-11,-73.52775752592515,-0.0014705551505185032
L4_regime+L5_pyramid,95,2025-12,-55.043567305765464,-0.0011008713461153094
L4_regime+L5_pyramid,95,2026-01,-648.4866800082718,-0.012969733600165437
L4_regime+L5_pyramid,95,2026-02,117.14926507904238,0.0023429853015808477
L4_regime+L5_pyramid,95,2026-03,-548.4580865023709,-0.010969161730047416
L4_regime+L5_pyramid,95,2026-04,71.30995492915099,0.0014261990985830197
L4_regime+L5_pyramid,95,2026-05,-652.2543122761708,-0.013045086245523417
L4_regime+L5_pyramid,95,2026-06,42.130693146226804,0.0008426138629245361
L4_regime+L5_pyramid,95,2026-07,-148.89773738109307,-0.0029779547476218612
L4_regime+L5_pyramid,96,2025-08,-810.7865211716626,-0.01621573042343325
L4_regime+L5_pyramid,96,2025-09,-124.64488044983136,-0.0024928976089966274
L4_regime+L5_pyramid,96,2025-10,71.47218473647354,0.0014294436947294706
L4_regime+L5_pyramid,96,2025-11,-495.85716052282714,-0.009917143210456543
L4_regime+L5_pyramid,96,2025-12,-166.14861070529423,-0.0033229722141058845
L4_regime+L5_pyramid,96,2026-01,153.15850060055482,0.003063170012011096
L4_regime+L5_pyramid,96,2026-02,408.92972957528036,0.008178594591505607
L4_regime+L5_pyramid,96,2026-03,-713.9351935265086,-0.01427870387053017
L4_regime+L5_pyramid,96,2026-04,2487.604462590149,0.04975208925180298
L4_regime+L5_pyramid,96,2026-05,337.5484459762247,0.006750968919524493
L4_regime+L5_pyramid,96,2026-06,-315.2456530510426,-0.006304913061020852
L4_regime+L5_pyramid,96,2026-07,17.1558422653834,0.00034311684530766796
L4_regime+L5_pyramid,97,2025-08,219.6708558668288,0.0043934171173365755
L4_regime+L5_pyramid,97,2025-09,434.1191465137508,0.008682382930275016
L4_regime+L5_pyramid,97,2025-10,92.41105067109584,0.0018482210134219167
L4_regime+L5_pyramid,97,2025-11,237.95919138229692,0.004759183827645938
L4_regime+L5_pyramid,97,2025-12,-180.06162881665568,-0.003601232576333114
L4_regime+L5_pyramid,97,2026-01,274.8807901503378,0.0054976158030067565
L4_regime+L5_pyramid,97,2026-02,1267.9845888380833,0.025359691776761666
L4_regime+L5_pyramid,97,2026-03,-1257.511694140202,-0.025150233882804043
L4_regime+L5_pyramid,97,2026-04,773.2204068664596,0.015464408137329192
L4_regime+L5_pyramid,97,2026-05,60.162183552113675,0.0012032436710422735
L4_regime+L5_pyramid,97,2026-06,-8.432943863173023,-0.00016865887726346047
L4_regime+L5_pyramid,97,2026-07,-210.1310684312184,-0.004202621368624368
L4_regime+L5_pyramid,98,2025-08,-127.65559631494216,-0.002553111926298843
L4_regime+L5_pyramid,98,2025-09,1519.3694247556723,0.030387388495113445
L4_regime+L5_pyramid,98,2025-10,479.15102468022724,0.009583020493604546
L4_regime+L5_pyramid,98,2025-11,-675.2247418407323,-0.013504494836814648
L4_regime+L5_pyramid,98,2025-12,-188.87106506051077,-0.0037774213012102156
L4_regime+L5_pyramid,98,2026-01,1163.5009143506504,0.023270018287013007
L4_regime+L5_pyramid,98,2026-02,-93.67531506225077,-0.0018735063012450155
L4_regime+L5_pyramid,98,2026-03,-419.7914726484314,-0.008395829452968628
L4_regime+L5_pyramid,98,2026-04,-38.188098381208874,-0.0007637619676241775
L4_regime+L5_pyramid,98,2026-05,862.2449190640118,0.017244898381280235
L4_regime+L5_pyramid,98,2026-06,-676.8186610325283,-0.013536373220650566
L4_regime+L5_pyramid,98,2026-07,-95.70086945005914,-0.0019140173890011829
L4_regime+L5_pyramid,99,2025-08,-326.6577912121347,-0.006533155824242695
L4_regime+L5_pyramid,99,2025-09,1223.2782199628264,0.024465564399256526
L4_regime+L5_pyramid,99,2025-10,380.7291359437768,0.0076145827188755354
L4_regime+L5_pyramid,99,2025-11,-1471.2785332832796,-0.02942557066566559
L4_regime+L5_pyramid,99,2025-12,-948.0234181258852,-0.018960468362517705
L4_regime+L5_pyramid,99,2026-01,-308.44143430143595,-0.0061688286860287185
L4_regime+L5_pyramid,99,2026-02,-230.0769356764049,-0.004601538713528098
L4_regime+L5_pyramid,99,2026-03,490.6010785000717,0.009812021570001434
L4_regime+L5_pyramid,99,2026-04,1566.6742440706512,0.03133348488141302
L4_regime+L5_pyramid,99,2026-05,-57.279501197930585,-0.0011455900239586117
L4_regime+L5_pyramid,99,2026-06,730.0567688711162,0.014601135377422324
L4_regime+L5_pyramid,99,2026-07,17.25109900910593,0.00034502198018211856
